time,longitude,latitude,pr
1959-01-01,31.5,-25.0,9.732258
1959-01-02,31.5,-25.0,7.1359677
1959-01-03,31.5,-25.0,0.018391669
1959-01-04,31.5,-25.0,-1.6653347e-13
1959-01-05,31.5,-25.0,1.8184762
1959-01-06,31.5,-25.0,9.09583
1959-01-07,31.5,-25.0,9.554472
1959-01-08,31.5,-25.0,0.23219481
1959-01-09,31.5,-25.0,0.42300838
1959-01-10,31.5,-25.0,1.1046497
1959-01-11,31.5,-25.0,0.020690626
1959-01-12,31.5,-25.0,15.698439
1959-01-13,31.5,-25.0,0.03448438
1959-01-14,31.5,-25.0,0.07931407
1959-01-15,31.5,-25.0,0.025288545
1959-01-16,31.5,-25.0,-1.6653347e-13
1959-01-17,31.5,-25.0,1.2356904
1959-01-18,31.5,-25.0,0.003448438
1959-01-19,31.5,-25.0,0.012644272
1959-01-20,31.5,-25.0,7.3371263
1959-01-21,31.5,-25.0,0.44484848
1959-01-22,31.5,-25.0,0.01724219
1959-01-23,31.5,-25.0,1.3184527
1959-01-24,31.5,-25.0,4.508258
1959-01-25,31.5,-25.0,0.3494417
1959-01-26,31.5,-25.0,0.99889755
1959-01-27,31.5,-25.0,0.011494794
1959-01-28,31.5,-25.0,-1.6653347e-13
1959-01-29,31.5,-25.0,10.689007
1959-01-30,31.5,-25.0,0.022989586
1959-01-31,31.5,-25.0,0.004597917
1959-02-01,31.5,-25.0,1.2534208
1959-02-02,31.5,-25.0,3.8363366
1959-02-03,31.5,-25.0,1.0107062
1959-02-04,31.5,-25.0,2.4443517
1959-02-05,31.5,-25.0,0.013584763
1959-02-06,31.5,-25.0,8.3266734e-14
1959-02-07,31.5,-25.0,3.0266852
1959-02-08,31.5,-25.0,0.3459586
1959-02-09,31.5,-25.0,8.457872
1959-02-10,31.5,-25.0,0.041659933
1959-02-11,31.5,-25.0,0.102338545
1959-02-12,31.5,-25.0,0.7661805
1959-02-13,31.5,-25.0,0.0072452067
1959-02-14,31.5,-25.0,0.013584763
1959-02-15,31.5,-25.0,1.1211958
1959-02-16,31.5,-25.0,0.7145585
1959-02-17,31.5,-25.0,18.723425
1959-02-18,31.5,-25.0,16.934765
1959-02-19,31.5,-25.0,0.61674815
1959-02-20,31.5,-25.0,20.95223
1959-02-21,31.5,-25.0,3.6706023
1959-02-22,31.5,-25.0,8.3266734e-14
1959-02-23,31.5,-25.0,0.0027169525
1959-02-24,31.5,-25.0,8.3266734e-14
1959-02-25,31.5,-25.0,8.3266734e-14
1959-02-26,31.5,-25.0,8.3266734e-14
1959-02-27,31.5,-25.0,8.3266734e-14
1959-02-28,31.5,-25.0,7.979728e-14
1959-03-01,31.5,-25.0,0.82957554
1959-03-02,31.5,-25.0,0.7132
1959-03-03,31.5,-25.0,0.0
1959-03-04,31.5,-25.0,0.0
1959-03-05,31.5,-25.0,1.3804903
1959-03-06,31.5,-25.0,0.4953964
1959-03-07,31.5,-25.0,0.4772461
1959-03-08,31.5,-25.0,0.099292815
1959-03-09,31.5,-25.0,5.6159163
1959-03-10,31.5,-25.0,0.44948682
1959-03-11,31.5,-25.0,0.0074736527
1959-03-12,31.5,-25.0,11.624733
1959-03-13,31.5,-25.0,0.066195205
1959-03-14,31.5,-25.0,0.6576814
1959-03-15,31.5,-25.0,0.0
1959-03-16,31.5,-25.0,0.16655569
1959-03-17,31.5,-25.0,0.10463114
1959-03-18,31.5,-25.0,5.529435
1959-03-19,31.5,-25.0,0.14199941
1959-03-20,31.5,-25.0,0.024556288
1959-03-21,31.5,-25.0,0.0
1959-03-22,31.5,-25.0,0.0
1959-03-23,31.5,-25.0,0.0
1959-03-24,31.5,-25.0,0.022420958
1959-03-25,31.5,-25.0,0.030962275
1959-03-26,31.5,-25.0,1.111439
1959-03-27,31.5,-25.0,0.56799763
1959-03-28,31.5,-25.0,0.0053383233
1959-03-29,31.5,-25.0,0.0
1959-03-30,31.5,-25.0,0.0
1959-03-31,31.5,-25.0,0.08046206
1959-04-01,31.5,-25.0,0.26259997
1959-04-02,31.5,-25.0,0.011043925
1959-04-03,31.5,-25.0,0.0
1959-04-04,31.5,-25.0,0.0
1959-04-05,31.5,-25.0,0.34113455
1959-04-06,31.5,-25.0,0.057673827
1959-04-07,31.5,-25.0,0.0073626162
1959-04-08,31.5,-25.0,0.0441757
1959-04-09,31.5,-25.0,0.28959626
1959-04-10,31.5,-25.0,0.076080374
1959-04-11,31.5,-25.0,0.68226916
1959-04-12,31.5,-25.0,0.015952334
1959-04-13,31.5,-25.0,1.0209495
1959-04-14,31.5,-25.0,0.42335045
1959-04-15,31.5,-25.0,0.49084112
1959-04-16,31.5,-25.0,0.9988617
1959-04-17,31.5,-25.0,1.6222298
1959-04-18,31.5,-25.0,0.09571402
1959-04-19,31.5,-25.0,0.0
1959-04-20,31.5,-25.0,0.0
1959-04-21,31.5,-25.0,0.0
1959-04-22,31.5,-25.0,0.28223363
1959-04-23,31.5,-25.0,0.07730747
1959-04-24,31.5,-25.0,0.0
1959-04-25,31.5,-25.0,0.038040187
1959-04-26,31.5,-25.0,0.11902897
1959-04-27,31.5,-25.0,0.03067757
1959-04-28,31.5,-25.0,0.0
1959-04-29,31.5,-25.0,4.486288
1959-04-30,31.5,-25.0,0.05031121
1959-05-01,31.5,-25.0,0.0
1959-05-02,31.5,-25.0,0.0
1959-05-03,31.5,-25.0,0.29530463
1959-05-04,31.5,-25.0,6.8674035
1959-05-05,31.5,-25.0,0.0
1959-05-06,31.5,-25.0,0.0
1959-05-07,31.5,-25.0,0.0
1959-05-08,31.5,-25.0,0.0
1959-05-09,31.5,-25.0,0.0
1959-05-10,31.5,-25.0,0.0037698462
1959-05-11,31.5,-25.0,0.0
1959-05-12,31.5,-25.0,5.5127716
1959-05-13,31.5,-25.0,0.5001329
1959-05-14,31.5,-25.0,0.0
1959-05-15,31.5,-25.0,0.06911385
1959-05-16,31.5,-25.0,0.06157416
1959-05-17,31.5,-25.0,0.16712986
1959-05-18,31.5,-25.0,1.2365096
1959-05-19,31.5,-25.0,0.072883695
1959-05-20,31.5,-25.0,0.0
1959-05-21,31.5,-25.0,0.0
1959-05-22,31.5,-25.0,0.0
1959-05-23,31.5,-25.0,0.0
1959-05-24,31.5,-25.0,0.0
1959-05-25,31.5,-25.0,0.0
1959-05-26,31.5,-25.0,0.0
1959-05-27,31.5,-25.0,0.0025132308
1959-05-28,31.5,-25.0,0.0
1959-05-29,31.5,-25.0,0.0
1959-05-30,31.5,-25.0,0.0
1959-05-31,31.5,-25.0,0.0
1959-06-01,31.5,-25.0,0.0
1959-06-02,31.5,-25.0,0.000993883
1959-06-03,31.5,-25.0,0.033792026
1959-06-04,31.5,-25.0,0.0
1959-06-05,31.5,-25.0,0.0
1959-06-06,31.5,-25.0,0.0
1959-06-07,31.5,-25.0,0.0
1959-06-08,31.5,-25.0,0.22759923
1959-06-09,31.5,-25.0,0.0
1959-06-10,31.5,-25.0,0.0
1959-06-11,31.5,-25.0,0.0
1959-06-12,31.5,-25.0,0.0
1959-06-13,31.5,-25.0,0.0
1959-06-14,31.5,-25.0,0.0
1959-06-15,31.5,-25.0,0.0
1959-06-16,31.5,-25.0,0.0
1959-06-17,31.5,-25.0,1.0863142
1959-06-18,31.5,-25.0,0.03876144
1959-06-19,31.5,-25.0,0.0029816492
1959-06-20,31.5,-25.0,0.0049694153
1959-06-21,31.5,-25.0,0.0
1959-06-22,31.5,-25.0,0.0
1959-06-23,31.5,-25.0,0.0
1959-06-24,31.5,-25.0,0.0
1959-06-25,31.5,-25.0,0.007951065
1959-06-26,31.5,-25.0,0.0
1959-06-27,31.5,-25.0,0.0
1959-06-28,31.5,-25.0,0.0
1959-06-29,31.5,-25.0,0.102369964
1959-06-30,31.5,-25.0,0.052675802
1959-07-01,31.5,-25.0,0.0018301909
1959-07-02,31.5,-25.0,0.0
1959-07-03,31.5,-25.0,0.0
1959-07-04,31.5,-25.0,0.03385853
1959-07-05,31.5,-25.0,1.3589168
1959-07-06,31.5,-25.0,0.017386813
1959-07-07,31.5,-25.0,0.0
1959-07-08,31.5,-25.0,0.16563228
1959-07-09,31.5,-25.0,2.2987196
1959-07-10,31.5,-25.0,0.0
1959-07-11,31.5,-25.0,0.0
1959-07-12,31.5,-25.0,0.0
1959-07-13,31.5,-25.0,0.0
1959-07-14,31.5,-25.0,0.0
1959-07-15,31.5,-25.0,0.17844358
1959-07-16,31.5,-25.0,0.60762334
1959-07-17,31.5,-25.0,0.0
1959-07-18,31.5,-25.0,0.0
1959-07-19,31.5,-25.0,0.0
1959-07-20,31.5,-25.0,0.0
1959-07-21,31.5,-25.0,0.0
1959-07-22,31.5,-25.0,0.0
1959-07-23,31.5,-25.0,0.0
1959-07-24,31.5,-25.0,0.0
1959-07-25,31.5,-25.0,0.00091509544
1959-07-26,31.5,-25.0,1.2738128
1959-07-27,31.5,-25.0,0.43192506
1959-07-28,31.5,-25.0,0.0
1959-07-29,31.5,-25.0,0.06405668
1959-07-30,31.5,-25.0,0.038434006
1959-07-31,31.5,-25.0,0.0
1959-08-01,31.5,-25.0,0.06544628
1959-08-02,31.5,-25.0,0.0
1959-08-03,31.5,-25.0,0.0
1959-08-04,31.5,-25.0,0.0
1959-08-05,31.5,-25.0,0.0
1959-08-06,31.5,-25.0,0.0
1959-08-07,31.5,-25.0,0.0
1959-08-08,31.5,-25.0,0.04363085
1959-08-09,31.5,-25.0,1.021689
1959-08-10,31.5,-25.0,0.0
1959-08-11,31.5,-25.0,0.0
1959-08-12,31.5,-25.0,0.0
1959-08-13,31.5,-25.0,0.0
1959-08-14,31.5,-25.0,0.0
1959-08-15,31.5,-25.0,0.0
1959-08-16,31.5,-25.0,0.002423936
1959-08-17,31.5,-25.0,0.026663298
1959-08-18,31.5,-25.0,0.012119681
1959-08-19,31.5,-25.0,0.026663298
1959-08-20,31.5,-25.0,0.009695744
1959-08-21,31.5,-25.0,0.002423936
1959-08-22,31.5,-25.0,0.0
1959-08-23,31.5,-25.0,0.0
1959-08-24,31.5,-25.0,0.0
1959-08-25,31.5,-25.0,0.0
1959-08-26,31.5,-25.0,0.0060598403
1959-08-27,31.5,-25.0,0.0
1959-08-28,31.5,-25.0,0.0
1959-08-29,31.5,-25.0,0.0
1959-08-30,31.5,-25.0,0.0
1959-08-31,31.5,-25.0,1.0677439
1959-09-01,31.5,-25.0,0.01090454
1959-09-02,31.5,-25.0,0.0
1959-09-03,31.5,-25.0,0.0
1959-09-04,31.5,-25.0,0.0010904539
1959-09-05,31.5,-25.0,0.12322129
1959-09-06,31.5,-25.0,0.0
1959-09-07,31.5,-25.0,0.0
1959-09-08,31.5,-25.0,0.0
1959-09-09,31.5,-25.0,0.013085447
1959-09-10,31.5,-25.0,0.0076331785
1959-09-11,31.5,-25.0,0.0032713623
1959-09-12,31.5,-25.0,0.0
1959-09-13,31.5,-25.0,8.626582
1959-09-14,31.5,-25.0,0.7327851
1959-09-15,31.5,-25.0,0.0
1959-09-16,31.5,-25.0,0.0
1959-09-17,31.5,-25.0,0.17665355
1959-09-18,31.5,-25.0,0.0
1959-09-19,31.5,-25.0,0.0
1959-09-20,31.5,-25.0,0.0
1959-09-21,31.5,-25.0,0.0
1959-09-22,31.5,-25.0,0.17120129
1959-09-23,31.5,-25.0,0.0
1959-09-24,31.5,-25.0,0.0021809079
1959-09-25,31.5,-25.0,0.0
1959-09-26,31.5,-25.0,0.0
1959-09-27,31.5,-25.0,0.0076331776
1959-09-28,31.5,-25.0,0.0
1959-09-29,31.5,-25.0,0.0
1959-09-30,31.5,-25.0,0.0
1959-10-01,31.5,-25.0,0.0
1959-10-02,31.5,-25.0,0.0
1959-10-03,31.5,-25.0,0.0
1959-10-04,31.5,-25.0,0.47084758
1959-10-05,31.5,-25.0,0.22556883
1959-10-06,31.5,-25.0,0.18833904
1959-10-07,31.5,-25.0,0.0
1959-10-08,31.5,-25.0,0.0
1959-10-09,31.5,-25.0,0.0
1959-10-10,31.5,-25.0,0.06898464
1959-10-11,31.5,-25.0,0.24746874
1959-10-12,31.5,-25.0,1.5340873
1959-10-13,31.5,-25.0,0.096359506
1959-10-14,31.5,-25.0,2.8579354
1959-10-15,31.5,-25.0,1.4399176
1959-10-16,31.5,-25.0,0.2989335
1959-10-17,31.5,-25.0,0.0
1959-10-18,31.5,-25.0,0.008759955
1959-10-19,31.5,-25.0,3.2269485
1959-10-20,31.5,-25.0,13.411491
1959-10-21,31.5,-25.0,7.9266644
1959-10-22,31.5,-25.0,0.58253706
1959-10-23,31.5,-25.0,0.36901313
1959-10-24,31.5,-25.0,0.032849833
1959-10-25,31.5,-25.0,0.50260246
1959-10-26,31.5,-25.0,0.0
1959-10-27,31.5,-25.0,0.0
1959-10-28,31.5,-25.0,0.05584472
1959-10-29,31.5,-25.0,0.0054749725
1959-10-30,31.5,-25.0,0.17081913
1959-10-31,31.5,-25.0,2.5305672
1959-11-01,31.5,-25.0,0.6153061
1959-11-02,31.5,-25.0,1.1310122
1959-11-03,31.5,-25.0,0.06529327
1959-11-04,31.5,-25.0,0.0
1959-11-05,31.5,-25.0,0.0
1959-11-06,31.5,-25.0,0.24014643
1959-11-07,31.5,-25.0,0.044266623
1959-11-08,31.5,-25.0,0.2667064
1959-11-09,31.5,-25.0,0.03319997
1959-11-10,31.5,-25.0,1.7175453
1959-11-11,31.5,-25.0,6.122074
1959-11-12,31.5,-25.0,0.16599984
1959-11-13,31.5,-25.0,0.014386654
1959-11-14,31.5,-25.0,0.06529327
1959-11-15,31.5,-25.0,0.11509323
1959-11-16,31.5,-25.0,2.0606112
1959-11-17,31.5,-25.0,12.3548155
1959-11-18,31.5,-25.0,1.8835448
1959-11-19,31.5,-25.0,0.18038648
1959-11-20,31.5,-25.0,0.35302633
1959-11-21,31.5,-25.0,0.19145316
1959-11-22,31.5,-25.0,0.0011066657
1959-11-23,31.5,-25.0,0.003319997
1959-11-24,31.5,-25.0,0.0
1959-11-25,31.5,-25.0,0.23018646
1959-11-26,31.5,-25.0,0.4537329
1959-11-27,31.5,-25.0,0.0
1959-11-28,31.5,-25.0,0.5334128
1959-11-29,31.5,-25.0,0.0011066657
1959-11-30,31.5,-25.0,1.1056788
1959-12-01,31.5,-25.0,0.45835644
1959-12-02,31.5,-25.0,2.1769145
1959-12-03,31.5,-25.0,1.8378866
1959-12-04,31.5,-25.0,0.069143794
1959-12-05,31.5,-25.0,0.6267551
1959-12-06,31.5,-25.0,9.038878
1959-12-07,31.5,-25.0,6.3389244
1959-12-08,31.5,-25.0,0.09702435
1959-12-09,31.5,-25.0,5.783544
1959-12-10,31.5,-25.0,12.20388
1959-12-11,31.5,-25.0,3.9512334
1959-12-12,31.5,-25.0,0.0066913357
1959-12-13,31.5,-25.0,0.47508478
1959-12-14,31.5,-25.0,2.6486535
1959-12-15,31.5,-25.0,2.0375116
1959-12-16,31.5,-25.0,0.2721143
1959-12-17,31.5,-25.0,0.42713022
1959-12-18,31.5,-25.0,9.04334
1959-12-19,31.5,-25.0,6.7125244
1959-12-20,31.5,-25.0,0.6055658
1959-12-21,31.5,-25.0,0.005576113
1959-12-22,31.5,-25.0,24.182484
1959-12-23,31.5,-25.0,2.7077603
1959-12-24,31.5,-25.0,0.24980983
1959-12-25,31.5,-25.0,0.0011152226
1959-12-26,31.5,-25.0,2.4378765
1959-12-27,31.5,-25.0,0.9791653
1959-12-28,31.5,-25.0,1.1531401
1959-12-29,31.5,-25.0,1.5802703
1959-12-30,31.5,-25.0,0.08698736
1959-12-31,31.5,-25.0,0.7159729
1960-01-01,31.5,-25.0,0.077582955
1960-01-02,31.5,-25.0,0.0
1960-01-03,31.5,-25.0,1.3695078
1960-01-04,31.5,-25.0,0.071961
1960-01-05,31.5,-25.0,0.1450464
1960-01-06,31.5,-25.0,0.024736594
1960-01-07,31.5,-25.0,0.3159538
1960-01-08,31.5,-25.0,0.0
1960-01-09,31.5,-25.0,0.0
1960-01-10,31.5,-25.0,0.11243907
1960-01-11,31.5,-25.0,0.19676837
1960-01-12,31.5,-25.0,1.0040808
1960-01-13,31.5,-25.0,0.6723856
1960-01-14,31.5,-25.0,0.14954397
1960-01-15,31.5,-25.0,0.006746344
1960-01-16,31.5,-25.0,0.0
1960-01-17,31.5,-25.0,0.0
1960-01-18,31.5,-25.0,0.0
1960-01-19,31.5,-25.0,1.0917833
1960-01-20,31.5,-25.0,1.3548907
1960-01-21,31.5,-25.0,0.019114641
1960-01-22,31.5,-25.0,0.0
1960-01-23,31.5,-25.0,0.035980504
1960-01-24,31.5,-25.0,0.021363422
1960-01-25,31.5,-25.0,0.33506843
1960-01-26,31.5,-25.0,0.44975626
1960-01-27,31.5,-25.0,3.7026181
1960-01-28,31.5,-25.0,0.9343686
1960-01-29,31.5,-25.0,0.0022487815
1960-01-30,31.5,-25.0,0.0
1960-01-31,31.5,-25.0,0.08320491
1960-02-01,31.5,-25.0,0.17696685
1960-02-02,31.5,-25.0,3.2832456
1960-02-03,31.5,-25.0,5.4255652
1960-02-04,31.5,-25.0,1.7560556
1960-02-05,31.5,-25.0,0.6440572
1960-02-06,31.5,-25.0,0.0008508021
1960-02-07,31.5,-25.0,0.013612834
1960-02-08,31.5,-25.0,0.35988927
1960-02-09,31.5,-25.0,0.026374865
1960-02-10,31.5,-25.0,1.2532315
1960-02-11,31.5,-25.0,5.48342
1960-02-12,31.5,-25.0,1.0507405
1960-02-13,31.5,-25.0,0.034032084
1960-02-14,31.5,-25.0,0.0008508021
1960-02-15,31.5,-25.0,0.0025524062
1960-02-16,31.5,-25.0,0.0
1960-02-17,31.5,-25.0,0.0034032085
1960-02-18,31.5,-25.0,0.0
1960-02-19,31.5,-25.0,2.975255
1960-02-20,31.5,-25.0,2.106586
1960-02-21,31.5,-25.0,6.7962074
1960-02-22,31.5,-25.0,4.944862
1960-02-23,31.5,-25.0,2.5311363
1960-02-24,31.5,-25.0,0.119963095
1960-02-25,31.5,-25.0,0.19143046
1960-02-26,31.5,-25.0,0.056152932
1960-02-27,31.5,-25.0,0.008508021
1960-02-28,31.5,-25.0,2.0317156
1960-02-29,31.5,-25.0,1.4787765
1960-03-01,31.5,-25.0,0.17769048
1960-03-02,31.5,-25.0,8.3266734e-14
1960-03-03,31.5,-25.0,8.3266734e-14
1960-03-04,31.5,-25.0,0.006038026
1960-03-05,31.5,-25.0,8.3266734e-14
1960-03-06,31.5,-25.0,0.0025877256
1960-03-07,31.5,-25.0,8.3266734e-14
1960-03-08,31.5,-25.0,0.71593744
1960-03-09,31.5,-25.0,2.261672
1960-03-10,31.5,-25.0,8.3266734e-14
1960-03-11,31.5,-25.0,8.3266734e-14
1960-03-12,31.5,-25.0,8.3266734e-14
1960-03-13,31.5,-25.0,6.049239
1960-03-14,31.5,-25.0,9.854921
1960-03-15,31.5,-25.0,0.58051306
1960-03-16,31.5,-25.0,0.017251503
1960-03-17,31.5,-25.0,5.004661
1960-03-18,31.5,-25.0,9.921339
1960-03-19,31.5,-25.0,1.0325024
1960-03-20,31.5,-25.0,2.334991
1960-03-21,31.5,-25.0,0.006038026
1960-03-22,31.5,-25.0,2.9551826
1960-03-23,31.5,-25.0,0.42869985
1960-03-24,31.5,-25.0,8.3266734e-14
1960-03-25,31.5,-25.0,8.3266734e-14
1960-03-26,31.5,-25.0,0.007763177
1960-03-27,31.5,-25.0,2.4686902
1960-03-28,31.5,-25.0,1.9330311
1960-03-29,31.5,-25.0,0.02673983
1960-03-30,31.5,-25.0,8.3266734e-14
1960-03-31,31.5,-25.0,8.673618e-14
1960-04-01,31.5,-25.0,0.33468592
1960-04-02,31.5,-25.0,9.670968
1960-04-03,31.5,-25.0,1.6653347e-13
1960-04-04,31.5,-25.0,0.03201344
1960-04-05,31.5,-25.0,0.0029103127
1960-04-06,31.5,-25.0,1.6653347e-13
1960-04-07,31.5,-25.0,1.6653347e-13
1960-04-08,31.5,-25.0,1.6653347e-13
1960-04-09,31.5,-25.0,0.13387437
1960-04-10,31.5,-25.0,0.12611353
1960-04-11,31.5,-25.0,0.0058206245
1960-04-12,31.5,-25.0,1.6653347e-13
1960-04-13,31.5,-25.0,1.6653347e-13
1960-04-14,31.5,-25.0,0.5238563
1960-04-15,31.5,-25.0,0.066937186
1960-04-16,31.5,-25.0,0.008730939
1960-04-17,31.5,-25.0,1.6653347e-13
1960-04-18,31.5,-25.0,0.0019402084
1960-04-19,31.5,-25.0,1.6653347e-13
1960-04-20,31.5,-25.0,0.01649177
1960-04-21,31.5,-25.0,1.6653347e-13
1960-04-22,31.5,-25.0,0.12999396
1960-04-23,31.5,-25.0,20.96492
1960-04-24,31.5,-25.0,27.48014
1960-04-25,31.5,-25.0,3.2517893
1960-04-26,31.5,-25.0,4.075408
1960-04-27,31.5,-25.0,0.623777
1960-04-28,31.5,-25.0,0.02134229
1960-04-29,31.5,-25.0,0.010671145
1960-04-30,31.5,-25.0,1.2718065
1960-05-01,31.5,-25.0,0.0
1960-05-02,31.5,-25.0,1.4426603
1960-05-03,31.5,-25.0,0.008355176
1960-05-04,31.5,-25.0,0.0
1960-05-05,31.5,-25.0,0.0
1960-05-06,31.5,-25.0,0.0
1960-05-07,31.5,-25.0,0.0
1960-05-08,31.5,-25.0,1.0490386
1960-05-09,31.5,-25.0,0.0334207
1960-05-10,31.5,-25.0,0.69533634
1960-05-11,31.5,-25.0,0.0074268226
1960-05-12,31.5,-25.0,0.0
1960-05-13,31.5,-25.0,1.0249015
1960-05-14,31.5,-25.0,0.0
1960-05-15,31.5,-25.0,0.0037134113
1960-05-16,31.5,-25.0,0.0
1960-05-17,31.5,-25.0,0.0
1960-05-18,31.5,-25.0,0.0
1960-05-19,31.5,-25.0,0.0
1960-05-20,31.5,-25.0,0.0
1960-05-21,31.5,-25.0,0.0
1960-05-22,31.5,-25.0,0.0
1960-05-23,31.5,-25.0,0.0
1960-05-24,31.5,-25.0,0.0
1960-05-25,31.5,-25.0,0.0027850587
1960-05-26,31.5,-25.0,0.0
1960-05-27,31.5,-25.0,0.0
1960-05-28,31.5,-25.0,0.0
1960-05-29,31.5,-25.0,0.0
1960-05-30,31.5,-25.0,0.0
1960-05-31,31.5,-25.0,0.9646772
1960-06-01,31.5,-25.0,0.006281651
1960-06-02,31.5,-25.0,0.0041877674
1960-06-03,31.5,-25.0,0.080614515
1960-06-04,31.5,-25.0,0.0
1960-06-05,31.5,-25.0,0.0
1960-06-06,31.5,-25.0,0.0
1960-06-07,31.5,-25.0,0.0
1960-06-08,31.5,-25.0,0.0
1960-06-09,31.5,-25.0,0.0010469418
1960-06-10,31.5,-25.0,0.0041877674
1960-06-11,31.5,-25.0,0.0
1960-06-12,31.5,-25.0,0.0
1960-06-13,31.5,-25.0,0.0
1960-06-14,31.5,-25.0,0.060722627
1960-06-15,31.5,-25.0,0.0031408255
1960-06-16,31.5,-25.0,0.17065151
1960-06-17,31.5,-25.0,0.0
1960-06-18,31.5,-25.0,0.0
1960-06-19,31.5,-25.0,0.0
1960-06-20,31.5,-25.0,0.0
1960-06-21,31.5,-25.0,0.0010469418
1960-06-22,31.5,-25.0,0.019891895
1960-06-23,31.5,-25.0,0.028267428
1960-06-24,31.5,-25.0,0.0
1960-06-25,31.5,-25.0,0.0
1960-06-26,31.5,-25.0,0.0
1960-06-27,31.5,-25.0,0.0
1960-06-28,31.5,-25.0,0.0
1960-06-29,31.5,-25.0,0.036642965
1960-06-30,31.5,-25.0,0.12689936
1960-07-01,31.5,-25.0,0.008570757
1960-07-02,31.5,-25.0,0.0
1960-07-03,31.5,-25.0,0.03506219
1960-07-04,31.5,-25.0,0.10518657
1960-07-05,31.5,-25.0,0.0
1960-07-06,31.5,-25.0,0.0
1960-07-07,31.5,-25.0,0.0
1960-07-08,31.5,-25.0,0.0
1960-07-09,31.5,-25.0,0.0
1960-07-10,31.5,-25.0,0.0
1960-07-11,31.5,-25.0,0.00077915983
1960-07-12,31.5,-25.0,0.0
1960-07-13,31.5,-25.0,0.042074624
1960-07-14,31.5,-25.0,0.0
1960-07-15,31.5,-25.0,0.0
1960-07-16,31.5,-25.0,0.0
1960-07-17,31.5,-25.0,0.0
1960-07-18,31.5,-25.0,0.0
1960-07-19,31.5,-25.0,0.6903356
1960-07-20,31.5,-25.0,0.0
1960-07-21,31.5,-25.0,0.0
1960-07-22,31.5,-25.0,0.0
1960-07-23,31.5,-25.0,0.0015583197
1960-07-24,31.5,-25.0,0.0
1960-07-25,31.5,-25.0,0.0
1960-07-26,31.5,-25.0,0.0
1960-07-27,31.5,-25.0,0.0
1960-07-28,31.5,-25.0,0.0
1960-07-29,31.5,-25.0,0.0
1960-07-30,31.5,-25.0,0.0
1960-07-31,31.5,-25.0,-6.938894e-15
1960-08-01,31.5,-25.0,-1.6653347e-13
1960-08-02,31.5,-25.0,-1.6653347e-13
1960-08-03,31.5,-25.0,-1.6653347e-13
1960-08-04,31.5,-25.0,0.90021133
1960-08-05,31.5,-25.0,0.06848355
1960-08-06,31.5,-25.0,-1.6653347e-13
1960-08-07,31.5,-25.0,-1.6653347e-13
1960-08-08,31.5,-25.0,-1.6653347e-13
1960-08-09,31.5,-25.0,-1.6653347e-13
1960-08-10,31.5,-25.0,-1.6653347e-13
1960-08-11,31.5,-25.0,-1.6653347e-13
1960-08-12,31.5,-25.0,0.013895214
1960-08-13,31.5,-25.0,-1.6653347e-13
1960-08-14,31.5,-25.0,-1.6653347e-13
1960-08-15,31.5,-25.0,0.03473803
1960-08-16,31.5,-25.0,0.50022763
1960-08-17,31.5,-25.0,10.585175
1960-08-18,31.5,-25.0,8.008605
1960-08-19,31.5,-25.0,0.0019850302
1960-08-20,31.5,-25.0,1.1761305
1960-08-21,31.5,-25.0,3.0102987
1960-08-22,31.5,-25.0,-1.6653347e-13
1960-08-23,31.5,-25.0,-1.6653347e-13
1960-08-24,31.5,-25.0,-1.6653347e-13
1960-08-25,31.5,-25.0,-1.6653347e-13
1960-08-26,31.5,-25.0,-1.6653347e-13
1960-08-27,31.5,-25.0,-1.6653347e-13
1960-08-28,31.5,-25.0,0.13200451
1960-08-29,31.5,-25.0,0.15681739
1960-08-30,31.5,-25.0,-1.6653347e-13
1960-08-31,31.5,-25.0,0.07642367
1960-09-01,31.5,-25.0,0.016726853
1960-09-02,31.5,-25.0,0.0010454283
1960-09-03,31.5,-25.0,0.008363427
1960-09-04,31.5,-25.0,-1.6653347e-13
1960-09-05,31.5,-25.0,0.6481656
1960-09-06,31.5,-25.0,0.5749856
1960-09-07,31.5,-25.0,0.09722483
1960-09-08,31.5,-25.0,-1.6653347e-13
1960-09-09,31.5,-25.0,-1.6653347e-13
1960-09-10,31.5,-25.0,-1.6653347e-13
1960-09-11,31.5,-25.0,-1.6653347e-13
1960-09-12,31.5,-25.0,-1.6653347e-13
1960-09-13,31.5,-25.0,-1.6653347e-13
1960-09-14,31.5,-25.0,0.35230932
1960-09-15,31.5,-25.0,0.80602515
1960-09-16,31.5,-25.0,0.28540194
1960-09-17,31.5,-25.0,0.014635996
1960-09-18,31.5,-25.0,0.040771704
1960-09-19,31.5,-25.0,0.014635996
1960-09-20,31.5,-25.0,-1.6653347e-13
1960-09-21,31.5,-25.0,0.05122599
1960-09-22,31.5,-25.0,0.48298788
1960-09-23,31.5,-25.0,0.5938033
1960-09-24,31.5,-25.0,0.016726853
1960-09-25,31.5,-25.0,-1.6653347e-13
1960-09-26,31.5,-25.0,-1.6653347e-13
1960-09-27,31.5,-25.0,-1.6653347e-13
1960-09-28,31.5,-25.0,1.1855158
1960-09-29,31.5,-25.0,7.6828527
1960-09-30,31.5,-25.0,9.267245
1960-10-01,31.5,-25.0,2.090789
1960-10-02,31.5,-25.0,1.6653347e-13
1960-10-03,31.5,-25.0,0.017289456
1960-10-04,31.5,-25.0,0.20129867
1960-10-05,31.5,-25.0,0.41988677
1960-10-06,31.5,-25.0,0.16054495
1960-10-07,31.5,-25.0,14.416937
1960-10-08,31.5,-25.0,0.69404817
1960-10-09,31.5,-25.0,1.6653347e-13
1960-10-10,31.5,-25.0,0.42235672
1960-10-11,31.5,-25.0,1.7227707
1960-10-12,31.5,-25.0,0.1654848
1960-10-13,31.5,-25.0,0.49027961
1960-10-14,31.5,-25.0,1.401681
1960-10-15,31.5,-25.0,6.502071
1960-10-16,31.5,-25.0,1.6653347e-13
1960-10-17,31.5,-25.0,1.6653347e-13
1960-10-18,31.5,-25.0,1.6653347e-13
1960-10-19,31.5,-25.0,0.0061748056
1960-10-20,31.5,-25.0,0.028404107
1960-10-21,31.5,-25.0,0.0024699222
1960-10-22,31.5,-25.0,0.008644728
1960-10-23,31.5,-25.0,0.13461076
1960-10-24,31.5,-25.0,0.04569356
1960-10-25,31.5,-25.0,0.046928525
1960-10-26,31.5,-25.0,0.046928525
1960-10-27,31.5,-25.0,0.04198868
1960-10-28,31.5,-25.0,1.6653347e-13
1960-10-29,31.5,-25.0,0.022229299
1960-10-30,31.5,-25.0,0.44705594
1960-10-31,31.5,-25.0,0.46681532
1960-11-01,31.5,-25.0,0.013970043
1960-11-02,31.5,-25.0,0.12852438
1960-11-03,31.5,-25.0,0.037253443
1960-11-04,31.5,-25.0,0.0009313361
1960-11-05,31.5,-25.0,0.027940085
1960-11-06,31.5,-25.0,0.057742834
1960-11-07,31.5,-25.0,0.0055880165
1960-11-08,31.5,-25.0,2.308782
1960-11-09,31.5,-25.0,16.78454
1960-11-10,31.5,-25.0,20.82095
1960-11-11,31.5,-25.0,17.02855
1960-11-12,31.5,-25.0,0.93599284
1960-11-13,31.5,-25.0,0.0
1960-11-14,31.5,-25.0,0.45542336
1960-11-15,31.5,-25.0,3.322076
1960-11-16,31.5,-25.0,0.1238677
1960-11-17,31.5,-25.0,0.39209247
1960-11-18,31.5,-25.0,0.13504374
1960-11-19,31.5,-25.0,0.9006019
1960-11-20,31.5,-25.0,2.170013
1960-11-21,31.5,-25.0,6.97757
1960-11-22,31.5,-25.0,1.1054959
1960-11-23,31.5,-25.0,0.20489395
1960-11-24,31.5,-25.0,0.0
1960-11-25,31.5,-25.0,0.062399514
1960-11-26,31.5,-25.0,0.029802755
1960-11-27,31.5,-25.0,2.6533766
1960-11-28,31.5,-25.0,4.3409576
1960-11-29,31.5,-25.0,0.6379652
1960-11-30,31.5,-25.0,0.0027940082
1960-12-01,31.5,-25.0,0.15994196
1960-12-02,31.5,-25.0,1.2219955
1960-12-03,31.5,-25.0,1.4131455
1960-12-04,31.5,-25.0,0.05266381
1960-12-05,31.5,-25.0,1.1234946
1960-12-06,31.5,-25.0,0.34329006
1960-12-07,31.5,-25.0,3.6767144
1960-12-08,31.5,-25.0,0.43984035
1960-12-09,31.5,-25.0,2.0577898
1960-12-10,31.5,-25.0,1.2522285
1960-12-11,31.5,-25.0,6.636616
1960-12-12,31.5,-25.0,0.7197388
1960-12-13,31.5,-25.0,0.0019505117
1960-12-14,31.5,-25.0,0.35011685
1960-12-15,31.5,-25.0,0.095575064
1960-12-16,31.5,-25.0,0.00097525585
1960-12-17,31.5,-25.0,0.2009027
1960-12-18,31.5,-25.0,40.974396
1960-12-19,31.5,-25.0,4.006351
1960-12-20,31.5,-25.0,2.9238172
1960-12-21,31.5,-25.0,5.5257998
1960-12-22,31.5,-25.0,13.5053425
1960-12-23,31.5,-25.0,1.2327234
1960-12-24,31.5,-25.0,1.2571048
1960-12-25,31.5,-25.0,4.1409364
1960-12-26,31.5,-25.0,9.767187
1960-12-27,31.5,-25.0,11.87569
1960-12-28,31.5,-25.0,18.359192
1960-12-29,31.5,-25.0,11.345151
1960-12-30,31.5,-25.0,12.415979
1960-12-31,31.5,-25.0,0.5656483
1961-01-01,31.5,-25.0,1.0470546
1961-01-02,31.5,-25.0,0.7062574
1961-01-03,31.5,-25.0,0.0
1961-01-04,31.5,-25.0,0.73316246
1961-01-05,31.5,-25.0,0.3004397
1961-01-06,31.5,-25.0,2.839603
1961-01-07,31.5,-25.0,3.0963225
1961-01-08,31.5,-25.0,2.399033
1961-01-09,31.5,-25.0,0.0
1961-01-10,31.5,-25.0,0.006726261
1961-01-11,31.5,-25.0,0.0
1961-01-12,31.5,-25.0,0.013452522
1961-01-13,31.5,-25.0,1.0100602
1961-01-14,31.5,-25.0,0.0
1961-01-15,31.5,-25.0,0.68832076
1961-01-16,31.5,-25.0,0.20963515
1961-01-17,31.5,-25.0,3.243179
1961-01-18,31.5,-25.0,13.613953
1961-01-19,31.5,-25.0,0.5369799
1961-01-20,31.5,-25.0,10.128629
1961-01-21,31.5,-25.0,0.11658852
1961-01-22,31.5,-25.0,0.013452522
1961-01-23,31.5,-25.0,2.3384967
1961-01-24,31.5,-25.0,1.4181201
1961-01-25,31.5,-25.0,0.0011210436
1961-01-26,31.5,-25.0,0.0
1961-01-27,31.5,-25.0,0.0
1961-01-28,31.5,-25.0,0.100893915
1961-01-29,31.5,-25.0,0.0
1961-01-30,31.5,-25.0,0.09416765
1961-01-31,31.5,-25.0,0.011210435
1961-02-01,31.5,-25.0,0.0
1961-02-02,31.5,-25.0,0.0
1961-02-03,31.5,-25.0,0.0
1961-02-04,31.5,-25.0,0.0
1961-02-05,31.5,-25.0,0.63010377
1961-02-06,31.5,-25.0,0.32003295
1961-02-07,31.5,-25.0,1.0970778
1961-02-08,31.5,-25.0,0.1046022
1961-02-09,31.5,-25.0,0.5030868
1961-02-10,31.5,-25.0,2.737091
1961-02-11,31.5,-25.0,19.73246
1961-02-12,31.5,-25.0,41.808506
1961-02-13,31.5,-25.0,34.379257
1961-02-14,31.5,-25.0,0.75587547
1961-02-15,31.5,-25.0,0.008716851
1961-02-16,31.5,-25.0,0.38105088
1961-02-17,31.5,-25.0,0.14196014
1961-02-18,31.5,-25.0,0.0
1961-02-19,31.5,-25.0,0.30259925
1961-02-20,31.5,-25.0,0.09464009
1961-02-21,31.5,-25.0,0.15316752
1961-02-22,31.5,-25.0,16.278095
1961-02-23,31.5,-25.0,1.7234459
1961-02-24,31.5,-25.0,0.2901466
1961-02-25,31.5,-25.0,0.0
1961-02-26,31.5,-25.0,0.5118036
1961-02-27,31.5,-25.0,0.3187877
1961-02-28,31.5,-25.0,1.7393099
1961-03-01,31.5,-25.0,0.054144334
1961-03-02,31.5,-25.0,0.0010026728
1961-03-03,31.5,-25.0,1.8178458
1961-03-04,31.5,-25.0,0.82419705
1961-03-05,31.5,-25.0,1.6653347e-13
1961-03-06,31.5,-25.0,0.059157696
1961-03-07,31.5,-25.0,0.8251997
1961-03-08,31.5,-25.0,4.748659
1961-03-09,31.5,-25.0,0.2245987
1961-03-10,31.5,-25.0,1.6653347e-13
1961-03-11,31.5,-25.0,0.12032074
1961-03-12,31.5,-25.0,0.34592214
1961-03-13,31.5,-25.0,0.0040106913
1961-03-14,31.5,-25.0,9.692839
1961-03-15,31.5,-25.0,5.7212515
1961-03-16,31.5,-25.0,7.1320124
1961-03-17,31.5,-25.0,14.863623
1961-03-18,31.5,-25.0,2.0233936
1961-03-19,31.5,-25.0,0.071189776
1961-03-20,31.5,-25.0,1.8599582
1961-03-21,31.5,-25.0,0.62967855
1961-03-22,31.5,-25.0,1.6653347e-13
1961-03-23,31.5,-25.0,0.21958536
1961-03-24,31.5,-25.0,7.1560764
1961-03-25,31.5,-25.0,5.0805435
1961-03-26,31.5,-25.0,1.2723918
1961-03-27,31.5,-25.0,0.3409088
1961-03-28,31.5,-25.0,0.42513326
1961-03-29,31.5,-25.0,1.0367637
1961-03-30,31.5,-25.0,1.6653347e-13
1961-03-31,31.5,-25.0,0.36625147
1961-04-01,31.5,-25.0,0.39354664
1961-04-02,31.5,-25.0,0.0009047049
1961-04-03,31.5,-25.0,1.1878775
1961-04-04,31.5,-25.0,0.14294338
1961-04-05,31.5,-25.0,1.1851634
1961-04-06,31.5,-25.0,2.6308818
1961-04-07,31.5,-25.0,0.370929
1961-04-08,31.5,-25.0,0.5355852
1961-04-09,31.5,-25.0,7.960499
1961-04-10,31.5,-25.0,17.18487
1961-04-11,31.5,-25.0,0.35826313
1961-04-12,31.5,-25.0,0.9056096
1961-04-13,31.5,-25.0,0.15289512
1961-04-14,31.5,-25.0,0.0027141143
1961-04-15,31.5,-25.0,0.0036188196
1961-04-16,31.5,-25.0,0.05337759
1961-04-17,31.5,-25.0,2.4237046
1961-04-18,31.5,-25.0,2.8679144
1961-04-19,31.5,-25.0,12.230705
1961-04-20,31.5,-25.0,1.1046447
1961-04-21,31.5,-25.0,2.6534996
1961-04-22,31.5,-25.0,0.9716531
1961-04-23,31.5,-25.0,0.030759968
1961-04-24,31.5,-25.0,0.0027141145
1961-04-25,31.5,-25.0,0.24607974
1961-04-26,31.5,-25.0,0.0
1961-04-27,31.5,-25.0,0.0
1961-04-28,31.5,-25.0,0.0
1961-04-29,31.5,-25.0,0.0
1961-04-30,31.5,-25.0,0.0
1961-05-01,31.5,-25.0,0.03831347
1961-05-02,31.5,-25.0,0.0
1961-05-03,31.5,-25.0,0.39917287
1961-05-04,31.5,-25.0,0.030294372
1961-05-05,31.5,-25.0,0.019602241
1961-05-06,31.5,-25.0,0.00089101086
1961-05-07,31.5,-25.0,0.0
1961-05-08,31.5,-25.0,0.0
1961-05-09,31.5,-25.0,0.0
1961-05-10,31.5,-25.0,0.0
1961-05-11,31.5,-25.0,0.0
1961-05-12,31.5,-25.0,0.4784729
1961-05-13,31.5,-25.0,0.008910109
1961-05-14,31.5,-25.0,0.0
1961-05-15,31.5,-25.0,0.007128087
1961-05-16,31.5,-25.0,0.0
1961-05-17,31.5,-25.0,0.27175832
1961-05-18,31.5,-25.0,0.34838527
1961-05-19,31.5,-25.0,1.9762621
1961-05-20,31.5,-25.0,0.19780442
1961-05-21,31.5,-25.0,2.439588
1961-05-22,31.5,-25.0,0.0
1961-05-23,31.5,-25.0,0.0
1961-05-24,31.5,-25.0,0.005346065
1961-05-25,31.5,-25.0,0.0026730327
1961-05-26,31.5,-25.0,0.0
1961-05-27,31.5,-25.0,0.006237076
1961-05-28,31.5,-25.0,0.0
1961-05-29,31.5,-25.0,0.0
1961-05-30,31.5,-25.0,1.1119816
1961-05-31,31.5,-25.0,0.48292792
1961-06-01,31.5,-25.0,1.0295035
1961-06-02,31.5,-25.0,2.2389605
1961-06-03,31.5,-25.0,0.038711004
1961-06-04,31.5,-25.0,0.0
1961-06-05,31.5,-25.0,2.4544866
1961-06-06,31.5,-25.0,5.522072
1961-06-07,31.5,-25.0,0.10671681
1961-06-08,31.5,-25.0,0.20087871
1961-06-09,31.5,-25.0,0.07637576
1961-06-10,31.5,-25.0,0.009416189
1961-06-11,31.5,-25.0,0.009416189
1961-06-12,31.5,-25.0,0.0
1961-06-13,31.5,-25.0,0.0
1961-06-14,31.5,-25.0,0.038711
1961-06-15,31.5,-25.0,0.0
1961-06-16,31.5,-25.0,0.0020924865
1961-06-17,31.5,-25.0,0.7124917
1961-06-18,31.5,-25.0,0.011508676
1961-06-19,31.5,-25.0,1.1487751
1961-06-20,31.5,-25.0,1.8183707
1961-06-21,31.5,-25.0,1.0347346
1961-06-22,31.5,-25.0,0.0
1961-06-23,31.5,-25.0,0.0
1961-06-24,31.5,-25.0,0.48650312
1961-06-25,31.5,-25.0,0.7491101
1961-06-26,31.5,-25.0,1.0043936
1961-06-27,31.5,-25.0,0.055450894
1961-06-28,31.5,-25.0,0.00627746
1961-06-29,31.5,-25.0,0.0
1961-06-30,31.5,-25.0,2.7567496
1961-07-01,31.5,-25.0,0.6154261
1961-07-02,31.5,-25.0,0.68789476
1961-07-03,31.5,-25.0,0.29544914
1961-07-04,31.5,-25.0,0.24081892
1961-07-05,31.5,-25.0,0.01449373
1961-07-06,31.5,-25.0,0.08807729
1961-07-07,31.5,-25.0,0.012263928
1961-07-08,31.5,-25.0,0.0
1961-07-09,31.5,-25.0,0.0
1961-07-10,31.5,-25.0,0.0
1961-07-11,31.5,-25.0,0.08138787
1961-07-12,31.5,-25.0,0.021183146
1961-07-13,31.5,-25.0,0.0
1961-07-14,31.5,-25.0,0.0
1961-07-15,31.5,-25.0,0.040136483
1961-07-16,31.5,-25.0,3.0916243
1961-07-17,31.5,-25.0,0.45265037
1961-07-18,31.5,-25.0,0.015608632
1961-07-19,31.5,-25.0,0.23858908
1961-07-20,31.5,-25.0,0.15162672
1961-07-21,31.5,-25.0,0.1449373
1961-07-22,31.5,-25.0,0.02787256
1961-07-23,31.5,-25.0,0.006689414
1961-07-24,31.5,-25.0,0.0
1961-07-25,31.5,-25.0,0.0
1961-07-26,31.5,-25.0,0.0044596093
1961-07-27,31.5,-25.0,0.092536904
1961-07-28,31.5,-25.0,0.010034121
1961-07-29,31.5,-25.0,0.26311696
1961-07-30,31.5,-25.0,0.15051182
1961-07-31,31.5,-25.0,0.0
1961-08-01,31.5,-25.0,0.0
1961-08-02,31.5,-25.0,0.01035083
1961-08-03,31.5,-25.0,0.12703289
1961-08-04,31.5,-25.0,0.0
1961-08-05,31.5,-25.0,0.013173784
1961-08-06,31.5,-25.0,1.3776013
1961-08-07,31.5,-25.0,0.00094098446
1961-08-08,31.5,-25.0,0.0
1961-08-09,31.5,-25.0,0.0
1961-08-10,31.5,-25.0,0.0
1961-08-11,31.5,-25.0,0.0
1961-08-12,31.5,-25.0,0.0
1961-08-13,31.5,-25.0,0.01881969
1961-08-14,31.5,-25.0,5.42007
1961-08-15,31.5,-25.0,0.69726944
1961-08-16,31.5,-25.0,0.0
1961-08-17,31.5,-25.0,0.065868914
1961-08-18,31.5,-25.0,0.8713516
1961-08-19,31.5,-25.0,0.34816426
1961-08-20,31.5,-25.0,0.033875443
1961-08-21,31.5,-25.0,0.0018819689
1961-08-22,31.5,-25.0,0.00094098446
1961-08-23,31.5,-25.0,0.4497906
1961-08-24,31.5,-25.0,0.26065272
1961-08-25,31.5,-25.0,0.0
1961-08-26,31.5,-25.0,0.0
1961-08-27,31.5,-25.0,0.0
1961-08-28,31.5,-25.0,0.0
1961-08-29,31.5,-25.0,0.0
1961-08-30,31.5,-25.0,0.0
1961-08-31,31.5,-25.0,0.0
1961-09-01,31.5,-25.0,0.0
1961-09-02,31.5,-25.0,0.1385634
1961-09-03,31.5,-25.0,0.097186826
1961-09-04,31.5,-25.0,0.0019244916
1961-09-05,31.5,-25.0,0.0019244916
1961-09-06,31.5,-25.0,0.38586056
1961-09-07,31.5,-25.0,0.0
1961-09-08,31.5,-25.0,0.0019244916
1961-09-09,31.5,-25.0,0.0028867372
1961-09-10,31.5,-25.0,0.0
1961-09-11,31.5,-25.0,0.03848983
1961-09-12,31.5,-25.0,0.014433688
1961-09-13,31.5,-25.0,0.05773475
1961-09-14,31.5,-25.0,0.012509194
1961-09-15,31.5,-25.0,0.0
1961-09-16,31.5,-25.0,0.019244915
1961-09-17,31.5,-25.0,0.87564373
1961-09-18,31.5,-25.0,1.3558043
1961-09-19,31.5,-25.0,0.0
1961-09-20,31.5,-25.0,0.0
1961-09-21,31.5,-25.0,0.0
1961-09-22,31.5,-25.0,0.0692817
1961-09-23,31.5,-25.0,0.012509194
1961-09-24,31.5,-25.0,0.0
1961-09-25,31.5,-25.0,1.2634287
1961-09-26,31.5,-25.0,0.110658266
1961-09-27,31.5,-25.0,0.0
1961-09-28,31.5,-25.0,0.4262749
1961-09-29,31.5,-25.0,5.5107813
1961-09-30,31.5,-25.0,0.019244915
1961-10-01,31.5,-25.0,0.0
1961-10-02,31.5,-25.0,0.0
1961-10-03,31.5,-25.0,5.2866654
1961-10-04,31.5,-25.0,0.24681994
1961-10-05,31.5,-25.0,6.5062466
1961-10-06,31.5,-25.0,0.0
1961-10-07,31.5,-25.0,0.0
1961-10-08,31.5,-25.0,0.0
1961-10-09,31.5,-25.0,0.0063519836
1961-10-10,31.5,-25.0,0.003629705
1961-10-11,31.5,-25.0,0.0
1961-10-12,31.5,-25.0,0.0
1961-10-13,31.5,-25.0,0.0063519836
1961-10-14,31.5,-25.0,0.0018148525
1961-10-15,31.5,-25.0,0.13429907
1961-10-16,31.5,-25.0,0.6106978
1961-10-17,31.5,-25.0,0.0
1961-10-18,31.5,-25.0,0.0
1961-10-19,31.5,-25.0,0.0
1961-10-20,31.5,-25.0,0.0
1961-10-21,31.5,-25.0,0.05353815
1961-10-22,31.5,-25.0,0.15426245
1961-10-23,31.5,-25.0,0.0
1961-10-24,31.5,-25.0,0.01179654
1961-10-25,31.5,-25.0,0.8057945
1961-10-26,31.5,-25.0,0.013611393
1961-10-27,31.5,-25.0,0.028130211
1961-10-28,31.5,-25.0,0.17876296
1961-10-29,31.5,-25.0,8.360118
1961-10-30,31.5,-25.0,6.6577854
1961-10-31,31.5,-25.0,0.08076093
1961-11-01,31.5,-25.0,0.0
1961-11-02,31.5,-25.0,0.0
1961-11-03,31.5,-25.0,0.090606734
1961-11-04,31.5,-25.0,2.8219085
1961-11-05,31.5,-25.0,0.07532366
1961-11-06,31.5,-25.0,0.13318098
1961-11-07,31.5,-25.0,0.0
1961-11-08,31.5,-25.0,0.0
1961-11-09,31.5,-25.0,0.30129468
1961-11-10,31.5,-25.0,0.0807819
1961-11-11,31.5,-25.0,0.23907079
1961-11-12,31.5,-25.0,0.02510789
1961-11-13,31.5,-25.0,0.0
1961-11-14,31.5,-25.0,5.210433
1961-11-15,31.5,-25.0,4.038004
1961-11-16,31.5,-25.0,0.0054582367
1961-11-17,31.5,-25.0,0.013099767
1961-11-18,31.5,-25.0,0.020741299
1961-11-19,31.5,-25.0,0.0
1961-11-20,31.5,-25.0,0.0
1961-11-21,31.5,-25.0,0.0
1961-11-22,31.5,-25.0,0.37334338
1961-11-23,31.5,-25.0,0.07969025
1961-11-24,31.5,-25.0,1.1647877
1961-11-25,31.5,-25.0,0.038207658
1961-11-26,31.5,-25.0,1.204087
1961-11-27,31.5,-25.0,0.010916474
1961-11-28,31.5,-25.0,1.6756786
1961-11-29,31.5,-25.0,2.0348306
1961-11-30,31.5,-25.0,0.12772274
1961-12-01,31.5,-25.0,11.917967
1961-12-02,31.5,-25.0,10.184576
1961-12-03,31.5,-25.0,0.359956
1961-12-04,31.5,-25.0,2.981307
1961-12-05,31.5,-25.0,8.38687
1961-12-06,31.5,-25.0,0.041493487
1961-12-07,31.5,-25.0,0.0020746742
1961-12-08,31.5,-25.0,0.0041493485
1961-12-09,31.5,-25.0,0.0020746742
1961-12-10,31.5,-25.0,0.6887918
1961-12-11,31.5,-25.0,0.19087002
1961-12-12,31.5,-25.0,1.735465
1961-12-13,31.5,-25.0,4.5590963
1961-12-14,31.5,-25.0,3.187737
1961-12-15,31.5,-25.0,1.3298662
1961-12-16,31.5,-25.0,1.4678319
1961-12-17,31.5,-25.0,0.0010373371
1961-12-18,31.5,-25.0,1.142108
1961-12-19,31.5,-25.0,0.00726136
1961-12-20,31.5,-25.0,0.5145192
1961-12-21,31.5,-25.0,2.716786
1961-12-22,31.5,-25.0,0.061202884
1961-12-23,31.5,-25.0,0.39833742
1961-12-24,31.5,-25.0,0.022821415
1961-12-25,31.5,-25.0,3.7686458
1961-12-26,31.5,-25.0,12.933519
1961-12-27,31.5,-25.0,1.965754
1961-12-28,31.5,-25.0,0.025933426
1961-12-29,31.5,-25.0,0.011410708
1961-12-30,31.5,-25.0,0.35373193
1961-12-31,31.5,-25.0,0.017634733
1962-01-01,31.5,-25.0,0.21658619
1962-01-02,31.5,-25.0,0.82573485
1962-01-03,31.5,-25.0,0.0038676104
1962-01-04,31.5,-25.0,0.10249166
1962-01-05,31.5,-25.0,1.764597
1962-01-06,31.5,-25.0,0.75515103
1962-01-07,31.5,-25.0,0.02320566
1962-01-08,31.5,-25.0,0.0377092
1962-01-09,31.5,-25.0,25.954567
1962-01-10,31.5,-25.0,27.23378
1962-01-11,31.5,-25.0,1.2395692
1962-01-12,31.5,-25.0,0.5366309
1962-01-13,31.5,-25.0,3.7496486
1962-01-14,31.5,-25.0,1.5789521
1962-01-15,31.5,-25.0,9.243589
1962-01-16,31.5,-25.0,2.607736
1962-01-17,31.5,-25.0,3.6307192
1962-01-18,31.5,-25.0,5.466867
1962-01-19,31.5,-25.0,3.8879156
1962-01-20,31.5,-25.0,1.0529569
1962-01-21,31.5,-25.0,0.010635928
1962-01-22,31.5,-25.0,0.007735221
1962-01-23,31.5,-25.0,0.005801415
1962-01-24,31.5,-25.0,5.8749
1962-01-25,31.5,-25.0,4.444852
1962-01-26,31.5,-25.0,31.087852
1962-01-27,31.5,-25.0,2.2016373
1962-01-28,31.5,-25.0,0.42156953
1962-01-29,31.5,-25.0,0.061881766
1962-01-30,31.5,-25.0,0.03964301
1962-01-31,31.5,-25.0,0.10096057
1962-02-01,31.5,-25.0,0.005505678
1962-02-02,31.5,-25.0,0.024224982
1962-02-03,31.5,-25.0,0.0011011356
1962-02-04,31.5,-25.0,4.6666126
1962-02-05,31.5,-25.0,0.592411
1962-02-06,31.5,-25.0,2.7385244
1962-02-07,31.5,-25.0,3.0457413
1962-02-08,31.5,-25.0,0.0
1962-02-09,31.5,-25.0,0.0
1962-02-10,31.5,-25.0,0.4206338
1962-02-11,31.5,-25.0,0.5769951
1962-02-12,31.5,-25.0,0.2323396
1962-02-13,31.5,-25.0,0.9315607
1962-02-14,31.5,-25.0,20.858812
1962-02-15,31.5,-25.0,0.24224985
1962-02-16,31.5,-25.0,0.0
1962-02-17,31.5,-25.0,0.0
1962-02-18,31.5,-25.0,6.2236185
1962-02-19,31.5,-25.0,2.4302063
1962-02-20,31.5,-25.0,0.14094536
1962-02-21,31.5,-25.0,0.030831799
1962-02-22,31.5,-25.0,0.34795886
1962-02-23,31.5,-25.0,1.6902432
1962-02-24,31.5,-25.0,0.016517034
1962-02-25,31.5,-25.0,0.7014234
1962-02-26,31.5,-25.0,0.17508055
1962-02-27,31.5,-25.0,0.0
1962-02-28,31.5,-25.0,0.101728834
1962-03-01,31.5,-25.0,0.21133755
1962-03-02,31.5,-25.0,0.0
1962-03-03,31.5,-25.0,0.15095538
1962-03-04,31.5,-25.0,0.0010063692
1962-03-05,31.5,-25.0,0.0
1962-03-06,31.5,-25.0,0.0
1962-03-07,31.5,-25.0,0.55853486
1962-03-08,31.5,-25.0,0.5192865
1962-03-09,31.5,-25.0,0.25058594
1962-03-10,31.5,-25.0,0.017108276
1962-03-11,31.5,-25.0,12.080456
1962-03-12,31.5,-25.0,37.357433
1962-03-13,31.5,-25.0,1.9402797
1962-03-14,31.5,-25.0,0.15799996
1962-03-15,31.5,-25.0,0.014089171
1962-03-16,31.5,-25.0,4.564891
1962-03-17,31.5,-25.0,6.094572
1962-03-18,31.5,-25.0,0.29184708
1962-03-19,31.5,-25.0,0.028178342
1962-03-20,31.5,-25.0,0.18617831
1962-03-21,31.5,-25.0,0.10868788
1962-03-22,31.5,-25.0,0.23951587
1962-03-23,31.5,-25.0,0.101643294
1962-03-24,31.5,-25.0,0.58369416
1962-03-25,31.5,-25.0,10.676571
1962-03-26,31.5,-25.0,1.2237451
1962-03-27,31.5,-25.0,0.098624185
1962-03-28,31.5,-25.0,0.049312092
1962-03-29,31.5,-25.0,0.12680253
1962-03-30,31.5,-25.0,0.5062037
1962-03-31,31.5,-25.0,4.066976
1962-04-01,31.5,-25.0,0.25335383
1962-04-02,31.5,-25.0,2.469398
1962-04-03,31.5,-25.0,3.017797
1962-04-04,31.5,-25.0,1.203698
1962-04-05,31.5,-25.0,1.9594835
1962-04-06,31.5,-25.0,1.4110847
1962-04-07,31.5,-25.0,1.2560792
1962-04-08,31.5,-25.0,0.0032070104
1962-04-09,31.5,-25.0,0.12400441
1962-04-10,31.5,-25.0,0.0021380072
1962-04-11,31.5,-25.0,1.6653347e-13
1962-04-12,31.5,-25.0,1.6653347e-13
1962-04-13,31.5,-25.0,1.6653347e-13
1962-04-14,31.5,-25.0,0.029932097
1962-04-15,31.5,-25.0,0.02458708
1962-04-16,31.5,-25.0,0.12293541
1962-04-17,31.5,-25.0,0.35170215
1962-04-18,31.5,-25.0,0.3688062
1962-04-19,31.5,-25.0,0.014966047
1962-04-20,31.5,-25.0,0.064140216
1962-04-21,31.5,-25.0,0.19348964
1962-04-22,31.5,-25.0,1.6653347e-13
1962-04-23,31.5,-25.0,4.0996284
1962-04-24,31.5,-25.0,2.5816436
1962-04-25,31.5,-25.0,26.432184
1962-04-26,31.5,-25.0,4.426744
1962-04-27,31.5,-25.0,0.052381173
1962-04-28,31.5,-25.0,1.6653347e-13
1962-04-29,31.5,-25.0,1.6653347e-13
1962-04-30,31.5,-25.0,1.5959456e-13
1962-05-01,31.5,-25.0,0.0
1962-05-02,31.5,-25.0,2.4595733
1962-05-03,31.5,-25.0,0.12646921
1962-05-04,31.5,-25.0,0.027317349
1962-05-05,31.5,-25.0,0.0
1962-05-06,31.5,-25.0,0.017199812
1962-05-07,31.5,-25.0,0.0
1962-05-08,31.5,-25.0,0.0
1962-05-09,31.5,-25.0,0.0
1962-05-10,31.5,-25.0,0.36423135
1962-05-11,31.5,-25.0,0.043505408
1962-05-12,31.5,-25.0,0.0
1962-05-13,31.5,-25.0,0.12343394
1962-05-14,31.5,-25.0,0.064752236
1962-05-15,31.5,-25.0,0.105222374
1962-05-16,31.5,-25.0,0.20437425
1962-05-17,31.5,-25.0,0.0040470148
1962-05-18,31.5,-25.0,0.0
1962-05-19,31.5,-25.0,0.0
1962-05-20,31.5,-25.0,0.0
1962-05-21,31.5,-25.0,0.37637234
1962-05-22,31.5,-25.0,1.1746459
1962-05-23,31.5,-25.0,0.2812675
1962-05-24,31.5,-25.0,0.0
1962-05-25,31.5,-25.0,0.0
1962-05-26,31.5,-25.0,0.0
1962-05-27,31.5,-25.0,0.0010117536
1962-05-28,31.5,-25.0,0.006070522
1962-05-29,31.5,-25.0,0.0
1962-05-30,31.5,-25.0,0.012141045
1962-05-31,31.5,-25.0,0.0
1962-06-01,31.5,-25.0,0.0
1962-06-02,31.5,-25.0,0.0
1962-06-03,31.5,-25.0,0.0
1962-06-04,31.5,-25.0,0.0
1962-06-05,31.5,-25.0,0.0
1962-06-06,31.5,-25.0,0.0
1962-06-07,31.5,-25.0,0.0
1962-06-08,31.5,-25.0,0.0
1962-06-09,31.5,-25.0,0.009505019
1962-06-10,31.5,-25.0,0.0
1962-06-11,31.5,-25.0,0.0
1962-06-12,31.5,-25.0,0.0
1962-06-13,31.5,-25.0,1.4685254
1962-06-14,31.5,-25.0,0.9486009
1962-06-15,31.5,-25.0,2.011262
1962-06-16,31.5,-25.0,0.0
1962-06-17,31.5,-25.0,0.0
1962-06-18,31.5,-25.0,0.0
1962-06-19,31.5,-25.0,0.0
1962-06-20,31.5,-25.0,0.0
1962-06-21,31.5,-25.0,0.07794115
1962-06-22,31.5,-25.0,0.04562409
1962-06-23,31.5,-25.0,0.0
1962-06-24,31.5,-25.0,0.0
1962-06-25,31.5,-25.0,0.0
1962-06-26,31.5,-25.0,0.0
1962-06-27,31.5,-25.0,0.0
1962-06-28,31.5,-25.0,0.0
1962-06-29,31.5,-25.0,0.0
1962-06-30,31.5,-25.0,0.0101831835
1962-07-01,31.5,-25.0,0.06878854
1962-07-02,31.5,-25.0,0.0
1962-07-03,31.5,-25.0,0.0
1962-07-04,31.5,-25.0,0.0
1962-07-05,31.5,-25.0,0.0
1962-07-06,31.5,-25.0,0.0
1962-07-07,31.5,-25.0,0.0
1962-07-08,31.5,-25.0,0.14210263
1962-07-09,31.5,-25.0,0.09322657
1962-07-10,31.5,-25.0,0.0
1962-07-11,31.5,-25.0,0.0
1962-07-12,31.5,-25.0,0.0
1962-07-13,31.5,-25.0,0.0
1962-07-14,31.5,-25.0,0.0
1962-07-15,31.5,-25.0,0.13576685
1962-07-16,31.5,-25.0,0.0
1962-07-17,31.5,-25.0,0.0
1962-07-18,31.5,-25.0,0.0
1962-07-19,31.5,-25.0,0.095941916
1962-07-20,31.5,-25.0,0.05340163
1962-07-21,31.5,-25.0,0.0018102246
1962-07-22,31.5,-25.0,0.0
1962-07-23,31.5,-25.0,0.0
1962-07-24,31.5,-25.0,0.0
1962-07-25,31.5,-25.0,0.0
1962-07-26,31.5,-25.0,0.0009051123
1962-07-27,31.5,-25.0,0.0009051123
1962-07-28,31.5,-25.0,0.0
1962-07-29,31.5,-25.0,0.0
1962-07-30,31.5,-25.0,0.009956235
1962-07-31,31.5,-25.0,0.0
1962-08-01,31.5,-25.0,0.0
1962-08-02,31.5,-25.0,0.0
1962-08-03,31.5,-25.0,0.0
1962-08-04,31.5,-25.0,0.81102717
1962-08-05,31.5,-25.0,0.07582773
1962-08-06,31.5,-25.0,0.0
1962-08-07,31.5,-25.0,0.0
1962-08-08,31.5,-25.0,0.0
1962-08-09,31.5,-25.0,0.0
1962-08-10,31.5,-25.0,0.0
1962-08-11,31.5,-25.0,0.0
1962-08-12,31.5,-25.0,0.0
1962-08-13,31.5,-25.0,0.0
1962-08-14,31.5,-25.0,0.008791623
1962-08-15,31.5,-25.0,0.0032968582
1962-08-16,31.5,-25.0,0.0
1962-08-17,31.5,-25.0,0.0
1962-08-18,31.5,-25.0,0.0
1962-08-19,31.5,-25.0,0.0
1962-08-20,31.5,-25.0,0.0
1962-08-21,31.5,-25.0,0.0
1962-08-22,31.5,-25.0,0.26155072
1962-08-23,31.5,-25.0,0.62750196
1962-08-24,31.5,-25.0,0.0021979052
1962-08-25,31.5,-25.0,0.0
1962-08-26,31.5,-25.0,0.029671721
1962-08-27,31.5,-25.0,2.4111023
1962-08-28,31.5,-25.0,3.981506
1962-08-29,31.5,-25.0,0.0
1962-08-30,31.5,-25.0,0.0
1962-08-31,31.5,-25.0,0.0010989526
1962-09-01,31.5,-25.0,0.0
1962-09-02,31.5,-25.0,0.0
1962-09-03,31.5,-25.0,0.0
1962-09-04,31.5,-25.0,0.03583707
1962-09-05,31.5,-25.0,0.0
1962-09-06,31.5,-25.0,0.0
1962-09-07,31.5,-25.0,0.0
1962-09-08,31.5,-25.0,0.0
1962-09-09,31.5,-25.0,0.0
1962-09-10,31.5,-25.0,0.0423529
1962-09-11,31.5,-25.0,0.019547494
1962-09-12,31.5,-25.0,0.007601803
1962-09-13,31.5,-25.0,0.4930312
1962-09-14,31.5,-25.0,0.9741167
1962-09-15,31.5,-25.0,0.0
1962-09-16,31.5,-25.0,0.0
1962-09-17,31.5,-25.0,0.0
1962-09-18,31.5,-25.0,0.033665128
1962-09-19,31.5,-25.0,0.2399998
1962-09-20,31.5,-25.0,0.058642484
1962-09-21,31.5,-25.0,1.2390939
1962-09-22,31.5,-25.0,0.06407233
1962-09-23,31.5,-25.0,0.0
1962-09-24,31.5,-25.0,0.0
1962-09-25,31.5,-25.0,0.0
1962-09-26,31.5,-25.0,0.0
1962-09-27,31.5,-25.0,0.18352924
1962-09-28,31.5,-25.0,0.077104
1962-09-29,31.5,-25.0,0.0499547
1962-09-30,31.5,-25.0,0.0
1962-10-01,31.5,-25.0,0.0033845226
1962-10-02,31.5,-25.0,0.0011281744
1962-10-03,31.5,-25.0,0.0
1962-10-04,31.5,-25.0,0.108304724
1962-10-05,31.5,-25.0,0.04512697
1962-10-06,31.5,-25.0,0.0
1962-10-07,31.5,-25.0,0.0
1962-10-08,31.5,-25.0,0.08235672
1962-10-09,31.5,-25.0,18.402779
1962-10-10,31.5,-25.0,13.280867
1962-10-11,31.5,-25.0,0.0
1962-10-12,31.5,-25.0,0.0
1962-10-13,31.5,-25.0,0.0
1962-10-14,31.5,-25.0,0.0
1962-10-15,31.5,-25.0,0.024819836
1962-10-16,31.5,-25.0,0.0
1962-10-17,31.5,-25.0,0.0
1962-10-18,31.5,-25.0,0.011281743
1962-10-19,31.5,-25.0,0.54603636
1962-10-20,31.5,-25.0,0.61147046
1962-10-21,31.5,-25.0,0.491884
1962-10-22,31.5,-25.0,0.009025395
1962-10-23,31.5,-25.0,1.35945
1962-10-24,31.5,-25.0,0.06430594
1962-10-25,31.5,-25.0,0.032717057
1962-10-26,31.5,-25.0,0.15794441
1962-10-27,31.5,-25.0,0.0
1962-10-28,31.5,-25.0,0.7344415
1962-10-29,31.5,-25.0,0.0349734
1962-10-30,31.5,-25.0,4.249833
1962-10-31,31.5,-25.0,0.24255748
1962-11-01,31.5,-25.0,0.0
1962-11-02,31.5,-25.0,0.0
1962-11-03,31.5,-25.0,0.04025273
1962-11-04,31.5,-25.0,1.0825865
1962-11-05,31.5,-25.0,0.1440624
1962-11-06,31.5,-25.0,0.32308114
1962-11-07,31.5,-25.0,0.30083618
1962-11-08,31.5,-25.0,0.21715286
1962-11-09,31.5,-25.0,0.0063556945
1962-11-10,31.5,-25.0,0.3654524
1962-11-11,31.5,-25.0,0.13982528
1962-11-12,31.5,-25.0,0.7584462
1962-11-13,31.5,-25.0,0.068853356
1962-11-14,31.5,-25.0,0.56036043
1962-11-15,31.5,-25.0,12.417969
1962-11-16,31.5,-25.0,12.544022
1962-11-17,31.5,-25.0,19.993956
1962-11-18,31.5,-25.0,0.08897972
1962-11-19,31.5,-25.0,0.7266677
1962-11-20,31.5,-25.0,6.8323717
1962-11-21,31.5,-25.0,3.6852436
1962-11-22,31.5,-25.0,7.713694
1962-11-23,31.5,-25.0,43.801327
1962-11-24,31.5,-25.0,0.29765835
1962-11-25,31.5,-25.0,1.0624602
1962-11-26,31.5,-25.0,3.536944
1962-11-27,31.5,-25.0,8.653277
1962-11-28,31.5,-25.0,0.8018768
1962-11-29,31.5,-25.0,0.5720125
1962-11-30,31.5,-25.0,0.020126365
1962-12-01,31.5,-25.0,0.33785075
1962-12-02,31.5,-25.0,0.016654614
1962-12-03,31.5,-25.0,0.1939073
1962-12-04,31.5,-25.0,0.0
1962-12-05,31.5,-25.0,0.44729537
1962-12-06,31.5,-25.0,0.0059480765
1962-12-07,31.5,-25.0,0.14156422
1962-12-08,31.5,-25.0,0.2795596
1962-12-09,31.5,-25.0,0.0011896153
1962-12-10,31.5,-25.0,0.0
1962-12-11,31.5,-25.0,1.0099834
1962-12-12,31.5,-25.0,0.010706538
1962-12-13,31.5,-25.0,8.819808
1962-12-14,31.5,-25.0,0.2866973
1962-12-15,31.5,-25.0,1.2419584
1962-12-16,31.5,-25.0,21.189426
1962-12-17,31.5,-25.0,16.467846
1962-12-18,31.5,-25.0,1.7975087
1962-12-19,31.5,-25.0,7.118658
1962-12-20,31.5,-25.0,1.4917777
1962-12-21,31.5,-25.0,1.5131907
1962-12-22,31.5,-25.0,0.66023654
1962-12-23,31.5,-25.0,1.945021
1962-12-24,31.5,-25.0,7.190035
1962-12-25,31.5,-25.0,0.41755494
1962-12-26,31.5,-25.0,0.09278999
1962-12-27,31.5,-25.0,1.8248699
1962-12-28,31.5,-25.0,13.263021
1962-12-29,31.5,-25.0,3.1393943
1962-12-30,31.5,-25.0,0.68046
1962-12-31,31.5,-25.0,0.40684846
1963-01-01,31.5,-25.0,0.61243486
1963-01-02,31.5,-25.0,1.0147969
1963-01-03,31.5,-25.0,0.020006947
1963-01-04,31.5,-25.0,0.0
1963-01-05,31.5,-25.0,1.5827718
1963-01-06,31.5,-25.0,7.71379
1963-01-07,31.5,-25.0,0.01111497
1963-01-08,31.5,-25.0,2.353039
1963-01-09,31.5,-25.0,5.902049
1963-01-10,31.5,-25.0,0.17895104
1963-01-11,31.5,-25.0,5.8753734
1963-01-12,31.5,-25.0,0.037790902
1963-01-13,31.5,-25.0,0.0011114972
1963-01-14,31.5,-25.0,0.0011114972
1963-01-15,31.5,-25.0,0.37568602
1963-01-16,31.5,-25.0,0.8925322
1963-01-17,31.5,-25.0,0.32566863
1963-01-18,31.5,-25.0,0.5379645
1963-01-19,31.5,-25.0,0.99367845
1963-01-20,31.5,-25.0,0.03001042
1963-01-21,31.5,-25.0,1.478291
1963-01-22,31.5,-25.0,0.65800625
1963-01-23,31.5,-25.0,3.228899
1963-01-24,31.5,-25.0,7.2280655
1963-01-25,31.5,-25.0,6.6967697
1963-01-26,31.5,-25.0,0.31455368
1963-01-27,31.5,-25.0,1.0859326
1963-01-28,31.5,-25.0,10.540326
1963-01-29,31.5,-25.0,15.72546
1963-01-30,31.5,-25.0,0.24675235
1963-01-31,31.5,-25.0,0.66578674
1963-02-01,31.5,-25.0,0.22405024
1963-02-02,31.5,-25.0,12.539164
1963-02-03,31.5,-25.0,0.439357
1963-02-04,31.5,-25.0,0.41640556
1963-02-05,31.5,-25.0,0.0
1963-02-06,31.5,-25.0,0.3399006
1963-02-07,31.5,-25.0,0.030601982
1963-02-08,31.5,-25.0,0.0
1963-02-09,31.5,-25.0,0.78690815
1963-02-10,31.5,-25.0,0.012022208
1963-02-11,31.5,-25.0,0.0
1963-02-12,31.5,-25.0,0.72789
1963-02-13,31.5,-25.0,0.53334886
1963-02-14,31.5,-25.0,0.11912915
1963-02-15,31.5,-25.0,0.0
1963-02-16,31.5,-25.0,0.004371712
1963-02-17,31.5,-25.0,0.054646395
1963-02-18,31.5,-25.0,0.7759788
1963-02-19,31.5,-25.0,1.153039
1963-02-20,31.5,-25.0,1.3934832
1963-02-21,31.5,-25.0,0.25574514
1963-02-22,31.5,-25.0,0.20984215
1963-02-23,31.5,-25.0,1.6634363
1963-02-24,31.5,-25.0,12.409105
1963-02-25,31.5,-25.0,1.8710928
1963-02-26,31.5,-25.0,0.1562887
1963-02-27,31.5,-25.0,0.0
1963-02-28,31.5,-25.0,0.0
1963-03-01,31.5,-25.0,0.0
1963-03-02,31.5,-25.0,0.0
1963-03-03,31.5,-25.0,0.0
1963-03-04,31.5,-25.0,1.0897602
1963-03-05,31.5,-25.0,1.729671
1963-03-06,31.5,-25.0,0.0
1963-03-07,31.5,-25.0,0.044984937
1963-03-08,31.5,-25.0,13.452745
1963-03-09,31.5,-25.0,2.6979718
1963-03-10,31.5,-25.0,0.09784223
1963-03-11,31.5,-25.0,0.07534977
1963-03-12,31.5,-25.0,0.6545309
1963-03-13,31.5,-25.0,0.41273683
1963-03-14,31.5,-25.0,0.19905832
1963-03-15,31.5,-25.0,4.2522016
1963-03-16,31.5,-25.0,14.165757
1963-03-17,31.5,-25.0,13.060252
1963-03-18,31.5,-25.0,6.9299307
1963-03-19,31.5,-25.0,0.06072967
1963-03-20,31.5,-25.0,0.14057794
1963-03-21,31.5,-25.0,0.0
1963-03-22,31.5,-25.0,0.0
1963-03-23,31.5,-25.0,0.7085128
1963-03-24,31.5,-25.0,0.04835881
1963-03-25,31.5,-25.0,0.0011246235
1963-03-26,31.5,-25.0,0.0
1963-03-27,31.5,-25.0,0.04835881
1963-03-28,31.5,-25.0,0.51732683
1963-03-29,31.5,-25.0,0.0
1963-03-30,31.5,-25.0,0.0
1963-03-31,31.5,-25.0,1.0125268
1963-04-01,31.5,-25.0,0.6941254
1963-04-02,31.5,-25.0,17.32682
1963-04-03,31.5,-25.0,26.653507
1963-04-04,31.5,-25.0,0.2785575
1963-04-05,31.5,-25.0,9.01002
1963-04-06,31.5,-25.0,4.407923
1963-04-07,31.5,-25.0,6.1373386
1963-04-08,31.5,-25.0,8.422962
1963-04-09,31.5,-25.0,0.5788915
1963-04-10,31.5,-25.0,0.3665708
1963-04-11,31.5,-25.0,0.27039132
1963-04-12,31.5,-25.0,0.0
1963-04-13,31.5,-25.0,0.0
1963-04-14,31.5,-25.0,0.39923555
1963-04-15,31.5,-25.0,0.0036294137
1963-04-16,31.5,-25.0,0.2985193
1963-04-17,31.5,-25.0,1.7448406
1963-04-18,31.5,-25.0,0.29579723
1963-04-19,31.5,-25.0,0.0
1963-04-20,31.5,-25.0,0.02903531
1963-04-21,31.5,-25.0,0.049904443
1963-04-22,31.5,-25.0,0.0
1963-04-23,31.5,-25.0,0.0
1963-04-24,31.5,-25.0,0.0
1963-04-25,31.5,-25.0,0.0
1963-04-26,31.5,-25.0,0.0
1963-04-27,31.5,-25.0,0.0
1963-04-28,31.5,-25.0,0.0
1963-04-29,31.5,-25.0,0.0027220603
1963-04-30,31.5,-25.0,0.3764745
1963-05-01,31.5,-25.0,0.02324507
1963-05-02,31.5,-25.0,0.0
1963-05-03,31.5,-25.0,1.0833863
1963-05-04,31.5,-25.0,0.0
1963-05-05,31.5,-25.0,0.0
1963-05-06,31.5,-25.0,0.0
1963-05-07,31.5,-25.0,0.00083018106
1963-05-08,31.5,-25.0,0.8459546
1963-05-09,31.5,-25.0,2.095377
1963-05-10,31.5,-25.0,0.80942655
1963-05-11,31.5,-25.0,0.0066414485
1963-05-12,31.5,-25.0,0.1975831
1963-05-13,31.5,-25.0,0.04150906
1963-05-14,31.5,-25.0,0.0
1963-05-15,31.5,-25.0,0.0
1963-05-16,31.5,-25.0,0.010792355
1963-05-17,31.5,-25.0,0.0
1963-05-18,31.5,-25.0,0.0
1963-05-19,31.5,-25.0,0.0
1963-05-20,31.5,-25.0,0.0
1963-05-21,31.5,-25.0,0.0
1963-05-22,31.5,-25.0,0.0
1963-05-23,31.5,-25.0,0.0058112675
1963-05-24,31.5,-25.0,0.0016603621
1963-05-25,31.5,-25.0,0.0
1963-05-26,31.5,-25.0,0.0
1963-05-27,31.5,-25.0,0.0
1963-05-28,31.5,-25.0,0.20754528
1963-05-29,31.5,-25.0,0.010792355
1963-05-30,31.5,-25.0,0.0
1963-05-31,31.5,-25.0,0.0
1963-06-01,31.5,-25.0,0.0
1963-06-02,31.5,-25.0,0.0
1963-06-03,31.5,-25.0,0.0
1963-06-04,31.5,-25.0,0.0011918854
1963-06-05,31.5,-25.0,0.0
1963-06-06,31.5,-25.0,0.0
1963-06-07,31.5,-25.0,0.0
1963-06-08,31.5,-25.0,0.0
1963-06-09,31.5,-25.0,0.0
1963-06-10,31.5,-25.0,0.0
1963-06-11,31.5,-25.0,12.07976
1963-06-12,31.5,-25.0,43.956738
1963-06-13,31.5,-25.0,15.817512
1963-06-14,31.5,-25.0,0.34445488
1963-06-15,31.5,-25.0,0.026221482
1963-06-16,31.5,-25.0,0.1489857
1963-06-17,31.5,-25.0,0.21573126
1963-06-18,31.5,-25.0,5.5780244
1963-06-19,31.5,-25.0,4.2168913
1963-06-20,31.5,-25.0,0.0
1963-06-21,31.5,-25.0,0.0
1963-06-22,31.5,-25.0,0.0
1963-06-23,31.5,-25.0,0.029797137
1963-06-24,31.5,-25.0,3.6841183
1963-06-25,31.5,-25.0,3.0989027
1963-06-26,31.5,-25.0,0.0
1963-06-27,31.5,-25.0,0.0
1963-06-28,31.5,-25.0,0.0
1963-06-29,31.5,-25.0,1.9046328
1963-06-30,31.5,-25.0,0.09690535
1963-07-01,31.5,-25.0,7.735914
1963-07-02,31.5,-25.0,34.872143
1963-07-03,31.5,-25.0,2.7354321
1963-07-04,31.5,-25.0,0.02125505
1963-07-05,31.5,-25.0,0.0
1963-07-06,31.5,-25.0,0.004620663
1963-07-07,31.5,-25.0,0.0
1963-07-08,31.5,-25.0,0.0
1963-07-09,31.5,-25.0,0.12660617
1963-07-10,31.5,-25.0,0.073930606
1963-07-11,31.5,-25.0,0.0
1963-07-12,31.5,-25.0,0.0
1963-07-13,31.5,-25.0,0.0
1963-07-14,31.5,-25.0,0.0
1963-07-15,31.5,-25.0,0.0
1963-07-16,31.5,-25.0,0.0
1963-07-17,31.5,-25.0,0.0
1963-07-18,31.5,-25.0,0.0
1963-07-19,31.5,-25.0,0.059144486
1963-07-20,31.5,-25.0,0.06468928
1963-07-21,31.5,-25.0,0.1561784
1963-07-22,31.5,-25.0,0.739306
1963-07-23,31.5,-25.0,0.5664933
1963-07-24,31.5,-25.0,0.010165459
1963-07-25,31.5,-25.0,0.0
1963-07-26,31.5,-25.0,0.024951579
1963-07-27,31.5,-25.0,0.19776437
1963-07-28,31.5,-25.0,0.008317193
1963-07-29,31.5,-25.0,0.0
1963-07-30,31.5,-25.0,0.0
1963-07-31,31.5,-25.0,0.047446903
1963-08-01,31.5,-25.0,1.2850578
1963-08-02,31.5,-25.0,0.30095032
1963-08-03,31.5,-25.0,1.6653347e-13
1963-08-04,31.5,-25.0,1.6653347e-13
1963-08-05,31.5,-25.0,1.6653347e-13
1963-08-06,31.5,-25.0,1.6653347e-13
1963-08-07,31.5,-25.0,1.6653347e-13
1963-08-08,31.5,-25.0,1.6653347e-13
1963-08-09,31.5,-25.0,1.6653347e-13
1963-08-10,31.5,-25.0,0.015047517
1963-08-11,31.5,-25.0,0.01304118
1963-08-12,31.5,-25.0,1.6653347e-13
1963-08-13,31.5,-25.0,0.024076026
1963-08-14,31.5,-25.0,0.15047516
1963-08-15,31.5,-25.0,1.6653347e-13
1963-08-16,31.5,-25.0,1.6653347e-13
1963-08-17,31.5,-25.0,1.6653347e-13
1963-08-18,31.5,-25.0,0.040126707
1963-08-19,31.5,-25.0,0.0030095032
1963-08-20,31.5,-25.0,1.6653347e-13
1963-08-21,31.5,-25.0,1.6653347e-13
1963-08-22,31.5,-25.0,1.6653347e-13
1963-08-23,31.5,-25.0,0.0010031677
1963-08-24,31.5,-25.0,1.6653347e-13
1963-08-25,31.5,-25.0,1.6653347e-13
1963-08-26,31.5,-25.0,0.05718055
1963-08-27,31.5,-25.0,0.0030095032
1963-08-28,31.5,-25.0,1.6653347e-13
1963-08-29,31.5,-25.0,1.6653347e-13
1963-08-30,31.5,-25.0,1.6653347e-13
1963-08-31,31.5,-25.0,1.5959456e-13
1963-09-01,31.5,-25.0,0.16665177
1963-09-02,31.5,-25.0,0.1384356
1963-09-03,31.5,-25.0,0.0
1963-09-04,31.5,-25.0,0.0
1963-09-05,31.5,-25.0,0.0
1963-09-06,31.5,-25.0,0.0
1963-09-07,31.5,-25.0,0.0
1963-09-08,31.5,-25.0,0.0
1963-09-09,31.5,-25.0,0.0
1963-09-10,31.5,-25.0,0.0
1963-09-11,31.5,-25.0,0.0
1963-09-12,31.5,-25.0,0.0
1963-09-13,31.5,-25.0,0.5255262
1963-09-14,31.5,-25.0,0.07671273
1963-09-15,31.5,-25.0,0.0
1963-09-16,31.5,-25.0,0.0
1963-09-17,31.5,-25.0,0.0
1963-09-18,31.5,-25.0,0.037915483
1963-09-19,31.5,-25.0,0.009699311
1963-09-20,31.5,-25.0,0.0
1963-09-21,31.5,-25.0,0.09611135
1963-09-22,31.5,-25.0,0.0
1963-09-23,31.5,-25.0,0.023807395
1963-09-24,31.5,-25.0,0.012344576
1963-09-25,31.5,-25.0,0.33242178
1963-09-26,31.5,-25.0,0.010581065
1963-09-27,31.5,-25.0,0.0
1963-09-28,31.5,-25.0,0.0
1963-09-29,31.5,-25.0,0.001763511
1963-09-30,31.5,-25.0,0.0
1963-10-01,31.5,-25.0,0.0
1963-10-02,31.5,-25.0,0.0
1963-10-03,31.5,-25.0,0.0
1963-10-04,31.5,-25.0,0.0
1963-10-05,31.5,-25.0,0.0
1963-10-06,31.5,-25.0,0.20106961
1963-10-07,31.5,-25.0,0.16061771
1963-10-08,31.5,-25.0,0.0
1963-10-09,31.5,-25.0,0.12135562
1963-10-10,31.5,-25.0,0.48780197
1963-10-11,31.5,-25.0,0.033313304
1963-10-12,31.5,-25.0,1.0267637
1963-10-13,31.5,-25.0,0.16894606
1963-10-14,31.5,-25.0,1.6097465
1963-10-15,31.5,-25.0,0.06781636
1963-10-16,31.5,-25.0,0.023795217
1963-10-17,31.5,-25.0,0.01427713
1963-10-18,31.5,-25.0,0.007138565
1963-10-19,31.5,-25.0,0.59607023
1963-10-20,31.5,-25.0,1.5883305
1963-10-21,31.5,-25.0,7.4395742
1963-10-22,31.5,-25.0,16.55909
1963-10-23,31.5,-25.0,0.29506066
1963-10-24,31.5,-25.0,4.917281
1963-10-25,31.5,-25.0,0.9339622
1963-10-26,31.5,-25.0,0.0
1963-10-27,31.5,-25.0,0.0
1963-10-28,31.5,-25.0,0.0
1963-10-29,31.5,-25.0,0.0
1963-10-30,31.5,-25.0,0.4723351
1963-10-31,31.5,-25.0,0.092801355
1963-11-01,31.5,-25.0,0.5839665
1963-11-02,31.5,-25.0,0.92803836
1963-11-03,31.5,-25.0,0.0
1963-11-04,31.5,-25.0,0.44824925
1963-11-05,31.5,-25.0,0.7646043
1963-11-06,31.5,-25.0,0.004778777
1963-11-07,31.5,-25.0,0.07550466
1963-11-08,31.5,-25.0,0.0
1963-11-09,31.5,-25.0,0.0019115105
1963-11-10,31.5,-25.0,0.0
1963-11-11,31.5,-25.0,0.0
1963-11-12,31.5,-25.0,0.34024888
1963-11-13,31.5,-25.0,1.3466593
1963-11-14,31.5,-25.0,0.14814208
1963-11-15,31.5,-25.0,0.009557554
1963-11-16,31.5,-25.0,0.6126391
1963-11-17,31.5,-25.0,0.00095575524
1963-11-18,31.5,-25.0,3.1377447
1963-11-19,31.5,-25.0,0.58970106
1963-11-20,31.5,-25.0,2.4591584
1963-11-21,31.5,-25.0,0.25423092
1963-11-22,31.5,-25.0,0.08792949
1963-11-23,31.5,-25.0,0.07646043
1963-11-24,31.5,-25.0,0.8248168
1963-11-25,31.5,-25.0,1.3313671
1963-11-26,31.5,-25.0,0.00095575524
1963-11-27,31.5,-25.0,0.36127555
1963-11-28,31.5,-25.0,0.36987734
1963-11-29,31.5,-25.0,0.1175579
1963-11-30,31.5,-25.0,0.021026617
1963-12-01,31.5,-25.0,0.0
1963-12-02,31.5,-25.0,5.3993936
1963-12-03,31.5,-25.0,1.1555004
1963-12-04,31.5,-25.0,0.0010082901
1963-12-05,31.5,-25.0,2.0881689
1963-12-06,31.5,-25.0,0.0010082901
1963-12-07,31.5,-25.0,0.015124353
1963-12-08,31.5,-25.0,0.08066321
1963-12-09,31.5,-25.0,0.20972437
1963-12-10,31.5,-25.0,2.4259462
1963-12-11,31.5,-25.0,1.0748373
1963-12-12,31.5,-25.0,21.32433
1963-12-13,31.5,-25.0,0.6785793
1963-12-14,31.5,-25.0,0.05444767
1963-12-15,31.5,-25.0,2.9260578
1963-12-16,31.5,-25.0,0.5989243
1963-12-17,31.5,-25.0,0.0
1963-12-18,31.5,-25.0,0.014116062
1963-12-19,31.5,-25.0,0.07562176
1963-12-20,31.5,-25.0,0.12502798
1963-12-21,31.5,-25.0,3.5370817
1963-12-22,31.5,-25.0,1.928859
1963-12-23,31.5,-25.0,0.5122114
1963-12-24,31.5,-25.0,0.016132642
1963-12-25,31.5,-25.0,0.0
1963-12-26,31.5,-25.0,0.0
1963-12-27,31.5,-25.0,0.008066321
1963-12-28,31.5,-25.0,0.04436477
1963-12-29,31.5,-25.0,0.0
1963-12-30,31.5,-25.0,0.92460203
1963-12-31,31.5,-25.0,0.18449509
1964-01-01,31.5,-25.0,1.3962636
1964-01-02,31.5,-25.0,11.638978
1964-01-03,31.5,-25.0,0.122963145
1964-01-04,31.5,-25.0,-1.6653347e-13
1964-01-05,31.5,-25.0,0.07699561
1964-01-06,31.5,-25.0,1.0250759
1964-01-07,31.5,-25.0,0.66882753
1964-01-08,31.5,-25.0,14.82453
1964-01-09,31.5,-25.0,29.962784
1964-01-10,31.5,-25.0,2.3098686
1964-01-11,31.5,-25.0,0.32177272
1964-01-12,31.5,-25.0,1.0928781
1964-01-13,31.5,-25.0,0.2344344
1964-01-14,31.5,-25.0,0.40566346
1964-01-15,31.5,-25.0,1.3905178
1964-01-16,31.5,-25.0,0.021834577
1964-01-17,31.5,-25.0,2.338598
1964-01-18,31.5,-25.0,2.0283172
1964-01-19,31.5,-25.0,0.013790259
1964-01-20,31.5,-25.0,2.589121
1964-01-21,31.5,-25.0,39.414856
1964-01-22,31.5,-25.0,0.018387014
1964-01-23,31.5,-25.0,-1.6653347e-13
1964-01-24,31.5,-25.0,0.06550373
1964-01-25,31.5,-25.0,2.1099098
1964-01-26,31.5,-25.0,3.7681882
1964-01-27,31.5,-25.0,12.421576
1964-01-28,31.5,-25.0,0.20570469
1964-01-29,31.5,-25.0,3.7635918
1964-01-30,31.5,-25.0,1.3744291
1964-01-31,31.5,-25.0,0.15858798
1964-02-01,31.5,-25.0,0.9977459
1964-02-02,31.5,-25.0,1.8300415
1964-02-03,31.5,-25.0,0.09987548
1964-02-04,31.5,-25.0,0.016141491
1964-02-05,31.5,-25.0,0.0030265292
1964-02-06,31.5,-25.0,0.0
1964-02-07,31.5,-25.0,0.045397945
1964-02-08,31.5,-25.0,0.8393575
1964-02-09,31.5,-25.0,4.4106627
1964-02-10,31.5,-25.0,12.876873
1964-02-11,31.5,-25.0,5.8916445
1964-02-12,31.5,-25.0,1.2570186
1964-02-13,31.5,-25.0,0.31072366
1964-02-14,31.5,-25.0,0.11299044
1964-02-15,31.5,-25.0,0.51350117
1964-02-16,31.5,-25.0,5.5778937
1964-02-17,31.5,-25.0,1.4587872
1964-02-18,31.5,-25.0,19.60586
1964-02-19,31.5,-25.0,3.1082458
1964-02-20,31.5,-25.0,0.0
1964-02-21,31.5,-25.0,0.0
1964-02-22,31.5,-25.0,0.045397945
1964-02-23,31.5,-25.0,1.4073362
1964-02-24,31.5,-25.0,0.014123805
1964-02-25,31.5,-25.0,0.01916802
1964-02-26,31.5,-25.0,0.042371407
1964-02-27,31.5,-25.0,0.02320339
1964-02-28,31.5,-25.0,0.0
1964-02-29,31.5,-25.0,0.0
1964-03-01,31.5,-25.0,0.01730628
1964-03-02,31.5,-25.0,0.10383768
1964-03-03,31.5,-25.0,0.0067302193
1964-03-04,31.5,-25.0,0.2307504
1964-03-05,31.5,-25.0,0.19806075
1964-03-06,31.5,-25.0,0.00769168
1964-03-07,31.5,-25.0,0.0048073
1964-03-08,31.5,-25.0,1.7863927
1964-03-09,31.5,-25.0,2.3815365
1964-03-10,31.5,-25.0,0.7864742
1964-03-11,31.5,-25.0,0.00384584
1964-03-12,31.5,-25.0,0.02211358
1964-03-13,31.5,-25.0,0.5682229
1964-03-14,31.5,-25.0,0.0
1964-03-15,31.5,-25.0,0.0
1964-03-16,31.5,-25.0,1.1672124
1964-03-17,31.5,-25.0,0.38650692
1964-03-18,31.5,-25.0,0.6816751
1964-03-19,31.5,-25.0,3.1891627
1964-03-20,31.5,-25.0,0.635525
1964-03-21,31.5,-25.0,0.00096146
1964-03-22,31.5,-25.0,0.0721095
1964-03-23,31.5,-25.0,0.6912898
1964-03-24,31.5,-25.0,4.5582814
1964-03-25,31.5,-25.0,2.44307
1964-03-26,31.5,-25.0,0.12306688
1964-03-27,31.5,-25.0,0.00096146
1964-03-28,31.5,-25.0,0.10768352
1964-03-29,31.5,-25.0,0.08845432
1964-03-30,31.5,-25.0,0.13845024
1964-03-31,31.5,-25.0,0.1970993
1964-04-01,31.5,-25.0,0.0
1964-04-02,31.5,-25.0,0.0069698137
1964-04-03,31.5,-25.0,0.0079655005
1964-04-04,31.5,-25.0,0.4281457
1964-04-05,31.5,-25.0,0.5038179
1964-04-06,31.5,-25.0,0.0
1964-04-07,31.5,-25.0,0.009956876
1964-04-08,31.5,-25.0,0.042814568
1964-04-09,31.5,-25.0,4.551288
1964-04-10,31.5,-25.0,1.4815832
1964-04-11,31.5,-25.0,1.2346525
1964-04-12,31.5,-25.0,0.3245942
1964-04-13,31.5,-25.0,0.009956876
1964-04-14,31.5,-25.0,2.6146755
1964-04-15,31.5,-25.0,11.474303
1964-04-16,31.5,-25.0,0.0
1964-04-17,31.5,-25.0,0.0
1964-04-18,31.5,-25.0,0.0
1964-04-19,31.5,-25.0,4.8470073
1964-04-20,31.5,-25.0,0.73780453
1964-04-21,31.5,-25.0,0.010952564
1964-04-22,31.5,-25.0,0.0
1964-04-23,31.5,-25.0,0.0
1964-04-24,31.5,-25.0,0.0
1964-04-25,31.5,-25.0,0.0
1964-04-26,31.5,-25.0,0.42814565
1964-04-27,31.5,-25.0,1.854966
1964-04-28,31.5,-25.0,7.248606
1964-04-29,31.5,-25.0,0.09459032
1964-04-30,31.5,-25.0,0.0007968703
1964-05-01,31.5,-25.0,0.0015937407
1964-05-02,31.5,-25.0,0.0
1964-05-03,31.5,-25.0,0.0
1964-05-04,31.5,-25.0,0.012749923
1964-05-05,31.5,-25.0,0.0
1964-05-06,31.5,-25.0,0.0
1964-05-07,31.5,-25.0,0.0
1964-05-08,31.5,-25.0,0.45102856
1964-05-09,31.5,-25.0,0.085265115
1964-05-10,31.5,-25.0,0.0
1964-05-11,31.5,-25.0,0.0
1964-05-12,31.5,-25.0,0.41118506
1964-05-13,31.5,-25.0,2.5420163
1964-05-14,31.5,-25.0,0.0
1964-05-15,31.5,-25.0,0.0
1964-05-16,31.5,-25.0,0.0
1964-05-17,31.5,-25.0,0.0
1964-05-18,31.5,-25.0,0.0
1964-05-19,31.5,-25.0,0.07570268
1964-05-20,31.5,-25.0,0.0
1964-05-21,31.5,-25.0,0.009562442
1964-05-22,31.5,-25.0,0.2008113
1964-05-23,31.5,-25.0,0.0007968703
1964-05-24,31.5,-25.0,0.0
1964-05-25,31.5,-25.0,0.0
1964-05-26,31.5,-25.0,0.14343664
1964-05-27,31.5,-25.0,2.094972
1964-05-28,31.5,-25.0,0.6422774
1964-05-29,31.5,-25.0,0.0007968703
1964-05-30,31.5,-25.0,0.0
1964-05-31,31.5,-25.0,0.32180396
1964-06-01,31.5,-25.0,0.03812736
1964-06-02,31.5,-25.0,0.0
1964-06-03,31.5,-25.0,0.0
1964-06-04,31.5,-25.0,0.0
1964-06-05,31.5,-25.0,0.0
1964-06-06,31.5,-25.0,0.0
1964-06-07,31.5,-25.0,0.0
1964-06-08,31.5,-25.0,0.0
1964-06-09,31.5,-25.0,0.0
1964-06-10,31.5,-25.0,0.0
1964-06-11,31.5,-25.0,0.0
1964-06-12,31.5,-25.0,0.6156862
1964-06-13,31.5,-25.0,0.00070606224
1964-06-14,31.5,-25.0,0.0
1964-06-15,31.5,-25.0,0.0
1964-06-16,31.5,-25.0,0.0
1964-06-17,31.5,-25.0,0.0
1964-06-18,31.5,-25.0,0.0077666836
1964-06-19,31.5,-25.0,0.72795
1964-06-20,31.5,-25.0,12.263594
1964-06-21,31.5,-25.0,0.0035303105
1964-06-22,31.5,-25.0,0.0
1964-06-23,31.5,-25.0,0.0
1964-06-24,31.5,-25.0,0.0
1964-06-25,31.5,-25.0,0.0
1964-06-26,31.5,-25.0,0.0
1964-06-27,31.5,-25.0,0.0
1964-06-28,31.5,-25.0,0.0
1964-06-29,31.5,-25.0,0.0
1964-06-30,31.5,-25.0,0.0
1964-07-01,31.5,-25.0,0.0
1964-07-02,31.5,-25.0,0.0
1964-07-03,31.5,-25.0,0.0
1964-07-04,31.5,-25.0,0.0
1964-07-05,31.5,-25.0,0.027809255
1964-07-06,31.5,-25.0,0.017797925
1964-07-07,31.5,-25.0,0.0
1964-07-08,31.5,-25.0,0.0
1964-07-09,31.5,-25.0,0.0
1964-07-10,31.5,-25.0,0.0
1964-07-11,31.5,-25.0,0.0
1964-07-12,31.5,-25.0,0.0
1964-07-13,31.5,-25.0,0.0
1964-07-14,31.5,-25.0,0.0
1964-07-15,31.5,-25.0,0.0
1964-07-16,31.5,-25.0,0.0
1964-07-17,31.5,-25.0,0.0
1964-07-18,31.5,-25.0,0.0
1964-07-19,31.5,-25.0,0.0
1964-07-20,31.5,-25.0,0.0
1964-07-21,31.5,-25.0,0.0
1964-07-22,31.5,-25.0,0.0
1964-07-23,31.5,-25.0,0.0
1964-07-24,31.5,-25.0,0.0
1964-07-25,31.5,-25.0,0.010011332
1964-07-26,31.5,-25.0,0.0
1964-07-27,31.5,-25.0,0.0
1964-07-28,31.5,-25.0,0.0
1964-07-29,31.5,-25.0,0.0
1964-07-30,31.5,-25.0,0.0
1964-07-31,31.5,-25.0,0.0
1964-08-01,31.5,-25.0,0.0
1964-08-02,31.5,-25.0,0.5015514
1964-08-03,31.5,-25.0,0.7631026
1964-08-04,31.5,-25.0,0.13126539
1964-08-05,31.5,-25.0,0.740572
1964-08-06,31.5,-25.0,0.0
1964-08-07,31.5,-25.0,0.009795925
1964-08-08,31.5,-25.0,0.0019591847
1964-08-09,31.5,-25.0,0.0
1964-08-10,31.5,-25.0,0.0
1964-08-11,31.5,-25.0,0.0
1964-08-12,31.5,-25.0,0.0029387772
1964-08-13,31.5,-25.0,0.2586124
1964-08-14,31.5,-25.0,0.0
1964-08-15,31.5,-25.0,0.0
1964-08-16,31.5,-25.0,0.0
1964-08-17,31.5,-25.0,0.005877554
1964-08-18,31.5,-25.0,0.0058775544
1964-08-19,31.5,-25.0,0.35167372
1964-08-20,31.5,-25.0,0.0
1964-08-21,31.5,-25.0,0.09306128
1964-08-22,31.5,-25.0,0.0391837
1964-08-23,31.5,-25.0,0.0
1964-08-24,31.5,-25.0,0.015673479
1964-08-25,31.5,-25.0,0.0
1964-08-26,31.5,-25.0,0.0
1964-08-27,31.5,-25.0,0.0
1964-08-28,31.5,-25.0,0.009795924
1964-08-29,31.5,-25.0,0.0009795923
1964-08-30,31.5,-25.0,0.0
1964-08-31,31.5,-25.0,0.0
1964-09-01,31.5,-25.0,0.0
1964-09-02,31.5,-25.0,0.52036905
1964-09-03,31.5,-25.0,0.081185386
1964-09-04,31.5,-25.0,0.14574245
1964-09-05,31.5,-25.0,0.011737647
1964-09-06,31.5,-25.0,0.0058688233
1964-09-07,31.5,-25.0,0.24746871
1964-09-08,31.5,-25.0,0.0841198
1964-09-09,31.5,-25.0,0.0
1964-09-10,31.5,-25.0,0.0
1964-09-11,31.5,-25.0,0.0
1964-09-12,31.5,-25.0,0.0
1964-09-13,31.5,-25.0,0.04108176
1964-09-14,31.5,-25.0,0.21714646
1964-09-15,31.5,-25.0,0.56927586
1964-09-16,31.5,-25.0,2.059957
1964-09-17,31.5,-25.0,0.36875772
1964-09-18,31.5,-25.0,0.0
1964-09-19,31.5,-25.0,0.099769995
1964-09-20,31.5,-25.0,0.0
1964-09-21,31.5,-25.0,0.0
1964-09-22,31.5,-25.0,0.79815996
1964-09-23,31.5,-25.0,0.0
1964-09-24,31.5,-25.0,0.0
1964-09-25,31.5,-25.0,0.0
1964-09-26,31.5,-25.0,0.0029344116
1964-09-27,31.5,-25.0,0.0019562743
1964-09-28,31.5,-25.0,0.0019562743
1964-09-29,31.5,-25.0,0.030322254
1964-09-30,31.5,-25.0,0.0
1964-10-01,31.5,-25.0,0.567675
1964-10-02,31.5,-25.0,2.1888342
1964-10-03,31.5,-25.0,4.152537
1964-10-04,31.5,-25.0,4.355047
1964-10-05,31.5,-25.0,0.3834768
1964-10-06,31.5,-25.0,0.051704735
1964-10-07,31.5,-25.0,0.08186583
1964-10-08,31.5,-25.0,0.007540275
1964-10-09,31.5,-25.0,0.0
1964-10-10,31.5,-25.0,0.0
1964-10-11,31.5,-25.0,0.0
1964-10-12,31.5,-25.0,0.0
1964-10-13,31.5,-25.0,0.18958405
1964-10-14,31.5,-25.0,0.27252704
1964-10-15,31.5,-25.0,0.0
1964-10-16,31.5,-25.0,0.08940612
1964-10-17,31.5,-25.0,0.02154364
1964-10-18,31.5,-25.0,0.5838327
1964-10-19,31.5,-25.0,0.96300083
1964-10-20,31.5,-25.0,1.3335515
1964-10-21,31.5,-25.0,5.2189474
1964-10-22,31.5,-25.0,10.29032
1964-10-23,31.5,-25.0,1.0244002
1964-10-24,31.5,-25.0,0.0010771821
1964-10-25,31.5,-25.0,1.6739411
1964-10-26,31.5,-25.0,2.224381
1964-10-27,31.5,-25.0,10.016716
1964-10-28,31.5,-25.0,1.668555
1964-10-29,31.5,-25.0,0.0043087285
1964-10-30,31.5,-25.0,0.01938928
1964-10-31,31.5,-25.0,0.01077182
1964-11-01,31.5,-25.0,-1.6653347e-13
1964-11-02,31.5,-25.0,2.2399914
1964-11-03,31.5,-25.0,0.061584108
1964-11-04,31.5,-25.0,1.0030904
1964-11-05,31.5,-25.0,0.274519
1964-11-06,31.5,-25.0,0.008350387
1964-11-07,31.5,-25.0,-1.6653347e-13
1964-11-08,31.5,-25.0,-1.6653347e-13
1964-11-09,31.5,-25.0,1.4874127
1964-11-10,31.5,-25.0,3.2639575
1964-11-11,31.5,-25.0,1.9049323
1964-11-12,31.5,-25.0,7.608247
1964-11-13,31.5,-25.0,0.6137535
1964-11-14,31.5,-25.0,0.1430004
1964-11-15,31.5,-25.0,0.029226359
1964-11-16,31.5,-25.0,-1.6653347e-13
1964-11-17,31.5,-25.0,0.057408918
1964-11-18,31.5,-25.0,19.767454
1964-11-19,31.5,-25.0,11.365921
1964-11-20,31.5,-25.0,11.423329
1964-11-21,31.5,-25.0,3.9685216
1964-11-22,31.5,-25.0,0.35697904
1964-11-23,31.5,-25.0,-1.6653347e-13
1964-11-24,31.5,-25.0,-1.6653347e-13
1964-11-25,31.5,-25.0,-1.6653347e-13
1964-11-26,31.5,-25.0,1.4811499
1964-11-27,31.5,-25.0,1.6930411
1964-11-28,31.5,-25.0,2.118911
1964-11-29,31.5,-25.0,0.16805154
1964-11-30,31.5,-25.0,0.052189924
1964-12-01,31.5,-25.0,12.44644
1964-12-02,31.5,-25.0,1.9514627
1964-12-03,31.5,-25.0,0.08284983
1964-12-04,31.5,-25.0,0.009981907
1964-12-05,31.5,-25.0,3.1273313
1964-12-06,31.5,-25.0,10.257406
1964-12-07,31.5,-25.0,5.3582873
1964-12-08,31.5,-25.0,0.0958263
1964-12-09,31.5,-25.0,11.744713
1964-12-10,31.5,-25.0,12.396529
1964-12-11,31.5,-25.0,19.26009
1964-12-12,31.5,-25.0,7.1580257
1964-12-13,31.5,-25.0,0.35835046
1964-12-14,31.5,-25.0,15.467963
1964-12-15,31.5,-25.0,6.208746
1964-12-16,31.5,-25.0,4.376068
1964-12-17,31.5,-25.0,8.213113
1964-12-18,31.5,-25.0,0.8514567
1964-12-19,31.5,-25.0,13.173122
1964-12-20,31.5,-25.0,0.18865804
1964-12-21,31.5,-25.0,1.2816768
1964-12-22,31.5,-25.0,0.0
1964-12-23,31.5,-25.0,2.7809591
1964-12-24,31.5,-25.0,0.72368824
1964-12-25,31.5,-25.0,1.0690622
1964-12-26,31.5,-25.0,0.0
1964-12-27,31.5,-25.0,0.5609832
1964-12-28,31.5,-25.0,1.6060889
1964-12-29,31.5,-25.0,0.9492793
1964-12-30,31.5,-25.0,17.457357
1964-12-31,31.5,-25.0,2.02764
1965-01-01,31.5,-25.0,0.399325
1965-01-02,31.5,-25.0,0.45931327
1965-01-03,31.5,-25.0,2.0619855
1965-01-04,31.5,-25.0,0.51392955
1965-01-05,31.5,-25.0,0.17280208
1965-01-06,31.5,-25.0,2.4156477
1965-01-07,31.5,-25.0,0.21219738
1965-01-08,31.5,-25.0,0.80670816
1965-01-09,31.5,-25.0,0.0053720856
1965-01-10,31.5,-25.0,8.3266734e-14
1965-01-11,31.5,-25.0,2.8677983
1965-01-12,31.5,-25.0,4.3102036
1965-01-13,31.5,-25.0,4.73997
1965-01-14,31.5,-25.0,1.4191259
1965-01-15,31.5,-25.0,0.98846364
1965-01-16,31.5,-25.0,0.93295217
1965-01-17,31.5,-25.0,7.1323385
1965-01-18,31.5,-25.0,1.7342881
1965-01-19,31.5,-25.0,0.44767374
1965-01-20,31.5,-25.0,2.1855433
1965-01-21,31.5,-25.0,0.3214298
1965-01-22,31.5,-25.0,0.009848824
1965-01-23,31.5,-25.0,8.3266734e-14
1965-01-24,31.5,-25.0,1.3116841
1965-01-25,31.5,-25.0,1.762044
1965-01-26,31.5,-25.0,1.1827543
1965-01-27,31.5,-25.0,2.2840314
1965-01-28,31.5,-25.0,0.017011605
1965-01-29,31.5,-25.0,0.08147663
1965-01-30,31.5,-25.0,15.856606
1965-01-31,31.5,-25.0,0.35903436
1965-02-01,31.5,-25.0,20.129921
1965-02-02,31.5,-25.0,16.822086
1965-02-03,31.5,-25.0,2.7710376
1965-02-04,31.5,-25.0,0.09119347
1965-02-05,31.5,-25.0,0.12435472
1965-02-06,31.5,-25.0,0.11191924
1965-02-07,31.5,-25.0,1.6653347e-13
1965-02-08,31.5,-25.0,1.6653347e-13
1965-02-09,31.5,-25.0,0.16062485
1965-02-10,31.5,-25.0,1.6653347e-13
1965-02-11,31.5,-25.0,0.9264426
1965-02-12,31.5,-25.0,0.7958702
1965-02-13,31.5,-25.0,0.35855612
1965-02-14,31.5,-25.0,0.01450805
1965-02-15,31.5,-25.0,0.10259265
1965-02-16,31.5,-25.0,0.006217736
1965-02-17,31.5,-25.0,0.024870943
1965-02-18,31.5,-25.0,3.3648312
1965-02-19,31.5,-25.0,0.7927613
1965-02-20,31.5,-25.0,0.40415284
1965-02-21,31.5,-25.0,1.3616842
1965-02-22,31.5,-25.0,10.618857
1965-02-23,31.5,-25.0,0.08912088
1965-02-24,31.5,-25.0,0.014508052
1965-02-25,31.5,-25.0,0.047669306
1965-02-26,31.5,-25.0,0.94716847
1965-02-27,31.5,-25.0,1.8891556
1965-02-28,31.5,-25.0,3.6225119
1965-03-01,31.5,-25.0,0.9955355
1965-03-02,31.5,-25.0,0.3409636
1965-03-03,31.5,-25.0,1.5387325
1965-03-04,31.5,-25.0,0.101605184
1965-03-05,31.5,-25.0,0.1553387
1965-03-06,31.5,-25.0,0.014654595
1965-03-07,31.5,-25.0,0.60181534
1965-03-08,31.5,-25.0,2.4355936
1965-03-09,31.5,-25.0,0.20027944
1965-03-10,31.5,-25.0,0.68388116
1965-03-11,31.5,-25.0,-1.6653347e-13
1965-03-12,31.5,-25.0,-1.6653347e-13
1965-03-13,31.5,-25.0,0.0029309187
1965-03-14,31.5,-25.0,0.011723676
1965-03-15,31.5,-25.0,0.049825624
1965-03-16,31.5,-25.0,0.05666443
1965-03-17,31.5,-25.0,-1.6653347e-13
1965-03-18,31.5,-25.0,0.027355243
1965-03-19,31.5,-25.0,0.028332215
1965-03-20,31.5,-25.0,0.004884865
1965-03-21,31.5,-25.0,1.0824862
1965-03-22,31.5,-25.0,3.1243596
1965-03-23,31.5,-25.0,3.5893989
1965-03-24,31.5,-25.0,1.9813011
1965-03-25,31.5,-25.0,1.3325912
1965-03-26,31.5,-25.0,0.8284731
1965-03-27,31.5,-25.0,-1.6653347e-13
1965-03-28,31.5,-25.0,-1.6653347e-13
1965-03-29,31.5,-25.0,-1.6653347e-13
1965-03-30,31.5,-25.0,0.31360832
1965-03-31,31.5,-25.0,0.74809945
1965-04-01,31.5,-25.0,0.83250207
1965-04-02,31.5,-25.0,0.014213448
1965-04-03,31.5,-25.0,0.44467783
1965-04-04,31.5,-25.0,0.25482678
1965-04-05,31.5,-25.0,0.032487884
1965-04-06,31.5,-25.0,0.0
1965-04-07,31.5,-25.0,0.0030457387
1965-04-08,31.5,-25.0,0.0
1965-04-09,31.5,-25.0,0.0
1965-04-10,31.5,-25.0,0.0
1965-04-11,31.5,-25.0,0.0
1965-04-12,31.5,-25.0,0.0060914773
1965-04-13,31.5,-25.0,1.1837772
1965-04-14,31.5,-25.0,0.039594606
1965-04-15,31.5,-25.0,0.38985455
1965-04-16,31.5,-25.0,0.2873147
1965-04-17,31.5,-25.0,0.0
1965-04-18,31.5,-25.0,0.0
1965-04-19,31.5,-25.0,0.0
1965-04-20,31.5,-25.0,0.0
1965-04-21,31.5,-25.0,5.3554244
1965-04-22,31.5,-25.0,7.140228
1965-04-23,31.5,-25.0,0.64366615
1965-04-24,31.5,-25.0,0.45686084
1965-04-25,31.5,-25.0,0.07106724
1965-04-26,31.5,-25.0,0.0
1965-04-27,31.5,-25.0,0.0
1965-04-28,31.5,-25.0,0.0
1965-04-29,31.5,-25.0,0.0
1965-04-30,31.5,-25.0,0.020304926
1965-05-01,31.5,-25.0,0.0
1965-05-02,31.5,-25.0,0.0
1965-05-03,31.5,-25.0,0.0
1965-05-04,31.5,-25.0,0.04833366
1965-05-05,31.5,-25.0,0.024166832
1965-05-06,31.5,-25.0,0.292502
1965-05-07,31.5,-25.0,0.045833647
1965-05-08,31.5,-25.0,0.004166695
1965-05-09,31.5,-25.0,0.021666814
1965-05-10,31.5,-25.0,0.068333805
1965-05-11,31.5,-25.0,0.0
1965-05-12,31.5,-25.0,0.0
1965-05-13,31.5,-25.0,0.0
1965-05-14,31.5,-25.0,0.0
1965-05-15,31.5,-25.0,0.0
1965-05-16,31.5,-25.0,0.0
1965-05-17,31.5,-25.0,0.008333391
1965-05-18,31.5,-25.0,0.00083333894
1965-05-19,31.5,-25.0,0.0
1965-05-20,31.5,-25.0,0.0
1965-05-21,31.5,-25.0,0.0
1965-05-22,31.5,-25.0,0.0
1965-05-23,31.5,-25.0,0.0
1965-05-24,31.5,-25.0,0.0
1965-05-25,31.5,-25.0,0.0041666953
1965-05-26,31.5,-25.0,0.0
1965-05-27,31.5,-25.0,0.0
1965-05-28,31.5,-25.0,0.011666746
1965-05-29,31.5,-25.0,0.0016666779
1965-05-30,31.5,-25.0,0.0
1965-05-31,31.5,-25.0,0.17391336
1965-06-01,31.5,-25.0,1.0978897
1965-06-02,31.5,-25.0,1.6653347e-13
1965-06-03,31.5,-25.0,1.6653347e-13
1965-06-04,31.5,-25.0,1.6653347e-13
1965-06-05,31.5,-25.0,1.6653347e-13
1965-06-06,31.5,-25.0,1.6653347e-13
1965-06-07,31.5,-25.0,1.6653347e-13
1965-06-08,31.5,-25.0,1.2579985
1965-06-09,31.5,-25.0,0.91291904
1965-06-10,31.5,-25.0,0.0009944651
1965-06-11,31.5,-25.0,1.6653347e-13
1965-06-12,31.5,-25.0,1.6653347e-13
1965-06-13,31.5,-25.0,1.6653347e-13
1965-06-14,31.5,-25.0,1.6653347e-13
1965-06-15,31.5,-25.0,1.6653347e-13
1965-06-16,31.5,-25.0,0.243644
1965-06-17,31.5,-25.0,0.7319264
1965-06-18,31.5,-25.0,0.42960897
1965-06-19,31.5,-25.0,1.6653347e-13
1965-06-20,31.5,-25.0,1.6653347e-13
1965-06-21,31.5,-25.0,1.6653347e-13
1965-06-22,31.5,-25.0,1.6653347e-13
1965-06-23,31.5,-25.0,1.6653347e-13
1965-06-24,31.5,-25.0,1.6653347e-13
1965-06-25,31.5,-25.0,1.6653347e-13
1965-06-26,31.5,-25.0,1.6653347e-13
1965-06-27,31.5,-25.0,1.6653347e-13
1965-06-28,31.5,-25.0,1.6653347e-13
1965-06-29,31.5,-25.0,1.6653347e-13
1965-06-30,31.5,-25.0,1.5959456e-13
1965-07-01,31.5,-25.0,0.0
1965-07-02,31.5,-25.0,0.0
1965-07-03,31.5,-25.0,0.0
1965-07-04,31.5,-25.0,0.0
1965-07-05,31.5,-25.0,0.0
1965-07-06,31.5,-25.0,0.0
1965-07-07,31.5,-25.0,0.0032630963
1965-07-08,31.5,-25.0,0.0
1965-07-09,31.5,-25.0,0.0
1965-07-10,31.5,-25.0,0.0
1965-07-11,31.5,-25.0,0.0
1965-07-12,31.5,-25.0,0.0
1965-07-13,31.5,-25.0,0.14031315
1965-07-14,31.5,-25.0,0.24717954
1965-07-15,31.5,-25.0,0.04976222
1965-07-16,31.5,-25.0,0.0
1965-07-17,31.5,-25.0,0.0
1965-07-18,31.5,-25.0,0.03834138
1965-07-19,31.5,-25.0,0.14031315
1965-07-20,31.5,-25.0,0.0
1965-07-21,31.5,-25.0,0.0
1965-07-22,31.5,-25.0,0.0040788706
1965-07-23,31.5,-25.0,0.0
1965-07-24,31.5,-25.0,0.0
1965-07-25,31.5,-25.0,0.8190372
1965-07-26,31.5,-25.0,0.0
1965-07-27,31.5,-25.0,0.0
1965-07-28,31.5,-25.0,0.0
1965-07-29,31.5,-25.0,0.0
1965-07-30,31.5,-25.0,0.0
1965-07-31,31.5,-25.0,0.14234641
1965-08-01,31.5,-25.0,0.001899374
1965-08-02,31.5,-25.0,0.015194992
1965-08-03,31.5,-25.0,0.07122652
1965-08-04,31.5,-25.0,0.0
1965-08-05,31.5,-25.0,0.0
1965-08-06,31.5,-25.0,0.000949687
1965-08-07,31.5,-25.0,0.0028490606
1965-08-08,31.5,-25.0,0.042735912
1965-08-09,31.5,-25.0,0.0
1965-08-10,31.5,-25.0,0.0
1965-08-11,31.5,-25.0,0.0
1965-08-12,31.5,-25.0,0.0
1965-08-13,31.5,-25.0,0.0
1965-08-14,31.5,-25.0,0.0
1965-08-15,31.5,-25.0,0.0
1965-08-16,31.5,-25.0,0.0
1965-08-17,31.5,-25.0,0.0
1965-08-18,31.5,-25.0,0.0
1965-08-19,31.5,-25.0,0.0
1965-08-20,31.5,-25.0,0.0028490606
1965-08-21,31.5,-25.0,0.0
1965-08-22,31.5,-25.0,0.0
1965-08-23,31.5,-25.0,0.005698121
1965-08-24,31.5,-25.0,0.0
1965-08-25,31.5,-25.0,0.0
1965-08-26,31.5,-25.0,0.0
1965-08-27,31.5,-25.0,3.5062442
1965-08-28,31.5,-25.0,14.246252
1965-08-29,31.5,-25.0,0.9800769
1965-08-30,31.5,-25.0,0.08832088
1965-08-31,31.5,-25.0,0.18993737
1965-09-01,31.5,-25.0,0.020666484
1965-09-02,31.5,-25.0,0.0
1965-09-03,31.5,-25.0,0.014053209
1965-09-04,31.5,-25.0,0.0
1965-09-05,31.5,-25.0,0.014879867
1965-09-06,31.5,-25.0,0.057866156
1965-09-07,31.5,-25.0,0.0033066378
1965-09-08,31.5,-25.0,0.0
1965-09-09,31.5,-25.0,0.0016533189
1965-09-10,31.5,-25.0,0.0
1965-09-11,31.5,-25.0,0.0
1965-09-12,31.5,-25.0,0.0
1965-09-13,31.5,-25.0,0.0
1965-09-14,31.5,-25.0,0.0
1965-09-15,31.5,-25.0,0.0
1965-09-16,31.5,-25.0,0.0
1965-09-17,31.5,-25.0,0.004133297
1965-09-18,31.5,-25.0,0.033066377
1965-09-19,31.5,-25.0,0.23807791
1965-09-20,31.5,-25.0,0.5943681
1965-09-21,31.5,-25.0,0.0123998895
1965-09-22,31.5,-25.0,0.0
1965-09-23,31.5,-25.0,0.03637301
1965-09-24,31.5,-25.0,4.5821733
1965-09-25,31.5,-25.0,13.942437
1965-09-26,31.5,-25.0,0.0
1965-09-27,31.5,-25.0,0.0
1965-09-28,31.5,-25.0,0.0
1965-09-29,31.5,-25.0,0.0
1965-09-30,31.5,-25.0,0.0073307026
1965-10-01,31.5,-25.0,1.3823452
1965-10-02,31.5,-25.0,0.0
1965-10-03,31.5,-25.0,0.0
1965-10-04,31.5,-25.0,0.0
1965-10-05,31.5,-25.0,0.0
1965-10-06,31.5,-25.0,0.0
1965-10-07,31.5,-25.0,0.0
1965-10-08,31.5,-25.0,0.0
1965-10-09,31.5,-25.0,0.36770165
1965-10-10,31.5,-25.0,0.14921227
1965-10-11,31.5,-25.0,0.15560707
1965-10-12,31.5,-25.0,0.10231699
1965-10-13,31.5,-25.0,0.0
1965-10-14,31.5,-25.0,0.0
1965-10-15,31.5,-25.0,0.001065802
1965-10-16,31.5,-25.0,0.0
1965-10-17,31.5,-25.0,0.09805377
1965-10-18,31.5,-25.0,5.6956463
1965-10-19,31.5,-25.0,8.317518
1965-10-20,31.5,-25.0,0.11084339
1965-10-21,31.5,-25.0,0.0
1965-10-22,31.5,-25.0,0.0
1965-10-23,31.5,-25.0,0.0
1965-10-24,31.5,-25.0,0.0
1965-10-25,31.5,-25.0,0.0
1965-10-26,31.5,-25.0,0.4050047
1965-10-27,31.5,-25.0,0.001065802
1965-10-28,31.5,-25.0,0.19930498
1965-10-29,31.5,-25.0,0.017052831
1965-10-30,31.5,-25.0,0.0
1965-10-31,31.5,-25.0,0.013043826
1965-11-01,31.5,-25.0,0.03472071
1965-11-02,31.5,-25.0,0.02777657
1965-11-03,31.5,-25.0,0.0
1965-11-04,31.5,-25.0,2.0108252
1965-11-05,31.5,-25.0,17.350437
1965-11-06,31.5,-25.0,0.82040083
1965-11-07,31.5,-25.0,6.1029096
1965-11-08,31.5,-25.0,1.4324774
1965-11-09,31.5,-25.0,0.0
1965-11-10,31.5,-25.0,0.0
1965-11-11,31.5,-25.0,0.0
1965-11-12,31.5,-25.0,1.5783044
1965-11-13,31.5,-25.0,11.771315
1965-11-14,31.5,-25.0,7.6306214
1965-11-15,31.5,-25.0,1.7717483
1965-11-16,31.5,-25.0,0.11011426
1965-11-17,31.5,-25.0,0.0
1965-11-18,31.5,-25.0,0.0
1965-11-19,31.5,-25.0,2.5643728
1965-11-20,31.5,-25.0,0.23709285
1965-11-21,31.5,-25.0,2.0703466
1965-11-22,31.5,-25.0,0.14384297
1965-11-23,31.5,-25.0,3.1714892
1965-11-24,31.5,-25.0,1.265818
1965-11-25,31.5,-25.0,0.8759539
1965-11-26,31.5,-25.0,1.2757382
1965-11-27,31.5,-25.0,0.7221908
1965-11-28,31.5,-25.0,0.9860682
1965-11-29,31.5,-25.0,1.4870385
1965-11-30,31.5,-25.0,0.9086907
1965-12-01,31.5,-25.0,0.0022325988
1965-12-02,31.5,-25.0,-1.6653347e-13
1965-12-03,31.5,-25.0,0.8751787
1965-12-04,31.5,-25.0,0.003348898
1965-12-05,31.5,-25.0,0.30474973
1965-12-06,31.5,-25.0,5.573683
1965-12-07,31.5,-25.0,2.8532612
1965-12-08,31.5,-25.0,0.36502987
1965-12-09,31.5,-25.0,10.803546
1965-12-10,31.5,-25.0,1.2859769
1965-12-11,31.5,-25.0,0.007814095
1965-12-12,31.5,-25.0,-1.6653347e-13
1965-12-13,31.5,-25.0,-1.6653347e-13
1965-12-14,31.5,-25.0,-1.6653347e-13
1965-12-15,31.5,-25.0,0.08707135
1965-12-16,31.5,-25.0,0.010046694
1965-12-17,31.5,-25.0,0.030140089
1965-12-18,31.5,-25.0,0.12279294
1965-12-19,31.5,-25.0,0.0011162994
1965-12-20,31.5,-25.0,-1.6653347e-13
1965-12-21,31.5,-25.0,1.9367793
1965-12-22,31.5,-25.0,0.021209687
1965-12-23,31.5,-25.0,2.8242378
1965-12-24,31.5,-25.0,0.075908355
1965-12-25,31.5,-25.0,-1.6653347e-13
1965-12-26,31.5,-25.0,-1.6653347e-13
1965-12-27,31.5,-25.0,-1.6653347e-13
1965-12-28,31.5,-25.0,1.1263461
1965-12-29,31.5,-25.0,2.6746533
1965-12-30,31.5,-25.0,0.9700643
1965-12-31,31.5,-25.0,0.13395593
1966-01-01,31.5,-25.0,0.03184262
1966-01-02,31.5,-25.0,0.0
1966-01-03,31.5,-25.0,0.23278055
1966-01-04,31.5,-25.0,0.23827061
1966-01-05,31.5,-25.0,0.26352513
1966-01-06,31.5,-25.0,0.0
1966-01-07,31.5,-25.0,7.053689
1966-01-08,31.5,-25.0,1.3922911
1966-01-09,31.5,-25.0,1.129864
1966-01-10,31.5,-25.0,0.10211599
1966-01-11,31.5,-25.0,0.0
1966-01-12,31.5,-25.0,0.359053
1966-01-13,31.5,-25.0,0.24815282
1966-01-14,31.5,-25.0,0.014274278
1966-01-15,31.5,-25.0,0.17897749
1966-01-16,31.5,-25.0,0.1701933
1966-01-17,31.5,-25.0,0.5050898
1966-01-18,31.5,-25.0,0.0076861493
1966-01-19,31.5,-25.0,0.036234707
1966-01-20,31.5,-25.0,35.967884
1966-01-21,31.5,-25.0,15.587511
1966-01-22,31.5,-25.0,0.90147555
1966-01-23,31.5,-25.0,0.6346563
1966-01-24,31.5,-25.0,0.012078235
1966-01-25,31.5,-25.0,3.3917878
1966-01-26,31.5,-25.0,3.3105347
1966-01-27,31.5,-25.0,5.5318317
1966-01-28,31.5,-25.0,11.156996
1966-01-29,31.5,-25.0,7.408351
1966-01-30,31.5,-25.0,0.8564567
1966-01-31,31.5,-25.0,-6.938894e-15
1966-02-01,31.5,-25.0,14.507713
1966-02-02,31.5,-25.0,1.9804113
1966-02-03,31.5,-25.0,0.00417368
1966-02-04,31.5,-25.0,11.836557
1966-02-05,31.5,-25.0,0.00104342
1966-02-06,31.5,-25.0,6.6403255
1966-02-07,31.5,-25.0,25.467796
1966-02-08,31.5,-25.0,3.4996312
1966-02-09,31.5,-25.0,4.7653
1966-02-10,31.5,-25.0,10.829658
1966-02-11,31.5,-25.0,4.352105
1966-02-12,31.5,-25.0,0.6782231
1966-02-13,31.5,-25.0,3.9733436
1966-02-14,31.5,-25.0,1.0131608
1966-02-15,31.5,-25.0,0.11373279
1966-02-16,31.5,-25.0,0.65109414
1966-02-17,31.5,-25.0,3.2878168
1966-02-18,31.5,-25.0,0.61457443
1966-02-19,31.5,-25.0,2.220398
1966-02-20,31.5,-25.0,0.72100335
1966-02-21,31.5,-25.0,0.041736804
1966-02-22,31.5,-25.0,1.8124208
1966-02-23,31.5,-25.0,0.18677218
1966-02-24,31.5,-25.0,0.06782231
1966-02-25,31.5,-25.0,-1.6653347e-13
1966-02-26,31.5,-25.0,0.0052171005
1966-02-27,31.5,-25.0,0.67926645
1966-02-28,31.5,-25.0,0.096059084
1966-03-01,31.5,-25.0,0.0021297992
1966-03-02,31.5,-25.0,0.0
1966-03-03,31.5,-25.0,0.0
1966-03-04,31.5,-25.0,0.15334556
1966-03-05,31.5,-25.0,0.79015553
1966-03-06,31.5,-25.0,1.1085606
1966-03-07,31.5,-25.0,0.0074542975
1966-03-08,31.5,-25.0,1.1341183
1966-03-09,31.5,-25.0,0.06389399
1966-03-10,31.5,-25.0,0.0
1966-03-11,31.5,-25.0,0.0031946988
1966-03-12,31.5,-25.0,3.5738034
1966-03-13,31.5,-25.0,0.045790687
1966-03-14,31.5,-25.0,0.0
1966-03-15,31.5,-25.0,0.0
1966-03-16,31.5,-25.0,0.0042595984
1966-03-17,31.5,-25.0,0.54416376
1966-03-18,31.5,-25.0,0.046855584
1966-03-19,31.5,-25.0,0.0021297992
1966-03-20,31.5,-25.0,0.079867475
1966-03-21,31.5,-25.0,0.0021297992
1966-03-22,31.5,-25.0,0.0
1966-03-23,31.5,-25.0,0.0
1966-03-24,31.5,-25.0,0.0
1966-03-25,31.5,-25.0,0.0
1966-03-26,31.5,-25.0,0.008519197
1966-03-27,31.5,-25.0,0.0021297992
1966-03-28,31.5,-25.0,0.0
1966-03-29,31.5,-25.0,0.0
1966-03-30,31.5,-25.0,1.7187481
1966-03-31,31.5,-25.0,0.29796755
1966-04-01,31.5,-25.0,0.025892682
1966-04-02,31.5,-25.0,0.008285658
1966-04-03,31.5,-25.0,1.6653347e-13
1966-04-04,31.5,-25.0,1.6653347e-13
1966-04-05,31.5,-25.0,0.14085618
1966-04-06,31.5,-25.0,9.601006
1966-04-07,31.5,-25.0,1.6653347e-13
1966-04-08,31.5,-25.0,1.6653347e-13
1966-04-09,31.5,-25.0,0.08285658
1966-04-10,31.5,-25.0,1.6653347e-13
1966-04-11,31.5,-25.0,0.052821066
1966-04-12,31.5,-25.0,0.38631883
1966-04-13,31.5,-25.0,0.4878181
1966-04-14,31.5,-25.0,1.6653347e-13
1966-04-15,31.5,-25.0,1.6653347e-13
1966-04-16,31.5,-25.0,0.004142829
1966-04-17,31.5,-25.0,0.006214244
1966-04-18,31.5,-25.0,0.003107122
1966-04-19,31.5,-25.0,9.2644005
1966-04-20,31.5,-25.0,1.6177747
1966-04-21,31.5,-25.0,0.006214244
1966-04-22,31.5,-25.0,1.6653347e-13
1966-04-23,31.5,-25.0,1.6653347e-13
1966-04-24,31.5,-25.0,1.6653347e-13
1966-04-25,31.5,-25.0,1.6653347e-13
1966-04-26,31.5,-25.0,0.0010357073
1966-04-27,31.5,-25.0,0.06939238
1966-04-28,31.5,-25.0,0.55203193
1966-04-29,31.5,-25.0,0.07767804
1966-04-30,31.5,-25.0,2.2995834
1966-05-01,31.5,-25.0,1.1399713
1966-05-02,31.5,-25.0,0.016082581
1966-05-03,31.5,-25.0,0.0
1966-05-04,31.5,-25.0,0.0
1966-05-05,31.5,-25.0,0.0
1966-05-06,31.5,-25.0,0.0
1966-05-07,31.5,-25.0,0.0
1966-05-08,31.5,-25.0,0.0
1966-05-09,31.5,-25.0,0.0
1966-05-10,31.5,-25.0,0.09554945
1966-05-11,31.5,-25.0,0.11068599
1966-05-12,31.5,-25.0,0.0
1966-05-13,31.5,-25.0,5.7604027
1966-05-14,31.5,-25.0,0.00662224
1966-05-15,31.5,-25.0,0.0
1966-05-16,31.5,-25.0,0.0
1966-05-17,31.5,-25.0,0.0
1966-05-18,31.5,-25.0,0.0
1966-05-19,31.5,-25.0,3.6611524
1966-05-20,31.5,-25.0,3.4322119
1966-05-21,31.5,-25.0,1.272416
1966-05-22,31.5,-25.0,0.0
1966-05-23,31.5,-25.0,0.0
1966-05-24,31.5,-25.0,0.0
1966-05-25,31.5,-25.0,0.0
1966-05-26,31.5,-25.0,0.0
1966-05-27,31.5,-25.0,0.0
1966-05-28,31.5,-25.0,0.0
1966-05-29,31.5,-25.0,0.0
1966-05-30,31.5,-25.0,0.0
1966-05-31,31.5,-25.0,0.0
1966-06-01,31.5,-25.0,0.0
1966-06-02,31.5,-25.0,0.30598858
1966-06-03,31.5,-25.0,0.36625904
1966-06-04,31.5,-25.0,0.27198985
1966-06-05,31.5,-25.0,0.071860954
1966-06-06,31.5,-25.0,0.14372191
1966-06-07,31.5,-25.0,1.4155836
1966-06-08,31.5,-25.0,0.50225395
1966-06-09,31.5,-25.0,0.0007726983
1966-06-10,31.5,-25.0,0.0
1966-06-11,31.5,-25.0,0.0
1966-06-12,31.5,-25.0,0.0
1966-06-13,31.5,-25.0,0.029362539
1966-06-14,31.5,-25.0,0.010045079
1966-06-15,31.5,-25.0,0.0030907933
1966-06-16,31.5,-25.0,0.18235683
1966-06-17,31.5,-25.0,0.0
1966-06-18,31.5,-25.0,0.040180314
1966-06-19,31.5,-25.0,0.0
1966-06-20,31.5,-25.0,0.0
1966-06-21,31.5,-25.0,0.032453336
1966-06-22,31.5,-25.0,0.76651686
1966-06-23,31.5,-25.0,0.034771428
1966-06-24,31.5,-25.0,0.016226666
1966-06-25,31.5,-25.0,0.13290413
1966-06-26,31.5,-25.0,0.064133964
1966-06-27,31.5,-25.0,0.0
1966-06-28,31.5,-25.0,0.0
1966-06-29,31.5,-25.0,0.0
1966-06-30,31.5,-25.0,0.0
1966-07-01,31.5,-25.0,0.0
1966-07-02,31.5,-25.0,0.0
1966-07-03,31.5,-25.0,0.16044816
1966-07-04,31.5,-25.0,0.0008356675
1966-07-05,31.5,-25.0,0.0
1966-07-06,31.5,-25.0,0.0
1966-07-07,31.5,-25.0,0.0
1966-07-08,31.5,-25.0,0.0
1966-07-09,31.5,-25.0,0.0
1966-07-10,31.5,-25.0,0.0008356675
1966-07-11,31.5,-25.0,0.0
1966-07-12,31.5,-25.0,0.0
1966-07-13,31.5,-25.0,0.0
1966-07-14,31.5,-25.0,0.0
1966-07-15,31.5,-25.0,0.0
1966-07-16,31.5,-25.0,0.0
1966-07-17,31.5,-25.0,0.0
1966-07-18,31.5,-25.0,0.0
1966-07-19,31.5,-25.0,0.0334267
1966-07-20,31.5,-25.0,0.12535012
1966-07-21,31.5,-25.0,0.03509803
1966-07-22,31.5,-25.0,0.0
1966-07-23,31.5,-25.0,0.0
1966-07-24,31.5,-25.0,0.009192342
1966-07-25,31.5,-25.0,0.031755365
1966-07-26,31.5,-25.0,0.0
1966-07-27,31.5,-25.0,0.0
1966-07-28,31.5,-25.0,0.010863677
1966-07-29,31.5,-25.0,0.0041783373
1966-07-30,31.5,-25.0,0.0
1966-07-31,31.5,-25.0,6.938894e-15
1966-08-01,31.5,-25.0,0.0033010496
1966-08-02,31.5,-25.0,1.6653347e-13
1966-08-03,31.5,-25.0,1.6653347e-13
1966-08-04,31.5,-25.0,0.07262309
1966-08-05,31.5,-25.0,0.19256121
1966-08-06,31.5,-25.0,0.017605597
1966-08-07,31.5,-25.0,0.08252624
1966-08-08,31.5,-25.0,1.6653347e-13
1966-08-09,31.5,-25.0,1.6653347e-13
1966-08-10,31.5,-25.0,1.6653347e-13
1966-08-11,31.5,-25.0,1.6653347e-13
1966-08-12,31.5,-25.0,1.6653347e-13
1966-08-13,31.5,-25.0,1.6653347e-13
1966-08-14,31.5,-25.0,1.6653347e-13
1966-08-15,31.5,-25.0,0.47645146
1966-08-16,31.5,-25.0,0.060519233
1966-08-17,31.5,-25.0,1.6653347e-13
1966-08-18,31.5,-25.0,0.0011003498
1966-08-19,31.5,-25.0,1.6653347e-13
1966-08-20,31.5,-25.0,1.6653347e-13
1966-08-21,31.5,-25.0,1.6653347e-13
1966-08-22,31.5,-25.0,1.6653347e-13
1966-08-23,31.5,-25.0,1.6653347e-13
1966-08-24,31.5,-25.0,1.6653347e-13
1966-08-25,31.5,-25.0,1.6653347e-13
1966-08-26,31.5,-25.0,1.6653347e-13
1966-08-27,31.5,-25.0,0.08582729
1966-08-28,31.5,-25.0,0.80765676
1966-08-29,31.5,-25.0,23.199776
1966-08-30,31.5,-25.0,0.6976217
1966-08-31,31.5,-25.0,0.60189134
1966-09-01,31.5,-25.0,0.0
1966-09-02,31.5,-25.0,0.0012101636
1966-09-03,31.5,-25.0,0.0
1966-09-04,31.5,-25.0,0.0
1966-09-05,31.5,-25.0,0.0012101636
1966-09-06,31.5,-25.0,0.44413006
1966-09-07,31.5,-25.0,0.0
1966-09-08,31.5,-25.0,0.0012101636
1966-09-09,31.5,-25.0,0.0
1966-09-10,31.5,-25.0,0.0
1966-09-11,31.5,-25.0,0.027833764
1966-09-12,31.5,-25.0,0.0012101636
1966-09-13,31.5,-25.0,0.0
1966-09-14,31.5,-25.0,0.36788973
1966-09-15,31.5,-25.0,0.009681309
1966-09-16,31.5,-25.0,0.05082687
1966-09-17,31.5,-25.0,1.1206115
1966-09-18,31.5,-25.0,1.161757
1966-09-19,31.5,-25.0,0.05445736
1966-09-20,31.5,-25.0,0.0
1966-09-21,31.5,-25.0,0.0036304907
1966-09-22,31.5,-25.0,0.0
1966-09-23,31.5,-25.0,0.0
1966-09-24,31.5,-25.0,0.0
1966-09-25,31.5,-25.0,0.0
1966-09-26,31.5,-25.0,0.0
1966-09-27,31.5,-25.0,0.055667527
1966-09-28,31.5,-25.0,0.07260981
1966-09-29,31.5,-25.0,1.124242
1966-09-30,31.5,-25.0,0.052037038
1966-10-01,31.5,-25.0,0.0
1966-10-02,31.5,-25.0,0.0
1966-10-03,31.5,-25.0,0.0
1966-10-04,31.5,-25.0,0.0
1966-10-05,31.5,-25.0,0.0
1966-10-06,31.5,-25.0,0.0
1966-10-07,31.5,-25.0,0.0
1966-10-08,31.5,-25.0,0.0
1966-10-09,31.5,-25.0,0.0
1966-10-10,31.5,-25.0,0.0023603123
1966-10-11,31.5,-25.0,0.25727403
1966-10-12,31.5,-25.0,4.882306
1966-10-13,31.5,-25.0,2.3791947
1966-10-14,31.5,-25.0,4.400802
1966-10-15,31.5,-25.0,12.743326
1966-10-16,31.5,-25.0,2.5337954
1966-10-17,31.5,-25.0,2.637649
1966-10-18,31.5,-25.0,23.123978
1966-10-19,31.5,-25.0,0.7564801
1966-10-20,31.5,-25.0,0.060187966
1966-10-21,31.5,-25.0,2.509012
1966-10-22,31.5,-25.0,3.9936483
1966-10-23,31.5,-25.0,0.0035404684
1966-10-24,31.5,-25.0,0.0
1966-10-25,31.5,-25.0,0.057827644
1966-10-26,31.5,-25.0,0.017702341
1966-10-27,31.5,-25.0,0.0011801561
1966-10-28,31.5,-25.0,0.0
1966-10-29,31.5,-25.0,0.0059007807
1966-10-30,31.5,-25.0,0.0070809377
1966-10-31,31.5,-25.0,6.938894e-15
1966-11-01,31.5,-25.0,1.6653347e-13
1966-11-02,31.5,-25.0,1.6653347e-13
1966-11-03,31.5,-25.0,0.020052874
1966-11-04,31.5,-25.0,0.08823265
1966-11-05,31.5,-25.0,0.070185065
1966-11-06,31.5,-25.0,1.4999552
1966-11-07,31.5,-25.0,0.0010026438
1966-11-08,31.5,-25.0,0.13034369
1966-11-09,31.5,-25.0,2.8414927
1966-11-10,31.5,-25.0,2.1376364
1966-11-11,31.5,-25.0,0.5725096
1966-11-12,31.5,-25.0,1.1811144
1966-11-13,31.5,-25.0,1.6653347e-13
1966-11-14,31.5,-25.0,1.4057066
1966-11-15,31.5,-25.0,0.8061255
1966-11-16,31.5,-25.0,0.55345935
1966-11-17,31.5,-25.0,0.01303437
1966-11-18,31.5,-25.0,7.95297
1966-11-19,31.5,-25.0,0.96153533
1966-11-20,31.5,-25.0,0.01303437
1966-11-21,31.5,-25.0,0.22258691
1966-11-22,31.5,-25.0,0.3278645
1966-11-23,31.5,-25.0,0.16643888
1966-11-24,31.5,-25.0,1.6653347e-13
1966-11-25,31.5,-25.0,1.6653347e-13
1966-11-26,31.5,-25.0,0.34791738
1966-11-27,31.5,-25.0,1.6653347e-13
1966-11-28,31.5,-25.0,1.6653347e-13
1966-11-29,31.5,-25.0,2.6028633
1966-11-30,31.5,-25.0,0.9013767
1966-12-01,31.5,-25.0,-8.3266734e-14
1966-12-02,31.5,-25.0,0.11225771
1966-12-03,31.5,-25.0,0.06349002
1966-12-04,31.5,-25.0,0.39474225
1966-12-05,31.5,-25.0,0.19599092
1966-12-06,31.5,-25.0,1.3158076
1966-12-07,31.5,-25.0,7.6684904
1966-12-08,31.5,-25.0,0.17482759
1966-12-09,31.5,-25.0,0.05152813
1966-12-10,31.5,-25.0,1.8163666
1966-12-11,31.5,-25.0,0.06349002
1966-12-12,31.5,-25.0,-8.3266734e-14
1966-12-13,31.5,-25.0,-8.3266734e-14
1966-12-14,31.5,-25.0,8.985218
1966-12-15,31.5,-25.0,5.372728
1966-12-16,31.5,-25.0,4.5731215
1966-12-17,31.5,-25.0,14.917393
1966-12-18,31.5,-25.0,1.0876117
1966-12-19,31.5,-25.0,13.542698
1966-12-20,31.5,-25.0,3.0410795
1966-12-21,31.5,-25.0,0.23739745
1966-12-22,31.5,-25.0,3.1284935
1966-12-23,31.5,-25.0,1.1382196
1966-12-24,31.5,-25.0,1.9129819
1966-12-25,31.5,-25.0,0.0009201452
1966-12-26,31.5,-25.0,1.6792649
1966-12-27,31.5,-25.0,0.37541923
1966-12-28,31.5,-25.0,0.121459164
1966-12-29,31.5,-25.0,-8.3266734e-14
1966-12-30,31.5,-25.0,0.006441016
1966-12-31,31.5,-25.0,2.5653646
1967-01-01,31.5,-25.0,0.71819353
1967-01-02,31.5,-25.0,0.89655304
1967-01-03,31.5,-25.0,0.0011890624
1967-01-04,31.5,-25.0,3.7384121
1967-01-05,31.5,-25.0,3.8275917
1967-01-06,31.5,-25.0,0.115339056
1967-01-07,31.5,-25.0,0.04280624
1967-01-08,31.5,-25.0,0.4946499
1967-01-09,31.5,-25.0,0.1391203
1967-01-10,31.5,-25.0,1.2068982
1967-01-11,31.5,-25.0,0.43281868
1967-01-12,31.5,-25.0,1.316292
1967-01-13,31.5,-25.0,0.43876404
1967-01-14,31.5,-25.0,6.457797
1967-01-15,31.5,-25.0,0.01070156
1967-01-16,31.5,-25.0,0.7039249
1967-01-17,31.5,-25.0,1.5196218
1967-01-18,31.5,-25.0,0.24256873
1967-01-19,31.5,-25.0,0.37336558
1967-01-20,31.5,-25.0,0.013079686
1967-01-21,31.5,-25.0,9.859705
1967-01-22,31.5,-25.0,32.774128
1967-01-23,31.5,-25.0,7.703935
1967-01-24,31.5,-25.0,2.0535107
1967-01-25,31.5,-25.0,0.44470927
1967-01-26,31.5,-25.0,0.94173735
1967-01-27,31.5,-25.0,0.0011890624
1967-01-28,31.5,-25.0,5.5731354
1967-01-29,31.5,-25.0,1.7479217
1967-01-30,31.5,-25.0,0.0023781247
1967-01-31,31.5,-25.0,16.481136
1967-02-01,31.5,-25.0,4.0788174
1967-02-02,31.5,-25.0,0.7396758
1967-02-03,31.5,-25.0,8.492138
1967-02-04,31.5,-25.0,1.0353105
1967-02-05,31.5,-25.0,0.014133931
1967-02-06,31.5,-25.0,0.3309696
1967-02-07,31.5,-25.0,0.07538097
1967-02-08,31.5,-25.0,1.5158644
1967-02-09,31.5,-25.0,27.28909
1967-02-10,31.5,-25.0,24.520016
1967-02-11,31.5,-25.0,1.9740393
1967-02-12,31.5,-25.0,1.0565114
1967-02-13,31.5,-25.0,0.5300225
1967-02-14,31.5,-25.0,0.094226226
1967-02-15,31.5,-25.0,0.9976201
1967-02-16,31.5,-25.0,0.06242487
1967-02-17,31.5,-25.0,-1.6653347e-13
1967-02-18,31.5,-25.0,7.035165
1967-02-19,31.5,-25.0,4.6524196
1967-02-20,31.5,-25.0,0.028267862
1967-02-21,31.5,-25.0,-1.6653347e-13
1967-02-22,31.5,-25.0,-1.6653347e-13
1967-02-23,31.5,-25.0,0.036512658
1967-02-24,31.5,-25.0,1.6136239
1967-02-25,31.5,-25.0,17.50252
1967-02-26,31.5,-25.0,35.16169
1967-02-27,31.5,-25.0,-1.6653347e-13
1967-02-28,31.5,-25.0,0.103266634
1967-03-01,31.5,-25.0,0.024710983
1967-03-02,31.5,-25.0,9.602463
1967-03-03,31.5,-25.0,0.06065423
1967-03-04,31.5,-25.0,0.35044664
1967-03-05,31.5,-25.0,0.27069756
1967-03-06,31.5,-25.0,0.025834206
1967-03-07,31.5,-25.0,-1.6653347e-13
1967-03-08,31.5,-25.0,-1.6653347e-13
1967-03-09,31.5,-25.0,-1.6653347e-13
1967-03-10,31.5,-25.0,0.059531003
1967-03-11,31.5,-25.0,8.018714
1967-03-12,31.5,-25.0,19.111696
1967-03-13,31.5,-25.0,20.10126
1967-03-14,31.5,-25.0,0.4537835
1967-03-15,31.5,-25.0,0.49084997
1967-03-16,31.5,-25.0,0.37965053
1967-03-17,31.5,-25.0,-1.6653347e-13
1967-03-18,31.5,-25.0,-1.6653347e-13
1967-03-19,31.5,-25.0,2.141993
1967-03-20,31.5,-25.0,0.3650486
1967-03-21,31.5,-25.0,0.8323108
1967-03-22,31.5,-25.0,2.6710327
1967-03-23,31.5,-25.0,1.3186679
1967-03-24,31.5,-25.0,0.071886495
1967-03-25,31.5,-25.0,0.022464527
1967-03-26,31.5,-25.0,0.7761494
1967-03-27,31.5,-25.0,0.27631372
1967-03-28,31.5,-25.0,0.12804782
1967-03-29,31.5,-25.0,0.02583421
1967-03-30,31.5,-25.0,0.059531003
1967-03-31,31.5,-25.0,0.06627037
1967-04-01,31.5,-25.0,3.6487188
1967-04-02,31.5,-25.0,50.6281
1967-04-03,31.5,-25.0,13.042589
1967-04-04,31.5,-25.0,1.5442668
1967-04-05,31.5,-25.0,5.1148195
1967-04-06,31.5,-25.0,1.2366159
1967-04-07,31.5,-25.0,0.07115051
1967-04-08,31.5,-25.0,0.0
1967-04-09,31.5,-25.0,4.020505
1967-04-10,31.5,-25.0,3.7739832
1967-04-11,31.5,-25.0,1.8809788
1967-04-12,31.5,-25.0,0.22247061
1967-04-13,31.5,-25.0,0.009019081
1967-04-14,31.5,-25.0,2.2437465
1967-04-15,31.5,-25.0,0.28460202
1967-04-16,31.5,-25.0,3.6136444
1967-04-17,31.5,-25.0,1.2566583
1967-04-18,31.5,-25.0,0.26055115
1967-04-19,31.5,-25.0,0.05712083
1967-04-20,31.5,-25.0,0.0
1967-04-21,31.5,-25.0,0.0
1967-04-22,31.5,-25.0,0.017036038
1967-04-23,31.5,-25.0,0.0
1967-04-24,31.5,-25.0,0.0
1967-04-25,31.5,-25.0,0.0
1967-04-26,31.5,-25.0,0.0
1967-04-27,31.5,-25.0,0.0
1967-04-28,31.5,-25.0,3.8391213
1967-04-29,31.5,-25.0,20.339025
1967-04-30,31.5,-25.0,0.29261902
1967-05-01,31.5,-25.0,10.979682
1967-05-02,31.5,-25.0,0.6775143
1967-05-03,31.5,-25.0,0.019745408
1967-05-04,31.5,-25.0,0.0629385
1967-05-05,31.5,-25.0,0.0
1967-05-06,31.5,-25.0,0.0
1967-05-07,31.5,-25.0,0.016043145
1967-05-08,31.5,-25.0,3.9749975
1967-05-09,31.5,-25.0,1.9955202
1967-05-10,31.5,-25.0,0.049363516
1967-05-11,31.5,-25.0,0.0
1967-05-12,31.5,-25.0,0.0
1967-05-13,31.5,-25.0,0.0
1967-05-14,31.5,-25.0,0.8070936
1967-05-15,31.5,-25.0,0.022213582
1967-05-16,31.5,-25.0,0.008638617
1967-05-17,31.5,-25.0,0.0
1967-05-18,31.5,-25.0,0.0
1967-05-19,31.5,-25.0,0.01234088
1967-05-20,31.5,-25.0,0.0
1967-05-21,31.5,-25.0,0.0
1967-05-22,31.5,-25.0,0.0
1967-05-23,31.5,-25.0,0.0
1967-05-24,31.5,-25.0,0.0
1967-05-25,31.5,-25.0,0.0
1967-05-26,31.5,-25.0,0.0
1967-05-27,31.5,-25.0,0.0
1967-05-28,31.5,-25.0,0.002468176
1967-05-29,31.5,-25.0,0.0
1967-05-30,31.5,-25.0,0.0
1967-05-31,31.5,-25.0,1.59309
1967-06-01,31.5,-25.0,1.0334878
1967-06-02,31.5,-25.0,0.0
1967-06-03,31.5,-25.0,0.018790687
1967-06-04,31.5,-25.0,0.0
1967-06-05,31.5,-25.0,0.0
1967-06-06,31.5,-25.0,0.0
1967-06-07,31.5,-25.0,0.0
1967-06-08,31.5,-25.0,0.0
1967-06-09,31.5,-25.0,0.0
1967-06-10,31.5,-25.0,0.0
1967-06-11,31.5,-25.0,0.0
1967-06-12,31.5,-25.0,0.0
1967-06-13,31.5,-25.0,0.0008947946
1967-06-14,31.5,-25.0,0.016106302
1967-06-15,31.5,-25.0,0.0
1967-06-16,31.5,-25.0,0.0
1967-06-17,31.5,-25.0,0.0
1967-06-18,31.5,-25.0,0.0
1967-06-19,31.5,-25.0,0.0
1967-06-20,31.5,-25.0,0.0
1967-06-21,31.5,-25.0,0.0
1967-06-22,31.5,-25.0,0.0
1967-06-23,31.5,-25.0,0.0
1967-06-24,31.5,-25.0,0.04295014
1967-06-25,31.5,-25.0,0.34091672
1967-06-26,31.5,-25.0,0.0062635615
1967-06-27,31.5,-25.0,0.0
1967-06-28,31.5,-25.0,0.0
1967-06-29,31.5,-25.0,0.0
1967-06-30,31.5,-25.0,0.0
1967-07-01,31.5,-25.0,0.0
1967-07-02,31.5,-25.0,0.0036070608
1967-07-03,31.5,-25.0,0.0
1967-07-04,31.5,-25.0,0.002705296
1967-07-05,31.5,-25.0,0.0
1967-07-06,31.5,-25.0,0.8269188
1967-07-07,31.5,-25.0,0.0
1967-07-08,31.5,-25.0,0.0
1967-07-09,31.5,-25.0,0.0
1967-07-10,31.5,-25.0,0.0036070608
1967-07-11,31.5,-25.0,0.0
1967-07-12,31.5,-25.0,0.0
1967-07-13,31.5,-25.0,0.107310064
1967-07-14,31.5,-25.0,2.5069075
1967-07-15,31.5,-25.0,1.7151575
1967-07-16,31.5,-25.0,0.0
1967-07-17,31.5,-25.0,0.0
1967-07-18,31.5,-25.0,0.0
1967-07-19,31.5,-25.0,0.0
1967-07-20,31.5,-25.0,0.0
1967-07-21,31.5,-25.0,0.4950691
1967-07-22,31.5,-25.0,0.0
1967-07-23,31.5,-25.0,0.0
1967-07-24,31.5,-25.0,0.0
1967-07-25,31.5,-25.0,0.0009017652
1967-07-26,31.5,-25.0,0.008115888
1967-07-27,31.5,-25.0,0.0
1967-07-28,31.5,-25.0,0.0
1967-07-29,31.5,-25.0,0.0
1967-07-30,31.5,-25.0,0.0
1967-07-31,31.5,-25.0,-3.469447e-15
1967-08-01,31.5,-25.0,0.00079970795
1967-08-02,31.5,-25.0,0.00079970795
1967-08-03,31.5,-25.0,-8.3266734e-14
1967-08-04,31.5,-25.0,-8.3266734e-14
1967-08-05,31.5,-25.0,-8.3266734e-14
1967-08-06,31.5,-25.0,0.0015994159
1967-08-07,31.5,-25.0,0.004798248
1967-08-08,31.5,-25.0,0.00399854
1967-08-09,31.5,-25.0,-8.3266734e-14
1967-08-10,31.5,-25.0,0.002399124
1967-08-11,31.5,-25.0,0.07597226
1967-08-12,31.5,-25.0,0.002399124
1967-08-13,31.5,-25.0,-8.3266734e-14
1967-08-14,31.5,-25.0,0.0031988318
1967-08-15,31.5,-25.0,0.23431447
1967-08-16,31.5,-25.0,-8.3266734e-14
1967-08-17,31.5,-25.0,-8.3266734e-14
1967-08-18,31.5,-25.0,0.1503451
1967-08-19,31.5,-25.0,0.009596496
1967-08-20,31.5,-25.0,0.002399124
1967-08-21,31.5,-25.0,-8.3266734e-14
1967-08-22,31.5,-25.0,-8.3266734e-14
1967-08-23,31.5,-25.0,-8.3266734e-14
1967-08-24,31.5,-25.0,0.00079970795
1967-08-25,31.5,-25.0,0.7221363
1967-08-26,31.5,-25.0,0.6789521
1967-08-27,31.5,-25.0,0.0071973726
1967-08-28,31.5,-25.0,2.3327484
1967-08-29,31.5,-25.0,3.6466684
1967-08-30,31.5,-25.0,0.71573865
1967-08-31,31.5,-25.0,-7.979728e-14
1967-09-01,31.5,-25.0,0.04856697
1967-09-02,31.5,-25.0,0.018212615
1967-09-03,31.5,-25.0,0.0
1967-09-04,31.5,-25.0,0.0
1967-09-05,31.5,-25.0,0.03844885
1967-09-06,31.5,-25.0,0.15986627
1967-09-07,31.5,-25.0,0.33592153
1967-09-08,31.5,-25.0,0.0
1967-09-09,31.5,-25.0,0.0
1967-09-10,31.5,-25.0,0.06374415
1967-09-11,31.5,-25.0,0.005059059
1967-09-12,31.5,-25.0,0.022259861
1967-09-13,31.5,-25.0,0.0
1967-09-14,31.5,-25.0,0.0
1967-09-15,31.5,-25.0,0.0
1967-09-16,31.5,-25.0,0.009106307
1967-09-17,31.5,-25.0,0.057673275
1967-09-18,31.5,-25.0,0.03136617
1967-09-19,31.5,-25.0,0.009106307
1967-09-20,31.5,-25.0,0.013153553
1967-09-21,31.5,-25.0,0.020236235
1967-09-22,31.5,-25.0,0.0
1967-09-23,31.5,-25.0,0.0
1967-09-24,31.5,-25.0,0.0
1967-09-25,31.5,-25.0,0.0
1967-09-26,31.5,-25.0,0.0
1967-09-27,31.5,-25.0,0.0
1967-09-28,31.5,-25.0,0.0
1967-09-29,31.5,-25.0,0.0
1967-09-30,31.5,-25.0,0.01618899
1967-10-01,31.5,-25.0,0.12687175
1967-10-02,31.5,-25.0,0.019430809
1967-10-03,31.5,-25.0,0.5326328
1967-10-04,31.5,-25.0,-1.6653347e-13
1967-10-05,31.5,-25.0,0.014858855
1967-10-06,31.5,-25.0,7.1756845
1967-10-07,31.5,-25.0,-1.6653347e-13
1967-10-08,31.5,-25.0,-1.6653347e-13
1967-10-09,31.5,-25.0,0.0011429888
1967-10-10,31.5,-25.0,-1.6653347e-13
1967-10-11,31.5,-25.0,-1.6653347e-13
1967-10-12,31.5,-25.0,2.966056
1967-10-13,31.5,-25.0,0.00914391
1967-10-14,31.5,-25.0,0.0034289663
1967-10-15,31.5,-25.0,0.3749003
1967-10-16,31.5,-25.0,0.004571955
1967-10-17,31.5,-25.0,0.0102869
1967-10-18,31.5,-25.0,-1.6653347e-13
1967-10-19,31.5,-25.0,0.041147597
1967-10-20,31.5,-25.0,0.008000921
1967-10-21,31.5,-25.0,0.050291516
1967-10-22,31.5,-25.0,3.4403965
1967-10-23,31.5,-25.0,0.017144833
1967-10-24,31.5,-25.0,0.6309298
1967-10-25,31.5,-25.0,3.3352413
1967-10-26,31.5,-25.0,14.206209
1967-10-27,31.5,-25.0,0.62178594
1967-10-28,31.5,-25.0,6.012122
1967-10-29,31.5,-25.0,1.1235579
1967-10-30,31.5,-25.0,0.03886162
1967-10-31,31.5,-25.0,0.66979146
1967-11-01,31.5,-25.0,7.060008
1967-11-02,31.5,-25.0,0.23394325
1967-11-03,31.5,-25.0,0.01722838
1967-11-04,31.5,-25.0,0.03355
1967-11-05,31.5,-25.0,0.02538919
1967-11-06,31.5,-25.0,0.9684162
1967-11-07,31.5,-25.0,0.026295947
1967-11-08,31.5,-25.0,0.12422568
1967-11-09,31.5,-25.0,0.23485002
1967-11-10,31.5,-25.0,0.26114595
1967-11-11,31.5,-25.0,0.0
1967-11-12,31.5,-25.0,0.15233514
1967-11-13,31.5,-25.0,0.085235134
1967-11-14,31.5,-25.0,0.0018135135
1967-11-15,31.5,-25.0,0.00090675673
1967-11-16,31.5,-25.0,0.01722838
1967-11-17,31.5,-25.0,3.131938
1967-11-18,31.5,-25.0,12.7490015
1967-11-19,31.5,-25.0,3.5544868
1967-11-20,31.5,-25.0,0.0
1967-11-21,31.5,-25.0,0.0
1967-11-22,31.5,-25.0,0.0
1967-11-23,31.5,-25.0,0.0
1967-11-24,31.5,-25.0,2.5289447
1967-11-25,31.5,-25.0,2.802785
1967-11-26,31.5,-25.0,0.7353797
1967-11-27,31.5,-25.0,0.015414865
1967-11-28,31.5,-25.0,1.3973124
1967-11-29,31.5,-25.0,9.379494
1967-11-30,31.5,-25.0,1.0518379
1967-12-01,31.5,-25.0,0.0
1967-12-02,31.5,-25.0,9.728163
1967-12-03,31.5,-25.0,0.11581148
1967-12-04,31.5,-25.0,0.0
1967-12-05,31.5,-25.0,1.2927792
1967-12-06,31.5,-25.0,0.12927791
1967-12-07,31.5,-25.0,0.4084823
1967-12-08,31.5,-25.0,0.4803034
1967-12-09,31.5,-25.0,0.0008977633
1967-12-10,31.5,-25.0,0.94803804
1967-12-11,31.5,-25.0,0.0053865802
1967-12-12,31.5,-25.0,0.0
1967-12-13,31.5,-25.0,0.0
1967-12-14,31.5,-25.0,0.0
1967-12-15,31.5,-25.0,0.20289454
1967-12-16,31.5,-25.0,0.0
1967-12-17,31.5,-25.0,0.0035910532
1967-12-18,31.5,-25.0,0.52249825
1967-12-19,31.5,-25.0,0.0
1967-12-20,31.5,-25.0,0.31960374
1967-12-21,31.5,-25.0,0.0
1967-12-22,31.5,-25.0,0.8465908
1967-12-23,31.5,-25.0,7.726151
1967-12-24,31.5,-25.0,7.3670454
1967-12-25,31.5,-25.0,14.432442
1967-12-26,31.5,-25.0,0.25227147
1967-12-27,31.5,-25.0,0.7406547
1967-12-28,31.5,-25.0,0.024239609
1967-12-29,31.5,-25.0,0.0026932901
1967-12-30,31.5,-25.0,0.0044888165
1967-12-31,31.5,-25.0,6.938894e-15
1968-01-01,31.5,-25.0,0.008788042
1968-01-02,31.5,-25.0,0.6376213
1968-01-03,31.5,-25.0,1.6653347e-13
1968-01-04,31.5,-25.0,1.036989
1968-01-05,31.5,-25.0,1.8464653
1968-01-06,31.5,-25.0,2.5670848
1968-01-07,31.5,-25.0,2.7301517
1968-01-08,31.5,-25.0,0.6219981
1968-01-09,31.5,-25.0,5.877247
1968-01-10,31.5,-25.0,2.5563438
1968-01-11,31.5,-25.0,0.7294075
1968-01-12,31.5,-25.0,0.5136122
1968-01-13,31.5,-25.0,2.9166536
1968-01-14,31.5,-25.0,0.7753006
1968-01-15,31.5,-25.0,5.3939047
1968-01-16,31.5,-25.0,1.6653347e-13
1968-01-17,31.5,-25.0,0.7948296
1968-01-18,31.5,-25.0,0.44037855
1968-01-19,31.5,-25.0,1.6653347e-13
1968-01-20,31.5,-25.0,2.43917
1968-01-21,31.5,-25.0,7.68856
1968-01-22,31.5,-25.0,6.1037836
1968-01-23,31.5,-25.0,0.039057963
1968-01-24,31.5,-25.0,0.023434777
1968-01-25,31.5,-25.0,0.0019528982
1968-01-26,31.5,-25.0,0.002929347
1968-01-27,31.5,-25.0,0.58586943
1968-01-28,31.5,-25.0,0.5409528
1968-01-29,31.5,-25.0,1.9128639
1968-01-30,31.5,-25.0,3.9399724
1968-01-31,31.5,-25.0,0.42963758
1968-02-01,31.5,-25.0,4.62533
1968-02-02,31.5,-25.0,0.12503639
1968-02-03,31.5,-25.0,0.29276812
1968-02-04,31.5,-25.0,0.68922496
1968-02-05,31.5,-25.0,2.0158305
1968-02-06,31.5,-25.0,0.0060993363
1968-02-07,31.5,-25.0,6.026145
1968-02-08,31.5,-25.0,16.770126
1968-02-09,31.5,-25.0,35.202316
1968-02-10,31.5,-25.0,6.6818233
1968-02-11,31.5,-25.0,2.088006
1968-02-12,31.5,-25.0,13.384993
1968-02-13,31.5,-25.0,1.4445261
1968-02-14,31.5,-25.0,3.9483037
1968-02-15,31.5,-25.0,12.2007065
1968-02-16,31.5,-25.0,5.0644817
1968-02-17,31.5,-25.0,15.737303
1968-02-18,31.5,-25.0,0.02033112
1968-02-19,31.5,-25.0,0.045745023
1968-02-20,31.5,-25.0,0.3842582
1968-02-21,31.5,-25.0,3.5061016
1968-02-22,31.5,-25.0,1.3611685
1968-02-23,31.5,-25.0,0.022364233
1968-02-24,31.5,-25.0,0.0030496682
1968-02-25,31.5,-25.0,5.9936147
1968-02-26,31.5,-25.0,0.79697996
1968-02-27,31.5,-25.0,0.039645683
1968-02-28,31.5,-25.0,1.005374
1968-02-29,31.5,-25.0,0.15654962
1968-03-01,31.5,-25.0,19.19165
1968-03-02,31.5,-25.0,3.5390704
1968-03-03,31.5,-25.0,0.33328918
1968-03-04,31.5,-25.0,0.9798501
1968-03-05,31.5,-25.0,0.17515194
1968-03-06,31.5,-25.0,0.4163612
1968-03-07,31.5,-25.0,13.605804
1968-03-08,31.5,-25.0,4.3637857
1968-03-09,31.5,-25.0,0.6035236
1968-03-10,31.5,-25.0,1.6653347e-13
1968-03-11,31.5,-25.0,0.003002605
1968-03-12,31.5,-25.0,1.6653347e-13
1968-03-13,31.5,-25.0,1.4932956
1968-03-14,31.5,-25.0,0.38233173
1968-03-15,31.5,-25.0,0.07606599
1968-03-16,31.5,-25.0,0.067058176
1968-03-17,31.5,-25.0,0.8327224
1968-03-18,31.5,-25.0,3.3128743
1968-03-19,31.5,-25.0,0.2342032
1968-03-20,31.5,-25.0,0.1831589
1968-03-21,31.5,-25.0,0.4794159
1968-03-22,31.5,-25.0,0.020017367
1968-03-23,31.5,-25.0,1.984722
1968-03-24,31.5,-25.0,3.0516477
1968-03-25,31.5,-25.0,5.547814
1968-03-26,31.5,-25.0,1.6653347e-13
1968-03-27,31.5,-25.0,0.61052966
1968-03-28,31.5,-25.0,0.055047765
1968-03-29,31.5,-25.0,0.047040813
1968-03-30,31.5,-25.0,0.011009552
1968-03-31,31.5,-25.0,0.0026425596
1968-04-01,31.5,-25.0,0.24487719
1968-04-02,31.5,-25.0,0.030829864
1968-04-03,31.5,-25.0,0.768104
1968-04-04,31.5,-25.0,6.9622636
1968-04-05,31.5,-25.0,0.0
1968-04-06,31.5,-25.0,0.009689384
1968-04-07,31.5,-25.0,0.00088085316
1968-04-08,31.5,-25.0,0.0
1968-04-09,31.5,-25.0,0.47830325
1968-04-10,31.5,-25.0,0.17352808
1968-04-11,31.5,-25.0,0.036995832
1968-04-12,31.5,-25.0,0.055493753
1968-04-13,31.5,-25.0,0.3822903
1968-04-14,31.5,-25.0,1.6436722
1968-04-15,31.5,-25.0,1.2552156
1968-04-16,31.5,-25.0,1.1953177
1968-04-17,31.5,-25.0,8.14525
1968-04-18,31.5,-25.0,13.5889225
1968-04-19,31.5,-25.0,0.57872057
1968-04-20,31.5,-25.0,0.0
1968-04-21,31.5,-25.0,0.08103849
1968-04-22,31.5,-25.0,0.042280953
1968-04-23,31.5,-25.0,0.0
1968-04-24,31.5,-25.0,0.0
1968-04-25,31.5,-25.0,0.0
1968-04-26,31.5,-25.0,0.0
1968-04-27,31.5,-25.0,0.015855357
1968-04-28,31.5,-25.0,0.0
1968-04-29,31.5,-25.0,0.0026425596
1968-04-30,31.5,-25.0,-6.938894e-15
1968-05-01,31.5,-25.0,-1.6653347e-13
1968-05-02,31.5,-25.0,0.0031692027
1968-05-03,31.5,-25.0,-1.6653347e-13
1968-05-04,31.5,-25.0,-1.6653347e-13
1968-05-05,31.5,-25.0,-1.6653347e-13
1968-05-06,31.5,-25.0,0.007394807
1968-05-07,31.5,-25.0,0.010564011
1968-05-08,31.5,-25.0,-1.6653347e-13
1968-05-09,31.5,-25.0,-1.6653347e-13
1968-05-10,31.5,-25.0,-1.6653347e-13
1968-05-11,31.5,-25.0,0.8239927
1968-05-12,31.5,-25.0,0.18592659
1968-05-13,31.5,-25.0,10.389704
1968-05-14,31.5,-25.0,1.6226318
1968-05-15,31.5,-25.0,0.13627574
1968-05-16,31.5,-25.0,0.001056401
1968-05-17,31.5,-25.0,-1.6653347e-13
1968-05-18,31.5,-25.0,3.1755414
1968-05-19,31.5,-25.0,-1.6653347e-13
1968-05-20,31.5,-25.0,0.18909578
1968-05-21,31.5,-25.0,0.03803043
1968-05-22,31.5,-25.0,0.18487015
1968-05-23,31.5,-25.0,1.1345747
1968-05-24,31.5,-25.0,3.1132135
1968-05-25,31.5,-25.0,1.6099552
1968-05-26,31.5,-25.0,3.2917452
1968-05-27,31.5,-25.0,0.029579228
1968-05-28,31.5,-25.0,-1.6653347e-13
1968-05-29,31.5,-25.0,0.007394807
1968-05-30,31.5,-25.0,-1.6653347e-13
1968-05-31,31.5,-25.0,-1.5959456e-13
1968-06-01,31.5,-25.0,0.0
1968-06-02,31.5,-25.0,6.0033646
1968-06-03,31.5,-25.0,2.3972096
1968-06-04,31.5,-25.0,0.0
1968-06-05,31.5,-25.0,0.0
1968-06-06,31.5,-25.0,0.0
1968-06-07,31.5,-25.0,0.0
1968-06-08,31.5,-25.0,0.0
1968-06-09,31.5,-25.0,0.0009400821
1968-06-10,31.5,-25.0,0.0
1968-06-11,31.5,-25.0,0.0
1968-06-12,31.5,-25.0,0.0
1968-06-13,31.5,-25.0,0.0
1968-06-14,31.5,-25.0,0.0
1968-06-15,31.5,-25.0,0.0
1968-06-16,31.5,-25.0,0.0
1968-06-17,31.5,-25.0,0.0
1968-06-18,31.5,-25.0,3.669141
1968-06-19,31.5,-25.0,3.1398747
1968-06-20,31.5,-25.0,0.0
1968-06-21,31.5,-25.0,0.117510274
1968-06-22,31.5,-25.0,0.0
1968-06-23,31.5,-25.0,0.0
1968-06-24,31.5,-25.0,0.0
1968-06-25,31.5,-25.0,0.0
1968-06-26,31.5,-25.0,0.0009400821
1968-06-27,31.5,-25.0,0.36381182
1968-06-28,31.5,-25.0,1.2221069
1968-06-29,31.5,-25.0,0.27168375
1968-06-30,31.5,-25.0,-6.938894e-15
1968-07-01,31.5,-25.0,-1.6653347e-13
1968-07-02,31.5,-25.0,-1.6653347e-13
1968-07-03,31.5,-25.0,-1.6653347e-13
1968-07-04,31.5,-25.0,0.01953946
1968-07-05,31.5,-25.0,0.58129895
1968-07-06,31.5,-25.0,0.27941424
1968-07-07,31.5,-25.0,-1.6653347e-13
1968-07-08,31.5,-25.0,-1.6653347e-13
1968-07-09,31.5,-25.0,-1.6653347e-13
1968-07-10,31.5,-25.0,-1.6653347e-13
1968-07-11,31.5,-25.0,-1.6653347e-13
1968-07-12,31.5,-25.0,0.0039078915
1968-07-13,31.5,-25.0,0.007815783
1968-07-14,31.5,-25.0,-1.6653347e-13
1968-07-15,31.5,-25.0,-1.6653347e-13
1968-07-16,31.5,-25.0,-1.6653347e-13
1968-07-17,31.5,-25.0,-1.6653347e-13
1968-07-18,31.5,-25.0,-1.6653347e-13
1968-07-19,31.5,-25.0,-1.6653347e-13
1968-07-20,31.5,-25.0,0.012700649
1968-07-21,31.5,-25.0,0.087927565
1968-07-22,31.5,-25.0,0.0019539457
1968-07-23,31.5,-25.0,-1.6653347e-13
1968-07-24,31.5,-25.0,-1.6653347e-13
1968-07-25,31.5,-25.0,-1.6653347e-13
1968-07-26,31.5,-25.0,-1.6653347e-13
1968-07-27,31.5,-25.0,-1.6653347e-13
1968-07-28,31.5,-25.0,-1.6653347e-13
1968-07-29,31.5,-25.0,9.29199
1968-07-30,31.5,-25.0,4.914174
1968-07-31,31.5,-25.0,0.577391
1968-08-01,31.5,-25.0,0.0049057337
1968-08-02,31.5,-25.0,0.035566572
1968-08-03,31.5,-25.0,0.0
1968-08-04,31.5,-25.0,0.0
1968-08-05,31.5,-25.0,0.006132167
1968-08-06,31.5,-25.0,0.014717201
1968-08-07,31.5,-25.0,0.0
1968-08-08,31.5,-25.0,0.0
1968-08-09,31.5,-25.0,0.29924974
1968-08-10,31.5,-25.0,2.9140055
1968-08-11,31.5,-25.0,0.0
1968-08-12,31.5,-25.0,0.0
1968-08-13,31.5,-25.0,0.0024528669
1968-08-14,31.5,-25.0,0.0
1968-08-15,31.5,-25.0,0.0
1968-08-16,31.5,-25.0,0.058868803
1968-08-17,31.5,-25.0,2.4381495
1968-08-18,31.5,-25.0,1.0535063
1968-08-19,31.5,-25.0,0.0
1968-08-20,31.5,-25.0,0.0
1968-08-21,31.5,-25.0,0.019622935
1968-08-22,31.5,-25.0,0.074812435
1968-08-23,31.5,-25.0,0.060095236
1968-08-24,31.5,-25.0,0.0
1968-08-25,31.5,-25.0,0.0
1968-08-26,31.5,-25.0,0.0
1968-08-27,31.5,-25.0,0.0
1968-08-28,31.5,-25.0,0.0024528669
1968-08-29,31.5,-25.0,0.220758
1968-08-30,31.5,-25.0,0.14594558
1968-08-31,31.5,-25.0,0.19745576
1968-09-01,31.5,-25.0,0.14594541
1968-09-02,31.5,-25.0,0.008153375
1968-09-03,31.5,-25.0,0.0
1968-09-04,31.5,-25.0,0.10680921
1968-09-05,31.5,-25.0,0.0
1968-09-06,31.5,-25.0,0.0
1968-09-07,31.5,-25.0,0.0
1968-09-08,31.5,-25.0,0.060334973
1968-09-09,31.5,-25.0,0.057073623
1968-09-10,31.5,-25.0,0.021198774
1968-09-11,31.5,-25.0,0.0
1968-09-12,31.5,-25.0,0.013860737
1968-09-13,31.5,-25.0,0.075826384
1968-09-14,31.5,-25.0,0.0
1968-09-15,31.5,-25.0,0.0
1968-09-16,31.5,-25.0,0.26743072
1968-09-17,31.5,-25.0,0.04728957
1968-09-18,31.5,-25.0,0.0024460126
1968-09-19,31.5,-25.0,0.0
1968-09-20,31.5,-25.0,0.13453068
1968-09-21,31.5,-25.0,0.0
1968-09-22,31.5,-25.0,0.081533745
1968-09-23,31.5,-25.0,0.25764665
1968-09-24,31.5,-25.0,0.08724111
1968-09-25,31.5,-25.0,0.0
1968-09-26,31.5,-25.0,0.0
1968-09-27,31.5,-25.0,0.0
1968-09-28,31.5,-25.0,0.06115031
1968-09-29,31.5,-25.0,1.5238657
1968-09-30,31.5,-25.0,1.3607982
1968-10-01,31.5,-25.0,0.00095201534
1968-10-02,31.5,-25.0,8.3266734e-14
1968-10-03,31.5,-25.0,0.005712092
1968-10-04,31.5,-25.0,0.0066641076
1968-10-05,31.5,-25.0,0.025704414
1968-10-06,31.5,-25.0,0.0076161227
1968-10-07,31.5,-25.0,8.3266734e-14
1968-10-08,31.5,-25.0,8.3266734e-14
1968-10-09,31.5,-25.0,8.3266734e-14
1968-10-10,31.5,-25.0,8.3266734e-14
1968-10-11,31.5,-25.0,0.17041074
1968-10-12,31.5,-25.0,8.3266734e-14
1968-10-13,31.5,-25.0,8.3266734e-14
1968-10-14,31.5,-25.0,8.3266734e-14
1968-10-15,31.5,-25.0,8.3266734e-14
1968-10-16,31.5,-25.0,8.3266734e-14
1968-10-17,31.5,-25.0,8.3266734e-14
1968-10-18,31.5,-25.0,0.46553546
1968-10-19,31.5,-25.0,0.19897121
1968-10-20,31.5,-25.0,1.7517083
1968-10-21,31.5,-25.0,0.12280998
1968-10-22,31.5,-25.0,1.7307637
1968-10-23,31.5,-25.0,0.0066641076
1968-10-24,31.5,-25.0,8.3266734e-14
1968-10-25,31.5,-25.0,0.08472936
1968-10-26,31.5,-25.0,0.6664107
1968-10-27,31.5,-25.0,2.600906
1968-10-28,31.5,-25.0,0.98819184
1968-10-29,31.5,-25.0,1.0614971
1968-10-30,31.5,-25.0,0.03808061
1968-10-31,31.5,-25.0,1.8549668
1968-11-01,31.5,-25.0,0.69980526
1968-11-02,31.5,-25.0,0.047019392
1968-11-03,31.5,-25.0,0.07366371
1968-11-04,31.5,-25.0,0.018024098
1968-11-05,31.5,-25.0,0.0023509695
1968-11-06,31.5,-25.0,0.0
1968-11-07,31.5,-25.0,0.0
1968-11-08,31.5,-25.0,0.017240442
1968-11-09,31.5,-25.0,2.673836
1968-11-10,31.5,-25.0,3.4488723
1968-11-11,31.5,-25.0,1.010917
1968-11-12,31.5,-25.0,1.5963082
1968-11-13,31.5,-25.0,0.37615514
1968-11-14,31.5,-25.0,0.0
1968-11-15,31.5,-25.0,1.0979028
1968-11-16,31.5,-25.0,11.293274
1968-11-17,31.5,-25.0,12.750093
1968-11-18,31.5,-25.0,0.42787644
1968-11-19,31.5,-25.0,0.120683104
1968-11-20,31.5,-25.0,0.30876064
1968-11-21,31.5,-25.0,0.0
1968-11-22,31.5,-25.0,0.0
1968-11-23,31.5,-25.0,0.0
1968-11-24,31.5,-25.0,1.5594764
1968-11-25,31.5,-25.0,0.5250498
1968-11-26,31.5,-25.0,0.205318
1968-11-27,31.5,-25.0,0.062692516
1968-11-28,31.5,-25.0,0.0
1968-11-29,31.5,-25.0,0.21785653
1968-11-30,31.5,-25.0,0.54542494
1968-12-01,31.5,-25.0,0.00096713554
1968-12-02,31.5,-25.0,0.0
1968-12-03,31.5,-25.0,0.0
1968-12-04,31.5,-25.0,0.07156803
1968-12-05,31.5,-25.0,1.7089283
1968-12-06,31.5,-25.0,12.765221
1968-12-07,31.5,-25.0,0.8733233
1968-12-08,31.5,-25.0,15.9751425
1968-12-09,31.5,-25.0,0.0
1968-12-10,31.5,-25.0,20.963627
1968-12-11,31.5,-25.0,0.0
1968-12-12,31.5,-25.0,0.0
1968-12-13,31.5,-25.0,0.06479808
1968-12-14,31.5,-25.0,1.0532105
1968-12-15,31.5,-25.0,0.30174625
1968-12-16,31.5,-25.0,0.015474169
1968-12-17,31.5,-25.0,0.068666615
1968-12-18,31.5,-25.0,1.1267128
1968-12-19,31.5,-25.0,0.12862903
1968-12-20,31.5,-25.0,0.0
1968-12-21,31.5,-25.0,0.0
1968-12-22,31.5,-25.0,0.0
1968-12-23,31.5,-25.0,0.0
1968-12-24,31.5,-25.0,4.9449635
1968-12-25,31.5,-25.0,0.58801836
1968-12-26,31.5,-25.0,18.463583
1968-12-27,31.5,-25.0,5.7283435
1968-12-28,31.5,-25.0,0.032882605
1968-12-29,31.5,-25.0,22.223806
1968-12-30,31.5,-25.0,2.0232475
1968-12-31,31.5,-25.0,0.08220651
1969-01-01,31.5,-25.0,0.0
1969-01-02,31.5,-25.0,0.0
1969-01-03,31.5,-25.0,1.212243
1969-01-04,31.5,-25.0,1.6189246
1969-01-05,31.5,-25.0,1.8607881
1969-01-06,31.5,-25.0,2.5834527
1969-01-07,31.5,-25.0,21.864262
1969-01-08,31.5,-25.0,8.6631975
1969-01-09,31.5,-25.0,1.5184733
1969-01-10,31.5,-25.0,1.6062462
1969-01-11,31.5,-25.0,0.19115013
1969-01-12,31.5,-25.0,0.0
1969-01-13,31.5,-25.0,0.32963645
1969-01-14,31.5,-25.0,16.171692
1969-01-15,31.5,-25.0,5.3434258
1969-01-16,31.5,-25.0,1.0815587
1969-01-17,31.5,-25.0,1.6257515
1969-01-18,31.5,-25.0,4.807036
1969-01-19,31.5,-25.0,4.63149
1969-01-20,31.5,-25.0,0.035109207
1969-01-21,31.5,-25.0,0.32378492
1969-01-22,31.5,-25.0,19.038944
1969-01-23,31.5,-25.0,0.0
1969-01-24,31.5,-25.0,0.0
1969-01-25,31.5,-25.0,0.0039010234
1969-01-26,31.5,-25.0,0.2048037
1969-01-27,31.5,-25.0,9.51167
1969-01-28,31.5,-25.0,1.8295798
1969-01-29,31.5,-25.0,0.017554604
1969-01-30,31.5,-25.0,0.06436688
1969-01-31,31.5,-25.0,3.4445505
1969-02-01,31.5,-25.0,1.1330339
1969-02-02,31.5,-25.0,0.6473238
1969-02-03,31.5,-25.0,1.2251363
1969-02-04,31.5,-25.0,2.0123515
1969-02-05,31.5,-25.0,23.970095
1969-02-06,31.5,-25.0,0.015640035
1969-02-07,31.5,-25.0,0.21982943
1969-02-08,31.5,-25.0,7.4950533
1969-02-09,31.5,-25.0,2.2721498
1969-02-10,31.5,-25.0,8.3266734e-14
1969-02-11,31.5,-25.0,0.56391025
1969-02-12,31.5,-25.0,0.07211795
1969-02-13,31.5,-25.0,8.3266734e-14
1969-02-14,31.5,-25.0,0.2780451
1969-02-15,31.5,-25.0,0.1259892
1969-02-16,31.5,-25.0,0.004344455
1969-02-17,31.5,-25.0,0.02693562
1969-02-18,31.5,-25.0,0.25458503
1969-02-19,31.5,-25.0,0.0034755638
1969-02-20,31.5,-25.0,4.389637
1969-02-21,31.5,-25.0,10.703869
1969-02-22,31.5,-25.0,6.4584665
1969-02-23,31.5,-25.0,0.9905357
1969-02-24,31.5,-25.0,0.47007006
1969-02-25,31.5,-25.0,2.6822665
1969-02-26,31.5,-25.0,0.30498073
1969-02-27,31.5,-25.0,0.09470911
1969-02-28,31.5,-25.0,0.0010825375
1969-03-01,31.5,-25.0,0.002165075
1969-03-02,31.5,-25.0,0.058457024
1969-03-03,31.5,-25.0,0.03897135
1969-03-04,31.5,-25.0,0.86278236
1969-03-05,31.5,-25.0,3.3959203
1969-03-06,31.5,-25.0,0.05087926
1969-03-07,31.5,-25.0,1.6653347e-13
1969-03-08,31.5,-25.0,0.0010825375
1969-03-09,31.5,-25.0,0.0010825375
1969-03-10,31.5,-25.0,32.08749
1969-03-11,31.5,-25.0,24.306213
1969-03-12,31.5,-25.0,6.0178256
1969-03-13,31.5,-25.0,5.343405
1969-03-14,31.5,-25.0,4.878996
1969-03-15,31.5,-25.0,10.745266
1969-03-16,31.5,-25.0,2.836248
1969-03-17,31.5,-25.0,3.2010634
1969-03-18,31.5,-25.0,2.822175
1969-03-19,31.5,-25.0,0.00433015
1969-03-20,31.5,-25.0,2.4681854
1969-03-21,31.5,-25.0,2.1845605
1969-03-22,31.5,-25.0,0.056291945
1969-03-23,31.5,-25.0,0.0010825375
1969-03-24,31.5,-25.0,1.6653347e-13
1969-03-25,31.5,-25.0,1.6653347e-13
1969-03-26,31.5,-25.0,2.8892922
1969-03-27,31.5,-25.0,1.8901103
1969-03-28,31.5,-25.0,2.7951117
1969-03-29,31.5,-25.0,4.548822
1969-03-30,31.5,-25.0,0.56616706
1969-03-31,31.5,-25.0,0.18078373
1969-04-01,31.5,-25.0,0.048169367
1969-04-02,31.5,-25.0,9.502688
1969-04-03,31.5,-25.0,2.0897305
1969-04-04,31.5,-25.0,0.0020497602
1969-04-05,31.5,-25.0,1.9021776
1969-04-06,31.5,-25.0,1.3149213
1969-04-07,31.5,-25.0,0.8486007
1969-04-08,31.5,-25.0,2.693385
1969-04-09,31.5,-25.0,1.2862246
1969-04-10,31.5,-25.0,0.0
1969-04-11,31.5,-25.0,0.5196142
1969-04-12,31.5,-25.0,0.11171193
1969-04-13,31.5,-25.0,0.0
1969-04-14,31.5,-25.0,0.044069845
1969-04-15,31.5,-25.0,0.22342385
1969-04-16,31.5,-25.0,0.0071741603
1969-04-17,31.5,-25.0,0.0
1969-04-18,31.5,-25.0,0.01127368
1969-04-19,31.5,-25.0,0.45709652
1969-04-20,31.5,-25.0,0.024597123
1969-04-21,31.5,-25.0,0.0
1969-04-22,31.5,-25.0,0.016398082
1969-04-23,31.5,-25.0,3.836126
1969-04-24,31.5,-25.0,4.1507645
1969-04-25,31.5,-25.0,0.34128508
1969-04-26,31.5,-25.0,0.16193107
1969-04-27,31.5,-25.0,0.110687055
1969-04-28,31.5,-25.0,0.0
1969-04-29,31.5,-25.0,0.0
1969-04-30,31.5,-25.0,0.0
1969-05-01,31.5,-25.0,0.031135775
1969-05-02,31.5,-25.0,2.4886377
1969-05-03,31.5,-25.0,0.032247763
1969-05-04,31.5,-25.0,0.07450346
1969-05-05,31.5,-25.0,0.0044479677
1969-05-06,31.5,-25.0,0.53375614
1969-05-07,31.5,-25.0,1.2976944
1969-05-08,31.5,-25.0,0.0
1969-05-09,31.5,-25.0,0.007783943
1969-05-10,31.5,-25.0,2.6031728
1969-05-11,31.5,-25.0,7.204595
1969-05-12,31.5,-25.0,1.9448737
1969-05-13,31.5,-25.0,0.0
1969-05-14,31.5,-25.0,0.0
1969-05-15,31.5,-25.0,0.1512309
1969-05-16,31.5,-25.0,0.0088959355
1969-05-17,31.5,-25.0,0.0
1969-05-18,31.5,-25.0,0.0
1969-05-19,31.5,-25.0,0.0
1969-05-20,31.5,-25.0,1.7791868
1969-05-21,31.5,-25.0,0.96409696
1969-05-22,31.5,-25.0,2.5119896
1969-05-23,31.5,-25.0,0.063383535
1969-05-24,31.5,-25.0,0.0
1969-05-25,31.5,-25.0,0.0
1969-05-26,31.5,-25.0,0.0
1969-05-27,31.5,-25.0,0.0
1969-05-28,31.5,-25.0,0.0
1969-05-29,31.5,-25.0,0.0
1969-05-30,31.5,-25.0,0.0
1969-05-31,31.5,-25.0,0.0
1969-06-01,31.5,-25.0,0.0
1969-06-02,31.5,-25.0,0.0
1969-06-03,31.5,-25.0,0.0
1969-06-04,31.5,-25.0,0.0
1969-06-05,31.5,-25.0,0.078335054
1969-06-06,31.5,-25.0,0.0026405076
1969-06-07,31.5,-25.0,0.05545066
1969-06-08,31.5,-25.0,0.0
1969-06-09,31.5,-25.0,3.4520237
1969-06-10,31.5,-25.0,0.014082707
1969-06-11,31.5,-25.0,0.0484093
1969-06-12,31.5,-25.0,0.20683976
1969-06-13,31.5,-25.0,0.587953
1969-06-14,31.5,-25.0,0.24292672
1969-06-15,31.5,-25.0,0.0
1969-06-16,31.5,-25.0,0.0
1969-06-17,31.5,-25.0,0.5976349
1969-06-18,31.5,-25.0,0.0
1969-06-19,31.5,-25.0,0.0079215225
1969-06-20,31.5,-25.0,0.0017603384
1969-06-21,31.5,-25.0,0.004400846
1969-06-22,31.5,-25.0,0.0
1969-06-23,31.5,-25.0,0.0
1969-06-24,31.5,-25.0,0.0
1969-06-25,31.5,-25.0,0.0
1969-06-26,31.5,-25.0,0.0
1969-06-27,31.5,-25.0,0.0
1969-06-28,31.5,-25.0,0.0
1969-06-29,31.5,-25.0,0.0
1969-06-30,31.5,-25.0,0.0
1969-07-01,31.5,-25.0,0.02617276
1969-07-02,31.5,-25.0,0.05234552
1969-07-03,31.5,-25.0,0.0
1969-07-04,31.5,-25.0,0.0
1969-07-05,31.5,-25.0,0.015197086
1969-07-06,31.5,-25.0,0.12326525
1969-07-07,31.5,-25.0,0.0
1969-07-08,31.5,-25.0,0.04896839
1969-07-09,31.5,-25.0,0.00084428256
1969-07-10,31.5,-25.0,0.0
1969-07-11,31.5,-25.0,0.0
1969-07-12,31.5,-25.0,0.0
1969-07-13,31.5,-25.0,0.0
1969-07-14,31.5,-25.0,0.0
1969-07-15,31.5,-25.0,0.0
1969-07-16,31.5,-25.0,0.0
1969-07-17,31.5,-25.0,0.0
1969-07-18,31.5,-25.0,0.0
1969-07-19,31.5,-25.0,0.058255494
1969-07-20,31.5,-25.0,0.0
1969-07-21,31.5,-25.0,0.0
1969-07-22,31.5,-25.0,0.0
1969-07-23,31.5,-25.0,0.0
1969-07-24,31.5,-25.0,0.0
1969-07-25,31.5,-25.0,0.03545987
1969-07-26,31.5,-25.0,0.0
1969-07-27,31.5,-25.0,0.0
1969-07-28,31.5,-25.0,0.005065695
1969-07-29,31.5,-25.0,2.8908238
1969-07-30,31.5,-25.0,3.8110914
1969-07-31,31.5,-25.0,0.0
1969-08-01,31.5,-25.0,0.0
1969-08-02,31.5,-25.0,0.0
1969-08-03,31.5,-25.0,0.0
1969-08-04,31.5,-25.0,0.023260292
1969-08-05,31.5,-25.0,0.07382614
1969-08-06,31.5,-25.0,0.11529015
1969-08-07,31.5,-25.0,0.029328195
1969-08-08,31.5,-25.0,0.005056585
1969-08-09,31.5,-25.0,0.120346725
1969-08-10,31.5,-25.0,0.0
1969-08-11,31.5,-25.0,0.059667706
1969-08-12,31.5,-25.0,0.63106185
1969-08-13,31.5,-25.0,0.018203707
1969-08-14,31.5,-25.0,0.0
1969-08-15,31.5,-25.0,0.008090536
1969-08-16,31.5,-25.0,0.14664097
1969-08-17,31.5,-25.0,0.082928
1969-08-18,31.5,-25.0,0.09304118
1969-08-19,31.5,-25.0,0.0
1969-08-20,31.5,-25.0,0.0
1969-08-21,31.5,-25.0,0.0
1969-08-22,31.5,-25.0,0.0
1969-08-23,31.5,-25.0,0.0
1969-08-24,31.5,-25.0,0.0
1969-08-25,31.5,-25.0,0.0
1969-08-26,31.5,-25.0,0.002022634
1969-08-27,31.5,-25.0,0.15776546
1969-08-28,31.5,-25.0,0.0
1969-08-29,31.5,-25.0,0.0
1969-08-30,31.5,-25.0,0.0
1969-08-31,31.5,-25.0,6.938894e-15
1969-09-01,31.5,-25.0,5.3392572
1969-09-02,31.5,-25.0,1.2003589
1969-09-03,31.5,-25.0,1.6653347e-13
1969-09-04,31.5,-25.0,0.003340516
1969-09-05,31.5,-25.0,0.048994236
1969-09-06,31.5,-25.0,1.6653347e-13
1969-09-07,31.5,-25.0,1.6653347e-13
1969-09-08,31.5,-25.0,0.021156602
1969-09-09,31.5,-25.0,1.6653347e-13
1969-09-10,31.5,-25.0,0.021156602
1969-09-11,31.5,-25.0,0.021156602
1969-09-12,31.5,-25.0,0.11580455
1969-09-13,31.5,-25.0,15.307357
1969-09-14,31.5,-25.0,0.25833324
1969-09-15,31.5,-25.0,1.6653347e-13
1969-09-16,31.5,-25.0,1.6653347e-13
1969-09-17,31.5,-25.0,1.6653347e-13
1969-09-18,31.5,-25.0,0.13028014
1969-09-19,31.5,-25.0,0.16368528
1969-09-20,31.5,-25.0,1.6653347e-13
1969-09-21,31.5,-25.0,0.17482032
1969-09-22,31.5,-25.0,2.053304
1969-09-23,31.5,-25.0,0.012248559
1969-09-24,31.5,-25.0,1.6653347e-13
1969-09-25,31.5,-25.0,1.6653347e-13
1969-09-26,31.5,-25.0,1.6653347e-13
1969-09-27,31.5,-25.0,0.056788772
1969-09-28,31.5,-25.0,0.7749996
1969-09-29,31.5,-25.0,1.4642595
1969-09-30,31.5,-25.0,5.804557
1969-10-01,31.5,-25.0,48.42527
1969-10-02,31.5,-25.0,3.2223551
1969-10-03,31.5,-25.0,5.499767
1969-10-04,31.5,-25.0,0.61071515
1969-10-05,31.5,-25.0,0.0
1969-10-06,31.5,-25.0,0.4474876
1969-10-07,31.5,-25.0,0.0
1969-10-08,31.5,-25.0,0.6007216
1969-10-09,31.5,-25.0,3.6121023
1969-10-10,31.5,-25.0,0.13102615
1969-10-11,31.5,-25.0,0.0
1969-10-12,31.5,-25.0,0.10992873
1969-10-13,31.5,-25.0,2.6005359
1969-10-14,31.5,-25.0,2.7970753
1969-10-15,31.5,-25.0,0.0
1969-10-16,31.5,-25.0,0.0
1969-10-17,31.5,-25.0,17.819555
1969-10-18,31.5,-25.0,29.358742
1969-10-19,31.5,-25.0,8.74655
1969-10-20,31.5,-25.0,5.6885333
1969-10-21,31.5,-25.0,0.043305255
1969-10-22,31.5,-25.0,0.525215
1969-10-23,31.5,-25.0,0.15323398
1969-10-24,31.5,-25.0,10.630884
1969-10-25,31.5,-25.0,1.6444892
1969-10-26,31.5,-25.0,0.12880535
1969-10-27,31.5,-25.0,0.0055519557
1969-10-28,31.5,-25.0,0.026649386
1969-10-29,31.5,-25.0,0.038863685
1969-10-30,31.5,-25.0,2.9092247
1969-10-31,31.5,-25.0,-6.938894e-15
1969-11-01,31.5,-25.0,0.5885923
1969-11-02,31.5,-25.0,0.15517431
1969-11-03,31.5,-25.0,-1.6653347e-13
1969-11-04,31.5,-25.0,0.29001543
1969-11-05,31.5,-25.0,1.1290269
1969-11-06,31.5,-25.0,0.018192852
1969-11-07,31.5,-25.0,-1.6653347e-13
1969-11-08,31.5,-25.0,-1.6653347e-13
1969-11-09,31.5,-25.0,0.83259046
1969-11-10,31.5,-25.0,19.298336
1969-11-11,31.5,-25.0,3.3218007
1969-11-12,31.5,-25.0,1.3559027
1969-11-13,31.5,-25.0,0.0064210063
1969-11-14,31.5,-25.0,-1.6653347e-13
1969-11-15,31.5,-25.0,-1.6653347e-13
1969-11-16,31.5,-25.0,-1.6653347e-13
1969-11-17,31.5,-25.0,-1.6653347e-13
1969-11-18,31.5,-25.0,0.028894529
1969-11-19,31.5,-25.0,0.031034863
1969-11-20,31.5,-25.0,0.14019197
1969-11-21,31.5,-25.0,2.2837381
1969-11-22,31.5,-25.0,0.42164612
1969-11-23,31.5,-25.0,2.8584177
1969-11-24,31.5,-25.0,0.4826457
1969-11-25,31.5,-25.0,-1.6653347e-13
1969-11-26,31.5,-25.0,3.7220435
1969-11-27,31.5,-25.0,0.88716906
1969-11-28,31.5,-25.0,8.685481
1969-11-29,31.5,-25.0,5.714696
1969-11-30,31.5,-25.0,0.21617386
1969-12-01,31.5,-25.0,0.027505077
1969-12-02,31.5,-25.0,3.5034592
1969-12-03,31.5,-25.0,3.6914105
1969-12-04,31.5,-25.0,0.19941181
1969-12-05,31.5,-25.0,0.103144035
1969-12-06,31.5,-25.0,0.893915
1969-12-07,31.5,-25.0,13.671167
1969-12-08,31.5,-25.0,28.714157
1969-12-09,31.5,-25.0,5.772628
1969-12-10,31.5,-25.0,1.1918867
1969-12-11,31.5,-25.0,0.072200835
1969-12-12,31.5,-25.0,0.0011460448
1969-12-13,31.5,-25.0,0.032089256
1969-12-14,31.5,-25.0,1.07499
1969-12-15,31.5,-25.0,0.47217047
1969-12-16,31.5,-25.0,1.1116636
1969-12-17,31.5,-25.0,1.4967345
1969-12-18,31.5,-25.0,0.13523328
1969-12-19,31.5,-25.0,3.153916
1969-12-20,31.5,-25.0,0.14669375
1969-12-21,31.5,-25.0,0.0045841793
1969-12-22,31.5,-25.0,16.663492
1969-12-23,31.5,-25.0,0.15242398
1969-12-24,31.5,-25.0,0.61886424
1969-12-25,31.5,-25.0,0.98559856
1969-12-26,31.5,-25.0,0.18565927
1969-12-27,31.5,-25.0,0.0
1969-12-28,31.5,-25.0,0.47102445
1969-12-29,31.5,-25.0,0.5741685
1969-12-30,31.5,-25.0,0.0
1969-12-31,31.5,-25.0,0.0
1970-01-01,31.5,-25.0,0.0
1970-01-02,31.5,-25.0,0.64447445
1970-01-03,31.5,-25.0,0.011588061
1970-01-04,31.5,-25.0,0.0
1970-01-05,31.5,-25.0,2.862251
1970-01-06,31.5,-25.0,0.07041975
1970-01-07,31.5,-25.0,0.85840786
1970-01-08,31.5,-25.0,0.06952836
1970-01-09,31.5,-25.0,0.039221127
1970-01-10,31.5,-25.0,0.17114675
1970-01-11,31.5,-25.0,0.0
1970-01-12,31.5,-25.0,0.14886202
1970-01-13,31.5,-25.0,0.0017827787
1970-01-14,31.5,-25.0,0.0
1970-01-15,31.5,-25.0,0.4554999
1970-01-16,31.5,-25.0,0.71132874
1970-01-17,31.5,-25.0,0.18630035
1970-01-18,31.5,-25.0,0.008022504
1970-01-19,31.5,-25.0,3.9925325
1970-01-20,31.5,-25.0,2.6001825
1970-01-21,31.5,-25.0,0.057940304
1970-01-22,31.5,-25.0,0.0
1970-01-23,31.5,-25.0,1.3549117
1970-01-24,31.5,-25.0,0.0
1970-01-25,31.5,-25.0,0.0017827787
1970-01-26,31.5,-25.0,0.13370837
1970-01-27,31.5,-25.0,0.0
1970-01-28,31.5,-25.0,0.48669854
1970-01-29,31.5,-25.0,0.93863297
1970-01-30,31.5,-25.0,0.0008913893
1970-01-31,31.5,-25.0,0.0
1970-02-01,31.5,-25.0,5.3373156
1970-02-02,31.5,-25.0,0.39191973
1970-02-03,31.5,-25.0,0.008108683
1970-02-04,31.5,-25.0,0.0
1970-02-05,31.5,-25.0,0.078383945
1970-02-06,31.5,-25.0,0.10811578
1970-02-07,31.5,-25.0,3.818289
1970-02-08,31.5,-25.0,9.483556
1970-02-09,31.5,-25.0,0.6504966
1970-02-10,31.5,-25.0,3.7597265
1970-02-11,31.5,-25.0,0.95952755
1970-02-12,31.5,-25.0,0.8595205
1970-02-13,31.5,-25.0,0.13964956
1970-02-14,31.5,-25.0,0.1874007
1970-02-15,31.5,-25.0,1.7217438
1970-02-16,31.5,-25.0,9.439409
1970-02-17,31.5,-25.0,0.0063067544
1970-02-18,31.5,-25.0,0.00090096483
1970-02-19,31.5,-25.0,0.018019296
1970-02-20,31.5,-25.0,0.009910613
1970-02-21,31.5,-25.0,0.0
1970-02-22,31.5,-25.0,0.0
1970-02-23,31.5,-25.0,0.332456
1970-02-24,31.5,-25.0,0.7279796
1970-02-25,31.5,-25.0,0.8451052
1970-02-26,31.5,-25.0,1.5091162
1970-02-27,31.5,-25.0,0.0
1970-02-28,31.5,-25.0,0.020662861
1970-03-01,31.5,-25.0,0.051657155
1970-03-02,31.5,-25.0,0.0218108
1970-03-03,31.5,-25.0,0.0
1970-03-04,31.5,-25.0,0.0
1970-03-05,31.5,-25.0,5.9153185
1970-03-06,31.5,-25.0,2.4083712
1970-03-07,31.5,-25.0,13.143875
1970-03-08,31.5,-25.0,0.998705
1970-03-09,31.5,-25.0,3.0466242
1970-03-10,31.5,-25.0,10.135134
1970-03-11,31.5,-25.0,0.07117207
1970-03-12,31.5,-25.0,0.006887621
1970-03-13,31.5,-25.0,0.88391125
1970-03-14,31.5,-25.0,0.0045917467
1970-03-15,31.5,-25.0,0.0011479367
1970-03-16,31.5,-25.0,0.72549593
1970-03-17,31.5,-25.0,0.0
1970-03-18,31.5,-25.0,0.012627304
1970-03-19,31.5,-25.0,0.0057396833
1970-03-20,31.5,-25.0,0.009183494
1970-03-21,31.5,-25.0,0.07461589
1970-03-22,31.5,-25.0,0.43736392
1970-03-23,31.5,-25.0,0.5957792
1970-03-24,31.5,-25.0,0.41440514
1970-03-25,31.5,-25.0,0.041325722
1970-03-26,31.5,-25.0,0.0
1970-03-27,31.5,-25.0,0.0011479367
1970-03-28,31.5,-25.0,0.48672518
1970-03-29,31.5,-25.0,0.020662861
1970-03-30,31.5,-25.0,0.0
1970-03-31,31.5,-25.0,0.0
1970-04-01,31.5,-25.0,0.0
1970-04-02,31.5,-25.0,0.029464614
1970-04-03,31.5,-25.0,0.007071507
1970-04-04,31.5,-25.0,0.0
1970-04-05,31.5,-25.0,0.0
1970-04-06,31.5,-25.0,0.0
1970-04-07,31.5,-25.0,0.0
1970-04-08,31.5,-25.0,0.09192958
1970-04-09,31.5,-25.0,0.023571689
1970-04-10,31.5,-25.0,0.0011785845
1970-04-11,31.5,-25.0,0.0
1970-04-12,31.5,-25.0,0.005892923
1970-04-13,31.5,-25.0,0.47261232
1970-04-14,31.5,-25.0,0.08132233
1970-04-15,31.5,-25.0,0.2203953
1970-04-16,31.5,-25.0,0.33589655
1970-04-17,31.5,-25.0,0.2510385
1970-04-18,31.5,-25.0,0.0
1970-04-19,31.5,-25.0,0.0
1970-04-20,31.5,-25.0,0.0
1970-04-21,31.5,-25.0,0.069536485
1970-04-22,31.5,-25.0,0.32646787
1970-04-23,31.5,-25.0,5.664277
1970-04-24,31.5,-25.0,0.004714338
1970-04-25,31.5,-25.0,0.0
1970-04-26,31.5,-25.0,0.03417895
1970-04-27,31.5,-25.0,0.0
1970-04-28,31.5,-25.0,0.0
1970-04-29,31.5,-25.0,0.005892923
1970-04-30,31.5,-25.0,0.17443052
1970-05-01,31.5,-25.0,0.12070301
1970-05-02,31.5,-25.0,0.0
1970-05-03,31.5,-25.0,0.0
1970-05-04,31.5,-25.0,0.0
1970-05-05,31.5,-25.0,0.39771214
1970-05-06,31.5,-25.0,0.28308767
1970-05-07,31.5,-25.0,0.0
1970-05-08,31.5,-25.0,0.0
1970-05-09,31.5,-25.0,0.0
1970-05-10,31.5,-25.0,0.0
1970-05-11,31.5,-25.0,0.0034734684
1970-05-12,31.5,-25.0,1.9234331
1970-05-13,31.5,-25.0,9.589377
1970-05-14,31.5,-25.0,0.40639585
1970-05-15,31.5,-25.0,0.07294284
1970-05-16,31.5,-25.0,0.0
1970-05-17,31.5,-25.0,0.0
1970-05-18,31.5,-25.0,0.0
1970-05-19,31.5,-25.0,0.0
1970-05-20,31.5,-25.0,0.0
1970-05-21,31.5,-25.0,0.005210203
1970-05-22,31.5,-25.0,0.039944883
1970-05-23,31.5,-25.0,0.0
1970-05-24,31.5,-25.0,0.0
1970-05-25,31.5,-25.0,0.0
1970-05-26,31.5,-25.0,0.027787747
1970-05-27,31.5,-25.0,0.43765703
1970-05-28,31.5,-25.0,0.0
1970-05-29,31.5,-25.0,0.0
1970-05-30,31.5,-25.0,0.03299795
1970-05-31,31.5,-25.0,0.59569746
1970-06-01,31.5,-25.0,3.107342
1970-06-02,31.5,-25.0,0.27206764
1970-06-03,31.5,-25.0,0.66532904
1970-06-04,31.5,-25.0,0.0
1970-06-05,31.5,-25.0,0.0
1970-06-06,31.5,-25.0,0.010717816
1970-06-07,31.5,-25.0,0.0
1970-06-08,31.5,-25.0,0.036275685
1970-06-09,31.5,-25.0,0.0008244473
1970-06-10,31.5,-25.0,0.0
1970-06-11,31.5,-25.0,0.0
1970-06-12,31.5,-25.0,0.0049466845
1970-06-13,31.5,-25.0,0.0016488946
1970-06-14,31.5,-25.0,0.35533684
1970-06-15,31.5,-25.0,0.0
1970-06-16,31.5,-25.0,0.0
1970-06-17,31.5,-25.0,0.0
1970-06-18,31.5,-25.0,0.8508296
1970-06-19,31.5,-25.0,0.082444735
1970-06-20,31.5,-25.0,0.0
1970-06-21,31.5,-25.0,0.0065955785
1970-06-22,31.5,-25.0,0.008244474
1970-06-23,31.5,-25.0,0.0
1970-06-24,31.5,-25.0,0.0
1970-06-25,31.5,-25.0,0.0
1970-06-26,31.5,-25.0,2.7594256
1970-06-27,31.5,-25.0,8.16203
1970-06-28,31.5,-25.0,0.29020548
1970-06-29,31.5,-25.0,0.0
1970-06-30,31.5,-25.0,0.0
1970-07-01,31.5,-25.0,0.002016231
1970-07-02,31.5,-25.0,0.0
1970-07-03,31.5,-25.0,0.0
1970-07-04,31.5,-25.0,0.0
1970-07-05,31.5,-25.0,0.030243466
1970-07-06,31.5,-25.0,0.0
1970-07-07,31.5,-25.0,0.13609558
1970-07-08,31.5,-25.0,0.12097387
1970-07-09,31.5,-25.0,0.0
1970-07-10,31.5,-25.0,0.0
1970-07-11,31.5,-25.0,0.0
1970-07-12,31.5,-25.0,0.0
1970-07-13,31.5,-25.0,0.0
1970-07-14,31.5,-25.0,0.4415546
1970-07-15,31.5,-25.0,1.3629721
1970-07-16,31.5,-25.0,3.9124966
1970-07-17,31.5,-25.0,4.289531
1970-07-18,31.5,-25.0,0.0
1970-07-19,31.5,-25.0,0.02217854
1970-07-20,31.5,-25.0,0.019154195
1970-07-21,31.5,-25.0,0.0
1970-07-22,31.5,-25.0,0.3437674
1970-07-23,31.5,-25.0,0.0
1970-07-24,31.5,-25.0,0.0
1970-07-25,31.5,-25.0,0.0
1970-07-26,31.5,-25.0,0.0
1970-07-27,31.5,-25.0,0.0
1970-07-28,31.5,-25.0,0.0
1970-07-29,31.5,-25.0,0.0
1970-07-30,31.5,-25.0,0.0
1970-07-31,31.5,-25.0,0.0
1970-08-01,31.5,-25.0,0.0
1970-08-02,31.5,-25.0,0.0
1970-08-03,31.5,-25.0,0.0
1970-08-04,31.5,-25.0,0.0
1970-08-05,31.5,-25.0,0.0008639577
1970-08-06,31.5,-25.0,0.1995742
1970-08-07,31.5,-25.0,0.111450545
1970-08-08,31.5,-25.0,0.0
1970-08-09,31.5,-25.0,0.054429337
1970-08-10,31.5,-25.0,0.0043197884
1970-08-11,31.5,-25.0,0.31620848
1970-08-12,31.5,-25.0,0.20994169
1970-08-13,31.5,-25.0,0.050109543
1970-08-14,31.5,-25.0,0.0
1970-08-15,31.5,-25.0,0.0
1970-08-16,31.5,-25.0,0.0034558307
1970-08-17,31.5,-25.0,0.0017279154
1970-08-18,31.5,-25.0,0.018143112
1970-08-19,31.5,-25.0,0.009503533
1970-08-20,31.5,-25.0,0.0
1970-08-21,31.5,-25.0,0.0
1970-08-22,31.5,-25.0,0.0
1970-08-23,31.5,-25.0,0.0
1970-08-24,31.5,-25.0,1.447993
1970-08-25,31.5,-25.0,1.1602951
1970-08-26,31.5,-25.0,1.9698234
1970-08-27,31.5,-25.0,2.0752265
1970-08-28,31.5,-25.0,0.0
1970-08-29,31.5,-25.0,0.0
1970-08-30,31.5,-25.0,0.0
1970-08-31,31.5,-25.0,6.938894e-15
1970-09-01,31.5,-25.0,0.035886317
1970-09-02,31.5,-25.0,0.17846169
1970-09-03,31.5,-25.0,0.4510037
1970-09-04,31.5,-25.0,0.11832786
1970-09-05,31.5,-25.0,0.015518408
1970-09-06,31.5,-25.0,0.06401344
1970-09-07,31.5,-25.0,0.011638805
1970-09-08,31.5,-25.0,1.6653347e-13
1970-09-09,31.5,-25.0,1.6653347e-13
1970-09-10,31.5,-25.0,0.0019398012
1970-09-11,31.5,-25.0,0.10183954
1970-09-12,31.5,-25.0,0.042675618
1970-09-13,31.5,-25.0,1.6653347e-13
1970-09-14,31.5,-25.0,0.028127113
1970-09-15,31.5,-25.0,1.6653347e-13
1970-09-16,31.5,-25.0,1.6653347e-13
1970-09-17,31.5,-25.0,1.6653347e-13
1970-09-18,31.5,-25.0,1.6653347e-13
1970-09-19,31.5,-25.0,0.0019398012
1970-09-20,31.5,-25.0,0.03782612
1970-09-21,31.5,-25.0,1.6653347e-13
1970-09-22,31.5,-25.0,1.6653347e-13
1970-09-23,31.5,-25.0,1.6653347e-13
1970-09-24,31.5,-25.0,1.6653347e-13
1970-09-25,31.5,-25.0,1.6653347e-13
1970-09-26,31.5,-25.0,1.6653347e-13
1970-09-27,31.5,-25.0,1.6653347e-13
1970-09-28,31.5,-25.0,0.062073633
1970-09-29,31.5,-25.0,12.610643
1970-09-30,31.5,-25.0,3.3665247
1970-10-01,31.5,-25.0,0.0
1970-10-02,31.5,-25.0,0.33725607
1970-10-03,31.5,-25.0,0.0
1970-10-04,31.5,-25.0,0.0010914435
1970-10-05,31.5,-25.0,0.01855454
1970-10-06,31.5,-25.0,0.0
1970-10-07,31.5,-25.0,0.0
1970-10-08,31.5,-25.0,2.2145388
1970-10-09,31.5,-25.0,9.625441
1970-10-10,31.5,-25.0,5.3196964
1970-10-11,31.5,-25.0,20.673035
1970-10-12,31.5,-25.0,11.984051
1970-10-13,31.5,-25.0,0.60684264
1970-10-14,31.5,-25.0,0.038200524
1970-10-15,31.5,-25.0,0.39946836
1970-10-16,31.5,-25.0,2.4219134
1970-10-17,31.5,-25.0,0.7661935
1970-10-18,31.5,-25.0,0.0010914435
1970-10-19,31.5,-25.0,0.0
1970-10-20,31.5,-25.0,0.0
1970-10-21,31.5,-25.0,0.0
1970-10-22,31.5,-25.0,0.0
1970-10-23,31.5,-25.0,0.0
1970-10-24,31.5,-25.0,0.31542718
1970-10-25,31.5,-25.0,0.09604703
1970-10-26,31.5,-25.0,0.0
1970-10-27,31.5,-25.0,0.0
1970-10-28,31.5,-25.0,0.0
1970-10-29,31.5,-25.0,0.01855454
1970-10-30,31.5,-25.0,0.09386415
1970-10-31,31.5,-25.0,0.26631224
1970-11-01,31.5,-25.0,0.0028291964
1970-11-02,31.5,-25.0,0.0
1970-11-03,31.5,-25.0,0.0
1970-11-04,31.5,-25.0,18.548212
1970-11-05,31.5,-25.0,3.3658009
1970-11-06,31.5,-25.0,0.2103036
1970-11-07,31.5,-25.0,0.01037372
1970-11-08,31.5,-25.0,0.02074744
1970-11-09,31.5,-25.0,2.01816
1970-11-10,31.5,-25.0,0.0075445245
1970-11-11,31.5,-25.0,3.7496285
1970-11-12,31.5,-25.0,0.00848759
1970-11-13,31.5,-25.0,2.2303498
1970-11-14,31.5,-25.0,4.9746704
1970-11-15,31.5,-25.0,5.798909
1970-11-16,31.5,-25.0,1.7022332
1970-11-17,31.5,-25.0,2.0907762
1970-11-18,31.5,-25.0,0.19804376
1970-11-19,31.5,-25.0,6.154445
1970-11-20,31.5,-25.0,0.7780291
1970-11-21,31.5,-25.0,0.016032115
1970-11-22,31.5,-25.0,0.001886131
1970-11-23,31.5,-25.0,0.44324076
1970-11-24,31.5,-25.0,5.624443
1970-11-25,31.5,-25.0,0.045267142
1970-11-26,31.5,-25.0,0.071672976
1970-11-27,31.5,-25.0,1.526823
1970-11-28,31.5,-25.0,0.35836488
1970-11-29,31.5,-25.0,0.4356963
1970-11-30,31.5,-25.0,4.311225
1970-12-01,31.5,-25.0,2.3735964
1970-12-02,31.5,-25.0,0.02054638
1970-12-03,31.5,-25.0,0.011740791
1970-12-04,31.5,-25.0,0.05870395
1970-12-05,31.5,-25.0,0.0
1970-12-06,31.5,-25.0,0.19470143
1970-12-07,31.5,-25.0,0.0
1970-12-08,31.5,-25.0,0.0
1970-12-09,31.5,-25.0,0.026416775
1970-12-10,31.5,-25.0,0.02152478
1970-12-11,31.5,-25.0,1.8697207
1970-12-12,31.5,-25.0,0.07435833
1970-12-13,31.5,-25.0,0.0
1970-12-14,31.5,-25.0,1.0498223
1970-12-15,31.5,-25.0,0.03424397
1970-12-16,31.5,-25.0,0.11936471
1970-12-17,31.5,-25.0,3.630839
1970-12-18,31.5,-25.0,1.372694
1970-12-19,31.5,-25.0,3.8813095
1970-12-20,31.5,-25.0,0.0009783992
1970-12-21,31.5,-25.0,5.556329
1970-12-22,31.5,-25.0,11.229087
1970-12-23,31.5,-25.0,2.4058836
1970-12-24,31.5,-25.0,0.3189581
1970-12-25,31.5,-25.0,0.0009783992
1970-12-26,31.5,-25.0,0.7465186
1970-12-27,31.5,-25.0,2.5056803
1970-12-28,31.5,-25.0,9.909226
1970-12-29,31.5,-25.0,18.75102
1970-12-30,31.5,-25.0,12.25445
1970-12-31,31.5,-25.0,34.472286
1971-01-01,31.5,-25.0,2.5947201
1971-01-02,31.5,-25.0,3.5023108
1971-01-03,31.5,-25.0,1.6017625
1971-01-04,31.5,-25.0,0.3111418
1971-01-05,31.5,-25.0,0.0022465112
1971-01-06,31.5,-25.0,0.0022465112
1971-01-07,31.5,-25.0,0.041560456
1971-01-08,31.5,-25.0,1.432151
1971-01-09,31.5,-25.0,0.21791157
1971-01-10,31.5,-25.0,-1.6653347e-13
1971-01-11,31.5,-25.0,2.8541923
1971-01-12,31.5,-25.0,6.851858
1971-01-13,31.5,-25.0,0.039313946
1971-01-14,31.5,-25.0,-1.6653347e-13
1971-01-15,31.5,-25.0,0.30664876
1971-01-16,31.5,-25.0,21.368813
1971-01-17,31.5,-25.0,3.438285
1971-01-18,31.5,-25.0,1.7163345
1971-01-19,31.5,-25.0,0.96150684
1971-01-20,31.5,-25.0,1.5590787
1971-01-21,31.5,-25.0,30.79068
1971-01-22,31.5,-25.0,2.4543133
1971-01-23,31.5,-25.0,1.807318
1971-01-24,31.5,-25.0,4.0628147
1971-01-25,31.5,-25.0,3.4090805
1971-01-26,31.5,-25.0,0.13029763
1971-01-27,31.5,-25.0,1.6500624
1971-01-28,31.5,-25.0,2.3835483
1971-01-29,31.5,-25.0,0.27744412
1971-01-30,31.5,-25.0,0.6234068
1971-01-31,31.5,-25.0,0.39286363
1971-02-01,31.5,-25.0,0.12288098
1971-02-02,31.5,-25.0,0.36101586
1971-02-03,31.5,-25.0,0.09915224
1971-02-04,31.5,-25.0,0.01186437
1971-02-05,31.5,-25.0,0.04406766
1971-02-06,31.5,-25.0,0.021186374
1971-02-07,31.5,-25.0,0.00169491
1971-02-08,31.5,-25.0,0.00338982
1971-02-09,31.5,-25.0,0.23982978
1971-02-10,31.5,-25.0,0.41694787
1971-02-11,31.5,-25.0,0.5728796
1971-02-12,31.5,-25.0,13.080468
1971-02-13,31.5,-25.0,0.05932185
1971-02-14,31.5,-25.0,0.17627063
1971-02-15,31.5,-25.0,0.10847424
1971-02-16,31.5,-25.0,1.3745722
1971-02-17,31.5,-25.0,0.6940657
1971-02-18,31.5,-25.0,0.01186437
1971-02-19,31.5,-25.0,0.00169491
1971-02-20,31.5,-25.0,0.041525297
1971-02-21,31.5,-25.0,2.363552
1971-02-22,31.5,-25.0,1.4864361
1971-02-23,31.5,-25.0,0.18474522
1971-02-24,31.5,-25.0,0.03898293
1971-02-25,31.5,-25.0,0.0
1971-02-26,31.5,-25.0,0.00338982
1971-02-27,31.5,-25.0,0.0
1971-02-28,31.5,-25.0,0.0
1971-03-01,31.5,-25.0,0.12824702
1971-03-02,31.5,-25.0,2.7719045
1971-03-03,31.5,-25.0,5.005172
1971-03-04,31.5,-25.0,9.063084
1971-03-05,31.5,-25.0,17.90063
1971-03-06,31.5,-25.0,11.203484
1971-03-07,31.5,-25.0,0.27595222
1971-03-08,31.5,-25.0,0.59789646
1971-03-09,31.5,-25.0,0.028302792
1971-03-10,31.5,-25.0,0.030956179
1971-03-11,31.5,-25.0,0.083139464
1971-03-12,31.5,-25.0,0.19723508
1971-03-13,31.5,-25.0,0.018573709
1971-03-14,31.5,-25.0,0.00088446226
1971-03-15,31.5,-25.0,0.011498009
1971-03-16,31.5,-25.0,0.07871714
1971-03-17,31.5,-25.0,0.23880482
1971-03-18,31.5,-25.0,0.21050203
1971-03-19,31.5,-25.0,0.012382471
1971-03-20,31.5,-25.0,0.012382471
1971-03-21,31.5,-25.0,0.0
1971-03-22,31.5,-25.0,7.4285984
1971-03-23,31.5,-25.0,24.867538
1971-03-24,31.5,-25.0,0.12736258
1971-03-25,31.5,-25.0,0.0
1971-03-26,31.5,-25.0,2.8576975
1971-03-27,31.5,-25.0,0.034494027
1971-03-28,31.5,-25.0,2.003307
1971-03-29,31.5,-25.0,0.028302792
1971-03-30,31.5,-25.0,0.48556978
1971-03-31,31.5,-25.0,0.061912358
1971-04-01,31.5,-25.0,0.035388384
1971-04-02,31.5,-25.0,0.0
1971-04-03,31.5,-25.0,9.322185
1971-04-04,31.5,-25.0,15.4620695
1971-04-05,31.5,-25.0,14.416344
1971-04-06,31.5,-25.0,0.041581355
1971-04-07,31.5,-25.0,0.14420767
1971-04-08,31.5,-25.0,0.54321176
1971-04-09,31.5,-25.0,0.30610955
1971-04-10,31.5,-25.0,0.00088470965
1971-04-11,31.5,-25.0,0.46978077
1971-04-12,31.5,-25.0,1.4482696
1971-04-13,31.5,-25.0,0.3653851
1971-04-14,31.5,-25.0,0.5688683
1971-04-15,31.5,-25.0,0.1114734
1971-04-16,31.5,-25.0,0.0636991
1971-04-17,31.5,-25.0,1.151892
1971-04-18,31.5,-25.0,3.034554
1971-04-19,31.5,-25.0,0.10793458
1971-04-20,31.5,-25.0,0.019463614
1971-04-21,31.5,-25.0,1.166932
1971-04-22,31.5,-25.0,0.007077677
1971-04-23,31.5,-25.0,0.0
1971-04-24,31.5,-25.0,0.0
1971-04-25,31.5,-25.0,1.3359115
1971-04-26,31.5,-25.0,0.0017694193
1971-04-27,31.5,-25.0,0.033618968
1971-04-28,31.5,-25.0,0.16367128
1971-04-29,31.5,-25.0,0.0
1971-04-30,31.5,-25.0,-3.469447e-15
1971-05-01,31.5,-25.0,0.002737166
1971-05-02,31.5,-25.0,0.21258655
1971-05-03,31.5,-25.0,-8.3266734e-14
1971-05-04,31.5,-25.0,0.028284047
1971-05-05,31.5,-25.0,0.14050785
1971-05-06,31.5,-25.0,-8.3266734e-14
1971-05-07,31.5,-25.0,-8.3266734e-14
1971-05-08,31.5,-25.0,0.06204243
1971-05-09,31.5,-25.0,-8.3266734e-14
1971-05-10,31.5,-25.0,-8.3266734e-14
1971-05-11,31.5,-25.0,-8.3266734e-14
1971-05-12,31.5,-25.0,11.641167
1971-05-13,31.5,-25.0,5.396779
1971-05-14,31.5,-25.0,0.034670766
1971-05-15,31.5,-25.0,-8.3266734e-14
1971-05-16,31.5,-25.0,0.002737166
1971-05-17,31.5,-25.0,0.0036495547
1971-05-18,31.5,-25.0,-8.3266734e-14
1971-05-19,31.5,-25.0,-8.3266734e-14
1971-05-20,31.5,-25.0,0.0045619435
1971-05-21,31.5,-25.0,0.528273
1971-05-22,31.5,-25.0,-8.3266734e-14
1971-05-23,31.5,-25.0,-8.3266734e-14
1971-05-24,31.5,-25.0,-8.3266734e-14
1971-05-25,31.5,-25.0,-8.3266734e-14
1971-05-26,31.5,-25.0,-8.3266734e-14
1971-05-27,31.5,-25.0,0.05930526
1971-05-28,31.5,-25.0,0.05383093
1971-05-29,31.5,-25.0,0.6742552
1971-05-30,31.5,-25.0,-8.3266734e-14
1971-05-31,31.5,-25.0,-7.979728e-14
1971-06-01,31.5,-25.0,0.0
1971-06-02,31.5,-25.0,0.00083096686
1971-06-03,31.5,-25.0,0.0
1971-06-04,31.5,-25.0,0.0
1971-06-05,31.5,-25.0,0.002492901
1971-06-06,31.5,-25.0,0.009971604
1971-06-07,31.5,-25.0,0.0
1971-06-08,31.5,-25.0,0.0
1971-06-09,31.5,-25.0,0.0
1971-06-10,31.5,-25.0,0.0
1971-06-11,31.5,-25.0,0.0
1971-06-12,31.5,-25.0,0.0
1971-06-13,31.5,-25.0,0.0
1971-06-14,31.5,-25.0,0.0
1971-06-15,31.5,-25.0,0.35565382
1971-06-16,31.5,-25.0,0.87085336
1971-06-17,31.5,-25.0,0.03822448
1971-06-18,31.5,-25.0,0.00083096686
1971-06-19,31.5,-25.0,0.0
1971-06-20,31.5,-25.0,0.004154835
1971-06-21,31.5,-25.0,0.006647735
1971-06-22,31.5,-25.0,0.0
1971-06-23,31.5,-25.0,0.0
1971-06-24,31.5,-25.0,0.0
1971-06-25,31.5,-25.0,0.02742191
1971-06-26,31.5,-25.0,1.3702645
1971-06-27,31.5,-25.0,0.06232252
1971-06-28,31.5,-25.0,0.0
1971-06-29,31.5,-25.0,0.0
1971-06-30,31.5,-25.0,0.0
1971-07-01,31.5,-25.0,0.0
1971-07-02,31.5,-25.0,0.0
1971-07-03,31.5,-25.0,0.0
1971-07-04,31.5,-25.0,0.004632741
1971-07-05,31.5,-25.0,0.4141671
1971-07-06,31.5,-25.0,0.0
1971-07-07,31.5,-25.0,0.0
1971-07-08,31.5,-25.0,0.0
1971-07-09,31.5,-25.0,0.0
1971-07-10,31.5,-25.0,0.0
1971-07-11,31.5,-25.0,0.0018530965
1971-07-12,31.5,-25.0,0.0268699
1971-07-13,31.5,-25.0,0.0
1971-07-14,31.5,-25.0,0.0
1971-07-15,31.5,-25.0,0.0
1971-07-16,31.5,-25.0,0.0
1971-07-17,31.5,-25.0,0.030576095
1971-07-18,31.5,-25.0,0.08431589
1971-07-19,31.5,-25.0,0.0
1971-07-20,31.5,-25.0,0.0
1971-07-21,31.5,-25.0,0.0
1971-07-22,31.5,-25.0,0.0
1971-07-23,31.5,-25.0,0.0
1971-07-24,31.5,-25.0,0.0
1971-07-25,31.5,-25.0,0.057445996
1971-07-26,31.5,-25.0,0.0
1971-07-27,31.5,-25.0,0.0
1971-07-28,31.5,-25.0,0.0
1971-07-29,31.5,-25.0,0.0
1971-07-30,31.5,-25.0,0.0
1971-07-31,31.5,-25.0,-6.938894e-15
1971-08-01,31.5,-25.0,-1.6653347e-13
1971-08-02,31.5,-25.0,-1.6653347e-13
1971-08-03,31.5,-25.0,-1.6653347e-13
1971-08-04,31.5,-25.0,-1.6653347e-13
1971-08-05,31.5,-25.0,-1.6653347e-13
1971-08-06,31.5,-25.0,-1.6653347e-13
1971-08-07,31.5,-25.0,-1.6653347e-13
1971-08-08,31.5,-25.0,-1.6653347e-13
1971-08-09,31.5,-25.0,-1.6653347e-13
1971-08-10,31.5,-25.0,0.11703535
1971-08-11,31.5,-25.0,0.9717771
1971-08-12,31.5,-25.0,0.050843228
1971-08-13,31.5,-25.0,0.080581725
1971-08-14,31.5,-25.0,-1.6653347e-13
1971-08-15,31.5,-25.0,-1.6653347e-13
1971-08-16,31.5,-25.0,0.0028779185
1971-08-17,31.5,-25.0,-1.6653347e-13
1971-08-18,31.5,-25.0,-1.6653347e-13
1971-08-19,31.5,-25.0,-1.6653347e-13
1971-08-20,31.5,-25.0,0.7377064
1971-08-21,31.5,-25.0,5.1313286
1971-08-22,31.5,-25.0,0.10648298
1971-08-23,31.5,-25.0,-1.6653347e-13
1971-08-24,31.5,-25.0,-1.6653347e-13
1971-08-25,31.5,-25.0,0.00095930614
1971-08-26,31.5,-25.0,0.0028779185
1971-08-27,31.5,-25.0,0.024941962
1971-08-28,31.5,-25.0,0.12566912
1971-08-29,31.5,-25.0,-1.6653347e-13
1971-08-30,31.5,-25.0,-1.6653347e-13
1971-08-31,31.5,-25.0,-1.5959456e-13
1971-09-01,31.5,-25.0,0.0
1971-09-02,31.5,-25.0,0.0
1971-09-03,31.5,-25.0,0.0
1971-09-04,31.5,-25.0,0.020264965
1971-09-05,31.5,-25.0,0.0046056737
1971-09-06,31.5,-25.0,1.3439356
1971-09-07,31.5,-25.0,11.099673
1971-09-08,31.5,-25.0,12.626916
1971-09-09,31.5,-25.0,3.01119
1971-09-10,31.5,-25.0,0.055268086
1971-09-11,31.5,-25.0,0.22107235
1971-09-12,31.5,-25.0,0.30765897
1971-09-13,31.5,-25.0,0.0
1971-09-14,31.5,-25.0,0.0
1971-09-15,31.5,-25.0,0.0
1971-09-16,31.5,-25.0,0.03684539
1971-09-17,31.5,-25.0,0.786649
1971-09-18,31.5,-25.0,0.14738156
1971-09-19,31.5,-25.0,0.0
1971-09-20,31.5,-25.0,0.0009211347
1971-09-21,31.5,-25.0,0.0073690778
1971-09-22,31.5,-25.0,0.0
1971-09-23,31.5,-25.0,0.0
1971-09-24,31.5,-25.0,0.0
1971-09-25,31.5,-25.0,0.6383464
1971-09-26,31.5,-25.0,0.002763404
1971-09-27,31.5,-25.0,0.03316085
1971-09-28,31.5,-25.0,0.0211861
1971-09-29,31.5,-25.0,0.03960879
1971-09-30,31.5,-25.0,0.9098645
1971-10-01,31.5,-25.0,0.19332106
1971-10-02,31.5,-25.0,0.12577516
1971-10-03,31.5,-25.0,0.027950037
1971-10-04,31.5,-25.0,0.050077148
1971-10-05,31.5,-25.0,3.8512824
1971-10-06,31.5,-25.0,1.2857018
1971-10-07,31.5,-25.0,5.371065
1971-10-08,31.5,-25.0,2.3466387
1971-10-09,31.5,-25.0,1.8784757
1971-10-10,31.5,-25.0,5.9254084
1971-10-11,31.5,-25.0,0.56016535
1971-10-12,31.5,-25.0,2.1265318
1971-10-13,31.5,-25.0,0.58578616
1971-10-14,31.5,-25.0,-1.6653347e-13
1971-10-15,31.5,-25.0,17.447811
1971-10-16,31.5,-25.0,1.0935452
1971-10-17,31.5,-25.0,0.14673771
1971-10-18,31.5,-25.0,0.3551984
1971-10-19,31.5,-25.0,0.053570904
1971-10-20,31.5,-25.0,-1.6653347e-13
1971-10-21,31.5,-25.0,-1.6653347e-13
1971-10-22,31.5,-25.0,-1.6653347e-13
1971-10-23,31.5,-25.0,5.3687363
1971-10-24,31.5,-25.0,20.199724
1971-10-25,31.5,-25.0,0.012810433
1971-10-26,31.5,-25.0,-1.6653347e-13
1971-10-27,31.5,-25.0,0.2783358
1971-10-28,31.5,-25.0,0.7849302
1971-10-29,31.5,-25.0,0.16886482
1971-10-30,31.5,-25.0,5.4688907
1971-10-31,31.5,-25.0,1.4650478
1971-11-01,31.5,-25.0,0.020419016
1971-11-02,31.5,-25.0,1.6764011
1971-11-03,31.5,-25.0,1.3721579
1971-11-04,31.5,-25.0,0.21133684
1971-11-05,31.5,-25.0,0.35222808
1971-11-06,31.5,-25.0,0.9402958
1971-11-07,31.5,-25.0,3.0516222
1971-11-08,31.5,-25.0,2.3583965
1971-11-09,31.5,-25.0,1.6653347e-13
1971-11-10,31.5,-25.0,0.024502823
1971-11-11,31.5,-25.0,1.6653347e-13
1971-11-12,31.5,-25.0,0.3195576
1971-11-13,31.5,-25.0,0.44819748
1971-11-14,31.5,-25.0,1.6653347e-13
1971-11-15,31.5,-25.0,4.889334
1971-11-16,31.5,-25.0,4.6238866
1971-11-17,31.5,-25.0,0.54008305
1971-11-18,31.5,-25.0,1.6653347e-13
1971-11-19,31.5,-25.0,0.1766245
1971-11-20,31.5,-25.0,0.015314264
1971-11-21,31.5,-25.0,0.0010209508
1971-11-22,31.5,-25.0,0.32364145
1971-11-23,31.5,-25.0,0.023481872
1971-11-24,31.5,-25.0,1.6653347e-13
1971-11-25,31.5,-25.0,0.006125706
1971-11-26,31.5,-25.0,0.008167608
1971-11-27,31.5,-25.0,0.2348187
1971-11-28,31.5,-25.0,1.247602
1971-11-29,31.5,-25.0,4.7933645
1971-11-30,31.5,-25.0,2.1257875
1971-12-01,31.5,-25.0,7.2626276
1971-12-02,31.5,-25.0,35.31128
1971-12-03,31.5,-25.0,8.157665
1971-12-04,31.5,-25.0,0.0067465194
1971-12-05,31.5,-25.0,0.0
1971-12-06,31.5,-25.0,0.40591556
1971-12-07,31.5,-25.0,0.057345413
1971-12-08,31.5,-25.0,0.0
1971-12-09,31.5,-25.0,0.7274996
1971-12-10,31.5,-25.0,0.6735275
1971-12-11,31.5,-25.0,1.9812276
1971-12-12,31.5,-25.0,0.0044976794
1971-12-13,31.5,-25.0,19.778542
1971-12-14,31.5,-25.0,3.2743106
1971-12-15,31.5,-25.0,0.28335378
1971-12-16,31.5,-25.0,0.06858961
1971-12-17,31.5,-25.0,0.41940862
1971-12-18,31.5,-25.0,1.757468
1971-12-19,31.5,-25.0,0.08658032
1971-12-20,31.5,-25.0,0.0
1971-12-21,31.5,-25.0,0.058469832
1971-12-22,31.5,-25.0,0.15741877
1971-12-23,31.5,-25.0,0.0
1971-12-24,31.5,-25.0,0.0
1971-12-25,31.5,-25.0,0.015741875
1971-12-26,31.5,-25.0,0.013493037
1971-12-27,31.5,-25.0,1.5674412
1971-12-28,31.5,-25.0,2.148766
1971-12-29,31.5,-25.0,1.0254709
1971-12-30,31.5,-25.0,10.238966
1971-12-31,31.5,-25.0,9.511715
1972-01-01,31.5,-25.0,9.056419
1972-01-02,31.5,-25.0,11.943506
1972-01-03,31.5,-25.0,6.2015905
1972-01-04,31.5,-25.0,2.7177322
1972-01-05,31.5,-25.0,2.480406
1972-01-06,31.5,-25.0,0.27880085
1972-01-07,31.5,-25.0,0.18087493
1972-01-08,31.5,-25.0,1.7442336
1972-01-09,31.5,-25.0,0.2580636
1972-01-10,31.5,-25.0,1.3940043
1972-01-11,31.5,-25.0,30.21072
1972-01-12,31.5,-25.0,21.612827
1972-01-13,31.5,-25.0,6.2050476
1972-01-14,31.5,-25.0,7.984995
1972-01-15,31.5,-25.0,6.623248
1972-01-16,31.5,-25.0,1.0184295
1972-01-17,31.5,-25.0,24.14277
1972-01-18,31.5,-25.0,0.7016104
1972-01-19,31.5,-25.0,2.3398535
1972-01-20,31.5,-25.0,9.25112
1972-01-21,31.5,-25.0,4.913577
1972-01-22,31.5,-25.0,17.708464
1972-01-23,31.5,-25.0,3.675102
1972-01-24,31.5,-25.0,22.91121
1972-01-25,31.5,-25.0,19.738409
1972-01-26,31.5,-25.0,0.51727927
1972-01-27,31.5,-25.0,1.3698108
1972-01-28,31.5,-25.0,2.3744154
1972-01-29,31.5,-25.0,1.4032208
1972-01-30,31.5,-25.0,1.156678
1972-01-31,31.5,-25.0,0.8442533
1972-02-01,31.5,-25.0,0.064743176
1972-02-02,31.5,-25.0,3.30284
1972-02-03,31.5,-25.0,7.980299
1972-02-04,31.5,-25.0,3.429511
1972-02-05,31.5,-25.0,0.051606875
1972-02-06,31.5,-25.0,0.0
1972-02-07,31.5,-25.0,0.0
1972-02-08,31.5,-25.0,0.0
1972-02-09,31.5,-25.0,0.0018766135
1972-02-10,31.5,-25.0,0.0
1972-02-11,31.5,-25.0,0.0412855
1972-02-12,31.5,-25.0,0.0
1972-02-13,31.5,-25.0,0.0
1972-02-14,31.5,-25.0,40.453224
1972-02-15,31.5,-25.0,3.1011038
1972-02-16,31.5,-25.0,9.318325
1972-02-17,31.5,-25.0,0.31151786
1972-02-18,31.5,-25.0,0.0
1972-02-19,31.5,-25.0,0.15575893
1972-02-20,31.5,-25.0,0.28899848
1972-02-21,31.5,-25.0,20.827599
1972-02-22,31.5,-25.0,38.18721
1972-02-23,31.5,-25.0,7.221209
1972-02-24,31.5,-25.0,3.8601944
1972-02-25,31.5,-25.0,7.710067
1972-02-26,31.5,-25.0,0.01782783
1972-02-27,31.5,-25.0,0.32090092
1972-02-28,31.5,-25.0,0.67745745
1972-02-29,31.5,-25.0,0.6840363
1972-03-01,31.5,-25.0,1.3513703
1972-03-02,31.5,-25.0,2.2397616
1972-03-03,31.5,-25.0,0.96352386
1972-03-04,31.5,-25.0,2.46719
1972-03-05,31.5,-25.0,10.867821
1972-03-06,31.5,-25.0,0.17260176
1972-03-07,31.5,-25.0,0.0
1972-03-08,31.5,-25.0,1.2173501
1972-03-09,31.5,-25.0,3.109878
1972-03-10,31.5,-25.0,0.38683105
1972-03-11,31.5,-25.0,0.32286683
1972-03-12,31.5,-25.0,0.37363204
1972-03-13,31.5,-25.0,0.002030609
1972-03-14,31.5,-25.0,0.38581574
1972-03-15,31.5,-25.0,2.2265627
1972-03-16,31.5,-25.0,1.436656
1972-03-17,31.5,-25.0,0.7452335
1972-03-18,31.5,-25.0,0.31575972
1972-03-19,31.5,-25.0,21.277737
1972-03-20,31.5,-25.0,14.296503
1972-03-21,31.5,-25.0,4.55161
1972-03-22,31.5,-25.0,24.614027
1972-03-23,31.5,-25.0,14.377726
1972-03-24,31.5,-25.0,0.32083625
1972-03-25,31.5,-25.0,0.082239665
1972-03-26,31.5,-25.0,8.379309
1972-03-27,31.5,-25.0,0.22742821
1972-03-28,31.5,-25.0,0.0
1972-03-29,31.5,-25.0,0.0
1972-03-30,31.5,-25.0,4.6236963
1972-03-31,31.5,-25.0,0.37058616
1972-04-01,31.5,-25.0,0.06403107
1972-04-02,31.5,-25.0,0.22657147
1972-04-03,31.5,-25.0,0.0
1972-04-04,31.5,-25.0,0.9200772
1972-04-05,31.5,-25.0,1.9229021
1972-04-06,31.5,-25.0,0.13495779
1972-04-07,31.5,-25.0,0.0
1972-04-08,31.5,-25.0,1.1830971
1972-04-09,31.5,-25.0,3.489201
1972-04-10,31.5,-25.0,0.030537894
1972-04-11,31.5,-25.0,0.0039403737
1972-04-12,31.5,-25.0,0.559533
1972-04-13,31.5,-25.0,0.108360276
1972-04-14,31.5,-25.0,0.69153553
1972-04-15,31.5,-25.0,0.4334411
1972-04-16,31.5,-25.0,0.0019701868
1972-04-17,31.5,-25.0,2.098249
1972-04-18,31.5,-25.0,3.958105
1972-04-19,31.5,-25.0,3.90491
1972-04-20,31.5,-25.0,0.04925467
1972-04-21,31.5,-25.0,0.0
1972-04-22,31.5,-25.0,0.0
1972-04-23,31.5,-25.0,0.0
1972-04-24,31.5,-25.0,0.022657147
1972-04-25,31.5,-25.0,0.12904721
1972-04-26,31.5,-25.0,0.4629939
1972-04-27,31.5,-25.0,0.037433546
1972-04-28,31.5,-25.0,12.09202
1972-04-29,31.5,-25.0,1.8106016
1972-04-30,31.5,-25.0,0.0
1972-05-01,31.5,-25.0,0.0
1972-05-02,31.5,-25.0,0.0
1972-05-03,31.5,-25.0,0.0
1972-05-04,31.5,-25.0,0.0
1972-05-05,31.5,-25.0,0.0
1972-05-06,31.5,-25.0,0.09687361
1972-05-07,31.5,-25.0,1.4143548
1972-05-08,31.5,-25.0,0.8515191
1972-05-09,31.5,-25.0,0.0
1972-05-10,31.5,-25.0,0.0
1972-05-11,31.5,-25.0,0.13174814
1972-05-12,31.5,-25.0,3.724791
1972-05-13,31.5,-25.0,4.9308677
1972-05-14,31.5,-25.0,14.940819
1972-05-15,31.5,-25.0,0.34390134
1972-05-16,31.5,-25.0,0.46402466
1972-05-17,31.5,-25.0,0.3652135
1972-05-18,31.5,-25.0,0.0116248345
1972-05-19,31.5,-25.0,4.268252
1972-05-20,31.5,-25.0,1.164421
1972-05-21,31.5,-25.0,0.10268605
1972-05-22,31.5,-25.0,0.9106121
1972-05-23,31.5,-25.0,1.4647292
1972-05-24,31.5,-25.0,9.702863
1972-05-25,31.5,-25.0,0.0
1972-05-26,31.5,-25.0,0.0
1972-05-27,31.5,-25.0,0.0
1972-05-28,31.5,-25.0,0.0
1972-05-29,31.5,-25.0,0.006781154
1972-05-30,31.5,-25.0,0.0
1972-05-31,31.5,-25.0,0.0
1972-06-01,31.5,-25.0,0.15559492
1972-06-02,31.5,-25.0,0.76882195
1972-06-03,31.5,-25.0,0.0
1972-06-04,31.5,-25.0,0.0
1972-06-05,31.5,-25.0,0.0
1972-06-06,31.5,-25.0,0.0
1972-06-07,31.5,-25.0,0.004160292
1972-06-08,31.5,-25.0,0.0
1972-06-09,31.5,-25.0,0.0
1972-06-10,31.5,-25.0,0.0
1972-06-11,31.5,-25.0,0.0
1972-06-12,31.5,-25.0,0.0
1972-06-13,31.5,-25.0,0.00083205843
1972-06-14,31.5,-25.0,0.0
1972-06-15,31.5,-25.0,0.0
1972-06-16,31.5,-25.0,0.0
1972-06-17,31.5,-25.0,0.0
1972-06-18,31.5,-25.0,0.0
1972-06-19,31.5,-25.0,0.0
1972-06-20,31.5,-25.0,0.0
1972-06-21,31.5,-25.0,0.0
1972-06-22,31.5,-25.0,0.0
1972-06-23,31.5,-25.0,0.0
1972-06-24,31.5,-25.0,0.002496175
1972-06-25,31.5,-25.0,0.0
1972-06-26,31.5,-25.0,0.023297638
1972-06-27,31.5,-25.0,0.024961751
1972-06-28,31.5,-25.0,0.0
1972-06-29,31.5,-25.0,0.0
1972-06-30,31.5,-25.0,0.0
1972-07-01,31.5,-25.0,0.0
1972-07-02,31.5,-25.0,0.0
1972-07-03,31.5,-25.0,0.0
1972-07-04,31.5,-25.0,0.0
1972-07-05,31.5,-25.0,0.0
1972-07-06,31.5,-25.0,0.0
1972-07-07,31.5,-25.0,0.0
1972-07-08,31.5,-25.0,0.0
1972-07-09,31.5,-25.0,0.09987132
1972-07-10,31.5,-25.0,0.1842454
1972-07-11,31.5,-25.0,0.0
1972-07-12,31.5,-25.0,0.0017219195
1972-07-13,31.5,-25.0,0.00086095976
1972-07-14,31.5,-25.0,0.0
1972-07-15,31.5,-25.0,0.0017219195
1972-07-16,31.5,-25.0,0.14464124
1972-07-17,31.5,-25.0,0.0
1972-07-18,31.5,-25.0,0.39776343
1972-07-19,31.5,-25.0,1.2079266
1972-07-20,31.5,-25.0,0.0043047993
1972-07-21,31.5,-25.0,0.0
1972-07-22,31.5,-25.0,0.0
1972-07-23,31.5,-25.0,0.0
1972-07-24,31.5,-25.0,0.00086095976
1972-07-25,31.5,-25.0,0.0043047993
1972-07-26,31.5,-25.0,0.0
1972-07-27,31.5,-25.0,0.0
1972-07-28,31.5,-25.0,0.010331518
1972-07-29,31.5,-25.0,0.22471052
1972-07-30,31.5,-25.0,0.0
1972-07-31,31.5,-25.0,-6.938894e-15
1972-08-01,31.5,-25.0,-1.6653347e-13
1972-08-02,31.5,-25.0,-1.6653347e-13
1972-08-03,31.5,-25.0,-1.6653347e-13
1972-08-04,31.5,-25.0,-1.6653347e-13
1972-08-05,31.5,-25.0,0.13499556
1972-08-06,31.5,-25.0,0.0038570159
1972-08-07,31.5,-25.0,0.003857016
1972-08-08,31.5,-25.0,0.061712254
1972-08-09,31.5,-25.0,0.04146292
1972-08-10,31.5,-25.0,-1.6653347e-13
1972-08-11,31.5,-25.0,-1.6653347e-13
1972-08-12,31.5,-25.0,-1.6653347e-13
1972-08-13,31.5,-25.0,0.07328331
1972-08-14,31.5,-25.0,0.09738965
1972-08-15,31.5,-25.0,-1.6653347e-13
1972-08-16,31.5,-25.0,-1.6653347e-13
1972-08-17,31.5,-25.0,-1.6653347e-13
1972-08-18,31.5,-25.0,0.000964254
1972-08-19,31.5,-25.0,0.05303397
1972-08-20,31.5,-25.0,-1.6653347e-13
1972-08-21,31.5,-25.0,0.02892762
1972-08-22,31.5,-25.0,-1.6653347e-13
1972-08-23,31.5,-25.0,-1.6653347e-13
1972-08-24,31.5,-25.0,-1.6653347e-13
1972-08-25,31.5,-25.0,0.38280886
1972-08-26,31.5,-25.0,0.83311546
1972-08-27,31.5,-25.0,3.5339909
1972-08-28,31.5,-25.0,2.211999
1972-08-29,31.5,-25.0,1.1031065
1972-08-30,31.5,-25.0,1.5071292
1972-08-31,31.5,-25.0,-1.6653347e-13
1972-09-01,31.5,-25.0,-1.6653347e-13
1972-09-02,31.5,-25.0,3.60069
1972-09-03,31.5,-25.0,0.060285524
1972-09-04,31.5,-25.0,0.26306412
1972-09-05,31.5,-25.0,-1.6653347e-13
1972-09-06,31.5,-25.0,-1.6653347e-13
1972-09-07,31.5,-25.0,-1.6653347e-13
1972-09-08,31.5,-25.0,0.027402513
1972-09-09,31.5,-25.0,0.089880235
1972-09-10,31.5,-25.0,-1.6653347e-13
1972-09-11,31.5,-25.0,-1.6653347e-13
1972-09-12,31.5,-25.0,-1.6653347e-13
1972-09-13,31.5,-25.0,0.0065766023
1972-09-14,31.5,-25.0,0.16222286
1972-09-15,31.5,-25.0,0.13482036
1972-09-16,31.5,-25.0,-1.6653347e-13
1972-09-17,31.5,-25.0,-1.6653347e-13
1972-09-18,31.5,-25.0,-1.6653347e-13
1972-09-19,31.5,-25.0,-1.6653347e-13
1972-09-20,31.5,-25.0,-1.6653347e-13
1972-09-21,31.5,-25.0,-1.6653347e-13
1972-09-22,31.5,-25.0,-1.6653347e-13
1972-09-23,31.5,-25.0,0.040555716
1972-09-24,31.5,-25.0,0.15016577
1972-09-25,31.5,-25.0,0.34965605
1972-09-26,31.5,-25.0,0.0043844017
1972-09-27,31.5,-25.0,0.0010961004
1972-09-28,31.5,-25.0,0.09864904
1972-09-29,31.5,-25.0,0.0010961004
1972-09-30,31.5,-25.0,0.09974514
1972-10-01,31.5,-25.0,0.13303772
1972-10-02,31.5,-25.0,0.007530437
1972-10-03,31.5,-25.0,13.365271
1972-10-04,31.5,-25.0,5.9251995
1972-10-05,31.5,-25.0,1.9390876
1972-10-06,31.5,-25.0,1.8625281
1972-10-07,31.5,-25.0,0.38154215
1972-10-08,31.5,-25.0,1.6654816
1972-10-09,31.5,-25.0,0.9413046
1972-10-10,31.5,-25.0,0.1757102
1972-10-11,31.5,-25.0,5.4909434
1972-10-12,31.5,-25.0,1.5951974
1972-10-13,31.5,-25.0,0.4982639
1972-10-14,31.5,-25.0,-1.6653347e-13
1972-10-15,31.5,-25.0,0.017571019
1972-10-16,31.5,-25.0,0.34765518
1972-10-17,31.5,-25.0,-1.6653347e-13
1972-10-18,31.5,-25.0,-1.6653347e-13
1972-10-19,31.5,-25.0,0.022591311
1972-10-20,31.5,-25.0,-1.6653347e-13
1972-10-21,31.5,-25.0,0.1844957
1972-10-22,31.5,-25.0,0.03639711
1972-10-23,31.5,-25.0,-1.6653347e-13
1972-10-24,31.5,-25.0,0.6325567
1972-10-25,31.5,-25.0,-1.6653347e-13
1972-10-26,31.5,-25.0,-1.6653347e-13
1972-10-27,31.5,-25.0,0.1292725
1972-10-28,31.5,-25.0,-1.6653347e-13
1972-10-29,31.5,-25.0,0.06400871
1972-10-30,31.5,-25.0,0.14182323
1972-10-31,31.5,-25.0,0.037652187
1972-11-01,31.5,-25.0,0.2051794
1972-11-02,31.5,-25.0,0.062004767
1972-11-03,31.5,-25.0,0.07666043
1972-11-04,31.5,-25.0,0.23561811
1972-11-05,31.5,-25.0,1.2874445
1972-11-06,31.5,-25.0,5.2016363
1972-11-07,31.5,-25.0,0.036075503
1972-11-08,31.5,-25.0,0.3336984
1972-11-09,31.5,-25.0,0.021419827
1972-11-10,31.5,-25.0,0.0
1972-11-11,31.5,-25.0,0.02254719
1972-11-12,31.5,-25.0,0.35624555
1972-11-13,31.5,-25.0,0.0
1972-11-14,31.5,-25.0,0.0
1972-11-15,31.5,-25.0,0.0
1972-11-16,31.5,-25.0,0.06651421
1972-11-17,31.5,-25.0,8.290601
1972-11-18,31.5,-25.0,2.0551763
1972-11-19,31.5,-25.0,1.0360432
1972-11-20,31.5,-25.0,0.019165106
1972-11-21,31.5,-25.0,0.01803775
1972-11-22,31.5,-25.0,0.08906139
1972-11-23,31.5,-25.0,0.3900664
1972-11-24,31.5,-25.0,0.3776654
1972-11-25,31.5,-25.0,18.315079
1972-11-26,31.5,-25.0,2.6346388
1972-11-27,31.5,-25.0,0.49491078
1972-11-28,31.5,-25.0,0.28071246
1972-11-29,31.5,-25.0,0.5952458
1972-11-30,31.5,-25.0,6.938894e-15
1972-12-01,31.5,-25.0,0.17311998
1972-12-02,31.5,-25.0,0.009442909
1972-12-03,31.5,-25.0,1.6653347e-13
1972-12-04,31.5,-25.0,1.6653347e-13
1972-12-05,31.5,-25.0,0.006295272
1972-12-06,31.5,-25.0,0.06924799
1972-12-07,31.5,-25.0,1.6653347e-13
1972-12-08,31.5,-25.0,0.008393696
1972-12-09,31.5,-25.0,0.028328724
1972-12-10,31.5,-25.0,1.6653347e-13
1972-12-11,31.5,-25.0,0.09337987
1972-12-12,31.5,-25.0,0.06610035
1972-12-13,31.5,-25.0,0.9421923
1972-12-14,31.5,-25.0,1.9725187
1972-12-15,31.5,-25.0,0.04826375
1972-12-16,31.5,-25.0,2.054357
1972-12-17,31.5,-25.0,2.4530578
1972-12-18,31.5,-25.0,0.46060404
1972-12-19,31.5,-25.0,0.023082662
1972-12-20,31.5,-25.0,1.6653347e-13
1972-12-21,31.5,-25.0,1.6653347e-13
1972-12-22,31.5,-25.0,1.2622021
1972-12-23,31.5,-25.0,1.6745422
1972-12-24,31.5,-25.0,0.593854
1972-12-25,31.5,-25.0,1.6653347e-13
1972-12-26,31.5,-25.0,0.33469862
1972-12-27,31.5,-25.0,1.6653347e-13
1972-12-28,31.5,-25.0,0.0786909
1972-12-29,31.5,-25.0,1.1709206
1972-12-30,31.5,-25.0,9.728294
1972-12-31,31.5,-25.0,1.6871327
1973-01-01,31.5,-25.0,0.0
1973-01-02,31.5,-25.0,2.7514608
1973-01-03,31.5,-25.0,0.57131994
1973-01-04,31.5,-25.0,2.8506484
1973-01-05,31.5,-25.0,0.2955787
1973-01-06,31.5,-25.0,0.16961059
1973-01-07,31.5,-25.0,0.5048643
1973-01-08,31.5,-25.0,0.29458684
1973-01-09,31.5,-25.0,1.4332591
1973-01-10,31.5,-25.0,0.61793804
1973-01-11,31.5,-25.0,0.005951249
1973-01-12,31.5,-25.0,0.03471562
1973-01-13,31.5,-25.0,5.536645
1973-01-14,31.5,-25.0,2.0531812
1973-01-15,31.5,-25.0,1.2517459
1973-01-16,31.5,-25.0,0.08926873
1973-01-17,31.5,-25.0,0.0
1973-01-18,31.5,-25.0,0.0
1973-01-19,31.5,-25.0,0.16663498
1973-01-20,31.5,-25.0,0.506848
1973-01-21,31.5,-25.0,0.0
1973-01-22,31.5,-25.0,0.0
1973-01-23,31.5,-25.0,0.06447187
1973-01-24,31.5,-25.0,0.053561244
1973-01-25,31.5,-25.0,0.47312433
1973-01-26,31.5,-25.0,0.2132531
1973-01-27,31.5,-25.0,4.1896796
1973-01-28,31.5,-25.0,0.13687873
1973-01-29,31.5,-25.0,0.0
1973-01-30,31.5,-25.0,42.25288
1973-01-31,31.5,-25.0,14.242985
1973-02-01,31.5,-25.0,1.2761868
1973-02-02,31.5,-25.0,0.0
1973-02-03,31.5,-25.0,0.0
1973-02-04,31.5,-25.0,0.29287887
1973-02-05,31.5,-25.0,0.09360046
1973-02-06,31.5,-25.0,3.9080708
1973-02-07,31.5,-25.0,2.1608622
1973-02-08,31.5,-25.0,0.4146601
1973-02-09,31.5,-25.0,1.1342765
1973-02-10,31.5,-25.0,27.93118
1973-02-11,31.5,-25.0,2.9338207
1973-02-12,31.5,-25.0,0.6008546
1973-02-13,31.5,-25.0,0.42271176
1973-02-14,31.5,-25.0,0.0
1973-02-15,31.5,-25.0,0.0060387384
1973-02-16,31.5,-25.0,0.0020129129
1973-02-17,31.5,-25.0,0.3915116
1973-02-18,31.5,-25.0,1.0718762
1973-02-19,31.5,-25.0,3.155241
1973-02-20,31.5,-25.0,0.37842768
1973-02-21,31.5,-25.0,3.3676035
1973-02-22,31.5,-25.0,0.1298329
1973-02-23,31.5,-25.0,0.0030193692
1973-02-24,31.5,-25.0,1.0436954
1973-02-25,31.5,-25.0,17.760939
1973-02-26,31.5,-25.0,0.025161412
1973-02-27,31.5,-25.0,0.0
1973-02-28,31.5,-25.0,0.0
1973-03-01,31.5,-25.0,0.0
1973-03-02,31.5,-25.0,0.13604438
1973-03-03,31.5,-25.0,5.2505126
1973-03-04,31.5,-25.0,18.561255
1973-03-05,31.5,-25.0,0.001600522
1973-03-06,31.5,-25.0,0.09763184
1973-03-07,31.5,-25.0,0.0072023487
1973-03-08,31.5,-25.0,0.0
1973-03-09,31.5,-25.0,0.022407308
1973-03-10,31.5,-25.0,2.1519017
1973-03-11,31.5,-25.0,0.07682505
1973-03-12,31.5,-25.0,0.036011744
1973-03-13,31.5,-25.0,0.50176364
1973-03-14,31.5,-25.0,0.0
1973-03-15,31.5,-25.0,1.0531435
1973-03-16,31.5,-25.0,2.8913429
1973-03-17,31.5,-25.0,0.512167
1973-03-18,31.5,-25.0,1.0715494
1973-03-19,31.5,-25.0,0.073624015
1973-03-20,31.5,-25.0,0.29289553
1973-03-21,31.5,-25.0,0.0
1973-03-22,31.5,-25.0,1.354842
1973-03-23,31.5,-25.0,0.2672872
1973-03-24,31.5,-25.0,0.0
1973-03-25,31.5,-25.0,0.25128192
1973-03-26,31.5,-25.0,6.270045
1973-03-27,31.5,-25.0,0.28729367
1973-03-28,31.5,-25.0,0.0040013045
1973-03-29,31.5,-25.0,0.12644124
1973-03-30,31.5,-25.0,0.97551817
1973-03-31,31.5,-25.0,0.03361096
1973-04-01,31.5,-25.0,0.07294421
1973-04-02,31.5,-25.0,1.6653347e-13
1973-04-03,31.5,-25.0,1.6653347e-13
1973-04-04,31.5,-25.0,0.01952028
1973-04-05,31.5,-25.0,3.9081655
1973-04-06,31.5,-25.0,0.028766729
1973-04-07,31.5,-25.0,0.19725756
1973-04-08,31.5,-25.0,13.904603
1973-04-09,31.5,-25.0,0.0914371
1973-04-10,31.5,-25.0,0.0020547663
1973-04-11,31.5,-25.0,0.0143833645
1973-04-12,31.5,-25.0,1.0705333
1973-04-13,31.5,-25.0,0.12842289
1973-04-14,31.5,-25.0,0.09349187
1973-04-15,31.5,-25.0,0.14075148
1973-04-16,31.5,-25.0,2.639347
1973-04-17,31.5,-25.0,0.36677578
1973-04-18,31.5,-25.0,1.6653347e-13
1973-04-19,31.5,-25.0,0.33184475
1973-04-20,31.5,-25.0,0.97498655
1973-04-21,31.5,-25.0,0.5188285
1973-04-22,31.5,-25.0,0.7417707
1973-04-23,31.5,-25.0,0.11917643
1973-04-24,31.5,-25.0,0.6842371
1973-04-25,31.5,-25.0,0.37807703
1973-04-26,31.5,-25.0,0.39143294
1973-04-27,31.5,-25.0,1.0612867
1973-04-28,31.5,-25.0,0.0020547663
1973-04-29,31.5,-25.0,1.6653347e-13
1973-04-30,31.5,-25.0,1.5612513e-13
1973-05-01,31.5,-25.0,-8.3266734e-14
1973-05-02,31.5,-25.0,4.2057247
1973-05-03,31.5,-25.0,0.097384214
1973-05-04,31.5,-25.0,0.5360683
1973-05-05,31.5,-25.0,0.67895925
1973-05-06,31.5,-25.0,-8.3266734e-14
1973-05-07,31.5,-25.0,-8.3266734e-14
1973-05-08,31.5,-25.0,-8.3266734e-14
1973-05-09,31.5,-25.0,-8.3266734e-14
1973-05-10,31.5,-25.0,0.07554104
1973-05-11,31.5,-25.0,0.054607976
1973-05-12,31.5,-25.0,-8.3266734e-14
1973-05-13,31.5,-25.0,0.012741862
1973-05-14,31.5,-25.0,-8.3266734e-14
1973-05-15,31.5,-25.0,-8.3266734e-14
1973-05-16,31.5,-25.0,0.0036405316
1973-05-17,31.5,-25.0,0.0018202658
1973-05-18,31.5,-25.0,0.2593879
1973-05-19,31.5,-25.0,0.0009101329
1973-05-20,31.5,-25.0,0.036405317
1973-05-21,31.5,-25.0,0.34585056
1973-05-22,31.5,-25.0,0.050057314
1973-05-23,31.5,-25.0,1.3397158
1973-05-24,31.5,-25.0,-8.3266734e-14
1973-05-25,31.5,-25.0,-8.3266734e-14
1973-05-26,31.5,-25.0,-8.3266734e-14
1973-05-27,31.5,-25.0,0.0036405316
1973-05-28,31.5,-25.0,0.035495188
1973-05-29,31.5,-25.0,-8.3266734e-14
1973-05-30,31.5,-25.0,0.47417927
1973-05-31,31.5,-25.0,4.2193766
1973-06-01,31.5,-25.0,0.045627728
1973-06-02,31.5,-25.0,-1.6653347e-13
1973-06-03,31.5,-25.0,-1.6653347e-13
1973-06-04,31.5,-25.0,-1.6653347e-13
1973-06-05,31.5,-25.0,-1.6653347e-13
1973-06-06,31.5,-25.0,0.0029124082
1973-06-07,31.5,-25.0,0.011649633
1973-06-08,31.5,-25.0,0.007766422
1973-06-09,31.5,-25.0,0.00097080274
1973-06-10,31.5,-25.0,0.27279556
1973-06-11,31.5,-25.0,1.9843208
1973-06-12,31.5,-25.0,0.025240868
1973-06-13,31.5,-25.0,-1.6653347e-13
1973-06-14,31.5,-25.0,-1.6653347e-13
1973-06-15,31.5,-25.0,-1.6653347e-13
1973-06-16,31.5,-25.0,-1.6653347e-13
1973-06-17,31.5,-25.0,-1.6653347e-13
1973-06-18,31.5,-25.0,-1.6653347e-13
1973-06-19,31.5,-25.0,-1.6653347e-13
1973-06-20,31.5,-25.0,0.029124081
1973-06-21,31.5,-25.0,0.019416055
1973-06-22,31.5,-25.0,0.17183207
1973-06-23,31.5,-25.0,0.25629193
1973-06-24,31.5,-25.0,0.24172989
1973-06-25,31.5,-25.0,-1.6653347e-13
1973-06-26,31.5,-25.0,-1.6653347e-13
1973-06-27,31.5,-25.0,-1.6653347e-13
1973-06-28,31.5,-25.0,-1.6653347e-13
1973-06-29,31.5,-25.0,0.00097080274
1973-06-30,31.5,-25.0,-1.5959456e-13
1973-07-01,31.5,-25.0,0.0
1973-07-02,31.5,-25.0,0.03984625
1973-07-03,31.5,-25.0,0.0
1973-07-04,31.5,-25.0,0.0
1973-07-05,31.5,-25.0,0.019923124
1973-07-06,31.5,-25.0,0.1160229
1973-07-07,31.5,-25.0,0.07148886
1973-07-08,31.5,-25.0,0.11016315
1973-07-09,31.5,-25.0,0.0
1973-07-10,31.5,-25.0,0.0
1973-07-11,31.5,-25.0,0.0046877936
1973-07-12,31.5,-25.0,0.0
1973-07-13,31.5,-25.0,0.0
1973-07-14,31.5,-25.0,0.0058597424
1973-07-15,31.5,-25.0,0.0
1973-07-16,31.5,-25.0,0.0
1973-07-17,31.5,-25.0,0.0
1973-07-18,31.5,-25.0,0.0
1973-07-19,31.5,-25.0,0.0
1973-07-20,31.5,-25.0,0.0
1973-07-21,31.5,-25.0,0.0
1973-07-22,31.5,-25.0,0.052737683
1973-07-23,31.5,-25.0,0.9258393
1973-07-24,31.5,-25.0,12.726189
1973-07-25,31.5,-25.0,0.0023438968
1973-07-26,31.5,-25.0,0.0
1973-07-27,31.5,-25.0,0.18985565
1973-07-28,31.5,-25.0,0.41838562
1973-07-29,31.5,-25.0,0.5426121
1973-07-30,31.5,-25.0,0.016407277
1973-07-31,31.5,-25.0,-6.938894e-15
1973-08-01,31.5,-25.0,-1.6653347e-13
1973-08-02,31.5,-25.0,-1.6653347e-13
1973-08-03,31.5,-25.0,0.2947389
1973-08-04,31.5,-25.0,2.4156222
1973-08-05,31.5,-25.0,1.2820112
1973-08-06,31.5,-25.0,1.6478584
1973-08-07,31.5,-25.0,0.3926417
1973-08-08,31.5,-25.0,-1.6653347e-13
1973-08-09,31.5,-25.0,-1.6653347e-13
1973-08-10,31.5,-25.0,0.18240833
1973-08-11,31.5,-25.0,1.1480389
1973-08-12,31.5,-25.0,-1.6653347e-13
1973-08-13,31.5,-25.0,-1.6653347e-13
1973-08-14,31.5,-25.0,-1.6653347e-13
1973-08-15,31.5,-25.0,-1.6653347e-13
1973-08-16,31.5,-25.0,-1.6653347e-13
1973-08-17,31.5,-25.0,0.07523056
1973-08-18,31.5,-25.0,-1.6653347e-13
1973-08-19,31.5,-25.0,-1.6653347e-13
1973-08-20,31.5,-25.0,-1.6653347e-13
1973-08-21,31.5,-25.0,-1.6653347e-13
1973-08-22,31.5,-25.0,-1.6653347e-13
1973-08-23,31.5,-25.0,0.005152778
1973-08-24,31.5,-25.0,-1.6653347e-13
1973-08-25,31.5,-25.0,0.0010305557
1973-08-26,31.5,-25.0,-1.6653347e-13
1973-08-27,31.5,-25.0,-1.6653347e-13
1973-08-28,31.5,-25.0,-1.6653347e-13
1973-08-29,31.5,-25.0,0.0103055565
1973-08-30,31.5,-25.0,0.06595556
1973-08-31,31.5,-25.0,0.024512194
1973-09-01,31.5,-25.0,0.0310034
1973-09-02,31.5,-25.0,0.43881738
1973-09-03,31.5,-25.0,0.0
1973-09-04,31.5,-25.0,0.0
1973-09-05,31.5,-25.0,0.0011924385
1973-09-06,31.5,-25.0,0.0
1973-09-07,31.5,-25.0,0.0
1973-09-08,31.5,-25.0,0.1955599
1973-09-09,31.5,-25.0,0.01669414
1973-09-10,31.5,-25.0,0.0
1973-09-11,31.5,-25.0,0.0
1973-09-12,31.5,-25.0,0.0
1973-09-13,31.5,-25.0,0.0
1973-09-14,31.5,-25.0,0.011924384
1973-09-15,31.5,-25.0,0.010731946
1973-09-16,31.5,-25.0,0.6784975
1973-09-17,31.5,-25.0,0.0
1973-09-18,31.5,-25.0,0.0
1973-09-19,31.5,-25.0,0.0
1973-09-20,31.5,-25.0,0.0
1973-09-21,31.5,-25.0,0.0
1973-09-22,31.5,-25.0,0.1299758
1973-09-23,31.5,-25.0,0.658226
1973-09-24,31.5,-25.0,0.014309261
1973-09-25,31.5,-25.0,0.029810965
1973-09-26,31.5,-25.0,0.21821626
1973-09-27,31.5,-25.0,24.538002
1973-09-28,31.5,-25.0,58.933884
1973-09-29,31.5,-25.0,98.73154
1973-09-30,31.5,-25.0,22.61817
1973-10-01,31.5,-25.0,0.39912888
1973-10-02,31.5,-25.0,0.06720027
1973-10-03,31.5,-25.0,0.068218455
1973-10-04,31.5,-25.0,0.0
1973-10-05,31.5,-25.0,0.008145487
1973-10-06,31.5,-25.0,0.035636507
1973-10-07,31.5,-25.0,0.072291195
1973-10-08,31.5,-25.0,0.0
1973-10-09,31.5,-25.0,0.0
1973-10-10,31.5,-25.0,14.545803
1973-10-11,31.5,-25.0,6.560172
1973-10-12,31.5,-25.0,7.4174843
1973-10-13,31.5,-25.0,0.0
1973-10-14,31.5,-25.0,8.992618
1973-10-15,31.5,-25.0,12.568487
1973-10-16,31.5,-25.0,10.414005
1973-10-17,31.5,-25.0,4.0136886
1973-10-18,31.5,-25.0,3.510705
1973-10-19,31.5,-25.0,0.3105467
1973-10-20,31.5,-25.0,0.0
1973-10-21,31.5,-25.0,0.080436684
1973-10-22,31.5,-25.0,0.11505501
1973-10-23,31.5,-25.0,0.015272787
1973-10-24,31.5,-25.0,0.010181859
1973-10-25,31.5,-25.0,0.0
1973-10-26,31.5,-25.0,0.25760102
1973-10-27,31.5,-25.0,3.1024125
1973-10-28,31.5,-25.0,1.8724437
1973-10-29,31.5,-25.0,0.0
1973-10-30,31.5,-25.0,0.0020363717
1973-10-31,31.5,-25.0,0.059054784
1973-11-01,31.5,-25.0,3.4615037
1973-11-02,31.5,-25.0,0.9086187
1973-11-03,31.5,-25.0,0.3282281
1973-11-04,31.5,-25.0,0.168803
1973-11-05,31.5,-25.0,0.09169547
1973-11-06,31.5,-25.0,0.10836737
1973-11-07,31.5,-25.0,2.1319196
1973-11-08,31.5,-25.0,2.1735992
1973-11-09,31.5,-25.0,0.0
1973-11-10,31.5,-25.0,1.4587916
1973-11-11,31.5,-25.0,0.5949786
1973-11-12,31.5,-25.0,0.0
1973-11-13,31.5,-25.0,2.45077
1973-11-14,31.5,-25.0,0.4991151
1973-11-15,31.5,-25.0,1.0680437
1973-11-16,31.5,-25.0,0.001041994
1973-11-17,31.5,-25.0,0.0
1973-11-18,31.5,-25.0,0.001041994
1973-11-19,31.5,-25.0,0.5626768
1973-11-20,31.5,-25.0,0.09794743
1973-11-21,31.5,-25.0,1.2316369
1973-11-22,31.5,-25.0,7.808703
1973-11-23,31.5,-25.0,18.51519
1973-11-24,31.5,-25.0,10.313657
1973-11-25,31.5,-25.0,3.5208979
1973-11-26,31.5,-25.0,3.8345375
1973-11-27,31.5,-25.0,0.21986072
1973-11-28,31.5,-25.0,1.3316683
1973-11-29,31.5,-25.0,0.40325165
1973-11-30,31.5,-25.0,0.00814639
1973-12-01,31.5,-25.0,0.8437333
1973-12-02,31.5,-25.0,0.00116377
1973-12-03,31.5,-25.0,0.01978409
1973-12-04,31.5,-25.0,0.040731944
1973-12-05,31.5,-25.0,0.43059486
1973-12-06,31.5,-25.0,0.015129009
1973-12-07,31.5,-25.0,0.6668402
1973-12-08,31.5,-25.0,0.15245385
1973-12-09,31.5,-25.0,10.85681
1973-12-10,31.5,-25.0,12.531475
1973-12-11,31.5,-25.0,0.86468107
1973-12-12,31.5,-25.0,0.0
1973-12-13,31.5,-25.0,0.00232754
1973-12-14,31.5,-25.0,0.00232754
1973-12-15,31.5,-25.0,1.1730801
1973-12-16,31.5,-25.0,2.1366816
1973-12-17,31.5,-25.0,0.4538703
1973-12-18,31.5,-25.0,5.9142785
1973-12-19,31.5,-25.0,39.734596
1973-12-20,31.5,-25.0,117.43137
1973-12-21,31.5,-25.0,38.09485
1973-12-22,31.5,-25.0,0.7250287
1973-12-23,31.5,-25.0,4.8482656
1973-12-24,31.5,-25.0,5.029814
1973-12-25,31.5,-25.0,0.39800933
1973-12-26,31.5,-25.0,1.6304415
1973-12-27,31.5,-25.0,1.8399203
1973-12-28,31.5,-25.0,1.3127325
1973-12-29,31.5,-25.0,0.0
1973-12-30,31.5,-25.0,0.02793048
1973-12-31,31.5,-25.0,0.40848327
1974-01-01,31.5,-25.0,0.035124402
1974-01-02,31.5,-25.0,0.32782775
1974-01-03,31.5,-25.0,0.85001045
1974-01-04,31.5,-25.0,3.48317
1974-01-05,31.5,-25.0,1.6976793
1974-01-06,31.5,-25.0,2.710433
1974-01-07,31.5,-25.0,0.87459767
1974-01-08,31.5,-25.0,0.0960067
1974-01-09,31.5,-25.0,0.89801383
1974-01-10,31.5,-25.0,0.28450766
1974-01-11,31.5,-25.0,0.084298566
1974-01-12,31.5,-25.0,0.0
1974-01-13,31.5,-25.0,16.903034
1974-01-14,31.5,-25.0,9.345432
1974-01-15,31.5,-25.0,0.09249426
1974-01-16,31.5,-25.0,0.40041816
1974-01-17,31.5,-25.0,2.6448674
1974-01-18,31.5,-25.0,0.20020907
1974-01-19,31.5,-25.0,0.026928708
1974-01-20,31.5,-25.0,0.6451182
1974-01-21,31.5,-25.0,0.42500523
1974-01-22,31.5,-25.0,8.873594
1974-01-23,31.5,-25.0,0.6884383
1974-01-24,31.5,-25.0,27.85014
1974-01-25,31.5,-25.0,16.993185
1974-01-26,31.5,-25.0,2.7092624
1974-01-27,31.5,-25.0,0.0011708133
1974-01-28,31.5,-25.0,0.16976795
1974-01-29,31.5,-25.0,14.143425
1974-01-30,31.5,-25.0,4.096676
1974-01-31,31.5,-25.0,3.4520097
1974-02-01,31.5,-25.0,1.6796594
1974-02-02,31.5,-25.0,1.3941618
1974-02-03,31.5,-25.0,0.61431986
1974-02-04,31.5,-25.0,0.0011108858
1974-02-05,31.5,-25.0,0.072207585
1974-02-06,31.5,-25.0,0.055544294
1974-02-07,31.5,-25.0,6.3431582
1974-02-08,31.5,-25.0,1.3952727
1974-02-09,31.5,-25.0,0.68652743
1974-02-10,31.5,-25.0,0.0
1974-02-11,31.5,-25.0,0.05443341
1974-02-12,31.5,-25.0,1.8562901
1974-02-13,31.5,-25.0,8.08725
1974-02-14,31.5,-25.0,2.5050476
1974-02-15,31.5,-25.0,0.35215083
1974-02-16,31.5,-25.0,0.0
1974-02-17,31.5,-25.0,14.343758
1974-02-18,31.5,-25.0,32.486748
1974-02-19,31.5,-25.0,1.6696613
1974-02-20,31.5,-25.0,0.8731563
1974-02-21,31.5,-25.0,0.0788729
1974-02-22,31.5,-25.0,0.0
1974-02-23,31.5,-25.0,7.851742
1974-02-24,31.5,-25.0,2.8272047
1974-02-25,31.5,-25.0,2.1495643
1974-02-26,31.5,-25.0,6.3642654
1974-02-27,31.5,-25.0,2.2251043
1974-02-28,31.5,-25.0,0.9187026
1974-03-01,31.5,-25.0,-1.6653347e-13
1974-03-02,31.5,-25.0,5.754375
1974-03-03,31.5,-25.0,5.351882
1974-03-04,31.5,-25.0,2.6000452
1974-03-05,31.5,-25.0,1.6256402
1974-03-06,31.5,-25.0,0.29770762
1974-03-07,31.5,-25.0,0.08813713
1974-03-08,31.5,-25.0,0.20075679
1974-03-09,31.5,-25.0,5.520322
1974-03-10,31.5,-25.0,1.6021373
1974-03-11,31.5,-25.0,0.77071023
1974-03-12,31.5,-25.0,1.2006235
1974-03-13,31.5,-25.0,1.2711332
1974-03-14,31.5,-25.0,0.002937904
1974-03-15,31.5,-25.0,2.4316053
1974-03-16,31.5,-25.0,2.5559769
1974-03-17,31.5,-25.0,3.3443146
1974-03-18,31.5,-25.0,10.59898
1974-03-19,31.5,-25.0,0.10576455
1974-03-20,31.5,-25.0,0.014689522
1974-03-21,31.5,-25.0,2.816471
1974-03-22,31.5,-25.0,-1.6653347e-13
1974-03-23,31.5,-25.0,1.030225
1974-03-24,31.5,-25.0,1.572758
1974-03-25,31.5,-25.0,1.2965951
1974-03-26,31.5,-25.0,0.0724683
1974-03-27,31.5,-25.0,0.5924773
1974-03-28,31.5,-25.0,0.13024709
1974-03-29,31.5,-25.0,3.259115
1974-03-30,31.5,-25.0,0.015668822
1974-03-31,31.5,-25.0,-1.63064e-13
1974-04-01,31.5,-25.0,0.6788757
1974-04-02,31.5,-25.0,2.974164
1974-04-03,31.5,-25.0,3.7828124
1974-04-04,31.5,-25.0,0.059147816
1974-04-05,31.5,-25.0,1.018755
1974-04-06,31.5,-25.0,0.49525264
1974-04-07,31.5,-25.0,0.26395816
1974-04-08,31.5,-25.0,0.033546526
1974-04-09,31.5,-25.0,0.04149175
1974-04-10,31.5,-25.0,-8.3266734e-14
1974-04-11,31.5,-25.0,0.17744344
1974-04-12,31.5,-25.0,-8.3266734e-14
1974-04-13,31.5,-25.0,-8.3266734e-14
1974-04-14,31.5,-25.0,-8.3266734e-14
1974-04-15,31.5,-25.0,1.0063957
1974-04-16,31.5,-25.0,1.4601564
1974-04-17,31.5,-25.0,0.00529682
1974-04-18,31.5,-25.0,0.49966663
1974-04-19,31.5,-25.0,0.11653002
1974-04-20,31.5,-25.0,0.034429327
1974-04-21,31.5,-25.0,0.38755065
1974-04-22,31.5,-25.0,-8.3266734e-14
1974-04-23,31.5,-25.0,-8.3266734e-14
1974-04-24,31.5,-25.0,0.6470948
1974-04-25,31.5,-25.0,1.4071882
1974-04-26,31.5,-25.0,14.963516
1974-04-27,31.5,-25.0,0.22334921
1974-04-28,31.5,-25.0,0.08916313
1974-04-29,31.5,-25.0,0.0829835
1974-04-30,31.5,-25.0,-7.979728e-14
1974-05-01,31.5,-25.0,0.0
1974-05-02,31.5,-25.0,0.43335903
1974-05-03,31.5,-25.0,0.5039894
1974-05-04,31.5,-25.0,0.0
1974-05-05,31.5,-25.0,0.2932955
1974-05-06,31.5,-25.0,0.16999167
1974-05-07,31.5,-25.0,2.1476412
1974-05-08,31.5,-25.0,0.14365494
1974-05-09,31.5,-25.0,8.0075655
1974-05-10,31.5,-25.0,1.7070994
1974-05-11,31.5,-25.0,0.0
1974-05-12,31.5,-25.0,0.0
1974-05-13,31.5,-25.0,0.16161181
1974-05-14,31.5,-25.0,0.0
1974-05-15,31.5,-25.0,0.0
1974-05-16,31.5,-25.0,0.0
1974-05-17,31.5,-25.0,0.3758971
1974-05-18,31.5,-25.0,0.0
1974-05-19,31.5,-25.0,0.0
1974-05-20,31.5,-25.0,0.0
1974-05-21,31.5,-25.0,0.0
1974-05-22,31.5,-25.0,0.0035913736
1974-05-23,31.5,-25.0,0.13168369
1974-05-24,31.5,-25.0,0.0
1974-05-25,31.5,-25.0,0.0
1974-05-26,31.5,-25.0,0.0
1974-05-27,31.5,-25.0,0.0
1974-05-28,31.5,-25.0,0.0
1974-05-29,31.5,-25.0,0.0
1974-05-30,31.5,-25.0,0.0011971245
1974-05-31,31.5,-25.0,0.0
1974-06-01,31.5,-25.0,0.0
1974-06-02,31.5,-25.0,0.36450958
1974-06-03,31.5,-25.0,0.0
1974-06-04,31.5,-25.0,0.1987326
1974-06-05,31.5,-25.0,0.0
1974-06-06,31.5,-25.0,0.0
1974-06-07,31.5,-25.0,0.0
1974-06-08,31.5,-25.0,0.0
1974-06-09,31.5,-25.0,0.0
1974-06-10,31.5,-25.0,0.0009986563
1974-06-11,31.5,-25.0,0.0
1974-06-12,31.5,-25.0,0.0
1974-06-13,31.5,-25.0,0.0
1974-06-14,31.5,-25.0,0.0
1974-06-15,31.5,-25.0,0.0
1974-06-16,31.5,-25.0,0.0
1974-06-17,31.5,-25.0,0.0
1974-06-18,31.5,-25.0,0.0
1974-06-19,31.5,-25.0,0.0
1974-06-20,31.5,-25.0,0.0
1974-06-21,31.5,-25.0,0.0
1974-06-22,31.5,-25.0,0.0
1974-06-23,31.5,-25.0,0.0
1974-06-24,31.5,-25.0,0.0
1974-06-25,31.5,-25.0,0.19274068
1974-06-26,31.5,-25.0,0.01398119
1974-06-27,31.5,-25.0,0.0
1974-06-28,31.5,-25.0,0.0
1974-06-29,31.5,-25.0,0.0
1974-06-30,31.5,-25.0,0.0
1974-07-01,31.5,-25.0,6.2320786
1974-07-02,31.5,-25.0,18.821781
1974-07-03,31.5,-25.0,0.06841463
1974-07-04,31.5,-25.0,0.0
1974-07-05,31.5,-25.0,0.0
1974-07-06,31.5,-25.0,0.003526527
1974-07-07,31.5,-25.0,0.0
1974-07-08,31.5,-25.0,0.0
1974-07-09,31.5,-25.0,0.0
1974-07-10,31.5,-25.0,0.0
1974-07-11,31.5,-25.0,0.0
1974-07-12,31.5,-25.0,0.7398654
1974-07-13,31.5,-25.0,0.0
1974-07-14,31.5,-25.0,0.0
1974-07-15,31.5,-25.0,0.0
1974-07-16,31.5,-25.0,0.0
1974-07-17,31.5,-25.0,0.0077583594
1974-07-18,31.5,-25.0,0.025390994
1974-07-19,31.5,-25.0,0.0042318325
1974-07-20,31.5,-25.0,0.0
1974-07-21,31.5,-25.0,0.0
1974-07-22,31.5,-25.0,0.0
1974-07-23,31.5,-25.0,0.0
1974-07-24,31.5,-25.0,0.0
1974-07-25,31.5,-25.0,0.019043246
1974-07-26,31.5,-25.0,0.0
1974-07-27,31.5,-25.0,0.0
1974-07-28,31.5,-25.0,0.0
1974-07-29,31.5,-25.0,0.0
1974-07-30,31.5,-25.0,0.0
1974-07-31,31.5,-25.0,0.8818699
1974-08-01,31.5,-25.0,0.0020993557
1974-08-02,31.5,-25.0,0.0188942
1974-08-03,31.5,-25.0,1.6653347e-13
1974-08-04,31.5,-25.0,1.6653347e-13
1974-08-05,31.5,-25.0,1.6653347e-13
1974-08-06,31.5,-25.0,1.6653347e-13
1974-08-07,31.5,-25.0,1.6653347e-13
1974-08-08,31.5,-25.0,1.6653347e-13
1974-08-09,31.5,-25.0,1.6653347e-13
1974-08-10,31.5,-25.0,0.003149033
1974-08-11,31.5,-25.0,0.09342131
1974-08-12,31.5,-25.0,0.62980664
1974-08-13,31.5,-25.0,1.5535231
1974-08-14,31.5,-25.0,0.011546455
1974-08-15,31.5,-25.0,1.6653347e-13
1974-08-16,31.5,-25.0,1.6653347e-13
1974-08-17,31.5,-25.0,1.6653347e-13
1974-08-18,31.5,-25.0,1.6653347e-13
1974-08-19,31.5,-25.0,1.6653347e-13
1974-08-20,31.5,-25.0,0.2634691
1974-08-21,31.5,-25.0,0.51119304
1974-08-22,31.5,-25.0,1.6653347e-13
1974-08-23,31.5,-25.0,1.6653347e-13
1974-08-24,31.5,-25.0,0.0020993557
1974-08-25,31.5,-25.0,0.007347744
1974-08-26,31.5,-25.0,1.6653347e-13
1974-08-27,31.5,-25.0,1.6653347e-13
1974-08-28,31.5,-25.0,0.006298066
1974-08-29,31.5,-25.0,0.0188942
1974-08-30,31.5,-25.0,1.8243399
1974-08-31,31.5,-25.0,1.5959456e-13
1974-09-01,31.5,-25.0,0.0
1974-09-02,31.5,-25.0,5.5153375
1974-09-03,31.5,-25.0,4.1258144
1974-09-04,31.5,-25.0,0.070366874
1974-09-05,31.5,-25.0,0.060568944
1974-09-06,31.5,-25.0,0.0017814396
1974-09-07,31.5,-25.0,0.0
1974-09-08,31.5,-25.0,0.0008907198
1974-09-09,31.5,-25.0,0.0
1974-09-10,31.5,-25.0,0.0
1974-09-11,31.5,-25.0,0.0
1974-09-12,31.5,-25.0,0.0
1974-09-13,31.5,-25.0,0.0
1974-09-14,31.5,-25.0,0.07392975
1974-09-15,31.5,-25.0,0.073039025
1974-09-16,31.5,-25.0,0.0
1974-09-17,31.5,-25.0,0.0
1974-09-18,31.5,-25.0,0.55759066
1974-09-19,31.5,-25.0,0.0062350393
1974-09-20,31.5,-25.0,0.0
1974-09-21,31.5,-25.0,0.0
1974-09-22,31.5,-25.0,0.0
1974-09-23,31.5,-25.0,0.013360798
1974-09-24,31.5,-25.0,0.0062350393
1974-09-25,31.5,-25.0,0.0
1974-09-26,31.5,-25.0,0.0
1974-09-27,31.5,-25.0,0.0
1974-09-28,31.5,-25.0,0.0
1974-09-29,31.5,-25.0,0.22535211
1974-09-30,31.5,-25.0,0.0
1974-10-01,31.5,-25.0,0.0
1974-10-02,31.5,-25.0,0.032809667
1974-10-03,31.5,-25.0,0.008436772
1974-10-04,31.5,-25.0,0.0
1974-10-05,31.5,-25.0,0.080618046
1974-10-06,31.5,-25.0,9.19327
1974-10-07,31.5,-25.0,0.32997152
1974-10-08,31.5,-25.0,0.08343029
1974-10-09,31.5,-25.0,0.0056245145
1974-10-10,31.5,-25.0,14.725917
1974-10-11,31.5,-25.0,0.7930565
1974-10-12,31.5,-25.0,0.0
1974-10-13,31.5,-25.0,0.0
1974-10-14,31.5,-25.0,0.0
1974-10-15,31.5,-25.0,0.0
1974-10-16,31.5,-25.0,0.0
1974-10-17,31.5,-25.0,1.0855312
1974-10-18,31.5,-25.0,2.310738
1974-10-19,31.5,-25.0,0.0
1974-10-20,31.5,-25.0,0.0
1974-10-21,31.5,-25.0,0.20060766
1974-10-22,31.5,-25.0,0.000937419
1974-10-23,31.5,-25.0,0.0
1974-10-24,31.5,-25.0,0.0
1974-10-25,31.5,-25.0,0.0
1974-10-26,31.5,-25.0,1.6057988
1974-10-27,31.5,-25.0,1.1042795
1974-10-28,31.5,-25.0,0.003749676
1974-10-29,31.5,-25.0,0.1809219
1974-10-30,31.5,-25.0,10.535653
1974-10-31,31.5,-25.0,2.3755147
1974-11-01,31.5,-25.0,0.81183493
1974-11-02,31.5,-25.0,0.6363872
1974-11-03,31.5,-25.0,0.0
1974-11-04,31.5,-25.0,0.002076304
1974-11-05,31.5,-25.0,3.0646248
1974-11-06,31.5,-25.0,8.413184
1974-11-07,31.5,-25.0,1.5271218
1974-11-08,31.5,-25.0,0.9229172
1974-11-09,31.5,-25.0,8.759928
1974-11-10,31.5,-25.0,13.916428
1974-11-11,31.5,-25.0,7.1372952
1974-11-12,31.5,-25.0,4.9467945
1974-11-13,31.5,-25.0,0.9987023
1974-11-14,31.5,-25.0,0.16402803
1974-11-15,31.5,-25.0,0.017648585
1974-11-16,31.5,-25.0,0.0
1974-11-17,31.5,-25.0,0.0
1974-11-18,31.5,-25.0,8.632235
1974-11-19,31.5,-25.0,7.5764337
1974-11-20,31.5,-25.0,4.672722
1974-11-21,31.5,-25.0,5.919543
1974-11-22,31.5,-25.0,0.0
1974-11-23,31.5,-25.0,0.0114196725
1974-11-24,31.5,-25.0,0.12457825
1974-11-25,31.5,-25.0,2.0981052
1974-11-26,31.5,-25.0,0.29587334
1974-11-27,31.5,-25.0,0.20451593
1974-11-28,31.5,-25.0,0.021801192
1974-11-29,31.5,-25.0,12.817024
1974-11-30,31.5,-25.0,2.6348298
1974-12-01,31.5,-25.0,0.41110253
1974-12-02,31.5,-25.0,16.75508
1974-12-03,31.5,-25.0,4.5645337
1974-12-04,31.5,-25.0,0.5736588
1974-12-05,31.5,-25.0,1.811678
1974-12-06,31.5,-25.0,0.0023558883
1974-12-07,31.5,-25.0,0.7833329
1974-12-08,31.5,-25.0,2.9106998
1974-12-09,31.5,-25.0,0.0801002
1974-12-10,31.5,-25.0,1.1449617
1974-12-11,31.5,-25.0,1.7657382
1974-12-12,31.5,-25.0,72.59081
1974-12-13,31.5,-25.0,3.2311006
1974-12-14,31.5,-25.0,0.15077685
1974-12-15,31.5,-25.0,0.032982435
1974-12-16,31.5,-25.0,0.35691705
1974-12-17,31.5,-25.0,0.10719292
1974-12-18,31.5,-25.0,2.4654372
1974-12-19,31.5,-25.0,8.662601
1974-12-20,31.5,-25.0,1.1496735
1974-12-21,31.5,-25.0,0.029448604
1974-12-22,31.5,-25.0,0.0023558883
1974-12-23,31.5,-25.0,0.57483673
1974-12-24,31.5,-25.0,0.30626547
1974-12-25,31.5,-25.0,0.067142814
1974-12-26,31.5,-25.0,0.0989473
1974-12-27,31.5,-25.0,0.011779441
1974-12-28,31.5,-25.0,-1.6653347e-13
1974-12-29,31.5,-25.0,1.5489967
1974-12-30,31.5,-25.0,0.08834581
1974-12-31,31.5,-25.0,0.0008615711
1975-01-01,31.5,-25.0,0.45835578
1975-01-02,31.5,-25.0,0.6220542
1975-01-03,31.5,-25.0,0.73147374
1975-01-04,31.5,-25.0,0.0
1975-01-05,31.5,-25.0,0.0
1975-01-06,31.5,-25.0,0.0
1975-01-07,31.5,-25.0,0.03187813
1975-01-08,31.5,-25.0,0.36358297
1975-01-09,31.5,-25.0,0.018954562
1975-01-10,31.5,-25.0,0.0
1975-01-11,31.5,-25.0,1.1519204
1975-01-12,31.5,-25.0,5.53904
1975-01-13,31.5,-25.0,0.29810357
1975-01-14,31.5,-25.0,2.1160185
1975-01-15,31.5,-25.0,0.95548236
1975-01-16,31.5,-25.0,3.7211251
1975-01-17,31.5,-25.0,0.90292645
1975-01-18,31.5,-25.0,1.9574894
1975-01-19,31.5,-25.0,7.149316
1975-01-20,31.5,-25.0,7.631797
1975-01-21,31.5,-25.0,0.58156043
1975-01-22,31.5,-25.0,3.024976
1975-01-23,31.5,-25.0,0.06720254
1975-01-24,31.5,-25.0,13.187206
1975-01-25,31.5,-25.0,7.0442047
1975-01-26,31.5,-25.0,6.0206585
1975-01-27,31.5,-25.0,12.184338
1975-01-28,31.5,-25.0,3.868454
1975-01-29,31.5,-25.0,5.970687
1975-01-30,31.5,-25.0,4.828244
1975-01-31,31.5,-25.0,0.02583789
1975-02-01,31.5,-25.0,8.3266734e-14
1975-02-02,31.5,-25.0,0.05710612
1975-02-03,31.5,-25.0,0.09460864
1975-02-04,31.5,-25.0,8.3266734e-14
1975-02-05,31.5,-25.0,0.050287474
1975-02-06,31.5,-25.0,1.4864638
1975-02-07,31.5,-25.0,1.0381382
1975-02-08,31.5,-25.0,0.97591805
1975-02-09,31.5,-25.0,0.41764176
1975-02-10,31.5,-25.0,0.1721707
1975-02-11,31.5,-25.0,12.005922
1975-02-12,31.5,-25.0,45.21015
1975-02-13,31.5,-25.0,5.4310474
1975-02-14,31.5,-25.0,7.3862934
1975-02-15,31.5,-25.0,2.8229175
1975-02-16,31.5,-25.0,7.9428644
1975-02-17,31.5,-25.0,3.2516391
1975-02-18,31.5,-25.0,1.7566524
1975-02-19,31.5,-25.0,8.869347
1975-02-20,31.5,-25.0,18.425673
1975-02-21,31.5,-25.0,6.0302362
1975-02-22,31.5,-25.0,0.19177428
1975-02-23,31.5,-25.0,1.4941347
1975-02-24,31.5,-25.0,0.024717577
1975-02-25,31.5,-25.0,0.0025569904
1975-02-26,31.5,-25.0,2.426584
1975-02-27,31.5,-25.0,1.5563548
1975-02-28,31.5,-25.0,1.6254065
1975-03-01,31.5,-25.0,0.17013916
1975-03-02,31.5,-25.0,6.1711135
1975-03-03,31.5,-25.0,0.05707895
1975-03-04,31.5,-25.0,1.0383978
1975-03-05,31.5,-25.0,0.07573938
1975-03-06,31.5,-25.0,0.032930166
1975-03-07,31.5,-25.0,0.267832
1975-03-08,31.5,-25.0,2.7321057
1975-03-09,31.5,-25.0,2.5125713
1975-03-10,31.5,-25.0,0.015367411
1975-03-11,31.5,-25.0,1.9791028
1975-03-12,31.5,-25.0,0.23160881
1975-03-13,31.5,-25.0,0.06476266
1975-03-14,31.5,-25.0,0.018660426
1975-03-15,31.5,-25.0,0.9813189
1975-03-16,31.5,-25.0,0.028539479
1975-03-17,31.5,-25.0,6.5948143
1975-03-18,31.5,-25.0,0.9242399
1975-03-19,31.5,-25.0,0.0142697375
1975-03-20,31.5,-25.0,1.3687972
1975-03-21,31.5,-25.0,0.43138516
1975-03-22,31.5,-25.0,0.021953441
1975-03-23,31.5,-25.0,0.0054883603
1975-03-24,31.5,-25.0,14.48049
1975-03-25,31.5,-25.0,15.503521
1975-03-26,31.5,-25.0,0.117450915
1975-03-27,31.5,-25.0,0.04171154
1975-03-28,31.5,-25.0,0.09988816
1975-03-29,31.5,-25.0,0.7409287
1975-03-30,31.5,-25.0,0.097692825
1975-03-31,31.5,-25.0,0.18550658
1975-04-01,31.5,-25.0,0.053010967
1975-04-02,31.5,-25.0,0.1284842
1975-04-03,31.5,-25.0,0.4815911
1975-04-04,31.5,-25.0,0.45553493
1975-04-05,31.5,-25.0,0.02515775
1975-04-06,31.5,-25.0,0.13746911
1975-04-07,31.5,-25.0,0.0
1975-04-08,31.5,-25.0,0.0
1975-04-09,31.5,-25.0,0.0
1975-04-10,31.5,-25.0,0.0
1975-04-11,31.5,-25.0,0.00089849095
1975-04-12,31.5,-25.0,0.70621395
1975-04-13,31.5,-25.0,85.96222
1975-04-14,31.5,-25.0,6.9102936
1975-04-15,31.5,-25.0,0.023360765
1975-04-16,31.5,-25.0,10.305692
1975-04-17,31.5,-25.0,1.5858364
1975-04-18,31.5,-25.0,0.035041146
1975-04-19,31.5,-25.0,0.0
1975-04-20,31.5,-25.0,1.9838679
1975-04-21,31.5,-25.0,1.0251782
1975-04-22,31.5,-25.0,0.25517142
1975-04-23,31.5,-25.0,0.0
1975-04-24,31.5,-25.0,0.0017969819
1975-04-25,31.5,-25.0,0.074574746
1975-04-26,31.5,-25.0,0.0
1975-04-27,31.5,-25.0,0.0
1975-04-28,31.5,-25.0,0.0
1975-04-29,31.5,-25.0,1.5103633
1975-04-30,31.5,-25.0,0.58585846
1975-05-01,31.5,-25.0,0.312805
1975-05-02,31.5,-25.0,3.43775
1975-05-03,31.5,-25.0,0.2530383
1975-05-04,31.5,-25.0,0.0007761911
1975-05-05,31.5,-25.0,0.005433337
1975-05-06,31.5,-25.0,0.0108666755
1975-05-07,31.5,-25.0,0.051228613
1975-05-08,31.5,-25.0,0.017076204
1975-05-09,31.5,-25.0,0.0007761911
1975-05-10,31.5,-25.0,8.3266734e-14
1975-05-11,31.5,-25.0,8.3266734e-14
1975-05-12,31.5,-25.0,0.8227625
1975-05-13,31.5,-25.0,17.735188
1975-05-14,31.5,-25.0,14.553583
1975-05-15,31.5,-25.0,1.584206
1975-05-16,31.5,-25.0,0.5588575
1975-05-17,31.5,-25.0,8.3266734e-14
1975-05-18,31.5,-25.0,8.3266734e-14
1975-05-19,31.5,-25.0,8.3266734e-14
1975-05-20,31.5,-25.0,8.3266734e-14
1975-05-21,31.5,-25.0,0.015523819
1975-05-22,31.5,-25.0,0.0077619106
1975-05-23,31.5,-25.0,8.3266734e-14
1975-05-24,31.5,-25.0,8.3266734e-14
1975-05-25,31.5,-25.0,8.3266734e-14
1975-05-26,31.5,-25.0,0.013971439
1975-05-27,31.5,-25.0,8.3266734e-14
1975-05-28,31.5,-25.0,8.3266734e-14
1975-05-29,31.5,-25.0,8.3266734e-14
1975-05-30,31.5,-25.0,0.58369565
1975-05-31,31.5,-25.0,0.0015523823
1975-06-01,31.5,-25.0,0.0038578599
1975-06-02,31.5,-25.0,0.0
1975-06-03,31.5,-25.0,0.0077157198
1975-06-04,31.5,-25.0,1.0544817
1975-06-05,31.5,-25.0,0.28162378
1975-06-06,31.5,-25.0,0.02700502
1975-06-07,31.5,-25.0,0.0
1975-06-08,31.5,-25.0,0.1903211
1975-06-09,31.5,-25.0,0.37935627
1975-06-10,31.5,-25.0,0.0064297672
1975-06-11,31.5,-25.0,0.009001674
1975-06-12,31.5,-25.0,0.0
1975-06-13,31.5,-25.0,0.0
1975-06-14,31.5,-25.0,0.0
1975-06-15,31.5,-25.0,0.0
1975-06-16,31.5,-25.0,0.0
1975-06-17,31.5,-25.0,0.0
1975-06-18,31.5,-25.0,0.0
1975-06-19,31.5,-25.0,0.0
1975-06-20,31.5,-25.0,0.0
1975-06-21,31.5,-25.0,0.0
1975-06-22,31.5,-25.0,0.0
1975-06-23,31.5,-25.0,0.0
1975-06-24,31.5,-25.0,0.014145487
1975-06-25,31.5,-25.0,1.3219601
1975-06-26,31.5,-25.0,0.78957534
1975-06-27,31.5,-25.0,0.23275758
1975-06-28,31.5,-25.0,0.0
1975-06-29,31.5,-25.0,0.0
1975-06-30,31.5,-25.0,0.7484742
1975-07-01,31.5,-25.0,0.21848452
1975-07-02,31.5,-25.0,0.0
1975-07-03,31.5,-25.0,0.000877448
1975-07-04,31.5,-25.0,0.0
1975-07-05,31.5,-25.0,0.0
1975-07-06,31.5,-25.0,0.0
1975-07-07,31.5,-25.0,0.0
1975-07-08,31.5,-25.0,0.05440177
1975-07-09,31.5,-25.0,0.00438724
1975-07-10,31.5,-25.0,0.0
1975-07-11,31.5,-25.0,0.0
1975-07-12,31.5,-25.0,0.0
1975-07-13,31.5,-25.0,0.0
1975-07-14,31.5,-25.0,0.0
1975-07-15,31.5,-25.0,0.0
1975-07-16,31.5,-25.0,0.0
1975-07-17,31.5,-25.0,0.018426407
1975-07-18,31.5,-25.0,0.011406823
1975-07-19,31.5,-25.0,0.0
1975-07-20,31.5,-25.0,0.0
1975-07-21,31.5,-25.0,0.0
1975-07-22,31.5,-25.0,0.5194491
1975-07-23,31.5,-25.0,0.1026614
1975-07-24,31.5,-25.0,0.0
1975-07-25,31.5,-25.0,0.0
1975-07-26,31.5,-25.0,0.0
1975-07-27,31.5,-25.0,0.014039166
1975-07-28,31.5,-25.0,1.3512697
1975-07-29,31.5,-25.0,0.6300076
1975-07-30,31.5,-25.0,0.0
1975-07-31,31.5,-25.0,0.0
1975-08-01,31.5,-25.0,0.0
1975-08-02,31.5,-25.0,0.013321551
1975-08-03,31.5,-25.0,0.0
1975-08-04,31.5,-25.0,0.0
1975-08-05,31.5,-25.0,0.0
1975-08-06,31.5,-25.0,0.0
1975-08-07,31.5,-25.0,0.0
1975-08-08,31.5,-25.0,0.0
1975-08-09,31.5,-25.0,0.044063587
1975-08-10,31.5,-25.0,0.17113069
1975-08-11,31.5,-25.0,0.0
1975-08-12,31.5,-25.0,0.0
1975-08-13,31.5,-25.0,0.0
1975-08-14,31.5,-25.0,0.0
1975-08-15,31.5,-25.0,0.266431
1975-08-16,31.5,-25.0,0.8423318
1975-08-17,31.5,-25.0,0.5390104
1975-08-18,31.5,-25.0,0.0
1975-08-19,31.5,-25.0,0.0
1975-08-20,31.5,-25.0,0.0
1975-08-21,31.5,-25.0,0.0020494694
1975-08-22,31.5,-25.0,0.030742034
1975-08-23,31.5,-25.0,0.0
1975-08-24,31.5,-25.0,0.0
1975-08-25,31.5,-25.0,0.0
1975-08-26,31.5,-25.0,0.56872773
1975-08-27,31.5,-25.0,0.0
1975-08-28,31.5,-25.0,0.77469933
1975-08-29,31.5,-25.0,0.09325084
1975-08-30,31.5,-25.0,0.0
1975-08-31,31.5,-25.0,0.0
1975-09-01,31.5,-25.0,0.0
1975-09-02,31.5,-25.0,0.0
1975-09-03,31.5,-25.0,0.17818537
1975-09-04,31.5,-25.0,0.9722525
1975-09-05,31.5,-25.0,0.08041185
1975-09-06,31.5,-25.0,0.10599746
1975-09-07,31.5,-25.0,0.011879025
1975-09-08,31.5,-25.0,0.3042858
1975-09-09,31.5,-25.0,0.0009137711
1975-09-10,31.5,-25.0,0.0
1975-09-11,31.5,-25.0,0.0
1975-09-12,31.5,-25.0,0.0036550844
1975-09-13,31.5,-25.0,0.36642224
1975-09-14,31.5,-25.0,0.70451754
1975-09-15,31.5,-25.0,0.0
1975-09-16,31.5,-25.0,0.34997433
1975-09-17,31.5,-25.0,0.021930506
1975-09-18,31.5,-25.0,0.011879025
1975-09-19,31.5,-25.0,0.0
1975-09-20,31.5,-25.0,0.051171184
1975-09-21,31.5,-25.0,0.054826263
1975-09-22,31.5,-25.0,0.061222665
1975-09-23,31.5,-25.0,0.0
1975-09-24,31.5,-25.0,0.0054826266
1975-09-25,31.5,-25.0,0.9987518
1975-09-26,31.5,-25.0,0.041119702
1975-09-27,31.5,-25.0,0.31159598
1975-09-28,31.5,-25.0,0.43312752
1975-09-29,31.5,-25.0,1.5214288
1975-09-30,31.5,-25.0,0.48612624
1975-10-01,31.5,-25.0,0.19042459
1975-10-02,31.5,-25.0,0.7902621
1975-10-03,31.5,-25.0,1.519165
1975-10-04,31.5,-25.0,0.0052895723
1975-10-05,31.5,-25.0,0.24437825
1975-10-06,31.5,-25.0,0.0
1975-10-07,31.5,-25.0,0.0
1975-10-08,31.5,-25.0,0.010579145
1975-10-09,31.5,-25.0,0.065590695
1975-10-10,31.5,-25.0,0.063474864
1975-10-11,31.5,-25.0,0.2422624
1975-10-12,31.5,-25.0,0.022216205
1975-10-13,31.5,-25.0,0.053953633
1975-10-14,31.5,-25.0,0.061359033
1975-10-15,31.5,-25.0,0.0
1975-10-16,31.5,-25.0,2.0121534
1975-10-17,31.5,-25.0,0.033853263
1975-10-18,31.5,-25.0,0.0
1975-10-19,31.5,-25.0,0.0
1975-10-20,31.5,-25.0,0.27294192
1975-10-21,31.5,-25.0,5.1911864
1975-10-22,31.5,-25.0,3.7524226
1975-10-23,31.5,-25.0,0.25495738
1975-10-24,31.5,-25.0,0.031737432
1975-10-25,31.5,-25.0,2.535821
1975-10-26,31.5,-25.0,4.204152
1975-10-27,31.5,-25.0,4.254932
1975-10-28,31.5,-25.0,0.24649407
1975-10-29,31.5,-25.0,0.0
1975-10-30,31.5,-25.0,0.0
1975-10-31,31.5,-25.0,0.0
1975-11-01,31.5,-25.0,0.056627005
1975-11-02,31.5,-25.0,0.053972617
1975-11-03,31.5,-25.0,0.024774317
1975-11-04,31.5,-25.0,0.042470254
1975-11-05,31.5,-25.0,1.7837508
1975-11-06,31.5,-25.0,0.7759669
1975-11-07,31.5,-25.0,0.0
1975-11-08,31.5,-25.0,0.025659112
1975-11-09,31.5,-25.0,0.0
1975-11-10,31.5,-25.0,2.7110178
1975-11-11,31.5,-25.0,0.2981766
1975-11-12,31.5,-25.0,1.451067
1975-11-13,31.5,-25.0,0.00088479696
1975-11-14,31.5,-25.0,21.160805
1975-11-15,31.5,-25.0,2.0022955
1975-11-16,31.5,-25.0,0.031852692
1975-11-17,31.5,-25.0,0.0
1975-11-18,31.5,-25.0,0.0
1975-11-19,31.5,-25.0,0.34330124
1975-11-20,31.5,-25.0,0.17784418
1975-11-21,31.5,-25.0,0.53353256
1975-11-22,31.5,-25.0,1.2528725
1975-11-23,31.5,-25.0,0.11325401
1975-11-24,31.5,-25.0,0.0
1975-11-25,31.5,-25.0,0.2079273
1975-11-26,31.5,-25.0,1.3015363
1975-11-27,31.5,-25.0,6.2917914
1975-11-28,31.5,-25.0,15.410508
1975-11-29,31.5,-25.0,2.3146286
1975-11-30,31.5,-25.0,3.9768972
1975-12-01,31.5,-25.0,0.16116792
1975-12-02,31.5,-25.0,2.607717
1975-12-03,31.5,-25.0,0.020020861
1975-12-04,31.5,-25.0,0.12012517
1975-12-05,31.5,-25.0,0.13914499
1975-12-06,31.5,-25.0,1.6653347e-13
1975-12-07,31.5,-25.0,2.8599796
1975-12-08,31.5,-25.0,1.9149953
1975-12-09,31.5,-25.0,0.16016687
1975-12-10,31.5,-25.0,7.9733076
1975-12-11,31.5,-25.0,1.4354956
1975-12-12,31.5,-25.0,13.373935
1975-12-13,31.5,-25.0,11.170638
1975-12-14,31.5,-25.0,0.18118879
1975-12-15,31.5,-25.0,6.6188965
1975-12-16,31.5,-25.0,34.36981
1975-12-17,31.5,-25.0,7.244548
1975-12-18,31.5,-25.0,12.856396
1975-12-19,31.5,-25.0,20.907784
1975-12-20,31.5,-25.0,11.424903
1975-12-21,31.5,-25.0,11.194664
1975-12-22,31.5,-25.0,15.972642
1975-12-23,31.5,-25.0,18.229996
1975-12-24,31.5,-25.0,0.09009386
1975-12-25,31.5,-25.0,12.922464
1975-12-26,31.5,-25.0,2.82194
1975-12-27,31.5,-25.0,0.5035246
1975-12-28,31.5,-25.0,0.039040677
1975-12-29,31.5,-25.0,0.021021903
1975-12-30,31.5,-25.0,0.1471533
1975-12-31,31.5,-25.0,11.505426
1976-01-01,31.5,-25.0,0.29718626
1976-01-02,31.5,-25.0,0.0053643724
1976-01-03,31.5,-25.0,0.04291498
1976-01-04,31.5,-25.0,0.0
1976-01-05,31.5,-25.0,0.048279352
1976-01-06,31.5,-25.0,0.011801619
1976-01-07,31.5,-25.0,18.219555
1976-01-08,31.5,-25.0,11.254454
1976-01-09,31.5,-25.0,2.2680566
1976-01-10,31.5,-25.0,0.64908904
1976-01-11,31.5,-25.0,2.3345747
1976-01-12,31.5,-25.0,5.82249
1976-01-13,31.5,-25.0,0.020384615
1976-01-14,31.5,-25.0,0.20384614
1976-01-15,31.5,-25.0,1.7284008
1976-01-16,31.5,-25.0,0.64587045
1976-01-17,31.5,-25.0,2.6618016
1976-01-18,31.5,-25.0,2.875304
1976-01-19,31.5,-25.0,0.44738865
1976-01-20,31.5,-25.0,0.16522267
1976-01-21,31.5,-25.0,0.008582996
1976-01-22,31.5,-25.0,0.017165992
1976-01-23,31.5,-25.0,1.5052431
1976-01-24,31.5,-25.0,0.3808704
1976-01-25,31.5,-25.0,0.019311741
1976-01-26,31.5,-25.0,0.052570842
1976-01-27,31.5,-25.0,1.3614776
1976-01-28,31.5,-25.0,16.307692
1976-01-29,31.5,-25.0,10.465891
1976-01-30,31.5,-25.0,20.682875
1976-01-31,31.5,-25.0,52.28937
1976-02-01,31.5,-25.0,19.018023
1976-02-02,31.5,-25.0,4.882
1976-02-03,31.5,-25.0,8.270735
1976-02-04,31.5,-25.0,0.32998496
1976-02-05,31.5,-25.0,1.3499384
1976-02-06,31.5,-25.0,2.2198987
1976-02-07,31.5,-25.0,1.8688037
1976-02-08,31.5,-25.0,1.5354856
1976-02-09,31.5,-25.0,0.0
1976-02-10,31.5,-25.0,27.122097
1976-02-11,31.5,-25.0,8.882929
1976-02-12,31.5,-25.0,5.4141974
1976-02-13,31.5,-25.0,0.0
1976-02-14,31.5,-25.0,0.0
1976-02-15,31.5,-25.0,0.118883476
1976-02-16,31.5,-25.0,0.48108917
1976-02-17,31.5,-25.0,0.5744182
1976-02-18,31.5,-25.0,0.8799598
1976-02-19,31.5,-25.0,0.06999682
1976-02-20,31.5,-25.0,0.24998862
1976-02-21,31.5,-25.0,2.3476708
1976-02-22,31.5,-25.0,11.121715
1976-02-23,31.5,-25.0,3.028751
1976-02-24,31.5,-25.0,19.35023
1976-02-25,31.5,-25.0,17.730303
1976-02-26,31.5,-25.0,1.5688173
1976-02-27,31.5,-25.0,0.18999135
1976-02-28,31.5,-25.0,0.3599836
1976-02-29,31.5,-25.0,0.12738712
1976-03-01,31.5,-25.0,0.33241785
1976-03-02,31.5,-25.0,0.46755505
1976-03-03,31.5,-25.0,10.272402
1976-03-04,31.5,-25.0,4.4220448
1976-03-05,31.5,-25.0,5.0750437
1976-03-06,31.5,-25.0,3.5914936
1976-03-07,31.5,-25.0,0.6451076
1976-03-08,31.5,-25.0,3.445506
1976-03-09,31.5,-25.0,0.8453474
1976-03-10,31.5,-25.0,0.028605688
1976-03-11,31.5,-25.0,0.65793085
1976-03-12,31.5,-25.0,0.04734735
1976-03-13,31.5,-25.0,2.9523044
1976-03-14,31.5,-25.0,0.21799506
1976-03-15,31.5,-25.0,0.0029592093
1976-03-16,31.5,-25.0,2.562675
1976-03-17,31.5,-25.0,0.024660077
1976-03-18,31.5,-25.0,0.0
1976-03-19,31.5,-25.0,10.338491
1976-03-20,31.5,-25.0,15.45299
1976-03-21,31.5,-25.0,0.5040519
1976-03-22,31.5,-25.0,9.454674
1976-03-23,31.5,-25.0,10.076108
1976-03-24,31.5,-25.0,0.74769354
1976-03-25,31.5,-25.0,0.32748583
1976-03-26,31.5,-25.0,5.718179
1976-03-27,31.5,-25.0,0.81674176
1976-03-28,31.5,-25.0,0.0
1976-03-29,31.5,-25.0,0.0009864031
1976-03-30,31.5,-25.0,1.0386825
1976-03-31,31.5,-25.0,0.0
1976-04-01,31.5,-25.0,1.6943746
1976-04-02,31.5,-25.0,1.8835799
1976-04-03,31.5,-25.0,2.7505345
1976-04-04,31.5,-25.0,0.041418042
1976-04-05,31.5,-25.0,0.0
1976-04-06,31.5,-25.0,0.0037652766
1976-04-07,31.5,-25.0,0.9093144
1976-04-08,31.5,-25.0,0.60150295
1976-04-09,31.5,-25.0,0.0018826383
1976-04-10,31.5,-25.0,0.022591662
1976-04-11,31.5,-25.0,0.0
1976-04-12,31.5,-25.0,2.0887876
1976-04-13,31.5,-25.0,0.06495102
1976-04-14,31.5,-25.0,0.14778711
1976-04-15,31.5,-25.0,0.17885064
1976-04-16,31.5,-25.0,0.006589234
1976-04-17,31.5,-25.0,0.74740744
1976-04-18,31.5,-25.0,0.26545203
1976-04-19,31.5,-25.0,0.024474297
1976-04-20,31.5,-25.0,0.5393759
1976-04-21,31.5,-25.0,0.0
1976-04-22,31.5,-25.0,0.0
1976-04-23,31.5,-25.0,0.00094131916
1976-04-24,31.5,-25.0,1.6859026
1976-04-25,31.5,-25.0,0.74081826
1976-04-26,31.5,-25.0,0.17696801
1976-04-27,31.5,-25.0,0.00094131916
1976-04-28,31.5,-25.0,0.0
1976-04-29,31.5,-25.0,0.0
1976-04-30,31.5,-25.0,6.938894e-15
1976-05-01,31.5,-25.0,0.012864861
1976-05-02,31.5,-25.0,12.468029
1976-05-03,31.5,-25.0,17.62387
1976-05-04,31.5,-25.0,7.7248535
1976-05-05,31.5,-25.0,2.670943
1976-05-06,31.5,-25.0,0.007916838
1976-05-07,31.5,-25.0,1.6653347e-13
1976-05-08,31.5,-25.0,1.6653347e-13
1976-05-09,31.5,-25.0,1.6653347e-13
1976-05-10,31.5,-25.0,0.14448228
1976-05-11,31.5,-25.0,0.008906441
1976-05-12,31.5,-25.0,1.6653347e-13
1976-05-13,31.5,-25.0,1.6653347e-13
1976-05-14,31.5,-25.0,1.6653347e-13
1976-05-15,31.5,-25.0,0.02572972
1976-05-16,31.5,-25.0,0.03859458
1976-05-17,31.5,-25.0,0.0009896047
1976-05-18,31.5,-25.0,1.6653347e-13
1976-05-19,31.5,-25.0,1.6653347e-13
1976-05-20,31.5,-25.0,0.14250305
1976-05-21,31.5,-25.0,0.28599572
1976-05-22,31.5,-25.0,0.04849063
1976-05-23,31.5,-25.0,0.059376277
1976-05-24,31.5,-25.0,1.6653347e-13
1976-05-25,31.5,-25.0,1.6653347e-13
1976-05-26,31.5,-25.0,1.6653347e-13
1976-05-27,31.5,-25.0,1.6653347e-13
1976-05-28,31.5,-25.0,0.0029688142
1976-05-29,31.5,-25.0,0.04651142
1976-05-30,31.5,-25.0,0.055417866
1976-05-31,31.5,-25.0,0.0049480232
1976-06-01,31.5,-25.0,8.3266734e-14
1976-06-02,31.5,-25.0,8.3266734e-14
1976-06-03,31.5,-25.0,0.12629756
1976-06-04,31.5,-25.0,0.013929876
1976-06-05,31.5,-25.0,0.050147552
1976-06-06,31.5,-25.0,0.0009286584
1976-06-07,31.5,-25.0,8.3266734e-14
1976-06-08,31.5,-25.0,8.3266734e-14
1976-06-09,31.5,-25.0,8.3266734e-14
1976-06-10,31.5,-25.0,8.3266734e-14
1976-06-11,31.5,-25.0,8.3266734e-14
1976-06-12,31.5,-25.0,8.3266734e-14
1976-06-13,31.5,-25.0,8.3266734e-14
1976-06-14,31.5,-25.0,0.048290238
1976-06-15,31.5,-25.0,0.0009286584
1976-06-16,31.5,-25.0,8.3266734e-14
1976-06-17,31.5,-25.0,8.3266734e-14
1976-06-18,31.5,-25.0,8.3266734e-14
1976-06-19,31.5,-25.0,8.3266734e-14
1976-06-20,31.5,-25.0,8.3266734e-14
1976-06-21,31.5,-25.0,0.002785975
1976-06-22,31.5,-25.0,0.0065006088
1976-06-23,31.5,-25.0,0.4123243
1976-06-24,31.5,-25.0,0.002785975
1976-06-25,31.5,-25.0,0.06500609
1976-06-26,31.5,-25.0,0.039003655
1976-06-27,31.5,-25.0,0.1968756
1976-06-28,31.5,-25.0,0.008357925
1976-06-29,31.5,-25.0,8.3266734e-14
1976-06-30,31.5,-25.0,7.979728e-14
1976-07-01,31.5,-25.0,0.050656162
1976-07-02,31.5,-25.0,0.80896366
1976-07-03,31.5,-25.0,0.0
1976-07-04,31.5,-25.0,0.0
1976-07-05,31.5,-25.0,0.0
1976-07-06,31.5,-25.0,0.0
1976-07-07,31.5,-25.0,0.0
1976-07-08,31.5,-25.0,0.0061401417
1976-07-09,31.5,-25.0,0.013815318
1976-07-10,31.5,-25.0,0.015350355
1976-07-11,31.5,-25.0,0.85501474
1976-07-12,31.5,-25.0,0.0
1976-07-13,31.5,-25.0,0.0
1976-07-14,31.5,-25.0,0.0
1976-07-15,31.5,-25.0,0.06754156
1976-07-16,31.5,-25.0,0.0061401417
1976-07-17,31.5,-25.0,0.0
1976-07-18,31.5,-25.0,0.0
1976-07-19,31.5,-25.0,0.17806412
1976-07-20,31.5,-25.0,0.06600653
1976-07-21,31.5,-25.0,0.0
1976-07-22,31.5,-25.0,0.0
1976-07-23,31.5,-25.0,0.0
1976-07-24,31.5,-25.0,0.0
1976-07-25,31.5,-25.0,0.0
1976-07-26,31.5,-25.0,0.004605106
1976-07-27,31.5,-25.0,0.07214667
1976-07-28,31.5,-25.0,0.0
1976-07-29,31.5,-25.0,0.0
1976-07-30,31.5,-25.0,0.0
1976-07-31,31.5,-25.0,-3.469447e-15
1976-08-01,31.5,-25.0,0.06371084
1976-08-02,31.5,-25.0,2.931548
1976-08-03,31.5,-25.0,0.1299701
1976-08-04,31.5,-25.0,0.006795822
1976-08-05,31.5,-25.0,-8.3266734e-14
1976-08-06,31.5,-25.0,0.0059463456
1976-08-07,31.5,-25.0,0.020387467
1976-08-08,31.5,-25.0,-8.3266734e-14
1976-08-09,31.5,-25.0,-8.3266734e-14
1976-08-10,31.5,-25.0,-8.3266734e-14
1976-08-11,31.5,-25.0,0.0025484334
1976-08-12,31.5,-25.0,2.1636202
1976-08-13,31.5,-25.0,-8.3266734e-14
1976-08-14,31.5,-25.0,-8.3266734e-14
1976-08-15,31.5,-25.0,0.72035724
1976-08-16,31.5,-25.0,0.028882246
1976-08-17,31.5,-25.0,-8.3266734e-14
1976-08-18,31.5,-25.0,0.1647987
1976-08-19,31.5,-25.0,0.08070039
1976-08-20,31.5,-25.0,0.0016989555
1976-08-21,31.5,-25.0,0.15460497
1976-08-22,31.5,-25.0,-8.3266734e-14
1976-08-23,31.5,-25.0,0.0050968667
1976-08-24,31.5,-25.0,0.032280155
1976-08-25,31.5,-25.0,0.30751097
1976-08-26,31.5,-25.0,0.17499244
1976-08-27,31.5,-25.0,-8.3266734e-14
1976-08-28,31.5,-25.0,-8.3266734e-14
1976-08-29,31.5,-25.0,-8.3266734e-14
1976-08-30,31.5,-25.0,0.0382265
1976-08-31,31.5,-25.0,1.189269
1976-09-01,31.5,-25.0,0.53591704
1976-09-02,31.5,-25.0,0.31286508
1976-09-03,31.5,-25.0,0.0
1976-09-04,31.5,-25.0,0.0
1976-09-05,31.5,-25.0,0.0
1976-09-06,31.5,-25.0,0.00493478
1976-09-07,31.5,-25.0,0.069086924
1976-09-08,31.5,-25.0,0.0
1976-09-09,31.5,-25.0,0.0
1976-09-10,31.5,-25.0,0.0
1976-09-11,31.5,-25.0,0.0
1976-09-12,31.5,-25.0,0.0
1976-09-13,31.5,-25.0,0.059217356
1976-09-14,31.5,-25.0,0.0
1976-09-15,31.5,-25.0,0.0
1976-09-16,31.5,-25.0,0.0
1976-09-17,31.5,-25.0,0.0
1976-09-18,31.5,-25.0,0.0
1976-09-19,31.5,-25.0,0.0
1976-09-20,31.5,-25.0,0.0
1976-09-21,31.5,-25.0,0.13718688
1976-09-22,31.5,-25.0,0.0078956485
1976-09-23,31.5,-25.0,0.014804341
1976-09-24,31.5,-25.0,0.020726075
1976-09-25,31.5,-25.0,0.0
1976-09-26,31.5,-25.0,0.0
1976-09-27,31.5,-25.0,1.2129691
1976-09-28,31.5,-25.0,0.09770865
1976-09-29,31.5,-25.0,0.6434953
1976-09-30,31.5,-25.0,0.0
1976-10-01,31.5,-25.0,0.0
1976-10-02,31.5,-25.0,1.6474818
1976-10-03,31.5,-25.0,3.7887073
1976-10-04,31.5,-25.0,0.07210863
1976-10-05,31.5,-25.0,0.10015087
1976-10-06,31.5,-25.0,2.833268
1976-10-07,31.5,-25.0,0.24937566
1976-10-08,31.5,-25.0,0.014021119
1976-10-09,31.5,-25.0,0.0
1976-10-10,31.5,-25.0,0.0
1976-10-11,31.5,-25.0,0.3475235
1976-10-12,31.5,-25.0,0.12819311
1976-10-13,31.5,-25.0,0.0
1976-10-14,31.5,-25.0,0.0
1976-10-15,31.5,-25.0,0.003004526
1976-10-16,31.5,-25.0,17.88995
1976-10-17,31.5,-25.0,0.82223856
1976-10-18,31.5,-25.0,0.69304395
1976-10-19,31.5,-25.0,0.0010015086
1976-10-20,31.5,-25.0,0.0
1976-10-21,31.5,-25.0,0.5999037
1976-10-22,31.5,-25.0,0.19329119
1976-10-23,31.5,-25.0,0.0
1976-10-24,31.5,-25.0,0.009013578
1976-10-25,31.5,-25.0,0.4747151
1976-10-26,31.5,-25.0,0.087131254
1976-10-27,31.5,-25.0,0.11817802
1976-10-28,31.5,-25.0,0.09414181
1976-10-29,31.5,-25.0,0.0
1976-10-30,31.5,-25.0,5.8367925
1976-10-31,31.5,-25.0,0.5598433
1976-11-01,31.5,-25.0,0.01186053
1976-11-02,31.5,-25.0,0.0
1976-11-03,31.5,-25.0,3.907505
1976-11-04,31.5,-25.0,4.3139977
1976-11-05,31.5,-25.0,3.2012644
1976-11-06,31.5,-25.0,0.7579956
1976-11-07,31.5,-25.0,0.69653654
1976-11-08,31.5,-25.0,1.1483147
1976-11-09,31.5,-25.0,3.4169106
1976-11-10,31.5,-25.0,0.28788736
1976-11-11,31.5,-25.0,0.111057684
1976-11-12,31.5,-25.0,1.4868791
1976-11-13,31.5,-25.0,1.768297
1976-11-14,31.5,-25.0,0.07763255
1976-11-15,31.5,-25.0,0.38492805
1976-11-16,31.5,-25.0,0.0
1976-11-17,31.5,-25.0,0.07978901
1976-11-18,31.5,-25.0,0.8108289
1976-11-19,31.5,-25.0,1.1698796
1976-11-20,31.5,-25.0,0.15203041
1976-11-21,31.5,-25.0,1.351022
1976-11-22,31.5,-25.0,0.4463871
1976-11-23,31.5,-25.0,0.09272777
1976-11-24,31.5,-25.0,2.3667147
1976-11-25,31.5,-25.0,0.8852267
1976-11-26,31.5,-25.0,0.4463871
1976-11-27,31.5,-25.0,0.0
1976-11-28,31.5,-25.0,0.6555637
1976-11-29,31.5,-25.0,0.40002328
1976-11-30,31.5,-25.0,0.2857309
1976-12-01,31.5,-25.0,1.6653347e-13
1976-12-02,31.5,-25.0,1.6653347e-13
1976-12-03,31.5,-25.0,0.2565852
1976-12-04,31.5,-25.0,0.082360685
1976-12-05,31.5,-25.0,0.07602525
1976-12-06,31.5,-25.0,1.271311
1976-12-07,31.5,-25.0,0.40230024
1976-12-08,31.5,-25.0,0.4529838
1976-12-09,31.5,-25.0,0.16683318
1976-12-10,31.5,-25.0,4.850833
1976-12-11,31.5,-25.0,18.345314
1976-12-12,31.5,-25.0,1.1139811
1976-12-13,31.5,-25.0,1.316715
1976-12-14,31.5,-25.0,0.5564626
1976-12-15,31.5,-25.0,0.44242465
1976-12-16,31.5,-25.0,0.80988
1976-12-17,31.5,-25.0,2.1624959
1976-12-18,31.5,-25.0,1.6653347e-13
1976-12-19,31.5,-25.0,0.03273309
1976-12-20,31.5,-25.0,0.40969163
1976-12-21,31.5,-25.0,0.049627595
1976-12-22,31.5,-25.0,0.5184499
1976-12-23,31.5,-25.0,1.7792019
1976-12-24,31.5,-25.0,2.0632405
1976-12-25,31.5,-25.0,1.1350992
1976-12-26,31.5,-25.0,4.2753644
1976-12-27,31.5,-25.0,0.6620532
1976-12-28,31.5,-25.0,0.551183
1976-12-29,31.5,-25.0,0.3917412
1976-12-30,31.5,-25.0,1.498331
1976-12-31,31.5,-25.0,20.068256
1977-01-01,31.5,-25.0,8.865082
1977-01-02,31.5,-25.0,1.6653347e-13
1977-01-03,31.5,-25.0,0.007849545
1977-01-04,31.5,-25.0,0.44055578
1977-01-05,31.5,-25.0,0.02158625
1977-01-06,31.5,-25.0,0.1442354
1977-01-07,31.5,-25.0,0.97824967
1977-01-08,31.5,-25.0,1.6653347e-13
1977-01-09,31.5,-25.0,0.2766965
1977-01-10,31.5,-25.0,1.279476
1977-01-11,31.5,-25.0,0.64758754
1977-01-12,31.5,-25.0,0.4307438
1977-01-13,31.5,-25.0,0.37187225
1977-01-14,31.5,-25.0,0.81831515
1977-01-15,31.5,-25.0,0.30809468
1977-01-16,31.5,-25.0,0.0873262
1977-01-17,31.5,-25.0,0.41504472
1977-01-18,31.5,-25.0,0.061815172
1977-01-19,31.5,-25.0,2.0291076
1977-01-20,31.5,-25.0,2.5461965
1977-01-21,31.5,-25.0,0.042191308
1977-01-22,31.5,-25.0,0.2766965
1977-01-23,31.5,-25.0,1.6653347e-13
1977-01-24,31.5,-25.0,0.052003242
1977-01-25,31.5,-25.0,1.5914955
1977-01-26,31.5,-25.0,16.42714
1977-01-27,31.5,-25.0,3.8040857
1977-01-28,31.5,-25.0,5.543742
1977-01-29,31.5,-25.0,6.6662273
1977-01-30,31.5,-25.0,24.224678
1977-01-31,31.5,-25.0,12.402651
1977-02-01,31.5,-25.0,11.807778
1977-02-02,31.5,-25.0,5.464904
1977-02-03,31.5,-25.0,13.100754
1977-02-04,31.5,-25.0,3.546296
1977-02-05,31.5,-25.0,36.795555
1977-02-06,31.5,-25.0,67.84677
1977-02-07,31.5,-25.0,32.14502
1977-02-08,31.5,-25.0,25.422596
1977-02-09,31.5,-25.0,18.786715
1977-02-10,31.5,-25.0,2.3283973
1977-02-11,31.5,-25.0,0.35139716
1977-02-12,31.5,-25.0,2.7903228
1977-02-13,31.5,-25.0,3.2970858
1977-02-14,31.5,-25.0,6.3960543
1977-02-15,31.5,-25.0,5.7871046
1977-02-16,31.5,-25.0,2.5734367
1977-02-17,31.5,-25.0,9.415775
1977-02-18,31.5,-25.0,5.665107
1977-02-19,31.5,-25.0,2.4107723
1977-02-20,31.5,-25.0,0.8633735
1977-02-21,31.5,-25.0,0.3753798
1977-02-22,31.5,-25.0,2.101084
1977-02-23,31.5,-25.0,0.017726267
1977-02-24,31.5,-25.0,4.699546
1977-02-25,31.5,-25.0,2.0134954
1977-02-26,31.5,-25.0,4.5504365
1977-02-27,31.5,-25.0,4.1583734
1977-02-28,31.5,-25.0,0.40718585
1977-03-01,31.5,-25.0,7.9448023
1977-03-02,31.5,-25.0,0.24330574
1977-03-03,31.5,-25.0,0.1624935
1977-03-04,31.5,-25.0,2.206262
1977-03-05,31.5,-25.0,2.7224178
1977-03-06,31.5,-25.0,12.797015
1977-03-07,31.5,-25.0,12.670149
1977-03-08,31.5,-25.0,4.8469987
1977-03-09,31.5,-25.0,2.510394
1977-03-10,31.5,-25.0,1.5484675
1977-03-11,31.5,-25.0,3.4349563
1977-03-12,31.5,-25.0,0.4292609
1977-03-13,31.5,-25.0,0.0026068476
1977-03-14,31.5,-25.0,0.0017378984
1977-03-15,31.5,-25.0,8.486158
1977-03-16,31.5,-25.0,0.7273105
1977-03-17,31.5,-25.0,0.64128447
1977-03-18,31.5,-25.0,0.64041555
1977-03-19,31.5,-25.0,0.10340495
1977-03-20,31.5,-25.0,0.98538834
1977-03-21,31.5,-25.0,0.05387485
1977-03-22,31.5,-25.0,0.35366228
1977-03-23,31.5,-25.0,0.1077497
1977-03-24,31.5,-25.0,8.3266734e-14
1977-03-25,31.5,-25.0,0.19985831
1977-03-26,31.5,-25.0,9.214338
1977-03-27,31.5,-25.0,0.0026068476
1977-03-28,31.5,-25.0,8.3266734e-14
1977-03-29,31.5,-25.0,0.12252183
1977-03-30,31.5,-25.0,0.14511451
1977-03-31,31.5,-25.0,1.3825157
1977-04-01,31.5,-25.0,3.7369103
1977-04-02,31.5,-25.0,0.3761926
1977-04-03,31.5,-25.0,2.2263672
1977-04-04,31.5,-25.0,2.5775447
1977-04-05,31.5,-25.0,1.4768687
1977-04-06,31.5,-25.0,1.4143301
1977-04-07,31.5,-25.0,0.33385888
1977-04-08,31.5,-25.0,0.08274312
1977-04-09,31.5,-25.0,0.061576277
1977-04-10,31.5,-25.0,2.193655
1977-04-11,31.5,-25.0,1.1612902
1977-04-12,31.5,-25.0,0.009621293
1977-04-13,31.5,-25.0,0.0
1977-04-14,31.5,-25.0,0.0
1977-04-15,31.5,-25.0,0.0
1977-04-16,31.5,-25.0,0.012507683
1977-04-17,31.5,-25.0,0.0
1977-04-18,31.5,-25.0,0.0
1977-04-19,31.5,-25.0,0.0
1977-04-20,31.5,-25.0,0.0
1977-04-21,31.5,-25.0,0.009621293
1977-04-22,31.5,-25.0,0.0
1977-04-23,31.5,-25.0,0.6369297
1977-04-24,31.5,-25.0,2.2869816
1977-04-25,31.5,-25.0,11.501295
1977-04-26,31.5,-25.0,0.4262233
1977-04-27,31.5,-25.0,1.7760906
1977-04-28,31.5,-25.0,0.28960094
1977-04-29,31.5,-25.0,0.9101745
1977-04-30,31.5,-25.0,0.06542479
1977-05-01,31.5,-25.0,0.020527843
1977-05-02,31.5,-25.0,1.6653347e-13
1977-05-03,31.5,-25.0,0.22688667
1977-05-04,31.5,-25.0,1.6653347e-13
1977-05-05,31.5,-25.0,0.047538165
1977-05-06,31.5,-25.0,0.065905176
1977-05-07,31.5,-25.0,0.06266394
1977-05-08,31.5,-25.0,0.10588045
1977-05-09,31.5,-25.0,4.0958447
1977-05-10,31.5,-25.0,1.6653347e-13
1977-05-11,31.5,-25.0,1.6653347e-13
1977-05-12,31.5,-25.0,1.6653347e-13
1977-05-13,31.5,-25.0,1.6653347e-13
1977-05-14,31.5,-25.0,1.6653347e-13
1977-05-15,31.5,-25.0,1.6653347e-13
1977-05-16,31.5,-25.0,1.6653347e-13
1977-05-17,31.5,-25.0,1.6653347e-13
1977-05-18,31.5,-25.0,1.6653347e-13
1977-05-19,31.5,-25.0,1.6653347e-13
1977-05-20,31.5,-25.0,0.0010804128
1977-05-21,31.5,-25.0,1.6653347e-13
1977-05-22,31.5,-25.0,0.008643302
1977-05-23,31.5,-25.0,0.3154805
1977-05-24,31.5,-25.0,0.047538165
1977-05-25,31.5,-25.0,1.6653347e-13
1977-05-26,31.5,-25.0,1.6653347e-13
1977-05-27,31.5,-25.0,1.6653347e-13
1977-05-28,31.5,-25.0,0.07778972
1977-05-29,31.5,-25.0,1.6653347e-13
1977-05-30,31.5,-25.0,1.6653347e-13
1977-05-31,31.5,-25.0,1.5959456e-13
1977-06-01,31.5,-25.0,0.0
1977-06-02,31.5,-25.0,0.0
1977-06-03,31.5,-25.0,0.0
1977-06-04,31.5,-25.0,0.0035129932
1977-06-05,31.5,-25.0,0.0052694897
1977-06-06,31.5,-25.0,0.0
1977-06-07,31.5,-25.0,0.0
1977-06-08,31.5,-25.0,0.0017564966
1977-06-09,31.5,-25.0,0.0
1977-06-10,31.5,-25.0,0.0
1977-06-11,31.5,-25.0,0.0008782483
1977-06-12,31.5,-25.0,0.044790663
1977-06-13,31.5,-25.0,0.0
1977-06-14,31.5,-25.0,0.0
1977-06-15,31.5,-25.0,0.0272257
1977-06-16,31.5,-25.0,0.65517324
1977-06-17,31.5,-25.0,2.1271172
1977-06-18,31.5,-25.0,0.0017564966
1977-06-19,31.5,-25.0,0.0
1977-06-20,31.5,-25.0,0.0
1977-06-21,31.5,-25.0,0.0
1977-06-22,31.5,-25.0,0.0
1977-06-23,31.5,-25.0,0.0008782483
1977-06-24,31.5,-25.0,0.0
1977-06-25,31.5,-25.0,0.0
1977-06-26,31.5,-25.0,0.15281521
1977-06-27,31.5,-25.0,0.0008782483
1977-06-28,31.5,-25.0,0.0
1977-06-29,31.5,-25.0,0.0
1977-06-30,31.5,-25.0,0.002860674
1977-07-01,31.5,-25.0,0.07056329
1977-07-02,31.5,-25.0,0.011442696
1977-07-03,31.5,-25.0,0.0
1977-07-04,31.5,-25.0,0.00095355796
1977-07-05,31.5,-25.0,0.0
1977-07-06,31.5,-25.0,0.008582021
1977-07-07,31.5,-25.0,0.0019071159
1977-07-08,31.5,-25.0,0.0
1977-07-09,31.5,-25.0,0.0
1977-07-10,31.5,-25.0,0.03242097
1977-07-11,31.5,-25.0,0.00095355796
1977-07-12,31.5,-25.0,0.024792507
1977-07-13,31.5,-25.0,0.0
1977-07-14,31.5,-25.0,0.65986204
1977-07-15,31.5,-25.0,0.055306356
1977-07-16,31.5,-25.0,0.0
1977-07-17,31.5,-25.0,0.0
1977-07-18,31.5,-25.0,0.0
1977-07-19,31.5,-25.0,0.0
1977-07-20,31.5,-25.0,0.0
1977-07-21,31.5,-25.0,0.0
1977-07-22,31.5,-25.0,0.0
1977-07-23,31.5,-25.0,0.0
1977-07-24,31.5,-25.0,0.0
1977-07-25,31.5,-25.0,0.23076102
1977-07-26,31.5,-25.0,0.0
1977-07-27,31.5,-25.0,0.005721348
1977-07-28,31.5,-25.0,0.007628463
1977-07-29,31.5,-25.0,0.0
1977-07-30,31.5,-25.0,0.0047677895
1977-07-31,31.5,-25.0,0.0
1977-08-01,31.5,-25.0,0.0
1977-08-02,31.5,-25.0,0.0
1977-08-03,31.5,-25.0,0.0
1977-08-04,31.5,-25.0,0.0019618045
1977-08-05,31.5,-25.0,0.003923609
1977-08-06,31.5,-25.0,0.056892324
1977-08-07,31.5,-25.0,0.019618042
1977-08-08,31.5,-25.0,0.0009809022
1977-08-09,31.5,-25.0,0.0
1977-08-10,31.5,-25.0,0.0
1977-08-11,31.5,-25.0,1.4213274
1977-08-12,31.5,-25.0,0.54538167
1977-08-13,31.5,-25.0,0.42963517
1977-08-14,31.5,-25.0,0.8680985
1977-08-15,31.5,-25.0,0.0
1977-08-16,31.5,-25.0,0.0
1977-08-17,31.5,-25.0,0.0
1977-08-18,31.5,-25.0,0.0
1977-08-19,31.5,-25.0,0.0
1977-08-20,31.5,-25.0,0.0
1977-08-21,31.5,-25.0,0.0009809022
1977-08-22,31.5,-25.0,0.832786
1977-08-23,31.5,-25.0,0.84259504
1977-08-24,31.5,-25.0,0.3070224
1977-08-25,31.5,-25.0,0.035312477
1977-08-26,31.5,-25.0,0.0
1977-08-27,31.5,-25.0,0.0
1977-08-28,31.5,-25.0,0.056892328
1977-08-29,31.5,-25.0,0.78472173
1977-08-30,31.5,-25.0,0.028446164
1977-08-31,31.5,-25.0,0.54832435
1977-09-01,31.5,-25.0,0.0
1977-09-02,31.5,-25.0,0.02100182
1977-09-03,31.5,-25.0,0.020126743
1977-09-04,31.5,-25.0,0.2800243
1977-09-05,31.5,-25.0,0.030627657
1977-09-06,31.5,-25.0,0.17676532
1977-09-07,31.5,-25.0,0.0
1977-09-08,31.5,-25.0,0.0
1977-09-09,31.5,-25.0,0.0
1977-09-10,31.5,-25.0,0.014001212
1977-09-11,31.5,-25.0,0.00612553
1977-09-12,31.5,-25.0,0.0
1977-09-13,31.5,-25.0,0.0
1977-09-14,31.5,-25.0,0.0
1977-09-15,31.5,-25.0,0.13301152
1977-09-16,31.5,-25.0,0.055129778
1977-09-17,31.5,-25.0,0.16888964
1977-09-18,31.5,-25.0,0.20739296
1977-09-19,31.5,-25.0,0.0017501516
1977-09-20,31.5,-25.0,0.37365738
1977-09-21,31.5,-25.0,0.30540144
1977-09-22,31.5,-25.0,0.71756226
1977-09-23,31.5,-25.0,2.6506045
1977-09-24,31.5,-25.0,31.500107
1977-09-25,31.5,-25.0,3.449549
1977-09-26,31.5,-25.0,0.71231174
1977-09-27,31.5,-25.0,30.80442
1977-09-28,31.5,-25.0,10.282141
1977-09-29,31.5,-25.0,0.34915525
1977-09-30,31.5,-25.0,0.11818004
1977-10-01,31.5,-25.0,0.63013446
1977-10-02,31.5,-25.0,0.0
1977-10-03,31.5,-25.0,0.0
1977-10-04,31.5,-25.0,0.12814498
1977-10-05,31.5,-25.0,0.7032089
1977-10-06,31.5,-25.0,0.36854923
1977-10-07,31.5,-25.0,0.03918483
1977-10-08,31.5,-25.0,0.41620648
1977-10-09,31.5,-25.0,0.235109
1977-10-10,31.5,-25.0,0.0
1977-10-11,31.5,-25.0,0.0
1977-10-12,31.5,-25.0,0.15038504
1977-10-13,31.5,-25.0,0.03177149
1977-10-14,31.5,-25.0,1.5504484
1977-10-15,31.5,-25.0,0.044480085
1977-10-16,31.5,-25.0,0.0
1977-10-17,31.5,-25.0,0.63754785
1977-10-18,31.5,-25.0,0.0031771485
1977-10-19,31.5,-25.0,0.39290738
1977-10-20,31.5,-25.0,10.17429
1977-10-21,31.5,-25.0,0.5358791
1977-10-22,31.5,-25.0,6.7334375
1977-10-23,31.5,-25.0,0.012708594
1977-10-24,31.5,-25.0,0.0
1977-10-25,31.5,-25.0,1.0092742
1977-10-26,31.5,-25.0,0.15885743
1977-10-27,31.5,-25.0,0.0
1977-10-28,31.5,-25.0,0.0
1977-10-29,31.5,-25.0,0.010590495
1977-10-30,31.5,-25.0,0.2859434
1977-10-31,31.5,-25.0,0.23474947
1977-11-01,31.5,-25.0,0.11142294
1977-11-02,31.5,-25.0,0.47586885
1977-11-03,31.5,-25.0,5.480616
1977-11-04,31.5,-25.0,0.20891802
1977-11-05,31.5,-25.0,0.22632787
1977-11-06,31.5,-25.0,0.0208918
1977-11-07,31.5,-25.0,0.0
1977-11-08,31.5,-25.0,0.0
1977-11-09,31.5,-25.0,0.005803278
1977-11-10,31.5,-25.0,0.0835672
1977-11-11,31.5,-25.0,2.834321
1977-11-12,31.5,-25.0,0.5988983
1977-11-13,31.5,-25.0,0.16133115
1977-11-14,31.5,-25.0,5.5398097
1977-11-15,31.5,-25.0,0.49095735
1977-11-16,31.5,-25.0,0.008124591
1977-11-17,31.5,-25.0,0.0
1977-11-18,31.5,-25.0,0.0
1977-11-19,31.5,-25.0,6.324413
1977-11-20,31.5,-25.0,1.3916262
1977-11-21,31.5,-25.0,0.0
1977-11-22,31.5,-25.0,1.2825246
1977-11-23,31.5,-25.0,6.100406
1977-11-24,31.5,-25.0,0.4723869
1977-11-25,31.5,-25.0,1.1885114
1977-11-26,31.5,-25.0,3.240551
1977-11-27,31.5,-25.0,0.45149508
1977-11-28,31.5,-25.0,1.8013376
1977-11-29,31.5,-25.0,12.504904
1977-11-30,31.5,-25.0,0.5927759
1977-12-01,31.5,-25.0,9.994704
1977-12-02,31.5,-25.0,0.15652224
1977-12-03,31.5,-25.0,0.6833123
1977-12-04,31.5,-25.0,5.575054
1977-12-05,31.5,-25.0,0.41234362
1977-12-06,31.5,-25.0,0.18345083
1977-12-07,31.5,-25.0,0.004207588
1977-12-08,31.5,-25.0,0.37026775
1977-12-09,31.5,-25.0,0.312203
1977-12-10,31.5,-25.0,0.06058926
1977-12-11,31.5,-25.0,0.027770078
1977-12-12,31.5,-25.0,1.5315619
1977-12-13,31.5,-25.0,0.009256694
1977-12-14,31.5,-25.0,6.1464443
1977-12-15,31.5,-25.0,12.471291
1977-12-16,31.5,-25.0,2.9781308
1977-12-17,31.5,-25.0,7.70241
1977-12-18,31.5,-25.0,0.97700197
1977-12-19,31.5,-25.0,8.3266734e-14
1977-12-20,31.5,-25.0,18.844103
1977-12-21,31.5,-25.0,4.2841663
1977-12-22,31.5,-25.0,1.0931313
1977-12-23,31.5,-25.0,23.33949
1977-12-24,31.5,-25.0,10.338884
1977-12-25,31.5,-25.0,0.21627003
1977-12-26,31.5,-25.0,0.03870981
1977-12-27,31.5,-25.0,8.3266734e-14
1977-12-28,31.5,-25.0,8.3266734e-14
1977-12-29,31.5,-25.0,1.0325421
1977-12-30,31.5,-25.0,5.0499473
1977-12-31,31.5,-25.0,47.040943
1978-01-01,31.5,-25.0,30.82624
1978-01-02,31.5,-25.0,19.654308
1978-01-03,31.5,-25.0,2.4881525
1978-01-04,31.5,-25.0,0.24419981
1978-01-05,31.5,-25.0,3.0873234
1978-01-06,31.5,-25.0,8.233143
1978-01-07,31.5,-25.0,0.017622668
1978-01-08,31.5,-25.0,1.543242
1978-01-09,31.5,-25.0,0.14517722
1978-01-10,31.5,-25.0,8.3266734e-14
1978-01-11,31.5,-25.0,0.29287195
1978-01-12,31.5,-25.0,28.745926
1978-01-13,31.5,-25.0,2.1877282
1978-01-14,31.5,-25.0,8.3266734e-14
1978-01-15,31.5,-25.0,8.3266734e-14
1978-01-16,31.5,-25.0,0.0008391746
1978-01-17,31.5,-25.0,8.3266734e-14
1978-01-18,31.5,-25.0,2.481439
1978-01-19,31.5,-25.0,7.2127056
1978-01-20,31.5,-25.0,7.8236246
1978-01-21,31.5,-25.0,6.1284924
1978-01-22,31.5,-25.0,6.005973
1978-01-23,31.5,-25.0,10.127998
1978-01-24,31.5,-25.0,3.5169806
1978-01-25,31.5,-25.0,0.40783888
1978-01-26,31.5,-25.0,0.13426794
1978-01-27,31.5,-25.0,24.047386
1978-01-28,31.5,-25.0,2.2901075
1978-01-29,31.5,-25.0,6.585842
1978-01-30,31.5,-25.0,0.013426794
1978-01-31,31.5,-25.0,0.43979144
1978-02-01,31.5,-25.0,0.34936124
1978-02-02,31.5,-25.0,1.6653347e-13
1978-02-03,31.5,-25.0,0.0029690762
1978-02-04,31.5,-25.0,1.6653347e-13
1978-02-05,31.5,-25.0,0.09995889
1978-02-06,31.5,-25.0,0.57105225
1978-02-07,31.5,-25.0,0.016824763
1978-02-08,31.5,-25.0,5.583842
1978-02-09,31.5,-25.0,2.6553435
1978-02-10,31.5,-25.0,0.09006197
1978-02-11,31.5,-25.0,10.31358
1978-02-12,31.5,-25.0,1.9813632
1978-02-13,31.5,-25.0,55.553387
1978-02-14,31.5,-25.0,7.258401
1978-02-15,31.5,-25.0,20.955738
1978-02-16,31.5,-25.0,16.785175
1978-02-17,31.5,-25.0,5.6640067
1978-02-18,31.5,-25.0,0.4166603
1978-02-19,31.5,-25.0,0.031670142
1978-02-20,31.5,-25.0,1.6653347e-13
1978-02-21,31.5,-25.0,18.916973
1978-02-22,31.5,-25.0,21.677223
1978-02-23,31.5,-25.0,1.4390122
1978-02-24,31.5,-25.0,1.6653347e-13
1978-02-25,31.5,-25.0,1.3291563
1978-02-26,31.5,-25.0,0.36717573
1978-02-27,31.5,-25.0,0.010886611
1978-02-28,31.5,-25.0,0.82639277
1978-03-01,31.5,-25.0,5.9400544
1978-03-02,31.5,-25.0,31.337122
1978-03-03,31.5,-25.0,1.7282562
1978-03-04,31.5,-25.0,3.0415869
1978-03-05,31.5,-25.0,8.771172
1978-03-06,31.5,-25.0,8.444041
1978-03-07,31.5,-25.0,1.9760089
1978-03-08,31.5,-25.0,0.16717301
1978-03-09,31.5,-25.0,8.126533
1978-03-10,31.5,-25.0,10.527089
1978-03-11,31.5,-25.0,0.24655013
1978-03-12,31.5,-25.0,3.4901876
1978-03-13,31.5,-25.0,2.09748
1978-03-14,31.5,-25.0,0.4762627
1978-03-15,31.5,-25.0,0.17198375
1978-03-16,31.5,-25.0,0.09862004
1978-03-17,31.5,-25.0,1.520192
1978-03-18,31.5,-25.0,0.9525254
1978-03-19,31.5,-25.0,3.290542
1978-03-20,31.5,-25.0,2.2333832
1978-03-21,31.5,-25.0,1.1389414
1978-03-22,31.5,-25.0,0.55804515
1978-03-23,31.5,-25.0,0.5099378
1978-03-24,31.5,-25.0,1.2652231
1978-03-25,31.5,-25.0,0.66628665
1978-03-26,31.5,-25.0,4.561779
1978-03-27,31.5,-25.0,4.031395
1978-03-28,31.5,-25.0,2.7806044
1978-03-29,31.5,-25.0,0.06975564
1978-03-30,31.5,-25.0,-1.6653347e-13
1978-03-31,31.5,-25.0,-1.5959456e-13
1978-04-01,31.5,-25.0,9.716638
1978-04-02,31.5,-25.0,19.5686
1978-04-03,31.5,-25.0,1.9124808
1978-04-04,31.5,-25.0,0.057712745
1978-04-05,31.5,-25.0,0.78210723
1978-04-06,31.5,-25.0,0.9074832
1978-04-07,31.5,-25.0,0.022886086
1978-04-08,31.5,-25.0,0.0
1978-04-09,31.5,-25.0,0.0
1978-04-10,31.5,-25.0,0.22189555
1978-04-11,31.5,-25.0,0.989077
1978-04-12,31.5,-25.0,0.0
1978-04-13,31.5,-25.0,0.0059702843
1978-04-14,31.5,-25.0,0.0
1978-04-15,31.5,-25.0,0.0
1978-04-16,31.5,-25.0,0.9005177
1978-04-17,31.5,-25.0,0.6000135
1978-04-18,31.5,-25.0,0.0069653317
1978-04-19,31.5,-25.0,0.0
1978-04-20,31.5,-25.0,0.69951826
1978-04-21,31.5,-25.0,0.64379555
1978-04-22,31.5,-25.0,0.10846015
1978-04-23,31.5,-25.0,0.104479976
1978-04-24,31.5,-25.0,0.0
1978-04-25,31.5,-25.0,0.19602433
1978-04-26,31.5,-25.0,0.0
1978-04-27,31.5,-25.0,0.0039801896
1978-04-28,31.5,-25.0,0.0
1978-04-29,31.5,-25.0,0.0
1978-04-30,31.5,-25.0,0.0
1978-05-01,31.5,-25.0,0.40797323
1978-05-02,31.5,-25.0,1.6307001
1978-05-03,31.5,-25.0,0.0
1978-05-04,31.5,-25.0,0.0
1978-05-05,31.5,-25.0,0.0
1978-05-06,31.5,-25.0,0.07276715
1978-05-07,31.5,-25.0,0.021472275
1978-05-08,31.5,-25.0,0.0011929042
1978-05-09,31.5,-25.0,0.0
1978-05-10,31.5,-25.0,1.8907531
1978-05-11,31.5,-25.0,0.0
1978-05-12,31.5,-25.0,0.0
1978-05-13,31.5,-25.0,0.0
1978-05-14,31.5,-25.0,0.14434141
1978-05-15,31.5,-25.0,0.1109401
1978-05-16,31.5,-25.0,0.0
1978-05-17,31.5,-25.0,0.0
1978-05-18,31.5,-25.0,0.0
1978-05-19,31.5,-25.0,0.0
1978-05-20,31.5,-25.0,0.0
1978-05-21,31.5,-25.0,0.0
1978-05-22,31.5,-25.0,0.3161196
1978-05-23,31.5,-25.0,0.0
1978-05-24,31.5,-25.0,0.0
1978-05-25,31.5,-25.0,0.0
1978-05-26,31.5,-25.0,0.087082006
1978-05-27,31.5,-25.0,0.0023858084
1978-05-28,31.5,-25.0,0.0
1978-05-29,31.5,-25.0,0.0
1978-05-30,31.5,-25.0,0.0
1978-05-31,31.5,-25.0,0.022403235
1978-06-01,31.5,-25.0,0.0010535487
1978-06-02,31.5,-25.0,0.0
1978-06-03,31.5,-25.0,0.0
1978-06-04,31.5,-25.0,0.0
1978-06-05,31.5,-25.0,0.0
1978-06-06,31.5,-25.0,0.0
1978-06-07,31.5,-25.0,0.093765825
1978-06-08,31.5,-25.0,0.0
1978-06-09,31.5,-25.0,0.06532003
1978-06-10,31.5,-25.0,0.0
1978-06-11,31.5,-25.0,0.0
1978-06-12,31.5,-25.0,0.0
1978-06-13,31.5,-25.0,0.0
1978-06-14,31.5,-25.0,0.0
1978-06-15,31.5,-25.0,0.0
1978-06-16,31.5,-25.0,0.0
1978-06-17,31.5,-25.0,0.0
1978-06-18,31.5,-25.0,0.024231618
1978-06-19,31.5,-25.0,0.5699699
1978-06-20,31.5,-25.0,0.0
1978-06-21,31.5,-25.0,0.033713553
1978-06-22,31.5,-25.0,0.053730983
1978-06-23,31.5,-25.0,0.022124521
1978-06-24,31.5,-25.0,0.0
1978-06-25,31.5,-25.0,0.0
1978-06-26,31.5,-25.0,0.0
1978-06-27,31.5,-25.0,0.0
1978-06-28,31.5,-25.0,0.0
1978-06-29,31.5,-25.0,0.0
1978-06-30,31.5,-25.0,0.0021070973
1978-07-01,31.5,-25.0,0.38196826
1978-07-02,31.5,-25.0,0.08051292
1978-07-03,31.5,-25.0,0.0056171794
1978-07-04,31.5,-25.0,0.0
1978-07-05,31.5,-25.0,0.13855712
1978-07-06,31.5,-25.0,0.9502396
1978-07-07,31.5,-25.0,0.12076938
1978-07-08,31.5,-25.0,0.0
1978-07-09,31.5,-25.0,0.011234361
1978-07-10,31.5,-25.0,3.4995031
1978-07-11,31.5,-25.0,13.127349
1978-07-12,31.5,-25.0,0.390394
1978-07-13,31.5,-25.0,0.00093619665
1978-07-14,31.5,-25.0,0.390394
1978-07-15,31.5,-25.0,0.00093619665
1978-07-16,31.5,-25.0,0.0
1978-07-17,31.5,-25.0,0.0018723933
1978-07-18,31.5,-25.0,0.011234361
1978-07-19,31.5,-25.0,0.0
1978-07-20,31.5,-25.0,0.0
1978-07-21,31.5,-25.0,0.0
1978-07-22,31.5,-25.0,0.0
1978-07-23,31.5,-25.0,0.0
1978-07-24,31.5,-25.0,0.0
1978-07-25,31.5,-25.0,0.0
1978-07-26,31.5,-25.0,0.0
1978-07-27,31.5,-25.0,0.0
1978-07-28,31.5,-25.0,0.00093619665
1978-07-29,31.5,-25.0,0.010298165
1978-07-30,31.5,-25.0,0.0
1978-07-31,31.5,-25.0,-6.938894e-15
1978-08-01,31.5,-25.0,0.91702855
1978-08-02,31.5,-25.0,0.08896546
1978-08-03,31.5,-25.0,-1.6653347e-13
1978-08-04,31.5,-25.0,0.053770334
1978-08-05,31.5,-25.0,0.1544675
1978-08-06,31.5,-25.0,0.28156102
1978-08-07,31.5,-25.0,-1.6653347e-13
1978-08-08,31.5,-25.0,-1.6653347e-13
1978-08-09,31.5,-25.0,0.008798783
1978-08-10,31.5,-25.0,-1.6653347e-13
1978-08-11,31.5,-25.0,-1.6653347e-13
1978-08-12,31.5,-25.0,-1.6653347e-13
1978-08-13,31.5,-25.0,0.0048882123
1978-08-14,31.5,-25.0,-1.6653347e-13
1978-08-15,31.5,-25.0,-1.6653347e-13
1978-08-16,31.5,-25.0,-1.6653347e-13
1978-08-17,31.5,-25.0,0.032262202
1978-08-18,31.5,-25.0,0.02444106
1978-08-19,31.5,-25.0,-1.6653347e-13
1978-08-20,31.5,-25.0,0.0029329276
1978-08-21,31.5,-25.0,0.52988213
1978-08-22,31.5,-25.0,0.1661992
1978-08-23,31.5,-25.0,0.09287603
1978-08-24,31.5,-25.0,0.22192484
1978-08-25,31.5,-25.0,0.20334962
1978-08-26,31.5,-25.0,0.37639233
1978-08-27,31.5,-25.0,-1.6653347e-13
1978-08-28,31.5,-25.0,-1.6653347e-13
1978-08-29,31.5,-25.0,0.23365656
1978-08-30,31.5,-25.0,0.021508135
1978-08-31,31.5,-25.0,-1.5265568e-13
1978-09-01,31.5,-25.0,1.6653347e-13
1978-09-02,31.5,-25.0,1.6653347e-13
1978-09-03,31.5,-25.0,0.23549336
1978-09-04,31.5,-25.0,0.2806296
1978-09-05,31.5,-25.0,0.018643225
1978-09-06,31.5,-25.0,1.6653347e-13
1978-09-07,31.5,-25.0,1.6653347e-13
1978-09-08,31.5,-25.0,1.6653347e-13
1978-09-09,31.5,-25.0,0.9105744
1978-09-10,31.5,-25.0,1.6653347e-13
1978-09-11,31.5,-25.0,1.6653347e-13
1978-09-12,31.5,-25.0,0.0058873342
1978-09-13,31.5,-25.0,0.0058873333
1978-09-14,31.5,-25.0,0.08536634
1978-09-15,31.5,-25.0,0.044155005
1978-09-16,31.5,-25.0,1.6653347e-13
1978-09-17,31.5,-25.0,0.007849778
1978-09-18,31.5,-25.0,0.0039248895
1978-09-19,31.5,-25.0,1.6653347e-13
1978-09-20,31.5,-25.0,0.18741347
1978-09-21,31.5,-25.0,1.6653347e-13
1978-09-22,31.5,-25.0,1.6653347e-13
1978-09-23,31.5,-25.0,0.29240426
1978-09-24,31.5,-25.0,0.2943667
1978-09-25,31.5,-25.0,1.0037905
1978-09-26,31.5,-25.0,0.39347017
1978-09-27,31.5,-25.0,0.0019624445
1978-09-28,31.5,-25.0,0.026493002
1978-09-29,31.5,-25.0,0.033361558
1978-09-30,31.5,-25.0,1.5959456e-13
1978-10-01,31.5,-25.0,0.055281468
1978-10-02,31.5,-25.0,0.00534982
1978-10-03,31.5,-25.0,0.056173116
1978-10-04,31.5,-25.0,0.26927423
1978-10-05,31.5,-25.0,4.384177
1978-10-06,31.5,-25.0,0.030315645
1978-10-07,31.5,-25.0,0.1729775
1978-10-08,31.5,-25.0,0.07222257
1978-10-09,31.5,-25.0,1.8608456
1978-10-10,31.5,-25.0,0.036557104
1978-10-11,31.5,-25.0,0.18367715
1978-10-12,31.5,-25.0,1.2732573
1978-10-13,31.5,-25.0,0.7097428
1978-10-14,31.5,-25.0,0.0
1978-10-15,31.5,-25.0,9.5164385
1978-10-16,31.5,-25.0,0.6277122
1978-10-17,31.5,-25.0,1.1502112
1978-10-18,31.5,-25.0,1.6976762
1978-10-19,31.5,-25.0,1.7048094
1978-10-20,31.5,-25.0,3.0369148
1978-10-21,31.5,-25.0,0.00802473
1978-10-22,31.5,-25.0,0.0017832733
1978-10-23,31.5,-25.0,0.0
1978-10-24,31.5,-25.0,4.587471
1978-10-25,31.5,-25.0,0.07222257
1978-10-26,31.5,-25.0,0.0
1978-10-27,31.5,-25.0,0.0
1978-10-28,31.5,-25.0,0.06063129
1978-10-29,31.5,-25.0,0.0
1978-10-30,31.5,-25.0,0.18635207
1978-10-31,31.5,-25.0,0.06508947
1978-11-01,31.5,-25.0,1.6653347e-13
1978-11-02,31.5,-25.0,7.656637
1978-11-03,31.5,-25.0,52.375633
1978-11-04,31.5,-25.0,12.457296
1978-11-05,31.5,-25.0,0.3143403
1978-11-06,31.5,-25.0,0.5777325
1978-11-07,31.5,-25.0,1.6653347e-13
1978-11-08,31.5,-25.0,1.6937846
1978-11-09,31.5,-25.0,0.5402423
1978-11-10,31.5,-25.0,0.049025543
1978-11-11,31.5,-25.0,1.6653347e-13
1978-11-12,31.5,-25.0,32.274197
1978-11-13,31.5,-25.0,0.08267054
1978-11-14,31.5,-25.0,11.179749
1978-11-15,31.5,-25.0,0.6008033
1978-11-16,31.5,-25.0,0.02691599
1978-11-17,31.5,-25.0,1.6653347e-13
1978-11-18,31.5,-25.0,0.15188308
1978-11-19,31.5,-25.0,6.740533
1978-11-20,31.5,-25.0,0.21244405
1978-11-21,31.5,-25.0,0.7661444
1978-11-22,31.5,-25.0,0.28069532
1978-11-23,31.5,-25.0,1.6653347e-13
1978-11-24,31.5,-25.0,1.6653347e-13
1978-11-25,31.5,-25.0,11.104768
1978-11-26,31.5,-25.0,2.3186202
1978-11-27,31.5,-25.0,1.6653347e-13
1978-11-28,31.5,-25.0,1.6653347e-13
1978-11-29,31.5,-25.0,5.3543596
1978-11-30,31.5,-25.0,0.62005126
1978-12-01,31.5,-25.0,0.392851
1978-12-02,31.5,-25.0,0.062233828
1978-12-03,31.5,-25.0,0.06417863
1978-12-04,31.5,-25.0,10.781036
1978-12-05,31.5,-25.0,26.039022
1978-12-06,31.5,-25.0,22.01424
1978-12-07,31.5,-25.0,0.0019448071
1978-12-08,31.5,-25.0,2.6585512
1978-12-09,31.5,-25.0,0.3714581
1978-12-10,31.5,-25.0,0.26546615
1978-12-11,31.5,-25.0,2.3804436
1978-12-12,31.5,-25.0,0.0
1978-12-13,31.5,-25.0,0.0
1978-12-14,31.5,-25.0,0.0
1978-12-15,31.5,-25.0,0.061261423
1978-12-16,31.5,-25.0,0.0058344207
1978-12-17,31.5,-25.0,0.5737181
1978-12-18,31.5,-25.0,0.03889614
1978-12-19,31.5,-25.0,0.0
1978-12-20,31.5,-25.0,0.0
1978-12-21,31.5,-25.0,0.15363973
1978-12-22,31.5,-25.0,0.9762931
1978-12-23,31.5,-25.0,1.3331652
1978-12-24,31.5,-25.0,0.0058344207
1978-12-25,31.5,-25.0,0.0
1978-12-26,31.5,-25.0,0.0
1978-12-27,31.5,-25.0,0.0
1978-12-28,31.5,-25.0,0.054454595
1978-12-29,31.5,-25.0,0.0
1978-12-30,31.5,-25.0,0.0
1978-12-31,31.5,-25.0,1.7188711
1979-01-01,31.5,-25.0,0.088509664
1979-01-02,31.5,-25.0,22.171667
1979-01-03,31.5,-25.0,9.393086
1979-01-04,31.5,-25.0,0.0
1979-01-05,31.5,-25.0,0.002553163
1979-01-06,31.5,-25.0,3.6535764
1979-01-07,31.5,-25.0,2.7906072
1979-01-08,31.5,-25.0,0.64722687
1979-01-09,31.5,-25.0,0.061275914
1979-01-10,31.5,-25.0,0.0
1979-01-11,31.5,-25.0,0.0
1979-01-12,31.5,-25.0,1.2178589
1979-01-13,31.5,-25.0,3.6663423
1979-01-14,31.5,-25.0,7.317365
1979-01-15,31.5,-25.0,1.4425373
1979-01-16,31.5,-25.0,0.0
1979-01-17,31.5,-25.0,28.849468
1979-01-18,31.5,-25.0,1.5267916
1979-01-19,31.5,-25.0,0.13659424
1979-01-20,31.5,-25.0,0.93190444
1979-01-21,31.5,-25.0,8.255652
1979-01-22,31.5,-25.0,0.18638091
1979-01-23,31.5,-25.0,0.27446502
1979-01-24,31.5,-25.0,0.14425372
1979-01-25,31.5,-25.0,0.0
1979-01-26,31.5,-25.0,0.0
1979-01-27,31.5,-25.0,0.0
1979-01-28,31.5,-25.0,0.21191253
1979-01-29,31.5,-25.0,2.6910338
1979-01-30,31.5,-25.0,6.719926
1979-01-31,31.5,-25.0,14.228779
1979-02-01,31.5,-25.0,0.22060567
1979-02-02,31.5,-25.0,0.46204108
1979-02-03,31.5,-25.0,0.0028404165
1979-02-04,31.5,-25.0,0.0
1979-02-05,31.5,-25.0,0.017989304
1979-02-06,31.5,-25.0,0.114563465
1979-02-07,31.5,-25.0,0.23007372
1979-02-08,31.5,-25.0,0.49991333
1979-02-09,31.5,-25.0,0.17326541
1979-02-10,31.5,-25.0,0.0889997
1979-02-11,31.5,-25.0,0.013255276
1979-02-12,31.5,-25.0,0.0
1979-02-13,31.5,-25.0,0.0
1979-02-14,31.5,-25.0,0.062489167
1979-02-15,31.5,-25.0,2.4228754
1979-02-16,31.5,-25.0,0.0
1979-02-17,31.5,-25.0,1.9665151
1979-02-18,31.5,-25.0,0.017989304
1979-02-19,31.5,-25.0,23.984478
1979-02-20,31.5,-25.0,0.5595621
1979-02-21,31.5,-25.0,0.12497832
1979-02-22,31.5,-25.0,0.8218272
1979-02-23,31.5,-25.0,2.6198108
1979-02-24,31.5,-25.0,1.7203456
1979-02-25,31.5,-25.0,0.42038164
1979-02-26,31.5,-25.0,0.05302111
1979-02-27,31.5,-25.0,0.15906332
1979-02-28,31.5,-25.0,3.2153587
1979-03-01,31.5,-25.0,10.907028
1979-03-02,31.5,-25.0,12.289194
1979-03-03,31.5,-25.0,7.032493
1979-03-04,31.5,-25.0,0.1493991
1979-03-05,31.5,-25.0,8.3266734e-14
1979-03-06,31.5,-25.0,0.041151844
1979-03-07,31.5,-25.0,0.22544053
1979-03-08,31.5,-25.0,0.10556345
1979-03-09,31.5,-25.0,8.3266734e-14
1979-03-10,31.5,-25.0,0.11361487
1979-03-11,31.5,-25.0,8.3266734e-14
1979-03-12,31.5,-25.0,0.35247454
1979-03-13,31.5,-25.0,0.46430016
1979-03-14,31.5,-25.0,0.653062
1979-03-15,31.5,-25.0,0.019681318
1979-03-16,31.5,-25.0,8.3266734e-14
1979-03-17,31.5,-25.0,8.3266734e-14
1979-03-18,31.5,-25.0,0.21559986
1979-03-19,31.5,-25.0,0.111825675
1979-03-20,31.5,-25.0,0.4490919
1979-03-21,31.5,-25.0,0.09751199
1979-03-22,31.5,-25.0,2.5183141
1979-03-23,31.5,-25.0,0.016997501
1979-03-24,31.5,-25.0,0.051887117
1979-03-25,31.5,-25.0,0.8543481
1979-03-26,31.5,-25.0,0.16102897
1979-03-27,31.5,-25.0,2.344761
1979-03-28,31.5,-25.0,0.99480116
1979-03-29,31.5,-25.0,14.30653
1979-03-30,31.5,-25.0,0.051887117
1979-03-31,31.5,-25.0,0.002683816
1979-04-01,31.5,-25.0,1.3169916
1979-04-02,31.5,-25.0,0.9428265
1979-04-03,31.5,-25.0,3.9265537
1979-04-04,31.5,-25.0,0.65151834
1979-04-05,31.5,-25.0,8.3266734e-14
1979-04-06,31.5,-25.0,0.00087217975
1979-04-07,31.5,-25.0,0.3349171
1979-04-08,31.5,-25.0,0.13606006
1979-04-09,31.5,-25.0,0.017443597
1979-04-10,31.5,-25.0,8.3266734e-14
1979-04-11,31.5,-25.0,8.3266734e-14
1979-04-12,31.5,-25.0,8.3266734e-14
1979-04-13,31.5,-25.0,0.06803003
1979-04-14,31.5,-25.0,2.7578325
1979-04-15,31.5,-25.0,18.516378
1979-04-16,31.5,-25.0,1.2821044
1979-04-17,31.5,-25.0,8.3266734e-14
1979-04-18,31.5,-25.0,8.3266734e-14
1979-04-19,31.5,-25.0,0.052330784
1979-04-20,31.5,-25.0,2.3915172
1979-04-21,31.5,-25.0,4.424568
1979-04-22,31.5,-25.0,0.22066149
1979-04-23,31.5,-25.0,8.3266734e-14
1979-04-24,31.5,-25.0,1.2646608
1979-04-25,31.5,-25.0,0.012210518
1979-04-26,31.5,-25.0,0.0026165398
1979-04-27,31.5,-25.0,0.36108246
1979-04-28,31.5,-25.0,0.00087217975
1979-04-29,31.5,-25.0,8.3266734e-14
1979-04-30,31.5,-25.0,7.979728e-14
1979-05-01,31.5,-25.0,0.0
1979-05-02,31.5,-25.0,0.0
1979-05-03,31.5,-25.0,0.0
1979-05-04,31.5,-25.0,0.36999977
1979-05-05,31.5,-25.0,0.8692459
1979-05-06,31.5,-25.0,0.05659813
1979-05-07,31.5,-25.0,5.2095623
1979-05-08,31.5,-25.0,4.8150654
1979-05-09,31.5,-25.0,0.0008447483
1979-05-10,31.5,-25.0,0.04646115
1979-05-11,31.5,-25.0,0.23399526
1979-05-12,31.5,-25.0,0.007602734
1979-05-13,31.5,-25.0,0.0
1979-05-14,31.5,-25.0,0.0025342447
1979-05-15,31.5,-25.0,0.0
1979-05-16,31.5,-25.0,0.0008447483
1979-05-17,31.5,-25.0,0.0008447483
1979-05-18,31.5,-25.0,0.0
1979-05-19,31.5,-25.0,0.33452028
1979-05-20,31.5,-25.0,0.0
1979-05-21,31.5,-25.0,0.0
1979-05-22,31.5,-25.0,0.026187193
1979-05-23,31.5,-25.0,0.05490863
1979-05-24,31.5,-25.0,0.005913238
1979-05-25,31.5,-25.0,0.0
1979-05-26,31.5,-25.0,0.8667117
1979-05-27,31.5,-25.0,0.0
1979-05-28,31.5,-25.0,0.0
1979-05-29,31.5,-25.0,0.0
1979-05-30,31.5,-25.0,0.0
1979-05-31,31.5,-25.0,0.07694572
1979-06-01,31.5,-25.0,0.19802001
1979-06-02,31.5,-25.0,0.008736176
1979-06-03,31.5,-25.0,0.17375284
1979-06-04,31.5,-25.0,0.0009706864
1979-06-05,31.5,-25.0,-1.6653347e-13
1979-06-06,31.5,-25.0,-1.6653347e-13
1979-06-07,31.5,-25.0,0.0009706864
1979-06-08,31.5,-25.0,0.020384412
1979-06-09,31.5,-25.0,-1.6653347e-13
1979-06-10,31.5,-25.0,-1.6653347e-13
1979-06-11,31.5,-25.0,-1.6653347e-13
1979-06-12,31.5,-25.0,0.019413725
1979-06-13,31.5,-25.0,-1.6653347e-13
1979-06-14,31.5,-25.0,0.24655432
1979-06-15,31.5,-25.0,-1.6653347e-13
1979-06-16,31.5,-25.0,0.13783745
1979-06-17,31.5,-25.0,0.7503406
1979-06-18,31.5,-25.0,0.03882745
1979-06-19,31.5,-25.0,-1.6653347e-13
1979-06-20,31.5,-25.0,-1.6653347e-13
1979-06-21,31.5,-25.0,0.085420385
1979-06-22,31.5,-25.0,0.027179219
1979-06-23,31.5,-25.0,0.0067948047
1979-06-24,31.5,-25.0,-1.6653347e-13
1979-06-25,31.5,-25.0,-1.6653347e-13
1979-06-26,31.5,-25.0,-1.6653347e-13
1979-06-27,31.5,-25.0,0.0019413728
1979-06-28,31.5,-25.0,-1.6653347e-13
1979-06-29,31.5,-25.0,-1.6653347e-13
1979-06-30,31.5,-25.0,-1.5265568e-13
1979-07-01,31.5,-25.0,0.041553617
1979-07-02,31.5,-25.0,1.2535341
1979-07-03,31.5,-25.0,1.2812364
1979-07-04,31.5,-25.0,1.6653347e-13
1979-07-05,31.5,-25.0,1.6653347e-13
1979-07-06,31.5,-25.0,1.6653347e-13
1979-07-07,31.5,-25.0,0.08805408
1979-07-08,31.5,-25.0,0.65100664
1979-07-09,31.5,-25.0,0.24041733
1979-07-10,31.5,-25.0,0.14642702
1979-07-11,31.5,-25.0,1.6653347e-13
1979-07-12,31.5,-25.0,1.6653347e-13
1979-07-13,31.5,-25.0,1.6653347e-13
1979-07-14,31.5,-25.0,1.6653347e-13
1979-07-15,31.5,-25.0,1.6653347e-13
1979-07-16,31.5,-25.0,0.0009893717
1979-07-17,31.5,-25.0,1.6653347e-13
1979-07-18,31.5,-25.0,1.6653347e-13
1979-07-19,31.5,-25.0,0.00593623
1979-07-20,31.5,-25.0,1.6653347e-13
1979-07-21,31.5,-25.0,0.16126761
1979-07-22,31.5,-25.0,1.6653347e-13
1979-07-23,31.5,-25.0,1.6653347e-13
1979-07-24,31.5,-25.0,1.6653347e-13
1979-07-25,31.5,-25.0,1.6653347e-13
1979-07-26,31.5,-25.0,1.6653347e-13
1979-07-27,31.5,-25.0,1.6653347e-13
1979-07-28,31.5,-25.0,1.6653347e-13
1979-07-29,31.5,-25.0,0.35914195
1979-07-30,31.5,-25.0,0.0009893717
1979-07-31,31.5,-25.0,1.5959456e-13
1979-08-01,31.5,-25.0,0.0
1979-08-02,31.5,-25.0,0.0
1979-08-03,31.5,-25.0,0.0
1979-08-04,31.5,-25.0,0.0
1979-08-05,31.5,-25.0,0.0
1979-08-06,31.5,-25.0,0.0
1979-08-07,31.5,-25.0,0.0
1979-08-08,31.5,-25.0,0.002069552
1979-08-09,31.5,-25.0,0.29801548
1979-08-10,31.5,-25.0,0.011382534
1979-08-11,31.5,-25.0,0.002069552
1979-08-12,31.5,-25.0,1.689789
1979-08-13,31.5,-25.0,0.52049226
1979-08-14,31.5,-25.0,2.1802726
1979-08-15,31.5,-25.0,0.036217157
1979-08-16,31.5,-25.0,0.0
1979-08-17,31.5,-25.0,0.47599688
1979-08-18,31.5,-25.0,0.44909272
1979-08-19,31.5,-25.0,0.57947445
1979-08-20,31.5,-25.0,2.1947594
1979-08-21,31.5,-25.0,0.14900774
1979-08-22,31.5,-25.0,0.0
1979-08-23,31.5,-25.0,0.22351158
1979-08-24,31.5,-25.0,6.0689607
1979-08-25,31.5,-25.0,0.11175579
1979-08-26,31.5,-25.0,0.08381685
1979-08-27,31.5,-25.0,11.021399
1979-08-28,31.5,-25.0,0.10554714
1979-08-29,31.5,-25.0,0.48117077
1979-08-30,31.5,-25.0,2.978085
1979-08-31,31.5,-25.0,0.6064081
1979-09-01,31.5,-25.0,0.5884801
1979-09-02,31.5,-25.0,1.0619578
1979-09-03,31.5,-25.0,0.661004
1979-09-04,31.5,-25.0,0.13468735
1979-09-05,31.5,-25.0,0.009324508
1979-09-06,31.5,-25.0,1.6653347e-13
1979-09-07,31.5,-25.0,0.3097809
1979-09-08,31.5,-25.0,0.007252395
1979-09-09,31.5,-25.0,1.6653347e-13
1979-09-10,31.5,-25.0,1.6653347e-13
1979-09-11,31.5,-25.0,1.6653347e-13
1979-09-12,31.5,-25.0,1.6653347e-13
1979-09-13,31.5,-25.0,0.9821815
1979-09-14,31.5,-25.0,0.048694648
1979-09-15,31.5,-25.0,1.6653347e-13
1979-09-16,31.5,-25.0,0.02590141
1979-09-17,31.5,-25.0,0.039370146
1979-09-18,31.5,-25.0,0.9034412
1979-09-19,31.5,-25.0,1.4225055
1979-09-20,31.5,-25.0,0.088064805
1979-09-21,31.5,-25.0,1.6653347e-13
1979-09-22,31.5,-25.0,1.6653347e-13
1979-09-23,31.5,-25.0,0.2289685
1979-09-24,31.5,-25.0,1.046417
1979-09-25,31.5,-25.0,0.1523003
1979-09-26,31.5,-25.0,1.3334047
1979-09-27,31.5,-25.0,0.07666818
1979-09-28,31.5,-25.0,1.6653347e-13
1979-09-29,31.5,-25.0,0.01139662
1979-09-30,31.5,-25.0,0.021757185
1979-10-01,31.5,-25.0,0.0
1979-10-02,31.5,-25.0,0.7103723
1979-10-03,31.5,-25.0,0.03148978
1979-10-04,31.5,-25.0,0.0074093584
1979-10-05,31.5,-25.0,0.4751252
1979-10-06,31.5,-25.0,0.057422534
1979-10-07,31.5,-25.0,0.79835856
1979-10-08,31.5,-25.0,0.0
1979-10-09,31.5,-25.0,0.0
1979-10-10,31.5,-25.0,0.023154248
1979-10-11,31.5,-25.0,0.39176983
1979-10-12,31.5,-25.0,0.13429464
1979-10-13,31.5,-25.0,0.012040209
1979-10-14,31.5,-25.0,0.20838824
1979-10-15,31.5,-25.0,3.2841983
1979-10-16,31.5,-25.0,1.1262227
1979-10-17,31.5,-25.0,0.040751476
1979-10-18,31.5,-25.0,0.0
1979-10-19,31.5,-25.0,0.5390309
1979-10-20,31.5,-25.0,6.328519
1979-10-21,31.5,-25.0,23.248716
1979-10-22,31.5,-25.0,3.7648807
1979-10-23,31.5,-25.0,0.018523399
1979-10-24,31.5,-25.0,0.0
1979-10-25,31.5,-25.0,0.0
1979-10-26,31.5,-25.0,0.4936486
1979-10-27,31.5,-25.0,0.0
1979-10-28,31.5,-25.0,2.2894921
1979-10-29,31.5,-25.0,0.08613381
1979-10-30,31.5,-25.0,0.027785098
1979-10-31,31.5,-25.0,0.0009261699
1979-11-01,31.5,-25.0,1.6653347e-13
1979-11-02,31.5,-25.0,0.00629632
1979-11-03,31.5,-25.0,0.02518528
1979-11-04,31.5,-25.0,1.6653347e-13
1979-11-05,31.5,-25.0,0.64222467
1979-11-06,31.5,-25.0,0.34314942
1979-11-07,31.5,-25.0,0.032530982
1979-11-08,31.5,-25.0,4.2846456
1979-11-09,31.5,-25.0,13.562273
1979-11-10,31.5,-25.0,0.3452482
1979-11-11,31.5,-25.0,0.5866071
1979-11-12,31.5,-25.0,0.11018558
1979-11-13,31.5,-25.0,0.10074112
1979-11-14,31.5,-25.0,0.91401565
1979-11-15,31.5,-25.0,1.5142651
1979-11-16,31.5,-25.0,0.33370495
1979-11-17,31.5,-25.0,0.016790185
1979-11-18,31.5,-25.0,0.14271659
1979-11-19,31.5,-25.0,0.8825342
1979-11-20,31.5,-25.0,0.0041975467
1979-11-21,31.5,-25.0,0.8437069
1979-11-22,31.5,-25.0,0.15530923
1979-11-23,31.5,-25.0,0.54777986
1979-11-24,31.5,-25.0,27.318684
1979-11-25,31.5,-25.0,13.932707
1979-11-26,31.5,-25.0,5.6373053
1979-11-27,31.5,-25.0,4.1356325
1979-11-28,31.5,-25.0,1.6653347e-13
1979-11-29,31.5,-25.0,1.6653347e-13
1979-11-30,31.5,-25.0,1.6653347e-13
1979-12-01,31.5,-25.0,1.3473113
1979-12-02,31.5,-25.0,0.30581826
1979-12-03,31.5,-25.0,26.76444
1979-12-04,31.5,-25.0,26.139973
1979-12-05,31.5,-25.0,0.19461161
1979-12-06,31.5,-25.0,0.34965932
1979-12-07,31.5,-25.0,1.6653347e-13
1979-12-08,31.5,-25.0,1.6653347e-13
1979-12-09,31.5,-25.0,1.5622394
1979-12-10,31.5,-25.0,0.11976099
1979-12-11,31.5,-25.0,0.08126639
1979-12-12,31.5,-25.0,16.331337
1979-12-13,31.5,-25.0,5.0770106
1979-12-14,31.5,-25.0,0.10158299
1979-12-15,31.5,-25.0,0.023524482
1979-12-16,31.5,-25.0,0.0010692945
1979-12-17,31.5,-25.0,0.058811203
1979-12-18,31.5,-25.0,0.0032078836
1979-12-19,31.5,-25.0,0.275878
1979-12-20,31.5,-25.0,0.002138589
1979-12-21,31.5,-25.0,1.0543245
1979-12-22,31.5,-25.0,0.294056
1979-12-23,31.5,-25.0,0.6597547
1979-12-24,31.5,-25.0,1.6653347e-13
1979-12-25,31.5,-25.0,1.9536012
1979-12-26,31.5,-25.0,9.101835
1979-12-27,31.5,-25.0,4.203397
1979-12-28,31.5,-25.0,1.6653347e-13
1979-12-29,31.5,-25.0,1.6653347e-13
1979-12-30,31.5,-25.0,1.0254533
1979-12-31,31.5,-25.0,1.5959456e-13
1980-01-01,31.5,-25.0,0.0
1980-01-02,31.5,-25.0,0.0029139798
1980-01-03,31.5,-25.0,0.06605021
1980-01-04,31.5,-25.0,2.4050047
1980-01-05,31.5,-25.0,9.960955
1980-01-06,31.5,-25.0,19.427505
1980-01-07,31.5,-25.0,1.2403841
1980-01-08,31.5,-25.0,1.1675346
1980-01-09,31.5,-25.0,0.0
1980-01-10,31.5,-25.0,0.009713266
1980-01-11,31.5,-25.0,0.0728495
1980-01-12,31.5,-25.0,0.0
1980-01-13,31.5,-25.0,0.8421402
1980-01-14,31.5,-25.0,2.3651803
1980-01-15,31.5,-25.0,0.03788174
1980-01-16,31.5,-25.0,0.03788174
1980-01-17,31.5,-25.0,0.9179036
1980-01-18,31.5,-25.0,0.1680395
1980-01-19,31.5,-25.0,0.023311839
1980-01-20,31.5,-25.0,0.065078884
1980-01-21,31.5,-25.0,0.07576348
1980-01-22,31.5,-25.0,2.676976
1980-01-23,31.5,-25.0,0.54491425
1980-01-24,31.5,-25.0,0.13015775
1980-01-25,31.5,-25.0,0.0009713266
1980-01-26,31.5,-25.0,0.0
1980-01-27,31.5,-25.0,0.0
1980-01-28,31.5,-25.0,0.291398
1980-01-29,31.5,-25.0,4.158249
1980-01-30,31.5,-25.0,7.1363363
1980-01-31,31.5,-25.0,0.36109912
1980-02-01,31.5,-25.0,0.07913071
1980-02-02,31.5,-25.0,0.035797223
1980-02-03,31.5,-25.0,0.6481182
1980-02-04,31.5,-25.0,6.2663984
1980-02-05,31.5,-25.0,1.7286291
1980-02-06,31.5,-25.0,0.0018840646
1980-02-07,31.5,-25.0,0.12905842
1980-02-08,31.5,-25.0,0.0056521934
1980-02-09,31.5,-25.0,11.16685
1980-02-10,31.5,-25.0,8.540464
1980-02-11,31.5,-25.0,8.483001
1980-02-12,31.5,-25.0,3.6984186
1980-02-13,31.5,-25.0,0.69427776
1980-02-14,31.5,-25.0,1.1436272
1980-02-15,31.5,-25.0,0.0009420323
1980-02-16,31.5,-25.0,0.7150025
1980-02-17,31.5,-25.0,5.9677744
1980-02-18,31.5,-25.0,2.3466022
1980-02-19,31.5,-25.0,25.692047
1980-02-20,31.5,-25.0,9.235683
1980-02-21,31.5,-25.0,1.8642817
1980-02-22,31.5,-25.0,2.394646
1980-02-23,31.5,-25.0,1.3065987
1980-02-24,31.5,-25.0,5.0021915
1980-02-25,31.5,-25.0,12.117361
1980-02-26,31.5,-25.0,3.760593
1980-02-27,31.5,-25.0,2.5255885
1980-02-28,31.5,-25.0,8.025173
1980-02-29,31.5,-25.0,2.672625
1980-03-01,31.5,-25.0,0.8206899
1980-03-02,31.5,-25.0,2.221192
1980-03-03,31.5,-25.0,0.01811913
1980-03-04,31.5,-25.0,1.8534801
1980-03-05,31.5,-25.0,1.0434486
1980-03-06,31.5,-25.0,0.48175567
1980-03-07,31.5,-25.0,0.4945456
1980-03-08,31.5,-25.0,0.27818188
1980-03-09,31.5,-25.0,1.5571793
1980-03-10,31.5,-25.0,0.8771789
1980-03-11,31.5,-25.0,0.002131662
1980-03-12,31.5,-25.0,0.18012547
1980-03-13,31.5,-25.0,0.3741067
1980-03-14,31.5,-25.0,0.019184958
1980-03-15,31.5,-25.0,1.3258938
1980-03-16,31.5,-25.0,2.5899694
1980-03-17,31.5,-25.0,1.2086524
1980-03-18,31.5,-25.0,4.6704717
1980-03-19,31.5,-25.0,1.3354863
1980-03-20,31.5,-25.0,0.43059576
1980-03-21,31.5,-25.0,0.65655196
1980-03-22,31.5,-25.0,0.001065831
1980-03-23,31.5,-25.0,0.038369916
1980-03-24,31.5,-25.0,0.013855803
1980-03-25,31.5,-25.0,0.095924795
1980-03-26,31.5,-25.0,0.002131662
1980-03-27,31.5,-25.0,0.19291542
1980-03-28,31.5,-25.0,0.6629469
1980-03-29,31.5,-25.0,2.6858945
1980-03-30,31.5,-25.0,2.806333
1980-03-31,31.5,-25.0,0.030909099
1980-04-01,31.5,-25.0,0.9513918
1980-04-02,31.5,-25.0,1.1857247
1980-04-03,31.5,-25.0,0.7601761
1980-04-04,31.5,-25.0,0.013122644
1980-04-05,31.5,-25.0,0.017809303
1980-04-06,31.5,-25.0,0.023433294
1980-04-07,31.5,-25.0,5.085025
1980-04-08,31.5,-25.0,4.9388013
1980-04-09,31.5,-25.0,0.04311726
1980-04-10,31.5,-25.0,0.044054598
1980-04-11,31.5,-25.0,3.743703
1980-04-12,31.5,-25.0,0.206213
1980-04-13,31.5,-25.0,0.0056239907
1980-04-14,31.5,-25.0,0.0
1980-04-15,31.5,-25.0,0.0009373318
1980-04-16,31.5,-25.0,0.0028119953
1980-04-17,31.5,-25.0,0.80610526
1980-04-18,31.5,-25.0,0.07029988
1980-04-19,31.5,-25.0,0.20340098
1980-04-20,31.5,-25.0,0.0018746636
1980-04-21,31.5,-25.0,0.0
1980-04-22,31.5,-25.0,0.0
1980-04-23,31.5,-25.0,0.0056239907
1980-04-24,31.5,-25.0,0.032806613
1980-04-25,31.5,-25.0,0.047803923
1980-04-26,31.5,-25.0,0.1002945
1980-04-27,31.5,-25.0,0.18840368
1980-04-28,31.5,-25.0,0.32900345
1980-04-29,31.5,-25.0,0.0009373318
1980-04-30,31.5,-25.0,0.0
1980-05-01,31.5,-25.0,0.0
1980-05-02,31.5,-25.0,0.0
1980-05-03,31.5,-25.0,0.0
1980-05-04,31.5,-25.0,0.12179394
1980-05-05,31.5,-25.0,0.0
1980-05-06,31.5,-25.0,0.0
1980-05-07,31.5,-25.0,0.2888564
1980-05-08,31.5,-25.0,1.9928937
1980-05-09,31.5,-25.0,0.0
1980-05-10,31.5,-25.0,0.0
1980-05-11,31.5,-25.0,0.0
1980-05-12,31.5,-25.0,0.0
1980-05-13,31.5,-25.0,0.0
1980-05-14,31.5,-25.0,0.033412494
1980-05-15,31.5,-25.0,0.024789918
1980-05-16,31.5,-25.0,0.0
1980-05-17,31.5,-25.0,0.0
1980-05-18,31.5,-25.0,0.11640481
1980-05-19,31.5,-25.0,0.036645964
1980-05-20,31.5,-25.0,2.2720494
1980-05-21,31.5,-25.0,1.3645232
1980-05-22,31.5,-25.0,0.047424182
1980-05-23,31.5,-25.0,0.0
1980-05-24,31.5,-25.0,0.0
1980-05-25,31.5,-25.0,0.0064669345
1980-05-26,31.5,-25.0,0.0
1980-05-27,31.5,-25.0,0.016167335
1980-05-28,31.5,-25.0,0.0
1980-05-29,31.5,-25.0,0.0
1980-05-30,31.5,-25.0,0.0032334672
1980-05-31,31.5,-25.0,0.0
1980-06-01,31.5,-25.0,0.0
1980-06-02,31.5,-25.0,0.0
1980-06-03,31.5,-25.0,0.0
1980-06-04,31.5,-25.0,0.08055561
1980-06-05,31.5,-25.0,0.038243573
1980-06-06,31.5,-25.0,0.000813693
1980-06-07,31.5,-25.0,0.0
1980-06-08,31.5,-25.0,0.0
1980-06-09,31.5,-25.0,0.0
1980-06-10,31.5,-25.0,0.0
1980-06-11,31.5,-25.0,0.0056958515
1980-06-12,31.5,-25.0,0.000813693
1980-06-13,31.5,-25.0,0.0
1980-06-14,31.5,-25.0,0.0
1980-06-15,31.5,-25.0,0.0
1980-06-16,31.5,-25.0,0.021156019
1980-06-17,31.5,-25.0,0.0
1980-06-18,31.5,-25.0,0.0
1980-06-19,31.5,-25.0,0.0
1980-06-20,31.5,-25.0,0.0
1980-06-21,31.5,-25.0,0.0
1980-06-22,31.5,-25.0,0.0
1980-06-23,31.5,-25.0,0.0
1980-06-24,31.5,-25.0,0.0
1980-06-25,31.5,-25.0,0.0
1980-06-26,31.5,-25.0,0.0
1980-06-27,31.5,-25.0,0.0
1980-06-28,31.5,-25.0,0.0
1980-06-29,31.5,-25.0,0.0
1980-06-30,31.5,-25.0,-3.469447e-15
1980-07-01,31.5,-25.0,0.0009101184
1980-07-02,31.5,-25.0,0.0018202368
1980-07-03,31.5,-25.0,-8.3266734e-14
1980-07-04,31.5,-25.0,-8.3266734e-14
1980-07-05,31.5,-25.0,-8.3266734e-14
1980-07-06,31.5,-25.0,-8.3266734e-14
1980-07-07,31.5,-25.0,0.4805425
1980-07-08,31.5,-25.0,0.8336686
1980-07-09,31.5,-25.0,0.41501397
1980-07-10,31.5,-25.0,-8.3266734e-14
1980-07-11,31.5,-25.0,-8.3266734e-14
1980-07-12,31.5,-25.0,-8.3266734e-14
1980-07-13,31.5,-25.0,-8.3266734e-14
1980-07-14,31.5,-25.0,0.0018202368
1980-07-15,31.5,-25.0,0.0018202368
1980-07-16,31.5,-25.0,0.038224977
1980-07-17,31.5,-25.0,0.013651776
1980-07-18,31.5,-25.0,-8.3266734e-14
1980-07-19,31.5,-25.0,-8.3266734e-14
1980-07-20,31.5,-25.0,-8.3266734e-14
1980-07-21,31.5,-25.0,0.0018202368
1980-07-22,31.5,-25.0,-8.3266734e-14
1980-07-23,31.5,-25.0,0.009101184
1980-07-24,31.5,-25.0,0.0018202368
1980-07-25,31.5,-25.0,0.09738267
1980-07-26,31.5,-25.0,0.10284338
1980-07-27,31.5,-25.0,2.0068111
1980-07-28,31.5,-25.0,2.8959968
1980-07-29,31.5,-25.0,-8.3266734e-14
1980-07-30,31.5,-25.0,-8.3266734e-14
1980-07-31,31.5,-25.0,-7.632784e-14
1980-08-01,31.5,-25.0,0.0008888572
1980-08-02,31.5,-25.0,0.111995995
1980-08-03,31.5,-25.0,0.007999714
1980-08-04,31.5,-25.0,0.0017777144
1980-08-05,31.5,-25.0,4.8087173
1980-08-06,31.5,-25.0,1.7626038
1980-08-07,31.5,-25.0,0.39376372
1980-08-08,31.5,-25.0,8.3266734e-14
1980-08-09,31.5,-25.0,8.3266734e-14
1980-08-10,31.5,-25.0,0.39376372
1980-08-11,31.5,-25.0,0.06310886
1980-08-12,31.5,-25.0,8.3266734e-14
1980-08-13,31.5,-25.0,8.3266734e-14
1980-08-14,31.5,-25.0,8.3266734e-14
1980-08-15,31.5,-25.0,8.3266734e-14
1980-08-16,31.5,-25.0,8.3266734e-14
1980-08-17,31.5,-25.0,0.019554857
1980-08-18,31.5,-25.0,0.11555142
1980-08-19,31.5,-25.0,8.3266734e-14
1980-08-20,31.5,-25.0,0.08888571
1980-08-21,31.5,-25.0,0.008888571
1980-08-22,31.5,-25.0,8.3266734e-14
1980-08-23,31.5,-25.0,8.3266734e-14
1980-08-24,31.5,-25.0,8.3266734e-14
1980-08-25,31.5,-25.0,0.55464685
1980-08-26,31.5,-25.0,0.063108854
1980-08-27,31.5,-25.0,0.011555143
1980-08-28,31.5,-25.0,2.3412497
1980-08-29,31.5,-25.0,0.15377228
1980-08-30,31.5,-25.0,0.029332284
1980-08-31,31.5,-25.0,7.979728e-14
1980-09-01,31.5,-25.0,0.0
1980-09-02,31.5,-25.0,0.0
1980-09-03,31.5,-25.0,0.005308199
1980-09-04,31.5,-25.0,0.40023825
1980-09-05,31.5,-25.0,0.0
1980-09-06,31.5,-25.0,0.0
1980-09-07,31.5,-25.0,0.10616399
1980-09-08,31.5,-25.0,6.0481615
1980-09-09,31.5,-25.0,51.25279
1980-09-10,31.5,-25.0,2.7008119
1980-09-11,31.5,-25.0,0.00318492
1980-09-12,31.5,-25.0,0.02229444
1980-09-13,31.5,-25.0,0.09342431
1980-09-14,31.5,-25.0,0.5021557
1980-09-15,31.5,-25.0,0.19109519
1980-09-16,31.5,-25.0,0.113595486
1980-09-17,31.5,-25.0,0.0
1980-09-18,31.5,-25.0,0.83657223
1980-09-19,31.5,-25.0,0.009554759
1980-09-20,31.5,-25.0,0.0
1980-09-21,31.5,-25.0,0.0
1980-09-22,31.5,-25.0,0.59027183
1980-09-23,31.5,-25.0,0.42571762
1980-09-24,31.5,-25.0,0.009554759
1980-09-25,31.5,-25.0,0.3938684
1980-09-26,31.5,-25.0,0.0010616397
1980-09-27,31.5,-25.0,0.95866084
1980-09-28,31.5,-25.0,1.3079404
1980-09-29,31.5,-25.0,2.44071
1980-09-30,31.5,-25.0,0.030668736
1980-10-01,31.5,-25.0,0.0009428181
1980-10-02,31.5,-25.0,0.0
1980-10-03,31.5,-25.0,0.0056569083
1980-10-04,31.5,-25.0,0.076368265
1980-10-05,31.5,-25.0,0.0
1980-10-06,31.5,-25.0,0.08485363
1980-10-07,31.5,-25.0,0.009428181
1980-10-08,31.5,-25.0,0.009428181
1980-10-09,31.5,-25.0,0.008485362
1980-10-10,31.5,-25.0,0.26870316
1980-10-11,31.5,-25.0,0.10653844
1980-10-12,31.5,-25.0,0.06128317
1980-10-13,31.5,-25.0,0.19893458
1980-10-14,31.5,-25.0,0.0
1980-10-15,31.5,-25.0,0.0
1980-10-16,31.5,-25.0,0.0
1980-10-17,31.5,-25.0,0.331872
1980-10-18,31.5,-25.0,7.120163
1980-10-19,31.5,-25.0,6.183001
1980-10-20,31.5,-25.0,0.046198085
1980-10-21,31.5,-25.0,0.066940084
1980-10-22,31.5,-25.0,3.649649
1980-10-23,31.5,-25.0,3.083015
1980-10-24,31.5,-25.0,0.84476507
1980-10-25,31.5,-25.0,0.23193325
1980-10-26,31.5,-25.0,8.029039
1980-10-27,31.5,-25.0,1.8469808
1980-10-28,31.5,-25.0,0.0
1980-10-29,31.5,-25.0,0.33564323
1980-10-30,31.5,-25.0,0.008485362
1980-10-31,31.5,-25.0,0.06128318
1980-11-01,31.5,-25.0,0.4227916
1980-11-02,31.5,-25.0,2.6974535
1980-11-03,31.5,-25.0,0.18443204
1980-11-04,31.5,-25.0,-1.6653347e-13
1980-11-05,31.5,-25.0,0.53603935
1980-11-06,31.5,-25.0,-1.6653347e-13
1980-11-07,31.5,-25.0,25.181984
1980-11-08,31.5,-25.0,1.1799338
1980-11-09,31.5,-25.0,0.12295471
1980-11-10,31.5,-25.0,-1.6653347e-13
1980-11-11,31.5,-25.0,0.37533537
1980-11-12,31.5,-25.0,0.1380544
1980-11-13,31.5,-25.0,0.05932025
1980-11-14,31.5,-25.0,0.31385806
1980-11-15,31.5,-25.0,1.639396
1980-11-16,31.5,-25.0,0.0819698
1980-11-17,31.5,-25.0,-1.6653347e-13
1980-11-18,31.5,-25.0,-1.6653347e-13
1980-11-19,31.5,-25.0,5.391672
1980-11-20,31.5,-25.0,9.81804
1980-11-21,31.5,-25.0,13.966144
1980-11-22,31.5,-25.0,4.164282
1980-11-23,31.5,-25.0,6.148814
1980-11-24,31.5,-25.0,12.358026
1980-11-25,31.5,-25.0,10.0283575
1980-11-26,31.5,-25.0,1.6577314
1980-11-27,31.5,-25.0,0.67948645
1980-11-28,31.5,-25.0,5.208318
1980-11-29,31.5,-25.0,14.922818
1980-11-30,31.5,-25.0,0.0150997
1980-12-01,31.5,-25.0,0.1630485
1980-12-02,31.5,-25.0,0.6635456
1980-12-03,31.5,-25.0,0.3725349
1980-12-04,31.5,-25.0,0.43754792
1980-12-05,31.5,-25.0,0.59337276
1980-12-06,31.5,-25.0,0.04643787
1980-12-07,31.5,-25.0,0.0
1980-12-08,31.5,-25.0,0.4561231
1980-12-09,31.5,-25.0,0.18368757
1980-12-10,31.5,-25.0,0.44786745
1980-12-11,31.5,-25.0,0.50462484
1980-12-12,31.5,-25.0,47.826878
1980-12-13,31.5,-25.0,55.703773
1980-12-14,31.5,-25.0,15.27909
1980-12-15,31.5,-25.0,25.87415
1980-12-16,31.5,-25.0,8.916071
1980-12-17,31.5,-25.0,5.300109
1980-12-18,31.5,-25.0,0.8916072
1980-12-19,31.5,-25.0,0.56963784
1980-12-20,31.5,-25.0,0.0
1980-12-21,31.5,-25.0,3.97921
1980-12-22,31.5,-25.0,2.0236592
1980-12-23,31.5,-25.0,0.2982343
1980-12-24,31.5,-25.0,1.6253253
1980-12-25,31.5,-25.0,8.3722315
1980-12-26,31.5,-25.0,2.6645017
1980-12-27,31.5,-25.0,1.3312188
1980-12-28,31.5,-25.0,0.48192188
1980-12-29,31.5,-25.0,0.15995267
1980-12-30,31.5,-25.0,0.058821302
1980-12-31,31.5,-25.0,0.10629113
1981-01-01,31.5,-25.0,0.0
1981-01-02,31.5,-25.0,0.0
1981-01-03,31.5,-25.0,0.0
1981-01-04,31.5,-25.0,2.9086366
1981-01-05,31.5,-25.0,2.950204
1981-01-06,31.5,-25.0,1.6717075
1981-01-07,31.5,-25.0,1.2582744
1981-01-08,31.5,-25.0,0.37523538
1981-01-09,31.5,-25.0,10.400986
1981-01-10,31.5,-25.0,0.21795112
1981-01-11,31.5,-25.0,0.19435845
1981-01-12,31.5,-25.0,6.3722606
1981-01-13,31.5,-25.0,1.5953121
1981-01-14,31.5,-25.0,4.3006024
1981-01-15,31.5,-25.0,0.040444534
1981-01-16,31.5,-25.0,0.0
1981-01-17,31.5,-25.0,0.0
1981-01-18,31.5,-25.0,6.7789536
1981-01-19,31.5,-25.0,1.1695212
1981-01-20,31.5,-25.0,0.093247116
1981-01-21,31.5,-25.0,17.348457
1981-01-22,31.5,-25.0,14.598229
1981-01-23,31.5,-25.0,0.07751869
1981-01-24,31.5,-25.0,11.646902
1981-01-25,31.5,-25.0,6.89804
1981-01-26,31.5,-25.0,5.8588405
1981-01-27,31.5,-25.0,1.8694364
1981-01-28,31.5,-25.0,12.332212
1981-01-29,31.5,-25.0,0.689804
1981-01-30,31.5,-25.0,23.919573
1981-01-31,31.5,-25.0,21.506462
1981-02-01,31.5,-25.0,30.582611
1981-02-02,31.5,-25.0,14.1316595
1981-02-03,31.5,-25.0,1.484603
1981-02-04,31.5,-25.0,11.668422
1981-02-05,31.5,-25.0,12.047628
1981-02-06,31.5,-25.0,0.29756513
1981-02-07,31.5,-25.0,2.2387211
1981-02-08,31.5,-25.0,3.6449046
1981-02-09,31.5,-25.0,7.994512
1981-02-10,31.5,-25.0,2.4481983
1981-02-11,31.5,-25.0,0.49952275
1981-02-12,31.5,-25.0,0.32227272
1981-02-13,31.5,-25.0,1.2332304
1981-02-14,31.5,-25.0,0.7175939
1981-02-15,31.5,-25.0,0.009668183
1981-02-16,31.5,-25.0,1.0280501
1981-02-17,31.5,-25.0,0.50167125
1981-02-18,31.5,-25.0,0.18154697
1981-02-19,31.5,-25.0,0.41573185
1981-02-20,31.5,-25.0,0.022559093
1981-02-21,31.5,-25.0,0.98185766
1981-02-22,31.5,-25.0,0.92707133
1981-02-23,31.5,-25.0,0.5822394
1981-02-24,31.5,-25.0,0.1364288
1981-02-25,31.5,-25.0,0.05586061
1981-02-26,31.5,-25.0,0.04834091
1981-02-27,31.5,-25.0,0.34590608
1981-02-28,31.5,-25.0,0.33957037
1981-03-01,31.5,-25.0,1.1574824
1981-03-02,31.5,-25.0,0.29103684
1981-03-03,31.5,-25.0,4.3222303
1981-03-04,31.5,-25.0,4.782113
1981-03-05,31.5,-25.0,0.12774517
1981-03-06,31.5,-25.0,0.2810394
1981-03-07,31.5,-25.0,0.0
1981-03-08,31.5,-25.0,0.0
1981-03-09,31.5,-25.0,3.3302612
1981-03-10,31.5,-25.0,2.1894412
1981-03-11,31.5,-25.0,0.32436168
1981-03-12,31.5,-25.0,0.22771968
1981-03-13,31.5,-25.0,9.011034
1981-03-14,31.5,-25.0,5.5485845
1981-03-15,31.5,-25.0,0.025549036
1981-03-16,31.5,-25.0,0.39989796
1981-03-17,31.5,-25.0,0.4632151
1981-03-18,31.5,-25.0,0.27659607
1981-03-19,31.5,-25.0,0.25771204
1981-03-20,31.5,-25.0,0.71315134
1981-03-21,31.5,-25.0,0.0
1981-03-22,31.5,-25.0,0.0055541378
1981-03-23,31.5,-25.0,0.012219103
1981-03-24,31.5,-25.0,0.0011108276
1981-03-25,31.5,-25.0,0.16551334
1981-03-26,31.5,-25.0,1.5440505
1981-03-27,31.5,-25.0,20.294823
1981-03-28,31.5,-25.0,0.1410751
1981-03-29,31.5,-25.0,0.6598316
1981-03-30,31.5,-25.0,0.17439996
1981-03-31,31.5,-25.0,0.013329931
1981-04-01,31.5,-25.0,0.0
1981-04-02,31.5,-25.0,0.007477117
1981-04-03,31.5,-25.0,0.0
1981-04-04,31.5,-25.0,0.3845374
1981-04-05,31.5,-25.0,0.20829111
1981-04-06,31.5,-25.0,0.3610379
1981-04-07,31.5,-25.0,0.0
1981-04-08,31.5,-25.0,1.5840805
1981-04-09,31.5,-25.0,0.22644982
1981-04-10,31.5,-25.0,0.22217718
1981-04-11,31.5,-25.0,0.0
1981-04-12,31.5,-25.0,0.0
1981-04-13,31.5,-25.0,0.0
1981-04-14,31.5,-25.0,0.0
1981-04-15,31.5,-25.0,0.0010681595
1981-04-16,31.5,-25.0,0.0
1981-04-17,31.5,-25.0,1.4623103
1981-04-18,31.5,-25.0,0.6718723
1981-04-19,31.5,-25.0,0.0
1981-04-20,31.5,-25.0,0.0
1981-04-21,31.5,-25.0,0.34501553
1981-04-22,31.5,-25.0,0.008545276
1981-04-23,31.5,-25.0,0.002136319
1981-04-24,31.5,-25.0,0.5746698
1981-04-25,31.5,-25.0,0.11642939
1981-04-26,31.5,-25.0,0.025635827
1981-04-27,31.5,-25.0,2.055139
1981-04-28,31.5,-25.0,0.009613436
1981-04-29,31.5,-25.0,0.038453743
1981-04-30,31.5,-25.0,5.1677556
1981-05-01,31.5,-25.0,0.101088926
1981-05-02,31.5,-25.0,0.24964568
1981-05-03,31.5,-25.0,0.27250057
1981-05-04,31.5,-25.0,0.0026371023
1981-05-05,31.5,-25.0,0.010548409
1981-05-06,31.5,-25.0,0.08614534
1981-05-07,31.5,-25.0,0.21448432
1981-05-08,31.5,-25.0,0.052742053
1981-05-09,31.5,-25.0,8.3266734e-14
1981-05-10,31.5,-25.0,8.3266734e-14
1981-05-11,31.5,-25.0,8.3266734e-14
1981-05-12,31.5,-25.0,8.3266734e-14
1981-05-13,31.5,-25.0,0.95551
1981-05-14,31.5,-25.0,0.036040395
1981-05-15,31.5,-25.0,0.034282334
1981-05-16,31.5,-25.0,2.494699
1981-05-17,31.5,-25.0,4.858422
1981-05-18,31.5,-25.0,3.3886766
1981-05-19,31.5,-25.0,1.4337046
1981-05-20,31.5,-25.0,0.04570977
1981-05-21,31.5,-25.0,8.3266734e-14
1981-05-22,31.5,-25.0,0.8974938
1981-05-23,31.5,-25.0,2.4287713
1981-05-24,31.5,-25.0,0.0008790341
1981-05-25,31.5,-25.0,8.3266734e-14
1981-05-26,31.5,-25.0,8.3266734e-14
1981-05-27,31.5,-25.0,8.3266734e-14
1981-05-28,31.5,-25.0,0.0017580682
1981-05-29,31.5,-25.0,8.3266734e-14
1981-05-30,31.5,-25.0,8.3266734e-14
1981-05-31,31.5,-25.0,0.0008790341
1981-06-01,31.5,-25.0,0.0
1981-06-02,31.5,-25.0,0.0
1981-06-03,31.5,-25.0,0.0
1981-06-04,31.5,-25.0,0.0
1981-06-05,31.5,-25.0,2.8658016
1981-06-06,31.5,-25.0,0.0
1981-06-07,31.5,-25.0,0.4516247
1981-06-08,31.5,-25.0,0.012401593
1981-06-09,31.5,-25.0,0.0
1981-06-10,31.5,-25.0,0.0
1981-06-11,31.5,-25.0,0.0
1981-06-12,31.5,-25.0,0.0
1981-06-13,31.5,-25.0,0.0
1981-06-14,31.5,-25.0,0.0
1981-06-15,31.5,-25.0,0.0
1981-06-16,31.5,-25.0,0.0
1981-06-17,31.5,-25.0,0.0
1981-06-18,31.5,-25.0,0.0
1981-06-19,31.5,-25.0,0.0
1981-06-20,31.5,-25.0,0.0
1981-06-21,31.5,-25.0,0.0
1981-06-22,31.5,-25.0,0.009301195
1981-06-23,31.5,-25.0,0.0
1981-06-24,31.5,-25.0,0.0
1981-06-25,31.5,-25.0,0.0
1981-06-26,31.5,-25.0,0.0
1981-06-27,31.5,-25.0,0.0
1981-06-28,31.5,-25.0,0.0041338643
1981-06-29,31.5,-25.0,0.09817929
1981-06-30,31.5,-25.0,-6.938894e-15
1981-07-01,31.5,-25.0,0.2711628
1981-07-02,31.5,-25.0,0.059219453
1981-07-03,31.5,-25.0,0.0010389378
1981-07-04,31.5,-25.0,-1.6653347e-13
1981-07-05,31.5,-25.0,-1.6653347e-13
1981-07-06,31.5,-25.0,-1.6653347e-13
1981-07-07,31.5,-25.0,-1.6653347e-13
1981-07-08,31.5,-25.0,-1.6653347e-13
1981-07-09,31.5,-25.0,-1.6653347e-13
1981-07-10,31.5,-25.0,-1.6653347e-13
1981-07-11,31.5,-25.0,-1.6653347e-13
1981-07-12,31.5,-25.0,-1.6653347e-13
1981-07-13,31.5,-25.0,-1.6653347e-13
1981-07-14,31.5,-25.0,0.013506191
1981-07-15,31.5,-25.0,-1.6653347e-13
1981-07-16,31.5,-25.0,-1.6653347e-13
1981-07-17,31.5,-25.0,0.0041557513
1981-07-18,31.5,-25.0,-1.6653347e-13
1981-07-19,31.5,-25.0,-1.6653347e-13
1981-07-20,31.5,-25.0,0.008311503
1981-07-21,31.5,-25.0,0.16207431
1981-07-22,31.5,-25.0,-1.6653347e-13
1981-07-23,31.5,-25.0,-1.6653347e-13
1981-07-24,31.5,-25.0,3.86381
1981-07-25,31.5,-25.0,0.31895393
1981-07-26,31.5,-25.0,-1.6653347e-13
1981-07-27,31.5,-25.0,-1.6653347e-13
1981-07-28,31.5,-25.0,-1.6653347e-13
1981-07-29,31.5,-25.0,0.13194512
1981-07-30,31.5,-25.0,0.13298404
1981-07-31,31.5,-25.0,0.0020778757
1981-08-01,31.5,-25.0,0.0
1981-08-02,31.5,-25.0,0.0
1981-08-03,31.5,-25.0,0.0
1981-08-04,31.5,-25.0,0.0
1981-08-05,31.5,-25.0,0.0028541686
1981-08-06,31.5,-25.0,0.0
1981-08-07,31.5,-25.0,0.0
1981-08-08,31.5,-25.0,0.0
1981-08-09,31.5,-25.0,0.0
1981-08-10,31.5,-25.0,0.0
1981-08-11,31.5,-25.0,0.012368064
1981-08-12,31.5,-25.0,0.009513895
1981-08-13,31.5,-25.0,0.018076401
1981-08-14,31.5,-25.0,0.8933548
1981-08-15,31.5,-25.0,0.035201415
1981-08-16,31.5,-25.0,0.0
1981-08-17,31.5,-25.0,2.4840782
1981-08-18,31.5,-25.0,3.0368352
1981-08-19,31.5,-25.0,0.019979179
1981-08-20,31.5,-25.0,0.0076111173
1981-08-21,31.5,-25.0,2.7790089
1981-08-22,31.5,-25.0,1.43089
1981-08-23,31.5,-25.0,0.5308754
1981-08-24,31.5,-25.0,0.0
1981-08-25,31.5,-25.0,0.0
1981-08-26,31.5,-25.0,0.0
1981-08-27,31.5,-25.0,0.66787547
1981-08-28,31.5,-25.0,2.0645154
1981-08-29,31.5,-25.0,5.9880457
1981-08-30,31.5,-25.0,8.88788
1981-08-31,31.5,-25.0,6.938894e-15
1981-09-01,31.5,-25.0,0.0108642
1981-09-02,31.5,-25.0,1.6653347e-13
1981-09-03,31.5,-25.0,0.01481482
1981-09-04,31.5,-25.0,0.10370374
1981-09-05,31.5,-25.0,0.3387655
1981-09-06,31.5,-25.0,1.6653347e-13
1981-09-07,31.5,-25.0,1.6653347e-13
1981-09-08,31.5,-25.0,1.6653347e-13
1981-09-09,31.5,-25.0,0.28641984
1981-09-10,31.5,-25.0,35.341244
1981-09-11,31.5,-25.0,8.3604965
1981-09-12,31.5,-25.0,1.4301238
1981-09-13,31.5,-25.0,0.0049382728
1981-09-14,31.5,-25.0,1.6653347e-13
1981-09-15,31.5,-25.0,1.6653347e-13
1981-09-16,31.5,-25.0,0.0019753093
1981-09-17,31.5,-25.0,1.6653347e-13
1981-09-18,31.5,-25.0,0.018765436
1981-09-19,31.5,-25.0,1.6653347e-13
1981-09-20,31.5,-25.0,1.6653347e-13
1981-09-21,31.5,-25.0,0.0039506187
1981-09-22,31.5,-25.0,0.0009876547
1981-09-23,31.5,-25.0,0.0217284
1981-09-24,31.5,-25.0,0.018765436
1981-09-25,31.5,-25.0,0.16493832
1981-09-26,31.5,-25.0,1.6653347e-13
1981-09-27,31.5,-25.0,0.2953087
1981-09-28,31.5,-25.0,0.651852
1981-09-29,31.5,-25.0,2.6765437
1981-09-30,31.5,-25.0,0.6143212
1981-10-01,31.5,-25.0,0.0
1981-10-02,31.5,-25.0,10.488451
1981-10-03,31.5,-25.0,0.21192577
1981-10-04,31.5,-25.0,0.14909822
1981-10-05,31.5,-25.0,0.120028764
1981-10-06,31.5,-25.0,0.027194018
1981-10-07,31.5,-25.0,0.0
1981-10-08,31.5,-25.0,0.6526564
1981-10-09,31.5,-25.0,0.738927
1981-10-10,31.5,-25.0,10.271836
1981-10-11,31.5,-25.0,0.2513102
1981-10-12,31.5,-25.0,0.0075017978
1981-10-13,31.5,-25.0,0.0
1981-10-14,31.5,-25.0,0.0
1981-10-15,31.5,-25.0,0.0
1981-10-16,31.5,-25.0,0.0
1981-10-17,31.5,-25.0,0.5851402
1981-10-18,31.5,-25.0,1.6185129
1981-10-19,31.5,-25.0,0.0046886234
1981-10-20,31.5,-25.0,0.020629944
1981-10-21,31.5,-25.0,0.0
1981-10-22,31.5,-25.0,0.0
1981-10-23,31.5,-25.0,32.534355
1981-10-24,31.5,-25.0,10.158371
1981-10-25,31.5,-25.0,1.5219271
1981-10-26,31.5,-25.0,0.52793896
1981-10-27,31.5,-25.0,5.7126184
1981-10-28,31.5,-25.0,14.060244
1981-10-29,31.5,-25.0,0.80269235
1981-10-30,31.5,-25.0,4.0181503
1981-10-31,31.5,-25.0,0.07689342
1981-11-01,31.5,-25.0,0.0
1981-11-02,31.5,-25.0,0.0
1981-11-03,31.5,-25.0,0.0
1981-11-04,31.5,-25.0,0.0020157073
1981-11-05,31.5,-25.0,0.0
1981-11-06,31.5,-25.0,0.052408386
1981-11-07,31.5,-25.0,0.0151178045
1981-11-08,31.5,-25.0,0.022172777
1981-11-09,31.5,-25.0,0.057447653
1981-11-10,31.5,-25.0,0.0
1981-11-11,31.5,-25.0,0.0
1981-11-12,31.5,-25.0,0.0
1981-11-13,31.5,-25.0,0.019149218
1981-11-14,31.5,-25.0,0.0
1981-11-15,31.5,-25.0,0.0
1981-11-16,31.5,-25.0,0.0
1981-11-17,31.5,-25.0,0.5754844
1981-11-18,31.5,-25.0,1.7526573
1981-11-19,31.5,-25.0,11.527828
1981-11-20,31.5,-25.0,64.292984
1981-11-21,31.5,-25.0,0.17637438
1981-11-22,31.5,-25.0,0.037290584
1981-11-23,31.5,-25.0,8.131363
1981-11-24,31.5,-25.0,0.9211782
1981-11-25,31.5,-25.0,8.32991
1981-11-26,31.5,-25.0,2.6738353
1981-11-27,31.5,-25.0,4.263221
1981-11-28,31.5,-25.0,1.3233116
1981-11-29,31.5,-25.0,0.2781676
1981-11-30,31.5,-25.0,1.2192606
1981-12-01,31.5,-25.0,0.30060723
1981-12-02,31.5,-25.0,0.26247713
1981-12-03,31.5,-25.0,1.0259663
1981-12-04,31.5,-25.0,0.03192289
1981-12-05,31.5,-25.0,0.16050121
1981-12-06,31.5,-25.0,0.07360001
1981-12-07,31.5,-25.0,0.0062072286
1981-12-08,31.5,-25.0,3.3217542
1981-12-09,31.5,-25.0,0.43539274
1981-12-10,31.5,-25.0,0.91600966
1981-12-11,31.5,-25.0,0.053204823
1981-12-12,31.5,-25.0,0.0
1981-12-13,31.5,-25.0,0.007980723
1981-12-14,31.5,-25.0,0.0
1981-12-15,31.5,-25.0,0.002660241
1981-12-16,31.5,-25.0,0.17114216
1981-12-17,31.5,-25.0,2.4740243
1981-12-18,31.5,-25.0,0.30238074
1981-12-19,31.5,-25.0,0.03813012
1981-12-20,31.5,-25.0,0.29085302
1981-12-21,31.5,-25.0,4.336193
1981-12-22,31.5,-25.0,3.97706
1981-12-23,31.5,-25.0,0.07448675
1981-12-24,31.5,-25.0,1.3593831
1981-12-25,31.5,-25.0,0.0
1981-12-26,31.5,-25.0,17.490198
1981-12-27,31.5,-25.0,4.2874217
1981-12-28,31.5,-25.0,0.027489156
1981-12-29,31.5,-25.0,0.48061687
1981-12-30,31.5,-25.0,19.81791
1981-12-31,31.5,-25.0,6.6841955
1982-01-01,31.5,-25.0,4.3694944
1982-01-02,31.5,-25.0,2.5333657
1982-01-03,31.5,-25.0,0.30905133
1982-01-04,31.5,-25.0,0.23419464
1982-01-05,31.5,-25.0,0.052399714
1982-01-06,31.5,-25.0,0.5421766
1982-01-07,31.5,-25.0,1.6653347e-13
1982-01-08,31.5,-25.0,0.38604686
1982-01-09,31.5,-25.0,0.27162302
1982-01-10,31.5,-25.0,0.56891114
1982-01-11,31.5,-25.0,0.0074856738
1982-01-12,31.5,-25.0,0.498332
1982-01-13,31.5,-25.0,0.16682358
1982-01-14,31.5,-25.0,0.3122595
1982-01-15,31.5,-25.0,0.0010693821
1982-01-16,31.5,-25.0,3.3642755
1982-01-17,31.5,-25.0,7.468563
1982-01-18,31.5,-25.0,0.06523229
1982-01-19,31.5,-25.0,0.04063651
1982-01-20,31.5,-25.0,0.0032081455
1982-01-21,31.5,-25.0,3.5353765
1982-01-22,31.5,-25.0,26.77946
1982-01-23,31.5,-25.0,0.33364716
1982-01-24,31.5,-25.0,1.6653347e-13
1982-01-25,31.5,-25.0,0.45983425
1982-01-26,31.5,-25.0,0.39246315
1982-01-27,31.5,-25.0,0.16147667
1982-01-28,31.5,-25.0,0.89507264
1982-01-29,31.5,-25.0,1.6653347e-13
1982-01-30,31.5,-25.0,1.6653347e-13
1982-01-31,31.5,-25.0,0.031490505
1982-02-01,31.5,-25.0,0.044238914
1982-02-02,31.5,-25.0,0.0036865766
1982-02-03,31.5,-25.0,0.4248779
1982-02-04,31.5,-25.0,0.87003195
1982-02-05,31.5,-25.0,0.011981374
1982-02-06,31.5,-25.0,2.504107
1982-02-07,31.5,-25.0,2.5031853
1982-02-08,31.5,-25.0,2.361252
1982-02-09,31.5,-25.0,0.047003847
1982-02-10,31.5,-25.0,7.4680815
1982-02-11,31.5,-25.0,15.058744
1982-02-12,31.5,-25.0,0.20829155
1982-02-13,31.5,-25.0,0.050690427
1982-02-14,31.5,-25.0,0.29953432
1982-02-15,31.5,-25.0,0.31243736
1982-02-16,31.5,-25.0,0.6055201
1982-02-17,31.5,-25.0,4.3123727
1982-02-18,31.5,-25.0,0.7391586
1982-02-19,31.5,-25.0,3.6027067
1982-02-20,31.5,-25.0,0.027649323
1982-02-21,31.5,-25.0,0.051612064
1982-02-22,31.5,-25.0,2.0239303
1982-02-23,31.5,-25.0,0.006451509
1982-02-24,31.5,-25.0,0.0055298647
1982-02-25,31.5,-25.0,0.06728002
1982-02-26,31.5,-25.0,0.6230314
1982-02-27,31.5,-25.0,0.0
1982-02-28,31.5,-25.0,0.041642822
1982-03-01,31.5,-25.0,0.027262079
1982-03-02,31.5,-25.0,0.008723865
1982-03-03,31.5,-25.0,0.0
1982-03-04,31.5,-25.0,2.2900147
1982-03-05,31.5,-25.0,0.0010904832
1982-03-06,31.5,-25.0,0.0
1982-03-07,31.5,-25.0,0.0
1982-03-08,31.5,-25.0,0.0032714494
1982-03-09,31.5,-25.0,0.52670336
1982-03-10,31.5,-25.0,0.05234319
1982-03-11,31.5,-25.0,0.0
1982-03-12,31.5,-25.0,0.0010904832
1982-03-13,31.5,-25.0,0.01744773
1982-03-14,31.5,-25.0,0.16684392
1982-03-15,31.5,-25.0,0.008723865
1982-03-16,31.5,-25.0,0.0032714494
1982-03-17,31.5,-25.0,0.022900146
1982-03-18,31.5,-25.0,1.8025687
1982-03-19,31.5,-25.0,0.03162401
1982-03-20,31.5,-25.0,1.0752164
1982-03-21,31.5,-25.0,0.35767847
1982-03-22,31.5,-25.0,0.10141493
1982-03-23,31.5,-25.0,0.44382665
1982-03-24,31.5,-25.0,3.7207284
1982-03-25,31.5,-25.0,1.9170694
1982-03-26,31.5,-25.0,0.21482518
1982-03-27,31.5,-25.0,0.0
1982-03-28,31.5,-25.0,1.4154471
1982-03-29,31.5,-25.0,0.08287672
1982-03-30,31.5,-25.0,0.014176281
1982-03-31,31.5,-25.0,1.6106436
1982-04-01,31.5,-25.0,0.031039782
1982-04-02,31.5,-25.0,1.2922896
1982-04-03,31.5,-25.0,4.2193413
1982-04-04,31.5,-25.0,1.3336761
1982-04-05,31.5,-25.0,0.65183544
1982-04-06,31.5,-25.0,0.8339355
1982-04-07,31.5,-25.0,0.28349668
1982-04-08,31.5,-25.0,1.084323
1982-04-09,31.5,-25.0,2.7987537
1982-04-10,31.5,-25.0,1.187789
1982-04-11,31.5,-25.0,0.27728873
1982-04-12,31.5,-25.0,0.30212054
1982-04-13,31.5,-25.0,9.256063
1982-04-14,31.5,-25.0,0.52146834
1982-04-15,31.5,-25.0,2.0062046
1982-04-16,31.5,-25.0,0.62286496
1982-04-17,31.5,-25.0,0.14174834
1982-04-18,31.5,-25.0,0.047594335
1982-04-19,31.5,-25.0,0.0
1982-04-20,31.5,-25.0,0.47801265
1982-04-21,31.5,-25.0,0.023797167
1982-04-22,31.5,-25.0,3.2943559
1982-04-23,31.5,-25.0,1.2167594
1982-04-24,31.5,-25.0,0.5142257
1982-04-25,31.5,-25.0,0.717019
1982-04-26,31.5,-25.0,0.16140687
1982-04-27,31.5,-25.0,0.0
1982-04-28,31.5,-25.0,0.24624896
1982-04-29,31.5,-25.0,0.0010346594
1982-04-30,31.5,-25.0,0.1634762
1982-05-01,31.5,-25.0,28.559078
1982-05-02,31.5,-25.0,3.2457895
1982-05-03,31.5,-25.0,0.0035156126
1982-05-04,31.5,-25.0,8.3266734e-14
1982-05-05,31.5,-25.0,1.398335
1982-05-06,31.5,-25.0,0.21181566
1982-05-07,31.5,-25.0,0.16347598
1982-05-08,31.5,-25.0,8.3266734e-14
1982-05-09,31.5,-25.0,0.00087890314
1982-05-10,31.5,-25.0,8.3266734e-14
1982-05-11,31.5,-25.0,8.3266734e-14
1982-05-12,31.5,-25.0,8.3266734e-14
1982-05-13,31.5,-25.0,0.00087890314
1982-05-14,31.5,-25.0,8.3266734e-14
1982-05-15,31.5,-25.0,8.3266734e-14
1982-05-16,31.5,-25.0,8.3266734e-14
1982-05-17,31.5,-25.0,8.3266734e-14
1982-05-18,31.5,-25.0,8.3266734e-14
1982-05-19,31.5,-25.0,8.3266734e-14
1982-05-20,31.5,-25.0,8.3266734e-14
1982-05-21,31.5,-25.0,8.3266734e-14
1982-05-22,31.5,-25.0,0.0026367095
1982-05-23,31.5,-25.0,8.3266734e-14
1982-05-24,31.5,-25.0,8.3266734e-14
1982-05-25,31.5,-25.0,0.0035156126
1982-05-26,31.5,-25.0,0.017578064
1982-05-27,31.5,-25.0,3.7854362
1982-05-28,31.5,-25.0,0.18281184
1982-05-29,31.5,-25.0,8.3266734e-14
1982-05-30,31.5,-25.0,0.029882709
1982-05-31,31.5,-25.0,0.51866066
1982-06-01,31.5,-25.0,0.00197333
1982-06-02,31.5,-25.0,0.0
1982-06-03,31.5,-25.0,0.0
1982-06-04,31.5,-25.0,0.0
1982-06-05,31.5,-25.0,0.0
1982-06-06,31.5,-25.0,0.0
1982-06-07,31.5,-25.0,0.0
1982-06-08,31.5,-25.0,0.0
1982-06-09,31.5,-25.0,0.0
1982-06-10,31.5,-25.0,0.0
1982-06-11,31.5,-25.0,0.0
1982-06-12,31.5,-25.0,0.0
1982-06-13,31.5,-25.0,0.0
1982-06-14,31.5,-25.0,0.37197274
1982-06-15,31.5,-25.0,0.29106617
1982-06-16,31.5,-25.0,0.06511989
1982-06-17,31.5,-25.0,0.0
1982-06-18,31.5,-25.0,0.0
1982-06-19,31.5,-25.0,0.0
1982-06-20,31.5,-25.0,0.0
1982-06-21,31.5,-25.0,0.0
1982-06-22,31.5,-25.0,0.16970639
1982-06-23,31.5,-25.0,0.47754586
1982-06-24,31.5,-25.0,0.0
1982-06-25,31.5,-25.0,0.0
1982-06-26,31.5,-25.0,0.0
1982-06-27,31.5,-25.0,0.08682652
1982-06-28,31.5,-25.0,0.0
1982-06-29,31.5,-25.0,0.0
1982-06-30,31.5,-25.0,-3.469447e-15
1982-07-01,31.5,-25.0,-8.3266734e-14
1982-07-02,31.5,-25.0,0.013006923
1982-07-03,31.5,-25.0,0.5620849
1982-07-04,31.5,-25.0,-8.3266734e-14
1982-07-05,31.5,-25.0,0.13378549
1982-07-06,31.5,-25.0,0.011148792
1982-07-07,31.5,-25.0,-8.3266734e-14
1982-07-08,31.5,-25.0,-8.3266734e-14
1982-07-09,31.5,-25.0,-8.3266734e-14
1982-07-10,31.5,-25.0,0.002787198
1982-07-11,31.5,-25.0,0.009290659
1982-07-12,31.5,-25.0,-8.3266734e-14
1982-07-13,31.5,-25.0,0.026013846
1982-07-14,31.5,-25.0,-8.3266734e-14
1982-07-15,31.5,-25.0,-8.3266734e-14
1982-07-16,31.5,-25.0,0.06131835
1982-07-17,31.5,-25.0,-8.3266734e-14
1982-07-18,31.5,-25.0,-8.3266734e-14
1982-07-19,31.5,-25.0,0.0018581317
1982-07-20,31.5,-25.0,0.20439452
1982-07-21,31.5,-25.0,-8.3266734e-14
1982-07-22,31.5,-25.0,-8.3266734e-14
1982-07-23,31.5,-25.0,-8.3266734e-14
1982-07-24,31.5,-25.0,0.019510385
1982-07-25,31.5,-25.0,4.9017515
1982-07-26,31.5,-25.0,2.961862
1982-07-27,31.5,-25.0,-8.3266734e-14
1982-07-28,31.5,-25.0,-8.3266734e-14
1982-07-29,31.5,-25.0,-8.3266734e-14
1982-07-30,31.5,-25.0,0.00092906586
1982-07-31,31.5,-25.0,-7.979728e-14
1982-08-01,31.5,-25.0,0.015293017
1982-08-02,31.5,-25.0,0.0047790674
1982-08-03,31.5,-25.0,0.0047790674
1982-08-04,31.5,-25.0,0.0
1982-08-05,31.5,-25.0,0.07837671
1982-08-06,31.5,-25.0,1.7434039
1982-08-07,31.5,-25.0,4.5047493
1982-08-08,31.5,-25.0,0.6518648
1982-08-09,31.5,-25.0,0.0
1982-08-10,31.5,-25.0,0.0
1982-08-11,31.5,-25.0,0.0
1982-08-12,31.5,-25.0,0.0028674405
1982-08-13,31.5,-25.0,0.7130369
1982-08-14,31.5,-25.0,0.21888128
1982-08-15,31.5,-25.0,0.0
1982-08-16,31.5,-25.0,0.0
1982-08-17,31.5,-25.0,0.0047790674
1982-08-18,31.5,-25.0,0.0
1982-08-19,31.5,-25.0,0.34026963
1982-08-20,31.5,-25.0,0.0
1982-08-21,31.5,-25.0,0.0028674405
1982-08-22,31.5,-25.0,0.0
1982-08-23,31.5,-25.0,0.0076465085
1982-08-24,31.5,-25.0,0.0
1982-08-25,31.5,-25.0,0.047790673
1982-08-26,31.5,-25.0,0.006690695
1982-08-27,31.5,-25.0,0.011469762
1982-08-28,31.5,-25.0,0.0
1982-08-29,31.5,-25.0,0.08506741
1982-08-30,31.5,-25.0,0.01624883
1982-08-31,31.5,-25.0,0.0
1982-09-01,31.5,-25.0,0.04499804
1982-09-02,31.5,-25.0,13.7145
1982-09-03,31.5,-25.0,0.0
1982-09-04,31.5,-25.0,0.9719576
1982-09-05,31.5,-25.0,0.00089996064
1982-09-06,31.5,-25.0,0.00089996064
1982-09-07,31.5,-25.0,0.5876744
1982-09-08,31.5,-25.0,0.0
1982-09-09,31.5,-25.0,0.0
1982-09-10,31.5,-25.0,0.0
1982-09-11,31.5,-25.0,0.0
1982-09-12,31.5,-25.0,0.0
1982-09-13,31.5,-25.0,0.0
1982-09-14,31.5,-25.0,0.0
1982-09-15,31.5,-25.0,0.0
1982-09-16,31.5,-25.0,0.0
1982-09-17,31.5,-25.0,0.0035998425
1982-09-18,31.5,-25.0,0.07829658
1982-09-19,31.5,-25.0,0.0
1982-09-20,31.5,-25.0,0.0
1982-09-21,31.5,-25.0,0.13409415
1982-09-22,31.5,-25.0,0.85676265
1982-09-23,31.5,-25.0,0.07829658
1982-09-24,31.5,-25.0,0.18719183
1982-09-25,31.5,-25.0,0.0
1982-09-26,31.5,-25.0,0.37618357
1982-09-27,31.5,-25.0,0.0
1982-09-28,31.5,-25.0,0.00089996064
1982-09-29,31.5,-25.0,0.019799136
1982-09-30,31.5,-25.0,0.00089996064
1982-10-01,31.5,-25.0,0.21781844
1982-10-02,31.5,-25.0,0.06868149
1982-10-03,31.5,-25.0,0.0019623283
1982-10-04,31.5,-25.0,0.009811642
1982-10-05,31.5,-25.0,1.6653347e-13
1982-10-06,31.5,-25.0,1.6653347e-13
1982-10-07,31.5,-25.0,1.6653347e-13
1982-10-08,31.5,-25.0,0.20408213
1982-10-09,31.5,-25.0,2.0525954
1982-10-10,31.5,-25.0,1.2421538
1982-10-11,31.5,-25.0,0.13834415
1982-10-12,31.5,-25.0,6.7405977
1982-10-13,31.5,-25.0,0.5121677
1982-10-14,31.5,-25.0,0.07554964
1982-10-15,31.5,-25.0,7.523567
1982-10-16,31.5,-25.0,0.027472597
1982-10-17,31.5,-25.0,0.4317122
1982-10-18,31.5,-25.0,1.9623282
1982-10-19,31.5,-25.0,1.2519655
1982-10-20,31.5,-25.0,16.25004
1982-10-21,31.5,-25.0,4.6791716
1982-10-22,31.5,-25.0,0.007849313
1982-10-23,31.5,-25.0,0.041208893
1982-10-24,31.5,-25.0,1.6653347e-13
1982-10-25,31.5,-25.0,1.6653347e-13
1982-10-26,31.5,-25.0,0.019623281
1982-10-27,31.5,-25.0,1.015505
1982-10-28,31.5,-25.0,1.7209618
1982-10-29,31.5,-25.0,0.6671917
1982-10-30,31.5,-25.0,1.6653347e-13
1982-10-31,31.5,-25.0,1.5265568e-13
1982-11-01,31.5,-25.0,3.7263043
1982-11-02,31.5,-25.0,0.07680017
1982-11-03,31.5,-25.0,-1.6653347e-13
1982-11-04,31.5,-25.0,-1.6653347e-13
1982-11-05,31.5,-25.0,-1.6653347e-13
1982-11-06,31.5,-25.0,0.101735294
1982-11-07,31.5,-25.0,1.6257699
1982-11-08,31.5,-25.0,-1.6653347e-13
1982-11-09,31.5,-25.0,0.017953286
1982-11-10,31.5,-25.0,0.0099740485
1982-11-11,31.5,-25.0,-1.6653347e-13
1982-11-12,31.5,-25.0,0.8767188
1982-11-13,31.5,-25.0,0.08477941
1982-11-14,31.5,-25.0,0.0039896197
1982-11-15,31.5,-25.0,0.0009974049
1982-11-16,31.5,-25.0,0.0009974049
1982-11-17,31.5,-25.0,-1.6653347e-13
1982-11-18,31.5,-25.0,-1.6653347e-13
1982-11-19,31.5,-25.0,0.0009974049
1982-11-20,31.5,-25.0,0.3790139
1982-11-21,31.5,-25.0,0.063833915
1982-11-22,31.5,-25.0,1.1510051
1982-11-23,31.5,-25.0,0.5655286
1982-11-24,31.5,-25.0,0.2862552
1982-11-25,31.5,-25.0,1.1889064
1982-11-26,31.5,-25.0,3.0141573
1982-11-27,31.5,-25.0,3.587665
1982-11-28,31.5,-25.0,0.58547664
1982-11-29,31.5,-25.0,0.5984429
1982-11-30,31.5,-25.0,0.76401204
1982-12-01,31.5,-25.0,0.1276377
1982-12-02,31.5,-25.0,1.0562311
1982-12-03,31.5,-25.0,0.0070259282
1982-12-04,31.5,-25.0,0.14403152
1982-12-05,31.5,-25.0,0.0
1982-12-06,31.5,-25.0,0.07494323
1982-12-07,31.5,-25.0,0.079627186
1982-12-08,31.5,-25.0,24.087223
1982-12-09,31.5,-25.0,7.1933784
1982-12-10,31.5,-25.0,0.0070259282
1982-12-11,31.5,-25.0,0.1487155
1982-12-12,31.5,-25.0,0.037471615
1982-12-13,31.5,-25.0,0.7201576
1982-12-14,31.5,-25.0,0.037471615
1982-12-15,31.5,-25.0,0.004683952
1982-12-16,31.5,-25.0,0.021077786
1982-12-17,31.5,-25.0,0.002341976
1982-12-18,31.5,-25.0,0.19555499
1982-12-19,31.5,-25.0,0.038642608
1982-12-20,31.5,-25.0,0.025761735
1982-12-21,31.5,-25.0,0.0
1982-12-22,31.5,-25.0,0.0
1982-12-23,31.5,-25.0,2.049229
1982-12-24,31.5,-25.0,0.08431114
1982-12-25,31.5,-25.0,8.686389
1982-12-26,31.5,-25.0,12.803583
1982-12-27,31.5,-25.0,1.2213404
1982-12-28,31.5,-25.0,11.978037
1982-12-29,31.5,-25.0,0.06323336
1982-12-30,31.5,-25.0,0.08548212
1982-12-31,31.5,-25.0,12.351015
1983-01-01,31.5,-25.0,10.32491
1983-01-02,31.5,-25.0,0.97497165
1983-01-03,31.5,-25.0,0.06798966
1983-01-04,31.5,-25.0,0.0
1983-01-05,31.5,-25.0,0.2012494
1983-01-06,31.5,-25.0,0.07478863
1983-01-07,31.5,-25.0,0.99944806
1983-01-08,31.5,-25.0,0.0
1983-01-09,31.5,-25.0,0.0
1983-01-10,31.5,-25.0,0.0
1983-01-11,31.5,-25.0,0.025836071
1983-01-12,31.5,-25.0,0.07614842
1983-01-13,31.5,-25.0,1.835721
1983-01-14,31.5,-25.0,5.507162
1983-01-15,31.5,-25.0,9.491356
1983-01-16,31.5,-25.0,2.361961
1983-01-17,31.5,-25.0,1.611355
1983-01-18,31.5,-25.0,0.6989337
1983-01-19,31.5,-25.0,0.0611907
1983-01-20,31.5,-25.0,0.27875763
1983-01-21,31.5,-25.0,0.0013597931
1983-01-22,31.5,-25.0,8.455194
1983-01-23,31.5,-25.0,10.825314
1983-01-24,31.5,-25.0,0.0013597931
1983-01-25,31.5,-25.0,0.4745678
1983-01-26,31.5,-25.0,0.22028649
1983-01-27,31.5,-25.0,0.25564113
1983-01-28,31.5,-25.0,0.006798966
1983-01-29,31.5,-25.0,0.010878345
1983-01-30,31.5,-25.0,0.14549787
1983-01-31,31.5,-25.0,0.0
1983-02-01,31.5,-25.0,0.0
1983-02-02,31.5,-25.0,0.5477773
1983-02-03,31.5,-25.0,0.16782162
1983-02-04,31.5,-25.0,7.5576296
1983-02-05,31.5,-25.0,0.75048316
1983-02-06,31.5,-25.0,0.0028284541
1983-02-07,31.5,-25.0,6.0566635
1983-02-08,31.5,-25.0,3.9277804
1983-02-09,31.5,-25.0,0.97770226
1983-02-10,31.5,-25.0,0.02545609
1983-02-11,31.5,-25.0,0.0
1983-02-12,31.5,-25.0,16.00151
1983-02-13,31.5,-25.0,15.233112
1983-02-14,31.5,-25.0,0.6741149
1983-02-15,31.5,-25.0,0.0028284541
1983-02-16,31.5,-25.0,0.0009428181
1983-02-17,31.5,-25.0,0.0009428181
1983-02-18,31.5,-25.0,0.0
1983-02-19,31.5,-25.0,0.03865554
1983-02-20,31.5,-25.0,0.026398908
1983-02-21,31.5,-25.0,0.037712723
1983-02-22,31.5,-25.0,0.008485362
1983-02-23,31.5,-25.0,0.85607874
1983-02-24,31.5,-25.0,0.35638523
1983-02-25,31.5,-25.0,0.0
1983-02-26,31.5,-25.0,0.007542545
1983-02-27,31.5,-25.0,2.9557347
1983-02-28,31.5,-25.0,0.90699095
1983-03-01,31.5,-25.0,0.10030897
1983-03-02,31.5,-25.0,0.0011398746
1983-03-03,31.5,-25.0,0.4080751
1983-03-04,31.5,-25.0,1.7440083
1983-03-05,31.5,-25.0,0.0056993724
1983-03-06,31.5,-25.0,0.05585386
1983-03-07,31.5,-25.0,0.13450521
1983-03-08,31.5,-25.0,0.5346012
1983-03-09,31.5,-25.0,17.36029
1983-03-10,31.5,-25.0,0.55283916
1983-03-11,31.5,-25.0,0.0011398746
1983-03-12,31.5,-25.0,0.0045594983
1983-03-13,31.5,-25.0,0.0
1983-03-14,31.5,-25.0,0.05471398
1983-03-15,31.5,-25.0,0.0011398746
1983-03-16,31.5,-25.0,0.45594984
1983-03-17,31.5,-25.0,1.1090981
1983-03-18,31.5,-25.0,0.3317035
1983-03-19,31.5,-25.0,0.63605
1983-03-20,31.5,-25.0,7.8172603
1983-03-21,31.5,-25.0,7.1538534
1983-03-22,31.5,-25.0,3.8778534
1983-03-23,31.5,-25.0,0.0022797491
1983-03-24,31.5,-25.0,0.2861085
1983-03-25,31.5,-25.0,0.12994571
1983-03-26,31.5,-25.0,0.22683504
1983-03-27,31.5,-25.0,2.3789184
1983-03-28,31.5,-25.0,0.40921497
1983-03-29,31.5,-25.0,0.0011398746
1983-03-30,31.5,-25.0,0.09118996
1983-03-31,31.5,-25.0,0.4959798
1983-04-01,31.5,-25.0,0.723742
1983-04-02,31.5,-25.0,0.0036878565
1983-04-03,31.5,-25.0,0.13368481
1983-04-04,31.5,-25.0,8.3266734e-14
1983-04-05,31.5,-25.0,3.8962212
1983-04-06,31.5,-25.0,1.7664833
1983-04-07,31.5,-25.0,0.13737267
1983-04-08,31.5,-25.0,0.07283518
1983-04-09,31.5,-25.0,0.005531786
1983-04-10,31.5,-25.0,0.027658924
1983-04-11,31.5,-25.0,0.06545946
1983-04-12,31.5,-25.0,1.7379024
1983-04-13,31.5,-25.0,0.026736964
1983-04-14,31.5,-25.0,8.3266734e-14
1983-04-15,31.5,-25.0,0.0018439282
1983-04-16,31.5,-25.0,0.231413
1983-04-17,31.5,-25.0,8.3266734e-14
1983-04-18,31.5,-25.0,1.6337206
1983-04-19,31.5,-25.0,0.03503464
1983-04-20,31.5,-25.0,0.16410963
1983-04-21,31.5,-25.0,8.3266734e-14
1983-04-22,31.5,-25.0,8.3266734e-14
1983-04-23,31.5,-25.0,8.3266734e-14
1983-04-24,31.5,-25.0,5.6958947
1983-04-25,31.5,-25.0,1.1035912
1983-04-26,31.5,-25.0,0.16595358
1983-04-27,31.5,-25.0,0.08666465
1983-04-28,31.5,-25.0,0.50615835
1983-04-29,31.5,-25.0,8.3266734e-14
1983-04-30,31.5,-25.0,0.007375713
1983-05-01,31.5,-25.0,8.3266734e-14
1983-05-02,31.5,-25.0,1.0223087
1983-05-03,31.5,-25.0,6.8311768
1983-05-04,31.5,-25.0,5.219253
1983-05-05,31.5,-25.0,0.0677825
1983-05-06,31.5,-25.0,8.3266734e-14
1983-05-07,31.5,-25.0,0.005571165
1983-05-08,31.5,-25.0,0.41783732
1983-05-09,31.5,-25.0,0.0018570549
1983-05-10,31.5,-25.0,8.3266734e-14
1983-05-11,31.5,-25.0,0.012999385
1983-05-12,31.5,-25.0,0.066853985
1983-05-13,31.5,-25.0,8.3266734e-14
1983-05-14,31.5,-25.0,8.3266734e-14
1983-05-15,31.5,-25.0,8.3266734e-14
1983-05-16,31.5,-25.0,8.3266734e-14
1983-05-17,31.5,-25.0,8.3266734e-14
1983-05-18,31.5,-25.0,8.3266734e-14
1983-05-19,31.5,-25.0,8.3266734e-14
1983-05-20,31.5,-25.0,8.3266734e-14
1983-05-21,31.5,-25.0,8.3266734e-14
1983-05-22,31.5,-25.0,2.4021006
1983-05-23,31.5,-25.0,8.3266734e-14
1983-05-24,31.5,-25.0,8.3266734e-14
1983-05-25,31.5,-25.0,8.3266734e-14
1983-05-26,31.5,-25.0,8.3266734e-14
1983-05-27,31.5,-25.0,51.440426
1983-05-28,31.5,-25.0,0.9619545
1983-05-29,31.5,-25.0,8.3266734e-14
1983-05-30,31.5,-25.0,8.3266734e-14
1983-05-31,31.5,-25.0,7.979728e-14
1983-06-01,31.5,-25.0,0.0
1983-06-02,31.5,-25.0,0.0
1983-06-03,31.5,-25.0,0.0
1983-06-04,31.5,-25.0,0.073710516
1983-06-05,31.5,-25.0,0.0
1983-06-06,31.5,-25.0,0.0
1983-06-07,31.5,-25.0,0.17637873
1983-06-08,31.5,-25.0,0.0
1983-06-09,31.5,-25.0,0.0
1983-06-10,31.5,-25.0,0.2992296
1983-06-11,31.5,-25.0,0.067567974
1983-06-12,31.5,-25.0,4.7955713
1983-06-13,31.5,-25.0,3.6864033
1983-06-14,31.5,-25.0,0.0
1983-06-15,31.5,-25.0,0.006142542
1983-06-16,31.5,-25.0,0.0
1983-06-17,31.5,-25.0,0.0
1983-06-18,31.5,-25.0,6.905973
1983-06-19,31.5,-25.0,0.21937653
1983-06-20,31.5,-25.0,0.0
1983-06-21,31.5,-25.0,0.0
1983-06-22,31.5,-25.0,0.0
1983-06-23,31.5,-25.0,0.0
1983-06-24,31.5,-25.0,0.0
1983-06-25,31.5,-25.0,0.0
1983-06-26,31.5,-25.0,0.0
1983-06-27,31.5,-25.0,0.0
1983-06-28,31.5,-25.0,0.0
1983-06-29,31.5,-25.0,0.0026325188
1983-06-30,31.5,-25.0,0.0
1983-07-01,31.5,-25.0,0.8095969
1983-07-02,31.5,-25.0,1.7830406
1983-07-03,31.5,-25.0,1.0880296
1983-07-04,31.5,-25.0,0.0
1983-07-05,31.5,-25.0,0.0
1983-07-06,31.5,-25.0,0.05140298
1983-07-07,31.5,-25.0,0.0
1983-07-08,31.5,-25.0,0.0
1983-07-09,31.5,-25.0,0.0
1983-07-10,31.5,-25.0,0.0
1983-07-11,31.5,-25.0,0.0
1983-07-12,31.5,-25.0,0.0
1983-07-13,31.5,-25.0,0.0
1983-07-14,31.5,-25.0,0.0
1983-07-15,31.5,-25.0,0.0
1983-07-16,31.5,-25.0,0.08674252
1983-07-17,31.5,-25.0,2.7682645
1983-07-18,31.5,-25.0,0.038552232
1983-07-19,31.5,-25.0,0.0
1983-07-20,31.5,-25.0,0.0
1983-07-21,31.5,-25.0,0.0
1983-07-22,31.5,-25.0,0.0
1983-07-23,31.5,-25.0,0.042835817
1983-07-24,31.5,-25.0,2.0421975
1983-07-25,31.5,-25.0,0.21524996
1983-07-26,31.5,-25.0,0.14671266
1983-07-27,31.5,-25.0,0.0
1983-07-28,31.5,-25.0,0.0
1983-07-29,31.5,-25.0,0.0
1983-07-30,31.5,-25.0,0.029985068
1983-07-31,31.5,-25.0,3.469447e-15
1983-08-01,31.5,-25.0,8.3266734e-14
1983-08-02,31.5,-25.0,8.3266734e-14
1983-08-03,31.5,-25.0,8.3266734e-14
1983-08-04,31.5,-25.0,8.3266734e-14
1983-08-05,31.5,-25.0,8.3266734e-14
1983-08-06,31.5,-25.0,0.000935309
1983-08-07,31.5,-25.0,6.6883936
1983-08-08,31.5,-25.0,6.8848095
1983-08-09,31.5,-25.0,1.1195649
1983-08-10,31.5,-25.0,8.3266734e-14
1983-08-11,31.5,-25.0,8.3266734e-14
1983-08-12,31.5,-25.0,8.3266734e-14
1983-08-13,31.5,-25.0,8.3266734e-14
1983-08-14,31.5,-25.0,8.3266734e-14
1983-08-15,31.5,-25.0,0.013094324
1983-08-16,31.5,-25.0,0.018706178
1983-08-17,31.5,-25.0,0.011223707
1983-08-18,31.5,-25.0,0.03647705
1983-08-19,31.5,-25.0,8.3266734e-14
1983-08-20,31.5,-25.0,8.3266734e-14
1983-08-21,31.5,-25.0,0.000935309
1983-08-22,31.5,-25.0,0.31706977
1983-08-23,31.5,-25.0,1.5834782
1983-08-24,31.5,-25.0,0.59205055
1983-08-25,31.5,-25.0,0.000935309
1983-08-26,31.5,-25.0,8.3266734e-14
1983-08-27,31.5,-25.0,8.3266734e-14
1983-08-28,31.5,-25.0,8.3266734e-14
1983-08-29,31.5,-25.0,0.026188647
1983-08-30,31.5,-25.0,0.57427967
1983-08-31,31.5,-25.0,7.979728e-14
1983-09-01,31.5,-25.0,0.0
1983-09-02,31.5,-25.0,0.0
1983-09-03,31.5,-25.0,0.0
1983-09-04,31.5,-25.0,0.013190635
1983-09-05,31.5,-25.0,0.6554731
1983-09-06,31.5,-25.0,0.0
1983-09-07,31.5,-25.0,0.0
1983-09-08,31.5,-25.0,0.08421713
1983-09-09,31.5,-25.0,0.46573085
1983-09-10,31.5,-25.0,2.7243736
1983-09-11,31.5,-25.0,0.27294466
1983-09-12,31.5,-25.0,0.0
1983-09-13,31.5,-25.0,0.0
1983-09-14,31.5,-25.0,0.051747873
1983-09-15,31.5,-25.0,0.14205298
1983-09-16,31.5,-25.0,0.0
1983-09-17,31.5,-25.0,0.08117314
1983-09-18,31.5,-25.0,0.0
1983-09-19,31.5,-25.0,1.526055
1983-09-20,31.5,-25.0,0.0
1983-09-21,31.5,-25.0,0.0
1983-09-22,31.5,-25.0,0.0
1983-09-23,31.5,-25.0,0.3541178
1983-09-24,31.5,-25.0,0.011161306
1983-09-25,31.5,-25.0,0.0
1983-09-26,31.5,-25.0,0.0
1983-09-27,31.5,-25.0,0.0
1983-09-28,31.5,-25.0,0.0
1983-09-29,31.5,-25.0,0.0
1983-09-30,31.5,-25.0,0.0020293286
1983-10-01,31.5,-25.0,0.0
1983-10-02,31.5,-25.0,0.0
1983-10-03,31.5,-25.0,0.0
1983-10-04,31.5,-25.0,0.1693236
1983-10-05,31.5,-25.0,0.054584585
1983-10-06,31.5,-25.0,0.97361064
1983-10-07,31.5,-25.0,2.9854422
1983-10-08,31.5,-25.0,0.59708846
1983-10-09,31.5,-25.0,0.7006878
1983-10-10,31.5,-25.0,0.0066838264
1983-10-11,31.5,-25.0,0.0
1983-10-12,31.5,-25.0,0.2952023
1983-10-13,31.5,-25.0,0.21833834
1983-10-14,31.5,-25.0,0.9090004
1983-10-15,31.5,-25.0,1.3946917
1983-10-16,31.5,-25.0,1.0449047
1983-10-17,31.5,-25.0,0.44113255
1983-10-18,31.5,-25.0,0.047900755
1983-10-19,31.5,-25.0,0.008911769
1983-10-20,31.5,-25.0,2.1065192
1983-10-21,31.5,-25.0,0.6260517
1983-10-22,31.5,-25.0,0.1960589
1983-10-23,31.5,-25.0,0.0
1983-10-24,31.5,-25.0,9.05547
1983-10-25,31.5,-25.0,2.957593
1983-10-26,31.5,-25.0,0.19383095
1983-10-27,31.5,-25.0,0.0
1983-10-28,31.5,-25.0,0.0
1983-10-29,31.5,-25.0,0.0
1983-10-30,31.5,-25.0,0.0
1983-10-31,31.5,-25.0,0.3868703
1983-11-01,31.5,-25.0,0.2636278
1983-11-02,31.5,-25.0,1.5282772
1983-11-03,31.5,-25.0,0.004775867
1983-11-04,31.5,-25.0,0.5635522
1983-11-05,31.5,-25.0,0.51579356
1983-11-06,31.5,-25.0,1.328646
1983-11-07,31.5,-25.0,0.5721488
1983-11-08,31.5,-25.0,0.26171747
1983-11-09,31.5,-25.0,0.16237944
1983-11-10,31.5,-25.0,0.31807268
1983-11-11,31.5,-25.0,2.9419336
1983-11-12,31.5,-25.0,15.534937
1983-11-13,31.5,-25.0,5.5247216
1983-11-14,31.5,-25.0,8.645272
1983-11-15,31.5,-25.0,17.578053
1983-11-16,31.5,-25.0,0.12417252
1983-11-17,31.5,-25.0,0.59984875
1983-11-18,31.5,-25.0,0.34195203
1983-11-19,31.5,-25.0,0.9876491
1983-11-20,31.5,-25.0,0.0038206931
1983-11-21,31.5,-25.0,0.042982794
1983-11-22,31.5,-25.0,0.5606867
1983-11-23,31.5,-25.0,0.056355223
1983-11-24,31.5,-25.0,0.008596559
1983-11-25,31.5,-25.0,0.31138647
1983-11-26,31.5,-25.0,0.0
1983-11-27,31.5,-25.0,0.08118972
1983-11-28,31.5,-25.0,1.4633255
1983-11-29,31.5,-25.0,5.8829117
1983-11-30,31.5,-25.0,9.2414055
1983-12-01,31.5,-25.0,0.781399
1983-12-02,31.5,-25.0,0.09542185
1983-12-03,31.5,-25.0,1.8405817
1983-12-04,31.5,-25.0,0.6774952
1983-12-05,31.5,-25.0,0.06149409
1983-12-06,31.5,-25.0,3.631332
1983-12-07,31.5,-25.0,24.245636
1983-12-08,31.5,-25.0,1.8946542
1983-12-09,31.5,-25.0,0.05301214
1983-12-10,31.5,-25.0,2.5785108
1983-12-11,31.5,-25.0,1.597786
1983-12-12,31.5,-25.0,0.90438724
1983-12-13,31.5,-25.0,0.14101231
1983-12-14,31.5,-25.0,0.0042409715
1983-12-15,31.5,-25.0,0.0
1983-12-16,31.5,-25.0,0.0
1983-12-17,31.5,-25.0,0.47180808
1983-12-18,31.5,-25.0,10.03944
1983-12-19,31.5,-25.0,0.02544583
1983-12-20,31.5,-25.0,0.0021204858
1983-12-21,31.5,-25.0,0.5311817
1983-12-22,31.5,-25.0,0.018024128
1983-12-23,31.5,-25.0,0.008481943
1983-12-24,31.5,-25.0,0.0021204858
1983-12-25,31.5,-25.0,0.19296423
1983-12-26,31.5,-25.0,1.2638094
1983-12-27,31.5,-25.0,4.2356706
1983-12-28,31.5,-25.0,0.2544583
1983-12-29,31.5,-25.0,0.2152293
1983-12-30,31.5,-25.0,4.4986105
1983-12-31,31.5,-25.0,0.17175934
1984-01-01,31.5,-25.0,0.00096000475
1984-01-02,31.5,-25.0,3.9888196
1984-01-03,31.5,-25.0,3.686418
1984-01-04,31.5,-25.0,0.0
1984-01-05,31.5,-25.0,0.0
1984-01-06,31.5,-25.0,0.0
1984-01-07,31.5,-25.0,0.044160217
1984-01-08,31.5,-25.0,1.1635256
1984-01-09,31.5,-25.0,12.514621
1984-01-10,31.5,-25.0,6.441632
1984-01-11,31.5,-25.0,0.19680095
1984-01-12,31.5,-25.0,3.7814589
1984-01-13,31.5,-25.0,7.0483546
1984-01-14,31.5,-25.0,0.5760028
1984-01-15,31.5,-25.0,0.04896024
1984-01-16,31.5,-25.0,0.011520058
1984-01-17,31.5,-25.0,0.0028800145
1984-01-18,31.5,-25.0,0.0
1984-01-19,31.5,-25.0,0.63648313
1984-01-20,31.5,-25.0,0.12576061
1984-01-21,31.5,-25.0,0.20544098
1984-01-22,31.5,-25.0,1.6492882
1984-01-23,31.5,-25.0,0.97056466
1984-01-24,31.5,-25.0,0.37632185
1984-01-25,31.5,-25.0,0.0
1984-01-26,31.5,-25.0,0.0
1984-01-27,31.5,-25.0,3.1132956
1984-01-28,31.5,-25.0,0.7651237
1984-01-29,31.5,-25.0,65.5952
1984-01-30,31.5,-25.0,49.278957
1984-01-31,31.5,-25.0,45.006634
1984-02-01,31.5,-25.0,11.052816
1984-02-02,31.5,-25.0,11.788034
1984-02-03,31.5,-25.0,16.32835
1984-02-04,31.5,-25.0,0.013311711
1984-02-05,31.5,-25.0,0.033791266
1984-02-06,31.5,-25.0,0.20786749
1984-02-07,31.5,-25.0,0.16486043
1984-02-08,31.5,-25.0,21.644844
1984-02-09,31.5,-25.0,1.5185591
1984-02-10,31.5,-25.0,0.35634428
1984-02-11,31.5,-25.0,-1.6653347e-13
1984-02-12,31.5,-25.0,0.05222287
1984-02-13,31.5,-25.0,0.74135995
1984-02-14,31.5,-25.0,0.2262991
1984-02-15,31.5,-25.0,-1.6653347e-13
1984-02-16,31.5,-25.0,0.30412143
1984-02-17,31.5,-25.0,-1.6653347e-13
1984-02-18,31.5,-25.0,2.5066977
1984-02-19,31.5,-25.0,-1.6653347e-13
1984-02-20,31.5,-25.0,0.20684351
1984-02-21,31.5,-25.0,0.25701845
1984-02-22,31.5,-25.0,0.012287733
1984-02-23,31.5,-25.0,0.0010239778
1984-02-24,31.5,-25.0,2.1943843
1984-02-25,31.5,-25.0,1.8533998
1984-02-26,31.5,-25.0,0.23858683
1984-02-27,31.5,-25.0,0.53758836
1984-02-28,31.5,-25.0,0.25189856
1984-02-29,31.5,-25.0,0.0010239778
1984-03-01,31.5,-25.0,-1.6653347e-13
1984-03-02,31.5,-25.0,-1.6653347e-13
1984-03-03,31.5,-25.0,0.09723367
1984-03-04,31.5,-25.0,1.1248399
1984-03-05,31.5,-25.0,0.07164585
1984-03-06,31.5,-25.0,0.0030705363
1984-03-07,31.5,-25.0,4.538253
1984-03-08,31.5,-25.0,2.5024872
1984-03-09,31.5,-25.0,0.8904555
1984-03-10,31.5,-25.0,0.08188097
1984-03-11,31.5,-25.0,0.13100955
1984-03-12,31.5,-25.0,0.53529686
1984-03-13,31.5,-25.0,4.225058
1984-03-14,31.5,-25.0,3.0255022
1984-03-15,31.5,-25.0,0.3275239
1984-03-16,31.5,-25.0,-1.6653347e-13
1984-03-17,31.5,-25.0,-1.6653347e-13
1984-03-18,31.5,-25.0,0.041964002
1984-03-19,31.5,-25.0,0.011258632
1984-03-20,31.5,-25.0,-1.6653347e-13
1984-03-21,31.5,-25.0,12.321039
1984-03-22,31.5,-25.0,28.481272
1984-03-23,31.5,-25.0,14.312794
1984-03-24,31.5,-25.0,1.0859464
1984-03-25,31.5,-25.0,17.983109
1984-03-26,31.5,-25.0,1.81264
1984-03-27,31.5,-25.0,1.5997493
1984-03-28,31.5,-25.0,0.026611317
1984-03-29,31.5,-25.0,0.052199118
1984-03-30,31.5,-25.0,0.04912858
1984-03-31,31.5,-25.0,1.7537847
1984-04-01,31.5,-25.0,0.7956471
1984-04-02,31.5,-25.0,0.040055458
1984-04-03,31.5,-25.0,0.020027729
1984-04-04,31.5,-25.0,0.0036414054
1984-04-05,31.5,-25.0,0.0
1984-04-06,31.5,-25.0,0.0
1984-04-07,31.5,-25.0,0.0
1984-04-08,31.5,-25.0,0.5525832
1984-04-09,31.5,-25.0,5.436618
1984-04-10,31.5,-25.0,0.023669131
1984-04-11,31.5,-25.0,0.0
1984-04-12,31.5,-25.0,0.0
1984-04-13,31.5,-25.0,0.00091035134
1984-04-14,31.5,-25.0,0.0072828108
1984-04-15,31.5,-25.0,0.0
1984-04-16,31.5,-25.0,0.010013864
1984-04-17,31.5,-25.0,0.20847045
1984-04-18,31.5,-25.0,0.26036048
1984-04-19,31.5,-25.0,0.23487063
1984-04-20,31.5,-25.0,0.090124786
1984-04-21,31.5,-25.0,0.0036414054
1984-04-22,31.5,-25.0,0.0
1984-04-23,31.5,-25.0,0.0
1984-04-24,31.5,-25.0,1.370989
1984-04-25,31.5,-25.0,0.6736599
1984-04-26,31.5,-25.0,0.0054621077
1984-04-27,31.5,-25.0,0.0
1984-04-28,31.5,-25.0,0.0
1984-04-29,31.5,-25.0,0.090124786
1984-04-30,31.5,-25.0,0.26036048
1984-05-01,31.5,-25.0,0.0
1984-05-02,31.5,-25.0,0.0
1984-05-03,31.5,-25.0,0.0
1984-05-04,31.5,-25.0,0.0
1984-05-05,31.5,-25.0,0.0
1984-05-06,31.5,-25.0,0.127789
1984-05-07,31.5,-25.0,0.0029892165
1984-05-08,31.5,-25.0,0.0007473042
1984-05-09,31.5,-25.0,0.0
1984-05-10,31.5,-25.0,0.0
1984-05-11,31.5,-25.0,0.0
1984-05-12,31.5,-25.0,0.0
1984-05-13,31.5,-25.0,0.0007473042
1984-05-14,31.5,-25.0,0.0
1984-05-15,31.5,-25.0,0.0
1984-05-16,31.5,-25.0,0.0
1984-05-17,31.5,-25.0,0.013451474
1984-05-18,31.5,-25.0,0.063520856
1984-05-19,31.5,-25.0,0.7779436
1984-05-20,31.5,-25.0,0.34899107
1984-05-21,31.5,-25.0,0.55375236
1984-05-22,31.5,-25.0,0.7816802
1984-05-23,31.5,-25.0,0.0022419125
1984-05-24,31.5,-25.0,0.0
1984-05-25,31.5,-25.0,0.0
1984-05-26,31.5,-25.0,0.0
1984-05-27,31.5,-25.0,0.0
1984-05-28,31.5,-25.0,0.0
1984-05-29,31.5,-25.0,0.005978433
1984-05-30,31.5,-25.0,0.3572114
1984-05-31,31.5,-25.0,1.8092234
1984-06-01,31.5,-25.0,0.0
1984-06-02,31.5,-25.0,0.0
1984-06-03,31.5,-25.0,0.0
1984-06-04,31.5,-25.0,0.0
1984-06-05,31.5,-25.0,0.0
1984-06-06,31.5,-25.0,0.0
1984-06-07,31.5,-25.0,0.00417077
1984-06-08,31.5,-25.0,0.0
1984-06-09,31.5,-25.0,0.0
1984-06-10,31.5,-25.0,0.0
1984-06-11,31.5,-25.0,0.0
1984-06-12,31.5,-25.0,0.0
1984-06-13,31.5,-25.0,0.10760587
1984-06-14,31.5,-25.0,3.4550657
1984-06-15,31.5,-25.0,0.0
1984-06-16,31.5,-25.0,0.0
1984-06-17,31.5,-25.0,0.0
1984-06-18,31.5,-25.0,0.0
1984-06-19,31.5,-25.0,0.0
1984-06-20,31.5,-25.0,0.0
1984-06-21,31.5,-25.0,0.26109022
1984-06-22,31.5,-25.0,0.0
1984-06-23,31.5,-25.0,2.708498
1984-06-24,31.5,-25.0,0.85333955
1984-06-25,31.5,-25.0,0.019185541
1984-06-26,31.5,-25.0,0.0
1984-06-27,31.5,-25.0,0.00083415397
1984-06-28,31.5,-25.0,0.00083415397
1984-06-29,31.5,-25.0,0.0
1984-06-30,31.5,-25.0,-6.938894e-15
1984-07-01,31.5,-25.0,-1.6653347e-13
1984-07-02,31.5,-25.0,-1.6653347e-13
1984-07-03,31.5,-25.0,0.28283468
1984-07-04,31.5,-25.0,-1.6653347e-13
1984-07-05,31.5,-25.0,-1.6653347e-13
1984-07-06,31.5,-25.0,-1.6653347e-13
1984-07-07,31.5,-25.0,-1.6653347e-13
1984-07-08,31.5,-25.0,0.16768056
1984-07-09,31.5,-25.0,0.15353882
1984-07-10,31.5,-25.0,22.309593
1984-07-11,31.5,-25.0,32.695686
1984-07-12,31.5,-25.0,4.1647406
1984-07-13,31.5,-25.0,-1.6653347e-13
1984-07-14,31.5,-25.0,-1.6653347e-13
1984-07-15,31.5,-25.0,-1.6653347e-13
1984-07-16,31.5,-25.0,0.0040404955
1984-07-17,31.5,-25.0,-1.6653347e-13
1984-07-18,31.5,-25.0,-1.6653347e-13
1984-07-19,31.5,-25.0,-1.6653347e-13
1984-07-20,31.5,-25.0,-1.6653347e-13
1984-07-21,31.5,-25.0,13.789201
1984-07-22,31.5,-25.0,26.099579
1984-07-23,31.5,-25.0,0.2868752
1984-07-24,31.5,-25.0,0.64950955
1984-07-25,31.5,-25.0,2.016207
1984-07-26,31.5,-25.0,-1.6653347e-13
1984-07-27,31.5,-25.0,-1.6653347e-13
1984-07-28,31.5,-25.0,0.0010101239
1984-07-29,31.5,-25.0,0.1313161
1984-07-30,31.5,-25.0,0.06161755
1984-07-31,31.5,-25.0,0.27576375
1984-08-01,31.5,-25.0,0.5438707
1984-08-02,31.5,-25.0,0.0
1984-08-03,31.5,-25.0,0.0
1984-08-04,31.5,-25.0,0.0
1984-08-05,31.5,-25.0,0.005438707
1984-08-06,31.5,-25.0,0.10877414
1984-08-07,31.5,-25.0,0.079767704
1984-08-08,31.5,-25.0,0.0
1984-08-09,31.5,-25.0,0.0
1984-08-10,31.5,-25.0,0.0045322557
1984-08-11,31.5,-25.0,0.06979674
1984-08-12,31.5,-25.0,0.0018129023
1984-08-13,31.5,-25.0,0.0
1984-08-14,31.5,-25.0,0.116025746
1984-08-15,31.5,-25.0,0.00815806
1984-08-16,31.5,-25.0,0.08158061
1984-08-17,31.5,-25.0,0.005438707
1984-08-18,31.5,-25.0,0.015409669
1984-08-19,31.5,-25.0,0.0
1984-08-20,31.5,-25.0,0.0
1984-08-21,31.5,-25.0,0.028099988
1984-08-22,31.5,-25.0,0.0389774
1984-08-23,31.5,-25.0,0.0
1984-08-24,31.5,-25.0,0.0
1984-08-25,31.5,-25.0,0.3788966
1984-08-26,31.5,-25.0,0.028099988
1984-08-27,31.5,-25.0,0.117838666
1984-08-28,31.5,-25.0,0.012690316
1984-08-29,31.5,-25.0,0.32722887
1984-08-30,31.5,-25.0,3.5052466
1984-08-31,31.5,-25.0,1.9807172
1984-09-01,31.5,-25.0,0.0073325215
1984-09-02,31.5,-25.0,0.0
1984-09-03,31.5,-25.0,0.0
1984-09-04,31.5,-25.0,0.021997565
1984-09-05,31.5,-25.0,0.0
1984-09-06,31.5,-25.0,0.0
1984-09-07,31.5,-25.0,0.03849574
1984-09-08,31.5,-25.0,0.013748478
1984-09-09,31.5,-25.0,0.0
1984-09-10,31.5,-25.0,0.17598052
1984-09-11,31.5,-25.0,0.18331304
1984-09-12,31.5,-25.0,0.0
1984-09-13,31.5,-25.0,12.209566
1984-09-14,31.5,-25.0,1.2007004
1984-09-15,31.5,-25.0,0.0
1984-09-16,31.5,-25.0,0.31254876
1984-09-17,31.5,-25.0,0.13565165
1984-09-18,31.5,-25.0,0.04582826
1984-09-19,31.5,-25.0,0.037579175
1984-09-20,31.5,-25.0,1.0448844
1984-09-21,31.5,-25.0,0.008249086
1984-09-22,31.5,-25.0,0.021997565
1984-09-23,31.5,-25.0,0.5261084
1984-09-24,31.5,-25.0,0.13748479
1984-09-25,31.5,-25.0,0.0
1984-09-26,31.5,-25.0,0.054993913
1984-09-27,31.5,-25.0,1.2089496
1984-09-28,31.5,-25.0,0.014665043
1984-09-29,31.5,-25.0,0.2291413
1984-09-30,31.5,-25.0,0.0
1984-10-01,31.5,-25.0,0.0
1984-10-02,31.5,-25.0,0.0
1984-10-03,31.5,-25.0,0.12554431
1984-10-04,31.5,-25.0,13.905012
1984-10-05,31.5,-25.0,6.335084
1984-10-06,31.5,-25.0,1.4221816
1984-10-07,31.5,-25.0,0.5492563
1984-10-08,31.5,-25.0,0.0009808149
1984-10-09,31.5,-25.0,0.9710067
1984-10-10,31.5,-25.0,1.5349753
1984-10-11,31.5,-25.0,1.7978337
1984-10-12,31.5,-25.0,0.70814836
1984-10-13,31.5,-25.0,0.9886614
1984-10-14,31.5,-25.0,0.5217935
1984-10-15,31.5,-25.0,5.6436086
1984-10-16,31.5,-25.0,0.92883164
1984-10-17,31.5,-25.0,0.95923686
1984-10-18,31.5,-25.0,0.0
1984-10-19,31.5,-25.0,0.0019616298
1984-10-20,31.5,-25.0,1.3270425
1984-10-21,31.5,-25.0,0.014712222
1984-10-22,31.5,-25.0,8.107416
1984-10-23,31.5,-25.0,1.8939533
1984-10-24,31.5,-25.0,0.031386077
1984-10-25,31.5,-25.0,0.07650356
1984-10-26,31.5,-25.0,0.13142918
1984-10-27,31.5,-25.0,0.0
1984-10-28,31.5,-25.0,0.0
1984-10-29,31.5,-25.0,0.02844363
1984-10-30,31.5,-25.0,15.800928
1984-10-31,31.5,-25.0,15.589036
1984-11-01,31.5,-25.0,6.983364
1984-11-02,31.5,-25.0,11.922473
1984-11-03,31.5,-25.0,0.06332189
1984-11-04,31.5,-25.0,8.3266734e-14
1984-11-05,31.5,-25.0,0.5387086
1984-11-06,31.5,-25.0,0.0047255144
1984-11-07,31.5,-25.0,0.007560823
1984-11-08,31.5,-25.0,0.26084837
1984-11-09,31.5,-25.0,8.3266734e-14
1984-11-10,31.5,-25.0,0.11152214
1984-11-11,31.5,-25.0,0.40922955
1984-11-12,31.5,-25.0,26.594246
1984-11-13,31.5,-25.0,2.0905676
1984-11-14,31.5,-25.0,0.034968805
1984-11-15,31.5,-25.0,1.1379037
1984-11-16,31.5,-25.0,0.6086463
1984-11-17,31.5,-25.0,0.088839665
1984-11-18,31.5,-25.0,2.1548345
1984-11-19,31.5,-25.0,1.6293573
1984-11-20,31.5,-25.0,1.6785026
1984-11-21,31.5,-25.0,0.44986898
1984-11-22,31.5,-25.0,8.3266734e-14
1984-11-23,31.5,-25.0,8.3266734e-14
1984-11-24,31.5,-25.0,0.12002807
1984-11-25,31.5,-25.0,1.488537
1984-11-26,31.5,-25.0,0.3600842
1984-11-27,31.5,-25.0,0.6908702
1984-11-28,31.5,-25.0,0.6039207
1984-11-29,31.5,-25.0,54.64112
1984-11-30,31.5,-25.0,10.018846
1984-12-01,31.5,-25.0,0.07830025
1984-12-02,31.5,-25.0,0.0
1984-12-03,31.5,-25.0,0.9057696
1984-12-04,31.5,-25.0,0.53940177
1984-12-05,31.5,-25.0,2.0367732
1984-12-06,31.5,-25.0,0.102467
1984-12-07,31.5,-25.0,0.3799012
1984-12-08,31.5,-25.0,0.111167036
1984-12-09,31.5,-25.0,0.0
1984-12-10,31.5,-25.0,1.414238
1984-12-11,31.5,-25.0,1.2421707
1984-12-12,31.5,-25.0,0.1981673
1984-12-13,31.5,-25.0,0.018366726
1984-12-14,31.5,-25.0,7.3234906
1984-12-15,31.5,-25.0,6.215687
1984-12-16,31.5,-25.0,0.19720066
1984-12-17,31.5,-25.0,0.28806758
1984-12-18,31.5,-25.0,0.058000192
1984-12-19,31.5,-25.0,1.5350715
1984-12-20,31.5,-25.0,0.8690362
1984-12-21,31.5,-25.0,11.514972
1984-12-22,31.5,-25.0,3.0082765
1984-12-23,31.5,-25.0,0.52296835
1984-12-24,31.5,-25.0,3.4635777
1984-12-25,31.5,-25.0,0.10150033
1984-12-26,31.5,-25.0,0.07153356
1984-12-27,31.5,-25.0,0.061866872
1984-12-28,31.5,-25.0,0.0019333398
1984-12-29,31.5,-25.0,0.6534688
1984-12-30,31.5,-25.0,0.55776846
1984-12-31,31.5,-25.0,0.0
1985-01-01,31.5,-25.0,0.0
1985-01-02,31.5,-25.0,0.021136196
1985-01-03,31.5,-25.0,0.0
1985-01-04,31.5,-25.0,0.6844102
1985-01-05,31.5,-25.0,1.0779461
1985-01-06,31.5,-25.0,9.293888
1985-01-07,31.5,-25.0,17.891289
1985-01-08,31.5,-25.0,15.700169
1985-01-09,31.5,-25.0,4.0148716
1985-01-10,31.5,-25.0,0.049317792
1985-01-11,31.5,-25.0,0.27074465
1985-01-12,31.5,-25.0,0.024155656
1985-01-13,31.5,-25.0,0.0
1985-01-14,31.5,-25.0,0.17009607
1985-01-15,31.5,-25.0,18.477062
1985-01-16,31.5,-25.0,13.11048
1985-01-17,31.5,-25.0,3.9263005
1985-01-18,31.5,-25.0,9.73473
1985-01-19,31.5,-25.0,32.146145
1985-01-20,31.5,-25.0,7.4942913
1985-01-21,31.5,-25.0,0.0010064855
1985-01-22,31.5,-25.0,0.051330764
1985-01-23,31.5,-25.0,1.2017438
1985-01-24,31.5,-25.0,0.64314437
1985-01-25,31.5,-25.0,1.340639
1985-01-26,31.5,-25.0,0.24658898
1985-01-27,31.5,-25.0,1.7170646
1985-01-28,31.5,-25.0,1.9898221
1985-01-29,31.5,-25.0,0.5314244
1985-01-30,31.5,-25.0,5.6000857
1985-01-31,31.5,-25.0,1.705406
1985-02-01,31.5,-25.0,2.3865335
1985-02-02,31.5,-25.0,1.35321
1985-02-03,31.5,-25.0,0.08072841
1985-02-04,31.5,-25.0,0.1574204
1985-02-05,31.5,-25.0,0.107974246
1985-02-06,31.5,-25.0,1.3562373
1985-02-07,31.5,-25.0,1.075706
1985-02-08,31.5,-25.0,30.61322
1985-02-09,31.5,-25.0,33.94024
1985-02-10,31.5,-25.0,17.415134
1985-02-11,31.5,-25.0,10.815588
1985-02-12,31.5,-25.0,0.6710549
1985-02-13,31.5,-25.0,1.2906455
1985-02-14,31.5,-25.0,0.6902279
1985-02-15,31.5,-25.0,1.6014497
1985-02-16,31.5,-25.0,0.5509714
1985-02-17,31.5,-25.0,0.82847524
1985-02-18,31.5,-25.0,0.8526938
1985-02-19,31.5,-25.0,1.843635
1985-02-20,31.5,-25.0,0.001009105
1985-02-21,31.5,-25.0,0.0787102
1985-02-22,31.5,-25.0,0.03128226
1985-02-23,31.5,-25.0,0.20888476
1985-02-24,31.5,-25.0,0.22099403
1985-02-25,31.5,-25.0,1.5610855
1985-02-26,31.5,-25.0,1.0302963
1985-02-27,31.5,-25.0,0.0050455257
1985-02-28,31.5,-25.0,0.16448414
1985-03-01,31.5,-25.0,-1.6653347e-13
1985-03-02,31.5,-25.0,3.530849
1985-03-03,31.5,-25.0,5.7661085
1985-03-04,31.5,-25.0,1.8509921
1985-03-05,31.5,-25.0,0.63624585
1985-03-06,31.5,-25.0,4.0642037
1985-03-07,31.5,-25.0,2.4840884
1985-03-08,31.5,-25.0,0.60369855
1985-03-09,31.5,-25.0,1.805846
1985-03-10,31.5,-25.0,0.0031497316
1985-03-11,31.5,-25.0,-1.6653347e-13
1985-03-12,31.5,-25.0,0.31182343
1985-03-13,31.5,-25.0,0.6477948
1985-03-14,31.5,-25.0,0.11549015
1985-03-15,31.5,-25.0,6.0411854
1985-03-16,31.5,-25.0,12.302853
1985-03-17,31.5,-25.0,50.12693
1985-03-18,31.5,-25.0,0.15328693
1985-03-19,31.5,-25.0,2.9848957
1985-03-20,31.5,-25.0,0.5249553
1985-03-21,31.5,-25.0,-1.6653347e-13
1985-03-22,31.5,-25.0,1.3228874
1985-03-23,31.5,-25.0,0.5239054
1985-03-24,31.5,-25.0,1.0740584
1985-03-25,31.5,-25.0,0.6110479
1985-03-26,31.5,-25.0,2.6405249
1985-03-27,31.5,-25.0,0.5186558
1985-03-28,31.5,-25.0,-1.6653347e-13
1985-03-29,31.5,-25.0,0.12493935
1985-03-30,31.5,-25.0,0.15958638
1985-03-31,31.5,-25.0,0.56283045
1985-04-01,31.5,-25.0,2.7246885
1985-04-02,31.5,-25.0,1.1567818
1985-04-03,31.5,-25.0,0.051813006
1985-04-04,31.5,-25.0,0.0011263698
1985-04-05,31.5,-25.0,0.0
1985-04-06,31.5,-25.0,0.032664724
1985-04-07,31.5,-25.0,0.34692186
1985-04-08,31.5,-25.0,0.054065745
1985-04-09,31.5,-25.0,0.006758218
1985-04-10,31.5,-25.0,1.8720264
1985-04-11,31.5,-25.0,0.8335136
1985-04-12,31.5,-25.0,0.15205993
1985-04-13,31.5,-25.0,0.79859626
1985-04-14,31.5,-25.0,0.39197668
1985-04-15,31.5,-25.0,0.0
1985-04-16,31.5,-25.0,0.0
1985-04-17,31.5,-25.0,0.0
1985-04-18,31.5,-25.0,0.0
1985-04-19,31.5,-25.0,0.023653764
1985-04-20,31.5,-25.0,1.2423859
1985-04-21,31.5,-25.0,1.6039506
1985-04-22,31.5,-25.0,0.0
1985-04-23,31.5,-25.0,0.0
1985-04-24,31.5,-25.0,0.7670579
1985-04-25,31.5,-25.0,0.45730615
1985-04-26,31.5,-25.0,1.0903261
1985-04-27,31.5,-25.0,4.4446554
1985-04-28,31.5,-25.0,0.0
1985-04-29,31.5,-25.0,0.030411987
1985-04-30,31.5,-25.0,0.1678291
1985-05-01,31.5,-25.0,-8.3266734e-14
1985-05-02,31.5,-25.0,0.28349093
1985-05-03,31.5,-25.0,5.443722
1985-05-04,31.5,-25.0,1.0052623
1985-05-05,31.5,-25.0,-8.3266734e-14
1985-05-06,31.5,-25.0,-8.3266734e-14
1985-05-07,31.5,-25.0,-8.3266734e-14
1985-05-08,31.5,-25.0,0.07478595
1985-05-09,31.5,-25.0,0.4208884
1985-05-10,31.5,-25.0,0.7426419
1985-05-11,31.5,-25.0,1.6383343
1985-05-12,31.5,-25.0,2.98709
1985-05-13,31.5,-25.0,6.211582
1985-05-14,31.5,-25.0,-8.3266734e-14
1985-05-15,31.5,-25.0,-8.3266734e-14
1985-05-16,31.5,-25.0,-8.3266734e-14
1985-05-17,31.5,-25.0,-8.3266734e-14
1985-05-18,31.5,-25.0,-8.3266734e-14
1985-05-19,31.5,-25.0,-8.3266734e-14
1985-05-20,31.5,-25.0,-8.3266734e-14
1985-05-21,31.5,-25.0,-8.3266734e-14
1985-05-22,31.5,-25.0,-8.3266734e-14
1985-05-23,31.5,-25.0,-8.3266734e-14
1985-05-24,31.5,-25.0,0.6730736
1985-05-25,31.5,-25.0,0.3617553
1985-05-26,31.5,-25.0,-8.3266734e-14
1985-05-27,31.5,-25.0,-8.3266734e-14
1985-05-28,31.5,-25.0,-8.3266734e-14
1985-05-29,31.5,-25.0,1.0835267
1985-05-30,31.5,-25.0,0.04869783
1985-05-31,31.5,-25.0,-7.979728e-14
1985-06-01,31.5,-25.0,0.0
1985-06-02,31.5,-25.0,0.0007407847
1985-06-03,31.5,-25.0,0.0
1985-06-04,31.5,-25.0,0.0
1985-06-05,31.5,-25.0,0.0059262775
1985-06-06,31.5,-25.0,0.0
1985-06-07,31.5,-25.0,0.0
1985-06-08,31.5,-25.0,0.0
1985-06-09,31.5,-25.0,0.0
1985-06-10,31.5,-25.0,0.0
1985-06-11,31.5,-25.0,0.0
1985-06-12,31.5,-25.0,0.0
1985-06-13,31.5,-25.0,0.0
1985-06-14,31.5,-25.0,1.0993243
1985-06-15,31.5,-25.0,0.0866718
1985-06-16,31.5,-25.0,0.0
1985-06-17,31.5,-25.0,0.0
1985-06-18,31.5,-25.0,0.0
1985-06-19,31.5,-25.0,0.0007407847
1985-06-20,31.5,-25.0,0.010370985
1985-06-21,31.5,-25.0,0.0
1985-06-22,31.5,-25.0,0.0
1985-06-23,31.5,-25.0,0.0
1985-06-24,31.5,-25.0,1.8660364
1985-06-25,31.5,-25.0,0.47113904
1985-06-26,31.5,-25.0,0.0037039232
1985-06-27,31.5,-25.0,0.0
1985-06-28,31.5,-25.0,0.19927108
1985-06-29,31.5,-25.0,0.053336494
1985-06-30,31.5,-25.0,0.0573941
1985-07-01,31.5,-25.0,0.1649131
1985-07-02,31.5,-25.0,0.0010179821
1985-07-03,31.5,-25.0,0.0
1985-07-04,31.5,-25.0,0.0
1985-07-05,31.5,-25.0,0.0
1985-07-06,31.5,-25.0,0.0
1985-07-07,31.5,-25.0,0.14149952
1985-07-08,31.5,-25.0,0.016287714
1985-07-09,31.5,-25.0,0.08958243
1985-07-10,31.5,-25.0,0.017305698
1985-07-11,31.5,-25.0,0.0
1985-07-12,31.5,-25.0,0.5313867
1985-07-13,31.5,-25.0,0.2453337
1985-07-14,31.5,-25.0,0.068204805
1985-07-15,31.5,-25.0,0.059042964
1985-07-16,31.5,-25.0,0.0020359643
1985-07-17,31.5,-25.0,0.06718682
1985-07-18,31.5,-25.0,0.0
1985-07-19,31.5,-25.0,0.0
1985-07-20,31.5,-25.0,0.0
1985-07-21,31.5,-25.0,0.0
1985-07-22,31.5,-25.0,0.0
1985-07-23,31.5,-25.0,0.0
1985-07-24,31.5,-25.0,0.0
1985-07-25,31.5,-25.0,0.0
1985-07-26,31.5,-25.0,0.0
1985-07-27,31.5,-25.0,0.0
1985-07-28,31.5,-25.0,0.0
1985-07-29,31.5,-25.0,0.045809194
1985-07-30,31.5,-25.0,0.0
1985-07-31,31.5,-25.0,0.0
1985-08-01,31.5,-25.0,0.0
1985-08-02,31.5,-25.0,0.0
1985-08-03,31.5,-25.0,0.028310666
1985-08-04,31.5,-25.0,0.05388159
1985-08-05,31.5,-25.0,0.008219225
1985-08-06,31.5,-25.0,0.0
1985-08-07,31.5,-25.0,0.0
1985-08-08,31.5,-25.0,0.0
1985-08-09,31.5,-25.0,0.0
1985-08-10,31.5,-25.0,0.0
1985-08-11,31.5,-25.0,0.0
1985-08-12,31.5,-25.0,0.0
1985-08-13,31.5,-25.0,0.12602812
1985-08-14,31.5,-25.0,0.0
1985-08-15,31.5,-25.0,0.61644185
1985-08-16,31.5,-25.0,0.49771973
1985-08-17,31.5,-25.0,0.0036529892
1985-08-18,31.5,-25.0,0.043835867
1985-08-19,31.5,-25.0,0.09589096
1985-08-20,31.5,-25.0,0.0
1985-08-21,31.5,-25.0,0.13881359
1985-08-22,31.5,-25.0,0.0
1985-08-23,31.5,-25.0,0.0036529892
1985-08-24,31.5,-25.0,0.06940679
1985-08-25,31.5,-25.0,1.5790045
1985-08-26,31.5,-25.0,0.009132473
1985-08-27,31.5,-25.0,0.0
1985-08-28,31.5,-25.0,0.0
1985-08-29,31.5,-25.0,0.0
1985-08-30,31.5,-25.0,0.0
1985-08-31,31.5,-25.0,0.85355556
1985-09-01,31.5,-25.0,7.214028
1985-09-02,31.5,-25.0,0.0
1985-09-03,31.5,-25.0,0.0
1985-09-04,31.5,-25.0,0.12286371
1985-09-05,31.5,-25.0,0.49265945
1985-09-06,31.5,-25.0,0.25656837
1985-09-07,31.5,-25.0,2.50907
1985-09-08,31.5,-25.0,0.65165955
1985-09-09,31.5,-25.0,0.0
1985-09-10,31.5,-25.0,0.0
1985-09-11,31.5,-25.0,0.0
1985-09-12,31.5,-25.0,0.36979568
1985-09-13,31.5,-25.0,0.35172755
1985-09-14,31.5,-25.0,7.6705513
1985-09-15,31.5,-25.0,0.22765924
1985-09-16,31.5,-25.0,1.706842
1985-09-17,31.5,-25.0,1.7369559
1985-09-18,31.5,-25.0,0.0012045463
1985-09-19,31.5,-25.0,0.0012045463
1985-09-20,31.5,-25.0,0.41436392
1985-09-21,31.5,-25.0,0.44327304
1985-09-22,31.5,-25.0,0.014454556
1985-09-23,31.5,-25.0,0.0
1985-09-24,31.5,-25.0,0.0
1985-09-25,31.5,-25.0,0.00963637
1985-09-26,31.5,-25.0,0.44568217
1985-09-27,31.5,-25.0,0.22525015
1985-09-28,31.5,-25.0,0.0
1985-09-29,31.5,-25.0,0.0
1985-09-30,31.5,-25.0,0.060227316
1985-10-01,31.5,-25.0,-1.6653347e-13
1985-10-02,31.5,-25.0,-1.6653347e-13
1985-10-03,31.5,-25.0,-1.6653347e-13
1985-10-04,31.5,-25.0,0.0010171672
1985-10-05,31.5,-25.0,0.02542918
1985-10-06,31.5,-25.0,0.43534762
1985-10-07,31.5,-25.0,0.0071201706
1985-10-08,31.5,-25.0,0.3671974
1985-10-09,31.5,-25.0,4.427729
1985-10-10,31.5,-25.0,0.10883689
1985-10-11,31.5,-25.0,0.13630041
1985-10-12,31.5,-25.0,-1.6653347e-13
1985-10-13,31.5,-25.0,0.0589957
1985-10-14,31.5,-25.0,0.57978535
1985-10-15,31.5,-25.0,0.027463514
1985-10-16,31.5,-25.0,5.3136816
1985-10-17,31.5,-25.0,0.66319305
1985-10-18,31.5,-25.0,1.7617338
1985-10-19,31.5,-25.0,4.9098663
1985-10-20,31.5,-25.0,0.14545491
1985-10-21,31.5,-25.0,0.0010171672
1985-10-22,31.5,-25.0,0.11392273
1985-10-23,31.5,-25.0,-1.6653347e-13
1985-10-24,31.5,-25.0,-1.6653347e-13
1985-10-25,31.5,-25.0,0.0010171672
1985-10-26,31.5,-25.0,0.09764807
1985-10-27,31.5,-25.0,0.13630041
1985-10-28,31.5,-25.0,0.43229604
1985-10-29,31.5,-25.0,9.351835
1985-10-30,31.5,-25.0,8.927677
1985-10-31,31.5,-25.0,8.210573
1985-11-01,31.5,-25.0,6.259261
1985-11-02,31.5,-25.0,7.423024
1985-11-03,31.5,-25.0,0.009492358
1985-11-04,31.5,-25.0,0.0
1985-11-05,31.5,-25.0,0.3047047
1985-11-06,31.5,-25.0,1.3963258
1985-11-07,31.5,-25.0,0.14713155
1985-11-08,31.5,-25.0,1.3744934
1985-11-09,31.5,-25.0,27.629406
1985-11-10,31.5,-25.0,1.0166316
1985-11-11,31.5,-25.0,0.31989247
1985-11-12,31.5,-25.0,0.03132478
1985-11-13,31.5,-25.0,0.00094923575
1985-11-14,31.5,-25.0,0.0
1985-11-15,31.5,-25.0,0.0
1985-11-16,31.5,-25.0,0.652125
1985-11-17,31.5,-25.0,1.066941
1985-11-18,31.5,-25.0,0.10536517
1985-11-19,31.5,-25.0,1.0128347
1985-11-20,31.5,-25.0,0.018984715
1985-11-21,31.5,-25.0,0.00094923575
1985-11-22,31.5,-25.0,0.115806766
1985-11-23,31.5,-25.0,0.165167
1985-11-24,31.5,-25.0,0.716673
1985-11-25,31.5,-25.0,3.3640916
1985-11-26,31.5,-25.0,4.2345405
1985-11-27,31.5,-25.0,1.0650426
1985-11-28,31.5,-25.0,0.13953766
1985-11-29,31.5,-25.0,0.233512
1985-11-30,31.5,-25.0,14.958408
1985-12-01,31.5,-25.0,1.8663988
1985-12-02,31.5,-25.0,-1.6653347e-13
1985-12-03,31.5,-25.0,0.01333936
1985-12-04,31.5,-25.0,2.4633355
1985-12-05,31.5,-25.0,2.3921924
1985-12-06,31.5,-25.0,0.0011116135
1985-12-07,31.5,-25.0,4.613196
1985-12-08,31.5,-25.0,0.09226392
1985-12-09,31.5,-25.0,-1.6653347e-13
1985-12-10,31.5,-25.0,8.989618
1985-12-11,31.5,-25.0,12.900275
1985-12-12,31.5,-25.0,0.09559876
1985-12-13,31.5,-25.0,0.06780843
1985-12-14,31.5,-25.0,4.1885595
1985-12-15,31.5,-25.0,5.0167117
1985-12-16,31.5,-25.0,0.16229557
1985-12-17,31.5,-25.0,0.7181023
1985-12-18,31.5,-25.0,1.5406964
1985-12-19,31.5,-25.0,1.7985907
1985-12-20,31.5,-25.0,0.327926
1985-12-21,31.5,-25.0,9.329771
1985-12-22,31.5,-25.0,0.01889743
1985-12-23,31.5,-25.0,0.2656756
1985-12-24,31.5,-25.0,0.007781294
1985-12-25,31.5,-25.0,4.94668
1985-12-26,31.5,-25.0,0.012227748
1985-12-27,31.5,-25.0,0.6636332
1985-12-28,31.5,-25.0,2.4255407
1985-12-29,31.5,-25.0,0.29124275
1985-12-30,31.5,-25.0,2.0342526
1985-12-31,31.5,-25.0,0.596339
1986-01-01,31.5,-25.0,7.2641296
1986-01-02,31.5,-25.0,0.46614736
1986-01-03,31.5,-25.0,3.500421
1986-01-04,31.5,-25.0,50.940628
1986-01-05,31.5,-25.0,18.700926
1986-01-06,31.5,-25.0,0.4208275
1986-01-07,31.5,-25.0,0.50715107
1986-01-08,31.5,-25.0,0.6139765
1986-01-09,31.5,-25.0,0.18667474
1986-01-10,31.5,-25.0,0.0010790448
1986-01-11,31.5,-25.0,0.14351296
1986-01-12,31.5,-25.0,0.0
1986-01-13,31.5,-25.0,0.0010790448
1986-01-14,31.5,-25.0,0.6182927
1986-01-15,31.5,-25.0,1.178317
1986-01-16,31.5,-25.0,3.6417766
1986-01-17,31.5,-25.0,0.70569533
1986-01-18,31.5,-25.0,2.7321415
1986-01-19,31.5,-25.0,8.465107
1986-01-20,31.5,-25.0,0.22552036
1986-01-21,31.5,-25.0,0.009711403
1986-01-22,31.5,-25.0,2.6857426
1986-01-23,31.5,-25.0,0.052873194
1986-01-24,31.5,-25.0,0.005395224
1986-01-25,31.5,-25.0,7.4022474
1986-01-26,31.5,-25.0,1.3962841
1986-01-27,31.5,-25.0,1.6984165
1986-01-28,31.5,-25.0,0.12409015
1986-01-29,31.5,-25.0,4.2481995
1986-01-30,31.5,-25.0,2.3307369
1986-01-31,31.5,-25.0,0.25033838
1986-02-01,31.5,-25.0,9.922785
1986-02-02,31.5,-25.0,0.5378756
1986-02-03,31.5,-25.0,0.43242717
1986-02-04,31.5,-25.0,0.0017722426
1986-02-05,31.5,-25.0,0.5423062
1986-02-06,31.5,-25.0,0.26140577
1986-02-07,31.5,-25.0,0.014177939
1986-02-08,31.5,-25.0,0.7470002
1986-02-09,31.5,-25.0,0.533445
1986-02-10,31.5,-25.0,0.054053396
1986-02-11,31.5,-25.0,5.6782656
1986-02-12,31.5,-25.0,4.711507
1986-02-13,31.5,-25.0,10.192166
1986-02-14,31.5,-25.0,3.2175064
1986-02-15,31.5,-25.0,0.91093266
1986-02-16,31.5,-25.0,2.7895098
1986-02-17,31.5,-25.0,2.4953175
1986-02-18,31.5,-25.0,1.2166444
1986-02-19,31.5,-25.0,0.09835945
1986-02-20,31.5,-25.0,0.0008861213
1986-02-21,31.5,-25.0,0.12582922
1986-02-22,31.5,-25.0,0.026583636
1986-02-23,31.5,-25.0,13.841215
1986-02-24,31.5,-25.0,5.443443
1986-02-25,31.5,-25.0,-8.3266734e-14
1986-02-26,31.5,-25.0,0.94371915
1986-02-27,31.5,-25.0,-8.3266734e-14
1986-02-28,31.5,-25.0,-8.673618e-14
1986-03-01,31.5,-25.0,0.21563154
1986-03-02,31.5,-25.0,-1.6653347e-13
1986-03-03,31.5,-25.0,2.4909935
1986-03-04,31.5,-25.0,3.6196897
1986-03-05,31.5,-25.0,0.061769452
1986-03-06,31.5,-25.0,2.496609
1986-03-07,31.5,-25.0,0.62443304
1986-03-08,31.5,-25.0,-1.6653347e-13
1986-03-09,31.5,-25.0,0.043800157
1986-03-10,31.5,-25.0,0.12915431
1986-03-11,31.5,-25.0,0.41666302
1986-03-12,31.5,-25.0,0.79289514
1986-03-13,31.5,-25.0,0.33130887
1986-03-14,31.5,-25.0,0.30772418
1986-03-15,31.5,-25.0,-1.6653347e-13
1986-03-16,31.5,-25.0,5.0740795
1986-03-17,31.5,-25.0,29.944706
1986-03-18,31.5,-25.0,-1.6653347e-13
1986-03-19,31.5,-25.0,0.4548478
1986-03-20,31.5,-25.0,-1.6653347e-13
1986-03-21,31.5,-25.0,-1.6653347e-13
1986-03-22,31.5,-25.0,-1.6653347e-13
1986-03-23,31.5,-25.0,0.01123081
1986-03-24,31.5,-25.0,29.342735
1986-03-25,31.5,-25.0,1.4768515
1986-03-26,31.5,-25.0,-1.6653347e-13
1986-03-27,31.5,-25.0,0.001123081
1986-03-28,31.5,-25.0,-1.6653347e-13
1986-03-29,31.5,-25.0,0.008984648
1986-03-30,31.5,-25.0,-1.6653347e-13
1986-03-31,31.5,-25.0,0.3569848
1986-04-01,31.5,-25.0,0.04044168
1986-04-02,31.5,-25.0,0.0075240335
1986-04-03,31.5,-25.0,0.0009405042
1986-04-04,31.5,-25.0,0.0
1986-04-05,31.5,-25.0,0.0075240335
1986-04-06,31.5,-25.0,0.0
1986-04-07,31.5,-25.0,0.0
1986-04-08,31.5,-25.0,0.002821513
1986-04-09,31.5,-25.0,0.0
1986-04-10,31.5,-25.0,0.0018810084
1986-04-11,31.5,-25.0,11.890795
1986-04-12,31.5,-25.0,2.8459659
1986-04-13,31.5,-25.0,0.0667758
1986-04-14,31.5,-25.0,0.85209686
1986-04-15,31.5,-25.0,0.19092236
1986-04-16,31.5,-25.0,2.6211853
1986-04-17,31.5,-25.0,0.07994286
1986-04-18,31.5,-25.0,0.0
1986-04-19,31.5,-25.0,32.224495
1986-04-20,31.5,-25.0,27.374317
1986-04-21,31.5,-25.0,4.111884
1986-04-22,31.5,-25.0,0.82576275
1986-04-23,31.5,-25.0,0.1344921
1986-04-24,31.5,-25.0,0.09969344
1986-04-25,31.5,-25.0,1.4540194
1986-04-26,31.5,-25.0,1.5433674
1986-04-27,31.5,-25.0,0.13355161
1986-04-28,31.5,-25.0,0.36491564
1986-04-29,31.5,-25.0,0.0028215125
1986-04-30,31.5,-25.0,0.10881148
1986-05-01,31.5,-25.0,0.03701595
1986-05-02,31.5,-25.0,1.2039437
1986-05-03,31.5,-25.0,8.3266734e-14
1986-05-04,31.5,-25.0,0.37756264
1986-05-05,31.5,-25.0,8.3266734e-14
1986-05-06,31.5,-25.0,8.3266734e-14
1986-05-07,31.5,-25.0,8.3266734e-14
1986-05-08,31.5,-25.0,8.3266734e-14
1986-05-09,31.5,-25.0,0.009253986
1986-05-10,31.5,-25.0,8.3266734e-14
1986-05-11,31.5,-25.0,8.3266734e-14
1986-05-12,31.5,-25.0,8.3266734e-14
1986-05-13,31.5,-25.0,0.018507972
1986-05-14,31.5,-25.0,8.3266734e-14
1986-05-15,31.5,-25.0,8.3266734e-14
1986-05-16,31.5,-25.0,0.2674402
1986-05-17,31.5,-25.0,8.3266734e-14
1986-05-18,31.5,-25.0,0.013880981
1986-05-19,31.5,-25.0,0.0037015944
1986-05-20,31.5,-25.0,8.3266734e-14
1986-05-21,31.5,-25.0,8.3266734e-14
1986-05-22,31.5,-25.0,8.3266734e-14
1986-05-23,31.5,-25.0,8.3266734e-14
1986-05-24,31.5,-25.0,0.0009253986
1986-05-25,31.5,-25.0,0.012030182
1986-05-26,31.5,-25.0,8.3266734e-14
1986-05-27,31.5,-25.0,8.3266734e-14
1986-05-28,31.5,-25.0,8.3266734e-14
1986-05-29,31.5,-25.0,8.3266734e-14
1986-05-30,31.5,-25.0,8.3266734e-14
1986-05-31,31.5,-25.0,7.979728e-14
1986-06-01,31.5,-25.0,0.0
1986-06-02,31.5,-25.0,0.0
1986-06-03,31.5,-25.0,0.0
1986-06-04,31.5,-25.0,0.76834613
1986-06-05,31.5,-25.0,0.0
1986-06-06,31.5,-25.0,0.0
1986-06-07,31.5,-25.0,0.029887043
1986-06-08,31.5,-25.0,0.0012452934
1986-06-09,31.5,-25.0,0.0
1986-06-10,31.5,-25.0,0.0
1986-06-11,31.5,-25.0,0.0
1986-06-12,31.5,-25.0,0.0
1986-06-13,31.5,-25.0,0.0
1986-06-14,31.5,-25.0,0.52675915
1986-06-15,31.5,-25.0,0.30260634
1986-06-16,31.5,-25.0,0.0
1986-06-17,31.5,-25.0,0.0
1986-06-18,31.5,-25.0,0.0
1986-06-19,31.5,-25.0,0.0
1986-06-20,31.5,-25.0,0.0
1986-06-21,31.5,-25.0,0.08094408
1986-06-22,31.5,-25.0,0.0373588
1986-06-23,31.5,-25.0,0.0
1986-06-24,31.5,-25.0,0.0
1986-06-25,31.5,-25.0,0.0
1986-06-26,31.5,-25.0,0.0
1986-06-27,31.5,-25.0,0.07969878
1986-06-28,31.5,-25.0,0.0
1986-06-29,31.5,-25.0,0.0
1986-06-30,31.5,-25.0,0.0
1986-07-01,31.5,-25.0,0.0
1986-07-02,31.5,-25.0,0.0
1986-07-03,31.5,-25.0,0.0
1986-07-04,31.5,-25.0,0.0060794856
1986-07-05,31.5,-25.0,0.076427825
1986-07-06,31.5,-25.0,0.0
1986-07-07,31.5,-25.0,0.0
1986-07-08,31.5,-25.0,0.0
1986-07-09,31.5,-25.0,0.00086849806
1986-07-10,31.5,-25.0,0.00086849806
1986-07-11,31.5,-25.0,0.0
1986-07-12,31.5,-25.0,0.013895969
1986-07-13,31.5,-25.0,0.0060794866
1986-07-14,31.5,-25.0,0.0
1986-07-15,31.5,-25.0,0.033871423
1986-07-16,31.5,-25.0,0.23709999
1986-07-17,31.5,-25.0,0.0
1986-07-18,31.5,-25.0,0.0
1986-07-19,31.5,-25.0,0.0
1986-07-20,31.5,-25.0,0.0
1986-07-21,31.5,-25.0,0.0
1986-07-22,31.5,-25.0,0.0
1986-07-23,31.5,-25.0,0.0
1986-07-24,31.5,-25.0,0.0
1986-07-25,31.5,-25.0,0.0
1986-07-26,31.5,-25.0,0.98400825
1986-07-27,31.5,-25.0,0.0026054943
1986-07-28,31.5,-25.0,0.0
1986-07-29,31.5,-25.0,0.0
1986-07-30,31.5,-25.0,0.0
1986-07-31,31.5,-25.0,0.22368921
1986-08-01,31.5,-25.0,0.056962006
1986-08-02,31.5,-25.0,0.0
1986-08-03,31.5,-25.0,0.0
1986-08-04,31.5,-25.0,0.0
1986-08-05,31.5,-25.0,0.0
1986-08-06,31.5,-25.0,0.0
1986-08-07,31.5,-25.0,0.0018987334
1986-08-08,31.5,-25.0,0.0009493667
1986-08-09,31.5,-25.0,0.0
1986-08-10,31.5,-25.0,0.0
1986-08-11,31.5,-25.0,0.0
1986-08-12,31.5,-25.0,0.0
1986-08-13,31.5,-25.0,0.0
1986-08-14,31.5,-25.0,0.0
1986-08-15,31.5,-25.0,0.0
1986-08-16,31.5,-25.0,0.0
1986-08-17,31.5,-25.0,0.0009493667
1986-08-18,31.5,-25.0,0.71962
1986-08-19,31.5,-25.0,0.105379716
1986-08-20,31.5,-25.0,3.8392391
1986-08-21,31.5,-25.0,1.1050628
1986-08-22,31.5,-25.0,0.0
1986-08-23,31.5,-25.0,0.0
1986-08-24,31.5,-25.0,0.0
1986-08-25,31.5,-25.0,0.0
1986-08-26,31.5,-25.0,0.0
1986-08-27,31.5,-25.0,0.0
1986-08-28,31.5,-25.0,0.0
1986-08-29,31.5,-25.0,0.0123417685
1986-08-30,31.5,-25.0,0.006645567
1986-08-31,31.5,-25.0,6.938894e-15
1986-09-01,31.5,-25.0,1.6653347e-13
1986-09-02,31.5,-25.0,0.13978782
1986-09-03,31.5,-25.0,0.31076795
1986-09-04,31.5,-25.0,1.6653347e-13
1986-09-05,31.5,-25.0,1.6653347e-13
1986-09-06,31.5,-25.0,1.6653347e-13
1986-09-07,31.5,-25.0,1.6653347e-13
1986-09-08,31.5,-25.0,0.45171106
1986-09-09,31.5,-25.0,0.113216594
1986-09-10,31.5,-25.0,0.0023105424
1986-09-11,31.5,-25.0,1.6653347e-13
1986-09-12,31.5,-25.0,0.0023105424
1986-09-13,31.5,-25.0,0.21141462
1986-09-14,31.5,-25.0,0.0057763564
1986-09-15,31.5,-25.0,1.6653347e-13
1986-09-16,31.5,-25.0,0.8826272
1986-09-17,31.5,-25.0,0.06238465
1986-09-18,31.5,-25.0,1.6653347e-13
1986-09-19,31.5,-25.0,0.32694176
1986-09-20,31.5,-25.0,0.041589767
1986-09-21,31.5,-25.0,1.6653347e-13
1986-09-22,31.5,-25.0,1.6653347e-13
1986-09-23,31.5,-25.0,1.6653347e-13
1986-09-24,31.5,-25.0,0.077403165
1986-09-25,31.5,-25.0,0.44593468
1986-09-26,31.5,-25.0,3.3502865
1986-09-27,31.5,-25.0,0.21141462
1986-09-28,31.5,-25.0,0.51409566
1986-09-29,31.5,-25.0,0.031192321
1986-09-30,31.5,-25.0,0.29921526
1986-10-01,31.5,-25.0,0.0011467144
1986-10-02,31.5,-25.0,0.29470557
1986-10-03,31.5,-25.0,0.003440143
1986-10-04,31.5,-25.0,0.0022934289
1986-10-05,31.5,-25.0,1.6653347e-13
1986-10-06,31.5,-25.0,0.41396385
1986-10-07,31.5,-25.0,1.7923145
1986-10-08,31.5,-25.0,1.6653347e-13
1986-10-09,31.5,-25.0,1.6653347e-13
1986-10-10,31.5,-25.0,0.102057576
1986-10-11,31.5,-25.0,1.6653347e-13
1986-10-12,31.5,-25.0,1.6653347e-13
1986-10-13,31.5,-25.0,1.6653347e-13
1986-10-14,31.5,-25.0,0.0011467144
1986-10-15,31.5,-25.0,0.10091086
1986-10-16,31.5,-25.0,0.441485
1986-10-17,31.5,-25.0,1.2499185
1986-10-18,31.5,-25.0,1.6653347e-13
1986-10-19,31.5,-25.0,0.17200714
1986-10-20,31.5,-25.0,0.12613858
1986-10-21,31.5,-25.0,0.21328886
1986-10-22,31.5,-25.0,0.05848243
1986-10-23,31.5,-25.0,0.18462099
1986-10-24,31.5,-25.0,1.5274234
1986-10-25,31.5,-25.0,0.08715028
1986-10-26,31.5,-25.0,0.003440143
1986-10-27,31.5,-25.0,0.7499512
1986-10-28,31.5,-25.0,6.528245
1986-10-29,31.5,-25.0,4.161426
1986-10-30,31.5,-25.0,0.37038872
1986-10-31,31.5,-25.0,0.31763983
1986-11-01,31.5,-25.0,0.23124267
1986-11-02,31.5,-25.0,0.0058648502
1986-11-03,31.5,-25.0,0.0
1986-11-04,31.5,-25.0,0.0100540295
1986-11-05,31.5,-25.0,0.12483753
1986-11-06,31.5,-25.0,4.9214473
1986-11-07,31.5,-25.0,0.49180958
1986-11-08,31.5,-25.0,1.3019967
1986-11-09,31.5,-25.0,0.19605356
1986-11-10,31.5,-25.0,0.09551327
1986-11-11,31.5,-25.0,0.0
1986-11-12,31.5,-25.0,0.0117297005
1986-11-13,31.5,-25.0,0.0
1986-11-14,31.5,-25.0,0.00083783583
1986-11-15,31.5,-25.0,0.3342965
1986-11-16,31.5,-25.0,0.42394495
1986-11-17,31.5,-25.0,0.013405371
1986-11-18,31.5,-25.0,0.0
1986-11-19,31.5,-25.0,0.2647561
1986-11-20,31.5,-25.0,0.10891865
1986-11-21,31.5,-25.0,0.046918802
1986-11-22,31.5,-25.0,1.5625637
1986-11-23,31.5,-25.0,1.2207267
1986-11-24,31.5,-25.0,0.022621568
1986-11-25,31.5,-25.0,0.35691804
1986-11-26,31.5,-25.0,0.10221597
1986-11-27,31.5,-25.0,3.8632607
1986-11-28,31.5,-25.0,2.1096704
1986-11-29,31.5,-25.0,9.496031
1986-11-30,31.5,-25.0,8.545088
1986-12-01,31.5,-25.0,1.6653347e-13
1986-12-02,31.5,-25.0,19.567585
1986-12-03,31.5,-25.0,5.546906
1986-12-04,31.5,-25.0,4.4351335
1986-12-05,31.5,-25.0,0.066746175
1986-12-06,31.5,-25.0,0.2241476
1986-12-07,31.5,-25.0,2.5732145
1986-12-08,31.5,-25.0,1.408643
1986-12-09,31.5,-25.0,0.654511
1986-12-10,31.5,-25.0,0.17632943
1986-12-11,31.5,-25.0,0.0009962114
1986-12-12,31.5,-25.0,0.0009962114
1986-12-13,31.5,-25.0,1.6653347e-13
1986-12-14,31.5,-25.0,0.0009962114
1986-12-15,31.5,-25.0,0.007969691
1986-12-16,31.5,-25.0,1.0370562
1986-12-17,31.5,-25.0,1.1426545
1986-12-18,31.5,-25.0,1.6653347e-13
1986-12-19,31.5,-25.0,0.0119545385
1986-12-20,31.5,-25.0,1.5750105
1986-12-21,31.5,-25.0,0.0039848457
1986-12-22,31.5,-25.0,0.01793181
1986-12-23,31.5,-25.0,0.07272343
1986-12-24,31.5,-25.0,1.1785182
1986-12-25,31.5,-25.0,0.11157568
1986-12-26,31.5,-25.0,3.5495017
1986-12-27,31.5,-25.0,8.845362
1986-12-28,31.5,-25.0,17.578152
1986-12-29,31.5,-25.0,26.002117
1986-12-30,31.5,-25.0,12.872048
1986-12-31,31.5,-25.0,7.6727858
1987-01-01,31.5,-25.0,1.2589179
1987-01-02,31.5,-25.0,2.5747027
1987-01-03,31.5,-25.0,0.0
1987-01-04,31.5,-25.0,0.0
1987-01-05,31.5,-25.0,0.0
1987-01-06,31.5,-25.0,0.005882794
1987-01-07,31.5,-25.0,0.5353342
1987-01-08,31.5,-25.0,0.6853454
1987-01-09,31.5,-25.0,0.28727645
1987-01-10,31.5,-25.0,0.53337324
1987-01-11,31.5,-25.0,0.067652136
1987-01-12,31.5,-25.0,0.021570243
1987-01-13,31.5,-25.0,0.08628098
1987-01-14,31.5,-25.0,15.704118
1987-01-15,31.5,-25.0,9.084014
1987-01-16,31.5,-25.0,12.037178
1987-01-17,31.5,-25.0,6.341652
1987-01-18,31.5,-25.0,0.17550334
1987-01-19,31.5,-25.0,0.019609312
1987-01-20,31.5,-25.0,0.28237408
1987-01-21,31.5,-25.0,0.798099
1987-01-22,31.5,-25.0,1.1902853
1987-01-23,31.5,-25.0,0.9745828
1987-01-24,31.5,-25.0,28.261923
1987-01-25,31.5,-25.0,5.49649
1987-01-26,31.5,-25.0,0.313749
1987-01-27,31.5,-25.0,0.0
1987-01-28,31.5,-25.0,0.17060103
1987-01-29,31.5,-25.0,1.1549885
1987-01-30,31.5,-25.0,0.59612304
1987-01-31,31.5,-25.0,0.0
1987-02-01,31.5,-25.0,0.07375461
1987-02-02,31.5,-25.0,0.079974875
1987-02-03,31.5,-25.0,0.027546901
1987-02-04,31.5,-25.0,12.947044
1987-02-05,31.5,-25.0,0.23281577
1987-02-06,31.5,-25.0,0.34833503
1987-02-07,31.5,-25.0,1.1498611
1987-02-08,31.5,-25.0,0.70555615
1987-02-09,31.5,-25.0,0.0
1987-02-10,31.5,-25.0,4.4377174
1987-02-11,31.5,-25.0,0.19993718
1987-02-12,31.5,-25.0,0.08441792
1987-02-13,31.5,-25.0,0.009774707
1987-02-14,31.5,-25.0,1.7958801
1987-02-15,31.5,-25.0,0.712665
1987-02-16,31.5,-25.0,1.5390719
1987-02-17,31.5,-25.0,0.47096312
1987-02-18,31.5,-25.0,0.0026658291
1987-02-19,31.5,-25.0,0.0
1987-02-20,31.5,-25.0,0.9126021
1987-02-21,31.5,-25.0,0.6104749
1987-02-22,31.5,-25.0,0.08708376
1987-02-23,31.5,-25.0,0.0017772195
1987-02-24,31.5,-25.0,0.42475542
1987-02-25,31.5,-25.0,0.34833503
1987-02-26,31.5,-25.0,1.4146667
1987-02-27,31.5,-25.0,0.023103854
1987-02-28,31.5,-25.0,0.020901058
1987-03-01,31.5,-25.0,0.3412649
1987-03-02,31.5,-25.0,0.8658017
1987-03-03,31.5,-25.0,0.17589886
1987-03-04,31.5,-25.0,1.3029157
1987-03-05,31.5,-25.0,0.2780677
1987-03-06,31.5,-25.0,10.729833
1987-03-07,31.5,-25.0,6.1037965
1987-03-08,31.5,-25.0,1.2723703
1987-03-09,31.5,-25.0,19.954517
1987-03-10,31.5,-25.0,10.00833
1987-03-11,31.5,-25.0,0.04107818
1987-03-12,31.5,-25.0,0.3201992
1987-03-13,31.5,-25.0,0.0
1987-03-14,31.5,-25.0,0.0
1987-03-15,31.5,-25.0,0.06425049
1987-03-16,31.5,-25.0,0.52874994
1987-03-17,31.5,-25.0,1.3776989
1987-03-18,31.5,-25.0,1.4861875
1987-03-19,31.5,-25.0,0.08426294
1987-03-20,31.5,-25.0,1.3524201
1987-03-21,31.5,-25.0,0.43395415
1987-03-22,31.5,-25.0,3.2335901
1987-03-23,31.5,-25.0,1.3682196
1987-03-24,31.5,-25.0,1.1775745
1987-03-25,31.5,-25.0,2.9418297
1987-03-26,31.5,-25.0,1.7579355
1987-03-27,31.5,-25.0,4.5691576
1987-03-28,31.5,-25.0,1.4609088
1987-03-29,31.5,-25.0,0.0
1987-03-30,31.5,-25.0,0.17695215
1987-03-31,31.5,-25.0,1.1396563
1987-04-01,31.5,-25.0,0.0
1987-04-02,31.5,-25.0,0.3558482
1987-04-03,31.5,-25.0,0.00093398464
1987-04-04,31.5,-25.0,0.10834222
1987-04-05,31.5,-25.0,0.0
1987-04-06,31.5,-25.0,0.0
1987-04-07,31.5,-25.0,0.0
1987-04-08,31.5,-25.0,6.4155407
1987-04-09,31.5,-25.0,0.35211223
1987-04-10,31.5,-25.0,0.5239654
1987-04-11,31.5,-25.0,1.0348551
1987-04-12,31.5,-25.0,0.17652309
1987-04-13,31.5,-25.0,0.0
1987-04-14,31.5,-25.0,0.0
1987-04-15,31.5,-25.0,0.0028019538
1987-04-16,31.5,-25.0,0.016811725
1987-04-17,31.5,-25.0,0.036425404
1987-04-18,31.5,-25.0,0.28766727
1987-04-19,31.5,-25.0,0.0
1987-04-20,31.5,-25.0,0.0
1987-04-21,31.5,-25.0,0.0
1987-04-22,31.5,-25.0,0.0
1987-04-23,31.5,-25.0,0.17372116
1987-04-24,31.5,-25.0,3.533264
1987-04-25,31.5,-25.0,0.12235199
1987-04-26,31.5,-25.0,0.08686058
1987-04-27,31.5,-25.0,0.006537892
1987-04-28,31.5,-25.0,0.18586293
1987-04-29,31.5,-25.0,0.5622588
1987-04-30,31.5,-25.0,0.11674809
1987-05-01,31.5,-25.0,0.0
1987-05-02,31.5,-25.0,0.033899453
1987-05-03,31.5,-25.0,0.028402243
1987-05-04,31.5,-25.0,0.0027486044
1987-05-05,31.5,-25.0,0.0
1987-05-06,31.5,-25.0,0.0
1987-05-07,31.5,-25.0,0.18049167
1987-05-08,31.5,-25.0,0.127352
1987-05-09,31.5,-25.0,0.28585485
1987-05-10,31.5,-25.0,0.0
1987-05-11,31.5,-25.0,0.0
1987-05-12,31.5,-25.0,0.0
1987-05-13,31.5,-25.0,0.0
1987-05-14,31.5,-25.0,0.0
1987-05-15,31.5,-25.0,0.0659665
1987-05-16,31.5,-25.0,0.0
1987-05-17,31.5,-25.0,0.0
1987-05-18,31.5,-25.0,0.0
1987-05-19,31.5,-25.0,0.012826819
1987-05-20,31.5,-25.0,0.35182136
1987-05-21,31.5,-25.0,0.45810074
1987-05-22,31.5,-25.0,3.9451632
1987-05-23,31.5,-25.0,4.1916213
1987-05-24,31.5,-25.0,0.08337434
1987-05-25,31.5,-25.0,0.001832403
1987-05-26,31.5,-25.0,0.18690509
1987-05-27,31.5,-25.0,0.19698331
1987-05-28,31.5,-25.0,0.0027486044
1987-05-29,31.5,-25.0,0.001832403
1987-05-30,31.5,-25.0,0.0
1987-05-31,31.5,-25.0,0.0
1987-06-01,31.5,-25.0,0.0
1987-06-02,31.5,-25.0,0.045197174
1987-06-03,31.5,-25.0,0.6923385
1987-06-04,31.5,-25.0,0.0010272086
1987-06-05,31.5,-25.0,0.0
1987-06-06,31.5,-25.0,0.0
1987-06-07,31.5,-25.0,0.0
1987-06-08,31.5,-25.0,0.0
1987-06-09,31.5,-25.0,0.0
1987-06-10,31.5,-25.0,0.0
1987-06-11,31.5,-25.0,0.0
1987-06-12,31.5,-25.0,0.6286516
1987-06-13,31.5,-25.0,0.008217668
1987-06-14,31.5,-25.0,0.0
1987-06-15,31.5,-25.0,0.0
1987-06-16,31.5,-25.0,0.0
1987-06-17,31.5,-25.0,0.0
1987-06-18,31.5,-25.0,0.64816856
1987-06-19,31.5,-25.0,0.0
1987-06-20,31.5,-25.0,0.053414844
1987-06-21,31.5,-25.0,0.6039986
1987-06-22,31.5,-25.0,0.6101619
1987-06-23,31.5,-25.0,0.0
1987-06-24,31.5,-25.0,0.0
1987-06-25,31.5,-25.0,0.0154081285
1987-06-26,31.5,-25.0,21.921658
1987-06-27,31.5,-25.0,0.0
1987-06-28,31.5,-25.0,0.0
1987-06-29,31.5,-25.0,0.0
1987-06-30,31.5,-25.0,0.0071904603
1987-07-01,31.5,-25.0,0.0
1987-07-02,31.5,-25.0,0.0
1987-07-03,31.5,-25.0,0.0
1987-07-04,31.5,-25.0,0.0
1987-07-05,31.5,-25.0,0.0
1987-07-06,31.5,-25.0,0.0051239645
1987-07-07,31.5,-25.0,0.0020495858
1987-07-08,31.5,-25.0,0.0
1987-07-09,31.5,-25.0,0.0
1987-07-10,31.5,-25.0,0.0
1987-07-11,31.5,-25.0,0.02561982
1987-07-12,31.5,-25.0,0.0
1987-07-13,31.5,-25.0,0.0
1987-07-14,31.5,-25.0,0.0
1987-07-15,31.5,-25.0,0.25517341
1987-07-16,31.5,-25.0,0.08813217
1987-07-17,31.5,-25.0,0.0
1987-07-18,31.5,-25.0,0.0
1987-07-19,31.5,-25.0,0.0
1987-07-20,31.5,-25.0,0.0
1987-07-21,31.5,-25.0,0.024595026
1987-07-22,31.5,-25.0,0.0
1987-07-23,31.5,-25.0,0.0
1987-07-24,31.5,-25.0,0.0
1987-07-25,31.5,-25.0,0.0
1987-07-26,31.5,-25.0,0.0
1987-07-27,31.5,-25.0,0.0040991716
1987-07-28,31.5,-25.0,0.010247929
1987-07-29,31.5,-25.0,0.0
1987-07-30,31.5,-25.0,0.046115674
1987-07-31,31.5,-25.0,0.023570232
1987-08-01,31.5,-25.0,0.0059189713
1987-08-02,31.5,-25.0,0.0
1987-08-03,31.5,-25.0,0.0
1987-08-04,31.5,-25.0,0.0
1987-08-05,31.5,-25.0,0.0
1987-08-06,31.5,-25.0,0.0
1987-08-07,31.5,-25.0,0.010654149
1987-08-08,31.5,-25.0,0.020124502
1987-08-09,31.5,-25.0,0.02841106
1987-08-10,31.5,-25.0,0.0
1987-08-11,31.5,-25.0,0.0
1987-08-12,31.5,-25.0,0.0
1987-08-13,31.5,-25.0,0.01657312
1987-08-14,31.5,-25.0,0.007102766
1987-08-15,31.5,-25.0,0.010654149
1987-08-16,31.5,-25.0,0.15389325
1987-08-17,31.5,-25.0,0.0011837943
1987-08-18,31.5,-25.0,0.0
1987-08-19,31.5,-25.0,0.010654149
1987-08-20,31.5,-25.0,0.25569957
1987-08-21,31.5,-25.0,0.0
1987-08-22,31.5,-25.0,0.0
1987-08-23,31.5,-25.0,0.0
1987-08-24,31.5,-25.0,0.6605572
1987-08-25,31.5,-25.0,49.59033
1987-08-26,31.5,-25.0,21.54032
1987-08-27,31.5,-25.0,2.7168078
1987-08-28,31.5,-25.0,0.021308297
1987-08-29,31.5,-25.0,0.07813043
1987-08-30,31.5,-25.0,0.0
1987-08-31,31.5,-25.0,0.0
1987-09-01,31.5,-25.0,0.022466045
1987-09-02,31.5,-25.0,0.06433458
1987-09-03,31.5,-25.0,0.30737627
1987-09-04,31.5,-25.0,0.37783796
1987-09-05,31.5,-25.0,2.771493
1987-09-06,31.5,-25.0,0.13479625
1987-09-07,31.5,-25.0,1.8605967
1987-09-08,31.5,-25.0,0.04697445
1987-09-09,31.5,-25.0,0.12254204
1987-09-10,31.5,-25.0,0.61883736
1987-09-11,31.5,-25.0,0.0
1987-09-12,31.5,-25.0,0.0
1987-09-13,31.5,-25.0,0.0
1987-09-14,31.5,-25.0,0.0071482863
1987-09-15,31.5,-25.0,0.0
1987-09-16,31.5,-25.0,3.800846
1987-09-17,31.5,-25.0,4.527929
1987-09-18,31.5,-25.0,0.8230741
1987-09-19,31.5,-25.0,0.0
1987-09-20,31.5,-25.0,0.0
1987-09-21,31.5,-25.0,0.12662679
1987-09-22,31.5,-25.0,1.1529164
1987-09-23,31.5,-25.0,0.42277008
1987-09-24,31.5,-25.0,0.0
1987-09-25,31.5,-25.0,0.57492644
1987-09-26,31.5,-25.0,5.820747
1987-09-27,31.5,-25.0,20.985327
1987-09-28,31.5,-25.0,42.411804
1987-09-29,31.5,-25.0,0.0020423674
1987-09-30,31.5,-25.0,6.938894e-15
1987-10-01,31.5,-25.0,1.8589149
1987-10-02,31.5,-25.0,11.072323
1987-10-03,31.5,-25.0,0.06928863
1987-10-04,31.5,-25.0,1.6653347e-13
1987-10-05,31.5,-25.0,1.6653347e-13
1987-10-06,31.5,-25.0,1.6653347e-13
1987-10-07,31.5,-25.0,1.6653347e-13
1987-10-08,31.5,-25.0,0.0029695123
1987-10-09,31.5,-25.0,1.6653347e-13
1987-10-10,31.5,-25.0,1.0729839
1987-10-11,31.5,-25.0,0.0029695123
1987-10-12,31.5,-25.0,1.145242
1987-10-13,31.5,-25.0,12.114621
1987-10-14,31.5,-25.0,9.394547
1987-10-15,31.5,-25.0,0.25735775
1987-10-16,31.5,-25.0,1.6653347e-13
1987-10-17,31.5,-25.0,0.0009898376
1987-10-18,31.5,-25.0,0.011878049
1987-10-19,31.5,-25.0,0.0029695123
1987-10-20,31.5,-25.0,0.013857726
1987-10-21,31.5,-25.0,0.026725613
1987-10-22,31.5,-25.0,0.044542685
1987-10-23,31.5,-25.0,0.09106505
1987-10-24,31.5,-25.0,0.53946143
1987-10-25,31.5,-25.0,1.6653347e-13
1987-10-26,31.5,-25.0,0.67803866
1987-10-27,31.5,-25.0,1.5857198
1987-10-28,31.5,-25.0,1.6653347e-13
1987-10-29,31.5,-25.0,0.7879106
1987-10-30,31.5,-25.0,0.0049491874
1987-10-31,31.5,-25.0,0.017817074
1987-11-01,31.5,-25.0,0.047098666
1987-11-02,31.5,-25.0,0.15405191
1987-11-03,31.5,-25.0,1.6653347e-13
1987-11-04,31.5,-25.0,0.04219256
1987-11-05,31.5,-25.0,0.2197938
1987-11-06,31.5,-25.0,0.3336156
1987-11-07,31.5,-25.0,0.8840813
1987-11-08,31.5,-25.0,1.9428202
1987-11-09,31.5,-25.0,0.033361558
1987-11-10,31.5,-25.0,1.6484535
1987-11-11,31.5,-25.0,0.5710714
1987-11-12,31.5,-25.0,0.639757
1987-11-13,31.5,-25.0,0.11970912
1987-11-14,31.5,-25.0,1.6653347e-13
1987-11-15,31.5,-25.0,1.6653347e-13
1987-11-16,31.5,-25.0,0.009812223
1987-11-17,31.5,-25.0,0.052986003
1987-11-18,31.5,-25.0,0.22469991
1987-11-19,31.5,-25.0,0.110878125
1987-11-20,31.5,-25.0,0.4209444
1987-11-21,31.5,-25.0,0.9615979
1987-11-22,31.5,-25.0,1.028321
1987-11-23,31.5,-25.0,0.11185935
1987-11-24,31.5,-25.0,1.6653347e-13
1987-11-25,31.5,-25.0,2.0065994
1987-11-26,31.5,-25.0,0.01275589
1987-11-27,31.5,-25.0,8.952673
1987-11-28,31.5,-25.0,1.7809185
1987-11-29,31.5,-25.0,1.6710216
1987-11-30,31.5,-25.0,0.7152852
1987-12-01,31.5,-25.0,1.7621319
1987-12-02,31.5,-25.0,0.17777851
1987-12-03,31.5,-25.0,2.646552
1987-12-04,31.5,-25.0,11.338693
1987-12-05,31.5,-25.0,7.0418186
1987-12-06,31.5,-25.0,18.103222
1987-12-07,31.5,-25.0,2.9327867
1987-12-08,31.5,-25.0,2.2708693
1987-12-09,31.5,-25.0,0.032425016
1987-12-10,31.5,-25.0,5.022523
1987-12-11,31.5,-25.0,3.0546598
1987-12-12,31.5,-25.0,2.5190883
1987-12-13,31.5,-25.0,0.26387253
1987-12-14,31.5,-25.0,0.56240624
1987-12-15,31.5,-25.0,0.3041243
1987-12-16,31.5,-25.0,11.374472
1987-12-17,31.5,-25.0,5.662078
1987-12-18,31.5,-25.0,1.1147496
1987-12-19,31.5,-25.0,10.220589
1987-12-20,31.5,-25.0,3.1251006
1987-12-21,31.5,-25.0,0.3108329
1987-12-22,31.5,-25.0,0.116282806
1987-12-23,31.5,-25.0,15.888256
1987-12-24,31.5,-25.0,0.14758973
1987-12-25,31.5,-25.0,0.0
1987-12-26,31.5,-25.0,6.575569
1987-12-27,31.5,-25.0,0.007826727
1987-12-28,31.5,-25.0,1.6648567
1987-12-29,31.5,-25.0,0.05143278
1987-12-30,31.5,-25.0,0.0
1987-12-31,31.5,-25.0,0.0
1988-01-01,31.5,-25.0,0.0062851436
1988-01-02,31.5,-25.0,0.14455831
1988-01-03,31.5,-25.0,0.48709857
1988-01-04,31.5,-25.0,0.0
1988-01-05,31.5,-25.0,0.0
1988-01-06,31.5,-25.0,6.637111
1988-01-07,31.5,-25.0,6.812048
1988-01-08,31.5,-25.0,0.29435423
1988-01-09,31.5,-25.0,1.5178621
1988-01-10,31.5,-25.0,2.9341147
1988-01-11,31.5,-25.0,0.2105523
1988-01-12,31.5,-25.0,0.02933067
1988-01-13,31.5,-25.0,0.0
1988-01-14,31.5,-25.0,0.01047524
1988-01-15,31.5,-25.0,0.012570287
1988-01-16,31.5,-25.0,10.7088375
1988-01-17,31.5,-25.0,0.29540175
1988-01-18,31.5,-25.0,0.0
1988-01-19,31.5,-25.0,0.0
1988-01-20,31.5,-25.0,0.05551877
1988-01-21,31.5,-25.0,0.016760383
1988-01-22,31.5,-25.0,0.8296389
1988-01-23,31.5,-25.0,0.47033828
1988-01-24,31.5,-25.0,0.5991837
1988-01-25,31.5,-25.0,2.9603024
1988-01-26,31.5,-25.0,0.0031425718
1988-01-27,31.5,-25.0,0.21578993
1988-01-28,31.5,-25.0,0.0073326677
1988-01-29,31.5,-25.0,0.0
1988-01-30,31.5,-25.0,0.0
1988-01-31,31.5,-25.0,2.8964033
1988-02-01,31.5,-25.0,0.026986772
1988-02-02,31.5,-25.0,0.023613427
1988-02-03,31.5,-25.0,0.0
1988-02-04,31.5,-25.0,0.0
1988-02-05,31.5,-25.0,0.0
1988-02-06,31.5,-25.0,0.071964726
1988-02-07,31.5,-25.0,0.20127633
1988-02-08,31.5,-25.0,0.49588192
1988-02-09,31.5,-25.0,11.351311
1988-02-10,31.5,-25.0,3.9648066
1988-02-11,31.5,-25.0,0.79610986
1988-02-12,31.5,-25.0,0.08433366
1988-02-13,31.5,-25.0,0.09108036
1988-02-14,31.5,-25.0,0.3092234
1988-02-15,31.5,-25.0,0.09108036
1988-02-16,31.5,-25.0,3.0168965
1988-02-17,31.5,-25.0,3.9738026
1988-02-18,31.5,-25.0,1.5731039
1988-02-19,31.5,-25.0,0.0
1988-02-20,31.5,-25.0,3.2024302
1988-02-21,31.5,-25.0,12.371186
1988-02-22,31.5,-25.0,4.160461
1988-02-23,31.5,-25.0,8.004951
1988-02-24,31.5,-25.0,16.306759
1988-02-25,31.5,-25.0,16.341618
1988-02-26,31.5,-25.0,3.2766442
1988-02-27,31.5,-25.0,0.45090395
1988-02-28,31.5,-25.0,0.22039197
1988-02-29,31.5,-25.0,1.3649292
1988-03-01,31.5,-25.0,0.530081
1988-03-02,31.5,-25.0,2.5485463
1988-03-03,31.5,-25.0,6.2341676
1988-03-04,31.5,-25.0,9.164165
1988-03-05,31.5,-25.0,6.561571
1988-03-06,31.5,-25.0,27.894733
1988-03-07,31.5,-25.0,1.1433119
1988-03-08,31.5,-25.0,0.27751297
1988-03-09,31.5,-25.0,2.4986563
1988-03-10,31.5,-25.0,10.911353
1988-03-11,31.5,-25.0,4.35394
1988-03-12,31.5,-25.0,0.80447584
1988-03-13,31.5,-25.0,0.3866473
1988-03-14,31.5,-25.0,1.784606
1988-03-15,31.5,-25.0,12.601376
1988-03-16,31.5,-25.0,4.435011
1988-03-17,31.5,-25.0,8.066586
1988-03-18,31.5,-25.0,0.07483496
1988-03-19,31.5,-25.0,0.04261435
1988-03-20,31.5,-25.0,1.2961
1988-03-21,31.5,-25.0,1.2576431
1988-03-22,31.5,-25.0,0.0
1988-03-23,31.5,-25.0,0.06236247
1988-03-24,31.5,-25.0,0.0010393745
1988-03-25,31.5,-25.0,0.0
1988-03-26,31.5,-25.0,0.023905613
1988-03-27,31.5,-25.0,3.0661545
1988-03-28,31.5,-25.0,1.6006367
1988-03-29,31.5,-25.0,0.5758135
1988-03-30,31.5,-25.0,0.0
1988-03-31,31.5,-25.0,0.008314996
1988-04-01,31.5,-25.0,-8.3266734e-14
1988-04-02,31.5,-25.0,0.72030425
1988-04-03,31.5,-25.0,4.6511345
1988-04-04,31.5,-25.0,1.7281609
1988-04-05,31.5,-25.0,0.26382685
1988-04-06,31.5,-25.0,-8.3266734e-14
1988-04-07,31.5,-25.0,0.04080775
1988-04-08,31.5,-25.0,45.42662
1988-04-09,31.5,-25.0,0.17082316
1988-04-10,31.5,-25.0,0.0028470522
1988-04-11,31.5,-25.0,0.09869781
1988-04-12,31.5,-25.0,0.09964684
1988-04-13,31.5,-25.0,0.5665634
1988-04-14,31.5,-25.0,0.37581092
1988-04-15,31.5,-25.0,-8.3266734e-14
1988-04-16,31.5,-25.0,6.9999533
1988-04-17,31.5,-25.0,2.9694755
1988-04-18,31.5,-25.0,3.0330598
1988-04-19,31.5,-25.0,0.0056941044
1988-04-20,31.5,-25.0,-8.3266734e-14
1988-04-21,31.5,-25.0,0.31032872
1988-04-22,31.5,-25.0,-8.3266734e-14
1988-04-23,31.5,-25.0,1.2052522
1988-04-24,31.5,-25.0,0.57415557
1988-04-25,31.5,-25.0,1.6418002
1988-04-26,31.5,-25.0,-8.3266734e-14
1988-04-27,31.5,-25.0,-8.3266734e-14
1988-04-28,31.5,-25.0,0.16418003
1988-04-29,31.5,-25.0,0.4128226
1988-04-30,31.5,-25.0,0.07687042
1988-05-01,31.5,-25.0,0.0
1988-05-02,31.5,-25.0,0.0
1988-05-03,31.5,-25.0,0.0
1988-05-04,31.5,-25.0,0.066196665
1988-05-05,31.5,-25.0,1.3093312
1988-05-06,31.5,-25.0,0.5587777
1988-05-07,31.5,-25.0,0.0019469607
1988-05-08,31.5,-25.0,0.0
1988-05-09,31.5,-25.0,0.0
1988-05-10,31.5,-25.0,1.2694184
1988-05-11,31.5,-25.0,1.1311842
1988-05-12,31.5,-25.0,0.016549166
1988-05-13,31.5,-25.0,0.0
1988-05-14,31.5,-25.0,0.0
1988-05-15,31.5,-25.0,0.0
1988-05-16,31.5,-25.0,0.0
1988-05-17,31.5,-25.0,0.10902981
1988-05-18,31.5,-25.0,0.0038939214
1988-05-19,31.5,-25.0,0.0
1988-05-20,31.5,-25.0,0.27452147
1988-05-21,31.5,-25.0,0.015575686
1988-05-22,31.5,-25.0,0.0
1988-05-23,31.5,-25.0,0.0
1988-05-24,31.5,-25.0,0.0
1988-05-25,31.5,-25.0,0.0
1988-05-26,31.5,-25.0,0.0
1988-05-27,31.5,-25.0,0.0
1988-05-28,31.5,-25.0,0.46435016
1988-05-29,31.5,-25.0,0.29593801
1988-05-30,31.5,-25.0,0.0
1988-05-31,31.5,-25.0,6.938894e-15
1988-06-01,31.5,-25.0,1.6653347e-13
1988-06-02,31.5,-25.0,1.6653347e-13
1988-06-03,31.5,-25.0,1.6653347e-13
1988-06-04,31.5,-25.0,1.6653347e-13
1988-06-05,31.5,-25.0,1.6653347e-13
1988-06-06,31.5,-25.0,1.6653347e-13
1988-06-07,31.5,-25.0,1.6653347e-13
1988-06-08,31.5,-25.0,2.0082645
1988-06-09,31.5,-25.0,1.6653347e-13
1988-06-10,31.5,-25.0,1.6653347e-13
1988-06-11,31.5,-25.0,1.6653347e-13
1988-06-12,31.5,-25.0,1.6653347e-13
1988-06-13,31.5,-25.0,1.6653347e-13
1988-06-14,31.5,-25.0,1.6653347e-13
1988-06-15,31.5,-25.0,1.6653347e-13
1988-06-16,31.5,-25.0,0.026540939
1988-06-17,31.5,-25.0,1.6653347e-13
1988-06-18,31.5,-25.0,1.6653347e-13
1988-06-19,31.5,-25.0,1.6653347e-13
1988-06-20,31.5,-25.0,1.6653347e-13
1988-06-21,31.5,-25.0,0.05209888
1988-06-22,31.5,-25.0,0.055047877
1988-06-23,31.5,-25.0,1.6653347e-13
1988-06-24,31.5,-25.0,1.6653347e-13
1988-06-25,31.5,-25.0,1.6653347e-13
1988-06-26,31.5,-25.0,1.6653347e-13
1988-06-27,31.5,-25.0,1.6653347e-13
1988-06-28,31.5,-25.0,0.54949576
1988-06-29,31.5,-25.0,26.155603
1988-06-30,31.5,-25.0,3.8159974
1988-07-01,31.5,-25.0,0.001628696
1988-07-02,31.5,-25.0,0.45440608
1988-07-03,31.5,-25.0,0.0
1988-07-04,31.5,-25.0,0.0
1988-07-05,31.5,-25.0,0.0
1988-07-06,31.5,-25.0,0.0
1988-07-07,31.5,-25.0,0.0
1988-07-08,31.5,-25.0,0.0
1988-07-09,31.5,-25.0,0.0
1988-07-10,31.5,-25.0,1.4707123
1988-07-11,31.5,-25.0,1.4853706
1988-07-12,31.5,-25.0,0.0
1988-07-13,31.5,-25.0,0.0
1988-07-14,31.5,-25.0,0.013029566
1988-07-15,31.5,-25.0,0.0
1988-07-16,31.5,-25.0,0.0
1988-07-17,31.5,-25.0,0.0
1988-07-18,31.5,-25.0,0.0
1988-07-19,31.5,-25.0,0.0
1988-07-20,31.5,-25.0,0.0
1988-07-21,31.5,-25.0,0.0
1988-07-22,31.5,-25.0,0.0
1988-07-23,31.5,-25.0,0.0
1988-07-24,31.5,-25.0,0.000814348
1988-07-25,31.5,-25.0,0.0
1988-07-26,31.5,-25.0,0.0
1988-07-27,31.5,-25.0,0.037460007
1988-07-28,31.5,-25.0,0.0
1988-07-29,31.5,-25.0,0.0
1988-07-30,31.5,-25.0,0.0
1988-07-31,31.5,-25.0,0.04691173
1988-08-01,31.5,-25.0,0.16491233
1988-08-02,31.5,-25.0,-1.6653347e-13
1988-08-03,31.5,-25.0,-1.6653347e-13
1988-08-04,31.5,-25.0,-1.6653347e-13
1988-08-05,31.5,-25.0,-1.6653347e-13
1988-08-06,31.5,-25.0,-1.6653347e-13
1988-08-07,31.5,-25.0,-1.6653347e-13
1988-08-08,31.5,-25.0,0.02218119
1988-08-09,31.5,-25.0,0.29028428
1988-08-10,31.5,-25.0,1.7089162
1988-08-11,31.5,-25.0,1.6471944
1988-08-12,31.5,-25.0,-1.6653347e-13
1988-08-13,31.5,-25.0,-1.6653347e-13
1988-08-14,31.5,-25.0,-1.6653347e-13
1988-08-15,31.5,-25.0,-1.6653347e-13
1988-08-16,31.5,-25.0,-1.6653347e-13
1988-08-17,31.5,-25.0,0.0038575984
1988-08-18,31.5,-25.0,2.3270962
1988-08-19,31.5,-25.0,0.68954563
1988-08-20,31.5,-25.0,-1.6653347e-13
1988-08-21,31.5,-25.0,-1.6653347e-13
1988-08-22,31.5,-25.0,-1.6653347e-13
1988-08-23,31.5,-25.0,0.5632093
1988-08-24,31.5,-25.0,1.5758289
1988-08-25,31.5,-25.0,0.54874337
1988-08-26,31.5,-25.0,0.065579176
1988-08-27,31.5,-25.0,0.0009643996
1988-08-28,31.5,-25.0,0.46098295
1988-08-29,31.5,-25.0,0.12247875
1988-08-30,31.5,-25.0,0.28353345
1988-08-31,31.5,-25.0,-1.5959456e-13
1988-09-01,31.5,-25.0,2.513012
1988-09-02,31.5,-25.0,8.751567
1988-09-03,31.5,-25.0,0.12352594
1988-09-04,31.5,-25.0,0.0
1988-09-05,31.5,-25.0,0.0
1988-09-06,31.5,-25.0,0.0
1988-09-07,31.5,-25.0,0.0
1988-09-08,31.5,-25.0,0.0
1988-09-09,31.5,-25.0,0.0
1988-09-10,31.5,-25.0,0.0
1988-09-11,31.5,-25.0,0.43481135
1988-09-12,31.5,-25.0,0.15910143
1988-09-13,31.5,-25.0,0.33599055
1988-09-14,31.5,-25.0,2.0979648
1988-09-15,31.5,-25.0,0.30832076
1988-09-16,31.5,-25.0,2.162198
1988-09-17,31.5,-25.0,0.0
1988-09-18,31.5,-25.0,0.0
1988-09-19,31.5,-25.0,0.0
1988-09-20,31.5,-25.0,0.0
1988-09-21,31.5,-25.0,0.0
1988-09-22,31.5,-25.0,0.0
1988-09-23,31.5,-25.0,0.018775944
1988-09-24,31.5,-25.0,0.0
1988-09-25,31.5,-25.0,0.0
1988-09-26,31.5,-25.0,0.0
1988-09-27,31.5,-25.0,0.014823114
1988-09-28,31.5,-25.0,0.17886558
1988-09-29,31.5,-25.0,0.0
1988-09-30,31.5,-25.0,0.0029646228
1988-10-01,31.5,-25.0,0.0
1988-10-02,31.5,-25.0,0.44920546
1988-10-03,31.5,-25.0,2.907602
1988-10-04,31.5,-25.0,0.021530543
1988-10-05,31.5,-25.0,0.015658576
1988-10-06,31.5,-25.0,0.0
1988-10-07,31.5,-25.0,0.0
1988-10-08,31.5,-25.0,0.0
1988-10-09,31.5,-25.0,0.0
1988-10-10,31.5,-25.0,3.2618775
1988-10-11,31.5,-25.0,7.454461
1988-10-12,31.5,-25.0,4.1230993
1988-10-13,31.5,-25.0,10.889562
1988-10-14,31.5,-25.0,2.7216566
1988-10-15,31.5,-25.0,0.30827823
1988-10-16,31.5,-25.0,0.0
1988-10-17,31.5,-25.0,0.17518033
1988-10-18,31.5,-25.0,4.4519296
1988-10-19,31.5,-25.0,10.768208
1988-10-20,31.5,-25.0,22.74017
1988-10-21,31.5,-25.0,6.024637
1988-10-22,31.5,-25.0,0.019573223
1988-10-23,31.5,-25.0,0.19475356
1988-10-24,31.5,-25.0,0.033274475
1988-10-25,31.5,-25.0,0.0
1988-10-26,31.5,-25.0,0.5431569
1988-10-27,31.5,-25.0,0.07339958
1988-10-28,31.5,-25.0,0.023487866
1988-10-29,31.5,-25.0,4.3031726
1988-10-30,31.5,-25.0,0.81228876
1988-10-31,31.5,-25.0,0.0
1988-11-01,31.5,-25.0,0.44322798
1988-11-02,31.5,-25.0,0.0009784283
1988-11-03,31.5,-25.0,0.76219565
1988-11-04,31.5,-25.0,0.8463405
1988-11-05,31.5,-25.0,0.19568565
1988-11-06,31.5,-25.0,0.756325
1988-11-07,31.5,-25.0,0.0029352847
1988-11-08,31.5,-25.0,0.0
1988-11-09,31.5,-25.0,1.1359552
1988-11-10,31.5,-25.0,0.0
1988-11-11,31.5,-25.0,0.0019568566
1988-11-12,31.5,-25.0,0.0029352847
1988-11-13,31.5,-25.0,0.0
1988-11-14,31.5,-25.0,0.0
1988-11-15,31.5,-25.0,1.137912
1988-11-16,31.5,-25.0,0.025439138
1988-11-17,31.5,-25.0,0.6134745
1988-11-18,31.5,-25.0,0.9353775
1988-11-19,31.5,-25.0,0.113497674
1988-11-20,31.5,-25.0,0.0
1988-11-21,31.5,-25.0,0.0
1988-11-22,31.5,-25.0,0.0
1988-11-23,31.5,-25.0,0.0019568566
1988-11-24,31.5,-25.0,0.0
1988-11-25,31.5,-25.0,0.0
1988-11-26,31.5,-25.0,0.012719569
1988-11-27,31.5,-25.0,0.0019568566
1988-11-28,31.5,-25.0,6.682665
1988-11-29,31.5,-25.0,9.003497
1988-11-30,31.5,-25.0,0.09979969
1988-12-01,31.5,-25.0,0.8503391
1988-12-02,31.5,-25.0,0.045599114
1988-12-03,31.5,-25.0,16.495903
1988-12-04,31.5,-25.0,40.25304
1988-12-05,31.5,-25.0,24.0358
1988-12-06,31.5,-25.0,0.57589996
1988-12-07,31.5,-25.0,0.33861566
1988-12-08,31.5,-25.0,0.8418948
1988-12-09,31.5,-25.0,0.05235454
1988-12-10,31.5,-25.0,0.3487488
1988-12-11,31.5,-25.0,0.0
1988-12-12,31.5,-25.0,0.3951923
1988-12-13,31.5,-25.0,0.0692431
1988-12-14,31.5,-25.0,0.0050665685
1988-12-15,31.5,-25.0,7.765361
1988-12-16,31.5,-25.0,21.778648
1988-12-17,31.5,-25.0,0.1384862
1988-12-18,31.5,-25.0,0.13173077
1988-12-19,31.5,-25.0,0.94238174
1988-12-20,31.5,-25.0,0.0
1988-12-21,31.5,-25.0,0.048132405
1988-12-22,31.5,-25.0,0.08444281
1988-12-23,31.5,-25.0,0.0
1988-12-24,31.5,-25.0,0.00422214
1988-12-25,31.5,-25.0,0.0
1988-12-26,31.5,-25.0,0.20941816
1988-12-27,31.5,-25.0,1.3316633
1988-12-28,31.5,-25.0,0.048132405
1988-12-29,31.5,-25.0,0.010977565
1988-12-30,31.5,-25.0,0.48470172
1988-12-31,31.5,-25.0,2.8102567
1989-01-01,31.5,-25.0,0.57034016
1989-01-02,31.5,-25.0,0.0
1989-01-03,31.5,-25.0,1.9124218
1989-01-04,31.5,-25.0,6.2434425
1989-01-05,31.5,-25.0,0.15060544
1989-01-06,31.5,-25.0,0.1719932
1989-01-07,31.5,-25.0,0.6220272
1989-01-08,31.5,-25.0,6.369095
1989-01-09,31.5,-25.0,0.1452585
1989-01-10,31.5,-25.0,0.34755105
1989-01-11,31.5,-25.0,0.15238775
1989-01-12,31.5,-25.0,2.067483
1989-01-13,31.5,-25.0,0.28784353
1989-01-14,31.5,-25.0,0.033863943
1989-01-15,31.5,-25.0,0.04634013
1989-01-16,31.5,-25.0,1.6049728
1989-01-17,31.5,-25.0,0.58994555
1989-01-18,31.5,-25.0,0.07663945
1989-01-19,31.5,-25.0,0.0035646257
1989-01-20,31.5,-25.0,0.060598634
1989-01-21,31.5,-25.0,0.030299317
1989-01-22,31.5,-25.0,0.15149659
1989-01-23,31.5,-25.0,2.759911
1989-01-24,31.5,-25.0,0.080204085
1989-01-25,31.5,-25.0,3.808803
1989-01-26,31.5,-25.0,1.1050339
1989-01-27,31.5,-25.0,0.0
1989-01-28,31.5,-25.0,0.0017823129
1989-01-29,31.5,-25.0,0.042775508
1989-01-30,31.5,-25.0,0.30121088
1989-01-31,31.5,-25.0,0.09000679
1989-02-01,31.5,-25.0,0.0
1989-02-02,31.5,-25.0,0.48127508
1989-02-03,31.5,-25.0,2.926748
1989-02-04,31.5,-25.0,1.6970298
1989-02-05,31.5,-25.0,0.70934546
1989-02-06,31.5,-25.0,3.2311525
1989-02-07,31.5,-25.0,0.9262451
1989-02-08,31.5,-25.0,0.48872226
1989-02-09,31.5,-25.0,0.41704297
1989-02-10,31.5,-25.0,6.1737256
1989-02-11,31.5,-25.0,0.74937415
1989-02-12,31.5,-25.0,0.98302984
1989-02-13,31.5,-25.0,3.0607977
1989-02-14,31.5,-25.0,8.312933
1989-02-15,31.5,-25.0,0.05213037
1989-02-16,31.5,-25.0,1.1654861
1989-02-17,31.5,-25.0,0.26158276
1989-02-18,31.5,-25.0,0.0
1989-02-19,31.5,-25.0,10.814259
1989-02-20,31.5,-25.0,4.8229904
1989-02-21,31.5,-25.0,2.0935931
1989-02-22,31.5,-25.0,9.671115
1989-02-23,31.5,-25.0,7.624999
1989-02-24,31.5,-25.0,17.008465
1989-02-25,31.5,-25.0,0.47475877
1989-02-26,31.5,-25.0,0.1964198
1989-02-27,31.5,-25.0,0.8080207
1989-02-28,31.5,-25.0,0.12474054
1989-03-01,31.5,-25.0,0.0
1989-03-02,31.5,-25.0,9.212951
1989-03-03,31.5,-25.0,4.5197487
1989-03-04,31.5,-25.0,0.054135345
1989-03-05,31.5,-25.0,0.0055240146
1989-03-06,31.5,-25.0,0.030934481
1989-03-07,31.5,-25.0,0.06849778
1989-03-08,31.5,-25.0,0.0022096056
1989-03-09,31.5,-25.0,0.0
1989-03-10,31.5,-25.0,0.0022096056
1989-03-11,31.5,-25.0,0.0077336202
1989-03-12,31.5,-25.0,0.0
1989-03-13,31.5,-25.0,3.8491335
1989-03-14,31.5,-25.0,5.0025473
1989-03-15,31.5,-25.0,0.28614393
1989-03-16,31.5,-25.0,1.3036674
1989-03-17,31.5,-25.0,0.14804359
1989-03-18,31.5,-25.0,0.89378554
1989-03-19,31.5,-25.0,0.06297377
1989-03-20,31.5,-25.0,0.051925734
1989-03-21,31.5,-25.0,0.012152832
1989-03-22,31.5,-25.0,0.0154672405
1989-03-23,31.5,-25.0,0.31044963
1989-03-24,31.5,-25.0,0.13478595
1989-03-25,31.5,-25.0,0.14141476
1989-03-26,31.5,-25.0,1.0385146
1989-03-27,31.5,-25.0,0.112689905
1989-03-28,31.5,-25.0,0.23974223
1989-03-29,31.5,-25.0,0.12263312
1989-03-30,31.5,-25.0,0.0
1989-03-31,31.5,-25.0,0.040877707
1989-04-01,31.5,-25.0,0.0599245
1989-04-02,31.5,-25.0,-1.6653347e-13
1989-04-03,31.5,-25.0,-1.6653347e-13
1989-04-04,31.5,-25.0,-1.6653347e-13
1989-04-05,31.5,-25.0,-1.6653347e-13
1989-04-06,31.5,-25.0,0.92026925
1989-04-07,31.5,-25.0,2.0181718
1989-04-08,31.5,-25.0,2.2931824
1989-04-09,31.5,-25.0,0.55109143
1989-04-10,31.5,-25.0,0.14125061
1989-04-11,31.5,-25.0,0.0042803213
1989-04-12,31.5,-25.0,0.022471685
1989-04-13,31.5,-25.0,0.47725582
1989-04-14,31.5,-25.0,-1.6653347e-13
1989-04-15,31.5,-25.0,0.008560643
1989-04-16,31.5,-25.0,1.0486788
1989-04-17,31.5,-25.0,-1.6653347e-13
1989-04-18,31.5,-25.0,-1.6653347e-13
1989-04-19,31.5,-25.0,-1.6653347e-13
1989-04-20,31.5,-25.0,-1.6653347e-13
1989-04-21,31.5,-25.0,-1.6653347e-13
1989-04-22,31.5,-25.0,3.2048907
1989-04-23,31.5,-25.0,2.9052682
1989-04-24,31.5,-25.0,-1.6653347e-13
1989-04-25,31.5,-25.0,0.02461185
1989-04-26,31.5,-25.0,0.37559822
1989-04-27,31.5,-25.0,0.83359265
1989-04-28,31.5,-25.0,0.5264796
1989-04-29,31.5,-25.0,0.14018053
1989-04-30,31.5,-25.0,5.1008673
1989-05-01,31.5,-25.0,0.48442298
1989-05-02,31.5,-25.0,0.0
1989-05-03,31.5,-25.0,0.031869933
1989-05-04,31.5,-25.0,0.0
1989-05-05,31.5,-25.0,0.0
1989-05-06,31.5,-25.0,0.0
1989-05-07,31.5,-25.0,0.0
1989-05-08,31.5,-25.0,0.0045528477
1989-05-09,31.5,-25.0,0.2804554
1989-05-10,31.5,-25.0,0.0
1989-05-11,31.5,-25.0,0.0
1989-05-12,31.5,-25.0,0.0
1989-05-13,31.5,-25.0,1.5224723
1989-05-14,31.5,-25.0,1.9686515
1989-05-15,31.5,-25.0,0.061918736
1989-05-16,31.5,-25.0,0.0
1989-05-17,31.5,-25.0,0.008195126
1989-05-18,31.5,-25.0,0.0
1989-05-19,31.5,-25.0,0.0
1989-05-20,31.5,-25.0,0.0
1989-05-21,31.5,-25.0,0.0
1989-05-22,31.5,-25.0,0.06829272
1989-05-23,31.5,-25.0,0.19030903
1989-05-24,31.5,-25.0,0.0
1989-05-25,31.5,-25.0,0.0
1989-05-26,31.5,-25.0,0.028227653
1989-05-27,31.5,-25.0,1.2210737
1989-05-28,31.5,-25.0,0.40611404
1989-05-29,31.5,-25.0,0.0018211392
1989-05-30,31.5,-25.0,0.0
1989-05-31,31.5,-25.0,6.938894e-15
1989-06-01,31.5,-25.0,1.6653347e-13
1989-06-02,31.5,-25.0,0.36309582
1989-06-03,31.5,-25.0,3.0800548
1989-06-04,31.5,-25.0,20.594372
1989-06-05,31.5,-25.0,9.897011
1989-06-06,31.5,-25.0,0.020225499
1989-06-07,31.5,-25.0,1.1393697
1989-06-08,31.5,-25.0,1.6653347e-13
1989-06-09,31.5,-25.0,0.36502206
1989-06-10,31.5,-25.0,0.39680502
1989-06-11,31.5,-25.0,0.03659852
1989-06-12,31.5,-25.0,0.0048155948
1989-06-13,31.5,-25.0,1.6653347e-13
1989-06-14,31.5,-25.0,1.6653347e-13
1989-06-15,31.5,-25.0,0.3043456
1989-06-16,31.5,-25.0,1.6653347e-13
1989-06-17,31.5,-25.0,1.6653347e-13
1989-06-18,31.5,-25.0,1.6653347e-13
1989-06-19,31.5,-25.0,1.6653347e-13
1989-06-20,31.5,-25.0,1.6653347e-13
1989-06-21,31.5,-25.0,1.6653347e-13
1989-06-22,31.5,-25.0,0.000963119
1989-06-23,31.5,-25.0,0.007704952
1989-06-24,31.5,-25.0,1.6653347e-13
1989-06-25,31.5,-25.0,1.6653347e-13
1989-06-26,31.5,-25.0,0.0048155948
1989-06-27,31.5,-25.0,1.6653347e-13
1989-06-28,31.5,-25.0,1.6653347e-13
1989-06-29,31.5,-25.0,1.6653347e-13
1989-06-30,31.5,-25.0,1.5959456e-13
1989-07-01,31.5,-25.0,0.10613157
1989-07-02,31.5,-25.0,0.0058421046
1989-07-03,31.5,-25.0,0.0
1989-07-04,31.5,-25.0,0.007789473
1989-07-05,31.5,-25.0,0.0
1989-07-06,31.5,-25.0,0.8792368
1989-07-07,31.5,-25.0,0.16942105
1989-07-08,31.5,-25.0,0.0058421046
1989-07-09,31.5,-25.0,0.0
1989-07-10,31.5,-25.0,0.0
1989-07-11,31.5,-25.0,0.0
1989-07-12,31.5,-25.0,0.0029210523
1989-07-13,31.5,-25.0,0.012657894
1989-07-14,31.5,-25.0,0.0
1989-07-15,31.5,-25.0,0.0
1989-07-16,31.5,-25.0,0.0
1989-07-17,31.5,-25.0,0.0
1989-07-18,31.5,-25.0,0.0
1989-07-19,31.5,-25.0,0.0
1989-07-20,31.5,-25.0,0.0029210523
1989-07-21,31.5,-25.0,1.4644209
1989-07-22,31.5,-25.0,0.0
1989-07-23,31.5,-25.0,0.0
1989-07-24,31.5,-25.0,0.0
1989-07-25,31.5,-25.0,0.0
1989-07-26,31.5,-25.0,0.0
1989-07-27,31.5,-25.0,0.008763157
1989-07-28,31.5,-25.0,0.046736836
1989-07-29,31.5,-25.0,0.0029210523
1989-07-30,31.5,-25.0,0.0
1989-07-31,31.5,-25.0,0.0
1989-08-01,31.5,-25.0,0.0010457194
1989-08-02,31.5,-25.0,0.0
1989-08-03,31.5,-25.0,0.24365263
1989-08-04,31.5,-25.0,0.0
1989-08-05,31.5,-25.0,0.0
1989-08-06,31.5,-25.0,0.0
1989-08-07,31.5,-25.0,0.0
1989-08-08,31.5,-25.0,1.6365509
1989-08-09,31.5,-25.0,0.52808833
1989-08-10,31.5,-25.0,0.0
1989-08-11,31.5,-25.0,0.0
1989-08-12,31.5,-25.0,0.0
1989-08-13,31.5,-25.0,0.34090456
1989-08-14,31.5,-25.0,0.6922662
1989-08-15,31.5,-25.0,0.0
1989-08-16,31.5,-25.0,0.0
1989-08-17,31.5,-25.0,0.016731512
1989-08-18,31.5,-25.0,0.0
1989-08-19,31.5,-25.0,0.0
1989-08-20,31.5,-25.0,0.0
1989-08-21,31.5,-25.0,0.0
1989-08-22,31.5,-25.0,0.0
1989-08-23,31.5,-25.0,0.0
1989-08-24,31.5,-25.0,0.0
1989-08-25,31.5,-25.0,0.0
1989-08-26,31.5,-25.0,0.0
1989-08-27,31.5,-25.0,0.0
1989-08-28,31.5,-25.0,0.0
1989-08-29,31.5,-25.0,0.0
1989-08-30,31.5,-25.0,0.0062743165
1989-08-31,31.5,-25.0,0.6723976
1989-09-01,31.5,-25.0,0.021370292
1989-09-02,31.5,-25.0,0.002035266
1989-09-03,31.5,-25.0,0.0
1989-09-04,31.5,-25.0,0.0
1989-09-05,31.5,-25.0,0.04782875
1989-09-06,31.5,-25.0,3.3887177
1989-09-07,31.5,-25.0,0.0
1989-09-08,31.5,-25.0,0.0071234303
1989-09-09,31.5,-25.0,0.002035266
1989-09-10,31.5,-25.0,0.0
1989-09-11,31.5,-25.0,0.0
1989-09-12,31.5,-25.0,0.0
1989-09-13,31.5,-25.0,0.0
1989-09-14,31.5,-25.0,0.0
1989-09-15,31.5,-25.0,0.004070532
1989-09-16,31.5,-25.0,0.0050881645
1989-09-17,31.5,-25.0,0.0
1989-09-18,31.5,-25.0,0.0
1989-09-19,31.5,-25.0,1.0715674
1989-09-20,31.5,-25.0,0.0142468605
1989-09-21,31.5,-25.0,0.028493725
1989-09-22,31.5,-25.0,2.8127375
1989-09-23,31.5,-25.0,2.3802433
1989-09-24,31.5,-25.0,1.336152
1989-09-25,31.5,-25.0,0.29409593
1989-09-26,31.5,-25.0,0.0
1989-09-27,31.5,-25.0,0.0
1989-09-28,31.5,-25.0,0.0
1989-09-29,31.5,-25.0,0.0
1989-09-30,31.5,-25.0,0.0
1989-10-01,31.5,-25.0,0.0
1989-10-02,31.5,-25.0,0.0
1989-10-03,31.5,-25.0,0.0034117652
1989-10-04,31.5,-25.0,0.0011372551
1989-10-05,31.5,-25.0,0.053450994
1989-10-06,31.5,-25.0,0.2934118
1989-10-07,31.5,-25.0,0.0
1989-10-08,31.5,-25.0,0.0
1989-10-09,31.5,-25.0,21.713612
1989-10-10,31.5,-25.0,3.3287458
1989-10-11,31.5,-25.0,0.19219613
1989-10-12,31.5,-25.0,0.0
1989-10-13,31.5,-25.0,0.0
1989-10-14,31.5,-25.0,0.0
1989-10-15,31.5,-25.0,0.0
1989-10-16,31.5,-25.0,0.038666673
1989-10-17,31.5,-25.0,1.0246669
1989-10-18,31.5,-25.0,0.0
1989-10-19,31.5,-25.0,0.42192167
1989-10-20,31.5,-25.0,1.012157
1989-10-21,31.5,-25.0,0.017058827
1989-10-22,31.5,-25.0,15.404121
1989-10-23,31.5,-25.0,0.7699218
1989-10-24,31.5,-25.0,0.104627475
1989-10-25,31.5,-25.0,0.23996083
1989-10-26,31.5,-25.0,0.40486282
1989-10-27,31.5,-25.0,0.0
1989-10-28,31.5,-25.0,0.018196082
1989-10-29,31.5,-25.0,0.020470591
1989-10-30,31.5,-25.0,0.0
1989-10-31,31.5,-25.0,0.0011372551
1989-11-01,31.5,-25.0,0.12281959
1989-11-02,31.5,-25.0,1.3100756
1989-11-03,31.5,-25.0,2.7872524
1989-11-04,31.5,-25.0,4.911948
1989-11-05,31.5,-25.0,3.044589
1989-11-06,31.5,-25.0,0.17879857
1989-11-07,31.5,-25.0,23.587208
1989-11-08,31.5,-25.0,3.743073
1989-11-09,31.5,-25.0,0.0
1989-11-10,31.5,-25.0,0.79038996
1989-11-11,31.5,-25.0,0.98088574
1989-11-12,31.5,-25.0,1.1028697
1989-11-13,31.5,-25.0,0.053472474
1989-11-14,31.5,-25.0,0.0
1989-11-15,31.5,-25.0,0.0
1989-11-16,31.5,-25.0,1.5189525
1989-11-17,31.5,-25.0,2.8891845
1989-11-18,31.5,-25.0,0.09775436
1989-11-19,31.5,-25.0,0.14955582
1989-11-20,31.5,-25.0,0.5071529
1989-11-21,31.5,-25.0,0.0
1989-11-22,31.5,-25.0,0.0
1989-11-23,31.5,-25.0,0.0
1989-11-24,31.5,-25.0,0.39519498
1989-11-25,31.5,-25.0,0.0050130445
1989-11-26,31.5,-25.0,0.0
1989-11-27,31.5,-25.0,1.4362371
1989-11-28,31.5,-25.0,3.5743003
1989-11-29,31.5,-25.0,24.864698
1989-11-30,31.5,-25.0,16.228806
1989-12-01,31.5,-25.0,20.395065
1989-12-02,31.5,-25.0,6.74452
1989-12-03,31.5,-25.0,1.8638847
1989-12-04,31.5,-25.0,6.6724024
1989-12-05,31.5,-25.0,6.585049
1989-12-06,31.5,-25.0,1.7389487
1989-12-07,31.5,-25.0,0.16759726
1989-12-08,31.5,-25.0,3.4027326
1989-12-09,31.5,-25.0,8.048733
1989-12-10,31.5,-25.0,1.0482448
1989-12-11,31.5,-25.0,0.99237907
1989-12-12,31.5,-25.0,3.8110607
1989-12-13,31.5,-25.0,0.8207189
1989-12-14,31.5,-25.0,12.93343
1989-12-15,31.5,-25.0,11.558119
1989-12-16,31.5,-25.0,0.5231067
1989-12-17,31.5,-25.0,0.00914167
1989-12-18,31.5,-25.0,0.0
1989-12-19,31.5,-25.0,0.0
1989-12-20,31.5,-25.0,1.2422514
1989-12-21,31.5,-25.0,0.67038906
1989-12-22,31.5,-25.0,0.8146243
1989-12-23,31.5,-25.0,0.09141669
1989-12-24,31.5,-25.0,0.09954262
1989-12-25,31.5,-25.0,1.0482448
1989-12-26,31.5,-25.0,0.08836948
1989-12-27,31.5,-25.0,0.008125929
1989-12-28,31.5,-25.0,0.13814078
1989-12-29,31.5,-25.0,0.36871403
1989-12-30,31.5,-25.0,1.2737393
1989-12-31,31.5,-25.0,14.640892
1990-01-01,31.5,-25.0,0.6286802
1990-01-02,31.5,-25.0,2.91559
1990-01-03,31.5,-25.0,1.6836507
1990-01-04,31.5,-25.0,0.12612714
1990-01-05,31.5,-25.0,0.0
1990-01-06,31.5,-25.0,0.0
1990-01-07,31.5,-25.0,0.9102664
1990-01-08,31.5,-25.0,0.032265082
1990-01-09,31.5,-25.0,0.46637708
1990-01-10,31.5,-25.0,9.395983
1990-01-11,31.5,-25.0,16.106142
1990-01-12,31.5,-25.0,2.8569264
1990-01-13,31.5,-25.0,2.459968
1990-01-14,31.5,-25.0,4.5532875
1990-01-15,31.5,-25.0,0.7430746
1990-01-16,31.5,-25.0,0.028354162
1990-01-17,31.5,-25.0,0.10070616
1990-01-18,31.5,-25.0,0.38327006
1990-01-19,31.5,-25.0,0.9024446
1990-01-20,31.5,-25.0,2.1764264
1990-01-21,31.5,-25.0,0.19554596
1990-01-22,31.5,-25.0,0.3187399
1990-01-23,31.5,-25.0,4.898426
1990-01-24,31.5,-25.0,10.112659
1990-01-25,31.5,-25.0,5.13797
1990-01-26,31.5,-25.0,0.11439437
1990-01-27,31.5,-25.0,6.8558407
1990-01-28,31.5,-25.0,9.278655
1990-01-29,31.5,-25.0,6.951658
1990-01-30,31.5,-25.0,4.294189
1990-01-31,31.5,-25.0,2.5372086
1990-02-01,31.5,-25.0,1.1116016
1990-02-02,31.5,-25.0,2.9434094
1990-02-03,31.5,-25.0,4.0967336
1990-02-04,31.5,-25.0,6.007019
1990-02-05,31.5,-25.0,2.704003
1990-02-06,31.5,-25.0,1.7384295
1990-02-07,31.5,-25.0,1.9331336
1990-02-08,31.5,-25.0,0.4341107
1990-02-09,31.5,-25.0,2.3722115
1990-02-10,31.5,-25.0,1.2019999
1990-02-11,31.5,-25.0,0.39636192
1990-02-12,31.5,-25.0,0.55530405
1990-02-13,31.5,-25.0,1.3390875
1990-02-14,31.5,-25.0,0.4321239
1990-02-15,31.5,-25.0,0.003973554
1990-02-16,31.5,-25.0,2.522213
1990-02-17,31.5,-25.0,0.0009933885
1990-02-18,31.5,-25.0,0.0
1990-02-19,31.5,-25.0,0.0029801652
1990-02-20,31.5,-25.0,0.03476859
1990-02-21,31.5,-25.0,3.9487188
1990-02-22,31.5,-25.0,19.50816
1990-02-23,31.5,-25.0,0.2473537
1990-02-24,31.5,-25.0,0.5711983
1990-02-25,31.5,-25.0,0.0764909
1990-02-26,31.5,-25.0,3.619907
1990-02-27,31.5,-25.0,0.2801355
1990-02-28,31.5,-25.0,0.001986777
1990-03-01,31.5,-25.0,0.0
1990-03-02,31.5,-25.0,0.029707175
1990-03-03,31.5,-25.0,0.1659504
1990-03-04,31.5,-25.0,0.06863382
1990-03-05,31.5,-25.0,1.6697481
1990-03-06,31.5,-25.0,0.14751147
1990-03-07,31.5,-25.0,2.6541824
1990-03-08,31.5,-25.0,0.35238853
1990-03-09,31.5,-25.0,0.030731559
1990-03-10,31.5,-25.0,0.016390163
1990-03-11,31.5,-25.0,1.9903805
1990-03-12,31.5,-25.0,5.168024
1990-03-13,31.5,-25.0,5.1936336
1990-03-14,31.5,-25.0,0.60233855
1990-03-15,31.5,-25.0,0.68736255
1990-03-16,31.5,-25.0,0.0
1990-03-17,31.5,-25.0,0.0
1990-03-18,31.5,-25.0,1.0602388
1990-03-19,31.5,-25.0,0.65970415
1990-03-20,31.5,-25.0,0.7406306
1990-03-21,31.5,-25.0,0.59619224
1990-03-22,31.5,-25.0,0.014341394
1990-03-23,31.5,-25.0,0.7539476
1990-03-24,31.5,-25.0,1.9545271
1990-03-25,31.5,-25.0,3.6816406
1990-03-26,31.5,-25.0,0.38619328
1990-03-27,31.5,-25.0,3.14896
1990-03-28,31.5,-25.0,2.4472566
1990-03-29,31.5,-25.0,0.15673095
1990-03-30,31.5,-25.0,0.08092644
1990-03-31,31.5,-25.0,0.0
1990-04-01,31.5,-25.0,0.4080007
1990-04-02,31.5,-25.0,5.413498
1990-04-03,31.5,-25.0,0.06713935
1990-04-04,31.5,-25.0,0.4348564
1990-04-05,31.5,-25.0,0.487535
1990-04-06,31.5,-25.0,8.575245
1990-04-07,31.5,-25.0,2.295133
1990-04-08,31.5,-25.0,0.38011202
1990-04-09,31.5,-25.0,0.03615196
1990-04-10,31.5,-25.0,0.06713935
1990-04-11,31.5,-25.0,0.0
1990-04-12,31.5,-25.0,0.0010329131
1990-04-13,31.5,-25.0,0.22827381
1990-04-14,31.5,-25.0,0.1735294
1990-04-15,31.5,-25.0,1.7859068
1990-04-16,31.5,-25.0,2.3602064
1990-04-17,31.5,-25.0,2.0358717
1990-04-18,31.5,-25.0,0.0
1990-04-19,31.5,-25.0,0.43692225
1990-04-20,31.5,-25.0,0.85628504
1990-04-21,31.5,-25.0,2.9799542
1990-04-22,31.5,-25.0,0.0020658262
1990-04-23,31.5,-25.0,0.0
1990-04-24,31.5,-25.0,0.0010329131
1990-04-25,31.5,-25.0,0.0
1990-04-26,31.5,-25.0,2.154657
1990-04-27,31.5,-25.0,0.0
1990-04-28,31.5,-25.0,0.0
1990-04-29,31.5,-25.0,3.6978292
1990-04-30,31.5,-25.0,0.88170886
1990-05-01,31.5,-25.0,1.65396
1990-05-02,31.5,-25.0,0.0
1990-05-03,31.5,-25.0,0.0
1990-05-04,31.5,-25.0,0.04636263
1990-05-05,31.5,-25.0,0.54017854
1990-05-06,31.5,-25.0,0.0
1990-05-07,31.5,-25.0,0.0
1990-05-08,31.5,-25.0,0.5994796
1990-05-09,31.5,-25.0,1.9634035
1990-05-10,31.5,-25.0,0.18868513
1990-05-11,31.5,-25.0,0.43882772
1990-05-12,31.5,-25.0,0.13477509
1990-05-13,31.5,-25.0,0.02803322
1990-05-14,31.5,-25.0,0.48734677
1990-05-15,31.5,-25.0,0.30405262
1990-05-16,31.5,-25.0,1.713261
1990-05-17,31.5,-25.0,1.2862935
1990-05-18,31.5,-25.0,0.0
1990-05-19,31.5,-25.0,2.7483337
1990-05-20,31.5,-25.0,0.0
1990-05-21,31.5,-25.0,0.0
1990-05-22,31.5,-25.0,0.2727848
1990-05-23,31.5,-25.0,0.4625481
1990-05-24,31.5,-25.0,0.0
1990-05-25,31.5,-25.0,0.0
1990-05-26,31.5,-25.0,0.061457444
1990-05-27,31.5,-25.0,0.0
1990-05-28,31.5,-25.0,0.0
1990-05-29,31.5,-25.0,0.0
1990-05-30,31.5,-25.0,0.0
1990-05-31,31.5,-25.0,6.938894e-15
1990-06-01,31.5,-25.0,0.0028641224
1990-06-02,31.5,-25.0,1.6653347e-13
1990-06-03,31.5,-25.0,1.6653347e-13
1990-06-04,31.5,-25.0,1.6653347e-13
1990-06-05,31.5,-25.0,0.0028641224
1990-06-06,31.5,-25.0,0.2921405
1990-06-07,31.5,-25.0,0.009547075
1990-06-08,31.5,-25.0,1.6653347e-13
1990-06-09,31.5,-25.0,1.6653347e-13
1990-06-10,31.5,-25.0,1.6653347e-13
1990-06-11,31.5,-25.0,0.00381883
1990-06-12,31.5,-25.0,0.0038188305
1990-06-13,31.5,-25.0,1.6653347e-13
1990-06-14,31.5,-25.0,1.6653347e-13
1990-06-15,31.5,-25.0,1.6653347e-13
1990-06-16,31.5,-25.0,1.6653347e-13
1990-06-17,31.5,-25.0,1.6653347e-13
1990-06-18,31.5,-25.0,0.034369472
1990-06-19,31.5,-25.0,0.001909415
1990-06-20,31.5,-25.0,1.6653347e-13
1990-06-21,31.5,-25.0,1.6653347e-13
1990-06-22,31.5,-25.0,0.202398
1990-06-23,31.5,-25.0,1.6653347e-13
1990-06-24,31.5,-25.0,1.6653347e-13
1990-06-25,31.5,-25.0,1.6653347e-13
1990-06-26,31.5,-25.0,1.6653347e-13
1990-06-27,31.5,-25.0,1.6653347e-13
1990-06-28,31.5,-25.0,1.6653347e-13
1990-06-29,31.5,-25.0,0.00381883
1990-06-30,31.5,-25.0,0.14797968
1990-07-01,31.5,-25.0,-8.3266734e-14
1990-07-02,31.5,-25.0,-8.3266734e-14
1990-07-03,31.5,-25.0,-8.3266734e-14
1990-07-04,31.5,-25.0,-8.3266734e-14
1990-07-05,31.5,-25.0,-8.3266734e-14
1990-07-06,31.5,-25.0,0.92489576
1990-07-07,31.5,-25.0,0.039130203
1990-07-08,31.5,-25.0,-8.3266734e-14
1990-07-09,31.5,-25.0,-8.3266734e-14
1990-07-10,31.5,-25.0,-8.3266734e-14
1990-07-11,31.5,-25.0,-8.3266734e-14
1990-07-12,31.5,-25.0,-8.3266734e-14
1990-07-13,31.5,-25.0,0.44732934
1990-07-14,31.5,-25.0,0.22410935
1990-07-15,31.5,-25.0,-8.3266734e-14
1990-07-16,31.5,-25.0,-8.3266734e-14
1990-07-17,31.5,-25.0,-8.3266734e-14
1990-07-18,31.5,-25.0,-8.3266734e-14
1990-07-19,31.5,-25.0,0.012450518
1990-07-20,31.5,-25.0,0.20988017
1990-07-21,31.5,-25.0,0.42687494
1990-07-22,31.5,-25.0,0.14318097
1990-07-23,31.5,-25.0,-8.3266734e-14
1990-07-24,31.5,-25.0,-8.3266734e-14
1990-07-25,31.5,-25.0,-8.3266734e-14
1990-07-26,31.5,-25.0,-8.3266734e-14
1990-07-27,31.5,-25.0,0.16274609
1990-07-28,31.5,-25.0,0.45355463
1990-07-29,31.5,-25.0,0.043576818
1990-07-30,31.5,-25.0,0.14584893
1990-07-31,31.5,-25.0,0.008524509
1990-08-01,31.5,-25.0,0.013795498
1990-08-02,31.5,-25.0,0.08392262
1990-08-03,31.5,-25.0,0.03333912
1990-08-04,31.5,-25.0,0.2828077
1990-08-05,31.5,-25.0,1.8141081
1990-08-06,31.5,-25.0,2.193484
1990-08-07,31.5,-25.0,0.11841137
1990-08-08,31.5,-25.0,-1.6653347e-13
1990-08-09,31.5,-25.0,-1.6653347e-13
1990-08-10,31.5,-25.0,-1.6653347e-13
1990-08-11,31.5,-25.0,0.07587524
1990-08-12,31.5,-25.0,0.048284244
1990-08-13,31.5,-25.0,0.021842873
1990-08-14,31.5,-25.0,0.022992495
1990-08-15,31.5,-25.0,-1.6653347e-13
1990-08-16,31.5,-25.0,-1.6653347e-13
1990-08-17,31.5,-25.0,-1.6653347e-13
1990-08-18,31.5,-25.0,-1.6653347e-13
1990-08-19,31.5,-25.0,0.0034488745
1990-08-20,31.5,-25.0,6.457443
1990-08-21,31.5,-25.0,-1.6653347e-13
1990-08-22,31.5,-25.0,-1.6653347e-13
1990-08-23,31.5,-25.0,-1.6653347e-13
1990-08-24,31.5,-25.0,-1.6653347e-13
1990-08-25,31.5,-25.0,-1.6653347e-13
1990-08-26,31.5,-25.0,-1.6653347e-13
1990-08-27,31.5,-25.0,-1.6653347e-13
1990-08-28,31.5,-25.0,0.0011496248
1990-08-29,31.5,-25.0,0.35753334
1990-08-30,31.5,-25.0,1.045009
1990-08-31,31.5,-25.0,0.041137047
1990-09-01,31.5,-25.0,0.0018003581
1990-09-02,31.5,-25.0,-8.3266734e-14
1990-09-03,31.5,-25.0,0.22144403
1990-09-04,31.5,-25.0,0.021604298
1990-09-05,31.5,-25.0,-8.3266734e-14
1990-09-06,31.5,-25.0,-8.3266734e-14
1990-09-07,31.5,-25.0,-8.3266734e-14
1990-09-08,31.5,-25.0,-8.3266734e-14
1990-09-09,31.5,-25.0,0.055811103
1990-09-10,31.5,-25.0,0.3735743
1990-09-11,31.5,-25.0,-8.3266734e-14
1990-09-12,31.5,-25.0,0.032406442
1990-09-13,31.5,-25.0,0.082816474
1990-09-14,31.5,-25.0,-8.3266734e-14
1990-09-15,31.5,-25.0,0.042308412
1990-09-16,31.5,-25.0,0.0018003581
1990-09-17,31.5,-25.0,0.0090017915
1990-09-18,31.5,-25.0,2.8463664
1990-09-19,31.5,-25.0,0.030606084
1990-09-20,31.5,-25.0,-8.3266734e-14
1990-09-21,31.5,-25.0,-8.3266734e-14
1990-09-22,31.5,-25.0,-8.3266734e-14
1990-09-23,31.5,-25.0,-8.3266734e-14
1990-09-24,31.5,-25.0,0.43928736
1990-09-25,31.5,-25.0,-8.3266734e-14
1990-09-26,31.5,-25.0,0.00090017903
1990-09-27,31.5,-25.0,-8.3266734e-14
1990-09-28,31.5,-25.0,-8.3266734e-14
1990-09-29,31.5,-25.0,0.027905552
1990-09-30,31.5,-25.0,0.042315178
1990-10-01,31.5,-25.0,0.13694882
1990-10-02,31.5,-25.0,0.019045867
1990-10-03,31.5,-25.0,1.4084871
1990-10-04,31.5,-25.0,0.005441676
1990-10-05,31.5,-25.0,0.0072555672
1990-10-06,31.5,-25.0,0.0
1990-10-07,31.5,-25.0,4.1066513
1990-10-08,31.5,-25.0,34.208187
1990-10-09,31.5,-25.0,1.9707937
1990-10-10,31.5,-25.0,0.48340213
1990-10-11,31.5,-25.0,0.01360419
1990-10-12,31.5,-25.0,0.0
1990-10-13,31.5,-25.0,0.026301434
1990-10-14,31.5,-25.0,0.040812567
1990-10-15,31.5,-25.0,0.03899868
1990-10-16,31.5,-25.0,0.0
1990-10-17,31.5,-25.0,0.0
1990-10-18,31.5,-25.0,3.5860643
1990-10-19,31.5,-25.0,0.011790298
1990-10-20,31.5,-25.0,0.0
1990-10-21,31.5,-25.0,0.0
1990-10-22,31.5,-25.0,0.0
1990-10-23,31.5,-25.0,0.032650054
1990-10-24,31.5,-25.0,0.08343904
1990-10-25,31.5,-25.0,0.6919998
1990-10-26,31.5,-25.0,1.1554493
1990-10-27,31.5,-25.0,0.032650054
1990-10-28,31.5,-25.0,0.046254244
1990-10-29,31.5,-25.0,0.0
1990-10-30,31.5,-25.0,0.0
1990-10-31,31.5,-25.0,0.046254244
1990-11-01,31.5,-25.0,1.6653347e-13
1990-11-02,31.5,-25.0,0.035231855
1990-11-03,31.5,-25.0,1.6653347e-13
1990-11-04,31.5,-25.0,1.6653347e-13
1990-11-05,31.5,-25.0,0.6776952
1990-11-06,31.5,-25.0,0.42796344
1990-11-07,31.5,-25.0,0.08082602
1990-11-08,31.5,-25.0,0.24247809
1990-11-09,31.5,-25.0,1.6653347e-13
1990-11-10,31.5,-25.0,1.6653347e-13
1990-11-11,31.5,-25.0,1.6653347e-13
1990-11-12,31.5,-25.0,1.6653347e-13
1990-11-13,31.5,-25.0,0.02797824
1990-11-14,31.5,-25.0,0.07253618
1990-11-15,31.5,-25.0,2.9335704
1990-11-16,31.5,-25.0,0.3056882
1990-11-17,31.5,-25.0,1.6653347e-13
1990-11-18,31.5,-25.0,0.015543466
1990-11-19,31.5,-25.0,0.42899966
1990-11-20,31.5,-25.0,1.8279116
1990-11-21,31.5,-25.0,7.8173275
1990-11-22,31.5,-25.0,0.6072315
1990-11-23,31.5,-25.0,0.050775327
1990-11-24,31.5,-25.0,4.3511343
1990-11-25,31.5,-25.0,0.4507605
1990-11-26,31.5,-25.0,0.14818105
1990-11-27,31.5,-25.0,1.6653347e-13
1990-11-28,31.5,-25.0,1.6653347e-13
1990-11-29,31.5,-25.0,1.6653347e-13
1990-11-30,31.5,-25.0,1.5959456e-13
1990-12-01,31.5,-25.0,0.09656395
1990-12-02,31.5,-25.0,4.1160383
1990-12-03,31.5,-25.0,10.68138
1990-12-04,31.5,-25.0,0.5793837
1990-12-05,31.5,-25.0,16.578823
1990-12-06,31.5,-25.0,6.2364216
1990-12-07,31.5,-25.0,1.1406616
1990-12-08,31.5,-25.0,0.23537461
1990-12-09,31.5,-25.0,2.8757951
1990-12-10,31.5,-25.0,0.017099865
1990-12-11,31.5,-25.0,0.13679893
1990-12-12,31.5,-25.0,0.11869318
1990-12-13,31.5,-25.0,0.0
1990-12-14,31.5,-25.0,0.23436874
1990-12-15,31.5,-25.0,13.4073
1990-12-16,31.5,-25.0,2.5609562
1990-12-17,31.5,-25.0,1.0320271
1990-12-18,31.5,-25.0,1.1235619
1990-12-19,31.5,-25.0,10.005432
1990-12-20,31.5,-25.0,2.1203833
1990-12-21,31.5,-25.0,0.027158607
1990-12-22,31.5,-25.0,0.0
1990-12-23,31.5,-25.0,0.058340717
1990-12-24,31.5,-25.0,0.5240606
1990-12-25,31.5,-25.0,24.841076
1990-12-26,31.5,-25.0,7.7442274
1990-12-27,31.5,-25.0,0.028164484
1990-12-28,31.5,-25.0,0.0
1990-12-29,31.5,-25.0,0.0
1990-12-30,31.5,-25.0,3.6613832
1990-12-31,31.5,-25.0,0.22028652
1991-01-01,31.5,-25.0,2.4534562
1991-01-02,31.5,-25.0,2.1787577
1991-01-03,31.5,-25.0,0.023260757
1991-01-04,31.5,-25.0,0.060921036
1991-01-05,31.5,-25.0,2.277339
1991-01-06,31.5,-25.0,0.15617938
1991-01-07,31.5,-25.0,0.016614828
1991-01-08,31.5,-25.0,3.9067001
1991-01-09,31.5,-25.0,22.47654
1991-01-10,31.5,-25.0,0.0022153105
1991-01-11,31.5,-25.0,0.0
1991-01-12,31.5,-25.0,0.009968896
1991-01-13,31.5,-25.0,2.8511043
1991-01-14,31.5,-25.0,11.258207
1991-01-15,31.5,-25.0,3.6176014
1991-01-16,31.5,-25.0,1.6459756
1991-01-17,31.5,-25.0,7.4212894
1991-01-18,31.5,-25.0,0.09415069
1991-01-19,31.5,-25.0,0.0
1991-01-20,31.5,-25.0,0.0
1991-01-21,31.5,-25.0,0.0
1991-01-22,31.5,-25.0,0.0
1991-01-23,31.5,-25.0,6.165209
1991-01-24,31.5,-25.0,15.314441
1991-01-25,31.5,-25.0,11.244915
1991-01-26,31.5,-25.0,4.011927
1991-01-27,31.5,-25.0,1.6902819
1991-01-28,31.5,-25.0,1.9472578
1991-01-29,31.5,-25.0,0.048736826
1991-01-30,31.5,-25.0,3.4592075
1991-01-31,31.5,-25.0,0.0
1991-02-01,31.5,-25.0,1.4613847
1991-02-02,31.5,-25.0,0.30597395
1991-02-03,31.5,-25.0,0.18557265
1991-02-04,31.5,-25.0,0.567764
1991-02-05,31.5,-25.0,0.30928773
1991-02-06,31.5,-25.0,0.10604152
1991-02-07,31.5,-25.0,2.1130981
1991-02-08,31.5,-25.0,1.6834091
1991-02-09,31.5,-25.0,3.028811
1991-02-10,31.5,-25.0,1.0924485
1991-02-11,31.5,-25.0,1.4403974
1991-02-12,31.5,-25.0,0.0
1991-02-13,31.5,-25.0,3.2254293
1991-02-14,31.5,-25.0,2.4047122
1991-02-15,31.5,-25.0,0.7986251
1991-02-16,31.5,-25.0,1.2095361
1991-02-17,31.5,-25.0,1.0504738
1991-02-18,31.5,-25.0,21.16854
1991-02-19,31.5,-25.0,0.14912088
1991-02-20,31.5,-25.0,0.015464388
1991-02-21,31.5,-25.0,0.0
1991-02-22,31.5,-25.0,0.0
1991-02-23,31.5,-25.0,0.03866097
1991-02-24,31.5,-25.0,0.20545545
1991-02-25,31.5,-25.0,0.28609115
1991-02-26,31.5,-25.0,0.41201547
1991-02-27,31.5,-25.0,0.012150591
1991-02-28,31.5,-25.0,-6.938894e-15
1991-03-01,31.5,-25.0,-1.6653347e-13
1991-03-02,31.5,-25.0,-1.6653347e-13
1991-03-03,31.5,-25.0,2.8716536
1991-03-04,31.5,-25.0,14.273409
1991-03-05,31.5,-25.0,0.19348021
1991-03-06,31.5,-25.0,7.193843
1991-03-07,31.5,-25.0,1.1473037
1991-03-08,31.5,-25.0,0.09164852
1991-03-09,31.5,-25.0,-1.6653347e-13
1991-03-10,31.5,-25.0,0.006788779
1991-03-11,31.5,-25.0,3.3525252
1991-03-12,31.5,-25.0,1.9868493
1991-03-13,31.5,-25.0,0.099568754
1991-03-14,31.5,-25.0,1.0545237
1991-03-15,31.5,-25.0,0.040732674
1991-03-16,31.5,-25.0,15.2125225
1991-03-17,31.5,-25.0,30.644548
1991-03-18,31.5,-25.0,16.835041
1991-03-19,31.5,-25.0,3.5720294
1991-03-20,31.5,-25.0,0.07807095
1991-03-21,31.5,-25.0,0.07807095
1991-03-22,31.5,-25.0,9.119593
1991-03-23,31.5,-25.0,0.27041972
1991-03-24,31.5,-25.0,5.1572094
1991-03-25,31.5,-25.0,1.6496733
1991-03-26,31.5,-25.0,0.07580804
1991-03-27,31.5,-25.0,0.0011314632
1991-03-28,31.5,-25.0,0.030549504
1991-03-29,31.5,-25.0,-1.6653347e-13
1991-03-30,31.5,-25.0,0.09843731
1991-03-31,31.5,-25.0,0.28584367
1991-04-01,31.5,-25.0,0.86269426
1991-04-02,31.5,-25.0,1.4753445
1991-04-03,31.5,-25.0,0.4597026
1991-04-04,31.5,-25.0,0.55336165
1991-04-05,31.5,-25.0,8.3266734e-14
1991-04-06,31.5,-25.0,0.012888858
1991-04-07,31.5,-25.0,0.05671098
1991-04-08,31.5,-25.0,8.3266734e-14
1991-04-09,31.5,-25.0,0.09108126
1991-04-10,31.5,-25.0,8.3266734e-14
1991-04-11,31.5,-25.0,0.0034370287
1991-04-12,31.5,-25.0,0.026636973
1991-04-13,31.5,-25.0,0.031792514
1991-04-14,31.5,-25.0,8.3266734e-14
1991-04-15,31.5,-25.0,8.3266734e-14
1991-04-16,31.5,-25.0,8.3266734e-14
1991-04-17,31.5,-25.0,8.3266734e-14
1991-04-18,31.5,-25.0,0.0034370283
1991-04-19,31.5,-25.0,0.24660681
1991-04-20,31.5,-25.0,0.10397011
1991-04-21,31.5,-25.0,8.3266734e-14
1991-04-22,31.5,-25.0,0.7930944
1991-04-23,31.5,-25.0,0.57226527
1991-04-24,31.5,-25.0,0.005155543
1991-04-25,31.5,-25.0,0.20794025
1991-04-26,31.5,-25.0,0.0111703435
1991-04-27,31.5,-25.0,8.3266734e-14
1991-04-28,31.5,-25.0,8.3266734e-14
1991-04-29,31.5,-25.0,0.481184
1991-04-30,31.5,-25.0,0.004296286
1991-05-01,31.5,-25.0,-8.3266734e-14
1991-05-02,31.5,-25.0,-8.3266734e-14
1991-05-03,31.5,-25.0,0.0016993921
1991-05-04,31.5,-25.0,0.0875187
1991-05-05,31.5,-25.0,-8.3266734e-14
1991-05-06,31.5,-25.0,0.0050981767
1991-05-07,31.5,-25.0,0.10791141
1991-05-08,31.5,-25.0,4.324104
1991-05-09,31.5,-25.0,-8.3266734e-14
1991-05-10,31.5,-25.0,0.24726158
1991-05-11,31.5,-25.0,1.0425771
1991-05-12,31.5,-25.0,0.024641186
1991-05-13,31.5,-25.0,2.485361
1991-05-14,31.5,-25.0,3.3656464
1991-05-15,31.5,-25.0,0.07222418
1991-05-16,31.5,-25.0,0.11555867
1991-05-17,31.5,-25.0,0.00084969605
1991-05-18,31.5,-25.0,0.010196353
1991-05-19,31.5,-25.0,0.0654266
1991-05-20,31.5,-25.0,-8.3266734e-14
1991-05-21,31.5,-25.0,-8.3266734e-14
1991-05-22,31.5,-25.0,-8.3266734e-14
1991-05-23,31.5,-25.0,-8.3266734e-14
1991-05-24,31.5,-25.0,-8.3266734e-14
1991-05-25,31.5,-25.0,0.030589059
1991-05-26,31.5,-25.0,0.537008
1991-05-27,31.5,-25.0,0.012745442
1991-05-28,31.5,-25.0,-8.3266734e-14
1991-05-29,31.5,-25.0,-8.3266734e-14
1991-05-30,31.5,-25.0,-8.3266734e-14
1991-05-31,31.5,-25.0,-7.979728e-14
1991-06-01,31.5,-25.0,0.007644587
1991-06-02,31.5,-25.0,0.002184168
1991-06-03,31.5,-25.0,0.0
1991-06-04,31.5,-25.0,0.0
1991-06-05,31.5,-25.0,0.0
1991-06-06,31.5,-25.0,8.675514
1991-06-07,31.5,-25.0,4.6424484
1991-06-08,31.5,-25.0,0.6694475
1991-06-09,31.5,-25.0,0.05023586
1991-06-10,31.5,-25.0,0.015289175
1991-06-11,31.5,-25.0,0.0
1991-06-12,31.5,-25.0,0.0
1991-06-13,31.5,-25.0,0.0
1991-06-14,31.5,-25.0,0.0054604197
1991-06-15,31.5,-25.0,0.0
1991-06-16,31.5,-25.0,0.01638126
1991-06-17,31.5,-25.0,0.12449757
1991-06-18,31.5,-25.0,1.1008205
1991-06-19,31.5,-25.0,0.021841679
1991-06-20,31.5,-25.0,13.107191
1991-06-21,31.5,-25.0,1.7069271
1991-06-22,31.5,-25.0,0.0
1991-06-23,31.5,-25.0,0.0
1991-06-24,31.5,-25.0,0.0
1991-06-25,31.5,-25.0,0.003276252
1991-06-26,31.5,-25.0,0.26974472
1991-06-27,31.5,-25.0,0.0
1991-06-28,31.5,-25.0,0.0
1991-06-29,31.5,-25.0,0.0
1991-06-30,31.5,-25.0,0.0
1991-07-01,31.5,-25.0,0.0
1991-07-02,31.5,-25.0,0.27688998
1991-07-03,31.5,-25.0,0.0
1991-07-04,31.5,-25.0,0.017595017
1991-07-05,31.5,-25.0,0.0
1991-07-06,31.5,-25.0,9.345732
1991-07-07,31.5,-25.0,2.4466333
1991-07-08,31.5,-25.0,0.0
1991-07-09,31.5,-25.0,0.0
1991-07-10,31.5,-25.0,0.0
1991-07-11,31.5,-25.0,0.0
1991-07-12,31.5,-25.0,0.008334482
1991-07-13,31.5,-25.0,0.030559767
1991-07-14,31.5,-25.0,0.21206623
1991-07-15,31.5,-25.0,0.0
1991-07-16,31.5,-25.0,0.0
1991-07-17,31.5,-25.0,0.0037042145
1991-07-18,31.5,-25.0,0.0
1991-07-19,31.5,-25.0,0.0
1991-07-20,31.5,-25.0,0.0
1991-07-21,31.5,-25.0,0.0
1991-07-22,31.5,-25.0,0.0
1991-07-23,31.5,-25.0,0.0
1991-07-24,31.5,-25.0,0.0
1991-07-25,31.5,-25.0,0.0
1991-07-26,31.5,-25.0,0.0
1991-07-27,31.5,-25.0,0.1694678
1991-07-28,31.5,-25.0,0.0018521072
1991-07-29,31.5,-25.0,0.0
1991-07-30,31.5,-25.0,0.0
1991-07-31,31.5,-25.0,-6.938894e-15
1991-08-01,31.5,-25.0,-1.6653347e-13
1991-08-02,31.5,-25.0,0.32727325
1991-08-03,31.5,-25.0,-1.6653347e-13
1991-08-04,31.5,-25.0,0.0029572882
1991-08-05,31.5,-25.0,-1.6653347e-13
1991-08-06,31.5,-25.0,-1.6653347e-13
1991-08-07,31.5,-25.0,0.3046007
1991-08-08,31.5,-25.0,1.1641858
1991-08-09,31.5,-25.0,-1.6653347e-13
1991-08-10,31.5,-25.0,-1.6653347e-13
1991-08-11,31.5,-25.0,0.20010984
1991-08-12,31.5,-25.0,-1.6653347e-13
1991-08-13,31.5,-25.0,-1.6653347e-13
1991-08-14,31.5,-25.0,-1.6653347e-13
1991-08-15,31.5,-25.0,-1.6653347e-13
1991-08-16,31.5,-25.0,-1.6653347e-13
1991-08-17,31.5,-25.0,-1.6653347e-13
1991-08-18,31.5,-25.0,-1.6653347e-13
1991-08-19,31.5,-25.0,-1.6653347e-13
1991-08-20,31.5,-25.0,0.0049288133
1991-08-21,31.5,-25.0,0.12519187
1991-08-22,31.5,-25.0,0.06801763
1991-08-23,31.5,-25.0,-1.6653347e-13
1991-08-24,31.5,-25.0,-1.6653347e-13
1991-08-25,31.5,-25.0,0.027601356
1991-08-26,31.5,-25.0,-1.6653347e-13
1991-08-27,31.5,-25.0,-1.6653347e-13
1991-08-28,31.5,-25.0,-1.6653347e-13
1991-08-29,31.5,-25.0,0.013800678
1991-08-30,31.5,-25.0,0.059145764
1991-08-31,31.5,-25.0,0.6891149
1991-09-01,31.5,-25.0,1.3136153
1991-09-02,31.5,-25.0,0.5199964
1991-09-03,31.5,-25.0,0.028384082
1991-09-04,31.5,-25.0,0.009082906
1991-09-05,31.5,-25.0,1.6653347e-13
1991-09-06,31.5,-25.0,1.6653347e-13
1991-09-07,31.5,-25.0,0.0022707265
1991-09-08,31.5,-25.0,1.6653347e-13
1991-09-09,31.5,-25.0,1.6653347e-13
1991-09-10,31.5,-25.0,0.0340609
1991-09-11,31.5,-25.0,0.0045414534
1991-09-12,31.5,-25.0,0.032925535
1991-09-13,31.5,-25.0,0.004541453
1991-09-14,31.5,-25.0,0.22820802
1991-09-15,31.5,-25.0,0.09537052
1991-09-16,31.5,-25.0,1.6653347e-13
1991-09-17,31.5,-25.0,0.0011353632
1991-09-18,31.5,-25.0,1.6653347e-13
1991-09-19,31.5,-25.0,0.004541453
1991-09-20,31.5,-25.0,0.1112656
1991-09-21,31.5,-25.0,0.004541453
1991-09-22,31.5,-25.0,0.019301174
1991-09-23,31.5,-25.0,1.6653347e-13
1991-09-24,31.5,-25.0,1.387414
1991-09-25,31.5,-25.0,0.6448864
1991-09-26,31.5,-25.0,0.12829603
1991-09-27,31.5,-25.0,1.6653347e-13
1991-09-28,31.5,-25.0,8.6344385
1991-09-29,31.5,-25.0,0.7334447
1991-09-30,31.5,-25.0,0.038602352
1991-10-01,31.5,-25.0,0.0
1991-10-02,31.5,-25.0,0.030019473
1991-10-03,31.5,-25.0,0.0010351542
1991-10-04,31.5,-25.0,0.0
1991-10-05,31.5,-25.0,0.062109254
1991-10-06,31.5,-25.0,0.011386696
1991-10-07,31.5,-25.0,0.0
1991-10-08,31.5,-25.0,0.0010351542
1991-10-09,31.5,-25.0,0.64490104
1991-10-10,31.5,-25.0,1.5868917
1991-10-11,31.5,-25.0,1.2297632
1991-10-12,31.5,-25.0,0.799139
1991-10-13,31.5,-25.0,1.0154862
1991-10-14,31.5,-25.0,0.66249865
1991-10-15,31.5,-25.0,1.5889617
1991-10-16,31.5,-25.0,1.5692937
1991-10-17,31.5,-25.0,0.0
1991-10-18,31.5,-25.0,0.0
1991-10-19,31.5,-25.0,0.0010351542
1991-10-20,31.5,-25.0,0.8436506
1991-10-21,31.5,-25.0,0.6304089
1991-10-22,31.5,-25.0,0.12421851
1991-10-23,31.5,-25.0,0.030019473
1991-10-24,31.5,-25.0,0.95958793
1991-10-25,31.5,-25.0,0.06624987
1991-10-26,31.5,-25.0,0.0
1991-10-27,31.5,-25.0,0.0
1991-10-28,31.5,-25.0,0.009316388
1991-10-29,31.5,-25.0,0.0
1991-10-30,31.5,-25.0,0.0
1991-10-31,31.5,-25.0,2.202718
1991-11-01,31.5,-25.0,0.065529
1991-11-02,31.5,-25.0,1.5163819
1991-11-03,31.5,-25.0,-1.6653347e-13
1991-11-04,31.5,-25.0,-1.6653347e-13
1991-11-05,31.5,-25.0,-1.6653347e-13
1991-11-06,31.5,-25.0,-1.6653347e-13
1991-11-07,31.5,-25.0,-1.6653347e-13
1991-11-08,31.5,-25.0,0.0051194527
1991-11-09,31.5,-25.0,0.04095562
1991-11-10,31.5,-25.0,0.0030716714
1991-11-11,31.5,-25.0,-1.6653347e-13
1991-11-12,31.5,-25.0,15.391122
1991-11-13,31.5,-25.0,12.307165
1991-11-14,31.5,-25.0,24.11979
1991-11-15,31.5,-25.0,10.443683
1991-11-16,31.5,-25.0,12.927641
1991-11-17,31.5,-25.0,0.9511943
1991-11-18,31.5,-25.0,0.4003412
1991-11-19,31.5,-25.0,0.0010238905
1991-11-20,31.5,-25.0,4.20819
1991-11-21,31.5,-25.0,1.4764501
1991-11-22,31.5,-25.0,0.0010238905
1991-11-23,31.5,-25.0,0.0010238905
1991-11-24,31.5,-25.0,-1.6653347e-13
1991-11-25,31.5,-25.0,2.3385658
1991-11-26,31.5,-25.0,-1.6653347e-13
1991-11-27,31.5,-25.0,-1.6653347e-13
1991-11-28,31.5,-25.0,0.5447098
1991-11-29,31.5,-25.0,0.09931739
1991-11-30,31.5,-25.0,1.5665526
1991-12-01,31.5,-25.0,0.025681231
1991-12-02,31.5,-25.0,0.48366317
1991-12-03,31.5,-25.0,0.029961437
1991-12-04,31.5,-25.0,13.788681
1991-12-05,31.5,-25.0,1.1032228
1991-12-06,31.5,-25.0,-1.6653347e-13
1991-12-07,31.5,-25.0,-1.6653347e-13
1991-12-08,31.5,-25.0,0.8934928
1991-12-09,31.5,-25.0,0.6291902
1991-12-10,31.5,-25.0,0.026751285
1991-12-11,31.5,-25.0,-1.6653347e-13
1991-12-12,31.5,-25.0,1.1064332
1991-12-13,31.5,-25.0,0.06955333
1991-12-14,31.5,-25.0,0.040661946
1991-12-15,31.5,-25.0,0.005350257
1991-12-16,31.5,-25.0,1.9357228
1991-12-17,31.5,-25.0,1.6007969
1991-12-18,31.5,-25.0,0.011770564
1991-12-19,31.5,-25.0,0.116635606
1991-12-20,31.5,-25.0,0.7704369
1991-12-21,31.5,-25.0,12.570963
1991-12-22,31.5,-25.0,0.24076155
1991-12-23,31.5,-25.0,0.17013815
1991-12-24,31.5,-25.0,-1.6653347e-13
1991-12-25,31.5,-25.0,0.0021401027
1991-12-26,31.5,-25.0,9.20244
1991-12-27,31.5,-25.0,0.45905203
1991-12-28,31.5,-25.0,-1.6653347e-13
1991-12-29,31.5,-25.0,-1.6653347e-13
1991-12-30,31.5,-25.0,0.2792834
1991-12-31,31.5,-25.0,0.1979595
1992-01-01,31.5,-25.0,0.026258212
1992-01-02,31.5,-25.0,0.61597395
1992-01-03,31.5,-25.0,3.2297602
1992-01-04,31.5,-25.0,0.005470461
1992-01-05,31.5,-25.0,0.0021881843
1992-01-06,31.5,-25.0,1.4857771
1992-01-07,31.5,-25.0,0.38512045
1992-01-08,31.5,-25.0,0.0
1992-01-09,31.5,-25.0,0.0
1992-01-10,31.5,-25.0,1.1805255
1992-01-11,31.5,-25.0,0.09628011
1992-01-12,31.5,-25.0,0.0021881843
1992-01-13,31.5,-25.0,0.0
1992-01-14,31.5,-25.0,0.5010942
1992-01-15,31.5,-25.0,0.1695843
1992-01-16,31.5,-25.0,0.3698032
1992-01-17,31.5,-25.0,0.80415773
1992-01-18,31.5,-25.0,4.274618
1992-01-19,31.5,-25.0,2.006565
1992-01-20,31.5,-25.0,0.08096282
1992-01-21,31.5,-25.0,0.014223198
1992-01-22,31.5,-25.0,0.016411383
1992-01-23,31.5,-25.0,0.18599568
1992-01-24,31.5,-25.0,0.154267
1992-01-25,31.5,-25.0,1.5492346
1992-01-26,31.5,-25.0,0.33260402
1992-01-27,31.5,-25.0,0.0
1992-01-28,31.5,-25.0,0.0010940921
1992-01-29,31.5,-25.0,0.012035014
1992-01-30,31.5,-25.0,9.283371
1992-01-31,31.5,-25.0,11.916852
1992-02-01,31.5,-25.0,4.3709354
1992-02-02,31.5,-25.0,1.1129649
1992-02-03,31.5,-25.0,0.0010509583
1992-02-04,31.5,-25.0,0.3604787
1992-02-05,31.5,-25.0,0.03257971
1992-02-06,31.5,-25.0,0.0115605425
1992-02-07,31.5,-25.0,0.03888546
1992-02-08,31.5,-25.0,0.0
1992-02-09,31.5,-25.0,0.0
1992-02-10,31.5,-25.0,0.74092567
1992-02-11,31.5,-25.0,1.6983486
1992-02-12,31.5,-25.0,0.6095558
1992-02-13,31.5,-25.0,0.7020402
1992-02-14,31.5,-25.0,0.7756072
1992-02-15,31.5,-25.0,1.1329331
1992-02-16,31.5,-25.0,0.1082487
1992-02-17,31.5,-25.0,0.9479644
1992-02-18,31.5,-25.0,0.07671996
1992-02-19,31.5,-25.0,0.54334545
1992-02-20,31.5,-25.0,1.1823281
1992-02-21,31.5,-25.0,0.3310519
1992-02-22,31.5,-25.0,0.16710238
1992-02-23,31.5,-25.0,0.06936325
1992-02-24,31.5,-25.0,0.0
1992-02-25,31.5,-25.0,0.0
1992-02-26,31.5,-25.0,0.0
1992-02-27,31.5,-25.0,0.7493333
1992-02-28,31.5,-25.0,0.2669434
1992-02-29,31.5,-25.0,1.3236065
1992-03-01,31.5,-25.0,0.45923522
1992-03-02,31.5,-25.0,5.579528
1992-03-03,31.5,-25.0,3.5663052
1992-03-04,31.5,-25.0,0.0
1992-03-05,31.5,-25.0,0.0
1992-03-06,31.5,-25.0,0.06418446
1992-03-07,31.5,-25.0,0.08316859
1992-03-08,31.5,-25.0,0.0
1992-03-09,31.5,-25.0,0.06599246
1992-03-10,31.5,-25.0,0.22780961
1992-03-11,31.5,-25.0,0.39685875
1992-03-12,31.5,-25.0,0.013560095
1992-03-13,31.5,-25.0,0.031640224
1992-03-14,31.5,-25.0,0.32905832
1992-03-15,31.5,-25.0,0.1301769
1992-03-16,31.5,-25.0,0.7259171
1992-03-17,31.5,-25.0,0.014464101
1992-03-18,31.5,-25.0,0.00994407
1992-03-19,31.5,-25.0,0.0
1992-03-20,31.5,-25.0,0.0
1992-03-21,31.5,-25.0,0.0
1992-03-22,31.5,-25.0,0.4727953
1992-03-23,31.5,-25.0,0.22328956
1992-03-24,31.5,-25.0,0.0009040063
1992-03-25,31.5,-25.0,0.013560095
1992-03-26,31.5,-25.0,0.12023285
1992-03-27,31.5,-25.0,0.10757676
1992-03-28,31.5,-25.0,0.0
1992-03-29,31.5,-25.0,0.018080128
1992-03-30,31.5,-25.0,0.0
1992-03-31,31.5,-25.0,0.28227416
1992-04-01,31.5,-25.0,0.017616946
1992-04-02,31.5,-25.0,0.7761245
1992-04-03,31.5,-25.0,0.17127588
1992-04-04,31.5,-25.0,0.020553106
1992-04-05,31.5,-25.0,0.47565758
1992-04-06,31.5,-25.0,0.007829755
1992-04-07,31.5,-25.0,0.05774444
1992-04-08,31.5,-25.0,0.0
1992-04-09,31.5,-25.0,0.0
1992-04-10,31.5,-25.0,0.0
1992-04-11,31.5,-25.0,0.0
1992-04-12,31.5,-25.0,0.0
1992-04-13,31.5,-25.0,0.04795725
1992-04-14,31.5,-25.0,0.01565951
1992-04-15,31.5,-25.0,0.0
1992-04-16,31.5,-25.0,0.0
1992-04-17,31.5,-25.0,0.0
1992-04-18,31.5,-25.0,0.0
1992-04-19,31.5,-25.0,0.0009787193
1992-04-20,31.5,-25.0,0.045999806
1992-04-21,31.5,-25.0,0.11646761
1992-04-22,31.5,-25.0,0.32591355
1992-04-23,31.5,-25.0,0.0
1992-04-24,31.5,-25.0,0.0
1992-04-25,31.5,-25.0,0.0
1992-04-26,31.5,-25.0,0.0
1992-04-27,31.5,-25.0,0.0
1992-04-28,31.5,-25.0,0.0
1992-04-29,31.5,-25.0,0.0
1992-04-30,31.5,-25.0,2.9136477
1992-05-01,31.5,-25.0,0.0
1992-05-02,31.5,-25.0,0.0
1992-05-03,31.5,-25.0,0.015731588
1992-05-04,31.5,-25.0,0.0
1992-05-05,31.5,-25.0,0.0
1992-05-06,31.5,-25.0,0.0
1992-05-07,31.5,-25.0,0.0
1992-05-08,31.5,-25.0,0.0
1992-05-09,31.5,-25.0,0.00074912317
1992-05-10,31.5,-25.0,0.94014966
1992-05-11,31.5,-25.0,0.08614917
1992-05-12,31.5,-25.0,0.035957914
1992-05-13,31.5,-25.0,0.00074912317
1992-05-14,31.5,-25.0,0.0
1992-05-15,31.5,-25.0,0.0
1992-05-16,31.5,-25.0,0.37680897
1992-05-17,31.5,-25.0,0.16555624
1992-05-18,31.5,-25.0,0.0
1992-05-19,31.5,-25.0,0.017229835
1992-05-20,31.5,-25.0,0.0
1992-05-21,31.5,-25.0,0.0067421095
1992-05-22,31.5,-25.0,0.0037456162
1992-05-23,31.5,-25.0,0.0809053
1992-05-24,31.5,-25.0,0.0
1992-05-25,31.5,-25.0,0.018728081
1992-05-26,31.5,-25.0,0.0
1992-05-27,31.5,-25.0,0.0
1992-05-28,31.5,-25.0,0.069668464
1992-05-29,31.5,-25.0,0.0
1992-05-30,31.5,-25.0,0.0
1992-05-31,31.5,-25.0,6.938894e-15
1992-06-01,31.5,-25.0,1.6653347e-13
1992-06-02,31.5,-25.0,1.6653347e-13
1992-06-03,31.5,-25.0,1.6653347e-13
1992-06-04,31.5,-25.0,0.011021835
1992-06-05,31.5,-25.0,1.6653347e-13
1992-06-06,31.5,-25.0,1.6653347e-13
1992-06-07,31.5,-25.0,1.6653347e-13
1992-06-08,31.5,-25.0,1.6653347e-13
1992-06-09,31.5,-25.0,1.6653347e-13
1992-06-10,31.5,-25.0,1.6653347e-13
1992-06-11,31.5,-25.0,1.6653347e-13
1992-06-12,31.5,-25.0,0.4750411
1992-06-13,31.5,-25.0,12.636534
1992-06-14,31.5,-25.0,1.4052838
1992-06-15,31.5,-25.0,1.6653347e-13
1992-06-16,31.5,-25.0,1.6653347e-13
1992-06-17,31.5,-25.0,1.6653347e-13
1992-06-18,31.5,-25.0,1.6653347e-13
1992-06-19,31.5,-25.0,0.014328386
1992-06-20,31.5,-25.0,1.6653347e-13
1992-06-21,31.5,-25.0,1.6653347e-13
1992-06-22,31.5,-25.0,1.6653347e-13
1992-06-23,31.5,-25.0,1.6653347e-13
1992-06-24,31.5,-25.0,1.6653347e-13
1992-06-25,31.5,-25.0,1.6653347e-13
1992-06-26,31.5,-25.0,1.6653347e-13
1992-06-27,31.5,-25.0,1.6653347e-13
1992-06-28,31.5,-25.0,1.6653347e-13
1992-06-29,31.5,-25.0,1.6653347e-13
1992-06-30,31.5,-25.0,1.63064e-13
1992-07-01,31.5,-25.0,0.0006968649
1992-07-02,31.5,-25.0,0.22787482
1992-07-03,31.5,-25.0,8.3266734e-14
1992-07-04,31.5,-25.0,8.3266734e-14
1992-07-05,31.5,-25.0,8.3266734e-14
1992-07-06,31.5,-25.0,8.3266734e-14
1992-07-07,31.5,-25.0,8.3266734e-14
1992-07-08,31.5,-25.0,8.3266734e-14
1992-07-09,31.5,-25.0,8.3266734e-14
1992-07-10,31.5,-25.0,8.3266734e-14
1992-07-11,31.5,-25.0,8.3266734e-14
1992-07-12,31.5,-25.0,0.44390297
1992-07-13,31.5,-25.0,0.07247394
1992-07-14,31.5,-25.0,8.3266734e-14
1992-07-15,31.5,-25.0,8.3266734e-14
1992-07-16,31.5,-25.0,0.116376445
1992-07-17,31.5,-25.0,0.0006968649
1992-07-18,31.5,-25.0,8.3266734e-14
1992-07-19,31.5,-25.0,8.3266734e-14
1992-07-20,31.5,-25.0,8.3266734e-14
1992-07-21,31.5,-25.0,8.3266734e-14
1992-07-22,31.5,-25.0,8.3266734e-14
1992-07-23,31.5,-25.0,8.3266734e-14
1992-07-24,31.5,-25.0,0.0020905947
1992-07-25,31.5,-25.0,0.006271785
1992-07-26,31.5,-25.0,8.3266734e-14
1992-07-27,31.5,-25.0,8.3266734e-14
1992-07-28,31.5,-25.0,8.3266734e-14
1992-07-29,31.5,-25.0,0.0013937298
1992-07-30,31.5,-25.0,0.05714292
1992-07-31,31.5,-25.0,0.09547048
1992-08-01,31.5,-25.0,0.0
1992-08-02,31.5,-25.0,0.05374723
1992-08-03,31.5,-25.0,0.0
1992-08-04,31.5,-25.0,5.4246306
1992-08-05,31.5,-25.0,0.029752929
1992-08-06,31.5,-25.0,0.0
1992-08-07,31.5,-25.0,0.0
1992-08-08,31.5,-25.0,0.0
1992-08-09,31.5,-25.0,0.0
1992-08-10,31.5,-25.0,0.017275892
1992-08-11,31.5,-25.0,0.26201773
1992-08-12,31.5,-25.0,0.0
1992-08-13,31.5,-25.0,0.0
1992-08-14,31.5,-25.0,0.0
1992-08-15,31.5,-25.0,0.0
1992-08-16,31.5,-25.0,0.0
1992-08-17,31.5,-25.0,0.6305701
1992-08-18,31.5,-25.0,0.019195437
1992-08-19,31.5,-25.0,0.0
1992-08-20,31.5,-25.0,0.0
1992-08-21,31.5,-25.0,0.0
1992-08-22,31.5,-25.0,0.0
1992-08-23,31.5,-25.0,0.0
1992-08-24,31.5,-25.0,0.0
1992-08-25,31.5,-25.0,0.011517262
1992-08-26,31.5,-25.0,0.09117832
1992-08-27,31.5,-25.0,0.12573011
1992-08-28,31.5,-25.0,0.12764966
1992-08-29,31.5,-25.0,0.0
1992-08-30,31.5,-25.0,0.52115613
1992-08-31,31.5,-25.0,0.0038390872
1992-09-01,31.5,-25.0,1.6653347e-13
1992-09-02,31.5,-25.0,1.6653347e-13
1992-09-03,31.5,-25.0,1.6653347e-13
1992-09-04,31.5,-25.0,1.6653347e-13
1992-09-05,31.5,-25.0,1.6653347e-13
1992-09-06,31.5,-25.0,0.10809282
1992-09-07,31.5,-25.0,0.111241154
1992-09-08,31.5,-25.0,1.6653347e-13
1992-09-09,31.5,-25.0,1.6653347e-13
1992-09-10,31.5,-25.0,0.004197779
1992-09-11,31.5,-25.0,0.051422797
1992-09-12,31.5,-25.0,0.008395558
1992-09-13,31.5,-25.0,0.0020988896
1992-09-14,31.5,-25.0,0.0010494448
1992-09-15,31.5,-25.0,1.6653347e-13
1992-09-16,31.5,-25.0,0.01784056
1992-09-17,31.5,-25.0,0.4313218
1992-09-18,31.5,-25.0,0.0010494448
1992-09-19,31.5,-25.0,1.6653347e-13
1992-09-20,31.5,-25.0,0.0062966687
1992-09-21,31.5,-25.0,1.6653347e-13
1992-09-22,31.5,-25.0,0.15636727
1992-09-23,31.5,-25.0,0.9507971
1992-09-24,31.5,-25.0,0.008395558
1992-09-25,31.5,-25.0,0.18994953
1992-09-26,31.5,-25.0,0.019939452
1992-09-27,31.5,-25.0,0.15426838
1992-09-28,31.5,-25.0,0.8154186
1992-09-29,31.5,-25.0,0.13118061
1992-09-30,31.5,-25.0,0.09705907
1992-10-01,31.5,-25.0,1.4983029
1992-10-02,31.5,-25.0,0.48821098
1992-10-03,31.5,-25.0,0.011223242
1992-10-04,31.5,-25.0,0.010100918
1992-10-05,31.5,-25.0,0.08641897
1992-10-06,31.5,-25.0,1.6653347e-13
1992-10-07,31.5,-25.0,1.6653347e-13
1992-10-08,31.5,-25.0,0.26599082
1992-10-09,31.5,-25.0,0.0123455655
1992-10-10,31.5,-25.0,0.17620492
1992-10-11,31.5,-25.0,0.008978594
1992-10-12,31.5,-25.0,0.2278318
1992-10-13,31.5,-25.0,1.6653347e-13
1992-10-14,31.5,-25.0,1.6653347e-13
1992-10-15,31.5,-25.0,1.6653347e-13
1992-10-16,31.5,-25.0,1.6653347e-13
1992-10-17,31.5,-25.0,0.43097246
1992-10-18,31.5,-25.0,0.05499388
1992-10-19,31.5,-25.0,1.6653347e-13
1992-10-20,31.5,-25.0,1.6653347e-13
1992-10-21,31.5,-25.0,0.5398379
1992-10-22,31.5,-25.0,1.6653347e-13
1992-10-23,31.5,-25.0,1.6653347e-13
1992-10-24,31.5,-25.0,1.6653347e-13
1992-10-25,31.5,-25.0,0.007856269
1992-10-26,31.5,-25.0,0.012345567
1992-10-27,31.5,-25.0,0.47698778
1992-10-28,31.5,-25.0,0.04377064
1992-10-29,31.5,-25.0,1.2626147
1992-10-30,31.5,-25.0,2.5072722
1992-10-31,31.5,-25.0,0.026935779
1992-11-01,31.5,-25.0,4.260528
1992-11-02,31.5,-25.0,1.6307304
1992-11-03,31.5,-25.0,1.8770874
1992-11-04,31.5,-25.0,0.71094036
1992-11-05,31.5,-25.0,0.009376911
1992-11-06,31.5,-25.0,1.1431308
1992-11-07,31.5,-25.0,0.41428906
1992-11-08,31.5,-25.0,0.43048552
1992-11-09,31.5,-25.0,0.16196486
1992-11-10,31.5,-25.0,1.0092967
1992-11-11,31.5,-25.0,0.8174963
1992-11-12,31.5,-25.0,0.4858946
1992-11-13,31.5,-25.0,0.6129091
1992-11-14,31.5,-25.0,0.06478594
1992-11-15,31.5,-25.0,2.6732724
1992-11-16,31.5,-25.0,9.208127
1992-11-17,31.5,-25.0,5.2297597
1992-11-18,31.5,-25.0,1.3545376
1992-11-19,31.5,-25.0,0.0034097861
1992-11-20,31.5,-25.0,8.3266734e-14
1992-11-21,31.5,-25.0,0.13468654
1992-11-22,31.5,-25.0,0.04176988
1992-11-23,31.5,-25.0,0.30347097
1992-11-24,31.5,-25.0,0.06819572
1992-11-25,31.5,-25.0,6.5084286
1992-11-26,31.5,-25.0,8.3266734e-14
1992-11-27,31.5,-25.0,8.3266734e-14
1992-11-28,31.5,-25.0,0.00085244654
1992-11-29,31.5,-25.0,8.3266734e-14
1992-11-30,31.5,-25.0,7.979728e-14
1992-12-01,31.5,-25.0,0.014399661
1992-12-02,31.5,-25.0,0.032913513
1992-12-03,31.5,-25.0,0.17382452
1992-12-04,31.5,-25.0,0.3085642
1992-12-05,31.5,-25.0,0.026742233
1992-12-06,31.5,-25.0,0.11931148
1992-12-07,31.5,-25.0,0.055541553
1992-12-08,31.5,-25.0,0.011314021
1992-12-09,31.5,-25.0,0.0
1992-12-10,31.5,-25.0,0.0
1992-12-11,31.5,-25.0,27.659695
1992-12-12,31.5,-25.0,165.70824
1992-12-13,31.5,-25.0,62.564476
1992-12-14,31.5,-25.0,5.4759855
1992-12-15,31.5,-25.0,0.76318204
1992-12-16,31.5,-25.0,3.739798
1992-12-17,31.5,-25.0,1.0892317
1992-12-18,31.5,-25.0,4.930856
1992-12-19,31.5,-25.0,2.9262173
1992-12-20,31.5,-25.0,10.879974
1992-12-21,31.5,-25.0,3.9527073
1992-12-22,31.5,-25.0,3.5711164
1992-12-23,31.5,-25.0,64.73369
1992-12-24,31.5,-25.0,82.243675
1992-12-25,31.5,-25.0,0.0
1992-12-26,31.5,-25.0,0.0
1992-12-27,31.5,-25.0,0.0
1992-12-28,31.5,-25.0,0.022628043
1992-12-29,31.5,-25.0,0.04525608
1992-12-30,31.5,-25.0,12.607933
1992-12-31,31.5,-25.0,1.0243615
1993-01-01,31.5,-25.0,0.43197638
1993-01-02,31.5,-25.0,2.4585571
1993-01-03,31.5,-25.0,0.95215213
1993-01-04,31.5,-25.0,0.4860987
1993-01-05,31.5,-25.0,1.0263197
1993-01-06,31.5,-25.0,0.0030067961
1993-01-07,31.5,-25.0,0.0
1993-01-08,31.5,-25.0,1.892277
1993-01-09,31.5,-25.0,3.617176
1993-01-10,31.5,-25.0,1.0523788
1993-01-11,31.5,-25.0,13.867346
1993-01-12,31.5,-25.0,0.010022653
1993-01-13,31.5,-25.0,0.0
1993-01-14,31.5,-25.0,0.0010022655
1993-01-15,31.5,-25.0,0.088199355
1993-01-16,31.5,-25.0,0.027061164
1993-01-17,31.5,-25.0,0.0
1993-01-18,31.5,-25.0,0.11826731
1993-01-19,31.5,-25.0,0.51115537
1993-01-20,31.5,-25.0,1.484355
1993-01-21,31.5,-25.0,0.42195374
1993-01-22,31.5,-25.0,1.0824467
1993-01-23,31.5,-25.0,0.018040778
1993-01-24,31.5,-25.0,1.9063089
1993-01-25,31.5,-25.0,5.6567855
1993-01-26,31.5,-25.0,3.959951
1993-01-27,31.5,-25.0,0.018040778
1993-01-28,31.5,-25.0,0.017038513
1993-01-29,31.5,-25.0,0.17840326
1993-01-30,31.5,-25.0,0.0
1993-01-31,31.5,-25.0,0.7970301
1993-02-01,31.5,-25.0,0.28594363
1993-02-02,31.5,-25.0,0.21638976
1993-02-03,31.5,-25.0,0.0
1993-02-04,31.5,-25.0,6.263282
1993-02-05,31.5,-25.0,0.13137951
1993-02-06,31.5,-25.0,0.0060108276
1993-02-07,31.5,-25.0,0.0
1993-02-08,31.5,-25.0,1.6246407
1993-02-09,31.5,-25.0,1.5799888
1993-02-10,31.5,-25.0,1.3301103
1993-02-11,31.5,-25.0,0.04293448
1993-02-12,31.5,-25.0,0.15284675
1993-02-13,31.5,-25.0,0.96516705
1993-02-14,31.5,-25.0,0.07556468
1993-02-15,31.5,-25.0,0.65174544
1993-02-16,31.5,-25.0,16.122755
1993-02-17,31.5,-25.0,13.787121
1993-02-18,31.5,-25.0,3.9929066
1993-02-19,31.5,-25.0,4.39735
1993-02-20,31.5,-25.0,0.7745381
1993-02-21,31.5,-25.0,0.38125822
1993-02-22,31.5,-25.0,20.356955
1993-02-23,31.5,-25.0,2.749524
1993-02-24,31.5,-25.0,0.50147474
1993-02-25,31.5,-25.0,0.42247528
1993-02-26,31.5,-25.0,1.6297928
1993-02-27,31.5,-25.0,0.7659511
1993-02-28,31.5,-25.0,10.051
1993-03-01,31.5,-25.0,46.849045
1993-03-02,31.5,-25.0,12.8346405
1993-03-03,31.5,-25.0,3.4357889
1993-03-04,31.5,-25.0,1.6606468
1993-03-05,31.5,-25.0,2.0860481
1993-03-06,31.5,-25.0,0.21130428
1993-03-07,31.5,-25.0,0.0046542794
1993-03-08,31.5,-25.0,0.016755406
1993-03-09,31.5,-25.0,0.17872432
1993-03-10,31.5,-25.0,0.65439165
1993-03-11,31.5,-25.0,0.44494915
1993-03-12,31.5,-25.0,0.0
1993-03-13,31.5,-25.0,0.0
1993-03-14,31.5,-25.0,0.035372525
1993-03-15,31.5,-25.0,0.4914919
1993-03-16,31.5,-25.0,5.060133
1993-03-17,31.5,-25.0,0.0
1993-03-18,31.5,-25.0,0.0
1993-03-19,31.5,-25.0,0.18896374
1993-03-20,31.5,-25.0,0.23085223
1993-03-21,31.5,-25.0,0.0009308559
1993-03-22,31.5,-25.0,15.091967
1993-03-23,31.5,-25.0,0.9904306
1993-03-24,31.5,-25.0,0.01117027
1993-03-25,31.5,-25.0,0.13031982
1993-03-26,31.5,-25.0,0.030718245
1993-03-27,31.5,-25.0,0.05305878
1993-03-28,31.5,-25.0,0.33138472
1993-03-29,31.5,-25.0,2.5021403
1993-03-30,31.5,-25.0,0.17220832
1993-03-31,31.5,-25.0,2.3882477
1993-04-01,31.5,-25.0,0.42251784
1993-04-02,31.5,-25.0,0.026969224
1993-04-03,31.5,-25.0,0.45348245
1993-04-04,31.5,-25.0,0.122859806
1993-04-05,31.5,-25.0,2.1805115
1993-04-06,31.5,-25.0,0.0
1993-04-07,31.5,-25.0,0.0
1993-04-08,31.5,-25.0,1.9747465
1993-04-09,31.5,-25.0,0.0049943
1993-04-10,31.5,-25.0,0.17579937
1993-04-11,31.5,-25.0,0.0
1993-04-12,31.5,-25.0,0.0
1993-04-13,31.5,-25.0,0.0
1993-04-14,31.5,-25.0,0.0
1993-04-15,31.5,-25.0,0.0
1993-04-16,31.5,-25.0,0.0
1993-04-17,31.5,-25.0,0.0
1993-04-18,31.5,-25.0,11.845481
1993-04-19,31.5,-25.0,0.34660447
1993-04-20,31.5,-25.0,0.1777971
1993-04-21,31.5,-25.0,1.8868468
1993-04-22,31.5,-25.0,3.4240923
1993-04-23,31.5,-25.0,1.2305956
1993-04-24,31.5,-25.0,0.16381305
1993-04-25,31.5,-25.0,0.0009988601
1993-04-26,31.5,-25.0,0.0
1993-04-27,31.5,-25.0,0.0
1993-04-28,31.5,-25.0,21.228773
1993-04-29,31.5,-25.0,0.18578799
1993-04-30,31.5,-25.0,0.16723499
1993-05-01,31.5,-25.0,0.114174865
1993-05-02,31.5,-25.0,0.03713004
1993-05-03,31.5,-25.0,0.0
1993-05-04,31.5,-25.0,0.0
1993-05-05,31.5,-25.0,0.007426007
1993-05-06,31.5,-25.0,0.0
1993-05-07,31.5,-25.0,0.2385605
1993-05-08,31.5,-25.0,0.3935784
1993-05-09,31.5,-25.0,0.48826003
1993-05-10,31.5,-25.0,0.017636769
1993-05-11,31.5,-25.0,0.0027847528
1993-05-12,31.5,-25.0,0.0
1993-05-13,31.5,-25.0,0.0
1993-05-14,31.5,-25.0,0.0
1993-05-15,31.5,-25.0,1.8240132
1993-05-16,31.5,-25.0,0.0
1993-05-17,31.5,-25.0,0.0
1993-05-18,31.5,-25.0,0.0
1993-05-19,31.5,-25.0,0.0
1993-05-20,31.5,-25.0,0.0
1993-05-21,31.5,-25.0,0.0
1993-05-22,31.5,-25.0,0.0
1993-05-23,31.5,-25.0,0.0
1993-05-24,31.5,-25.0,0.0055695055
1993-05-25,31.5,-25.0,0.0
1993-05-26,31.5,-25.0,0.0
1993-05-27,31.5,-25.0,0.0
1993-05-28,31.5,-25.0,0.0
1993-05-29,31.5,-25.0,0.0
1993-05-30,31.5,-25.0,0.0
1993-05-31,31.5,-25.0,0.0
1993-06-01,31.5,-25.0,0.02334537
1993-06-02,31.5,-25.0,0.0
1993-06-03,31.5,-25.0,0.08949058
1993-06-04,31.5,-25.0,0.015563577
1993-06-05,31.5,-25.0,0.0
1993-06-06,31.5,-25.0,0.0
1993-06-07,31.5,-25.0,0.0
1993-06-08,31.5,-25.0,0.0
1993-06-09,31.5,-25.0,0.0009727236
1993-06-10,31.5,-25.0,0.0
1993-06-11,31.5,-25.0,0.0
1993-06-12,31.5,-25.0,0.035990775
1993-06-13,31.5,-25.0,0.22567189
1993-06-14,31.5,-25.0,0.0
1993-06-15,31.5,-25.0,0.0
1993-06-16,31.5,-25.0,0.0
1993-06-17,31.5,-25.0,0.0
1993-06-18,31.5,-25.0,0.08073606
1993-06-19,31.5,-25.0,0.0
1993-06-20,31.5,-25.0,0.0
1993-06-21,31.5,-25.0,0.0
1993-06-22,31.5,-25.0,0.0
1993-06-23,31.5,-25.0,0.0
1993-06-24,31.5,-25.0,0.020427197
1993-06-25,31.5,-25.0,0.86280584
1993-06-26,31.5,-25.0,2.708063
1993-06-27,31.5,-25.0,0.0
1993-06-28,31.5,-25.0,0.07198155
1993-06-29,31.5,-25.0,0.008754513
1993-06-30,31.5,-25.0,0.00095035625
1993-07-01,31.5,-25.0,0.098837055
1993-07-02,31.5,-25.0,0.5664124
1993-07-03,31.5,-25.0,0.99312234
1993-07-04,31.5,-25.0,0.073177435
1993-07-05,31.5,-25.0,1.3609103
1993-07-06,31.5,-25.0,0.16156058
1993-07-07,31.5,-25.0,0.0
1993-07-08,31.5,-25.0,0.0
1993-07-09,31.5,-25.0,0.0
1993-07-10,31.5,-25.0,0.0
1993-07-11,31.5,-25.0,0.0
1993-07-12,31.5,-25.0,0.0
1993-07-13,31.5,-25.0,0.0
1993-07-14,31.5,-25.0,0.0
1993-07-15,31.5,-25.0,0.0
1993-07-16,31.5,-25.0,0.006652494
1993-07-17,31.5,-25.0,0.0
1993-07-18,31.5,-25.0,0.18531948
1993-07-19,31.5,-25.0,0.46472427
1993-07-20,31.5,-25.0,1.0900587
1993-07-21,31.5,-25.0,0.88763285
1993-07-22,31.5,-25.0,0.13400024
1993-07-23,31.5,-25.0,0.006652494
1993-07-24,31.5,-25.0,0.35353258
1993-07-25,31.5,-25.0,0.098837055
1993-07-26,31.5,-25.0,0.0
1993-07-27,31.5,-25.0,0.006652494
1993-07-28,31.5,-25.0,0.011404276
1993-07-29,31.5,-25.0,1.1290233
1993-07-30,31.5,-25.0,1.1166687
1993-07-31,31.5,-25.0,0.0
1993-08-01,31.5,-25.0,0.0
1993-08-02,31.5,-25.0,0.0
1993-08-03,31.5,-25.0,0.0
1993-08-04,31.5,-25.0,0.0
1993-08-05,31.5,-25.0,0.03844134
1993-08-06,31.5,-25.0,0.107438624
1993-08-07,31.5,-25.0,0.4711529
1993-08-08,31.5,-25.0,0.16756481
1993-08-09,31.5,-25.0,3.3108838
1993-08-10,31.5,-25.0,0.0
1993-08-11,31.5,-25.0,1.8215282
1993-08-12,31.5,-25.0,4.4621525
1993-08-13,31.5,-25.0,0.0
1993-08-14,31.5,-25.0,0.0
1993-08-15,31.5,-25.0,0.0
1993-08-16,31.5,-25.0,0.0
1993-08-17,31.5,-25.0,0.0
1993-08-18,31.5,-25.0,0.0068997284
1993-08-19,31.5,-25.0,0.0
1993-08-20,31.5,-25.0,0.0
1993-08-21,31.5,-25.0,0.2414905
1993-08-22,31.5,-25.0,0.011828106
1993-08-23,31.5,-25.0,0.0088710785
1993-08-24,31.5,-25.0,0.0
1993-08-25,31.5,-25.0,0.0009856756
1993-08-26,31.5,-25.0,0.0
1993-08-27,31.5,-25.0,0.0
1993-08-28,31.5,-25.0,0.10152458
1993-08-29,31.5,-25.0,0.94427717
1993-08-30,31.5,-25.0,0.23656212
1993-08-31,31.5,-25.0,0.27401775
1993-09-01,31.5,-25.0,0.00083437224
1993-09-02,31.5,-25.0,0.0
1993-09-03,31.5,-25.0,0.0
1993-09-04,31.5,-25.0,0.0
1993-09-05,31.5,-25.0,0.0
1993-09-06,31.5,-25.0,0.21193054
1993-09-07,31.5,-25.0,0.0
1993-09-08,31.5,-25.0,0.0
1993-09-09,31.5,-25.0,0.0
1993-09-10,31.5,-25.0,0.0
1993-09-11,31.5,-25.0,0.0058406065
1993-09-12,31.5,-25.0,0.025031168
1993-09-13,31.5,-25.0,0.0
1993-09-14,31.5,-25.0,0.026699912
1993-09-15,31.5,-25.0,0.07759662
1993-09-16,31.5,-25.0,0.0
1993-09-17,31.5,-25.0,0.0
1993-09-18,31.5,-25.0,0.111805886
1993-09-19,31.5,-25.0,0.0041718613
1993-09-20,31.5,-25.0,0.025031164
1993-09-21,31.5,-25.0,0.0
1993-09-22,31.5,-25.0,0.085940346
1993-09-23,31.5,-25.0,0.005006233
1993-09-24,31.5,-25.0,0.011681213
1993-09-25,31.5,-25.0,0.0016687445
1993-09-26,31.5,-25.0,0.21443367
1993-09-27,31.5,-25.0,0.24113359
1993-09-28,31.5,-25.0,0.0041718613
1993-09-29,31.5,-25.0,2.0725808
1993-09-30,31.5,-25.0,4.157735
1993-10-01,31.5,-25.0,4.0840607
1993-10-02,31.5,-25.0,3.7334952
1993-10-03,31.5,-25.0,0.19799864
1993-10-04,31.5,-25.0,0.7445291
1993-10-05,31.5,-25.0,0.20274518
1993-10-06,31.5,-25.0,6.213225
1993-10-07,31.5,-25.0,5.5941396
1993-10-08,31.5,-25.0,0.59670824
1993-10-09,31.5,-25.0,0.0
1993-10-10,31.5,-25.0,0.17019746
1993-10-11,31.5,-25.0,0.018986171
1993-10-12,31.5,-25.0,0.003390388
1993-10-13,31.5,-25.0,0.104423925
1993-10-14,31.5,-25.0,0.3132718
1993-10-15,31.5,-25.0,0.0332258
1993-10-16,31.5,-25.0,0.0
1993-10-17,31.5,-25.0,0.45227775
1993-10-18,31.5,-25.0,1.6578995
1993-10-19,31.5,-25.0,0.5580578
1993-10-20,31.5,-25.0,0.0
1993-10-21,31.5,-25.0,0.012205396
1993-10-22,31.5,-25.0,0.43600386
1993-10-23,31.5,-25.0,0.015595784
1993-10-24,31.5,-25.0,2.8621655
1993-10-25,31.5,-25.0,0.053568125
1993-10-26,31.5,-25.0,0.00271231
1993-10-27,31.5,-25.0,0.0
1993-10-28,31.5,-25.0,2.422093
1993-10-29,31.5,-25.0,0.07933507
1993-10-30,31.5,-25.0,0.009493086
1993-10-31,31.5,-25.0,0.19126283
1993-11-01,31.5,-25.0,0.595381
1993-11-02,31.5,-25.0,0.03128741
1993-11-03,31.5,-25.0,5.583883
1993-11-04,31.5,-25.0,0.031287413
1993-11-05,31.5,-25.0,0.0027606538
1993-11-06,31.5,-25.0,0.072697215
1993-11-07,31.5,-25.0,0.45918873
1993-11-08,31.5,-25.0,0.008281961
1993-11-09,31.5,-25.0,0.0
1993-11-10,31.5,-25.0,0.0
1993-11-11,31.5,-25.0,3.9155273
1993-11-12,31.5,-25.0,4.85691
1993-11-13,31.5,-25.0,0.014723487
1993-11-14,31.5,-25.0,0.0027606538
1993-11-15,31.5,-25.0,0.0018404359
1993-11-16,31.5,-25.0,0.008281961
1993-11-17,31.5,-25.0,0.03496828
1993-11-18,31.5,-25.0,0.0
1993-11-19,31.5,-25.0,0.07085679
1993-11-20,31.5,-25.0,0.1177879
1993-11-21,31.5,-25.0,0.019324576
1993-11-22,31.5,-25.0,0.016563922
1993-11-23,31.5,-25.0,18.602203
1993-11-24,31.5,-25.0,0.71777
1993-11-25,31.5,-25.0,0.0358885
1993-11-26,31.5,-25.0,2.4606624
1993-11-27,31.5,-25.0,3.0376391
1993-11-28,31.5,-25.0,0.0
1993-11-29,31.5,-25.0,0.010122398
1993-11-30,31.5,-25.0,0.0073617436
1993-12-01,31.5,-25.0,0.0
1993-12-02,31.5,-25.0,0.0
1993-12-03,31.5,-25.0,11.499966
1993-12-04,31.5,-25.0,2.0536454
1993-12-05,31.5,-25.0,20.987717
1993-12-06,31.5,-25.0,0.0817427
1993-12-07,31.5,-25.0,2.191376
1993-12-08,31.5,-25.0,0.041431226
1993-12-09,31.5,-25.0,1.5743866
1993-12-10,31.5,-25.0,5.065808
1993-12-11,31.5,-25.0,0.43670753
1993-12-12,31.5,-25.0,0.23403046
1993-12-13,31.5,-25.0,0.5184502
1993-12-14,31.5,-25.0,0.0
1993-12-15,31.5,-25.0,0.039191704
1993-12-16,31.5,-25.0,0.08958104
1993-12-17,31.5,-25.0,0.02687431
1993-12-18,31.5,-25.0,2.2854362
1993-12-19,31.5,-25.0,0.038071938
1993-12-20,31.5,-25.0,0.0
1993-12-21,31.5,-25.0,0.042550992
1993-12-22,31.5,-25.0,0.56883955
1993-12-23,31.5,-25.0,3.6022775
1993-12-24,31.5,-25.0,0.28665933
1993-12-25,31.5,-25.0,0.0
1993-12-26,31.5,-25.0,0.06830554
1993-12-27,31.5,-25.0,0.5531629
1993-12-28,31.5,-25.0,1.0133854
1993-12-29,31.5,-25.0,7.347884
1993-12-30,31.5,-25.0,20.819752
1993-12-31,31.5,-25.0,0.3415277
1994-01-01,31.5,-25.0,0.0
1994-01-02,31.5,-25.0,0.21657063
1994-01-03,31.5,-25.0,3.0319886
1994-01-04,31.5,-25.0,9.791272
1994-01-05,31.5,-25.0,0.36019117
1994-01-06,31.5,-25.0,0.0
1994-01-07,31.5,-25.0,0.005699228
1994-01-08,31.5,-25.0,0.0
1994-01-09,31.5,-25.0,0.22796911
1994-01-10,31.5,-25.0,0.034195364
1994-01-11,31.5,-25.0,0.2405074
1994-01-12,31.5,-25.0,0.32713565
1994-01-13,31.5,-25.0,2.678637
1994-01-14,31.5,-25.0,21.716335
1994-01-15,31.5,-25.0,0.0
1994-01-16,31.5,-25.0,0.03989459
1994-01-17,31.5,-25.0,0.0
1994-01-18,31.5,-25.0,0.21429093
1994-01-19,31.5,-25.0,0.0
1994-01-20,31.5,-25.0,0.01481799
1994-01-21,31.5,-25.0,0.015957836
1994-01-22,31.5,-25.0,4.881958
1994-01-23,31.5,-25.0,4.738338
1994-01-24,31.5,-25.0,22.446976
1994-01-25,31.5,-25.0,1.8077949
1994-01-26,31.5,-25.0,0.0034195364
1994-01-27,31.5,-25.0,0.0011398455
1994-01-28,31.5,-25.0,0.026216447
1994-01-29,31.5,-25.0,3.253119
1994-01-30,31.5,-25.0,0.007978918
1994-01-31,31.5,-25.0,0.60411596
1994-02-01,31.5,-25.0,2.2596178
1994-02-02,31.5,-25.0,0.05465018
1994-02-03,31.5,-25.0,0.2252926
1994-02-04,31.5,-25.0,0.11153099
1994-02-05,31.5,-25.0,4.53485
1994-02-06,31.5,-25.0,1.2937593
1994-02-07,31.5,-25.0,4.308442
1994-02-08,31.5,-25.0,9.261534
1994-02-09,31.5,-25.0,1.7699966
1994-02-10,31.5,-25.0,0.0022306195
1994-02-11,31.5,-25.0,0.0022306195
1994-02-12,31.5,-25.0,0.35355324
1994-02-13,31.5,-25.0,0.1026085
1994-02-14,31.5,-25.0,0.004461239
1994-02-15,31.5,-25.0,0.023421507
1994-02-16,31.5,-25.0,0.05465018
1994-02-17,31.5,-25.0,0.040151156
1994-02-18,31.5,-25.0,0.08476355
1994-02-19,31.5,-25.0,3.8277433
1994-02-20,31.5,-25.0,0.25206003
1994-02-21,31.5,-25.0,0.2397916
1994-02-22,31.5,-25.0,0.7550647
1994-02-23,31.5,-25.0,0.88890195
1994-02-24,31.5,-25.0,0.0033459296
1994-02-25,31.5,-25.0,0.016729647
1994-02-26,31.5,-25.0,0.43608612
1994-02-27,31.5,-25.0,0.99262583
1994-02-28,31.5,-25.0,0.031228675
1994-03-01,31.5,-25.0,0.00750788
1994-03-02,31.5,-25.0,0.75615084
1994-03-03,31.5,-25.0,0.1104731
1994-03-04,31.5,-25.0,0.7486429
1994-03-05,31.5,-25.0,0.6328071
1994-03-06,31.5,-25.0,0.30460545
1994-03-07,31.5,-25.0,0.0010725544
1994-03-08,31.5,-25.0,0.0064353263
1994-03-09,31.5,-25.0,0.04826495
1994-03-10,31.5,-25.0,0.0032176632
1994-03-11,31.5,-25.0,3.6617007
1994-03-12,31.5,-25.0,4.511163
1994-03-13,31.5,-25.0,0.57381666
1994-03-14,31.5,-25.0,1.6903456
1994-03-15,31.5,-25.0,11.007625
1994-03-16,31.5,-25.0,0.6338796
1994-03-17,31.5,-25.0,0.0
1994-03-18,31.5,-25.0,0.03432174
1994-03-19,31.5,-25.0,0.0042902175
1994-03-20,31.5,-25.0,1.0307248
1994-03-21,31.5,-25.0,0.0
1994-03-22,31.5,-25.0,0.0
1994-03-23,31.5,-25.0,0.0
1994-03-24,31.5,-25.0,0.040757068
1994-03-25,31.5,-25.0,0.07829647
1994-03-26,31.5,-25.0,0.0010725544
1994-03-27,31.5,-25.0,6.6476917
1994-03-28,31.5,-25.0,7.828574
1994-03-29,31.5,-25.0,0.082586676
1994-03-30,31.5,-25.0,1.4586737
1994-03-31,31.5,-25.0,0.39791763
1994-04-01,31.5,-25.0,0.21191815
1994-04-02,31.5,-25.0,0.6467346
1994-04-03,31.5,-25.0,0.11309621
1994-04-04,31.5,-25.0,0.0032940642
1994-04-05,31.5,-25.0,0.0010980213
1994-04-06,31.5,-25.0,0.0021960426
1994-04-07,31.5,-25.0,0.48971748
1994-04-08,31.5,-25.0,0.08564567
1994-04-09,31.5,-25.0,0.0
1994-04-10,31.5,-25.0,2.0302415
1994-04-11,31.5,-25.0,2.230081
1994-04-12,31.5,-25.0,0.7543407
1994-04-13,31.5,-25.0,0.5610889
1994-04-14,31.5,-25.0,0.1592131
1994-04-15,31.5,-25.0,0.0
1994-04-16,31.5,-25.0,0.0
1994-04-17,31.5,-25.0,0.030744597
1994-04-18,31.5,-25.0,0.013176257
1994-04-19,31.5,-25.0,0.0010980213
1994-04-20,31.5,-25.0,0.0
1994-04-21,31.5,-25.0,0.35356283
1994-04-22,31.5,-25.0,7.498388
1994-04-23,31.5,-25.0,0.0
1994-04-24,31.5,-25.0,0.023058448
1994-04-25,31.5,-25.0,0.0
1994-04-26,31.5,-25.0,0.0
1994-04-27,31.5,-25.0,0.0
1994-04-28,31.5,-25.0,0.0
1994-04-29,31.5,-25.0,0.09552784
1994-04-30,31.5,-25.0,0.17238936
1994-05-01,31.5,-25.0,0.0041586184
1994-05-02,31.5,-25.0,0.2570026
1994-05-03,31.5,-25.0,0.33934328
1994-05-04,31.5,-25.0,0.16551301
1994-05-05,31.5,-25.0,0.0008317238
1994-05-06,31.5,-25.0,0.0
1994-05-07,31.5,-25.0,1.3274311
1994-05-08,31.5,-25.0,0.8350506
1994-05-09,31.5,-25.0,0.0
1994-05-10,31.5,-25.0,0.0
1994-05-11,31.5,-25.0,0.0
1994-05-12,31.5,-25.0,0.8175844
1994-05-13,31.5,-25.0,0.026615161
1994-05-14,31.5,-25.0,0.043249633
1994-05-15,31.5,-25.0,0.028278604
1994-05-16,31.5,-25.0,0.0914896
1994-05-17,31.5,-25.0,0.0
1994-05-18,31.5,-25.0,0.0
1994-05-19,31.5,-25.0,0.0
1994-05-20,31.5,-25.0,0.0
1994-05-21,31.5,-25.0,0.0
1994-05-22,31.5,-25.0,0.22123848
1994-05-23,31.5,-25.0,0.0
1994-05-24,31.5,-25.0,0.0
1994-05-25,31.5,-25.0,0.0
1994-05-26,31.5,-25.0,0.0
1994-05-27,31.5,-25.0,0.0
1994-05-28,31.5,-25.0,0.010812408
1994-05-29,31.5,-25.0,0.0
1994-05-30,31.5,-25.0,0.0
1994-05-31,31.5,-25.0,0.0
1994-06-01,31.5,-25.0,0.47460717
1994-06-02,31.5,-25.0,0.9174019
1994-06-03,31.5,-25.0,0.0
1994-06-04,31.5,-25.0,0.0
1994-06-05,31.5,-25.0,0.0
1994-06-06,31.5,-25.0,0.44365454
1994-06-07,31.5,-25.0,4.076291
1994-06-08,31.5,-25.0,0.0
1994-06-09,31.5,-25.0,0.0
1994-06-10,31.5,-25.0,0.0
1994-06-11,31.5,-25.0,0.7015933
1994-06-12,31.5,-25.0,0.21408913
1994-06-13,31.5,-25.0,0.0
1994-06-14,31.5,-25.0,0.0
1994-06-15,31.5,-25.0,0.0
1994-06-16,31.5,-25.0,0.0025793868
1994-06-17,31.5,-25.0,0.0
1994-06-18,31.5,-25.0,0.0
1994-06-19,31.5,-25.0,0.0
1994-06-20,31.5,-25.0,0.0
1994-06-21,31.5,-25.0,0.0
1994-06-22,31.5,-25.0,0.094577506
1994-06-23,31.5,-25.0,0.0
1994-06-24,31.5,-25.0,0.0
1994-06-25,31.5,-25.0,0.0
1994-06-26,31.5,-25.0,0.0
1994-06-27,31.5,-25.0,0.0
1994-06-28,31.5,-25.0,0.0
1994-06-29,31.5,-25.0,0.0
1994-06-30,31.5,-25.0,0.6259312
1994-07-01,31.5,-25.0,0.029832557
1994-07-02,31.5,-25.0,0.18831803
1994-07-03,31.5,-25.0,-8.3266734e-14
1994-07-04,31.5,-25.0,-8.3266734e-14
1994-07-05,31.5,-25.0,-8.3266734e-14
1994-07-06,31.5,-25.0,-8.3266734e-14
1994-07-07,31.5,-25.0,-8.3266734e-14
1994-07-08,31.5,-25.0,-8.3266734e-14
1994-07-09,31.5,-25.0,-8.3266734e-14
1994-07-10,31.5,-25.0,0.013051744
1994-07-11,31.5,-25.0,0.007458139
1994-07-12,31.5,-25.0,-8.3266734e-14
1994-07-13,31.5,-25.0,-8.3266734e-14
1994-07-14,31.5,-25.0,-8.3266734e-14
1994-07-15,31.5,-25.0,0.0009322674
1994-07-16,31.5,-25.0,-8.3266734e-14
1994-07-17,31.5,-25.0,-8.3266734e-14
1994-07-18,31.5,-25.0,-8.3266734e-14
1994-07-19,31.5,-25.0,-8.3266734e-14
1994-07-20,31.5,-25.0,-8.3266734e-14
1994-07-21,31.5,-25.0,-8.3266734e-14
1994-07-22,31.5,-25.0,-8.3266734e-14
1994-07-23,31.5,-25.0,-8.3266734e-14
1994-07-24,31.5,-25.0,-8.3266734e-14
1994-07-25,31.5,-25.0,1.2464416
1994-07-26,31.5,-25.0,-8.3266734e-14
1994-07-27,31.5,-25.0,0.010254942
1994-07-28,31.5,-25.0,0.12678838
1994-07-29,31.5,-25.0,0.34587124
1994-07-30,31.5,-25.0,1.6846073
1994-07-31,31.5,-25.0,-7.979728e-14
1994-08-01,31.5,-25.0,0.0
1994-08-02,31.5,-25.0,0.0
1994-08-03,31.5,-25.0,0.000913713
1994-08-04,31.5,-25.0,1.5496571
1994-08-05,31.5,-25.0,0.3188858
1994-08-06,31.5,-25.0,0.0
1994-08-07,31.5,-25.0,0.0
1994-08-08,31.5,-25.0,0.0
1994-08-09,31.5,-25.0,0.0
1994-08-10,31.5,-25.0,0.059391342
1994-08-11,31.5,-25.0,0.068528466
1994-08-12,31.5,-25.0,0.0
1994-08-13,31.5,-25.0,0.0
1994-08-14,31.5,-25.0,0.81137705
1994-08-15,31.5,-25.0,0.0
1994-08-16,31.5,-25.0,0.0
1994-08-17,31.5,-25.0,0.0
1994-08-18,31.5,-25.0,0.0
1994-08-19,31.5,-25.0,0.0
1994-08-20,31.5,-25.0,4.691916
1994-08-21,31.5,-25.0,1.4619408
1994-08-22,31.5,-25.0,0.049340498
1994-08-23,31.5,-25.0,0.009137129
1994-08-24,31.5,-25.0,0.0
1994-08-25,31.5,-25.0,0.0
1994-08-26,31.5,-25.0,0.0
1994-08-27,31.5,-25.0,0.0
1994-08-28,31.5,-25.0,0.024670249
1994-08-29,31.5,-25.0,0.007309704
1994-08-30,31.5,-25.0,0.0
1994-08-31,31.5,-25.0,-3.469447e-15
1994-09-01,31.5,-25.0,0.00439648
1994-09-02,31.5,-25.0,-8.3266734e-14
1994-09-03,31.5,-25.0,-8.3266734e-14
1994-09-04,31.5,-25.0,0.5363706
1994-09-05,31.5,-25.0,-8.3266734e-14
1994-09-06,31.5,-25.0,-8.3266734e-14
1994-09-07,31.5,-25.0,0.0035171842
1994-09-08,31.5,-25.0,0.07386087
1994-09-09,31.5,-25.0,0.5381292
1994-09-10,31.5,-25.0,-8.3266734e-14
1994-09-11,31.5,-25.0,-8.3266734e-14
1994-09-12,31.5,-25.0,-8.3266734e-14
1994-09-13,31.5,-25.0,0.12310144
1994-09-14,31.5,-25.0,0.9074335
1994-09-15,31.5,-25.0,0.016706625
1994-09-16,31.5,-25.0,-8.3266734e-14
1994-09-17,31.5,-25.0,-8.3266734e-14
1994-09-18,31.5,-25.0,-8.3266734e-14
1994-09-19,31.5,-25.0,-8.3266734e-14
1994-09-20,31.5,-25.0,-8.3266734e-14
1994-09-21,31.5,-25.0,-8.3266734e-14
1994-09-22,31.5,-25.0,0.0017585921
1994-09-23,31.5,-25.0,-8.3266734e-14
1994-09-24,31.5,-25.0,-8.3266734e-14
1994-09-25,31.5,-25.0,0.00087929604
1994-09-26,31.5,-25.0,-8.3266734e-14
1994-09-27,31.5,-25.0,-8.3266734e-14
1994-09-28,31.5,-25.0,0.04044762
1994-09-29,31.5,-25.0,5.8429227
1994-09-30,31.5,-25.0,16.769936
1994-10-01,31.5,-25.0,0.0008923643
1994-10-02,31.5,-25.0,8.3266734e-14
1994-10-03,31.5,-25.0,0.4827691
1994-10-04,31.5,-25.0,0.29804966
1994-10-05,31.5,-25.0,0.38014716
1994-10-06,31.5,-25.0,0.04461821
1994-10-07,31.5,-25.0,0.0008923643
1994-10-08,31.5,-25.0,8.3266734e-14
1994-10-09,31.5,-25.0,8.3266734e-14
1994-10-10,31.5,-25.0,1.1591812
1994-10-11,31.5,-25.0,0.017847287
1994-10-12,31.5,-25.0,0.47741485
1994-10-13,31.5,-25.0,3.4204323
1994-10-14,31.5,-25.0,21.765656
1994-10-15,31.5,-25.0,5.935115
1994-10-16,31.5,-25.0,0.3676541
1994-10-17,31.5,-25.0,0.019632014
1994-10-18,31.5,-25.0,8.3266734e-14
1994-10-19,31.5,-25.0,0.0035694572
1994-10-20,31.5,-25.0,0.0044618216
1994-10-21,31.5,-25.0,8.3266734e-14
1994-10-22,31.5,-25.0,0.2623551
1994-10-23,31.5,-25.0,2.595888
1994-10-24,31.5,-25.0,0.15527138
1994-10-25,31.5,-25.0,0.039264027
1994-10-26,31.5,-25.0,0.033909842
1994-10-27,31.5,-25.0,8.3266734e-14
1994-10-28,31.5,-25.0,0.5122171
1994-10-29,31.5,-25.0,0.9057498
1994-10-30,31.5,-25.0,1.4509842
1994-10-31,31.5,-25.0,2.303392
1994-11-01,31.5,-25.0,0.3490999
1994-11-02,31.5,-25.0,0.0
1994-11-03,31.5,-25.0,0.05363266
1994-11-04,31.5,-25.0,0.17650023
1994-11-05,31.5,-25.0,0.015602231
1994-11-06,31.5,-25.0,0.18430133
1994-11-07,31.5,-25.0,0.07606086
1994-11-08,31.5,-25.0,0.0
1994-11-09,31.5,-25.0,0.99756753
1994-11-10,31.5,-25.0,0.041930992
1994-11-11,31.5,-25.0,0.10238964
1994-11-12,31.5,-25.0,0.5548543
1994-11-13,31.5,-25.0,0.0
1994-11-14,31.5,-25.0,0.11019076
1994-11-15,31.5,-25.0,0.11019076
1994-11-16,31.5,-25.0,0.18625161
1994-11-17,31.5,-25.0,1.7698779
1994-11-18,31.5,-25.0,0.04680669
1994-11-19,31.5,-25.0,1.3768969
1994-11-20,31.5,-25.0,1.0824047
1994-11-21,31.5,-25.0,0.1384698
1994-11-22,31.5,-25.0,0.063384056
1994-11-23,31.5,-25.0,8.296486
1994-11-24,31.5,-25.0,1.1350622
1994-11-25,31.5,-25.0,0.0
1994-11-26,31.5,-25.0,0.0
1994-11-27,31.5,-25.0,0.0
1994-11-28,31.5,-25.0,0.2603622
1994-11-29,31.5,-25.0,0.0019502789
1994-11-30,31.5,-25.0,0.100711256
1994-12-01,31.5,-25.0,0.19049165
1994-12-02,31.5,-25.0,0.0
1994-12-03,31.5,-25.0,0.04195352
1994-12-04,31.5,-25.0,0.20523208
1994-12-05,31.5,-25.0,0.0
1994-12-06,31.5,-25.0,0.0
1994-12-07,31.5,-25.0,4.293999
1994-12-08,31.5,-25.0,0.7925813
1994-12-09,31.5,-25.0,5.6705284
1994-12-10,31.5,-25.0,55.248253
1994-12-11,31.5,-25.0,0.001133879
1994-12-12,31.5,-25.0,0.0
1994-12-13,31.5,-25.0,0.0
1994-12-14,31.5,-25.0,0.23131132
1994-12-15,31.5,-25.0,1.7064877
1994-12-16,31.5,-25.0,0.5000406
1994-12-17,31.5,-25.0,0.005669395
1994-12-18,31.5,-25.0,0.24831948
1994-12-19,31.5,-25.0,0.05102455
1994-12-20,31.5,-25.0,0.0
1994-12-21,31.5,-25.0,0.0
1994-12-22,31.5,-25.0,0.5261198
1994-12-23,31.5,-25.0,0.18595612
1994-12-24,31.5,-25.0,1.9604766
1994-12-25,31.5,-25.0,0.30047792
1994-12-26,31.5,-25.0,0.26419377
1994-12-27,31.5,-25.0,0.21203537
1994-12-28,31.5,-25.0,5.256663
1994-12-29,31.5,-25.0,1.0023489
1994-12-30,31.5,-25.0,0.010204909
1994-12-31,31.5,-25.0,0.0
1995-01-01,31.5,-25.0,0.14249714
1995-01-02,31.5,-25.0,0.11603339
1995-01-03,31.5,-25.0,0.52927506
1995-01-04,31.5,-25.0,0.06615938
1995-01-05,31.5,-25.0,0.047838327
1995-01-06,31.5,-25.0,0.1445328
1995-01-07,31.5,-25.0,0.017303225
1995-01-08,31.5,-25.0,4.760422
1995-01-09,31.5,-25.0,0.23919159
1995-01-10,31.5,-25.0,0.0
1995-01-11,31.5,-25.0,0.0010178366
1995-01-12,31.5,-25.0,0.0020356732
1995-01-13,31.5,-25.0,1.334384
1995-01-14,31.5,-25.0,1.631592
1995-01-15,31.5,-25.0,0.8142693
1995-01-16,31.5,-25.0,9.662323
1995-01-17,31.5,-25.0,8.213942
1995-01-18,31.5,-25.0,0.95167726
1995-01-19,31.5,-25.0,0.84480447
1995-01-20,31.5,-25.0,0.0
1995-01-21,31.5,-25.0,0.017303225
1995-01-22,31.5,-25.0,0.0020356732
1995-01-23,31.5,-25.0,0.0020356732
1995-01-24,31.5,-25.0,0.023410242
1995-01-25,31.5,-25.0,0.0050891833
1995-01-26,31.5,-25.0,0.049873993
1995-01-27,31.5,-25.0,0.0
1995-01-28,31.5,-25.0,0.0
1995-01-29,31.5,-25.0,0.24936998
1995-01-30,31.5,-25.0,5.1339674
1995-01-31,31.5,-25.0,4.6820483
1995-02-01,31.5,-25.0,0.05274135
1995-02-02,31.5,-25.0,1.5244278
1995-02-03,31.5,-25.0,1.6451243
1995-02-04,31.5,-25.0,0.0030427699
1995-02-05,31.5,-25.0,1.6653347e-13
1995-02-06,31.5,-25.0,1.6653347e-13
1995-02-07,31.5,-25.0,1.6653347e-13
1995-02-08,31.5,-25.0,0.7454787
1995-02-09,31.5,-25.0,0.13388188
1995-02-10,31.5,-25.0,1.6653347e-13
1995-02-11,31.5,-25.0,1.6653347e-13
1995-02-12,31.5,-25.0,0.05274135
1995-02-13,31.5,-25.0,0.0060855397
1995-02-14,31.5,-25.0,1.6653347e-13
1995-02-15,31.5,-25.0,0.06288391
1995-02-16,31.5,-25.0,0.088240325
1995-02-17,31.5,-25.0,10.30282
1995-02-18,31.5,-25.0,4.0661554
1995-02-19,31.5,-25.0,1.5923831
1995-02-20,31.5,-25.0,0.94630146
1995-02-21,31.5,-25.0,2.4433446
1995-02-22,31.5,-25.0,2.3804605
1995-02-23,31.5,-25.0,2.6928515
1995-02-24,31.5,-25.0,0.71505094
1995-02-25,31.5,-25.0,0.8884889
1995-02-26,31.5,-25.0,0.31949085
1995-02-27,31.5,-25.0,0.23226477
1995-02-28,31.5,-25.0,0.11763306
1995-03-01,31.5,-25.0,0.7412021
1995-03-02,31.5,-25.0,0.7658715
1995-03-03,31.5,-25.0,2.007189
1995-03-04,31.5,-25.0,0.56515265
1995-03-05,31.5,-25.0,0.6021567
1995-03-06,31.5,-25.0,0.019062689
1995-03-07,31.5,-25.0,2.6160736
1995-03-08,31.5,-25.0,0.07288675
1995-03-09,31.5,-25.0,4.4752464
1995-03-10,31.5,-25.0,2.6261654
1995-03-11,31.5,-25.0,0.0
1995-03-12,31.5,-25.0,0.0
1995-03-13,31.5,-25.0,0.0033640037
1995-03-14,31.5,-25.0,0.30724567
1995-03-15,31.5,-25.0,0.0044853385
1995-03-16,31.5,-25.0,0.0
1995-03-17,31.5,-25.0,0.0011213347
1995-03-18,31.5,-25.0,0.41489384
1995-03-19,31.5,-25.0,0.0
1995-03-20,31.5,-25.0,0.28818297
1995-03-21,31.5,-25.0,1.1067572
1995-03-22,31.5,-25.0,0.005606673
1995-03-23,31.5,-25.0,0.11774015
1995-03-24,31.5,-25.0,12.748453
1995-03-25,31.5,-25.0,4.9159307
1995-03-26,31.5,-25.0,4.993303
1995-03-27,31.5,-25.0,3.062365
1995-03-28,31.5,-25.0,0.49338725
1995-03-29,31.5,-25.0,0.3442497
1995-03-30,31.5,-25.0,1.8412313
1995-03-31,31.5,-25.0,0.033640034
1995-04-01,31.5,-25.0,0.06412755
1995-04-02,31.5,-25.0,0.3374096
1995-04-03,31.5,-25.0,0.026637599
1995-04-04,31.5,-25.0,0.18054372
1995-04-05,31.5,-25.0,0.46369153
1995-04-06,31.5,-25.0,0.007892622
1995-04-07,31.5,-25.0,0.0
1995-04-08,31.5,-25.0,0.0
1995-04-09,31.5,-25.0,1.852793
1995-04-10,31.5,-25.0,0.3235975
1995-04-11,31.5,-25.0,0.0
1995-04-12,31.5,-25.0,0.0
1995-04-13,31.5,-25.0,0.006906044
1995-04-14,31.5,-25.0,0.0
1995-04-15,31.5,-25.0,0.0
1995-04-16,31.5,-25.0,0.044395998
1995-04-17,31.5,-25.0,0.20915446
1995-04-18,31.5,-25.0,0.0
1995-04-19,31.5,-25.0,0.0
1995-04-20,31.5,-25.0,0.05130204
1995-04-21,31.5,-25.0,0.29893303
1995-04-22,31.5,-25.0,0.39561766
1995-04-23,31.5,-25.0,0.0
1995-04-24,31.5,-25.0,0.1016175
1995-04-25,31.5,-25.0,0.07892621
1995-04-26,31.5,-25.0,0.018744975
1995-04-27,31.5,-25.0,1.8389808
1995-04-28,31.5,-25.0,46.1008
1995-04-29,31.5,-25.0,1.3377993
1995-04-30,31.5,-25.0,0.19928871
1995-05-01,31.5,-25.0,0.60476786
1995-05-02,31.5,-25.0,2.9617333
1995-05-03,31.5,-25.0,7.4109516
1995-05-04,31.5,-25.0,1.1199405
1995-05-05,31.5,-25.0,0.0
1995-05-06,31.5,-25.0,0.0
1995-05-07,31.5,-25.0,0.095704004
1995-05-08,31.5,-25.0,10.472462
1995-05-09,31.5,-25.0,0.2535138
1995-05-10,31.5,-25.0,0.05905141
1995-05-11,31.5,-25.0,0.00916315
1995-05-12,31.5,-25.0,0.0
1995-05-13,31.5,-25.0,0.0010181278
1995-05-14,31.5,-25.0,0.0
1995-05-15,31.5,-25.0,0.0
1995-05-16,31.5,-25.0,0.0
1995-05-17,31.5,-25.0,0.017308172
1995-05-18,31.5,-25.0,0.004072511
1995-05-19,31.5,-25.0,0.0
1995-05-20,31.5,-25.0,0.0
1995-05-21,31.5,-25.0,0.044797614
1995-05-22,31.5,-25.0,12.530098
1995-05-23,31.5,-25.0,2.5799356
1995-05-24,31.5,-25.0,0.043779492
1995-05-25,31.5,-25.0,0.0
1995-05-26,31.5,-25.0,0.0
1995-05-27,31.5,-25.0,0.14457414
1995-05-28,31.5,-25.0,0.034616344
1995-05-29,31.5,-25.0,0.02647132
1995-05-30,31.5,-25.0,0.0
1995-05-31,31.5,-25.0,0.104846776
1995-06-01,31.5,-25.0,0.0
1995-06-02,31.5,-25.0,0.0
1995-06-03,31.5,-25.0,0.0
1995-06-04,31.5,-25.0,0.0
1995-06-05,31.5,-25.0,0.0059865243
1995-06-06,31.5,-25.0,0.010975296
1995-06-07,31.5,-25.0,0.0
1995-06-08,31.5,-25.0,0.0
1995-06-09,31.5,-25.0,0.0
1995-06-10,31.5,-25.0,0.0
1995-06-11,31.5,-25.0,0.0
1995-06-12,31.5,-25.0,0.011973049
1995-06-13,31.5,-25.0,0.0
1995-06-14,31.5,-25.0,0.0
1995-06-15,31.5,-25.0,0.0
1995-06-16,31.5,-25.0,0.110750705
1995-06-17,31.5,-25.0,0.0
1995-06-18,31.5,-25.0,0.0
1995-06-19,31.5,-25.0,0.0
1995-06-20,31.5,-25.0,0.0
1995-06-21,31.5,-25.0,0.0
1995-06-22,31.5,-25.0,0.0
1995-06-23,31.5,-25.0,0.0
1995-06-24,31.5,-25.0,0.0
1995-06-25,31.5,-25.0,0.0
1995-06-26,31.5,-25.0,0.0
1995-06-27,31.5,-25.0,0.0019955083
1995-06-28,31.5,-25.0,0.023946097
1995-06-29,31.5,-25.0,0.0
1995-06-30,31.5,-25.0,0.0
1995-07-01,31.5,-25.0,0.60334
1995-07-02,31.5,-25.0,0.18984833
1995-07-03,31.5,-25.0,0.005963822
1995-07-04,31.5,-25.0,0.0
1995-07-05,31.5,-25.0,0.0009939704
1995-07-06,31.5,-25.0,0.0
1995-07-07,31.5,-25.0,0.0
1995-07-08,31.5,-25.0,0.0
1995-07-09,31.5,-25.0,0.0
1995-07-10,31.5,-25.0,0.0
1995-07-11,31.5,-25.0,0.007951763
1995-07-12,31.5,-25.0,0.0
1995-07-13,31.5,-25.0,0.007951763
1995-07-14,31.5,-25.0,0.09343321
1995-07-15,31.5,-25.0,0.0
1995-07-16,31.5,-25.0,0.0
1995-07-17,31.5,-25.0,0.0
1995-07-18,31.5,-25.0,0.024849262
1995-07-19,31.5,-25.0,0.0
1995-07-20,31.5,-25.0,0.0
1995-07-21,31.5,-25.0,0.0
1995-07-22,31.5,-25.0,0.0
1995-07-23,31.5,-25.0,0.08945733
1995-07-24,31.5,-25.0,0.0
1995-07-25,31.5,-25.0,0.0
1995-07-26,31.5,-25.0,0.0
1995-07-27,31.5,-25.0,0.019879408
1995-07-28,31.5,-25.0,0.2753298
1995-07-29,31.5,-25.0,0.0
1995-07-30,31.5,-25.0,0.0
1995-07-31,31.5,-25.0,0.0
1995-08-01,31.5,-25.0,0.0
1995-08-02,31.5,-25.0,0.0
1995-08-03,31.5,-25.0,0.0
1995-08-04,31.5,-25.0,0.0
1995-08-05,31.5,-25.0,0.0
1995-08-06,31.5,-25.0,4.565646
1995-08-07,31.5,-25.0,0.0
1995-08-08,31.5,-25.0,0.0
1995-08-09,31.5,-25.0,0.0
1995-08-10,31.5,-25.0,0.027709337
1995-08-11,31.5,-25.0,0.0021314877
1995-08-12,31.5,-25.0,0.0
1995-08-13,31.5,-25.0,0.7236401
1995-08-14,31.5,-25.0,0.94744617
1995-08-15,31.5,-25.0,3.640581
1995-08-16,31.5,-25.0,3.36029
1995-08-17,31.5,-25.0,0.0
1995-08-18,31.5,-25.0,0.0
1995-08-19,31.5,-25.0,0.0
1995-08-20,31.5,-25.0,0.0
1995-08-21,31.5,-25.0,0.0
1995-08-22,31.5,-25.0,0.0010657439
1995-08-23,31.5,-25.0,0.062878884
1995-08-24,31.5,-25.0,0.61919713
1995-08-25,31.5,-25.0,0.0031972313
1995-08-26,31.5,-25.0,0.0
1995-08-27,31.5,-25.0,4.0071964
1995-08-28,31.5,-25.0,0.011723181
1995-08-29,31.5,-25.0,0.0
1995-08-30,31.5,-25.0,0.0
1995-08-31,31.5,-25.0,0.37194455
1995-09-01,31.5,-25.0,0.00095700694
1995-09-02,31.5,-25.0,-1.6653347e-13
1995-09-03,31.5,-25.0,0.11962587
1995-09-04,31.5,-25.0,3.5246563
1995-09-05,31.5,-25.0,-1.6653347e-13
1995-09-06,31.5,-25.0,-1.6653347e-13
1995-09-07,31.5,-25.0,-1.6653347e-13
1995-09-08,31.5,-25.0,-1.6653347e-13
1995-09-09,31.5,-25.0,-1.6653347e-13
1995-09-10,31.5,-25.0,-1.6653347e-13
1995-09-11,31.5,-25.0,-1.6653347e-13
1995-09-12,31.5,-25.0,0.013398095
1995-09-13,31.5,-25.0,0.44500822
1995-09-14,31.5,-25.0,1.0469655
1995-09-15,31.5,-25.0,0.082302585
1995-09-16,31.5,-25.0,-1.6653347e-13
1995-09-17,31.5,-25.0,-1.6653347e-13
1995-09-18,31.5,-25.0,0.013398095
1995-09-19,31.5,-25.0,0.06890449
1995-09-20,31.5,-25.0,0.015312109
1995-09-21,31.5,-25.0,0.0076560555
1995-09-22,31.5,-25.0,0.0028710205
1995-09-23,31.5,-25.0,-1.6653347e-13
1995-09-24,31.5,-25.0,-1.6653347e-13
1995-09-25,31.5,-25.0,0.7675195
1995-09-26,31.5,-25.0,-1.6653347e-13
1995-09-27,31.5,-25.0,-1.6653347e-13
1995-09-28,31.5,-25.0,0.13589498
1995-09-29,31.5,-25.0,1.82884
1995-09-30,31.5,-25.0,0.047923576
1995-10-01,31.5,-25.0,0.10418717
1995-10-02,31.5,-25.0,0.0
1995-10-03,31.5,-25.0,0.008014398
1995-10-04,31.5,-25.0,0.0
1995-10-05,31.5,-25.0,0.0
1995-10-06,31.5,-25.0,0.42476302
1995-10-07,31.5,-25.0,0.17230955
1995-10-08,31.5,-25.0,7.8320694
1995-10-09,31.5,-25.0,0.121217765
1995-10-10,31.5,-25.0,0.0
1995-10-11,31.5,-25.0,0.0
1995-10-12,31.5,-25.0,0.0
1995-10-13,31.5,-25.0,0.0
1995-10-14,31.5,-25.0,1.8863888
1995-10-15,31.5,-25.0,0.0060107983
1995-10-16,31.5,-25.0,0.050089978
1995-10-17,31.5,-25.0,0.04407919
1995-10-18,31.5,-25.0,0.063113384
1995-10-19,31.5,-25.0,8.569395
1995-10-20,31.5,-25.0,9.490048
1995-10-21,31.5,-25.0,0.6181104
1995-10-22,31.5,-25.0,0.07112778
1995-10-23,31.5,-25.0,14.793575
1995-10-24,31.5,-25.0,0.9477025
1995-10-25,31.5,-25.0,0.0
1995-10-26,31.5,-25.0,0.008014398
1995-10-27,31.5,-25.0,0.015026995
1995-10-28,31.5,-25.0,8.590433
1995-10-29,31.5,-25.0,1.5387644
1995-10-30,31.5,-25.0,0.47184765
1995-10-31,31.5,-25.0,0.46383324
1995-11-01,31.5,-25.0,0.0
1995-11-02,31.5,-25.0,0.005973777
1995-11-03,31.5,-25.0,0.7905297
1995-11-04,31.5,-25.0,0.007965036
1995-11-05,31.5,-25.0,0.142375
1995-11-06,31.5,-25.0,0.03186014
1995-11-07,31.5,-25.0,0.005973777
1995-11-08,31.5,-25.0,0.0
1995-11-09,31.5,-25.0,3.8610506
1995-11-10,31.5,-25.0,0.45201576
1995-11-11,31.5,-25.0,0.59140384
1995-11-12,31.5,-25.0,4.0064125
1995-11-13,31.5,-25.0,0.7616565
1995-11-14,31.5,-25.0,0.6670717
1995-11-15,31.5,-25.0,0.0
1995-11-16,31.5,-25.0,0.17423514
1995-11-17,31.5,-25.0,2.5298944
1995-11-18,31.5,-25.0,5.1354566
1995-11-19,31.5,-25.0,7.462242
1995-11-20,31.5,-25.0,5.7925715
1995-11-21,31.5,-25.0,1.3261783
1995-11-22,31.5,-25.0,4.22346
1995-11-23,31.5,-25.0,0.06969406
1995-11-24,31.5,-25.0,1.8558531
1995-11-25,31.5,-25.0,3.0446348
1995-11-26,31.5,-25.0,0.16129196
1995-11-27,31.5,-25.0,0.1453619
1995-11-28,31.5,-25.0,0.11449738
1995-11-29,31.5,-25.0,0.0
1995-11-30,31.5,-25.0,0.3896065
1995-12-01,31.5,-25.0,0.21253498
1995-12-02,31.5,-25.0,0.0
1995-12-03,31.5,-25.0,0.0
1995-12-04,31.5,-25.0,0.5673604
1995-12-05,31.5,-25.0,0.0
1995-12-06,31.5,-25.0,1.3769745
1995-12-07,31.5,-25.0,11.885748
1995-12-08,31.5,-25.0,0.06484118
1995-12-09,31.5,-25.0,0.39264938
1995-12-10,31.5,-25.0,4.2092733
1995-12-11,31.5,-25.0,2.827796
1995-12-12,31.5,-25.0,0.056736037
1995-12-13,31.5,-25.0,0.0018011439
1995-12-14,31.5,-25.0,0.1188755
1995-12-15,31.5,-25.0,0.10806864
1995-12-16,31.5,-25.0,1.9884629
1995-12-17,31.5,-25.0,21.365168
1995-12-18,31.5,-25.0,4.520871
1995-12-19,31.5,-25.0,0.40255567
1995-12-20,31.5,-25.0,1.5327734
1995-12-21,31.5,-25.0,1.672362
1995-12-22,31.5,-25.0,15.6987705
1995-12-23,31.5,-25.0,8.800389
1995-12-24,31.5,-25.0,3.3501277
1995-12-25,31.5,-25.0,0.84833884
1995-12-26,31.5,-25.0,0.04142631
1995-12-27,31.5,-25.0,0.00450286
1995-12-28,31.5,-25.0,5.570038
1995-12-29,31.5,-25.0,0.0063040033
1995-12-30,31.5,-25.0,0.41156137
1995-12-31,31.5,-25.0,0.00090057193
1996-01-01,31.5,-25.0,0.12832902
1996-01-02,31.5,-25.0,0.02204425
1996-01-03,31.5,-25.0,0.008660241
1996-01-04,31.5,-25.0,0.18343967
1996-01-05,31.5,-25.0,0.10864666
1996-01-06,31.5,-25.0,0.2794896
1996-01-07,31.5,-25.0,0.0
1996-01-08,31.5,-25.0,0.0031491783
1996-01-09,31.5,-25.0,0.031491786
1996-01-10,31.5,-25.0,2.468956
1996-01-11,31.5,-25.0,4.282096
1996-01-12,31.5,-25.0,3.1664994
1996-01-13,31.5,-25.0,2.3422017
1996-01-14,31.5,-25.0,0.74714255
1996-01-15,31.5,-25.0,4.896973
1996-01-16,31.5,-25.0,7.1950855
1996-01-17,31.5,-25.0,11.081173
1996-01-18,31.5,-25.0,14.782245
1996-01-19,31.5,-25.0,41.10229
1996-01-20,31.5,-25.0,3.7262657
1996-01-21,31.5,-25.0,0.55583
1996-01-22,31.5,-25.0,0.14250034
1996-01-23,31.5,-25.0,4.1765985
1996-01-24,31.5,-25.0,24.371492
1996-01-25,31.5,-25.0,11.640151
1996-01-26,31.5,-25.0,13.451717
1996-01-27,31.5,-25.0,28.575645
1996-01-28,31.5,-25.0,0.028342608
1996-01-29,31.5,-25.0,0.0
1996-01-30,31.5,-25.0,0.0
1996-01-31,31.5,-25.0,0.054354824
1996-02-01,31.5,-25.0,0.016297
1996-02-02,31.5,-25.0,0.0
1996-02-03,31.5,-25.0,0.020642867
1996-02-04,31.5,-25.0,1.171211
1996-02-05,31.5,-25.0,0.21186098
1996-02-06,31.5,-25.0,0.66165817
1996-02-07,31.5,-25.0,3.4506176
1996-02-08,31.5,-25.0,3.7830768
1996-02-09,31.5,-25.0,17.72353
1996-02-10,31.5,-25.0,66.29076
1996-02-11,31.5,-25.0,7.1978416
1996-02-12,31.5,-25.0,4.9445095
1996-02-13,31.5,-25.0,10.815776
1996-02-14,31.5,-25.0,13.271191
1996-02-15,31.5,-25.0,9.498978
1996-02-16,31.5,-25.0,3.1844337
1996-02-17,31.5,-25.0,0.25531965
1996-02-18,31.5,-25.0,0.60733485
1996-02-19,31.5,-25.0,0.39221442
1996-02-20,31.5,-25.0,2.13708
1996-02-21,31.5,-25.0,6.5763826
1996-02-22,31.5,-25.0,0.45740247
1996-02-23,31.5,-25.0,3.424543
1996-02-24,31.5,-25.0,9.002462
1996-02-25,31.5,-25.0,2.7650576
1996-02-26,31.5,-25.0,3.9927645
1996-02-27,31.5,-25.0,0.33680466
1996-02-28,31.5,-25.0,0.0
1996-02-29,31.5,-25.0,0.007881328
1996-03-01,31.5,-25.0,1.5172915
1996-03-02,31.5,-25.0,0.0045667165
1996-03-03,31.5,-25.0,9.362911
1996-03-04,31.5,-25.0,24.411385
1996-03-05,31.5,-25.0,1.6653347e-13
1996-03-06,31.5,-25.0,1.6653347e-13
1996-03-07,31.5,-25.0,1.6653347e-13
1996-03-08,31.5,-25.0,0.55143094
1996-03-09,31.5,-25.0,0.57312286
1996-03-10,31.5,-25.0,0.0034250375
1996-03-11,31.5,-25.0,1.6653347e-13
1996-03-12,31.5,-25.0,0.5240307
1996-03-13,31.5,-25.0,0.043383803
1996-03-14,31.5,-25.0,1.2341552
1996-03-15,31.5,-25.0,0.20778559
1996-03-16,31.5,-25.0,0.0079917535
1996-03-17,31.5,-25.0,0.38360423
1996-03-18,31.5,-25.0,0.05023388
1996-03-19,31.5,-25.0,0.0057083955
1996-03-20,31.5,-25.0,0.16440178
1996-03-21,31.5,-25.0,1.9362878
1996-03-22,31.5,-25.0,0.0148418285
1996-03-23,31.5,-25.0,1.6653347e-13
1996-03-24,31.5,-25.0,0.16896853
1996-03-25,31.5,-25.0,0.21463569
1996-03-26,31.5,-25.0,0.23746926
1996-03-27,31.5,-25.0,1.6653347e-13
1996-03-28,31.5,-25.0,0.48863864
1996-03-29,31.5,-25.0,0.92476004
1996-03-30,31.5,-25.0,0.0057083955
1996-03-31,31.5,-25.0,0.022998188
1996-04-01,31.5,-25.0,0.93344986
1996-04-02,31.5,-25.0,7.6542892
1996-04-03,31.5,-25.0,26.345037
1996-04-04,31.5,-25.0,1.0122947
1996-04-05,31.5,-25.0,3.2643557
1996-04-06,31.5,-25.0,0.120532855
1996-04-07,31.5,-25.0,0.00090626196
1996-04-08,31.5,-25.0,0.00090626196
1996-04-09,31.5,-25.0,0.17490858
1996-04-10,31.5,-25.0,0.034437954
1996-04-11,31.5,-25.0,0.0
1996-04-12,31.5,-25.0,0.0
1996-04-13,31.5,-25.0,0.00090626196
1996-04-14,31.5,-25.0,0.17309606
1996-04-15,31.5,-25.0,0.0018125239
1996-04-16,31.5,-25.0,2.5556588
1996-04-17,31.5,-25.0,0.07250096
1996-04-18,31.5,-25.0,0.0
1996-04-19,31.5,-25.0,2.310062
1996-04-20,31.5,-25.0,0.02356281
1996-04-21,31.5,-25.0,0.0
1996-04-22,31.5,-25.0,0.0
1996-04-23,31.5,-25.0,0.0
1996-04-24,31.5,-25.0,0.44225585
1996-04-25,31.5,-25.0,0.0453131
1996-04-26,31.5,-25.0,0.00090626196
1996-04-27,31.5,-25.0,0.0
1996-04-28,31.5,-25.0,0.6271333
1996-04-29,31.5,-25.0,1.9711199
1996-04-30,31.5,-25.0,1.6996071
1996-05-01,31.5,-25.0,1.8425078
1996-05-02,31.5,-25.0,0.0
1996-05-03,31.5,-25.0,0.0
1996-05-04,31.5,-25.0,0.0
1996-05-05,31.5,-25.0,0.062317066
1996-05-06,31.5,-25.0,0.50476825
1996-05-07,31.5,-25.0,0.49542063
1996-05-08,31.5,-25.0,1.9152113
1996-05-09,31.5,-25.0,0.31366256
1996-05-10,31.5,-25.0,0.0
1996-05-11,31.5,-25.0,0.0
1996-05-12,31.5,-25.0,0.0
1996-05-13,31.5,-25.0,4.7495995
1996-05-14,31.5,-25.0,9.23539
1996-05-15,31.5,-25.0,7.2890196
1996-05-16,31.5,-25.0,10.185724
1996-05-17,31.5,-25.0,0.7031442
1996-05-18,31.5,-25.0,0.58058727
1996-05-19,31.5,-25.0,0.21707112
1996-05-20,31.5,-25.0,0.038428858
1996-05-21,31.5,-25.0,0.18383534
1996-05-22,31.5,-25.0,0.33547354
1996-05-23,31.5,-25.0,0.0
1996-05-24,31.5,-25.0,0.0
1996-05-25,31.5,-25.0,0.31677842
1996-05-26,31.5,-25.0,0.019733736
1996-05-27,31.5,-25.0,0.5743556
1996-05-28,31.5,-25.0,6.9961295
1996-05-29,31.5,-25.0,0.0
1996-05-30,31.5,-25.0,0.0
1996-05-31,31.5,-25.0,0.0
1996-06-01,31.5,-25.0,0.33845893
1996-06-02,31.5,-25.0,1.7115133
1996-06-03,31.5,-25.0,0.0
1996-06-04,31.5,-25.0,0.0
1996-06-05,31.5,-25.0,0.0
1996-06-06,31.5,-25.0,0.0
1996-06-07,31.5,-25.0,0.0
1996-06-08,31.5,-25.0,0.0
1996-06-09,31.5,-25.0,0.010676938
1996-06-10,31.5,-25.0,0.0010676939
1996-06-11,31.5,-25.0,0.0
1996-06-12,31.5,-25.0,0.0
1996-06-13,31.5,-25.0,0.0
1996-06-14,31.5,-25.0,0.0
1996-06-15,31.5,-25.0,0.0
1996-06-16,31.5,-25.0,0.0
1996-06-17,31.5,-25.0,0.0
1996-06-18,31.5,-25.0,0.0
1996-06-19,31.5,-25.0,0.06406163
1996-06-20,31.5,-25.0,0.0
1996-06-21,31.5,-25.0,0.1398679
1996-06-22,31.5,-25.0,1.1285523
1996-06-23,31.5,-25.0,0.11531094
1996-06-24,31.5,-25.0,0.0
1996-06-25,31.5,-25.0,0.0
1996-06-26,31.5,-25.0,0.0010676939
1996-06-27,31.5,-25.0,0.0
1996-06-28,31.5,-25.0,0.0
1996-06-29,31.5,-25.0,0.0
1996-06-30,31.5,-25.0,0.0
1996-07-01,31.5,-25.0,0.0
1996-07-02,31.5,-25.0,0.0
1996-07-03,31.5,-25.0,0.0
1996-07-04,31.5,-25.0,0.0
1996-07-05,31.5,-25.0,0.0
1996-07-06,31.5,-25.0,3.8826842
1996-07-07,31.5,-25.0,2.3992603
1996-07-08,31.5,-25.0,0.00096201285
1996-07-09,31.5,-25.0,0.0
1996-07-10,31.5,-25.0,0.0
1996-07-11,31.5,-25.0,0.00096201285
1996-07-12,31.5,-25.0,0.0
1996-07-13,31.5,-25.0,0.0
1996-07-14,31.5,-25.0,0.03848052
1996-07-15,31.5,-25.0,0.10485941
1996-07-16,31.5,-25.0,1.1168971
1996-07-17,31.5,-25.0,2.4829555
1996-07-18,31.5,-25.0,0.47331038
1996-07-19,31.5,-25.0,0.0
1996-07-20,31.5,-25.0,0.0
1996-07-21,31.5,-25.0,0.64358664
1996-07-22,31.5,-25.0,1.5430688
1996-07-23,31.5,-25.0,0.060606815
1996-07-24,31.5,-25.0,0.68014324
1996-07-25,31.5,-25.0,0.071188964
1996-07-26,31.5,-25.0,0.0
1996-07-27,31.5,-25.0,0.0
1996-07-28,31.5,-25.0,0.0
1996-07-29,31.5,-25.0,0.03655649
1996-07-30,31.5,-25.0,0.18855453
1996-07-31,31.5,-25.0,6.938894e-15
1996-08-01,31.5,-25.0,1.6653347e-13
1996-08-02,31.5,-25.0,0.07560523
1996-08-03,31.5,-25.0,0.6409518
1996-08-04,31.5,-25.0,2.6834216
1996-08-05,31.5,-25.0,0.06883461
1996-08-06,31.5,-25.0,1.6653347e-13
1996-08-07,31.5,-25.0,1.6653347e-13
1996-08-08,31.5,-25.0,1.6653347e-13
1996-08-09,31.5,-25.0,1.6653347e-13
1996-08-10,31.5,-25.0,1.6653347e-13
1996-08-11,31.5,-25.0,0.03272465
1996-08-12,31.5,-25.0,1.6653347e-13
1996-08-13,31.5,-25.0,1.6653347e-13
1996-08-14,31.5,-25.0,0.15459576
1996-08-15,31.5,-25.0,0.0011284363
1996-08-16,31.5,-25.0,1.6653347e-13
1996-08-17,31.5,-25.0,0.0056421813
1996-08-18,31.5,-25.0,1.6653347e-13
1996-08-19,31.5,-25.0,8.081861
1996-08-20,31.5,-25.0,16.84304
1996-08-21,31.5,-25.0,0.03610996
1996-08-22,31.5,-25.0,0.012412798
1996-08-23,31.5,-25.0,0.014669672
1996-08-24,31.5,-25.0,1.6653347e-13
1996-08-25,31.5,-25.0,1.6653347e-13
1996-08-26,31.5,-25.0,1.6653347e-13
1996-08-27,31.5,-25.0,1.6653347e-13
1996-08-28,31.5,-25.0,1.6653347e-13
1996-08-29,31.5,-25.0,1.6653347e-13
1996-08-30,31.5,-25.0,0.0011284363
1996-08-31,31.5,-25.0,1.5959456e-13
1996-09-01,31.5,-25.0,0.023601815
1996-09-02,31.5,-25.0,0.039336354
1996-09-03,31.5,-25.0,0.020230127
1996-09-04,31.5,-25.0,0.06406207
1996-09-05,31.5,-25.0,0.0
1996-09-06,31.5,-25.0,0.017982338
1996-09-07,31.5,-25.0,0.0011238961
1996-09-08,31.5,-25.0,0.0
1996-09-09,31.5,-25.0,0.0
1996-09-10,31.5,-25.0,0.0
1996-09-11,31.5,-25.0,0.0
1996-09-12,31.5,-25.0,0.0
1996-09-13,31.5,-25.0,0.0
1996-09-14,31.5,-25.0,0.18319502
1996-09-15,31.5,-25.0,0.16521269
1996-09-16,31.5,-25.0,0.0
1996-09-17,31.5,-25.0,0.0
1996-09-18,31.5,-25.0,0.6945676
1996-09-19,31.5,-25.0,0.006743376
1996-09-20,31.5,-25.0,3.926892
1996-09-21,31.5,-25.0,0.0056194803
1996-09-22,31.5,-25.0,0.09890285
1996-09-23,31.5,-25.0,0.0011238961
1996-09-24,31.5,-25.0,0.19780567
1996-09-25,31.5,-25.0,0.0
1996-09-26,31.5,-25.0,0.006743376
1996-09-27,31.5,-25.0,0.012362856
1996-09-28,31.5,-25.0,0.0
1996-09-29,31.5,-25.0,0.0
1996-09-30,31.5,-25.0,0.0
1996-10-01,31.5,-25.0,0.007425979
1996-10-02,31.5,-25.0,0.020156227
1996-10-03,31.5,-25.0,0.5643744
1996-10-04,31.5,-25.0,0.0
1996-10-05,31.5,-25.0,0.0
1996-10-06,31.5,-25.0,0.0
1996-10-07,31.5,-25.0,0.0
1996-10-08,31.5,-25.0,0.0031825625
1996-10-09,31.5,-25.0,0.038190745
1996-10-10,31.5,-25.0,0.0
1996-10-11,31.5,-25.0,0.003182562
1996-10-12,31.5,-25.0,4.851286
1996-10-13,31.5,-25.0,0.06046868
1996-10-14,31.5,-25.0,0.0
1996-10-15,31.5,-25.0,0.13472846
1996-10-16,31.5,-25.0,0.011669395
1996-10-17,31.5,-25.0,0.015912812
1996-10-18,31.5,-25.0,0.0
1996-10-19,31.5,-25.0,0.0
1996-10-20,31.5,-25.0,0.2588484
1996-10-21,31.5,-25.0,0.040312454
1996-10-22,31.5,-25.0,1.0353937
1996-10-23,31.5,-25.0,22.162302
1996-10-24,31.5,-25.0,0.80518824
1996-10-25,31.5,-25.0,0.06577295
1996-10-26,31.5,-25.0,0.03394733
1996-10-27,31.5,-25.0,0.011669395
1996-10-28,31.5,-25.0,0.33629075
1996-10-29,31.5,-25.0,0.05728612
1996-10-30,31.5,-25.0,0.2938566
1996-10-31,31.5,-25.0,0.5824089
1996-11-01,31.5,-25.0,0.0
1996-11-02,31.5,-25.0,0.0
1996-11-03,31.5,-25.0,0.31890228
1996-11-04,31.5,-25.0,0.0
1996-11-05,31.5,-25.0,0.06378046
1996-11-06,31.5,-25.0,1.05103
1996-11-07,31.5,-25.0,0.11947607
1996-11-08,31.5,-25.0,0.28835952
1996-11-09,31.5,-25.0,1.0788778
1996-11-10,31.5,-25.0,1.8217853
1996-11-11,31.5,-25.0,0.016169693
1996-11-12,31.5,-25.0,0.0
1996-11-13,31.5,-25.0,2.8099334
1996-11-14,31.5,-25.0,19.888723
1996-11-15,31.5,-25.0,0.0008983163
1996-11-16,31.5,-25.0,9.336202
1996-11-17,31.5,-25.0,5.6890373
1996-11-18,31.5,-25.0,1.2540495
1996-11-19,31.5,-25.0,0.667449
1996-11-20,31.5,-25.0,0.0
1996-11-21,31.5,-25.0,3.7935898
1996-11-22,31.5,-25.0,0.0
1996-11-23,31.5,-25.0,0.5129386
1996-11-24,31.5,-25.0,0.02425454
1996-11-25,31.5,-25.0,0.15451041
1996-11-26,31.5,-25.0,1.4013734
1996-11-27,31.5,-25.0,0.26679993
1996-11-28,31.5,-25.0,2.617694
1996-11-29,31.5,-25.0,0.42490366
1996-11-30,31.5,-25.0,0.08989193
1996-12-01,31.5,-25.0,0.007307142
1996-12-02,31.5,-25.0,-8.3266734e-14
1996-12-03,31.5,-25.0,1.0458347
1996-12-04,31.5,-25.0,0.031968746
1996-12-05,31.5,-25.0,0.52154726
1996-12-06,31.5,-25.0,0.23565535
1996-12-07,31.5,-25.0,1.5746889
1996-12-08,31.5,-25.0,5.884989
1996-12-09,31.5,-25.0,0.08311874
1996-12-10,31.5,-25.0,0.9563222
1996-12-11,31.5,-25.0,0.031968746
1996-12-12,31.5,-25.0,2.0423462
1996-12-13,31.5,-25.0,0.27584457
1996-12-14,31.5,-25.0,0.048409816
1996-12-15,31.5,-25.0,0.8339276
1996-12-16,31.5,-25.0,3.4626722
1996-12-17,31.5,-25.0,0.00091339275
1996-12-18,31.5,-25.0,15.871113
1996-12-19,31.5,-25.0,10.535072
1996-12-20,31.5,-25.0,0.05297678
1996-12-21,31.5,-25.0,-8.3266734e-14
1996-12-22,31.5,-25.0,4.9852977
1996-12-23,31.5,-25.0,0.430208
1996-12-24,31.5,-25.0,0.39823925
1996-12-25,31.5,-25.0,0.021008035
1996-12-26,31.5,-25.0,0.17354462
1996-12-27,31.5,-25.0,0.42290086
1996-12-28,31.5,-25.0,0.6868713
1996-12-29,31.5,-25.0,0.5873116
1996-12-30,31.5,-25.0,0.4977991
1996-12-31,31.5,-25.0,0.7964785
1997-01-01,31.5,-25.0,1.5670749
1997-01-02,31.5,-25.0,2.649395
1997-01-03,31.5,-25.0,0.30736578
1997-01-04,31.5,-25.0,12.343679
1997-01-05,31.5,-25.0,2.1891637
1997-01-06,31.5,-25.0,1.3013997
1997-01-07,31.5,-25.0,0.0081746215
1997-01-08,31.5,-25.0,0.044142954
1997-01-09,31.5,-25.0,15.5522175
1997-01-10,31.5,-25.0,26.376232
1997-01-11,31.5,-25.0,1.4812413
1997-01-12,31.5,-25.0,1.4992256
1997-01-13,31.5,-25.0,0.452874
1997-01-14,31.5,-25.0,27.75938
1997-01-15,31.5,-25.0,10.43654
1997-01-16,31.5,-25.0,5.3429327
1997-01-17,31.5,-25.0,5.7508464
1997-01-18,31.5,-25.0,0.009809545
1997-01-19,31.5,-25.0,0.69320786
1997-01-20,31.5,-25.0,0.20600048
1997-01-21,31.5,-25.0,0.94907355
1997-01-22,31.5,-25.0,0.54688215
1997-01-23,31.5,-25.0,4.2418113
1997-01-24,31.5,-25.0,1.9602742
1997-01-25,31.5,-25.0,2.2717276
1997-01-26,31.5,-25.0,0.14223841
1997-01-27,31.5,-25.0,0.24687356
1997-01-28,31.5,-25.0,0.74225557
1997-01-29,31.5,-25.0,-8.3266734e-14
1997-01-30,31.5,-25.0,0.0073571587
1997-01-31,31.5,-25.0,0.0032698484
1997-02-01,31.5,-25.0,6.7168107
1997-02-02,31.5,-25.0,11.174464
1997-02-03,31.5,-25.0,0.94168496
1997-02-04,31.5,-25.0,0.5192952
1997-02-05,31.5,-25.0,0.15090631
1997-02-06,31.5,-25.0,0.45345864
1997-02-07,31.5,-25.0,5.6656446
1997-02-08,31.5,-25.0,4.179513
1997-02-09,31.5,-25.0,2.7954655
1997-02-10,31.5,-25.0,1.1525099
1997-02-11,31.5,-25.0,1.1843185
1997-02-12,31.5,-25.0,0.33510077
1997-02-13,31.5,-25.0,11.091615
1997-02-14,31.5,-25.0,0.12649499
1997-02-15,31.5,-25.0,0.00073973683
1997-02-16,31.5,-25.0,8.3266734e-14
1997-02-17,31.5,-25.0,1.5638037
1997-02-18,31.5,-25.0,0.010356315
1997-02-19,31.5,-25.0,0.036986843
1997-02-20,31.5,-25.0,0.5104184
1997-02-21,31.5,-25.0,8.3266734e-14
1997-02-22,31.5,-25.0,0.00073973683
1997-02-23,31.5,-25.0,0.1849342
1997-02-24,31.5,-25.0,0.66576314
1997-02-25,31.5,-25.0,0.0014794737
1997-02-26,31.5,-25.0,2.3479247
1997-02-27,31.5,-25.0,2.4307752
1997-02-28,31.5,-25.0,1.8055004
1997-03-01,31.5,-25.0,2.740913
1997-03-02,31.5,-25.0,0.32744685
1997-03-03,31.5,-25.0,0.028256837
1997-03-04,31.5,-25.0,25.499298
1997-03-05,31.5,-25.0,2.7783117
1997-03-06,31.5,-25.0,0.37232536
1997-03-07,31.5,-25.0,0.07230425
1997-03-08,31.5,-25.0,0.00083108334
1997-03-09,31.5,-25.0,14.027856
1997-03-10,31.5,-25.0,0.28838593
1997-03-11,31.5,-25.0,16.105564
1997-03-12,31.5,-25.0,11.699162
1997-03-13,31.5,-25.0,0.29835895
1997-03-14,31.5,-25.0,0.009141916
1997-03-15,31.5,-25.0,1.0629556
1997-03-16,31.5,-25.0,0.4263458
1997-03-17,31.5,-25.0,0.122169256
1997-03-18,31.5,-25.0,0.19946
1997-03-19,31.5,-25.0,0.026594667
1997-03-20,31.5,-25.0,11.213806
1997-03-21,31.5,-25.0,18.896343
1997-03-22,31.5,-25.0,0.30583867
1997-03-23,31.5,-25.0,0.0033243333
1997-03-24,31.5,-25.0,0.55516374
1997-03-25,31.5,-25.0,0.21275733
1997-03-26,31.5,-25.0,5.759408
1997-03-27,31.5,-25.0,0.058175832
1997-03-28,31.5,-25.0,0.19364241
1997-03-29,31.5,-25.0,0.013297333
1997-03-30,31.5,-25.0,0.11552058
1997-03-31,31.5,-25.0,0.27220175
1997-04-01,31.5,-25.0,3.1583967
1997-04-02,31.5,-25.0,5.285253
1997-04-03,31.5,-25.0,9.613876
1997-04-04,31.5,-25.0,1.6460106
1997-04-05,31.5,-25.0,0.00607384
1997-04-06,31.5,-25.0,0.46059954
1997-04-07,31.5,-25.0,-1.6653347e-13
1997-04-08,31.5,-25.0,0.042516883
1997-04-09,31.5,-25.0,1.0649467
1997-04-10,31.5,-25.0,0.5567686
1997-04-11,31.5,-25.0,-1.6653347e-13
1997-04-12,31.5,-25.0,0.9029776
1997-04-13,31.5,-25.0,0.23485515
1997-04-14,31.5,-25.0,0.28445816
1997-04-15,31.5,-25.0,-1.6653347e-13
1997-04-16,31.5,-25.0,0.07086147
1997-04-17,31.5,-25.0,-1.6653347e-13
1997-04-18,31.5,-25.0,-1.6653347e-13
1997-04-19,31.5,-25.0,0.0050615342
1997-04-20,31.5,-25.0,3.169532
1997-04-21,31.5,-25.0,2.2088532
1997-04-22,31.5,-25.0,0.0040492266
1997-04-23,31.5,-25.0,-1.6653347e-13
1997-04-24,31.5,-25.0,-1.6653347e-13
1997-04-25,31.5,-25.0,-1.6653347e-13
1997-04-26,31.5,-25.0,-1.6653347e-13
1997-04-27,31.5,-25.0,-1.6653347e-13
1997-04-28,31.5,-25.0,0.101230666
1997-04-29,31.5,-25.0,-1.6653347e-13
1997-04-30,31.5,-25.0,-1.5959456e-13
1997-05-01,31.5,-25.0,0.0
1997-05-02,31.5,-25.0,0.0
1997-05-03,31.5,-25.0,0.10465937
1997-05-04,31.5,-25.0,0.302531
1997-05-05,31.5,-25.0,0.37530193
1997-05-06,31.5,-25.0,0.0
1997-05-07,31.5,-25.0,0.0
1997-05-08,31.5,-25.0,2.436601
1997-05-09,31.5,-25.0,0.46279067
1997-05-10,31.5,-25.0,0.035159007
1997-05-11,31.5,-25.0,0.0016353027
1997-05-12,31.5,-25.0,0.0
1997-05-13,31.5,-25.0,0.2853603
1997-05-14,31.5,-25.0,0.23630124
1997-05-15,31.5,-25.0,0.18969509
1997-05-16,31.5,-25.0,0.0049059084
1997-05-17,31.5,-25.0,0.0
1997-05-18,31.5,-25.0,0.0
1997-05-19,31.5,-25.0,0.0
1997-05-20,31.5,-25.0,0.0
1997-05-21,31.5,-25.0,0.0
1997-05-22,31.5,-25.0,0.0
1997-05-23,31.5,-25.0,0.020441284
1997-05-24,31.5,-25.0,0.0024529542
1997-05-25,31.5,-25.0,0.0
1997-05-26,31.5,-25.0,2.7890086
1997-05-27,31.5,-25.0,0.0
1997-05-28,31.5,-25.0,3.5093598
1997-05-29,31.5,-25.0,5.3155513
1997-05-30,31.5,-25.0,0.08094749
1997-05-31,31.5,-25.0,0.0
1997-06-01,31.5,-25.0,0.0
1997-06-02,31.5,-25.0,0.0
1997-06-03,31.5,-25.0,0.0
1997-06-04,31.5,-25.0,0.0
1997-06-05,31.5,-25.0,0.0
1997-06-06,31.5,-25.0,0.0
1997-06-07,31.5,-25.0,0.0
1997-06-08,31.5,-25.0,0.0
1997-06-09,31.5,-25.0,0.0
1997-06-10,31.5,-25.0,0.016329627
1997-06-11,31.5,-25.0,0.026535645
1997-06-12,31.5,-25.0,3.8619566
1997-06-13,31.5,-25.0,0.010206017
1997-06-14,31.5,-25.0,0.0
1997-06-15,31.5,-25.0,0.0
1997-06-16,31.5,-25.0,0.0
1997-06-17,31.5,-25.0,0.0
1997-06-18,31.5,-25.0,0.011226619
1997-06-19,31.5,-25.0,0.0
1997-06-20,31.5,-25.0,0.0
1997-06-21,31.5,-25.0,0.0
1997-06-22,31.5,-25.0,0.0
1997-06-23,31.5,-25.0,0.0
1997-06-24,31.5,-25.0,0.0
1997-06-25,31.5,-25.0,0.0
1997-06-26,31.5,-25.0,0.0
1997-06-27,31.5,-25.0,0.0
1997-06-28,31.5,-25.0,0.0
1997-06-29,31.5,-25.0,0.038782865
1997-06-30,31.5,-25.0,6.2124023
1997-07-01,31.5,-25.0,0.0
1997-07-02,31.5,-25.0,0.0
1997-07-03,31.5,-25.0,0.0
1997-07-04,31.5,-25.0,0.0
1997-07-05,31.5,-25.0,0.0040456178
1997-07-06,31.5,-25.0,0.0
1997-07-07,31.5,-25.0,0.1820528
1997-07-08,31.5,-25.0,0.0
1997-07-09,31.5,-25.0,0.01820528
1997-07-10,31.5,-25.0,0.40860736
1997-07-11,31.5,-25.0,0.2579081
1997-07-12,31.5,-25.0,0.0020228089
1997-07-13,31.5,-25.0,0.0
1997-07-14,31.5,-25.0,0.0
1997-07-15,31.5,-25.0,0.0
1997-07-16,31.5,-25.0,0.0
1997-07-17,31.5,-25.0,0.0
1997-07-18,31.5,-25.0,0.91633236
1997-07-19,31.5,-25.0,0.67258394
1997-07-20,31.5,-25.0,0.0
1997-07-21,31.5,-25.0,0.0
1997-07-22,31.5,-25.0,0.0
1997-07-23,31.5,-25.0,0.0
1997-07-24,31.5,-25.0,0.0
1997-07-25,31.5,-25.0,0.046524603
1997-07-26,31.5,-25.0,0.098106235
1997-07-27,31.5,-25.0,0.0
1997-07-28,31.5,-25.0,0.13350537
1997-07-29,31.5,-25.0,2.5153627
1997-07-30,31.5,-25.0,0.6038084
1997-07-31,31.5,-25.0,0.002197032
1997-08-01,31.5,-25.0,3.7272654
1997-08-02,31.5,-25.0,-1.6653347e-13
1997-08-03,31.5,-25.0,-1.6653347e-13
1997-08-04,31.5,-25.0,-1.6653347e-13
1997-08-05,31.5,-25.0,4.1765585
1997-08-06,31.5,-25.0,4.6895657
1997-08-07,31.5,-25.0,-1.6653347e-13
1997-08-08,31.5,-25.0,-1.6653347e-13
1997-08-09,31.5,-25.0,-1.6653347e-13
1997-08-10,31.5,-25.0,-1.6653347e-13
1997-08-11,31.5,-25.0,-1.6653347e-13
1997-08-12,31.5,-25.0,-1.6653347e-13
1997-08-13,31.5,-25.0,-1.6653347e-13
1997-08-14,31.5,-25.0,0.06041839
1997-08-15,31.5,-25.0,0.058221355
1997-08-16,31.5,-25.0,-1.6653347e-13
1997-08-17,31.5,-25.0,-1.6653347e-13
1997-08-18,31.5,-25.0,0.001098516
1997-08-19,31.5,-25.0,-1.6653347e-13
1997-08-20,31.5,-25.0,0.001098516
1997-08-21,31.5,-25.0,-1.6653347e-13
1997-08-22,31.5,-25.0,-1.6653347e-13
1997-08-23,31.5,-25.0,0.8908966
1997-08-24,31.5,-25.0,2.0190728
1997-08-25,31.5,-25.0,-1.6653347e-13
1997-08-26,31.5,-25.0,-1.6653347e-13
1997-08-27,31.5,-25.0,0.39546585
1997-08-28,31.5,-25.0,-1.6653347e-13
1997-08-29,31.5,-25.0,0.0054925806
1997-08-30,31.5,-25.0,-1.6653347e-13
1997-08-31,31.5,-25.0,-1.5959456e-13
1997-09-01,31.5,-25.0,5.0384507
1997-09-02,31.5,-25.0,0.46100587
1997-09-03,31.5,-25.0,0.0
1997-09-04,31.5,-25.0,0.34994134
1997-09-05,31.5,-25.0,0.025562469
1997-09-06,31.5,-25.0,0.0008814645
1997-09-07,31.5,-25.0,0.16042653
1997-09-08,31.5,-25.0,4.1904817
1997-09-09,31.5,-25.0,5.421888
1997-09-10,31.5,-25.0,5.3258076
1997-09-11,31.5,-25.0,1.6271832
1997-09-12,31.5,-25.0,1.989465
1997-09-13,31.5,-25.0,1.9771246
1997-09-14,31.5,-25.0,1.1741107
1997-09-15,31.5,-25.0,0.030851252
1997-09-16,31.5,-25.0,0.059058115
1997-09-17,31.5,-25.0,0.019392218
1997-09-18,31.5,-25.0,0.2529803
1997-09-19,31.5,-25.0,0.7078158
1997-09-20,31.5,-25.0,0.730734
1997-09-21,31.5,-25.0,0.40194774
1997-09-22,31.5,-25.0,0.05993958
1997-09-23,31.5,-25.0,0.001762929
1997-09-24,31.5,-25.0,0.8664796
1997-09-25,31.5,-25.0,0.0
1997-09-26,31.5,-25.0,0.027325395
1997-09-27,31.5,-25.0,0.0
1997-09-28,31.5,-25.0,0.0
1997-09-29,31.5,-25.0,0.0044073225
1997-09-30,31.5,-25.0,0.0
1997-10-01,31.5,-25.0,0.024829209
1997-10-02,31.5,-25.0,0.12128113
1997-10-03,31.5,-25.0,0.0
1997-10-04,31.5,-25.0,0.0
1997-10-05,31.5,-25.0,0.0
1997-10-06,31.5,-25.0,0.015279511
1997-10-07,31.5,-25.0,0.01718945
1997-10-08,31.5,-25.0,2.193565
1997-10-09,31.5,-25.0,4.7710276
1997-10-10,31.5,-25.0,0.2530669
1997-10-11,31.5,-25.0,0.033423934
1997-10-12,31.5,-25.0,0.32468963
1997-10-13,31.5,-25.0,0.06398296
1997-10-14,31.5,-25.0,0.15470505
1997-10-15,31.5,-25.0,6.7000666
1997-10-16,31.5,-25.0,2.0761037
1997-10-17,31.5,-25.0,1.0733857
1997-10-18,31.5,-25.0,0.0019099389
1997-10-19,31.5,-25.0,0.05252332
1997-10-20,31.5,-25.0,0.0
1997-10-21,31.5,-25.0,0.0
1997-10-22,31.5,-25.0,0.0
1997-10-23,31.5,-25.0,0.027694117
1997-10-24,31.5,-25.0,0.08403732
1997-10-25,31.5,-25.0,0.03246896
1997-10-26,31.5,-25.0,0.31036508
1997-10-27,31.5,-25.0,0.29317564
1997-10-28,31.5,-25.0,2.756997
1997-10-29,31.5,-25.0,0.38389772
1997-10-30,31.5,-25.0,0.0
1997-10-31,31.5,-25.0,0.062073015
1997-11-01,31.5,-25.0,1.6653347e-13
1997-11-02,31.5,-25.0,1.6653347e-13
1997-11-03,31.5,-25.0,0.037069615
1997-11-04,31.5,-25.0,0.05045587
1997-11-05,31.5,-25.0,0.07310952
1997-11-06,31.5,-25.0,1.6653347e-13
1997-11-07,31.5,-25.0,1.6653347e-13
1997-11-08,31.5,-25.0,0.011326827
1997-11-09,31.5,-25.0,1.031771
1997-11-10,31.5,-25.0,0.54368764
1997-11-11,31.5,-25.0,3.5030787
1997-11-12,31.5,-25.0,8.616626
1997-11-13,31.5,-25.0,1.7391827
1997-11-14,31.5,-25.0,7.775352
1997-11-15,31.5,-25.0,0.109149426
1997-11-16,31.5,-25.0,1.538389
1997-11-17,31.5,-25.0,2.3364153
1997-11-18,31.5,-25.0,4.2455006
1997-11-19,31.5,-25.0,1.6653347e-13
1997-11-20,31.5,-25.0,1.6653347e-13
1997-11-21,31.5,-25.0,0.0020594231
1997-11-22,31.5,-25.0,0.0082376925
1997-11-23,31.5,-25.0,0.07310952
1997-11-24,31.5,-25.0,1.6653347e-13
1997-11-25,31.5,-25.0,10.649277
1997-11-26,31.5,-25.0,8.929659
1997-11-27,31.5,-25.0,4.671801
1997-11-28,31.5,-25.0,5.8569994
1997-11-29,31.5,-25.0,2.3261185
1997-11-30,31.5,-25.0,2.4054062
1997-12-01,31.5,-25.0,0.0
1997-12-02,31.5,-25.0,0.0
1997-12-03,31.5,-25.0,0.020511806
1997-12-04,31.5,-25.0,0.02698922
1997-12-05,31.5,-25.0,0.0
1997-12-06,31.5,-25.0,0.06585369
1997-12-07,31.5,-25.0,9.1590605
1997-12-08,31.5,-25.0,1.2630954
1997-12-09,31.5,-25.0,0.20835677
1997-12-10,31.5,-25.0,0.06369455
1997-12-11,31.5,-25.0,2.8025603
1997-12-12,31.5,-25.0,0.29040396
1997-12-13,31.5,-25.0,0.003238706
1997-12-14,31.5,-25.0,0.17704926
1997-12-15,31.5,-25.0,0.0
1997-12-16,31.5,-25.0,0.0
1997-12-17,31.5,-25.0,3.3855276
1997-12-18,31.5,-25.0,1.3580974
1997-12-19,31.5,-25.0,0.50847685
1997-12-20,31.5,-25.0,0.13062781
1997-12-21,31.5,-25.0,0.0075569805
1997-12-22,31.5,-25.0,0.5948423
1997-12-23,31.5,-25.0,0.014034393
1997-12-24,31.5,-25.0,0.38756517
1997-12-25,31.5,-25.0,0.0010795688
1997-12-26,31.5,-25.0,0.28284702
1997-12-27,31.5,-25.0,4.7198744
1997-12-28,31.5,-25.0,0.17381057
1997-12-29,31.5,-25.0,12.654703
1997-12-30,31.5,-25.0,0.6326273
1997-12-31,31.5,-25.0,0.0
1998-01-01,31.5,-25.0,2.8791294
1998-01-02,31.5,-25.0,2.2872028
1998-01-03,31.5,-25.0,2.2895708
1998-01-04,31.5,-25.0,2.1688178
1998-01-05,31.5,-25.0,0.17402633
1998-01-06,31.5,-25.0,0.0
1998-01-07,31.5,-25.0,0.33976567
1998-01-08,31.5,-25.0,1.7449985
1998-01-09,31.5,-25.0,4.3104067
1998-01-10,31.5,-25.0,1.6159587
1998-01-11,31.5,-25.0,0.67953134
1998-01-12,31.5,-25.0,0.2142773
1998-01-13,31.5,-25.0,0.2616314
1998-01-14,31.5,-25.0,1.6846222
1998-01-15,31.5,-25.0,0.106546715
1998-01-16,31.5,-25.0,0.0011838526
1998-01-17,31.5,-25.0,0.00947082
1998-01-18,31.5,-25.0,0.0
1998-01-19,31.5,-25.0,14.664381
1998-01-20,31.5,-25.0,2.8294077
1998-01-21,31.5,-25.0,0.0
1998-01-22,31.5,-25.0,0.890257
1998-01-23,31.5,-25.0,2.1605308
1998-01-24,31.5,-25.0,3.8558073
1998-01-25,31.5,-25.0,2.1238313
1998-01-26,31.5,-25.0,0.0035515577
1998-01-27,31.5,-25.0,0.4794603
1998-01-28,31.5,-25.0,5.0017767
1998-01-29,31.5,-25.0,1.3353857
1998-01-30,31.5,-25.0,34.00853
1998-01-31,31.5,-25.0,12.290756
1998-02-01,31.5,-25.0,0.15796864
1998-02-02,31.5,-25.0,0.23079108
1998-02-03,31.5,-25.0,1.8821797
1998-02-04,31.5,-25.0,0.788723
1998-02-05,31.5,-25.0,2.46812
1998-02-06,31.5,-25.0,0.17477383
1998-02-07,31.5,-25.0,1.6653347e-13
1998-02-08,31.5,-25.0,0.13220072
1998-02-09,31.5,-25.0,0.08290553
1998-02-10,31.5,-25.0,1.7096467
1998-02-11,31.5,-25.0,0.012323797
1998-02-12,31.5,-25.0,0.1097938
1998-02-13,31.5,-25.0,0.08738691
1998-02-14,31.5,-25.0,0.010083105
1998-02-15,31.5,-25.0,0.0033610351
1998-02-16,31.5,-25.0,1.925873
1998-02-17,31.5,-25.0,0.46606356
1998-02-18,31.5,-25.0,0.15012623
1998-02-19,31.5,-25.0,1.4340415
1998-02-20,31.5,-25.0,0.116515875
1998-02-21,31.5,-25.0,0.23079108
1998-02-22,31.5,-25.0,4.1755266
1998-02-23,31.5,-25.0,6.0375395
1998-02-24,31.5,-25.0,0.028008625
1998-02-25,31.5,-25.0,0.011203449
1998-02-26,31.5,-25.0,0.0044813803
1998-02-27,31.5,-25.0,1.6653347e-13
1998-02-28,31.5,-25.0,0.015684832
1998-03-01,31.5,-25.0,0.02402311
1998-03-02,31.5,-25.0,0.3349889
1998-03-03,31.5,-25.0,0.0040038517
1998-03-04,31.5,-25.0,0.11744631
1998-03-05,31.5,-25.0,0.07607319
1998-03-06,31.5,-25.0,-1.6653347e-13
1998-03-07,31.5,-25.0,1.3506327
1998-03-08,31.5,-25.0,0.56053925
1998-03-09,31.5,-25.0,0.7487203
1998-03-10,31.5,-25.0,13.770581
1998-03-11,31.5,-25.0,5.295761
1998-03-12,31.5,-25.0,6.697109
1998-03-13,31.5,-25.0,0.22555031
1998-03-14,31.5,-25.0,0.066730864
1998-03-15,31.5,-25.0,-1.6653347e-13
1998-03-16,31.5,-25.0,0.005338469
1998-03-17,31.5,-25.0,0.0013346173
1998-03-18,31.5,-25.0,0.7260317
1998-03-19,31.5,-25.0,0.00934232
1998-03-20,31.5,-25.0,0.0467116
1998-03-21,31.5,-25.0,0.037369285
1998-03-22,31.5,-25.0,-1.6653347e-13
1998-03-23,31.5,-25.0,-1.6653347e-13
1998-03-24,31.5,-25.0,-1.6653347e-13
1998-03-25,31.5,-25.0,1.9859107
1998-03-26,31.5,-25.0,2.0446336
1998-03-27,31.5,-25.0,1.422702
1998-03-28,31.5,-25.0,0.07073471
1998-03-29,31.5,-25.0,0.05205007
1998-03-30,31.5,-25.0,0.038703904
1998-03-31,31.5,-25.0,0.0066730864
1998-04-01,31.5,-25.0,0.0
1998-04-02,31.5,-25.0,0.24838147
1998-04-03,31.5,-25.0,0.25214484
1998-04-04,31.5,-25.0,0.0
1998-04-05,31.5,-25.0,0.0
1998-04-06,31.5,-25.0,0.0
1998-04-07,31.5,-25.0,0.0
1998-04-08,31.5,-25.0,0.19475368
1998-04-09,31.5,-25.0,0.023520976
1998-04-10,31.5,-25.0,0.00094083906
1998-04-11,31.5,-25.0,0.00094083906
1998-04-12,31.5,-25.0,0.0018816781
1998-04-13,31.5,-25.0,0.0
1998-04-14,31.5,-25.0,0.0169351
1998-04-15,31.5,-25.0,8.24269
1998-04-16,31.5,-25.0,2.9213052
1998-04-17,31.5,-25.0,0.36974972
1998-04-18,31.5,-25.0,0.04045608
1998-04-19,31.5,-25.0,0.049864464
1998-04-20,31.5,-25.0,0.0
1998-04-21,31.5,-25.0,0.03763356
1998-04-22,31.5,-25.0,0.0
1998-04-23,31.5,-25.0,0.0
1998-04-24,31.5,-25.0,0.0
1998-04-25,31.5,-25.0,0.0
1998-04-26,31.5,-25.0,0.0
1998-04-27,31.5,-25.0,0.50899386
1998-04-28,31.5,-25.0,0.7677246
1998-04-29,31.5,-25.0,0.43937176
1998-04-30,31.5,-25.0,0.22862387
1998-05-01,31.5,-25.0,0.0
1998-05-02,31.5,-25.0,0.0
1998-05-03,31.5,-25.0,0.30258822
1998-05-04,31.5,-25.0,0.0
1998-05-05,31.5,-25.0,0.0
1998-05-06,31.5,-25.0,0.098693654
1998-05-07,31.5,-25.0,0.0
1998-05-08,31.5,-25.0,0.0
1998-05-09,31.5,-25.0,0.0
1998-05-10,31.5,-25.0,0.0
1998-05-11,31.5,-25.0,0.0
1998-05-12,31.5,-25.0,0.0
1998-05-13,31.5,-25.0,0.0
1998-05-14,31.5,-25.0,0.0
1998-05-15,31.5,-25.0,0.06290364
1998-05-16,31.5,-25.0,0.11821548
1998-05-17,31.5,-25.0,0.91427195
1998-05-18,31.5,-25.0,0.0
1998-05-19,31.5,-25.0,0.0
1998-05-20,31.5,-25.0,0.0
1998-05-21,31.5,-25.0,0.0
1998-05-22,31.5,-25.0,0.0010845456
1998-05-23,31.5,-25.0,0.0
1998-05-24,31.5,-25.0,0.0
1998-05-25,31.5,-25.0,0.12255366
1998-05-26,31.5,-25.0,0.0
1998-05-27,31.5,-25.0,0.0
1998-05-28,31.5,-25.0,0.14749822
1998-05-29,31.5,-25.0,0.24836098
1998-05-30,31.5,-25.0,0.0
1998-05-31,31.5,-25.0,-6.938894e-15
1998-06-01,31.5,-25.0,-1.6653347e-13
1998-06-02,31.5,-25.0,-1.6653347e-13
1998-06-03,31.5,-25.0,-1.6653347e-13
1998-06-04,31.5,-25.0,-1.6653347e-13
1998-06-05,31.5,-25.0,-1.6653347e-13
1998-06-06,31.5,-25.0,-1.6653347e-13
1998-06-07,31.5,-25.0,0.4639704
1998-06-08,31.5,-25.0,0.44612545
1998-06-09,31.5,-25.0,0.13331275
1998-06-10,31.5,-25.0,-1.6653347e-13
1998-06-11,31.5,-25.0,-1.6653347e-13
1998-06-12,31.5,-25.0,-1.6653347e-13
1998-06-13,31.5,-25.0,-1.6653347e-13
1998-06-14,31.5,-25.0,-1.6653347e-13
1998-06-15,31.5,-25.0,-1.6653347e-13
1998-06-16,31.5,-25.0,-1.6653347e-13
1998-06-17,31.5,-25.0,-1.6653347e-13
1998-06-18,31.5,-25.0,-1.6653347e-13
1998-06-19,31.5,-25.0,-1.6653347e-13
1998-06-20,31.5,-25.0,-1.6653347e-13
1998-06-21,31.5,-25.0,-1.6653347e-13
1998-06-22,31.5,-25.0,-1.6653347e-13
1998-06-23,31.5,-25.0,-1.6653347e-13
1998-06-24,31.5,-25.0,-1.6653347e-13
1998-06-25,31.5,-25.0,-1.6653347e-13
1998-06-26,31.5,-25.0,-1.6653347e-13
1998-06-27,31.5,-25.0,0.31386232
1998-06-28,31.5,-25.0,0.014695894
1998-06-29,31.5,-25.0,0.055634458
1998-06-30,31.5,-25.0,-1.5959456e-13
1998-07-01,31.5,-25.0,0.0
1998-07-02,31.5,-25.0,0.0
1998-07-03,31.5,-25.0,0.0
1998-07-04,31.5,-25.0,0.0
1998-07-05,31.5,-25.0,0.0
1998-07-06,31.5,-25.0,0.0
1998-07-07,31.5,-25.0,0.0
1998-07-08,31.5,-25.0,0.0
1998-07-09,31.5,-25.0,0.040642302
1998-07-10,31.5,-25.0,0.6210978
1998-07-11,31.5,-25.0,0.15319023
1998-07-12,31.5,-25.0,0.0
1998-07-13,31.5,-25.0,0.0
1998-07-14,31.5,-25.0,0.0
1998-07-15,31.5,-25.0,0.0
1998-07-16,31.5,-25.0,0.0
1998-07-17,31.5,-25.0,0.0031263316
1998-07-18,31.5,-25.0,0.2584434
1998-07-19,31.5,-25.0,0.0
1998-07-20,31.5,-25.0,0.0
1998-07-21,31.5,-25.0,0.0
1998-07-22,31.5,-25.0,0.50854987
1998-07-23,31.5,-25.0,3.8808193
1998-07-24,31.5,-25.0,0.3949598
1998-07-25,31.5,-25.0,0.0
1998-07-26,31.5,-25.0,0.0
1998-07-27,31.5,-25.0,0.0
1998-07-28,31.5,-25.0,0.0
1998-07-29,31.5,-25.0,0.011463212
1998-07-30,31.5,-25.0,0.09170571
1998-07-31,31.5,-25.0,0.00851815
1998-08-01,31.5,-25.0,1.0251393
1998-08-02,31.5,-25.0,1.0905509
1998-08-03,31.5,-25.0,0.0
1998-08-04,31.5,-25.0,0.0
1998-08-05,31.5,-25.0,0.0032169647
1998-08-06,31.5,-25.0,0.072917864
1998-08-07,31.5,-25.0,0.101870544
1998-08-08,31.5,-25.0,0.112593755
1998-08-09,31.5,-25.0,0.0
1998-08-10,31.5,-25.0,0.0
1998-08-11,31.5,-25.0,0.0
1998-08-12,31.5,-25.0,0.0
1998-08-13,31.5,-25.0,0.0
1998-08-14,31.5,-25.0,0.0
1998-08-15,31.5,-25.0,0.002144643
1998-08-16,31.5,-25.0,0.017157145
1998-08-17,31.5,-25.0,0.0064339293
1998-08-18,31.5,-25.0,0.0
1998-08-19,31.5,-25.0,0.06541161
1998-08-20,31.5,-25.0,0.038603574
1998-08-21,31.5,-25.0,0.0
1998-08-22,31.5,-25.0,0.0
1998-08-23,31.5,-25.0,0.15763126
1998-08-24,31.5,-25.0,0.0
1998-08-25,31.5,-25.0,0.0
1998-08-26,31.5,-25.0,0.0
1998-08-27,31.5,-25.0,0.24020004
1998-08-28,31.5,-25.0,0.0
1998-08-29,31.5,-25.0,0.0
1998-08-30,31.5,-25.0,0.005361608
1998-08-31,31.5,-25.0,0.04182054
1998-09-01,31.5,-25.0,0.0014302277
1998-09-02,31.5,-25.0,0.0028604553
1998-09-03,31.5,-25.0,0.0
1998-09-04,31.5,-25.0,0.0
1998-09-05,31.5,-25.0,0.0
1998-09-06,31.5,-25.0,0.0
1998-09-07,31.5,-25.0,0.045767285
1998-09-08,31.5,-25.0,0.05005797
1998-09-09,31.5,-25.0,0.052918427
1998-09-10,31.5,-25.0,0.86099714
1998-09-11,31.5,-25.0,2.3827593
1998-09-12,31.5,-25.0,0.77518344
1998-09-13,31.5,-25.0,0.021453416
1998-09-14,31.5,-25.0,0.011441821
1998-09-15,31.5,-25.0,0.0014302277
1998-09-16,31.5,-25.0,0.0014302277
1998-09-17,31.5,-25.0,0.0
1998-09-18,31.5,-25.0,0.955392
1998-09-19,31.5,-25.0,0.16447619
1998-09-20,31.5,-25.0,0.0
1998-09-21,31.5,-25.0,0.0
1998-09-22,31.5,-25.0,0.0
1998-09-23,31.5,-25.0,0.0
1998-09-24,31.5,-25.0,0.0
1998-09-25,31.5,-25.0,0.015732504
1998-09-26,31.5,-25.0,0.21596438
1998-09-27,31.5,-25.0,0.010011594
1998-09-28,31.5,-25.0,3.9345567
1998-09-29,31.5,-25.0,1.1441821
1998-09-30,31.5,-25.0,0.2688828
1998-10-01,31.5,-25.0,0.17025997
1998-10-02,31.5,-25.0,27.01928
1998-10-03,31.5,-25.0,4.800897
1998-10-04,31.5,-25.0,0.11061475
1998-10-05,31.5,-25.0,0.02060471
1998-10-06,31.5,-25.0,0.0065067513
1998-10-07,31.5,-25.0,1.9932343
1998-10-08,31.5,-25.0,6.462288
1998-10-09,31.5,-25.0,0.69405335
1998-10-10,31.5,-25.0,0.0054222923
1998-10-11,31.5,-25.0,0.0
1998-10-12,31.5,-25.0,0.0
1998-10-13,31.5,-25.0,16.192047
1998-10-14,31.5,-25.0,11.100515
1998-10-15,31.5,-25.0,21.600243
1998-10-16,31.5,-25.0,49.895927
1998-10-17,31.5,-25.0,0.6669418
1998-10-18,31.5,-25.0,0.64742166
1998-10-19,31.5,-25.0,0.0
1998-10-20,31.5,-25.0,0.0
1998-10-21,31.5,-25.0,0.15399309
1998-10-22,31.5,-25.0,1.0942186
1998-10-23,31.5,-25.0,1.0280666
1998-10-24,31.5,-25.0,0.36871585
1998-10-25,31.5,-25.0,7.659529
1998-10-26,31.5,-25.0,0.29497266
1998-10-27,31.5,-25.0,0.04120942
1998-10-28,31.5,-25.0,0.0
1998-10-29,31.5,-25.0,0.018435793
1998-10-30,31.5,-25.0,0.024942543
1998-10-31,31.5,-25.0,7.438086
1998-11-01,31.5,-25.0,22.810566
1998-11-02,31.5,-25.0,0.033489697
1998-11-03,31.5,-25.0,8.9719715
1998-11-04,31.5,-25.0,3.558076
1998-11-05,31.5,-25.0,0.102102734
1998-11-06,31.5,-25.0,21.700506
1998-11-07,31.5,-25.0,0.1682653
1998-11-08,31.5,-25.0,7.4200096
1998-11-09,31.5,-25.0,5.667927
1998-11-10,31.5,-25.0,0.31447643
1998-11-11,31.5,-25.0,2.026535
1998-11-12,31.5,-25.0,0.5652407
1998-11-13,31.5,-25.0,0.0
1998-11-14,31.5,-25.0,0.0
1998-11-15,31.5,-25.0,0.09230087
1998-11-16,31.5,-25.0,0.060444817
1998-11-17,31.5,-25.0,27.37987
1998-11-18,31.5,-25.0,21.016008
1998-11-19,31.5,-25.0,6.659548
1998-11-20,31.5,-25.0,1.3395879
1998-11-21,31.5,-25.0,19.546547
1998-11-22,31.5,-25.0,35.608532
1998-11-23,31.5,-25.0,1.2309506
1998-11-24,31.5,-25.0,0.2319774
1998-11-25,31.5,-25.0,7.14474
1998-11-26,31.5,-25.0,8.497396
1998-11-27,31.5,-25.0,3.2117436
1998-11-28,31.5,-25.0,0.12824102
1998-11-29,31.5,-25.0,0.050642952
1998-11-30,31.5,-25.0,0.065733895
1998-12-01,31.5,-25.0,9.283885
1998-12-02,31.5,-25.0,44.51725
1998-12-03,31.5,-25.0,2.2380338
1998-12-04,31.5,-25.0,0.27731487
1998-12-05,31.5,-25.0,0.06676099
1998-12-06,31.5,-25.0,0.13660325
1998-12-07,31.5,-25.0,0.0
1998-12-08,31.5,-25.0,18.93547
1998-12-09,31.5,-25.0,3.7704554
1998-12-10,31.5,-25.0,5.0522656
1998-12-11,31.5,-25.0,2.3160927
1998-12-12,31.5,-25.0,1.6320493
1998-12-13,31.5,-25.0,11.234333
1998-12-14,31.5,-25.0,3.87111
1998-12-15,31.5,-25.0,0.95108724
1998-12-16,31.5,-25.0,12.549011
1998-12-17,31.5,-25.0,0.18179531
1998-12-18,31.5,-25.0,0.39337626
1998-12-19,31.5,-25.0,0.48376036
1998-12-20,31.5,-25.0,17.243849
1998-12-21,31.5,-25.0,1.6371849
1998-12-22,31.5,-25.0,15.798731
1998-12-23,31.5,-25.0,5.3316355
1998-12-24,31.5,-25.0,0.12427814
1998-12-25,31.5,-25.0,0.61420107
1998-12-26,31.5,-25.0,13.971533
1998-12-27,31.5,-25.0,2.63141
1998-12-28,31.5,-25.0,7.0879626
1998-12-29,31.5,-25.0,5.204276
1998-12-30,31.5,-25.0,15.384813
1998-12-31,31.5,-25.0,5.79291
1999-01-01,31.5,-25.0,3.7570217
1999-01-02,31.5,-25.0,4.834546
1999-01-03,31.5,-25.0,1.3218582
1999-01-04,31.5,-25.0,2.023169
1999-01-05,31.5,-25.0,0.33020896
1999-01-06,31.5,-25.0,0.0040892754
1999-01-07,31.5,-25.0,9.572993
1999-01-08,31.5,-25.0,0.39359277
1999-01-09,31.5,-25.0,0.031691883
1999-01-10,31.5,-25.0,1.083658
1999-01-11,31.5,-25.0,17.445871
1999-01-12,31.5,-25.0,30.104225
1999-01-13,31.5,-25.0,3.2019029
1999-01-14,31.5,-25.0,0.6941545
1999-01-15,31.5,-25.0,2.6334934
1999-01-16,31.5,-25.0,1.6469555
1999-01-17,31.5,-25.0,0.022491014
1999-01-18,31.5,-25.0,0.0010223188
1999-01-19,31.5,-25.0,5.763834
1999-01-20,31.5,-25.0,0.40279368
1999-01-21,31.5,-25.0,8.907464
1999-01-22,31.5,-25.0,0.20548609
1999-01-23,31.5,-25.0,1.5713038
1999-01-24,31.5,-25.0,2.7336807
1999-01-25,31.5,-25.0,1.2543852
1999-01-26,31.5,-25.0,1.4803177
1999-01-27,31.5,-25.0,3.7253299
1999-01-28,31.5,-25.0,3.7621331
1999-01-29,31.5,-25.0,8.898264
1999-01-30,31.5,-25.0,12.563276
1999-01-31,31.5,-25.0,6.0564203
1999-02-01,31.5,-25.0,11.719152
1999-02-02,31.5,-25.0,16.062794
1999-02-03,31.5,-25.0,9.704337
1999-02-04,31.5,-25.0,14.190516
1999-02-05,31.5,-25.0,13.051289
1999-02-06,31.5,-25.0,2.5163758
1999-02-07,31.5,-25.0,20.448233
1999-02-08,31.5,-25.0,56.261574
1999-02-09,31.5,-25.0,0.9795432
1999-02-10,31.5,-25.0,0.39653283
1999-02-11,31.5,-25.0,0.03750986
1999-02-12,31.5,-25.0,0.008573683
1999-02-13,31.5,-25.0,0.0064302622
1999-02-14,31.5,-25.0,0.45976377
1999-02-15,31.5,-25.0,0.08037827
1999-02-16,31.5,-25.0,0.17147365
1999-02-17,31.5,-25.0,0.0032151311
1999-02-18,31.5,-25.0,0.0632309
1999-02-19,31.5,-25.0,9.745062
1999-02-20,31.5,-25.0,13.310642
1999-02-21,31.5,-25.0,3.8967385
1999-02-22,31.5,-25.0,9.93154
1999-02-23,31.5,-25.0,7.0357776
1999-02-24,31.5,-25.0,0.7116156
1999-02-25,31.5,-25.0,0.6076597
1999-02-26,31.5,-25.0,0.013932235
1999-02-27,31.5,-25.0,0.2604256
1999-02-28,31.5,-25.0,-6.938894e-15
1999-03-01,31.5,-25.0,0.0009857627
1999-03-02,31.5,-25.0,0.11533424
1999-03-03,31.5,-25.0,0.11040543
1999-03-04,31.5,-25.0,0.0847756
1999-03-05,31.5,-25.0,10.206588
1999-03-06,31.5,-25.0,12.176144
1999-03-07,31.5,-25.0,2.4368055
1999-03-08,31.5,-25.0,0.50372475
1999-03-09,31.5,-25.0,0.29770035
1999-03-10,31.5,-25.0,2.0612302
1999-03-11,31.5,-25.0,0.5894861
1999-03-12,31.5,-25.0,0.06703187
1999-03-13,31.5,-25.0,2.0326428
1999-03-14,31.5,-25.0,1.1622143
1999-03-15,31.5,-25.0,6.429145
1999-03-16,31.5,-25.0,3.246117
1999-03-17,31.5,-25.0,4.384673
1999-03-18,31.5,-25.0,2.7147906
1999-03-19,31.5,-25.0,0.50766784
1999-03-20,31.5,-25.0,0.5086536
1999-03-21,31.5,-25.0,4.654772
1999-03-22,31.5,-25.0,1.575249
1999-03-23,31.5,-25.0,2.1883934
1999-03-24,31.5,-25.0,0.73537904
1999-03-25,31.5,-25.0,0.2888285
1999-03-26,31.5,-25.0,0.0009857627
1999-03-27,31.5,-25.0,0.9157736
1999-03-28,31.5,-25.0,3.66408
1999-03-29,31.5,-25.0,0.5697709
1999-03-30,31.5,-25.0,0.29770035
1999-03-31,31.5,-25.0,1.2105166
1999-04-01,31.5,-25.0,-1.6653347e-13
1999-04-02,31.5,-25.0,-1.6653347e-13
1999-04-03,31.5,-25.0,0.8254014
1999-04-04,31.5,-25.0,1.0404301
1999-04-05,31.5,-25.0,0.14753087
1999-04-06,31.5,-25.0,0.13788831
1999-04-07,31.5,-25.0,0.7337973
1999-04-08,31.5,-25.0,0.12535301
1999-04-09,31.5,-25.0,-1.6653347e-13
1999-04-10,31.5,-25.0,14.990293
1999-04-11,31.5,-25.0,2.7645166
1999-04-12,31.5,-25.0,0.18802953
1999-04-13,31.5,-25.0,0.016392319
1999-04-14,31.5,-25.0,-1.6653347e-13
1999-04-15,31.5,-25.0,-1.6653347e-13
1999-04-16,31.5,-25.0,-1.6653347e-13
1999-04-17,31.5,-25.0,-1.6653347e-13
1999-04-18,31.5,-25.0,-1.6653347e-13
1999-04-19,31.5,-25.0,-1.6653347e-13
1999-04-20,31.5,-25.0,0.063640766
1999-04-21,31.5,-25.0,5.8713427
1999-04-22,31.5,-25.0,3.7432342
1999-04-23,31.5,-25.0,0.008678286
1999-04-24,31.5,-25.0,0.22177841
1999-04-25,31.5,-25.0,0.056890987
1999-04-26,31.5,-25.0,7.816243
1999-04-27,31.5,-25.0,2.2351408
1999-04-28,31.5,-25.0,0.08099734
1999-04-29,31.5,-25.0,1.8426895
1999-04-30,31.5,-25.0,0.54094654
1999-05-01,31.5,-25.0,0.0
1999-05-02,31.5,-25.0,0.0
1999-05-03,31.5,-25.0,0.0
1999-05-04,31.5,-25.0,0.0
1999-05-05,31.5,-25.0,0.894371
1999-05-06,31.5,-25.0,0.0
1999-05-07,31.5,-25.0,0.087738924
1999-05-08,31.5,-25.0,0.0
1999-05-09,31.5,-25.0,0.0
1999-05-10,31.5,-25.0,0.0
1999-05-11,31.5,-25.0,0.0028302881
1999-05-12,31.5,-25.0,0.0
1999-05-13,31.5,-25.0,0.33397394
1999-05-14,31.5,-25.0,0.12924981
1999-05-15,31.5,-25.0,0.9632412
1999-05-16,31.5,-25.0,0.056605756
1999-05-17,31.5,-25.0,4.4784584
1999-05-18,31.5,-25.0,0.5066216
1999-05-19,31.5,-25.0,0.0
1999-05-20,31.5,-25.0,0.0
1999-05-21,31.5,-25.0,1.5528848
1999-05-22,31.5,-25.0,0.0
1999-05-23,31.5,-25.0,2.1727176
1999-05-24,31.5,-25.0,0.0
1999-05-25,31.5,-25.0,0.0
1999-05-26,31.5,-25.0,0.0
1999-05-27,31.5,-25.0,0.0
1999-05-28,31.5,-25.0,0.032076597
1999-05-29,31.5,-25.0,0.0037737177
1999-05-30,31.5,-25.0,0.0
1999-05-31,31.5,-25.0,-6.938894e-15
1999-06-01,31.5,-25.0,-1.6653347e-13
1999-06-02,31.5,-25.0,0.8140867
1999-06-03,31.5,-25.0,1.3718673
1999-06-04,31.5,-25.0,-1.6653347e-13
1999-06-05,31.5,-25.0,-1.6653347e-13
1999-06-06,31.5,-25.0,0.8424484
1999-06-07,31.5,-25.0,-1.6653347e-13
1999-06-08,31.5,-25.0,-1.6653347e-13
1999-06-09,31.5,-25.0,-1.6653347e-13
1999-06-10,31.5,-25.0,-1.6653347e-13
1999-06-11,31.5,-25.0,-1.6653347e-13
1999-06-12,31.5,-25.0,-1.6653347e-13
1999-06-13,31.5,-25.0,-1.6653347e-13
1999-06-14,31.5,-25.0,-1.6653347e-13
1999-06-15,31.5,-25.0,-1.6653347e-13
1999-06-16,31.5,-25.0,-1.6653347e-13
1999-06-17,31.5,-25.0,-1.6653347e-13
1999-06-18,31.5,-25.0,0.027311295
1999-06-19,31.5,-25.0,1.4622047
1999-06-20,31.5,-25.0,-1.6653347e-13
1999-06-21,31.5,-25.0,-1.6653347e-13
1999-06-22,31.5,-25.0,-1.6653347e-13
1999-06-23,31.5,-25.0,-1.6653347e-13
1999-06-24,31.5,-25.0,-1.6653347e-13
1999-06-25,31.5,-25.0,0.22269213
1999-06-26,31.5,-25.0,0.044118248
1999-06-27,31.5,-25.0,0.02836173
1999-06-28,31.5,-25.0,-1.6653347e-13
1999-06-29,31.5,-25.0,-1.6653347e-13
1999-06-30,31.5,-25.0,-1.5959456e-13
1999-07-01,31.5,-25.0,0.0
1999-07-02,31.5,-25.0,0.0007956188
1999-07-03,31.5,-25.0,0.023868565
1999-07-04,31.5,-25.0,0.0
1999-07-05,31.5,-25.0,0.21640827
1999-07-06,31.5,-25.0,1.5952156
1999-07-07,31.5,-25.0,0.023072943
1999-07-08,31.5,-25.0,0.08353997
1999-07-09,31.5,-25.0,0.0
1999-07-10,31.5,-25.0,0.0
1999-07-11,31.5,-25.0,2.0375795
1999-07-12,31.5,-25.0,0.91655284
1999-07-13,31.5,-25.0,0.0
1999-07-14,31.5,-25.0,0.0
1999-07-15,31.5,-25.0,0.0
1999-07-16,31.5,-25.0,0.0
1999-07-17,31.5,-25.0,0.0
1999-07-18,31.5,-25.0,0.039780937
1999-07-19,31.5,-25.0,0.0007956188
1999-07-20,31.5,-25.0,0.0
1999-07-21,31.5,-25.0,0.0
1999-07-22,31.5,-25.0,0.0
1999-07-23,31.5,-25.0,0.0
1999-07-24,31.5,-25.0,2.4942646
1999-07-25,31.5,-25.0,0.7383342
1999-07-26,31.5,-25.0,0.0
1999-07-27,31.5,-25.0,0.0
1999-07-28,31.5,-25.0,0.0
1999-07-29,31.5,-25.0,0.0
1999-07-30,31.5,-25.0,0.0
1999-07-31,31.5,-25.0,0.46305007
1999-08-01,31.5,-25.0,0.0
1999-08-02,31.5,-25.0,0.0
1999-08-03,31.5,-25.0,0.0
1999-08-04,31.5,-25.0,0.0
1999-08-05,31.5,-25.0,0.7686273
1999-08-06,31.5,-25.0,0.0021232795
1999-08-07,31.5,-25.0,0.0
1999-08-08,31.5,-25.0,0.0010616397
1999-08-09,31.5,-25.0,0.96715397
1999-08-10,31.5,-25.0,1.6147544
1999-08-11,31.5,-25.0,3.9429302
1999-08-12,31.5,-25.0,1.2665365
1999-08-13,31.5,-25.0,0.0
1999-08-14,31.5,-25.0,0.0
1999-08-15,31.5,-25.0,0.0
1999-08-16,31.5,-25.0,0.011678038
1999-08-17,31.5,-25.0,0.0
1999-08-18,31.5,-25.0,0.0
1999-08-19,31.5,-25.0,0.00318492
1999-08-20,31.5,-25.0,0.0
1999-08-21,31.5,-25.0,0.0
1999-08-22,31.5,-25.0,0.0
1999-08-23,31.5,-25.0,0.3598959
1999-08-24,31.5,-25.0,16.494698
1999-08-25,31.5,-25.0,0.07749972
1999-08-26,31.5,-25.0,0.007431479
1999-08-27,31.5,-25.0,0.0
1999-08-28,31.5,-25.0,0.0
1999-08-29,31.5,-25.0,0.0
1999-08-30,31.5,-25.0,0.0
1999-08-31,31.5,-25.0,3.469447e-15
1999-09-01,31.5,-25.0,1.1353898
1999-09-02,31.5,-25.0,2.0834987
1999-09-03,31.5,-25.0,0.32523313
1999-09-04,31.5,-25.0,8.3266734e-14
1999-09-05,31.5,-25.0,0.16721497
1999-09-06,31.5,-25.0,8.3266734e-14
1999-09-07,31.5,-25.0,0.039295517
1999-09-08,31.5,-25.0,8.3266734e-14
1999-09-09,31.5,-25.0,8.3266734e-14
1999-09-10,31.5,-25.0,2.2691073
1999-09-11,31.5,-25.0,10.717645
1999-09-12,31.5,-25.0,8.3266734e-14
1999-09-13,31.5,-25.0,0.08277142
1999-09-14,31.5,-25.0,8.3266734e-14
1999-09-15,31.5,-25.0,8.3266734e-14
1999-09-16,31.5,-25.0,8.3266734e-14
1999-09-17,31.5,-25.0,0.33693817
1999-09-18,31.5,-25.0,0.07190244
1999-09-19,31.5,-25.0,0.021737948
1999-09-20,31.5,-25.0,8.3266734e-14
1999-09-21,31.5,-25.0,6.0849533
1999-09-22,31.5,-25.0,3.1428058
1999-09-23,31.5,-25.0,0.7917629
1999-09-24,31.5,-25.0,8.3266734e-14
1999-09-25,31.5,-25.0,8.3266734e-14
1999-09-26,31.5,-25.0,0.051836647
1999-09-27,31.5,-25.0,0.042639814
1999-09-28,31.5,-25.0,22.777187
1999-09-29,31.5,-25.0,0.22574022
1999-09-30,31.5,-25.0,0.13795236
1999-10-01,31.5,-25.0,0.30342254
1999-10-02,31.5,-25.0,0.0962311
1999-10-03,31.5,-25.0,0.19148025
1999-10-04,31.5,-25.0,0.5773866
1999-10-05,31.5,-25.0,0.23174018
1999-10-06,31.5,-25.0,0.4104551
1999-10-07,31.5,-25.0,1.2038707
1999-10-08,31.5,-25.0,0.0
1999-10-09,31.5,-25.0,0.0
1999-10-10,31.5,-25.0,0.0
1999-10-11,31.5,-25.0,0.0
1999-10-12,31.5,-25.0,0.11096035
1999-10-13,31.5,-25.0,0.0
1999-10-14,31.5,-25.0,0.0
1999-10-15,31.5,-25.0,0.0
1999-10-16,31.5,-25.0,0.00098195
1999-10-17,31.5,-25.0,0.0373141
1999-10-18,31.5,-25.0,0.1904983
1999-10-19,31.5,-25.0,0.0923033
1999-10-20,31.5,-25.0,2.0778062
1999-10-21,31.5,-25.0,3.200175
1999-10-22,31.5,-25.0,0.49883062
1999-10-23,31.5,-25.0,0.01865705
1999-10-24,31.5,-25.0,10.584438
1999-10-25,31.5,-25.0,6.6134334
1999-10-26,31.5,-25.0,32.583065
1999-10-27,31.5,-25.0,0.0068736495
1999-10-28,31.5,-25.0,0.06971845
1999-10-29,31.5,-25.0,0.8709896
1999-10-30,31.5,-25.0,0.0058917
1999-10-31,31.5,-25.0,0.044187747
1999-11-01,31.5,-25.0,0.0
1999-11-02,31.5,-25.0,0.0009275379
1999-11-03,31.5,-25.0,0.64834905
1999-11-04,31.5,-25.0,0.0064927647
1999-11-05,31.5,-25.0,0.029681213
1999-11-06,31.5,-25.0,0.31258026
1999-11-07,31.5,-25.0,0.013913068
1999-11-08,31.5,-25.0,2.8475413
1999-11-09,31.5,-25.0,2.0016267
1999-11-10,31.5,-25.0,0.07976826
1999-11-11,31.5,-25.0,0.6084649
1999-11-12,31.5,-25.0,0.084405944
1999-11-13,31.5,-25.0,0.0
1999-11-14,31.5,-25.0,0.093681335
1999-11-15,31.5,-25.0,0.8978568
1999-11-16,31.5,-25.0,0.13913068
1999-11-17,31.5,-25.0,1.2076545
1999-11-18,31.5,-25.0,2.9875996
1999-11-19,31.5,-25.0,12.534745
1999-11-20,31.5,-25.0,3.7277746
1999-11-21,31.5,-25.0,10.959787
1999-11-22,31.5,-25.0,5.6551986
1999-11-23,31.5,-25.0,2.3893373
1999-11-24,31.5,-25.0,22.06149
1999-11-25,31.5,-25.0,4.685921
1999-11-26,31.5,-25.0,0.65669686
1999-11-27,31.5,-25.0,4.176703
1999-11-28,31.5,-25.0,0.05750735
1999-11-29,31.5,-25.0,1.0991324
1999-11-30,31.5,-25.0,1.1288607
1999-12-01,31.5,-25.0,0.007798088
1999-12-02,31.5,-25.0,0.01949522
1999-12-03,31.5,-25.0,0.03899044
1999-12-04,31.5,-25.0,3.5958934
1999-12-05,31.5,-25.0,0.5868061
1999-12-06,31.5,-25.0,3.1280084
1999-12-07,31.5,-25.0,1.3929336
1999-12-08,31.5,-25.0,4.151507
1999-12-09,31.5,-25.0,3.1523771
1999-12-10,31.5,-25.0,0.42792007
1999-12-11,31.5,-25.0,3.3278341
1999-12-12,31.5,-25.0,5.638017
1999-12-13,31.5,-25.0,1.4670153
1999-12-14,31.5,-25.0,0.22809407
1999-12-15,31.5,-25.0,0.014621416
1999-12-16,31.5,-25.0,0.09162754
1999-12-17,31.5,-25.0,0.0
1999-12-18,31.5,-25.0,0.0
1999-12-19,31.5,-25.0,0.11307229
1999-12-20,31.5,-25.0,1.0810099
1999-12-21,31.5,-25.0,2.6084604
1999-12-22,31.5,-25.0,6.005503
1999-12-23,31.5,-25.0,0.63944316
1999-12-24,31.5,-25.0,0.0
1999-12-25,31.5,-25.0,0.15108795
1999-12-26,31.5,-25.0,0.033141874
1999-12-27,31.5,-25.0,0.7798088
1999-12-28,31.5,-25.0,1.9982603
1999-12-29,31.5,-25.0,2.1425247
1999-12-30,31.5,-25.0,1.8052573
1999-12-31,31.5,-25.0,8.023582
2000-01-01,31.5,-25.0,17.619068
2000-01-02,31.5,-25.0,22.16995
2000-01-03,31.5,-25.0,19.719067
2000-01-04,31.5,-25.0,16.141926
2000-01-05,31.5,-25.0,1.299033
2000-01-06,31.5,-25.0,10.73462
2000-01-07,31.5,-25.0,13.320954
2000-01-08,31.5,-25.0,14.218972
2000-01-09,31.5,-25.0,0.13224967
2000-01-10,31.5,-25.0,1.3555592
2000-01-11,31.5,-25.0,1.095326
2000-01-12,31.5,-25.0,0.78496575
2000-01-13,31.5,-25.0,0.0042661186
2000-01-14,31.5,-25.0,0.60578877
2000-01-15,31.5,-25.0,7.6960783
2000-01-16,31.5,-25.0,79.813736
2000-01-17,31.5,-25.0,32.353172
2000-01-18,31.5,-25.0,0.020264061
2000-01-19,31.5,-25.0,0.017064475
2000-01-20,31.5,-25.0,0.0
2000-01-21,31.5,-25.0,0.005332648
2000-01-22,31.5,-25.0,0.21757203
2000-01-23,31.5,-25.0,0.32422498
2000-01-24,31.5,-25.0,0.13971537
2000-01-25,31.5,-25.0,0.0
2000-01-26,31.5,-25.0,15.924353
2000-01-27,31.5,-25.0,12.633044
2000-01-28,31.5,-25.0,2.2909055
2000-01-29,31.5,-25.0,1.0387999
2000-01-30,31.5,-25.0,5.0276203
2000-01-31,31.5,-25.0,2.5118213
2000-02-01,31.5,-25.0,0.050099418
2000-02-02,31.5,-25.0,0.54995495
2000-02-03,31.5,-25.0,0.6740649
2000-02-04,31.5,-25.0,11.505785
2000-02-05,31.5,-25.0,26.050558
2000-02-06,31.5,-25.0,47.43048
2000-02-07,31.5,-25.0,42.526436
2000-02-08,31.5,-25.0,8.902894
2000-02-09,31.5,-25.0,4.578403
2000-02-10,31.5,-25.0,5.2581615
2000-02-11,31.5,-25.0,15.52171
2000-02-12,31.5,-25.0,13.39704
2000-02-13,31.5,-25.0,9.329878
2000-02-14,31.5,-25.0,8.192393
2000-02-15,31.5,-25.0,18.739458
2000-02-16,31.5,-25.0,8.733239
2000-02-17,31.5,-25.0,1.3561001
2000-02-18,31.5,-25.0,2.7474976
2000-02-19,31.5,-25.0,0.5454005
2000-02-20,31.5,-25.0,0.374607
2000-02-21,31.5,-25.0,1.078276
2000-02-22,31.5,-25.0,1.5291708
2000-02-23,31.5,-25.0,6.228268
2000-02-24,31.5,-25.0,12.316484
2000-02-25,31.5,-25.0,4.0580525
2000-02-26,31.5,-25.0,2.313682
2000-02-27,31.5,-25.0,0.50896454
2000-02-28,31.5,-25.0,3.0025487
2000-02-29,31.5,-25.0,0.38914025
2000-03-01,31.5,-25.0,2.3172526
2000-03-02,31.5,-25.0,3.6209457
2000-03-03,31.5,-25.0,0.7272432
2000-03-04,31.5,-25.0,3.2773666
2000-03-05,31.5,-25.0,1.2817423
2000-03-06,31.5,-25.0,1.1080438
2000-03-07,31.5,-25.0,4.0418305
2000-03-08,31.5,-25.0,2.0528872
2000-03-09,31.5,-25.0,2.0691118
2000-03-10,31.5,-25.0,2.2561717
2000-03-11,31.5,-25.0,7.386959
2000-03-12,31.5,-25.0,12.888047
2000-03-13,31.5,-25.0,0.8064574
2000-03-14,31.5,-25.0,2.7390916
2000-03-15,31.5,-25.0,11.84681
2000-03-16,31.5,-25.0,6.0641775
2000-03-17,31.5,-25.0,9.5896845
2000-03-18,31.5,-25.0,18.741306
2000-03-19,31.5,-25.0,4.250841
2000-03-20,31.5,-25.0,5.142239
2000-03-21,31.5,-25.0,0.889489
2000-03-22,31.5,-25.0,0.026722845
2000-03-23,31.5,-25.0,2.7352743
2000-03-24,31.5,-25.0,0.21760033
2000-03-25,31.5,-25.0,0.049628142
2000-03-26,31.5,-25.0,7.539661
2000-03-27,31.5,-25.0,0.0
2000-03-28,31.5,-25.0,6.603407
2000-03-29,31.5,-25.0,4.5218873
2000-03-30,31.5,-25.0,6.873498
2000-03-31,31.5,-25.0,1.108927
2000-04-01,31.5,-25.0,2.0458193
2000-04-02,31.5,-25.0,0.00530005
2000-04-03,31.5,-25.0,0.0
2000-04-04,31.5,-25.0,7.2707863
2000-04-05,31.5,-25.0,10.725534
2000-04-06,31.5,-25.0,1.460164
2000-04-07,31.5,-25.0,0.0
2000-04-08,31.5,-25.0,0.0008833417
2000-04-09,31.5,-25.0,0.08391746
2000-04-10,31.5,-25.0,0.0
2000-04-11,31.5,-25.0,0.0
2000-04-12,31.5,-25.0,0.0
2000-04-13,31.5,-25.0,0.08921753
2000-04-14,31.5,-25.0,0.1333846
2000-04-15,31.5,-25.0,12.214849
2000-04-16,31.5,-25.0,5.1587152
2000-04-17,31.5,-25.0,0.019433517
2000-04-18,31.5,-25.0,0.94252557
2000-04-19,31.5,-25.0,0.03533367
2000-04-20,31.5,-25.0,0.2605858
2000-04-21,31.5,-25.0,0.048583798
2000-04-22,31.5,-25.0,0.0
2000-04-23,31.5,-25.0,0.0
2000-04-24,31.5,-25.0,0.03621701
2000-04-25,31.5,-25.0,0.0008833417
2000-04-26,31.5,-25.0,0.0061833924
2000-04-27,31.5,-25.0,2.0758529
2000-04-28,31.5,-25.0,0.089217514
2000-04-29,31.5,-25.0,0.42135394
2000-04-30,31.5,-25.0,0.00530005
2000-05-01,31.5,-25.0,0.0
2000-05-02,31.5,-25.0,0.0
2000-05-03,31.5,-25.0,0.65193254
2000-05-04,31.5,-25.0,9.192947
2000-05-05,31.5,-25.0,13.3421545
2000-05-06,31.5,-25.0,0.3354507
2000-05-07,31.5,-25.0,0.051914997
2000-05-08,31.5,-25.0,0.0
2000-05-09,31.5,-25.0,0.25957498
2000-05-10,31.5,-25.0,0.0
2000-05-11,31.5,-25.0,1.2389714
2000-05-12,31.5,-25.0,0.040932976
2000-05-13,31.5,-25.0,0.0
2000-05-14,31.5,-25.0,0.0
2000-05-15,31.5,-25.0,0.0
2000-05-16,31.5,-25.0,0.0
2000-05-17,31.5,-25.0,0.0
2000-05-18,31.5,-25.0,0.0
2000-05-19,31.5,-25.0,0.0029950961
2000-05-20,31.5,-25.0,0.0
2000-05-21,31.5,-25.0,0.0
2000-05-22,31.5,-25.0,0.0
2000-05-23,31.5,-25.0,0.5391173
2000-05-24,31.5,-25.0,0.6888721
2000-05-25,31.5,-25.0,0.029950958
2000-05-26,31.5,-25.0,0.12579402
2000-05-27,31.5,-25.0,0.0
2000-05-28,31.5,-25.0,0.0
2000-05-29,31.5,-25.0,0.0
2000-05-30,31.5,-25.0,0.0
2000-05-31,31.5,-25.0,0.0049918266
2000-06-01,31.5,-25.0,0.0
2000-06-02,31.5,-25.0,0.0
2000-06-03,31.5,-25.0,0.099996865
2000-06-04,31.5,-25.0,0.9875795
2000-06-05,31.5,-25.0,0.50971854
2000-06-06,31.5,-25.0,0.06282988
2000-06-07,31.5,-25.0,0.027432766
2000-06-08,31.5,-25.0,0.000884928
2000-06-09,31.5,-25.0,0.09645714
2000-06-10,31.5,-25.0,0.0
2000-06-11,31.5,-25.0,0.0
2000-06-12,31.5,-25.0,0.046016254
2000-06-13,31.5,-25.0,0.011504063
2000-06-14,31.5,-25.0,0.0
2000-06-15,31.5,-25.0,0.0
2000-06-16,31.5,-25.0,0.0
2000-06-17,31.5,-25.0,0.0
2000-06-18,31.5,-25.0,2.9875164
2000-06-19,31.5,-25.0,1.8725076
2000-06-20,31.5,-25.0,1.4247339
2000-06-21,31.5,-25.0,0.0
2000-06-22,31.5,-25.0,0.0
2000-06-23,31.5,-25.0,0.92032504
2000-06-24,31.5,-25.0,0.5743183
2000-06-25,31.5,-25.0,0.0
2000-06-26,31.5,-25.0,0.0
2000-06-27,31.5,-25.0,0.0
2000-06-28,31.5,-25.0,0.0
2000-06-29,31.5,-25.0,0.0
2000-06-30,31.5,-25.0,1.9716192
2000-07-01,31.5,-25.0,0.08056135
2000-07-02,31.5,-25.0,0.28314945
2000-07-03,31.5,-25.0,1.8967457
2000-07-04,31.5,-25.0,0.0
2000-07-05,31.5,-25.0,0.0
2000-07-06,31.5,-25.0,0.14098236
2000-07-07,31.5,-25.0,0.24405348
2000-07-08,31.5,-25.0,0.07463771
2000-07-09,31.5,-25.0,0.0
2000-07-10,31.5,-25.0,0.0
2000-07-11,31.5,-25.0,1.8126302
2000-07-12,31.5,-25.0,0.9939848
2000-07-13,31.5,-25.0,0.0
2000-07-14,31.5,-25.0,0.0
2000-07-15,31.5,-25.0,0.0
2000-07-16,31.5,-25.0,0.0
2000-07-17,31.5,-25.0,0.0
2000-07-18,31.5,-25.0,0.0
2000-07-19,31.5,-25.0,0.0
2000-07-20,31.5,-25.0,0.060421012
2000-07-21,31.5,-25.0,0.0011847257
2000-07-22,31.5,-25.0,0.3684497
2000-07-23,31.5,-25.0,0.84944826
2000-07-24,31.5,-25.0,0.0
2000-07-25,31.5,-25.0,0.011847256
2000-07-26,31.5,-25.0,0.0011847257
2000-07-27,31.5,-25.0,0.0
2000-07-28,31.5,-25.0,0.0
2000-07-29,31.5,-25.0,0.0
2000-07-30,31.5,-25.0,0.0
2000-07-31,31.5,-25.0,0.0
2000-08-01,31.5,-25.0,0.22697836
2000-08-02,31.5,-25.0,0.18767475
2000-08-03,31.5,-25.0,0.0
2000-08-04,31.5,-25.0,0.0019651805
2000-08-05,31.5,-25.0,0.019651806
2000-08-06,31.5,-25.0,0.0
2000-08-07,31.5,-25.0,0.0
2000-08-08,31.5,-25.0,0.0
2000-08-09,31.5,-25.0,0.0
2000-08-10,31.5,-25.0,0.0
2000-08-11,31.5,-25.0,0.0
2000-08-12,31.5,-25.0,0.0
2000-08-13,31.5,-25.0,0.072711684
2000-08-14,31.5,-25.0,0.39008832
2000-08-15,31.5,-25.0,0.3773147
2000-08-16,31.5,-25.0,0.0019651805
2000-08-17,31.5,-25.0,0.0
2000-08-18,31.5,-25.0,0.002947771
2000-08-19,31.5,-25.0,0.051094696
2000-08-20,31.5,-25.0,0.003930361
2000-08-21,31.5,-25.0,0.0
2000-08-22,31.5,-25.0,0.0
2000-08-23,31.5,-25.0,0.012773674
2000-08-24,31.5,-25.0,0.0
2000-08-25,31.5,-25.0,0.009825902
2000-08-26,31.5,-25.0,0.15917963
2000-08-27,31.5,-25.0,0.0
2000-08-28,31.5,-25.0,0.007860722
2000-08-29,31.5,-25.0,0.0
2000-08-30,31.5,-25.0,0.0
2000-08-31,31.5,-25.0,0.0019651805
2000-09-01,31.5,-25.0,0.0
2000-09-02,31.5,-25.0,0.0
2000-09-03,31.5,-25.0,0.0
2000-09-04,31.5,-25.0,0.11634834
2000-09-05,31.5,-25.0,0.005496772
2000-09-06,31.5,-25.0,0.044890307
2000-09-07,31.5,-25.0,0.043974176
2000-09-08,31.5,-25.0,0.14658058
2000-09-09,31.5,-25.0,0.0
2000-09-10,31.5,-25.0,0.0027483858
2000-09-11,31.5,-25.0,0.21529023
2000-09-12,31.5,-25.0,0.052219335
2000-09-13,31.5,-25.0,0.0
2000-09-14,31.5,-25.0,0.2977418
2000-09-15,31.5,-25.0,0.40401274
2000-09-16,31.5,-25.0,0.0018322573
2000-09-17,31.5,-25.0,0.013741929
2000-09-18,31.5,-25.0,2.5669925
2000-09-19,31.5,-25.0,2.9197018
2000-09-20,31.5,-25.0,18.841103
2000-09-21,31.5,-25.0,9.766848
2000-09-22,31.5,-25.0,0.1410838
2000-09-23,31.5,-25.0,0.4287482
2000-09-24,31.5,-25.0,0.44707084
2000-09-25,31.5,-25.0,0.022903215
2000-09-26,31.5,-25.0,0.23544507
2000-09-27,31.5,-25.0,0.024735477
2000-09-28,31.5,-25.0,0.0
2000-09-29,31.5,-25.0,0.1859741
2000-09-30,31.5,-25.0,3.469447e-15
2000-10-01,31.5,-25.0,0.009152409
2000-10-02,31.5,-25.0,0.06223638
2000-10-03,31.5,-25.0,0.064066865
2000-10-04,31.5,-25.0,8.3266734e-14
2000-10-05,31.5,-25.0,0.0036609634
2000-10-06,31.5,-25.0,0.93263054
2000-10-07,31.5,-25.0,1.6913652
2000-10-08,31.5,-25.0,0.1565062
2000-10-09,31.5,-25.0,8.3266734e-14
2000-10-10,31.5,-25.0,0.08420217
2000-10-11,31.5,-25.0,0.39172313
2000-10-12,31.5,-25.0,0.16016717
2000-10-13,31.5,-25.0,8.3266734e-14
2000-10-14,31.5,-25.0,8.3266734e-14
2000-10-15,31.5,-25.0,0.00091524085
2000-10-16,31.5,-25.0,0.0018304817
2000-10-17,31.5,-25.0,0.019220058
2000-10-18,31.5,-25.0,0.041185845
2000-10-19,31.5,-25.0,1.2566259
2000-10-20,31.5,-25.0,0.12630326
2000-10-21,31.5,-25.0,0.3285715
2000-10-22,31.5,-25.0,0.11806609
2000-10-23,31.5,-25.0,0.43016326
2000-10-24,31.5,-25.0,1.5970955
2000-10-25,31.5,-25.0,1.8734982
2000-10-26,31.5,-25.0,21.246407
2000-10-27,31.5,-25.0,1.6080784
2000-10-28,31.5,-25.0,0.5793475
2000-10-29,31.5,-25.0,0.0128133735
2000-10-30,31.5,-25.0,1.9155993
2000-10-31,31.5,-25.0,3.058735
2000-11-01,31.5,-25.0,1.216543
2000-11-02,31.5,-25.0,1.3180134
2000-11-03,31.5,-25.0,10.073153
2000-11-04,31.5,-25.0,0.85036683
2000-11-05,31.5,-25.0,4.3444815
2000-11-06,31.5,-25.0,1.2794105
2000-11-07,31.5,-25.0,1.7823513
2000-11-08,31.5,-25.0,0.06286759
2000-11-09,31.5,-25.0,0.77316093
2000-11-10,31.5,-25.0,3.1930118
2000-11-11,31.5,-25.0,0.26139683
2000-11-12,31.5,-25.0,0.91102856
2000-11-13,31.5,-25.0,1.2529399
2000-11-14,31.5,-25.0,0.04852937
2000-11-15,31.5,-25.0,0.31433797
2000-11-16,31.5,-25.0,4.177937
2000-11-17,31.5,-25.0,2.5511007
2000-11-18,31.5,-25.0,16.132706
2000-11-19,31.5,-25.0,113.78373
2000-11-20,31.5,-25.0,12.125723
2000-11-21,31.5,-25.0,0.9926461
2000-11-22,31.5,-25.0,0.051838182
2000-11-23,31.5,-25.0,-1.6653347e-13
2000-11-24,31.5,-25.0,3.8933787
2000-11-25,31.5,-25.0,0.42132312
2000-11-26,31.5,-25.0,0.2283086
2000-11-27,31.5,-25.0,2.8124974
2000-11-28,31.5,-25.0,0.44007307
2000-11-29,31.5,-25.0,36.10695
2000-11-30,31.5,-25.0,4.2340126
2000-12-01,31.5,-25.0,0.12389636
2000-12-02,31.5,-25.0,0.0
2000-12-03,31.5,-25.0,0.0010680722
2000-12-04,31.5,-25.0,0.79037344
2000-12-05,31.5,-25.0,0.09399035
2000-12-06,31.5,-25.0,0.022429518
2000-12-07,31.5,-25.0,0.22429517
2000-12-08,31.5,-25.0,1.6779413
2000-12-09,31.5,-25.0,0.295856
2000-12-10,31.5,-25.0,0.15059817
2000-12-11,31.5,-25.0,6.8217764
2000-12-12,31.5,-25.0,1.0990463
2000-12-13,31.5,-25.0,0.14418975
2000-12-14,31.5,-25.0,0.010680722
2000-12-15,31.5,-25.0,0.23177165
2000-12-16,31.5,-25.0,0.0
2000-12-17,31.5,-25.0,0.0
2000-12-18,31.5,-25.0,0.0074765054
2000-12-19,31.5,-25.0,0.0021361443
2000-12-20,31.5,-25.0,1.067004
2000-12-21,31.5,-25.0,8.071422
2000-12-22,31.5,-25.0,1.1716752
2000-12-23,31.5,-25.0,0.02456566
2000-12-24,31.5,-25.0,0.6728854
2000-12-25,31.5,-25.0,13.774927
2000-12-26,31.5,-25.0,2.2173178
2000-12-27,31.5,-25.0,0.44111383
2000-12-28,31.5,-25.0,0.0
2000-12-29,31.5,-25.0,0.23818007
2000-12-30,31.5,-25.0,1.2047853
2000-12-31,31.5,-25.0,0.16448312
2001-01-01,31.5,-25.0,36.800613
2001-01-02,31.5,-25.0,0.12596975
2001-01-03,31.5,-25.0,0.0
2001-01-04,31.5,-25.0,0.0
2001-01-05,31.5,-25.0,0.0
2001-01-06,31.5,-25.0,0.0
2001-01-07,31.5,-25.0,0.7044617
2001-01-08,31.5,-25.0,0.30620342
2001-01-09,31.5,-25.0,0.004844991
2001-01-10,31.5,-25.0,0.024224956
2001-01-11,31.5,-25.0,1.6279168
2001-01-12,31.5,-25.0,0.21705557
2001-01-13,31.5,-25.0,0.04651191
2001-01-14,31.5,-25.0,0.0
2001-01-15,31.5,-25.0,0.34883934
2001-01-16,31.5,-25.0,0.8827573
2001-01-17,31.5,-25.0,2.9641654
2001-01-18,31.5,-25.0,0.0
2001-01-19,31.5,-25.0,0.24515656
2001-01-20,31.5,-25.0,0.8740363
2001-01-21,31.5,-25.0,0.7306246
2001-01-22,31.5,-25.0,1.4748151
2001-01-23,31.5,-25.0,0.0
2001-01-24,31.5,-25.0,3.8265738
2001-01-25,31.5,-25.0,0.22965257
2001-01-26,31.5,-25.0,1.0939989
2001-01-27,31.5,-25.0,1.7441967
2001-01-28,31.5,-25.0,0.08236484
2001-01-29,31.5,-25.0,0.005813989
2001-01-30,31.5,-25.0,0.0106589785
2001-01-31,31.5,-25.0,1.3900002
2001-02-01,31.5,-25.0,0.020354578
2001-02-02,31.5,-25.0,0.0035919843
2001-02-03,31.5,-25.0,5.138933
2001-02-04,31.5,-25.0,12.640194
2001-02-05,31.5,-25.0,21.355545
2001-02-06,31.5,-25.0,3.1250262
2001-02-07,31.5,-25.0,1.7325339
2001-02-08,31.5,-25.0,0.9638492
2001-02-09,31.5,-25.0,1.8953705
2001-02-10,31.5,-25.0,1.6259718
2001-02-11,31.5,-25.0,1.4068607
2001-02-12,31.5,-25.0,0.6992396
2001-02-13,31.5,-25.0,0.0
2001-02-14,31.5,-25.0,22.839037
2001-02-15,31.5,-25.0,0.10177289
2001-02-16,31.5,-25.0,0.1616393
2001-02-17,31.5,-25.0,0.38793427
2001-02-18,31.5,-25.0,28.11686
2001-02-19,31.5,-25.0,37.761337
2001-02-20,31.5,-25.0,8.2005005
2001-02-21,31.5,-25.0,11.175861
2001-02-22,31.5,-25.0,0.0383145
2001-02-23,31.5,-25.0,11.980467
2001-02-24,31.5,-25.0,8.103518
2001-02-25,31.5,-25.0,1.0823847
2001-02-26,31.5,-25.0,8.592027
2001-02-27,31.5,-25.0,0.84770834
2001-02-28,31.5,-25.0,5.1197743
2001-03-01,31.5,-25.0,2.7565053
2001-03-02,31.5,-25.0,1.537724
2001-03-03,31.5,-25.0,0.041992467
2001-03-04,31.5,-25.0,1.7776809
2001-03-05,31.5,-25.0,1.036814
2001-03-06,31.5,-25.0,0.78185964
2001-03-07,31.5,-25.0,2.083626
2001-03-08,31.5,-25.0,0.0
2001-03-09,31.5,-25.0,2.071628
2001-03-10,31.5,-25.0,0.0009998205
2001-03-11,31.5,-25.0,0.6148896
2001-03-12,31.5,-25.0,7.453662
2001-03-13,31.5,-25.0,3.999282
2001-03-14,31.5,-25.0,0.75686413
2001-03-15,31.5,-25.0,1.2217808
2001-03-16,31.5,-25.0,3.8003178
2001-03-17,31.5,-25.0,0.038993
2001-03-18,31.5,-25.0,19.130566
2001-03-19,31.5,-25.0,8.026559
2001-03-20,31.5,-25.0,0.012997668
2001-03-21,31.5,-25.0,2.162612
2001-03-22,31.5,-25.0,0.046991564
2001-03-23,31.5,-25.0,3.0974443
2001-03-24,31.5,-25.0,4.159254
2001-03-25,31.5,-25.0,2.8544877
2001-03-26,31.5,-25.0,0.8758428
2001-03-27,31.5,-25.0,2.3275821
2001-03-28,31.5,-25.0,1.8976595
2001-03-29,31.5,-25.0,0.2779501
2001-03-30,31.5,-25.0,0.100981876
2001-03-31,31.5,-25.0,0.019307666
2001-04-01,31.5,-25.0,0.7155225
2001-04-02,31.5,-25.0,0.7032914
2001-04-03,31.5,-25.0,13.946573
2001-04-04,31.5,-25.0,8.459881
2001-04-05,31.5,-25.0,0.7838131
2001-04-06,31.5,-25.0,0.6411163
2001-04-07,31.5,-25.0,0.0
2001-04-08,31.5,-25.0,2.0966237
2001-04-09,31.5,-25.0,0.16410132
2001-04-10,31.5,-25.0,1.9060214
2001-04-11,31.5,-25.0,1.1222084
2001-04-12,31.5,-25.0,1.4269679
2001-04-13,31.5,-25.0,3.8507752
2001-04-14,31.5,-25.0,0.41178215
2001-04-15,31.5,-25.0,0.040770512
2001-04-16,31.5,-25.0,0.0
2001-04-17,31.5,-25.0,0.0020385254
2001-04-18,31.5,-25.0,0.24360381
2001-04-19,31.5,-25.0,0.8031791
2001-04-20,31.5,-25.0,0.11211891
2001-04-21,31.5,-25.0,1.003974
2001-04-22,31.5,-25.0,0.0
2001-04-23,31.5,-25.0,0.0
2001-04-24,31.5,-25.0,0.0
2001-04-25,31.5,-25.0,0.0
2001-04-26,31.5,-25.0,0.05402093
2001-04-27,31.5,-25.0,0.37916577
2001-04-28,31.5,-25.0,0.0
2001-04-29,31.5,-25.0,0.0050963145
2001-04-30,31.5,-25.0,5.3695517
2001-05-01,31.5,-25.0,5.0680695
2001-05-02,31.5,-25.0,5.986991
2001-05-03,31.5,-25.0,0.63099265
2001-05-04,31.5,-25.0,0.0
2001-05-05,31.5,-25.0,0.0
2001-05-06,31.5,-25.0,0.0
2001-05-07,31.5,-25.0,0.0
2001-05-08,31.5,-25.0,0.0
2001-05-09,31.5,-25.0,0.0
2001-05-10,31.5,-25.0,0.0
2001-05-11,31.5,-25.0,0.23104304
2001-05-12,31.5,-25.0,0.6633737
2001-05-13,31.5,-25.0,0.49796784
2001-05-14,31.5,-25.0,0.0735137
2001-05-15,31.5,-25.0,0.0
2001-05-16,31.5,-25.0,0.0
2001-05-17,31.5,-25.0,0.0
2001-05-18,31.5,-25.0,0.0
2001-05-19,31.5,-25.0,0.0
2001-05-20,31.5,-25.0,0.0
2001-05-21,31.5,-25.0,0.0
2001-05-22,31.5,-25.0,0.0026254896
2001-05-23,31.5,-25.0,0.12164767
2001-05-24,31.5,-25.0,0.007001305
2001-05-25,31.5,-25.0,0.0
2001-05-26,31.5,-25.0,0.0
2001-05-27,31.5,-25.0,0.114646375
2001-05-28,31.5,-25.0,0.30280644
2001-05-29,31.5,-25.0,0.005250979
2001-05-30,31.5,-25.0,0.0008751631
2001-05-31,31.5,-25.0,0.0008751631
2001-06-01,31.5,-25.0,0.0
2001-06-02,31.5,-25.0,0.005112147
2001-06-03,31.5,-25.0,0.0
2001-06-04,31.5,-25.0,0.0
2001-06-05,31.5,-25.0,0.0136323925
2001-06-06,31.5,-25.0,0.85117257
2001-06-07,31.5,-25.0,0.012780368
2001-06-08,31.5,-25.0,0.0
2001-06-09,31.5,-25.0,0.0017040491
2001-06-10,31.5,-25.0,0.0
2001-06-11,31.5,-25.0,0.0
2001-06-12,31.5,-25.0,0.0
2001-06-13,31.5,-25.0,0.0034080981
2001-06-14,31.5,-25.0,0.0
2001-06-15,31.5,-25.0,0.0
2001-06-16,31.5,-25.0,0.0
2001-06-17,31.5,-25.0,0.0
2001-06-18,31.5,-25.0,0.0
2001-06-19,31.5,-25.0,0.0
2001-06-20,31.5,-25.0,0.0
2001-06-21,31.5,-25.0,0.0
2001-06-22,31.5,-25.0,0.0
2001-06-23,31.5,-25.0,0.6057894
2001-06-24,31.5,-25.0,1.8011799
2001-06-25,31.5,-25.0,1.0275416
2001-06-26,31.5,-25.0,0.00085202453
2001-06-27,31.5,-25.0,3.0212793
2001-06-28,31.5,-25.0,0.0
2001-06-29,31.5,-25.0,0.0
2001-06-30,31.5,-25.0,0.0
2001-07-01,31.5,-25.0,0.8682163
2001-07-02,31.5,-25.0,0.0008570742
2001-07-03,31.5,-25.0,0.0
2001-07-04,31.5,-25.0,0.0
2001-07-05,31.5,-25.0,0.0
2001-07-06,31.5,-25.0,0.15598752
2001-07-07,31.5,-25.0,0.066851795
2001-07-08,31.5,-25.0,0.06256643
2001-07-09,31.5,-25.0,0.0
2001-07-10,31.5,-25.0,0.0
2001-07-11,31.5,-25.0,0.36511365
2001-07-12,31.5,-25.0,0.0
2001-07-13,31.5,-25.0,0.0
2001-07-14,31.5,-25.0,0.0
2001-07-15,31.5,-25.0,0.0
2001-07-16,31.5,-25.0,0.0
2001-07-17,31.5,-25.0,0.0
2001-07-18,31.5,-25.0,0.0
2001-07-19,31.5,-25.0,0.0
2001-07-20,31.5,-25.0,0.0
2001-07-21,31.5,-25.0,0.0
2001-07-22,31.5,-25.0,0.0
2001-07-23,31.5,-25.0,0.0
2001-07-24,31.5,-25.0,0.0
2001-07-25,31.5,-25.0,0.0
2001-07-26,31.5,-25.0,0.34540093
2001-07-27,31.5,-25.0,0.0
2001-07-28,31.5,-25.0,0.0
2001-07-29,31.5,-25.0,0.055709828
2001-07-30,31.5,-25.0,0.40196782
2001-07-31,31.5,-25.0,0.6391878
2001-08-01,31.5,-25.0,0.006933956
2001-08-02,31.5,-25.0,-1.6653347e-13
2001-08-03,31.5,-25.0,-1.6653347e-13
2001-08-04,31.5,-25.0,-1.6653347e-13
2001-08-05,31.5,-25.0,0.26249975
2001-08-06,31.5,-25.0,0.09113199
2001-08-07,31.5,-25.0,0.5319334
2001-08-08,31.5,-25.0,0.07132068
2001-08-09,31.5,-25.0,-1.6653347e-13
2001-08-10,31.5,-25.0,-1.6653347e-13
2001-08-11,31.5,-25.0,-1.6653347e-13
2001-08-12,31.5,-25.0,0.0009905652
2001-08-13,31.5,-25.0,-1.6653347e-13
2001-08-14,31.5,-25.0,-1.6653347e-13
2001-08-15,31.5,-25.0,0.049528256
2001-08-16,31.5,-25.0,-1.6653347e-13
2001-08-17,31.5,-25.0,0.05249995
2001-08-18,31.5,-25.0,-1.6653347e-13
2001-08-19,31.5,-25.0,0.0009905652
2001-08-20,31.5,-25.0,-1.6653347e-13
2001-08-21,31.5,-25.0,-1.6653347e-13
2001-08-22,31.5,-25.0,0.038632043
2001-08-23,31.5,-25.0,0.03169808
2001-08-24,31.5,-25.0,-1.6653347e-13
2001-08-25,31.5,-25.0,-1.6653347e-13
2001-08-26,31.5,-25.0,-1.6653347e-13
2001-08-27,31.5,-25.0,1.1074517
2001-08-28,31.5,-25.0,0.01783017
2001-08-29,31.5,-25.0,-1.6653347e-13
2001-08-30,31.5,-25.0,0.023773562
2001-08-31,31.5,-25.0,0.0029716955
2001-09-01,31.5,-25.0,0.0040939325
2001-09-02,31.5,-25.0,0.013305279
2001-09-03,31.5,-25.0,-1.6653347e-13
2001-09-04,31.5,-25.0,0.28862223
2001-09-05,31.5,-25.0,-1.6653347e-13
2001-09-06,31.5,-25.0,-1.6653347e-13
2001-09-07,31.5,-25.0,-1.6653347e-13
2001-09-08,31.5,-25.0,0.0030704495
2001-09-09,31.5,-25.0,-1.6653347e-13
2001-09-10,31.5,-25.0,-1.6653347e-13
2001-09-11,31.5,-25.0,0.2517768
2001-09-12,31.5,-25.0,4.155341
2001-09-13,31.5,-25.0,5.983282
2001-09-14,31.5,-25.0,0.5342581
2001-09-15,31.5,-25.0,0.018422697
2001-09-16,31.5,-25.0,-1.6653347e-13
2001-09-17,31.5,-25.0,-1.6653347e-13
2001-09-18,31.5,-25.0,-1.6653347e-13
2001-09-19,31.5,-25.0,0.008187864
2001-09-20,31.5,-25.0,-1.6653347e-13
2001-09-21,31.5,-25.0,0.021493142
2001-09-22,31.5,-25.0,0.17194514
2001-09-23,31.5,-25.0,-1.6653347e-13
2001-09-24,31.5,-25.0,-1.6653347e-13
2001-09-25,31.5,-25.0,0.055268086
2001-09-26,31.5,-25.0,0.041962806
2001-09-27,31.5,-25.0,13.259222
2001-09-28,31.5,-25.0,-1.6653347e-13
2001-09-29,31.5,-25.0,-1.6653347e-13
2001-09-30,31.5,-25.0,-1.5959456e-13
2001-10-01,31.5,-25.0,0.022585142
2001-10-02,31.5,-25.0,0.008212778
2001-10-03,31.5,-25.0,0.0020531944
2001-10-04,31.5,-25.0,0.0
2001-10-05,31.5,-25.0,0.0
2001-10-06,31.5,-25.0,0.50611246
2001-10-07,31.5,-25.0,0.3890804
2001-10-08,31.5,-25.0,1.1672411
2001-10-09,31.5,-25.0,0.09342036
2001-10-10,31.5,-25.0,0.0
2001-10-11,31.5,-25.0,0.0
2001-10-12,31.5,-25.0,0.0030797916
2001-10-13,31.5,-25.0,0.024638336
2001-10-14,31.5,-25.0,0.33980373
2001-10-15,31.5,-25.0,0.0
2001-10-16,31.5,-25.0,0.8910865
2001-10-17,31.5,-25.0,0.12113848
2001-10-18,31.5,-25.0,2.5274825
2001-10-19,31.5,-25.0,5.0251937
2001-10-20,31.5,-25.0,9.339983
2001-10-21,31.5,-25.0,18.891443
2001-10-22,31.5,-25.0,2.71227
2001-10-23,31.5,-25.0,0.015398961
2001-10-24,31.5,-25.0,0.040037293
2001-10-25,31.5,-25.0,2.71227
2001-10-26,31.5,-25.0,0.22277163
2001-10-27,31.5,-25.0,1.1580018
2001-10-28,31.5,-25.0,1.1672411
2001-10-29,31.5,-25.0,0.21045244
2001-10-30,31.5,-25.0,0.0
2001-10-31,31.5,-25.0,12.348248
2001-11-01,31.5,-25.0,12.940142
2001-11-02,31.5,-25.0,1.1216099
2001-11-03,31.5,-25.0,0.10009363
2001-11-04,31.5,-25.0,0.085126355
2001-11-05,31.5,-25.0,0.34985998
2001-11-06,31.5,-25.0,8.3266734e-14
2001-11-07,31.5,-25.0,1.953229
2001-11-08,31.5,-25.0,29.912094
2001-11-09,31.5,-25.0,20.936409
2001-11-10,31.5,-25.0,0.5827881
2001-11-11,31.5,-25.0,17.14501
2001-11-12,31.5,-25.0,5.078583
2001-11-13,31.5,-25.0,0.6145936
2001-11-14,31.5,-25.0,0.26847544
2001-11-15,31.5,-25.0,21.985989
2001-11-16,31.5,-25.0,23.03463
2001-11-17,31.5,-25.0,8.035553
2001-11-18,31.5,-25.0,6.277835
2001-11-19,31.5,-25.0,1.418149
2001-11-20,31.5,-25.0,3.3442502
2001-11-21,31.5,-25.0,19.208622
2001-11-22,31.5,-25.0,0.46304995
2001-11-23,31.5,-25.0,0.0018709089
2001-11-24,31.5,-25.0,12.155294
2001-11-25,31.5,-25.0,1.3760536
2001-11-26,31.5,-25.0,8.355479
2001-11-27,31.5,-25.0,27.216116
2001-11-28,31.5,-25.0,7.164646
2001-11-29,31.5,-25.0,0.89148813
2001-11-30,31.5,-25.0,2.371204
2001-12-01,31.5,-25.0,5.2588625
2001-12-02,31.5,-25.0,10.909289
2001-12-03,31.5,-25.0,0.057883244
2001-12-04,31.5,-25.0,0.09448588
2001-12-05,31.5,-25.0,0.0
2001-12-06,31.5,-25.0,0.8520754
2001-12-07,31.5,-25.0,0.28090394
2001-12-08,31.5,-25.0,1.8275782
2001-12-09,31.5,-25.0,0.061288133
2001-12-10,31.5,-25.0,0.38475332
2001-12-11,31.5,-25.0,19.538147
2001-12-12,31.5,-25.0,11.414916
2001-12-13,31.5,-25.0,3.0618532
2001-12-14,31.5,-25.0,12.885832
2001-12-15,31.5,-25.0,3.0439775
2001-12-16,31.5,-25.0,1.2700264
2001-12-17,31.5,-25.0,1.6190282
2001-12-18,31.5,-25.0,0.09193221
2001-12-19,31.5,-25.0,3.874772
2001-12-20,31.5,-25.0,0.6069228
2001-12-21,31.5,-25.0,0.028941622
2001-12-22,31.5,-25.0,1.6539285
2001-12-23,31.5,-25.0,2.3085198
2001-12-24,31.5,-25.0,0.18726932
2001-12-25,31.5,-25.0,22.780464
2001-12-26,31.5,-25.0,3.9207382
2001-12-27,31.5,-25.0,0.23919399
2001-12-28,31.5,-25.0,0.49626365
2001-12-29,31.5,-25.0,0.020429378
2001-12-30,31.5,-25.0,0.0025536723
2001-12-31,31.5,-25.0,0.040858757
2002-01-01,31.5,-25.0,0.003238124
2002-01-02,31.5,-25.0,0.6913395
2002-01-03,31.5,-25.0,0.06233389
2002-01-04,31.5,-25.0,0.14004886
2002-01-05,31.5,-25.0,0.000809531
2002-01-06,31.5,-25.0,0.012142966
2002-01-07,31.5,-25.0,8.3266734e-14
2002-01-08,31.5,-25.0,0.86943626
2002-01-09,31.5,-25.0,0.0072857784
2002-01-10,31.5,-25.0,0.041286085
2002-01-11,31.5,-25.0,8.3266734e-14
2002-01-12,31.5,-25.0,8.3266734e-14
2002-01-13,31.5,-25.0,0.29385975
2002-01-14,31.5,-25.0,0.05909576
2002-01-15,31.5,-25.0,0.19509697
2002-01-16,31.5,-25.0,0.0024285929
2002-01-17,31.5,-25.0,8.3266734e-14
2002-01-18,31.5,-25.0,0.340003
2002-01-19,31.5,-25.0,0.06314342
2002-01-20,31.5,-25.0,8.3266734e-14
2002-01-21,31.5,-25.0,8.3266734e-14
2002-01-22,31.5,-25.0,0.0024285929
2002-01-23,31.5,-25.0,8.3266734e-14
2002-01-24,31.5,-25.0,3.0365505
2002-01-25,31.5,-25.0,3.640461
2002-01-26,31.5,-25.0,1.7761109
2002-01-27,31.5,-25.0,0.3489079
2002-01-28,31.5,-25.0,0.012952496
2002-01-29,31.5,-25.0,0.000809531
2002-01-30,31.5,-25.0,1.7874444
2002-01-31,31.5,-25.0,4.0301876
2002-02-01,31.5,-25.0,0.342402
2002-02-02,31.5,-25.0,0.0065219435
2002-02-03,31.5,-25.0,0.18804936
2002-02-04,31.5,-25.0,1.6653347e-13
2002-02-05,31.5,-25.0,0.0021739812
2002-02-06,31.5,-25.0,0.052175548
2002-02-07,31.5,-25.0,2.033759
2002-02-08,31.5,-25.0,0.8021991
2002-02-09,31.5,-25.0,0.0010869906
2002-02-10,31.5,-25.0,1.6653347e-13
2002-02-11,31.5,-25.0,0.686978
2002-02-12,31.5,-25.0,0.7228487
2002-02-13,31.5,-25.0,0.20000628
2002-02-14,31.5,-25.0,1.6653347e-13
2002-02-15,31.5,-25.0,1.6653347e-13
2002-02-16,31.5,-25.0,2.0620213
2002-02-17,31.5,-25.0,1.5239607
2002-02-18,31.5,-25.0,1.5239607
2002-02-19,31.5,-25.0,0.16630955
2002-02-20,31.5,-25.0,0.03804467
2002-02-21,31.5,-25.0,1.6653347e-13
2002-02-22,31.5,-25.0,0.16304858
2002-02-23,31.5,-25.0,0.22174606
2002-02-24,31.5,-25.0,0.07826331
2002-02-25,31.5,-25.0,1.6653347e-13
2002-02-26,31.5,-25.0,11.96994
2002-02-27,31.5,-25.0,0.52719045
2002-02-28,31.5,-25.0,0.0043479623
2002-03-01,31.5,-25.0,0.00093856873
2002-03-02,31.5,-25.0,0.17363521
2002-03-03,31.5,-25.0,0.067576945
2002-03-04,31.5,-25.0,3.087891
2002-03-05,31.5,-25.0,1.2051224
2002-03-06,31.5,-25.0,1.6593895
2002-03-07,31.5,-25.0,12.865902
2002-03-08,31.5,-25.0,0.029095631
2002-03-09,31.5,-25.0,0.0028157062
2002-03-10,31.5,-25.0,0.009385687
2002-03-11,31.5,-25.0,8.3266734e-14
2002-03-12,31.5,-25.0,0.66169095
2002-03-13,31.5,-25.0,1.8377175
2002-03-14,31.5,-25.0,0.43925017
2002-03-15,31.5,-25.0,0.15580241
2002-03-16,31.5,-25.0,0.048805576
2002-03-17,31.5,-25.0,8.3266734e-14
2002-03-18,31.5,-25.0,8.3266734e-14
2002-03-19,31.5,-25.0,8.3266734e-14
2002-03-20,31.5,-25.0,0.46928436
2002-03-21,31.5,-25.0,0.030972768
2002-03-22,31.5,-25.0,1.1985523
2002-03-23,31.5,-25.0,5.6698933
2002-03-24,31.5,-25.0,1.2023065
2002-03-25,31.5,-25.0,0.009385687
2002-03-26,31.5,-25.0,0.14641672
2002-03-27,31.5,-25.0,0.0018771375
2002-03-28,31.5,-25.0,0.08353261
2002-03-29,31.5,-25.0,0.033788472
2002-03-30,31.5,-25.0,0.15204814
2002-03-31,31.5,-25.0,7.979728e-14
2002-04-01,31.5,-25.0,0.04119181
2002-04-02,31.5,-25.0,0.0
2002-04-03,31.5,-25.0,0.0
2002-04-04,31.5,-25.0,0.16476724
2002-04-05,31.5,-25.0,0.0
2002-04-06,31.5,-25.0,0.9993133
2002-04-07,31.5,-25.0,0.102979526
2002-04-08,31.5,-25.0,0.04119181
2002-04-09,31.5,-25.0,0.013181378
2002-04-10,31.5,-25.0,2.3866534
2002-04-11,31.5,-25.0,1.332967
2002-04-12,31.5,-25.0,0.17630094
2002-04-13,31.5,-25.0,8.143621
2002-04-14,31.5,-25.0,1.6633251
2002-04-15,31.5,-25.0,1.0141423
2002-04-16,31.5,-25.0,1.1550183
2002-04-17,31.5,-25.0,0.61046267
2002-04-18,31.5,-25.0,0.47288197
2002-04-19,31.5,-25.0,1.020733
2002-04-20,31.5,-25.0,0.029658101
2002-04-21,31.5,-25.0,0.17877246
2002-04-22,31.5,-25.0,0.0
2002-04-23,31.5,-25.0,0.00082383613
2002-04-24,31.5,-25.0,0.0
2002-04-25,31.5,-25.0,0.0
2002-04-26,31.5,-25.0,0.0
2002-04-27,31.5,-25.0,0.0
2002-04-28,31.5,-25.0,0.0
2002-04-29,31.5,-25.0,0.0
2002-04-30,31.5,-25.0,0.427571
2002-05-01,31.5,-25.0,0.005470607
2002-05-02,31.5,-25.0,0.0
2002-05-03,31.5,-25.0,0.41029546
2002-05-04,31.5,-25.0,3.029622
2002-05-05,31.5,-25.0,0.34355408
2002-05-06,31.5,-25.0,0.19803596
2002-05-07,31.5,-25.0,0.0
2002-05-08,31.5,-25.0,0.0
2002-05-09,31.5,-25.0,0.0
2002-05-10,31.5,-25.0,0.0
2002-05-11,31.5,-25.0,0.0
2002-05-12,31.5,-25.0,0.0
2002-05-13,31.5,-25.0,0.0
2002-05-14,31.5,-25.0,0.022976547
2002-05-15,31.5,-25.0,0.030635394
2002-05-16,31.5,-25.0,0.0
2002-05-17,31.5,-25.0,0.0
2002-05-18,31.5,-25.0,0.0
2002-05-19,31.5,-25.0,0.0010941215
2002-05-20,31.5,-25.0,0.006564728
2002-05-21,31.5,-25.0,0.0
2002-05-22,31.5,-25.0,0.0
2002-05-23,31.5,-25.0,0.0
2002-05-24,31.5,-25.0,0.0
2002-05-25,31.5,-25.0,0.0
2002-05-26,31.5,-25.0,0.34136587
2002-05-27,31.5,-25.0,0.02625891
2002-05-28,31.5,-25.0,0.0
2002-05-29,31.5,-25.0,0.0
2002-05-30,31.5,-25.0,2.4377022
2002-05-31,31.5,-25.0,0.0120353345
2002-06-01,31.5,-25.0,0.9440075
2002-06-02,31.5,-25.0,0.030933578
2002-06-03,31.5,-25.0,0.0
2002-06-04,31.5,-25.0,0.0
2002-06-05,31.5,-25.0,0.0
2002-06-06,31.5,-25.0,0.036266956
2002-06-07,31.5,-25.0,0.18026811
2002-06-08,31.5,-25.0,0.13546774
2002-06-09,31.5,-25.0,0.0
2002-06-10,31.5,-25.0,0.0010666751
2002-06-11,31.5,-25.0,0.0
2002-06-12,31.5,-25.0,0.24106859
2002-06-13,31.5,-25.0,0.0
2002-06-14,31.5,-25.0,0.046933707
2002-06-15,31.5,-25.0,0.0
2002-06-16,31.5,-25.0,0.0
2002-06-17,31.5,-25.0,0.0
2002-06-18,31.5,-25.0,0.0
2002-06-19,31.5,-25.0,0.0042667002
2002-06-20,31.5,-25.0,0.0032000253
2002-06-21,31.5,-25.0,0.1973349
2002-06-22,31.5,-25.0,0.0
2002-06-23,31.5,-25.0,0.0
2002-06-24,31.5,-25.0,1.569079
2002-06-25,31.5,-25.0,0.0
2002-06-26,31.5,-25.0,0.0
2002-06-27,31.5,-25.0,0.0
2002-06-28,31.5,-25.0,0.0
2002-06-29,31.5,-25.0,0.0
2002-06-30,31.5,-25.0,6.938894e-15
2002-07-01,31.5,-25.0,1.6653347e-13
2002-07-02,31.5,-25.0,1.6653347e-13
2002-07-03,31.5,-25.0,1.6653347e-13
2002-07-04,31.5,-25.0,1.6653347e-13
2002-07-05,31.5,-25.0,1.6653347e-13
2002-07-06,31.5,-25.0,1.6653347e-13
2002-07-07,31.5,-25.0,1.6653347e-13
2002-07-08,31.5,-25.0,1.6653347e-13
2002-07-09,31.5,-25.0,1.6653347e-13
2002-07-10,31.5,-25.0,1.6653347e-13
2002-07-11,31.5,-25.0,1.6653347e-13
2002-07-12,31.5,-25.0,1.6653347e-13
2002-07-13,31.5,-25.0,1.6653347e-13
2002-07-14,31.5,-25.0,1.6653347e-13
2002-07-15,31.5,-25.0,1.6653347e-13
2002-07-16,31.5,-25.0,0.04363635
2002-07-17,31.5,-25.0,0.018424235
2002-07-18,31.5,-25.0,2.496969
2002-07-19,31.5,-25.0,0.038787864
2002-07-20,31.5,-25.0,1.6653347e-13
2002-07-21,31.5,-25.0,0.0038787867
2002-07-22,31.5,-25.0,1.6653347e-13
2002-07-23,31.5,-25.0,1.6653347e-13
2002-07-24,31.5,-25.0,1.6653347e-13
2002-07-25,31.5,-25.0,1.6653347e-13
2002-07-26,31.5,-25.0,1.6653347e-13
2002-07-27,31.5,-25.0,1.6653347e-13
2002-07-28,31.5,-25.0,1.6653347e-13
2002-07-29,31.5,-25.0,1.6653347e-13
2002-07-30,31.5,-25.0,0.38399988
2002-07-31,31.5,-25.0,0.42666656
2002-08-01,31.5,-25.0,0.0
2002-08-02,31.5,-25.0,0.0
2002-08-03,31.5,-25.0,0.11287129
2002-08-04,31.5,-25.0,1.7145238
2002-08-05,31.5,-25.0,0.17257178
2002-08-06,31.5,-25.0,0.006529744
2002-08-07,31.5,-25.0,0.04290974
2002-08-08,31.5,-25.0,0.011193845
2002-08-09,31.5,-25.0,0.05223795
2002-08-10,31.5,-25.0,0.0009328205
2002-08-11,31.5,-25.0,0.4645446
2002-08-12,31.5,-25.0,0.0
2002-08-13,31.5,-25.0,0.0
2002-08-14,31.5,-25.0,1.9020209
2002-08-15,31.5,-25.0,1.1837492
2002-08-16,31.5,-25.0,0.1324605
2002-08-17,31.5,-25.0,0.4253661
2002-08-18,31.5,-25.0,0.11193845
2002-08-19,31.5,-25.0,0.055036403
2002-08-20,31.5,-25.0,0.06716307
2002-08-21,31.5,-25.0,0.0
2002-08-22,31.5,-25.0,0.0009328205
2002-08-23,31.5,-25.0,0.0
2002-08-24,31.5,-25.0,0.0
2002-08-25,31.5,-25.0,1.8479172
2002-08-26,31.5,-25.0,0.4188364
2002-08-27,31.5,-25.0,0.01958923
2002-08-28,31.5,-25.0,0.006529743
2002-08-29,31.5,-25.0,0.0
2002-08-30,31.5,-25.0,0.0
2002-08-31,31.5,-25.0,0.13152769
2002-09-01,31.5,-25.0,0.00087497407
2002-09-02,31.5,-25.0,0.009624714
2002-09-03,31.5,-25.0,0.00087497407
2002-09-04,31.5,-25.0,0.024499271
2002-09-05,31.5,-25.0,5.786203
2002-09-06,31.5,-25.0,1.3982083
2002-09-07,31.5,-25.0,0.71922857
2002-09-08,31.5,-25.0,0.00087497407
2002-09-09,31.5,-25.0,0.0
2002-09-10,31.5,-25.0,1.7936965
2002-09-11,31.5,-25.0,0.0
2002-09-12,31.5,-25.0,0.0
2002-09-13,31.5,-25.0,0.00087497407
2002-09-14,31.5,-25.0,0.0069997925
2002-09-15,31.5,-25.0,0.00087497407
2002-09-16,31.5,-25.0,0.0
2002-09-17,31.5,-25.0,0.0
2002-09-18,31.5,-25.0,0.0
2002-09-19,31.5,-25.0,0.0
2002-09-20,31.5,-25.0,0.0
2002-09-21,31.5,-25.0,0.0
2002-09-22,31.5,-25.0,0.092747234
2002-09-23,31.5,-25.0,0.60373205
2002-09-24,31.5,-25.0,0.0
2002-09-25,31.5,-25.0,0.0052498435
2002-09-26,31.5,-25.0,0.0
2002-09-27,31.5,-25.0,7.089914
2002-09-28,31.5,-25.0,2.8681645
2002-09-29,31.5,-25.0,0.45061156
2002-09-30,31.5,-25.0,0.013124609
2002-10-01,31.5,-25.0,0.018177047
2002-10-02,31.5,-25.0,0.0009566868
2002-10-03,31.5,-25.0,1.6653347e-13
2002-10-04,31.5,-25.0,0.10332216
2002-10-05,31.5,-25.0,1.6653347e-13
2002-10-06,31.5,-25.0,2.1640253
2002-10-07,31.5,-25.0,2.992516
2002-10-08,31.5,-25.0,3.1867232
2002-10-09,31.5,-25.0,0.29944295
2002-10-10,31.5,-25.0,1.6653347e-13
2002-10-11,31.5,-25.0,1.6653347e-13
2002-10-12,31.5,-25.0,1.6653347e-13
2002-10-13,31.5,-25.0,0.0009566868
2002-10-14,31.5,-25.0,1.6653347e-13
2002-10-15,31.5,-25.0,0.014350302
2002-10-16,31.5,-25.0,1.6653347e-13
2002-10-17,31.5,-25.0,1.6653347e-13
2002-10-18,31.5,-25.0,1.6653347e-13
2002-10-19,31.5,-25.0,0.0784483
2002-10-20,31.5,-25.0,0.11001897
2002-10-21,31.5,-25.0,1.6653347e-13
2002-10-22,31.5,-25.0,1.6653347e-13
2002-10-23,31.5,-25.0,1.6653347e-13
2002-10-24,31.5,-25.0,0.11384572
2002-10-25,31.5,-25.0,0.049747705
2002-10-26,31.5,-25.0,0.024873853
2002-10-27,31.5,-25.0,0.1942074
2002-10-28,31.5,-25.0,0.0019133736
2002-10-29,31.5,-25.0,18.233492
2002-10-30,31.5,-25.0,16.21871
2002-10-31,31.5,-25.0,3.4193137
2002-11-01,31.5,-25.0,0.77567035
2002-11-02,31.5,-25.0,0.11699402
2002-11-03,31.5,-25.0,0.136883
2002-11-04,31.5,-25.0,2.6311953
2002-11-05,31.5,-25.0,10.828967
2002-11-06,31.5,-25.0,0.4129889
2002-11-07,31.5,-25.0,0.0
2002-11-08,31.5,-25.0,0.0
2002-11-09,31.5,-25.0,0.083065756
2002-11-10,31.5,-25.0,0.0035098207
2002-11-11,31.5,-25.0,0.0
2002-11-12,31.5,-25.0,0.07955594
2002-11-13,31.5,-25.0,0.0
2002-11-14,31.5,-25.0,0.41064906
2002-11-15,31.5,-25.0,0.012869343
2002-11-16,31.5,-25.0,0.014039283
2002-11-17,31.5,-25.0,0.17198122
2002-11-18,31.5,-25.0,0.0
2002-11-19,31.5,-25.0,0.04679761
2002-11-20,31.5,-25.0,0.0
2002-11-21,31.5,-25.0,0.3205636
2002-11-22,31.5,-25.0,0.10412468
2002-11-23,31.5,-25.0,10.820776
2002-11-24,31.5,-25.0,2.701392
2002-11-25,31.5,-25.0,0.0
2002-11-26,31.5,-25.0,0.0023398804
2002-11-27,31.5,-25.0,0.0058497014
2002-11-28,31.5,-25.0,0.0
2002-11-29,31.5,-25.0,1.1243125
2002-11-30,31.5,-25.0,0.052647308
2002-12-01,31.5,-25.0,0.0
2002-12-02,31.5,-25.0,0.0
2002-12-03,31.5,-25.0,0.0009413483
2002-12-04,31.5,-25.0,0.9808848
2002-12-05,31.5,-25.0,0.25604674
2002-12-06,31.5,-25.0,2.683784
2002-12-07,31.5,-25.0,1.1211458
2002-12-08,31.5,-25.0,0.002824045
2002-12-09,31.5,-25.0,1.0900812
2002-12-10,31.5,-25.0,1.0354831
2002-12-11,31.5,-25.0,0.019768313
2002-12-12,31.5,-25.0,0.14873302
2002-12-13,31.5,-25.0,0.31817573
2002-12-14,31.5,-25.0,1.4600313
2002-12-15,31.5,-25.0,6.062283
2002-12-16,31.5,-25.0,3.2664785
2002-12-17,31.5,-25.0,0.22309956
2002-12-18,31.5,-25.0,8.404357
2002-12-19,31.5,-25.0,1.4186118
2002-12-20,31.5,-25.0,6.728757
2002-12-21,31.5,-25.0,0.65611976
2002-12-22,31.5,-25.0,0.010354832
2002-12-23,31.5,-25.0,0.0047067413
2002-12-24,31.5,-25.0,1.8215086
2002-12-25,31.5,-25.0,0.03294719
2002-12-26,31.5,-25.0,1.9551805
2002-12-27,31.5,-25.0,11.878874
2002-12-28,31.5,-25.0,6.645919
2002-12-29,31.5,-25.0,13.283365
2002-12-30,31.5,-25.0,3.1017423
2002-12-31,31.5,-25.0,0.21736738
2003-01-01,31.5,-25.0,0.011212095
2003-01-02,31.5,-25.0,0.003737365
2003-01-03,31.5,-25.0,0.0
2003-01-04,31.5,-25.0,0.032390498
2003-01-05,31.5,-25.0,1.2507714
2003-01-06,31.5,-25.0,0.0
2003-01-07,31.5,-25.0,0.9667318
2003-01-08,31.5,-25.0,0.053568892
2003-01-09,31.5,-25.0,24.390043
2003-01-10,31.5,-25.0,4.995611
2003-01-11,31.5,-25.0,0.1283162
2003-01-12,31.5,-25.0,0.041111015
2003-01-13,31.5,-25.0,0.0
2003-01-14,31.5,-25.0,0.8608397
2003-01-15,31.5,-25.0,1.9097933
2003-01-16,31.5,-25.0,2.8254478
2003-01-17,31.5,-25.0,0.60420734
2003-01-18,31.5,-25.0,0.058552053
2003-01-19,31.5,-25.0,0.0
2003-01-20,31.5,-25.0,0.26784447
2003-01-21,31.5,-25.0,0.27531922
2003-01-22,31.5,-25.0,0.0
2003-01-23,31.5,-25.0,2.3370988
2003-01-24,31.5,-25.0,2.2137656
2003-01-25,31.5,-25.0,0.41235593
2003-01-26,31.5,-25.0,0.38868597
2003-01-27,31.5,-25.0,0.9978764
2003-01-28,31.5,-25.0,0.016195249
2003-01-29,31.5,-25.0,0.0
2003-01-30,31.5,-25.0,0.043602593
2003-01-31,31.5,-25.0,0.48552662
2003-02-01,31.5,-25.0,0.046840537
2003-02-02,31.5,-25.0,0.0025549387
2003-02-03,31.5,-25.0,0.0017032924
2003-02-04,31.5,-25.0,0.1030492
2003-02-05,31.5,-25.0,2.1657362
2003-02-06,31.5,-25.0,2.599224
2003-02-07,31.5,-25.0,0.34661996
2003-02-08,31.5,-25.0,0.037472434
2003-02-09,31.5,-25.0,3.1468325
2003-02-10,31.5,-25.0,1.9170556
2003-02-11,31.5,-25.0,0.0
2003-02-12,31.5,-25.0,0.0
2003-02-13,31.5,-25.0,0.0085164625
2003-02-14,31.5,-25.0,0.0
2003-02-15,31.5,-25.0,1.0849972
2003-02-16,31.5,-25.0,1.5491443
2003-02-17,31.5,-25.0,0.30488932
2003-02-18,31.5,-25.0,2.9799101
2003-02-19,31.5,-25.0,0.8388715
2003-02-20,31.5,-25.0,36.963997
2003-02-21,31.5,-25.0,38.26361
2003-02-22,31.5,-25.0,0.047692187
2003-02-23,31.5,-25.0,0.034065846
2003-02-24,31.5,-25.0,0.40027368
2003-02-25,31.5,-25.0,3.4934525
2003-02-26,31.5,-25.0,2.0695002
2003-02-27,31.5,-25.0,0.43433958
2003-02-28,31.5,-25.0,0.0008516462
2003-03-01,31.5,-25.0,0.0
2003-03-02,31.5,-25.0,0.005207641
2003-03-03,31.5,-25.0,1.1456811
2003-03-04,31.5,-25.0,8.096841
2003-03-05,31.5,-25.0,5.5388474
2003-03-06,31.5,-25.0,3.8421974
2003-03-07,31.5,-25.0,1.1342242
2003-03-08,31.5,-25.0,0.005207641
2003-03-09,31.5,-25.0,0.007290698
2003-03-10,31.5,-25.0,1.0363207
2003-03-11,31.5,-25.0,0.14477243
2003-03-12,31.5,-25.0,0.060408637
2003-03-13,31.5,-25.0,0.14893854
2003-03-14,31.5,-25.0,0.0
2003-03-15,31.5,-25.0,0.0
2003-03-16,31.5,-25.0,0.8686346
2003-03-17,31.5,-25.0,1.3039933
2003-03-18,31.5,-25.0,0.38015783
2003-03-19,31.5,-25.0,0.7905201
2003-03-20,31.5,-25.0,1.3133671
2003-03-21,31.5,-25.0,0.027079733
2003-03-22,31.5,-25.0,0.097903654
2003-03-23,31.5,-25.0,0.13435715
2003-03-24,31.5,-25.0,11.740107
2003-03-25,31.5,-25.0,11.642202
2003-03-26,31.5,-25.0,0.09686214
2003-03-27,31.5,-25.0,0.0020830561
2003-03-28,31.5,-25.0,0.0020830561
2003-03-29,31.5,-25.0,0.0052076415
2003-03-30,31.5,-25.0,0.0
2003-03-31,31.5,-25.0,0.24912399
2003-04-01,31.5,-25.0,0.8845226
2003-04-02,31.5,-25.0,0.003962028
2003-04-03,31.5,-25.0,-1.6653347e-13
2003-04-04,31.5,-25.0,0.65274405
2003-04-05,31.5,-25.0,-1.6653347e-13
2003-04-06,31.5,-25.0,0.08914562
2003-04-07,31.5,-25.0,0.07725954
2003-04-08,31.5,-25.0,-1.6653347e-13
2003-04-09,31.5,-25.0,0.0049525346
2003-04-10,31.5,-25.0,0.20305392
2003-04-11,31.5,-25.0,0.26644635
2003-04-12,31.5,-25.0,0.17631023
2003-04-13,31.5,-25.0,0.6151048
2003-04-14,31.5,-25.0,0.01287659
2003-04-15,31.5,-25.0,0.32488626
2003-04-16,31.5,-25.0,0.020800646
2003-04-17,31.5,-25.0,0.042591795
2003-04-18,31.5,-25.0,0.12876591
2003-04-19,31.5,-25.0,0.052496873
2003-04-20,31.5,-25.0,0.0059430418
2003-04-21,31.5,-25.0,0.0029715209
2003-04-22,31.5,-25.0,-1.6653347e-13
2003-04-23,31.5,-25.0,-1.6653347e-13
2003-04-24,31.5,-25.0,0.20305392
2003-04-25,31.5,-25.0,0.5982662
2003-04-26,31.5,-25.0,1.799751
2003-04-27,31.5,-25.0,0.79834855
2003-04-28,31.5,-25.0,-1.6653347e-13
2003-04-29,31.5,-25.0,-1.6653347e-13
2003-04-30,31.5,-25.0,-1.5959456e-13
2003-05-01,31.5,-25.0,0.0020654188
2003-05-02,31.5,-25.0,0.01962148
2003-05-03,31.5,-25.0,0.09191114
2003-05-04,31.5,-25.0,0.079518616
2003-05-05,31.5,-25.0,1.4137791
2003-05-06,31.5,-25.0,3.7105246
2003-05-07,31.5,-25.0,0.030981284
2003-05-08,31.5,-25.0,0.0
2003-05-09,31.5,-25.0,0.0
2003-05-10,31.5,-25.0,0.0
2003-05-11,31.5,-25.0,0.06712611
2003-05-12,31.5,-25.0,0.0041308375
2003-05-13,31.5,-25.0,0.021686897
2003-05-14,31.5,-25.0,0.0051635467
2003-05-15,31.5,-25.0,0.50292945
2003-05-16,31.5,-25.0,0.0
2003-05-17,31.5,-25.0,0.0
2003-05-18,31.5,-25.0,0.06712611
2003-05-19,31.5,-25.0,0.36351365
2003-05-20,31.5,-25.0,0.023752317
2003-05-21,31.5,-25.0,0.0041308375
2003-05-22,31.5,-25.0,0.053700887
2003-05-23,31.5,-25.0,0.03201399
2003-05-24,31.5,-25.0,0.0
2003-05-25,31.5,-25.0,0.0
2003-05-26,31.5,-25.0,0.0
2003-05-27,31.5,-25.0,0.123925135
2003-05-28,31.5,-25.0,3.375927
2003-05-29,31.5,-25.0,0.0
2003-05-30,31.5,-25.0,0.0
2003-05-31,31.5,-25.0,-3.469447e-15
2003-06-01,31.5,-25.0,-8.3266734e-14
2003-06-02,31.5,-25.0,-8.3266734e-14
2003-06-03,31.5,-25.0,0.024636544
2003-06-04,31.5,-25.0,0.24551591
2003-06-05,31.5,-25.0,0.038229123
2003-06-06,31.5,-25.0,-8.3266734e-14
2003-06-07,31.5,-25.0,0.00084953604
2003-06-08,31.5,-25.0,-8.3266734e-14
2003-06-09,31.5,-25.0,1.7330536
2003-06-10,31.5,-25.0,-8.3266734e-14
2003-06-11,31.5,-25.0,-8.3266734e-14
2003-06-12,31.5,-25.0,-8.3266734e-14
2003-06-13,31.5,-25.0,-8.3266734e-14
2003-06-14,31.5,-25.0,-8.3266734e-14
2003-06-15,31.5,-25.0,0.35255748
2003-06-16,31.5,-25.0,0.06626381
2003-06-17,31.5,-25.0,0.047574017
2003-06-18,31.5,-25.0,0.39333516
2003-06-19,31.5,-25.0,0.8682259
2003-06-20,31.5,-25.0,0.022937473
2003-06-21,31.5,-25.0,0.011893504
2003-06-22,31.5,-25.0,0.43071485
2003-06-23,31.5,-25.0,0.1767035
2003-06-24,31.5,-25.0,1.6778337
2003-06-25,31.5,-25.0,0.0016990721
2003-06-26,31.5,-25.0,0.4519532
2003-06-27,31.5,-25.0,0.063715205
2003-06-28,31.5,-25.0,1.4934843
2003-06-29,31.5,-25.0,1.2054917
2003-06-30,31.5,-25.0,-7.979728e-14
2003-07-01,31.5,-25.0,0.0
2003-07-02,31.5,-25.0,0.021856857
2003-07-03,31.5,-25.0,0.011403577
2003-07-04,31.5,-25.0,0.12068786
2003-07-05,31.5,-25.0,0.0047514904
2003-07-06,31.5,-25.0,0.0009502981
2003-07-07,31.5,-25.0,0.0009502981
2003-07-08,31.5,-25.0,0.0
2003-07-09,31.5,-25.0,0.0
2003-07-10,31.5,-25.0,0.0
2003-07-11,31.5,-25.0,0.0028508941
2003-07-12,31.5,-25.0,0.017105367
2003-07-13,31.5,-25.0,0.0
2003-07-14,31.5,-25.0,0.0
2003-07-15,31.5,-25.0,0.0
2003-07-16,31.5,-25.0,0.0
2003-07-17,31.5,-25.0,0.0
2003-07-18,31.5,-25.0,0.0
2003-07-19,31.5,-25.0,0.020906558
2003-07-20,31.5,-25.0,1.0130178
2003-07-21,31.5,-25.0,0.13209143
2003-07-22,31.5,-25.0,0.0
2003-07-23,31.5,-25.0,0.009502981
2003-07-24,31.5,-25.0,0.0
2003-07-25,31.5,-25.0,0.0
2003-07-26,31.5,-25.0,0.0019005962
2003-07-27,31.5,-25.0,0.0
2003-07-28,31.5,-25.0,0.0
2003-07-29,31.5,-25.0,0.020906558
2003-07-30,31.5,-25.0,0.02375745
2003-07-31,31.5,-25.0,0.0
2003-08-01,31.5,-25.0,0.10635865
2003-08-02,31.5,-25.0,0.0010743298
2003-08-03,31.5,-25.0,0.0
2003-08-04,31.5,-25.0,0.0
2003-08-05,31.5,-25.0,0.008594639
2003-08-06,31.5,-25.0,0.407171
2003-08-07,31.5,-25.0,0.0
2003-08-08,31.5,-25.0,0.025783915
2003-08-09,31.5,-25.0,0.37386674
2003-08-10,31.5,-25.0,0.0
2003-08-11,31.5,-25.0,0.026858244
2003-08-12,31.5,-25.0,0.0010743298
2003-08-13,31.5,-25.0,0.0
2003-08-14,31.5,-25.0,0.0
2003-08-15,31.5,-25.0,0.0
2003-08-16,31.5,-25.0,0.0
2003-08-17,31.5,-25.0,0.0
2003-08-18,31.5,-25.0,0.0
2003-08-19,31.5,-25.0,0.0
2003-08-20,31.5,-25.0,0.24064988
2003-08-21,31.5,-25.0,0.0
2003-08-22,31.5,-25.0,0.0
2003-08-23,31.5,-25.0,0.0
2003-08-24,31.5,-25.0,0.0
2003-08-25,31.5,-25.0,0.0
2003-08-26,31.5,-25.0,0.0
2003-08-27,31.5,-25.0,0.0
2003-08-28,31.5,-25.0,0.0
2003-08-29,31.5,-25.0,0.012891958
2003-08-30,31.5,-25.0,0.0
2003-08-31,31.5,-25.0,0.0
2003-09-01,31.5,-25.0,0.0
2003-09-02,31.5,-25.0,0.0
2003-09-03,31.5,-25.0,0.0
2003-09-04,31.5,-25.0,0.0
2003-09-05,31.5,-25.0,11.812514
2003-09-06,31.5,-25.0,0.1324445
2003-09-07,31.5,-25.0,0.021114338
2003-09-08,31.5,-25.0,0.0
2003-09-09,31.5,-25.0,0.0
2003-09-10,31.5,-25.0,0.0086376835
2003-09-11,31.5,-25.0,0.0009597427
2003-09-12,31.5,-25.0,0.8013852
2003-09-13,31.5,-25.0,1.5192728
2003-09-14,31.5,-25.0,0.4357232
2003-09-15,31.5,-25.0,0.0019194854
2003-09-16,31.5,-25.0,0.011516913
2003-09-17,31.5,-25.0,0.0009597427
2003-09-18,31.5,-25.0,0.0
2003-09-19,31.5,-25.0,0.0
2003-09-20,31.5,-25.0,0.0
2003-09-21,31.5,-25.0,4.2583785
2003-09-22,31.5,-25.0,3.8428102
2003-09-23,31.5,-25.0,0.0038389708
2003-09-24,31.5,-25.0,0.0
2003-09-25,31.5,-25.0,0.010557169
2003-09-26,31.5,-25.0,0.0
2003-09-27,31.5,-25.0,0.0
2003-09-28,31.5,-25.0,0.0
2003-09-29,31.5,-25.0,0.009597427
2003-09-30,31.5,-25.0,0.034550734
2003-10-01,31.5,-25.0,8.3266734e-14
2003-10-02,31.5,-25.0,0.0007797564
2003-10-03,31.5,-25.0,0.0023392695
2003-10-04,31.5,-25.0,0.011696346
2003-10-05,31.5,-25.0,8.3266734e-14
2003-10-06,31.5,-25.0,0.08889223
2003-10-07,31.5,-25.0,0.012476102
2003-10-08,31.5,-25.0,0.33685476
2003-10-09,31.5,-25.0,0.11462419
2003-10-10,31.5,-25.0,1.543138
2003-10-11,31.5,-25.0,0.36258677
2003-10-12,31.5,-25.0,0.0101368325
2003-10-13,31.5,-25.0,0.02651172
2003-10-14,31.5,-25.0,0.43900287
2003-10-15,31.5,-25.0,8.3266734e-14
2003-10-16,31.5,-25.0,0.0054582944
2003-10-17,31.5,-25.0,0.8600713
2003-10-18,31.5,-25.0,11.607454
2003-10-19,31.5,-25.0,9.290018
2003-10-20,31.5,-25.0,9.455326
2003-10-21,31.5,-25.0,2.548244
2003-10-22,31.5,-25.0,8.3266734e-14
2003-10-23,31.5,-25.0,0.029630747
2003-10-24,31.5,-25.0,0.007017807
2003-10-25,31.5,-25.0,0.05068417
2003-10-26,31.5,-25.0,2.2589543
2003-10-27,31.5,-25.0,0.1964986
2003-10-28,31.5,-25.0,0.046005625
2003-10-29,31.5,-25.0,0.010136833
2003-10-30,31.5,-25.0,8.3266734e-14
2003-10-31,31.5,-25.0,7.979728e-14
2003-11-01,31.5,-25.0,0.48161578
2003-11-02,31.5,-25.0,2.4178414
2003-11-03,31.5,-25.0,0.09654011
2003-11-04,31.5,-25.0,0.016270803
2003-11-05,31.5,-25.0,1.2495978
2003-11-06,31.5,-25.0,1.179091
2003-11-07,31.5,-25.0,0.032541607
2003-11-08,31.5,-25.0,0.0
2003-11-09,31.5,-25.0,0.0
2003-11-10,31.5,-25.0,0.0010847204
2003-11-11,31.5,-25.0,0.053151295
2003-11-12,31.5,-25.0,7.3923693
2003-11-13,31.5,-25.0,0.45883664
2003-11-14,31.5,-25.0,0.0
2003-11-15,31.5,-25.0,0.4143632
2003-11-16,31.5,-25.0,0.0151860835
2003-11-17,31.5,-25.0,0.0
2003-11-18,31.5,-25.0,0.023863848
2003-11-19,31.5,-25.0,0.23538432
2003-11-20,31.5,-25.0,0.030372167
2003-11-21,31.5,-25.0,0.0
2003-11-22,31.5,-25.0,1.194277
2003-11-23,31.5,-25.0,2.047952
2003-11-24,31.5,-25.0,0.19091079
2003-11-25,31.5,-25.0,3.465681
2003-11-26,31.5,-25.0,0.5076491
2003-11-27,31.5,-25.0,3.7303534
2003-11-28,31.5,-25.0,25.974712
2003-11-29,31.5,-25.0,6.655843
2003-11-30,31.5,-25.0,0.0
2003-12-01,31.5,-25.0,0.004823308
2003-12-02,31.5,-25.0,0.009646615
2003-12-03,31.5,-25.0,0.039792284
2003-12-04,31.5,-25.0,0.9489858
2003-12-05,31.5,-25.0,0.018087404
2003-12-06,31.5,-25.0,0.113347724
2003-12-07,31.5,-25.0,0.0
2003-12-08,31.5,-25.0,0.0
2003-12-09,31.5,-25.0,0.47388995
2003-12-10,31.5,-25.0,0.14831671
2003-12-11,31.5,-25.0,0.010852443
2003-12-12,31.5,-25.0,0.7017912
2003-12-13,31.5,-25.0,0.0
2003-12-14,31.5,-25.0,2.4635043
2003-12-15,31.5,-25.0,0.4883599
2003-12-16,31.5,-25.0,0.010852443
2003-12-17,31.5,-25.0,0.50403565
2003-12-18,31.5,-25.0,0.7271137
2003-12-19,31.5,-25.0,0.0
2003-12-20,31.5,-25.0,1.1744754
2003-12-21,31.5,-25.0,0.689733
2003-12-22,31.5,-25.0,2.2175155
2003-12-23,31.5,-25.0,8.007896
2003-12-24,31.5,-25.0,0.4811249
2003-12-25,31.5,-25.0,0.002411654
2003-12-26,31.5,-25.0,17.379583
2003-12-27,31.5,-25.0,9.324659
2003-12-28,31.5,-25.0,0.001205827
2003-12-29,31.5,-25.0,0.0
2003-12-30,31.5,-25.0,0.0
2003-12-31,31.5,-25.0,3.7616534
2004-01-01,31.5,-25.0,0.34386933
2004-01-02,31.5,-25.0,0.42613912
2004-01-03,31.5,-25.0,3.4756684
2004-01-04,31.5,-25.0,0.44277805
2004-01-05,31.5,-25.0,0.05176528
2004-01-06,31.5,-25.0,8.3266734e-14
2004-01-07,31.5,-25.0,0.07117726
2004-01-08,31.5,-25.0,0.09983304
2004-01-09,31.5,-25.0,1.0926172
2004-01-10,31.5,-25.0,1.7563219
2004-01-11,31.5,-25.0,1.1490043
2004-01-12,31.5,-25.0,0.15529582
2004-01-13,31.5,-25.0,0.0009243799
2004-01-14,31.5,-25.0,0.008319421
2004-01-15,31.5,-25.0,0.19411978
2004-01-16,31.5,-25.0,6.6971326
2004-01-17,31.5,-25.0,0.40672714
2004-01-18,31.5,-25.0,8.3266734e-14
2004-01-19,31.5,-25.0,8.3266734e-14
2004-01-20,31.5,-25.0,1.109256
2004-01-21,31.5,-25.0,6.26175
2004-01-22,31.5,-25.0,43.88309
2004-01-23,31.5,-25.0,49.645676
2004-01-24,31.5,-25.0,0.28840655
2004-01-25,31.5,-25.0,6.7294855
2004-01-26,31.5,-25.0,4.3556786
2004-01-27,31.5,-25.0,0.5629474
2004-01-28,31.5,-25.0,0.16269088
2004-01-29,31.5,-25.0,1.7211955
2004-01-30,31.5,-25.0,0.41504663
2004-01-31,31.5,-25.0,0.0009243799
2004-02-01,31.5,-25.0,0.0020588408
2004-02-02,31.5,-25.0,0.03602972
2004-02-03,31.5,-25.0,1.6653347e-13
2004-02-04,31.5,-25.0,1.6653347e-13
2004-02-05,31.5,-25.0,0.37676787
2004-02-06,31.5,-25.0,0.42926836
2004-02-07,31.5,-25.0,2.9070835
2004-02-08,31.5,-25.0,1.1807452
2004-02-09,31.5,-25.0,0.48588645
2004-02-10,31.5,-25.0,0.21720773
2004-02-11,31.5,-25.0,0.14720714
2004-02-12,31.5,-25.0,11.675687
2004-02-13,31.5,-25.0,3.7707675
2004-02-14,31.5,-25.0,0.09264785
2004-02-15,31.5,-25.0,1.8025153
2004-02-16,31.5,-25.0,16.13102
2004-02-17,31.5,-25.0,1.9394283
2004-02-18,31.5,-25.0,4.2216535
2004-02-19,31.5,-25.0,1.3320702
2004-02-20,31.5,-25.0,0.51162195
2004-02-21,31.5,-25.0,0.027794354
2004-02-22,31.5,-25.0,2.614728
2004-02-23,31.5,-25.0,18.362803
2004-02-24,31.5,-25.0,60.855225
2004-02-25,31.5,-25.0,22.31269
2004-02-26,31.5,-25.0,22.426956
2004-02-27,31.5,-25.0,6.1549053
2004-02-28,31.5,-25.0,1.8879572
2004-02-29,31.5,-25.0,0.3425529
2004-03-01,31.5,-25.0,1.5319566
2004-03-02,31.5,-25.0,0.90426755
2004-03-03,31.5,-25.0,1.5427325
2004-03-04,31.5,-25.0,3.284817
2004-03-05,31.5,-25.0,14.3964405
2004-03-06,31.5,-25.0,6.3316684
2004-03-07,31.5,-25.0,0.05657284
2004-03-08,31.5,-25.0,0.00089798146
2004-03-09,31.5,-25.0,0.004489908
2004-03-10,31.5,-25.0,0.1266154
2004-03-11,31.5,-25.0,2.7110064
2004-03-12,31.5,-25.0,9.509625
2004-03-13,31.5,-25.0,8.126734
2004-03-14,31.5,-25.0,0.6896498
2004-03-15,31.5,-25.0,0.37715226
2004-03-16,31.5,-25.0,0.0
2004-03-17,31.5,-25.0,0.4337251
2004-03-18,31.5,-25.0,0.4031937
2004-03-19,31.5,-25.0,0.004489908
2004-03-20,31.5,-25.0,0.19845392
2004-03-21,31.5,-25.0,1.1341507
2004-03-22,31.5,-25.0,0.0
2004-03-23,31.5,-25.0,24.650494
2004-03-24,31.5,-25.0,25.054585
2004-03-25,31.5,-25.0,3.8173194
2004-03-26,31.5,-25.0,0.00089798146
2004-03-27,31.5,-25.0,0.04849101
2004-03-28,31.5,-25.0,0.5244212
2004-03-29,31.5,-25.0,6.251748
2004-03-30,31.5,-25.0,5.490259
2004-03-31,31.5,-25.0,3.2004066
2004-04-01,31.5,-25.0,0.13239728
2004-04-02,31.5,-25.0,0.00468663
2004-04-03,31.5,-25.0,0.0
2004-04-04,31.5,-25.0,0.0
2004-04-05,31.5,-25.0,0.6537848
2004-04-06,31.5,-25.0,4.9619694
2004-04-07,31.5,-25.0,1.3556075
2004-04-08,31.5,-25.0,0.113650784
2004-04-09,31.5,-25.0,0.008201602
2004-04-10,31.5,-25.0,0.09607591
2004-04-11,31.5,-25.0,3.8910742
2004-04-12,31.5,-25.0,0.0
2004-04-13,31.5,-25.0,0.71471095
2004-04-14,31.5,-25.0,0.9502142
2004-04-15,31.5,-25.0,0.00937326
2004-04-16,31.5,-25.0,0.0
2004-04-17,31.5,-25.0,0.0
2004-04-18,31.5,-25.0,0.0
2004-04-19,31.5,-25.0,0.0
2004-04-20,31.5,-25.0,0.0
2004-04-21,31.5,-25.0,0.0
2004-04-22,31.5,-25.0,0.55067897
2004-04-23,31.5,-25.0,21.31479
2004-04-24,31.5,-25.0,0.24487641
2004-04-25,31.5,-25.0,0.08435934
2004-04-26,31.5,-25.0,1.9941609
2004-04-27,31.5,-25.0,0.24604806
2004-04-28,31.5,-25.0,0.0
2004-04-29,31.5,-25.0,0.0
2004-04-30,31.5,-25.0,0.0
2004-05-01,31.5,-25.0,0.0
2004-05-02,31.5,-25.0,0.9698243
2004-05-03,31.5,-25.0,0.000978632
2004-05-04,31.5,-25.0,0.0
2004-05-05,31.5,-25.0,0.0
2004-05-06,31.5,-25.0,0.0
2004-05-07,31.5,-25.0,0.0
2004-05-08,31.5,-25.0,0.0
2004-05-09,31.5,-25.0,0.001957264
2004-05-10,31.5,-25.0,0.02348717
2004-05-11,31.5,-25.0,0.0
2004-05-12,31.5,-25.0,0.0
2004-05-13,31.5,-25.0,0.11058541
2004-05-14,31.5,-25.0,0.05382476
2004-05-15,31.5,-25.0,0.014679481
2004-05-16,31.5,-25.0,0.35328615
2004-05-17,31.5,-25.0,0.35915792
2004-05-18,31.5,-25.0,0.0
2004-05-19,31.5,-25.0,0.0
2004-05-20,31.5,-25.0,0.015658112
2004-05-21,31.5,-25.0,0.0
2004-05-22,31.5,-25.0,0.000978632
2004-05-23,31.5,-25.0,0.0
2004-05-24,31.5,-25.0,0.0
2004-05-25,31.5,-25.0,0.0
2004-05-26,31.5,-25.0,0.0
2004-05-27,31.5,-25.0,0.001957264
2004-05-28,31.5,-25.0,0.0058717923
2004-05-29,31.5,-25.0,0.000978632
2004-05-30,31.5,-25.0,0.0
2004-05-31,31.5,-25.0,0.0
2004-06-01,31.5,-25.0,0.00090435566
2004-06-02,31.5,-25.0,0.0018087113
2004-06-03,31.5,-25.0,0.0
2004-06-04,31.5,-25.0,0.0
2004-06-05,31.5,-25.0,0.0
2004-06-06,31.5,-25.0,0.0
2004-06-07,31.5,-25.0,0.0
2004-06-08,31.5,-25.0,2.8532417
2004-06-09,31.5,-25.0,0.338229
2004-06-10,31.5,-25.0,0.0
2004-06-11,31.5,-25.0,0.0
2004-06-12,31.5,-25.0,0.0
2004-06-13,31.5,-25.0,0.0
2004-06-14,31.5,-25.0,0.0
2004-06-15,31.5,-25.0,0.11485317
2004-06-16,31.5,-25.0,0.0
2004-06-17,31.5,-25.0,0.0
2004-06-18,31.5,-25.0,0.0
2004-06-19,31.5,-25.0,0.0
2004-06-20,31.5,-25.0,0.072348446
2004-06-21,31.5,-25.0,1.5681527
2004-06-22,31.5,-25.0,0.009043556
2004-06-23,31.5,-25.0,0.0
2004-06-24,31.5,-25.0,0.0
2004-06-25,31.5,-25.0,0.0
2004-06-26,31.5,-25.0,0.05607005
2004-06-27,31.5,-25.0,0.0
2004-06-28,31.5,-25.0,0.0018087113
2004-06-29,31.5,-25.0,0.0018087113
2004-06-30,31.5,-25.0,0.023513246
2004-07-01,31.5,-25.0,0.0008474841
2004-07-02,31.5,-25.0,0.0
2004-07-03,31.5,-25.0,0.0
2004-07-04,31.5,-25.0,0.006779873
2004-07-05,31.5,-25.0,0.0008474841
2004-07-06,31.5,-25.0,0.0
2004-07-07,31.5,-25.0,0.011017293
2004-07-08,31.5,-25.0,0.0
2004-07-09,31.5,-25.0,0.0
2004-07-10,31.5,-25.0,0.0
2004-07-11,31.5,-25.0,0.029661942
2004-07-12,31.5,-25.0,0.005084905
2004-07-13,31.5,-25.0,0.5890014
2004-07-14,31.5,-25.0,0.0
2004-07-15,31.5,-25.0,0.0
2004-07-16,31.5,-25.0,0.0
2004-07-17,31.5,-25.0,0.0
2004-07-18,31.5,-25.0,0.0
2004-07-19,31.5,-25.0,0.0016949682
2004-07-20,31.5,-25.0,0.0
2004-07-21,31.5,-25.0,0.0
2004-07-22,31.5,-25.0,0.0
2004-07-23,31.5,-25.0,0.0
2004-07-24,31.5,-25.0,0.0008474841
2004-07-25,31.5,-25.0,0.011864778
2004-07-26,31.5,-25.0,0.52544016
2004-07-27,31.5,-25.0,21.728647
2004-07-28,31.5,-25.0,22.906647
2004-07-29,31.5,-25.0,0.0
2004-07-30,31.5,-25.0,0.0
2004-07-31,31.5,-25.0,0.011339895
2004-08-01,31.5,-25.0,14.807954
2004-08-02,31.5,-25.0,0.07969401
2004-08-03,31.5,-25.0,0.029254764
2004-08-04,31.5,-25.0,0.0
2004-08-05,31.5,-25.0,0.0
2004-08-06,31.5,-25.0,0.0
2004-08-07,31.5,-25.0,0.0
2004-08-08,31.5,-25.0,0.0
2004-08-09,31.5,-25.0,0.008070279
2004-08-10,31.5,-25.0,0.0
2004-08-11,31.5,-25.0,0.016140558
2004-08-12,31.5,-25.0,0.0010087849
2004-08-13,31.5,-25.0,0.0
2004-08-14,31.5,-25.0,0.0
2004-08-15,31.5,-25.0,0.0
2004-08-16,31.5,-25.0,0.01412299
2004-08-17,31.5,-25.0,1.9862977
2004-08-18,31.5,-25.0,2.8508265
2004-08-19,31.5,-25.0,0.0040351395
2004-08-20,31.5,-25.0,0.0
2004-08-21,31.5,-25.0,0.0
2004-08-22,31.5,-25.0,0.0
2004-08-23,31.5,-25.0,0.0
2004-08-24,31.5,-25.0,0.0
2004-08-25,31.5,-25.0,0.07061494
2004-08-26,31.5,-25.0,1.0945318
2004-08-27,31.5,-25.0,1.3336138
2004-08-28,31.5,-25.0,0.23000295
2004-08-29,31.5,-25.0,0.24816108
2004-08-30,31.5,-25.0,0.0
2004-08-31,31.5,-25.0,6.938894e-15
2004-09-01,31.5,-25.0,1.6653347e-13
2004-09-02,31.5,-25.0,1.0581052
2004-09-03,31.5,-25.0,0.75324416
2004-09-04,31.5,-25.0,0.013857318
2004-09-05,31.5,-25.0,0.0039592334
2004-09-06,31.5,-25.0,0.9264606
2004-09-07,31.5,-25.0,0.449373
2004-09-08,31.5,-25.0,1.6653347e-13
2004-09-09,31.5,-25.0,0.14253241
2004-09-10,31.5,-25.0,3.7830477
2004-09-11,31.5,-25.0,0.0009898085
2004-09-12,31.5,-25.0,0.024745207
2004-09-13,31.5,-25.0,0.010887892
2004-09-14,31.5,-25.0,0.061368123
2004-09-15,31.5,-25.0,1.6653347e-13
2004-09-16,31.5,-25.0,1.6653347e-13
2004-09-17,31.5,-25.0,0.001979617
2004-09-18,31.5,-25.0,1.6653347e-13
2004-09-19,31.5,-25.0,0.31079984
2004-09-20,31.5,-25.0,0.035633102
2004-09-21,31.5,-25.0,0.0029694254
2004-09-22,31.5,-25.0,1.6653347e-13
2004-09-23,31.5,-25.0,1.6653347e-13
2004-09-24,31.5,-25.0,1.6653347e-13
2004-09-25,31.5,-25.0,1.6653347e-13
2004-09-26,31.5,-25.0,1.6653347e-13
2004-09-27,31.5,-25.0,1.6653347e-13
2004-09-28,31.5,-25.0,1.6653347e-13
2004-09-29,31.5,-25.0,1.6653347e-13
2004-09-30,31.5,-25.0,1.5612513e-13
2004-10-01,31.5,-25.0,-8.3266734e-14
2004-10-02,31.5,-25.0,0.17276041
2004-10-03,31.5,-25.0,-8.3266734e-14
2004-10-04,31.5,-25.0,-8.3266734e-14
2004-10-05,31.5,-25.0,-8.3266734e-14
2004-10-06,31.5,-25.0,-8.3266734e-14
2004-10-07,31.5,-25.0,-8.3266734e-14
2004-10-08,31.5,-25.0,-8.3266734e-14
2004-10-09,31.5,-25.0,0.00085950457
2004-10-10,31.5,-25.0,0.24323979
2004-10-11,31.5,-25.0,0.11431411
2004-10-12,31.5,-25.0,0.575868
2004-10-13,31.5,-25.0,1.4602982
2004-10-14,31.5,-25.0,0.34638035
2004-10-15,31.5,-25.0,0.033520676
2004-10-16,31.5,-25.0,0.004297523
2004-10-17,31.5,-25.0,0.00945455
2004-10-18,31.5,-25.0,0.10228105
2004-10-19,31.5,-25.0,0.46928954
2004-10-20,31.5,-25.0,0.7108103
2004-10-21,31.5,-25.0,-8.3266734e-14
2004-10-22,31.5,-25.0,0.97553766
2004-10-23,31.5,-25.0,0.3592729
2004-10-24,31.5,-25.0,0.11173558
2004-10-25,31.5,-25.0,0.24839683
2004-10-26,31.5,-25.0,4.0723324
2004-10-27,31.5,-25.0,6.0723996
2004-10-28,31.5,-25.0,2.0430424
2004-10-29,31.5,-25.0,1.0915709
2004-10-30,31.5,-25.0,0.29395056
2004-10-31,31.5,-25.0,-7.979728e-14
2004-11-01,31.5,-25.0,0.0
2004-11-02,31.5,-25.0,0.0
2004-11-03,31.5,-25.0,0.0
2004-11-04,31.5,-25.0,0.0018936107
2004-11-05,31.5,-25.0,0.0028404167
2004-11-06,31.5,-25.0,3.2967763
2004-11-07,31.5,-25.0,0.1041486
2004-11-08,31.5,-25.0,0.0
2004-11-09,31.5,-25.0,0.057755128
2004-11-10,31.5,-25.0,0.76407206
2004-11-11,31.5,-25.0,2.4976728
2004-11-12,31.5,-25.0,0.588913
2004-11-13,31.5,-25.0,0.21871209
2004-11-14,31.5,-25.0,13.275161
2004-11-15,31.5,-25.0,2.0432062
2004-11-16,31.5,-25.0,0.3257011
2004-11-17,31.5,-25.0,0.07290402
2004-11-18,31.5,-25.0,0.0
2004-11-19,31.5,-25.0,0.0
2004-11-20,31.5,-25.0,1.0689434
2004-11-21,31.5,-25.0,1.4968996
2004-11-22,31.5,-25.0,10.038033
2004-11-23,31.5,-25.0,1.9721959
2004-11-24,31.5,-25.0,0.8710611
2004-11-25,31.5,-25.0,0.005680833
2004-11-26,31.5,-25.0,0.47529632
2004-11-27,31.5,-25.0,2.1871207
2004-11-28,31.5,-25.0,0.056808326
2004-11-29,31.5,-25.0,0.0
2004-11-30,31.5,-25.0,4.04854
2004-12-01,31.5,-25.0,0.013825942
2004-12-02,31.5,-25.0,17.219223
2004-12-03,31.5,-25.0,3.1147876
2004-12-04,31.5,-25.0,3.358716
2004-12-05,31.5,-25.0,0.14714754
2004-12-06,31.5,-25.0,0.13924699
2004-12-07,31.5,-25.0,3.6312847
2004-12-08,31.5,-25.0,19.183495
2004-12-09,31.5,-25.0,20.268831
2004-12-10,31.5,-25.0,0.12640862
2004-12-11,31.5,-25.0,0.7762279
2004-12-12,31.5,-25.0,0.0019751347
2004-12-13,31.5,-25.0,0.0
2004-12-14,31.5,-25.0,10.226259
2004-12-15,31.5,-25.0,0.75943923
2004-12-16,31.5,-25.0,1.3124769
2004-12-17,31.5,-25.0,0.0
2004-12-18,31.5,-25.0,5.3002734
2004-12-19,31.5,-25.0,3.9877968
2004-12-20,31.5,-25.0,2.412627
2004-12-21,31.5,-25.0,0.10468213
2004-12-22,31.5,-25.0,0.013825941
2004-12-23,31.5,-25.0,6.7016315
2004-12-24,31.5,-25.0,2.5410109
2004-12-25,31.5,-25.0,0.002962702
2004-12-26,31.5,-25.0,0.0
2004-12-27,31.5,-25.0,0.028639449
2004-12-28,31.5,-25.0,0.2775064
2004-12-29,31.5,-25.0,0.037527557
2004-12-30,31.5,-25.0,0.002962702
2004-12-31,31.5,-25.0,0.30464214
2005-01-01,31.5,-25.0,1.0331694
2005-01-02,31.5,-25.0,0.018591737
2005-01-03,31.5,-25.0,0.3753761
2005-01-04,31.5,-25.0,0.19388527
2005-01-05,31.5,-25.0,1.8104813
2005-01-06,31.5,-25.0,1.8476647
2005-01-07,31.5,-25.0,0.0
2005-01-08,31.5,-25.0,0.81449515
2005-01-09,31.5,-25.0,3.7847464
2005-01-10,31.5,-25.0,0.7011741
2005-01-11,31.5,-25.0,0.0008853209
2005-01-12,31.5,-25.0,3.4660313
2005-01-13,31.5,-25.0,2.8799489
2005-01-14,31.5,-25.0,0.01062385
2005-01-15,31.5,-25.0,2.6524212
2005-01-16,31.5,-25.0,5.734223
2005-01-17,31.5,-25.0,1.0110365
2005-01-18,31.5,-25.0,4.55232
2005-01-19,31.5,-25.0,0.921619
2005-01-20,31.5,-25.0,0.30632102
2005-01-21,31.5,-25.0,0.33111
2005-01-22,31.5,-25.0,19.215004
2005-01-23,31.5,-25.0,4.8692646
2005-01-24,31.5,-25.0,0.30809167
2005-01-25,31.5,-25.0,14.730852
2005-01-26,31.5,-25.0,9.570318
2005-01-27,31.5,-25.0,0.93047225
2005-01-28,31.5,-25.0,0.0026559625
2005-01-29,31.5,-25.0,2.003481
2005-01-30,31.5,-25.0,0.04515136
2005-01-31,31.5,-25.0,0.028330268
2005-02-01,31.5,-25.0,0.030745298
2005-02-02,31.5,-25.0,0.30168822
2005-02-03,31.5,-25.0,0.0048039528
2005-02-04,31.5,-25.0,0.028823717
2005-02-05,31.5,-25.0,0.08743194
2005-02-06,31.5,-25.0,0.0019215811
2005-02-07,31.5,-25.0,0.00096079055
2005-02-08,31.5,-25.0,0.0019215811
2005-02-09,31.5,-25.0,0.019215811
2005-02-10,31.5,-25.0,0.29111955
2005-02-11,31.5,-25.0,2.7545865
2005-02-12,31.5,-25.0,20.770369
2005-02-13,31.5,-25.0,0.06245138
2005-02-14,31.5,-25.0,0.076863244
2005-02-15,31.5,-25.0,0.20368758
2005-02-16,31.5,-25.0,0.6389257
2005-02-17,31.5,-25.0,0.002882372
2005-02-18,31.5,-25.0,0.17102072
2005-02-19,31.5,-25.0,0.0403532
2005-02-20,31.5,-25.0,0.6312394
2005-02-21,31.5,-25.0,2.6440954
2005-02-22,31.5,-25.0,1.1846547
2005-02-23,31.5,-25.0,0.05380427
2005-02-24,31.5,-25.0,0.0
2005-02-25,31.5,-25.0,1.022281
2005-02-26,31.5,-25.0,1.1673605
2005-02-27,31.5,-25.0,1.5718534
2005-02-28,31.5,-25.0,0.11541611
2005-03-01,31.5,-25.0,0.36579254
2005-03-02,31.5,-25.0,3.6911795
2005-03-03,31.5,-25.0,4.8504786
2005-03-04,31.5,-25.0,0.27864447
2005-03-05,31.5,-25.0,1.6653347e-13
2005-03-06,31.5,-25.0,0.017200278
2005-03-07,31.5,-25.0,0.003440056
2005-03-08,31.5,-25.0,1.6653347e-13
2005-03-09,31.5,-25.0,0.15021576
2005-03-10,31.5,-25.0,9.508313
2005-03-11,31.5,-25.0,5.3389664
2005-03-12,31.5,-25.0,0.0011466853
2005-03-13,31.5,-25.0,0.06306769
2005-03-14,31.5,-25.0,0.34859228
2005-03-15,31.5,-25.0,4.175081
2005-03-16,31.5,-25.0,1.7773621
2005-03-17,31.5,-25.0,1.325568
2005-03-18,31.5,-25.0,0.4965147
2005-03-19,31.5,-25.0,1.413863
2005-03-20,31.5,-25.0,0.21787018
2005-03-21,31.5,-25.0,0.4036332
2005-03-22,31.5,-25.0,3.4113886
2005-03-23,31.5,-25.0,1.835843
2005-03-24,31.5,-25.0,0.07338786
2005-03-25,31.5,-25.0,0.0022933707
2005-03-26,31.5,-25.0,1.6653347e-13
2005-03-27,31.5,-25.0,0.048160776
2005-03-28,31.5,-25.0,2.5559614
2005-03-29,31.5,-25.0,2.2073689
2005-03-30,31.5,-25.0,0.016053595
2005-03-31,31.5,-25.0,1.6512268
2005-04-01,31.5,-25.0,0.000969493
2005-04-02,31.5,-25.0,0.548733
2005-04-03,31.5,-25.0,0.6427738
2005-04-04,31.5,-25.0,0.15899685
2005-04-05,31.5,-25.0,0.6796146
2005-04-06,31.5,-25.0,1.2128358
2005-04-07,31.5,-25.0,0.59526867
2005-04-08,31.5,-25.0,2.9685874
2005-04-09,31.5,-25.0,0.011633916
2005-04-10,31.5,-25.0,0.011633917
2005-04-11,31.5,-25.0,1.6653347e-13
2005-04-12,31.5,-25.0,1.6653347e-13
2005-04-13,31.5,-25.0,0.03490175
2005-04-14,31.5,-25.0,0.22880034
2005-04-15,31.5,-25.0,0.60593307
2005-04-16,31.5,-25.0,0.008725436
2005-04-17,31.5,-25.0,1.6653347e-13
2005-04-18,31.5,-25.0,0.21425796
2005-04-19,31.5,-25.0,1.6653347e-13
2005-04-20,31.5,-25.0,1.9079622
2005-04-21,31.5,-25.0,0.6660416
2005-04-22,31.5,-25.0,0.15705785
2005-04-23,31.5,-25.0,2.049508
2005-04-24,31.5,-25.0,0.06592552
2005-04-25,31.5,-25.0,3.1295235
2005-04-26,31.5,-25.0,2.8638823
2005-04-27,31.5,-25.0,0.6641027
2005-04-28,31.5,-25.0,0.110522196
2005-04-29,31.5,-25.0,0.041688196
2005-04-30,31.5,-25.0,0.004903347
2005-05-01,31.5,-25.0,-1.6653347e-13
2005-05-02,31.5,-25.0,0.3710454
2005-05-03,31.5,-25.0,1.034339
2005-05-04,31.5,-25.0,-1.6653347e-13
2005-05-05,31.5,-25.0,-1.6653347e-13
2005-05-06,31.5,-25.0,-1.6653347e-13
2005-05-07,31.5,-25.0,0.025933284
2005-05-08,31.5,-25.0,0.024935849
2005-05-09,31.5,-25.0,0.17255606
2005-05-10,31.5,-25.0,0.099743396
2005-05-11,31.5,-25.0,-1.6653347e-13
2005-05-12,31.5,-25.0,-1.6653347e-13
2005-05-13,31.5,-25.0,-1.6653347e-13
2005-05-14,31.5,-25.0,0.3760326
2005-05-15,31.5,-25.0,0.2703046
2005-05-16,31.5,-25.0,-1.6653347e-13
2005-05-17,31.5,-25.0,-1.6653347e-13
2005-05-18,31.5,-25.0,-1.6653347e-13
2005-05-19,31.5,-25.0,-1.6653347e-13
2005-05-20,31.5,-25.0,3.0760865
2005-05-21,31.5,-25.0,0.4388709
2005-05-22,31.5,-25.0,0.02992302
2005-05-23,31.5,-25.0,-1.6653347e-13
2005-05-24,31.5,-25.0,0.0029923022
2005-05-25,31.5,-25.0,-1.6653347e-13
2005-05-26,31.5,-25.0,0.0009974341
2005-05-27,31.5,-25.0,-1.6653347e-13
2005-05-28,31.5,-25.0,0.0029923022
2005-05-29,31.5,-25.0,-1.6653347e-13
2005-05-30,31.5,-25.0,-1.6653347e-13
2005-05-31,31.5,-25.0,-1.5959456e-13
2005-06-01,31.5,-25.0,0.0
2005-06-02,31.5,-25.0,0.0
2005-06-03,31.5,-25.0,0.0
2005-06-04,31.5,-25.0,0.0
2005-06-05,31.5,-25.0,0.0
2005-06-06,31.5,-25.0,0.0
2005-06-07,31.5,-25.0,0.0
2005-06-08,31.5,-25.0,0.0
2005-06-09,31.5,-25.0,0.09130267
2005-06-10,31.5,-25.0,0.43654087
2005-06-11,31.5,-25.0,0.0
2005-06-12,31.5,-25.0,0.0
2005-06-13,31.5,-25.0,0.0
2005-06-14,31.5,-25.0,0.0009510695
2005-06-15,31.5,-25.0,0.03233636
2005-06-16,31.5,-25.0,0.0
2005-06-17,31.5,-25.0,0.0
2005-06-18,31.5,-25.0,0.0
2005-06-19,31.5,-25.0,0.0
2005-06-20,31.5,-25.0,0.0
2005-06-21,31.5,-25.0,1.1565003
2005-06-22,31.5,-25.0,1.370491
2005-06-23,31.5,-25.0,0.5173818
2005-06-24,31.5,-25.0,0.053259894
2005-06-25,31.5,-25.0,0.0
2005-06-26,31.5,-25.0,0.0
2005-06-27,31.5,-25.0,0.006657486
2005-06-28,31.5,-25.0,0.009510694
2005-06-29,31.5,-25.0,0.0
2005-06-30,31.5,-25.0,0.0
2005-07-01,31.5,-25.0,0.0009978997
2005-07-02,31.5,-25.0,0.0019957994
2005-07-03,31.5,-25.0,0.0
2005-07-04,31.5,-25.0,0.0
2005-07-05,31.5,-25.0,0.0
2005-07-06,31.5,-25.0,0.24747911
2005-07-07,31.5,-25.0,0.48198554
2005-07-08,31.5,-25.0,0.81628186
2005-07-09,31.5,-25.0,0.058876082
2005-07-10,31.5,-25.0,0.0
2005-07-11,31.5,-25.0,0.0
2005-07-12,31.5,-25.0,0.0
2005-07-13,31.5,-25.0,0.0
2005-07-14,31.5,-25.0,0.0
2005-07-15,31.5,-25.0,0.025945392
2005-07-16,31.5,-25.0,0.0
2005-07-17,31.5,-25.0,0.0
2005-07-18,31.5,-25.0,0.0
2005-07-19,31.5,-25.0,0.0
2005-07-20,31.5,-25.0,0.0
2005-07-21,31.5,-25.0,0.0
2005-07-22,31.5,-25.0,0.010976895
2005-07-23,31.5,-25.0,0.02494749
2005-07-24,31.5,-25.0,0.0
2005-07-25,31.5,-25.0,0.0
2005-07-26,31.5,-25.0,0.0
2005-07-27,31.5,-25.0,0.18760511
2005-07-28,31.5,-25.0,0.0029936987
2005-07-29,31.5,-25.0,0.0
2005-07-30,31.5,-25.0,0.0
2005-07-31,31.5,-25.0,6.938894e-15
2005-08-01,31.5,-25.0,0.010518111
2005-08-02,31.5,-25.0,1.6653347e-13
2005-08-03,31.5,-25.0,0.019123837
2005-08-04,31.5,-25.0,0.08127631
2005-08-05,31.5,-25.0,1.6653347e-13
2005-08-06,31.5,-25.0,1.6653347e-13
2005-08-07,31.5,-25.0,1.6653347e-13
2005-08-08,31.5,-25.0,1.6653347e-13
2005-08-09,31.5,-25.0,1.7412255
2005-08-10,31.5,-25.0,6.682825
2005-08-11,31.5,-25.0,0.047809593
2005-08-12,31.5,-25.0,0.37387103
2005-08-13,31.5,-25.0,1.6653347e-13
2005-08-14,31.5,-25.0,1.6653347e-13
2005-08-15,31.5,-25.0,0.015299072
2005-08-16,31.5,-25.0,0.2715585
2005-08-17,31.5,-25.0,0.038247675
2005-08-18,31.5,-25.0,0.017211452
2005-08-19,31.5,-25.0,0.0057371515
2005-08-20,31.5,-25.0,1.6653347e-13
2005-08-21,31.5,-25.0,0.034422908
2005-08-22,31.5,-25.0,0.001912384
2005-08-23,31.5,-25.0,0.06788962
2005-08-24,31.5,-25.0,0.001912384
2005-08-25,31.5,-25.0,1.6653347e-13
2005-08-26,31.5,-25.0,1.6653347e-13
2005-08-27,31.5,-25.0,0.003824768
2005-08-28,31.5,-25.0,0.19506316
2005-08-29,31.5,-25.0,0.10040015
2005-08-30,31.5,-25.0,1.6653347e-13
2005-08-31,31.5,-25.0,1.5959456e-13
2005-09-01,31.5,-25.0,0.0
2005-09-02,31.5,-25.0,0.027669227
2005-09-03,31.5,-25.0,0.0069173067
2005-09-04,31.5,-25.0,0.0
2005-09-05,31.5,-25.0,0.0
2005-09-06,31.5,-25.0,0.8727337
2005-09-07,31.5,-25.0,0.97995186
2005-09-08,31.5,-25.0,0.020751921
2005-09-09,31.5,-25.0,0.0
2005-09-10,31.5,-25.0,0.0
2005-09-11,31.5,-25.0,0.0
2005-09-12,31.5,-25.0,0.0
2005-09-13,31.5,-25.0,0.002305769
2005-09-14,31.5,-25.0,0.01959904
2005-09-15,31.5,-25.0,0.0
2005-09-16,31.5,-25.0,0.0
2005-09-17,31.5,-25.0,0.0
2005-09-18,31.5,-25.0,0.009223076
2005-09-19,31.5,-25.0,0.005764423
2005-09-20,31.5,-25.0,0.0
2005-09-21,31.5,-25.0,0.0
2005-09-22,31.5,-25.0,0.01268173
2005-09-23,31.5,-25.0,0.10837115
2005-09-24,31.5,-25.0,0.0
2005-09-25,31.5,-25.0,0.0
2005-09-26,31.5,-25.0,0.0011528844
2005-09-27,31.5,-25.0,0.54877305
2005-09-28,31.5,-25.0,0.11298269
2005-09-29,31.5,-25.0,0.0
2005-09-30,31.5,-25.0,0.0
2005-10-01,31.5,-25.0,0.0
2005-10-02,31.5,-25.0,0.0
2005-10-03,31.5,-25.0,0.0
2005-10-04,31.5,-25.0,0.0
2005-10-05,31.5,-25.0,0.04792893
2005-10-06,31.5,-25.0,0.38055566
2005-10-07,31.5,-25.0,0.9480341
2005-10-08,31.5,-25.0,0.46970344
2005-10-09,31.5,-25.0,0.043136034
2005-10-10,31.5,-25.0,0.025881618
2005-10-11,31.5,-25.0,0.0
2005-10-12,31.5,-25.0,0.28757355
2005-10-13,31.5,-25.0,0.11215369
2005-10-14,31.5,-25.0,0.0019171573
2005-10-15,31.5,-25.0,0.028757356
2005-10-16,31.5,-25.0,0.0019171573
2005-10-17,31.5,-25.0,0.786993
2005-10-18,31.5,-25.0,0.07476913
2005-10-19,31.5,-25.0,0.00095857866
2005-10-20,31.5,-25.0,0.93461406
2005-10-21,31.5,-25.0,0.44765615
2005-10-22,31.5,-25.0,0.00095857866
2005-10-23,31.5,-25.0,0.0
2005-10-24,31.5,-25.0,0.0
2005-10-25,31.5,-25.0,0.3134552
2005-10-26,31.5,-25.0,0.49846083
2005-10-27,31.5,-25.0,0.23293461
2005-10-28,31.5,-25.0,0.0028757355
2005-10-29,31.5,-25.0,0.6489576
2005-10-30,31.5,-25.0,0.053680398
2005-10-31,31.5,-25.0,0.06614192
2005-11-01,31.5,-25.0,0.0
2005-11-02,31.5,-25.0,0.0
2005-11-03,31.5,-25.0,0.260664
2005-11-04,31.5,-25.0,0.043443996
2005-11-05,31.5,-25.0,0.22808097
2005-11-06,31.5,-25.0,16.563023
2005-11-07,31.5,-25.0,2.0566783
2005-11-08,31.5,-25.0,0.0
2005-11-09,31.5,-25.0,0.0019747273
2005-11-10,31.5,-25.0,0.8037139
2005-11-11,31.5,-25.0,0.3416278
2005-11-12,31.5,-25.0,0.048380807
2005-11-13,31.5,-25.0,0.20240954
2005-11-14,31.5,-25.0,5.5124507
2005-11-15,31.5,-25.0,0.0
2005-11-16,31.5,-25.0,0.5124417
2005-11-17,31.5,-25.0,0.02764618
2005-11-18,31.5,-25.0,0.04640609
2005-11-19,31.5,-25.0,13.740151
2005-11-20,31.5,-25.0,10.638842
2005-11-21,31.5,-25.0,0.05035554
2005-11-22,31.5,-25.0,6.5521445
2005-11-23,31.5,-25.0,0.98538876
2005-11-24,31.5,-25.0,0.10959734
2005-11-25,31.5,-25.0,0.64672315
2005-11-26,31.5,-25.0,12.041885
2005-11-27,31.5,-25.0,18.550585
2005-11-28,31.5,-25.0,0.69510394
2005-11-29,31.5,-25.0,0.13724352
2005-11-30,31.5,-25.0,1.8760318
2005-12-01,31.5,-25.0,29.710402
2005-12-02,31.5,-25.0,0.010548526
2005-12-03,31.5,-25.0,2.8346767
2005-12-04,31.5,-25.0,5.1572704
2005-12-05,31.5,-25.0,0.0009589569
2005-12-06,31.5,-25.0,16.052938
2005-12-07,31.5,-25.0,0.10932109
2005-12-08,31.5,-25.0,7.6649427
2005-12-09,31.5,-25.0,4.40353
2005-12-10,31.5,-25.0,3.9998095
2005-12-11,31.5,-25.0,1.1756811
2005-12-12,31.5,-25.0,3.469506
2005-12-13,31.5,-25.0,0.34810135
2005-12-14,31.5,-25.0,0.0009589569
2005-12-15,31.5,-25.0,0.0
2005-12-16,31.5,-25.0,0.0
2005-12-17,31.5,-25.0,1.467204
2005-12-18,31.5,-25.0,11.028005
2005-12-19,31.5,-25.0,0.015343311
2005-12-20,31.5,-25.0,5.1294603
2005-12-21,31.5,-25.0,0.7383969
2005-12-22,31.5,-25.0,0.0
2005-12-23,31.5,-25.0,0.0
2005-12-24,31.5,-25.0,15.281939
2005-12-25,31.5,-25.0,10.532225
2005-12-26,31.5,-25.0,0.513042
2005-12-27,31.5,-25.0,0.08918299
2005-12-28,31.5,-25.0,28.73706
2005-12-29,31.5,-25.0,14.941507
2005-12-30,31.5,-25.0,0.82757986
2005-12-31,31.5,-25.0,0.119869605
2006-01-01,31.5,-25.0,0.017010512
2006-01-02,31.5,-25.0,1.8975224
2006-01-03,31.5,-25.0,3.1324859
2006-01-04,31.5,-25.0,2.449514
2006-01-05,31.5,-25.0,1.0631571
2006-01-06,31.5,-25.0,1.6338598
2006-01-07,31.5,-25.0,33.379726
2006-01-08,31.5,-25.0,34.22515
2006-01-09,31.5,-25.0,27.304424
2006-01-10,31.5,-25.0,0.6914773
2006-01-11,31.5,-25.0,1.1601169
2006-01-12,31.5,-25.0,0.46608806
2006-01-13,31.5,-25.0,3.012562
2006-01-14,31.5,-25.0,3.2064815
2006-01-15,31.5,-25.0,19.603765
2006-01-16,31.5,-25.0,3.1682076
2006-01-17,31.5,-25.0,5.379575
2006-01-18,31.5,-25.0,0.82245827
2006-01-19,31.5,-25.0,7.3459897
2006-01-20,31.5,-25.0,0.398046
2006-01-21,31.5,-25.0,0.30448818
2006-01-22,31.5,-25.0,-8.3266734e-14
2006-01-23,31.5,-25.0,6.533738
2006-01-24,31.5,-25.0,2.1475773
2006-01-25,31.5,-25.0,-8.3266734e-14
2006-01-26,31.5,-25.0,4.8352385
2006-01-27,31.5,-25.0,4.204999
2006-01-28,31.5,-25.0,0.1692546
2006-01-29,31.5,-25.0,2.0208488
2006-01-30,31.5,-25.0,11.858879
2006-01-31,31.5,-25.0,1.6424235
2006-02-01,31.5,-25.0,1.3882897
2006-02-02,31.5,-25.0,0.27689672
2006-02-03,31.5,-25.0,0.010466887
2006-02-04,31.5,-25.0,0.0
2006-02-05,31.5,-25.0,2.242768
2006-02-06,31.5,-25.0,2.2408652
2006-02-07,31.5,-25.0,4.629218
2006-02-08,31.5,-25.0,10.164298
2006-02-09,31.5,-25.0,10.957878
2006-02-10,31.5,-25.0,4.103019
2006-02-11,31.5,-25.0,0.26738137
2006-02-12,31.5,-25.0,0.1275057
2006-02-13,31.5,-25.0,21.340076
2006-02-14,31.5,-25.0,13.205404
2006-02-15,31.5,-25.0,5.8547955
2006-02-16,31.5,-25.0,2.861266
2006-02-17,31.5,-25.0,0.035206802
2006-02-18,31.5,-25.0,0.037109867
2006-02-19,31.5,-25.0,0.0
2006-02-20,31.5,-25.0,0.0
2006-02-21,31.5,-25.0,7.069906
2006-02-22,31.5,-25.0,11.210985
2006-02-23,31.5,-25.0,0.1570033
2006-02-24,31.5,-25.0,0.7621796
2006-02-25,31.5,-25.0,0.41486934
2006-02-26,31.5,-25.0,4.2381372
2006-02-27,31.5,-25.0,10.534445
2006-02-28,31.5,-25.0,19.59151
2006-03-01,31.5,-25.0,5.3553896
2006-03-02,31.5,-25.0,11.472887
2006-03-03,31.5,-25.0,52.879086
2006-03-04,31.5,-25.0,1.4528819
2006-03-05,31.5,-25.0,3.7410772
2006-03-06,31.5,-25.0,12.243439
2006-03-07,31.5,-25.0,0.0009385542
2006-03-08,31.5,-25.0,0.063821696
2006-03-09,31.5,-25.0,1.0474265
2006-03-10,31.5,-25.0,0.18207951
2006-03-11,31.5,-25.0,8.3266734e-14
2006-03-12,31.5,-25.0,8.3266734e-14
2006-03-13,31.5,-25.0,2.5857167
2006-03-14,31.5,-25.0,0.015016867
2006-03-15,31.5,-25.0,0.0037542167
2006-03-16,31.5,-25.0,4.89456
2006-03-17,31.5,-25.0,1.8789854
2006-03-18,31.5,-25.0,0.13233614
2006-03-19,31.5,-25.0,0.012201204
2006-03-20,31.5,-25.0,22.010035
2006-03-21,31.5,-25.0,1.6086819
2006-03-22,31.5,-25.0,15.110722
2006-03-23,31.5,-25.0,0.06663735
2006-03-24,31.5,-25.0,0.17363252
2006-03-25,31.5,-25.0,0.011262651
2006-03-26,31.5,-25.0,8.3266734e-14
2006-03-27,31.5,-25.0,4.6552286
2006-03-28,31.5,-25.0,42.325043
2006-03-29,31.5,-25.0,4.017012
2006-03-30,31.5,-25.0,0.0065698796
2006-03-31,31.5,-25.0,7.979728e-14
2006-04-01,31.5,-25.0,0.095939465
2006-04-02,31.5,-25.0,0.03004165
2006-04-03,31.5,-25.0,0.49714088
2006-04-04,31.5,-25.0,0.032948907
2006-04-05,31.5,-25.0,0.014536282
2006-04-06,31.5,-25.0,0.45062476
2006-04-07,31.5,-25.0,0.0
2006-04-08,31.5,-25.0,0.5727295
2006-04-09,31.5,-25.0,0.010659941
2006-04-10,31.5,-25.0,0.6434728
2006-04-11,31.5,-25.0,1.1280156
2006-04-12,31.5,-25.0,1.7230339
2006-04-13,31.5,-25.0,0.07074324
2006-04-14,31.5,-25.0,0.0
2006-04-15,31.5,-25.0,0.28394204
2006-04-16,31.5,-25.0,0.19284801
2006-04-17,31.5,-25.0,0.0029072564
2006-04-18,31.5,-25.0,0.21610607
2006-04-19,31.5,-25.0,0.0
2006-04-20,31.5,-25.0,0.001938171
2006-04-21,31.5,-25.0,0.1269502
2006-04-22,31.5,-25.0,0.0
2006-04-23,31.5,-25.0,15.489862
2006-04-24,31.5,-25.0,0.011629026
2006-04-25,31.5,-25.0,0.0
2006-04-26,31.5,-25.0,0.28394204
2006-04-27,31.5,-25.0,0.10272306
2006-04-28,31.5,-25.0,0.024227137
2006-04-29,31.5,-25.0,0.0
2006-04-30,31.5,-25.0,1.7711381
2006-05-01,31.5,-25.0,0.5502763
2006-05-02,31.5,-25.0,0.2423315
2006-05-03,31.5,-25.0,0.0
2006-05-04,31.5,-25.0,0.0
2006-05-05,31.5,-25.0,0.0
2006-05-06,31.5,-25.0,0.6806278
2006-05-07,31.5,-25.0,0.07611134
2006-05-08,31.5,-25.0,0.0
2006-05-09,31.5,-25.0,0.0
2006-05-10,31.5,-25.0,0.0
2006-05-11,31.5,-25.0,0.0
2006-05-12,31.5,-25.0,0.0
2006-05-13,31.5,-25.0,0.0
2006-05-14,31.5,-25.0,0.0
2006-05-15,31.5,-25.0,0.0
2006-05-16,31.5,-25.0,0.001749686
2006-05-17,31.5,-25.0,0.0026245292
2006-05-18,31.5,-25.0,0.030619506
2006-05-19,31.5,-25.0,0.0
2006-05-20,31.5,-25.0,0.0
2006-05-21,31.5,-25.0,0.0
2006-05-22,31.5,-25.0,0.0061239004
2006-05-23,31.5,-25.0,0.0
2006-05-24,31.5,-25.0,0.21958557
2006-05-25,31.5,-25.0,0.0
2006-05-26,31.5,-25.0,0.0
2006-05-27,31.5,-25.0,0.0
2006-05-28,31.5,-25.0,0.003499372
2006-05-29,31.5,-25.0,0.101481795
2006-05-30,31.5,-25.0,0.0
2006-05-31,31.5,-25.0,0.0
2006-06-01,31.5,-25.0,0.0
2006-06-02,31.5,-25.0,0.0
2006-06-03,31.5,-25.0,0.020851344
2006-06-04,31.5,-25.0,0.0
2006-06-05,31.5,-25.0,0.0
2006-06-06,31.5,-25.0,0.0
2006-06-07,31.5,-25.0,0.0
2006-06-08,31.5,-25.0,1.8206517
2006-06-09,31.5,-25.0,0.10535416
2006-06-10,31.5,-25.0,0.0
2006-06-11,31.5,-25.0,0.0
2006-06-12,31.5,-25.0,0.0
2006-06-13,31.5,-25.0,0.0
2006-06-14,31.5,-25.0,0.0
2006-06-15,31.5,-25.0,0.47189885
2006-06-16,31.5,-25.0,0.0307283
2006-06-17,31.5,-25.0,0.0
2006-06-18,31.5,-25.0,0.0
2006-06-19,31.5,-25.0,0.0
2006-06-20,31.5,-25.0,2.9773529
2006-06-21,31.5,-25.0,0.0
2006-06-22,31.5,-25.0,0.0
2006-06-23,31.5,-25.0,0.0
2006-06-24,31.5,-25.0,0.0
2006-06-25,31.5,-25.0,0.0
2006-06-26,31.5,-25.0,0.0
2006-06-27,31.5,-25.0,0.0
2006-06-28,31.5,-25.0,0.0
2006-06-29,31.5,-25.0,0.0
2006-06-30,31.5,-25.0,0.453009
2006-07-01,31.5,-25.0,0.22216406
2006-07-02,31.5,-25.0,1.6653347e-13
2006-07-03,31.5,-25.0,1.6653347e-13
2006-07-04,31.5,-25.0,1.6653347e-13
2006-07-05,31.5,-25.0,0.0009830269
2006-07-06,31.5,-25.0,1.6653347e-13
2006-07-07,31.5,-25.0,1.6653347e-13
2006-07-08,31.5,-25.0,1.6653347e-13
2006-07-09,31.5,-25.0,1.6653347e-13
2006-07-10,31.5,-25.0,1.6653347e-13
2006-07-11,31.5,-25.0,1.6653347e-13
2006-07-12,31.5,-25.0,1.6653347e-13
2006-07-13,31.5,-25.0,1.6653347e-13
2006-07-14,31.5,-25.0,1.6653347e-13
2006-07-15,31.5,-25.0,1.6653347e-13
2006-07-16,31.5,-25.0,1.6653347e-13
2006-07-17,31.5,-25.0,1.6653347e-13
2006-07-18,31.5,-25.0,0.023592647
2006-07-19,31.5,-25.0,0.03440594
2006-07-20,31.5,-25.0,1.6653347e-13
2006-07-21,31.5,-25.0,1.6653347e-13
2006-07-22,31.5,-25.0,0.07372702
2006-07-23,31.5,-25.0,1.6653347e-13
2006-07-24,31.5,-25.0,1.6653347e-13
2006-07-25,31.5,-25.0,1.6653347e-13
2006-07-26,31.5,-25.0,1.6653347e-13
2006-07-27,31.5,-25.0,1.6653347e-13
2006-07-28,31.5,-25.0,1.6653347e-13
2006-07-29,31.5,-25.0,1.6653347e-13
2006-07-30,31.5,-25.0,1.6653347e-13
2006-07-31,31.5,-25.0,1.6653347e-13
2006-08-01,31.5,-25.0,10.742273
2006-08-02,31.5,-25.0,4.982475
2006-08-03,31.5,-25.0,1.6653347e-13
2006-08-04,31.5,-25.0,1.6653347e-13
2006-08-05,31.5,-25.0,0.035657026
2006-08-06,31.5,-25.0,1.6653347e-13
2006-08-07,31.5,-25.0,1.6653347e-13
2006-08-08,31.5,-25.0,1.6653347e-13
2006-08-09,31.5,-25.0,1.6653347e-13
2006-08-10,31.5,-25.0,0.023771351
2006-08-11,31.5,-25.0,1.6653347e-13
2006-08-12,31.5,-25.0,1.6653347e-13
2006-08-13,31.5,-25.0,0.0047542704
2006-08-14,31.5,-25.0,1.6653347e-13
2006-08-15,31.5,-25.0,0.6762949
2006-08-16,31.5,-25.0,0.3221018
2006-08-17,31.5,-25.0,1.6653347e-13
2006-08-18,31.5,-25.0,1.6653347e-13
2006-08-19,31.5,-25.0,1.6653347e-13
2006-08-20,31.5,-25.0,0.95798546
2006-08-21,31.5,-25.0,1.179059
2006-08-22,31.5,-25.0,1.6653347e-13
2006-08-23,31.5,-25.0,0.5930952
2006-08-24,31.5,-25.0,0.66678643
2006-08-25,31.5,-25.0,2.7598538
2006-08-26,31.5,-25.0,1.6653347e-13
2006-08-27,31.5,-25.0,1.6653347e-13
2006-08-28,31.5,-25.0,1.6653347e-13
2006-08-29,31.5,-25.0,0.007131405
2006-08-30,31.5,-25.0,0.051108405
2006-08-31,31.5,-25.0,1.5959456e-13
2006-09-01,31.5,-25.0,0.0
2006-09-02,31.5,-25.0,0.0
2006-09-03,31.5,-25.0,0.016313152
2006-09-04,31.5,-25.0,0.3903504
2006-09-05,31.5,-25.0,0.046609007
2006-09-06,31.5,-25.0,0.1200182
2006-09-07,31.5,-25.0,0.93101496
2006-09-08,31.5,-25.0,0.85877097
2006-09-09,31.5,-25.0,0.0
2006-09-10,31.5,-25.0,0.0
2006-09-11,31.5,-25.0,0.0
2006-09-12,31.5,-25.0,0.0
2006-09-13,31.5,-25.0,0.0
2006-09-14,31.5,-25.0,0.0
2006-09-15,31.5,-25.0,0.0
2006-09-16,31.5,-25.0,0.0
2006-09-17,31.5,-25.0,22.984066
2006-09-18,31.5,-25.0,4.1493664
2006-09-19,31.5,-25.0,0.0
2006-09-20,31.5,-25.0,0.6536913
2006-09-21,31.5,-25.0,0.72477007
2006-09-22,31.5,-25.0,0.018643603
2006-09-23,31.5,-25.0,0.0
2006-09-24,31.5,-25.0,0.04544378
2006-09-25,31.5,-25.0,0.0
2006-09-26,31.5,-25.0,0.05360036
2006-09-27,31.5,-25.0,0.15497495
2006-09-28,31.5,-25.0,0.0
2006-09-29,31.5,-25.0,0.0
2006-09-30,31.5,-25.0,0.0
2006-10-01,31.5,-25.0,0.0
2006-10-02,31.5,-25.0,7.3680944
2006-10-03,31.5,-25.0,0.61898774
2006-10-04,31.5,-25.0,3.7567382
2006-10-05,31.5,-25.0,0.015162524
2006-10-06,31.5,-25.0,0.009811045
2006-10-07,31.5,-25.0,0.017838262
2006-10-08,31.5,-25.0,0.0
2006-10-09,31.5,-25.0,0.05529862
2006-10-10,31.5,-25.0,2.5018163
2006-10-11,31.5,-25.0,0.1489495
2006-10-12,31.5,-25.0,0.0026757396
2006-10-13,31.5,-25.0,0.010702958
2006-10-14,31.5,-25.0,0.0
2006-10-15,31.5,-25.0,0.0
2006-10-16,31.5,-25.0,0.0
2006-10-17,31.5,-25.0,0.0
2006-10-18,31.5,-25.0,0.24170847
2006-10-19,31.5,-25.0,0.08205601
2006-10-20,31.5,-25.0,0.30860198
2006-10-21,31.5,-25.0,0.42633453
2006-10-22,31.5,-25.0,0.15697671
2006-10-23,31.5,-25.0,0.016946351
2006-10-24,31.5,-25.0,0.0
2006-10-25,31.5,-25.0,0.7875593
2006-10-26,31.5,-25.0,0.8892374
2006-10-27,31.5,-25.0,3.4347577
2006-10-28,31.5,-25.0,0.122192115
2006-10-29,31.5,-25.0,0.00089191325
2006-10-30,31.5,-25.0,0.18730175
2006-10-31,31.5,-25.0,0.7303183
2006-11-01,31.5,-25.0,2.3264384
2006-11-02,31.5,-25.0,0.09555015
2006-11-03,31.5,-25.0,0.06854685
2006-11-04,31.5,-25.0,1.2026857
2006-11-05,31.5,-25.0,22.744053
2006-11-06,31.5,-25.0,0.0010385886
2006-11-07,31.5,-25.0,0.0
2006-11-08,31.5,-25.0,0.0
2006-11-09,31.5,-25.0,0.0
2006-11-10,31.5,-25.0,0.32196248
2006-11-11,31.5,-25.0,0.31573096
2006-11-12,31.5,-25.0,4.435812
2006-11-13,31.5,-25.0,10.439893
2006-11-14,31.5,-25.0,0.0
2006-11-15,31.5,-25.0,0.37285334
2006-11-16,31.5,-25.0,3.6319442
2006-11-17,31.5,-25.0,9.050261
2006-11-18,31.5,-25.0,13.582663
2006-11-19,31.5,-25.0,4.6372986
2006-11-20,31.5,-25.0,0.17136712
2006-11-21,31.5,-25.0,3.1656182
2006-11-22,31.5,-25.0,2.047058
2006-11-23,31.5,-25.0,0.68339133
2006-11-24,31.5,-25.0,0.069585435
2006-11-25,31.5,-25.0,1.0666306
2006-11-26,31.5,-25.0,0.0
2006-11-27,31.5,-25.0,0.0
2006-11-28,31.5,-25.0,0.7799801
2006-11-29,31.5,-25.0,0.0
2006-11-30,31.5,-25.0,0.0062315315
2006-12-01,31.5,-25.0,6.636493
2006-12-02,31.5,-25.0,0.09517528
2006-12-03,31.5,-25.0,0.048579045
2006-12-04,31.5,-25.0,3.230011
2006-12-05,31.5,-25.0,0.02676805
2006-12-06,31.5,-25.0,0.021811001
2006-12-07,31.5,-25.0,0.0
2006-12-08,31.5,-25.0,0.005948455
2006-12-09,31.5,-25.0,0.015862547
2006-12-10,31.5,-25.0,10.035044
2006-12-11,31.5,-25.0,5.0452814
2006-12-12,31.5,-25.0,0.0
2006-12-13,31.5,-25.0,0.0
2006-12-14,31.5,-25.0,0.0
2006-12-15,31.5,-25.0,0.061467372
2006-12-16,31.5,-25.0,0.24487808
2006-12-17,31.5,-25.0,1.3552563
2006-12-18,31.5,-25.0,11.5796585
2006-12-19,31.5,-25.0,12.753488
2006-12-20,31.5,-25.0,2.6014576
2006-12-21,31.5,-25.0,6.517524
2006-12-22,31.5,-25.0,0.092201054
2006-12-23,31.5,-25.0,2.147392
2006-12-24,31.5,-25.0,0.988435
2006-12-25,31.5,-25.0,2.565767
2006-12-26,31.5,-25.0,0.005948454
2006-12-27,31.5,-25.0,0.23198976
2006-12-28,31.5,-25.0,1.9471276
2006-12-29,31.5,-25.0,0.054527506
2006-12-30,31.5,-25.0,23.59157
2006-12-31,31.5,-25.0,11.6082535
2007-01-01,31.5,-25.0,0.9602983
2007-01-02,31.5,-25.0,0.934553
2007-01-03,31.5,-25.0,0.0
2007-01-04,31.5,-25.0,0.095257476
2007-01-05,31.5,-25.0,0.17764232
2007-01-06,31.5,-25.0,0.021883475
2007-01-07,31.5,-25.0,14.00285
2007-01-08,31.5,-25.0,0.14031167
2007-01-09,31.5,-25.0,0.08882116
2007-01-10,31.5,-25.0,0.03218158
2007-01-11,31.5,-25.0,0.09397021
2007-01-12,31.5,-25.0,0.13387536
2007-01-13,31.5,-25.0,0.0
2007-01-14,31.5,-25.0,0.0
2007-01-15,31.5,-25.0,0.09911927
2007-01-16,31.5,-25.0,0.885637
2007-01-17,31.5,-25.0,0.807114
2007-01-18,31.5,-25.0,4.771884
2007-01-19,31.5,-25.0,6.2972918
2007-01-20,31.5,-25.0,0.19695126
2007-01-21,31.5,-25.0,0.0
2007-01-22,31.5,-25.0,0.0
2007-01-23,31.5,-25.0,0.0
2007-01-24,31.5,-25.0,0.64749336
2007-01-25,31.5,-25.0,1.7017618
2007-01-26,31.5,-25.0,0.0012872631
2007-01-27,31.5,-25.0,0.38102987
2007-01-28,31.5,-25.0,0.7388891
2007-01-29,31.5,-25.0,0.0
2007-01-30,31.5,-25.0,0.44539306
2007-01-31,31.5,-25.0,0.13773715
2007-02-01,31.5,-25.0,-1.6653347e-13
2007-02-02,31.5,-25.0,3.1665008
2007-02-03,31.5,-25.0,0.6059619
2007-02-04,31.5,-25.0,3.365618
2007-02-05,31.5,-25.0,0.24755105
2007-02-06,31.5,-25.0,3.9048486
2007-02-07,31.5,-25.0,98.394
2007-02-08,31.5,-25.0,0.052739143
2007-02-09,31.5,-25.0,0.3142822
2007-02-10,31.5,-25.0,1.7554598
2007-02-11,31.5,-25.0,5.3869257
2007-02-12,31.5,-25.0,0.07964686
2007-02-13,31.5,-25.0,2.8694396
2007-02-14,31.5,-25.0,0.052739143
2007-02-15,31.5,-25.0,0.115165055
2007-02-16,31.5,-25.0,0.16037002
2007-02-17,31.5,-25.0,0.08395209
2007-02-18,31.5,-25.0,0.07426531
2007-02-19,31.5,-25.0,0.04628128
2007-02-20,31.5,-25.0,-1.6653347e-13
2007-02-21,31.5,-25.0,0.0053815446
2007-02-22,31.5,-25.0,0.78893447
2007-02-23,31.5,-25.0,2.0105448
2007-02-24,31.5,-25.0,0.8266052
2007-02-25,31.5,-25.0,9.220738
2007-02-26,31.5,-25.0,2.463671
2007-02-27,31.5,-25.0,1.0041962
2007-02-28,31.5,-25.0,0.03982343
2007-03-01,31.5,-25.0,0.00385364
2007-03-02,31.5,-25.0,0.51735115
2007-03-03,31.5,-25.0,1.6653347e-13
2007-03-04,31.5,-25.0,1.6653347e-13
2007-03-05,31.5,-25.0,1.6653347e-13
2007-03-06,31.5,-25.0,0.70521617
2007-03-07,31.5,-25.0,0.4007786
2007-03-08,31.5,-25.0,1.6653347e-13
2007-03-09,31.5,-25.0,0.04913391
2007-03-10,31.5,-25.0,0.0578046
2007-03-11,31.5,-25.0,1.6653347e-13
2007-03-12,31.5,-25.0,1.6653347e-13
2007-03-13,31.5,-25.0,1.6653347e-13
2007-03-14,31.5,-25.0,0.230255
2007-03-15,31.5,-25.0,1.6653347e-13
2007-03-16,31.5,-25.0,1.6653347e-13
2007-03-17,31.5,-25.0,0.31021804
2007-03-18,31.5,-25.0,0.4075224
2007-03-19,31.5,-25.0,0.00770728
2007-03-20,31.5,-25.0,1.6653347e-13
2007-03-21,31.5,-25.0,1.6653347e-13
2007-03-22,31.5,-25.0,1.6653347e-13
2007-03-23,31.5,-25.0,0.026975479
2007-03-24,31.5,-25.0,0.00770728
2007-03-25,31.5,-25.0,0.61561894
2007-03-26,31.5,-25.0,1.6653347e-13
2007-03-27,31.5,-25.0,0.47496116
2007-03-28,31.5,-25.0,9.591709
2007-03-29,31.5,-25.0,25.404156
2007-03-30,31.5,-25.0,8.041583
2007-03-31,31.5,-25.0,0.7109966
2007-04-01,31.5,-25.0,1.0289352
2007-04-02,31.5,-25.0,0.2721151
2007-04-03,31.5,-25.0,1.0629497
2007-04-04,31.5,-25.0,1.6805234
2007-04-05,31.5,-25.0,0.040392086
2007-04-06,31.5,-25.0,1.352072
2007-04-07,31.5,-25.0,0.3327033
2007-04-08,31.5,-25.0,8.603515
2007-04-09,31.5,-25.0,0.7143022
2007-04-10,31.5,-25.0,-1.6653347e-13
2007-04-11,31.5,-25.0,-1.6653347e-13
2007-04-12,31.5,-25.0,1.9345684
2007-04-13,31.5,-25.0,6.791186
2007-04-14,31.5,-25.0,-1.6653347e-13
2007-04-15,31.5,-25.0,-1.6653347e-13
2007-04-16,31.5,-25.0,0.13712049
2007-04-17,31.5,-25.0,1.7623706
2007-04-18,31.5,-25.0,1.646509
2007-04-19,31.5,-25.0,2.6031637
2007-04-20,31.5,-25.0,0.013818347
2007-04-21,31.5,-25.0,-1.6653347e-13
2007-04-22,31.5,-25.0,6.07582
2007-04-23,31.5,-25.0,2.171606
2007-04-24,31.5,-25.0,0.2976259
2007-04-25,31.5,-25.0,0.11479857
2007-04-26,31.5,-25.0,-1.6653347e-13
2007-04-27,31.5,-25.0,0.011692446
2007-04-28,31.5,-25.0,3.5279298
2007-04-29,31.5,-25.0,-1.6653347e-13
2007-04-30,31.5,-25.0,-1.5959456e-13
2007-05-01,31.5,-25.0,0.0
2007-05-02,31.5,-25.0,0.0017863292
2007-05-03,31.5,-25.0,0.0098248115
2007-05-04,31.5,-25.0,0.5537621
2007-05-05,31.5,-25.0,0.0008931646
2007-05-06,31.5,-25.0,0.0008931646
2007-05-07,31.5,-25.0,0.0
2007-05-08,31.5,-25.0,0.0
2007-05-09,31.5,-25.0,0.0
2007-05-10,31.5,-25.0,0.0
2007-05-11,31.5,-25.0,0.0044658235
2007-05-12,31.5,-25.0,0.0
2007-05-13,31.5,-25.0,0.0
2007-05-14,31.5,-25.0,0.0
2007-05-15,31.5,-25.0,0.018756457
2007-05-16,31.5,-25.0,0.075025834
2007-05-17,31.5,-25.0,0.0
2007-05-18,31.5,-25.0,0.0
2007-05-19,31.5,-25.0,0.0
2007-05-20,31.5,-25.0,0.0
2007-05-21,31.5,-25.0,0.0
2007-05-22,31.5,-25.0,0.0
2007-05-23,31.5,-25.0,0.0
2007-05-24,31.5,-25.0,0.0
2007-05-25,31.5,-25.0,0.0
2007-05-26,31.5,-25.0,0.0
2007-05-27,31.5,-25.0,0.0
2007-05-28,31.5,-25.0,0.0
2007-05-29,31.5,-25.0,0.0
2007-05-30,31.5,-25.0,0.0
2007-05-31,31.5,-25.0,-6.938894e-15
2007-06-01,31.5,-25.0,2.6125493
2007-06-02,31.5,-25.0,1.4006166
2007-06-03,31.5,-25.0,1.2337039
2007-06-04,31.5,-25.0,-1.6653347e-13
2007-06-05,31.5,-25.0,-1.6653347e-13
2007-06-06,31.5,-25.0,1.5519787
2007-06-07,31.5,-25.0,-1.6653347e-13
2007-06-08,31.5,-25.0,-1.6653347e-13
2007-06-09,31.5,-25.0,-1.6653347e-13
2007-06-10,31.5,-25.0,-1.6653347e-13
2007-06-11,31.5,-25.0,-1.6653347e-13
2007-06-12,31.5,-25.0,-1.6653347e-13
2007-06-13,31.5,-25.0,0.04665266
2007-06-14,31.5,-25.0,0.17624341
2007-06-15,31.5,-25.0,-1.6653347e-13
2007-06-16,31.5,-25.0,-1.6653347e-13
2007-06-17,31.5,-25.0,-1.6653347e-13
2007-06-18,31.5,-25.0,-1.6653347e-13
2007-06-19,31.5,-25.0,0.075681
2007-06-20,31.5,-25.0,-1.6653347e-13
2007-06-21,31.5,-25.0,0.28095272
2007-06-22,31.5,-25.0,0.0010367258
2007-06-23,31.5,-25.0,-1.6653347e-13
2007-06-24,31.5,-25.0,-1.6653347e-13
2007-06-25,31.5,-25.0,-1.6653347e-13
2007-06-26,31.5,-25.0,-1.6653347e-13
2007-06-27,31.5,-25.0,0.19386774
2007-06-28,31.5,-25.0,-1.6653347e-13
2007-06-29,31.5,-25.0,-1.6653347e-13
2007-06-30,31.5,-25.0,-1.5959456e-13
2007-07-01,31.5,-25.0,0.0
2007-07-02,31.5,-25.0,0.0
2007-07-03,31.5,-25.0,0.11143261
2007-07-04,31.5,-25.0,2.6731973
2007-07-05,31.5,-25.0,4.4383373
2007-07-06,31.5,-25.0,0.0
2007-07-07,31.5,-25.0,0.0
2007-07-08,31.5,-25.0,0.026079973
2007-07-09,31.5,-25.0,0.0
2007-07-10,31.5,-25.0,0.0
2007-07-11,31.5,-25.0,0.0
2007-07-12,31.5,-25.0,0.0
2007-07-13,31.5,-25.0,0.43150502
2007-07-14,31.5,-25.0,0.0
2007-07-15,31.5,-25.0,0.0
2007-07-16,31.5,-25.0,0.0
2007-07-17,31.5,-25.0,0.0
2007-07-18,31.5,-25.0,0.0
2007-07-19,31.5,-25.0,0.0
2007-07-20,31.5,-25.0,0.0
2007-07-21,31.5,-25.0,0.008298173
2007-07-22,31.5,-25.0,0.030821783
2007-07-23,31.5,-25.0,0.0
2007-07-24,31.5,-25.0,0.0
2007-07-25,31.5,-25.0,0.0
2007-07-26,31.5,-25.0,0.048603583
2007-07-27,31.5,-25.0,0.0
2007-07-28,31.5,-25.0,0.0
2007-07-29,31.5,-25.0,0.0
2007-07-30,31.5,-25.0,0.0
2007-07-31,31.5,-25.0,6.938894e-15
2007-08-01,31.5,-25.0,1.6653347e-13
2007-08-02,31.5,-25.0,1.6653347e-13
2007-08-03,31.5,-25.0,1.6653347e-13
2007-08-04,31.5,-25.0,0.5738463
2007-08-05,31.5,-25.0,0.051791184
2007-08-06,31.5,-25.0,0.18334079
2007-08-07,31.5,-25.0,0.05075536
2007-08-08,31.5,-25.0,1.6653347e-13
2007-08-09,31.5,-25.0,1.6653347e-13
2007-08-10,31.5,-25.0,1.6653347e-13
2007-08-11,31.5,-25.0,1.6653347e-13
2007-08-12,31.5,-25.0,0.0051791184
2007-08-13,31.5,-25.0,0.0051791184
2007-08-14,31.5,-25.0,1.6653347e-13
2007-08-15,31.5,-25.0,1.6653347e-13
2007-08-16,31.5,-25.0,1.6653347e-13
2007-08-17,31.5,-25.0,1.6653347e-13
2007-08-18,31.5,-25.0,1.6653347e-13
2007-08-19,31.5,-25.0,1.6653347e-13
2007-08-20,31.5,-25.0,1.6653347e-13
2007-08-21,31.5,-25.0,1.6653347e-13
2007-08-22,31.5,-25.0,1.6653347e-13
2007-08-23,31.5,-25.0,1.6653347e-13
2007-08-24,31.5,-25.0,0.0051791184
2007-08-25,31.5,-25.0,1.1321552
2007-08-26,31.5,-25.0,0.0020716472
2007-08-27,31.5,-25.0,1.6653347e-13
2007-08-28,31.5,-25.0,0.0020716472
2007-08-29,31.5,-25.0,0.0062149423
2007-08-30,31.5,-25.0,1.6653347e-13
2007-08-31,31.5,-25.0,1.5959456e-13
2007-09-01,31.5,-25.0,0.0
2007-09-02,31.5,-25.0,0.0
2007-09-03,31.5,-25.0,0.025646742
2007-09-04,31.5,-25.0,0.0
2007-09-05,31.5,-25.0,0.0
2007-09-06,31.5,-25.0,0.051293485
2007-09-07,31.5,-25.0,0.0010258697
2007-09-08,31.5,-25.0,0.0
2007-09-09,31.5,-25.0,0.0
2007-09-10,31.5,-25.0,0.054371096
2007-09-11,31.5,-25.0,0.03077609
2007-09-12,31.5,-25.0,0.0061552185
2007-09-13,31.5,-25.0,0.2667261
2007-09-14,31.5,-25.0,0.6493755
2007-09-15,31.5,-25.0,0.003077609
2007-09-16,31.5,-25.0,0.72426397
2007-09-17,31.5,-25.0,0.0020517395
2007-09-18,31.5,-25.0,0.0010258697
2007-09-19,31.5,-25.0,0.0
2007-09-20,31.5,-25.0,0.0
2007-09-21,31.5,-25.0,0.0
2007-09-22,31.5,-25.0,0.0
2007-09-23,31.5,-25.0,0.022569131
2007-09-24,31.5,-25.0,1.0433095
2007-09-25,31.5,-25.0,0.40624434
2007-09-26,31.5,-25.0,0.46369308
2007-09-27,31.5,-25.0,0.1251561
2007-09-28,31.5,-25.0,2.818064
2007-09-29,31.5,-25.0,4.644112
2007-09-30,31.5,-25.0,22.06102
2007-10-01,31.5,-25.0,3.2937605
2007-10-02,31.5,-25.0,0.27363026
2007-10-03,31.5,-25.0,0.0
2007-10-04,31.5,-25.0,1.8380817
2007-10-05,31.5,-25.0,2.2544756
2007-10-06,31.5,-25.0,16.339636
2007-10-07,31.5,-25.0,0.00084978336
2007-10-08,31.5,-25.0,1.3367093
2007-10-09,31.5,-25.0,0.54556096
2007-10-10,31.5,-25.0,0.07223159
2007-10-11,31.5,-25.0,0.13001686
2007-10-12,31.5,-25.0,0.0
2007-10-13,31.5,-25.0,0.07223159
2007-10-14,31.5,-25.0,0.09262639
2007-10-15,31.5,-25.0,3.0915117
2007-10-16,31.5,-25.0,0.048437655
2007-10-17,31.5,-25.0,0.026343288
2007-10-18,31.5,-25.0,0.56085706
2007-10-19,31.5,-25.0,0.7078695
2007-10-20,31.5,-25.0,0.006798267
2007-10-21,31.5,-25.0,0.0
2007-10-22,31.5,-25.0,0.0
2007-10-23,31.5,-25.0,0.0
2007-10-24,31.5,-25.0,0.1996991
2007-10-25,31.5,-25.0,2.7397017
2007-10-26,31.5,-25.0,0.21754456
2007-10-27,31.5,-25.0,0.006798267
2007-10-28,31.5,-25.0,0.028042853
2007-10-29,31.5,-25.0,0.004248917
2007-10-30,31.5,-25.0,0.12661773
2007-10-31,31.5,-25.0,0.113021195
2007-11-01,31.5,-25.0,0.948403
2007-11-02,31.5,-25.0,0.12932768
2007-11-03,31.5,-25.0,0.094652876
2007-11-04,31.5,-25.0,2.0195737
2007-11-05,31.5,-25.0,1.2539163
2007-11-06,31.5,-25.0,8.070797
2007-11-07,31.5,-25.0,0.72161096
2007-11-08,31.5,-25.0,3.1750884
2007-11-09,31.5,-25.0,13.533487
2007-11-10,31.5,-25.0,0.20804888
2007-11-11,31.5,-25.0,0.040297758
2007-11-12,31.5,-25.0,0.11058455
2007-11-13,31.5,-25.0,0.0065601002
2007-11-14,31.5,-25.0,0.0
2007-11-15,31.5,-25.0,0.051543638
2007-11-16,31.5,-25.0,0.023428928
2007-11-17,31.5,-25.0,1.9624071
2007-11-18,31.5,-25.0,1.8536968
2007-11-19,31.5,-25.0,0.0
2007-11-20,31.5,-25.0,1.0786679
2007-11-21,31.5,-25.0,0.5922833
2007-11-22,31.5,-25.0,2.9379876
2007-11-23,31.5,-25.0,17.693527
2007-11-24,31.5,-25.0,15.786412
2007-11-25,31.5,-25.0,0.68881047
2007-11-26,31.5,-25.0,0.0
2007-11-27,31.5,-25.0,0.9034195
2007-11-28,31.5,-25.0,1.0046325
2007-11-29,31.5,-25.0,0.0018743144
2007-11-30,31.5,-25.0,0.04404638
2007-12-01,31.5,-25.0,1.6857812
2007-12-02,31.5,-25.0,3.6111567
2007-12-03,31.5,-25.0,1.8448716
2007-12-04,31.5,-25.0,1.3043481
2007-12-05,31.5,-25.0,0.0
2007-12-06,31.5,-25.0,3.8804593
2007-12-07,31.5,-25.0,4.9979243
2007-12-08,31.5,-25.0,3.8699174
2007-12-09,31.5,-25.0,0.014375623
2007-12-10,31.5,-25.0,0.0
2007-12-11,31.5,-25.0,14.32962
2007-12-12,31.5,-25.0,1.3129735
2007-12-13,31.5,-25.0,0.03833499
2007-12-14,31.5,-25.0,0.27697033
2007-12-15,31.5,-25.0,6.777627
2007-12-16,31.5,-25.0,21.549057
2007-12-17,31.5,-25.0,35.717667
2007-12-18,31.5,-25.0,4.7889986
2007-12-19,31.5,-25.0,2.4994416
2007-12-20,31.5,-25.0,1.4768556
2007-12-21,31.5,-25.0,0.0
2007-12-22,31.5,-25.0,0.008625373
2007-12-23,31.5,-25.0,0.03545987
2007-12-24,31.5,-25.0,0.02012587
2007-12-25,31.5,-25.0,0.060377613
2007-12-26,31.5,-25.0,3.6859095
2007-12-27,31.5,-25.0,4.738205
2007-12-28,31.5,-25.0,0.5251894
2007-12-29,31.5,-25.0,0.0076669985
2007-12-30,31.5,-25.0,0.0019167496
2007-12-31,31.5,-25.0,-6.938894e-15
2008-01-01,31.5,-25.0,0.0034688697
2008-01-02,31.5,-25.0,0.03353241
2008-01-03,31.5,-25.0,3.209861
2008-01-04,31.5,-25.0,0.64058465
2008-01-05,31.5,-25.0,1.9830372
2008-01-06,31.5,-25.0,0.8151843
2008-01-07,31.5,-25.0,7.285783
2008-01-08,31.5,-25.0,5.3663416
2008-01-09,31.5,-25.0,14.80398
2008-01-10,31.5,-25.0,17.594107
2008-01-11,31.5,-25.0,0.3838882
2008-01-12,31.5,-25.0,-1.6653347e-13
2008-01-13,31.5,-25.0,0.0023125801
2008-01-14,31.5,-25.0,2.6825929
2008-01-15,31.5,-25.0,0.04856418
2008-01-16,31.5,-25.0,2.3345492
2008-01-17,31.5,-25.0,5.309683
2008-01-18,31.5,-25.0,1.2580435
2008-01-19,31.5,-25.0,2.1044476
2008-01-20,31.5,-25.0,0.00578145
2008-01-21,31.5,-25.0,0.41742066
2008-01-22,31.5,-25.0,1.7795303
2008-01-23,31.5,-25.0,3.9787936
2008-01-24,31.5,-25.0,0.6567727
2008-01-25,31.5,-25.0,1.1262264
2008-01-26,31.5,-25.0,2.5773702
2008-01-27,31.5,-25.0,0.69955534
2008-01-28,31.5,-25.0,0.00578145
2008-01-29,31.5,-25.0,0.19888186
2008-01-30,31.5,-25.0,1.8882213
2008-01-31,31.5,-25.0,0.12529522
2008-02-01,31.5,-25.0,0.22310504
2008-02-02,31.5,-25.0,0.00495789
2008-02-03,31.5,-25.0,1.6653347e-13
2008-02-04,31.5,-25.0,0.946957
2008-02-05,31.5,-25.0,1.214683
2008-02-06,31.5,-25.0,0.002478945
2008-02-07,31.5,-25.0,0.045860477
2008-02-08,31.5,-25.0,3.3354201
2008-02-09,31.5,-25.0,1.2109646
2008-02-10,31.5,-25.0,0.22682348
2008-02-11,31.5,-25.0,0.0037184176
2008-02-12,31.5,-25.0,2.9375496
2008-02-13,31.5,-25.0,1.7191483
2008-02-14,31.5,-25.0,0.011155252
2008-02-15,31.5,-25.0,0.01487367
2008-02-16,31.5,-25.0,0.16484983
2008-02-17,31.5,-25.0,0.009915779
2008-02-18,31.5,-25.0,0.007436835
2008-02-19,31.5,-25.0,1.7526143
2008-02-20,31.5,-25.0,0.011155253
2008-02-21,31.5,-25.0,1.6653347e-13
2008-02-22,31.5,-25.0,0.008676307
2008-02-23,31.5,-25.0,0.017352615
2008-02-24,31.5,-25.0,0.03470523
2008-02-25,31.5,-25.0,0.011155252
2008-02-26,31.5,-25.0,0.012394724
2008-02-27,31.5,-25.0,1.6237088
2008-02-28,31.5,-25.0,1.8269825
2008-02-29,31.5,-25.0,2.834626
2008-03-01,31.5,-25.0,1.6818262
2008-03-02,31.5,-25.0,0.9275588
2008-03-03,31.5,-25.0,1.7259003
2008-03-04,31.5,-25.0,0.6190403
2008-03-05,31.5,-25.0,1.5355804
2008-03-06,31.5,-25.0,2.352954
2008-03-07,31.5,-25.0,0.7222136
2008-03-08,31.5,-25.0,0.8995117
2008-03-09,31.5,-25.0,0.15025249
2008-03-10,31.5,-25.0,0.0
2008-03-11,31.5,-25.0,0.030050498
2008-03-12,31.5,-25.0,7.215124
2008-03-13,31.5,-25.0,1.486498
2008-03-14,31.5,-25.0,0.041069016
2008-03-15,31.5,-25.0,1.4153783
2008-03-16,31.5,-25.0,4.0287704
2008-03-17,31.5,-25.0,0.34257567
2008-03-18,31.5,-25.0,0.05609426
2008-03-19,31.5,-25.0,0.37763456
2008-03-20,31.5,-25.0,0.3956649
2008-03-21,31.5,-25.0,0.038063962
2008-03-22,31.5,-25.0,0.0
2008-03-23,31.5,-25.0,3.8023896
2008-03-24,31.5,-25.0,0.0
2008-03-25,31.5,-25.0,0.13823229
2008-03-26,31.5,-25.0,0.05409089
2008-03-27,31.5,-25.0,1.0387456
2008-03-28,31.5,-25.0,0.0010016833
2008-03-29,31.5,-25.0,0.23639725
2008-03-30,31.5,-25.0,0.19632992
2008-03-31,31.5,-25.0,0.7331369
2008-04-01,31.5,-25.0,2.0645394
2008-04-02,31.5,-25.0,1.4709225
2008-04-03,31.5,-25.0,0.0
2008-04-04,31.5,-25.0,0.0
2008-04-05,31.5,-25.0,0.0
2008-04-06,31.5,-25.0,0.0
2008-04-07,31.5,-25.0,1.1191493
2008-04-08,31.5,-25.0,2.1312063
2008-04-09,31.5,-25.0,1.0042557
2008-04-10,31.5,-25.0,0.012765961
2008-04-11,31.5,-25.0,0.0021276602
2008-04-12,31.5,-25.0,0.88439745
2008-04-13,31.5,-25.0,6.696456
2008-04-14,31.5,-25.0,0.011347521
2008-04-15,31.5,-25.0,0.0049645407
2008-04-16,31.5,-25.0,0.0021276602
2008-04-17,31.5,-25.0,0.055319168
2008-04-18,31.5,-25.0,0.0
2008-04-19,31.5,-25.0,0.00070922007
2008-04-20,31.5,-25.0,3.5297885
2008-04-21,31.5,-25.0,6.4297886
2008-04-22,31.5,-25.0,0.0
2008-04-23,31.5,-25.0,0.0
2008-04-24,31.5,-25.0,0.0
2008-04-25,31.5,-25.0,0.0
2008-04-26,31.5,-25.0,0.0
2008-04-27,31.5,-25.0,0.0021276602
2008-04-28,31.5,-25.0,0.35177314
2008-04-29,31.5,-25.0,0.0914894
2008-04-30,31.5,-25.0,0.051773064
2008-05-01,31.5,-25.0,3.8747215
2008-05-02,31.5,-25.0,0.0041370075
2008-05-03,31.5,-25.0,0.4410051
2008-05-04,31.5,-25.0,-8.3266734e-14
2008-05-05,31.5,-25.0,0.0041370075
2008-05-06,31.5,-25.0,-8.3266734e-14
2008-05-07,31.5,-25.0,-8.3266734e-14
2008-05-08,31.5,-25.0,0.003309606
2008-05-09,31.5,-25.0,-8.3266734e-14
2008-05-10,31.5,-25.0,-8.3266734e-14
2008-05-11,31.5,-25.0,0.109217
2008-05-12,31.5,-25.0,-8.3266734e-14
2008-05-13,31.5,-25.0,0.0008274015
2008-05-14,31.5,-25.0,0.12824725
2008-05-15,31.5,-25.0,0.085222356
2008-05-16,31.5,-25.0,-8.3266734e-14
2008-05-17,31.5,-25.0,0.4592079
2008-05-18,31.5,-25.0,0.059572913
2008-05-19,31.5,-25.0,0.29869196
2008-05-20,31.5,-25.0,0.35743746
2008-05-21,31.5,-25.0,-8.3266734e-14
2008-05-22,31.5,-25.0,-8.3266734e-14
2008-05-23,31.5,-25.0,0.6577843
2008-05-24,31.5,-25.0,0.19940378
2008-05-25,31.5,-25.0,0.56346047
2008-05-26,31.5,-25.0,1.800426
2008-05-27,31.5,-25.0,0.001654803
2008-05-28,31.5,-25.0,-8.3266734e-14
2008-05-29,31.5,-25.0,-8.3266734e-14
2008-05-30,31.5,-25.0,-8.3266734e-14
2008-05-31,31.5,-25.0,0.0018779817
2008-06-01,31.5,-25.0,0.067607336
2008-06-02,31.5,-25.0,0.016901834
2008-06-03,31.5,-25.0,-8.3266734e-14
2008-06-04,31.5,-25.0,0.1633844
2008-06-05,31.5,-25.0,-8.3266734e-14
2008-06-06,31.5,-25.0,-8.3266734e-14
2008-06-07,31.5,-25.0,-8.3266734e-14
2008-06-08,31.5,-25.0,0.033803668
2008-06-09,31.5,-25.0,0.0018779817
2008-06-10,31.5,-25.0,-8.3266734e-14
2008-06-11,31.5,-25.0,-8.3266734e-14
2008-06-12,31.5,-25.0,-8.3266734e-14
2008-06-13,31.5,-25.0,-8.3266734e-14
2008-06-14,31.5,-25.0,-8.3266734e-14
2008-06-15,31.5,-25.0,-8.3266734e-14
2008-06-16,31.5,-25.0,-8.3266734e-14
2008-06-17,31.5,-25.0,0.71832794
2008-06-18,31.5,-25.0,1.5549688
2008-06-19,31.5,-25.0,1.1314838
2008-06-20,31.5,-25.0,0.9023701
2008-06-21,31.5,-25.0,-8.3266734e-14
2008-06-22,31.5,-25.0,0.13615365
2008-06-23,31.5,-25.0,0.22817476
2008-06-24,31.5,-25.0,0.033803668
2008-06-25,31.5,-25.0,-8.3266734e-14
2008-06-26,31.5,-25.0,-8.3266734e-14
2008-06-27,31.5,-25.0,-8.3266734e-14
2008-06-28,31.5,-25.0,-8.3266734e-14
2008-06-29,31.5,-25.0,0.03849862
2008-06-30,31.5,-25.0,-7.979728e-14
2008-07-01,31.5,-25.0,0.0
2008-07-02,31.5,-25.0,0.0
2008-07-03,31.5,-25.0,0.0
2008-07-04,31.5,-25.0,0.0
2008-07-05,31.5,-25.0,0.0
2008-07-06,31.5,-25.0,0.0
2008-07-07,31.5,-25.0,0.0
2008-07-08,31.5,-25.0,0.0
2008-07-09,31.5,-25.0,0.0016467411
2008-07-10,31.5,-25.0,0.3433455
2008-07-11,31.5,-25.0,0.0
2008-07-12,31.5,-25.0,0.019760892
2008-07-13,31.5,-25.0,0.29723674
2008-07-14,31.5,-25.0,0.0
2008-07-15,31.5,-25.0,0.0
2008-07-16,31.5,-25.0,0.0041168523
2008-07-17,31.5,-25.0,0.26677203
2008-07-18,31.5,-25.0,0.45367718
2008-07-19,31.5,-25.0,0.0
2008-07-20,31.5,-25.0,0.0
2008-07-21,31.5,-25.0,0.0
2008-07-22,31.5,-25.0,0.0016467411
2008-07-23,31.5,-25.0,0.021407632
2008-07-24,31.5,-25.0,0.24454105
2008-07-25,31.5,-25.0,0.0
2008-07-26,31.5,-25.0,0.0
2008-07-27,31.5,-25.0,0.0
2008-07-28,31.5,-25.0,0.014820669
2008-07-29,31.5,-25.0,0.0074103344
2008-07-30,31.5,-25.0,0.0
2008-07-31,31.5,-25.0,0.0
2008-08-01,31.5,-25.0,0.0
2008-08-02,31.5,-25.0,0.0
2008-08-03,31.5,-25.0,1.55884
2008-08-04,31.5,-25.0,0.27166024
2008-08-05,31.5,-25.0,0.0
2008-08-06,31.5,-25.0,0.0
2008-08-07,31.5,-25.0,0.0
2008-08-08,31.5,-25.0,0.4663695
2008-08-09,31.5,-25.0,0.0
2008-08-10,31.5,-25.0,0.0
2008-08-11,31.5,-25.0,0.0
2008-08-12,31.5,-25.0,0.0
2008-08-13,31.5,-25.0,0.0
2008-08-14,31.5,-25.0,0.0
2008-08-15,31.5,-25.0,0.0
2008-08-16,31.5,-25.0,0.054798417
2008-08-17,31.5,-25.0,1.1181209
2008-08-18,31.5,-25.0,0.2017048
2008-08-19,31.5,-25.0,0.0058296183
2008-08-20,31.5,-25.0,0.0
2008-08-21,31.5,-25.0,0.0
2008-08-22,31.5,-25.0,0.0
2008-08-23,31.5,-25.0,0.0
2008-08-24,31.5,-25.0,0.0
2008-08-25,31.5,-25.0,0.011659237
2008-08-26,31.5,-25.0,0.052466568
2008-08-27,31.5,-25.0,0.23551658
2008-08-28,31.5,-25.0,0.0
2008-08-29,31.5,-25.0,0.0
2008-08-30,31.5,-25.0,0.0
2008-08-31,31.5,-25.0,0.0
2008-09-01,31.5,-25.0,0.0
2008-09-02,31.5,-25.0,0.0
2008-09-03,31.5,-25.0,0.024652714
2008-09-04,31.5,-25.0,0.0044823117
2008-09-05,31.5,-25.0,0.006723467
2008-09-06,31.5,-25.0,0.0
2008-09-07,31.5,-25.0,0.0
2008-09-08,31.5,-25.0,0.0
2008-09-09,31.5,-25.0,0.0
2008-09-10,31.5,-25.0,0.086284496
2008-09-11,31.5,-25.0,0.1826542
2008-09-12,31.5,-25.0,0.9099092
2008-09-13,31.5,-25.0,0.0
2008-09-14,31.5,-25.0,0.0
2008-09-15,31.5,-25.0,0.0
2008-09-16,31.5,-25.0,0.0
2008-09-17,31.5,-25.0,0.050426006
2008-09-18,31.5,-25.0,0.0
2008-09-19,31.5,-25.0,0.25100943
2008-09-20,31.5,-25.0,2.4406185
2008-09-21,31.5,-25.0,0.0022411556
2008-09-22,31.5,-25.0,0.0
2008-09-23,31.5,-25.0,0.0
2008-09-24,31.5,-25.0,0.0
2008-09-25,31.5,-25.0,0.024652714
2008-09-26,31.5,-25.0,0.13783109
2008-09-27,31.5,-25.0,0.08180218
2008-09-28,31.5,-25.0,0.56477123
2008-09-29,31.5,-25.0,0.0
2008-09-30,31.5,-25.0,0.02236557
2008-10-01,31.5,-25.0,0.02967353
2008-10-02,31.5,-25.0,-1.6653347e-13
2008-10-03,31.5,-25.0,0.014358158
2008-10-04,31.5,-25.0,0.020101422
2008-10-05,31.5,-25.0,0.41830105
2008-10-06,31.5,-25.0,0.62027246
2008-10-07,31.5,-25.0,0.0028716319
2008-10-08,31.5,-25.0,-1.6653347e-13
2008-10-09,31.5,-25.0,0.71599346
2008-10-10,31.5,-25.0,-1.6653347e-13
2008-10-11,31.5,-25.0,-1.6653347e-13
2008-10-12,31.5,-25.0,-1.6653347e-13
2008-10-13,31.5,-25.0,-1.6653347e-13
2008-10-14,31.5,-25.0,0.06509032
2008-10-15,31.5,-25.0,0.015315371
2008-10-16,31.5,-25.0,0.0057432638
2008-10-17,31.5,-25.0,1.6827762
2008-10-18,31.5,-25.0,0.03924564
2008-10-19,31.5,-25.0,0.029673528
2008-10-20,31.5,-25.0,0.03924564
2008-10-21,31.5,-25.0,0.13496667
2008-10-22,31.5,-25.0,2.3671818
2008-10-23,31.5,-25.0,1.463575
2008-10-24,31.5,-25.0,0.34938186
2008-10-25,31.5,-25.0,1.6339585
2008-10-26,31.5,-25.0,0.31875116
2008-10-27,31.5,-25.0,-1.6653347e-13
2008-10-28,31.5,-25.0,0.2536608
2008-10-29,31.5,-25.0,0.037331216
2008-10-30,31.5,-25.0,0.0076576844
2008-10-31,31.5,-25.0,1.3659396
2008-11-01,31.5,-25.0,0.013219594
2008-11-02,31.5,-25.0,1.6653347e-13
2008-11-03,31.5,-25.0,2.4684587
2008-11-04,31.5,-25.0,0.67900646
2008-11-05,31.5,-25.0,0.25958475
2008-11-06,31.5,-25.0,0.44586083
2008-11-07,31.5,-25.0,26.89226
2008-11-08,31.5,-25.0,6.3009396
2008-11-09,31.5,-25.0,1.7437847
2008-11-10,31.5,-25.0,1.6653347e-13
2008-11-11,31.5,-25.0,3.3481627
2008-11-12,31.5,-25.0,19.96279
2008-11-13,31.5,-25.0,25.190536
2008-11-14,31.5,-25.0,8.106015
2008-11-15,31.5,-25.0,0.048071254
2008-11-16,31.5,-25.0,0.20069748
2008-11-17,31.5,-25.0,0.23434734
2008-11-18,31.5,-25.0,4.397318
2008-11-19,31.5,-25.0,3.0909812
2008-11-20,31.5,-25.0,0.0012017813
2008-11-21,31.5,-25.0,0.2812168
2008-11-22,31.5,-25.0,0.1598369
2008-11-23,31.5,-25.0,0.48431784
2008-11-24,31.5,-25.0,0.0024035627
2008-11-25,31.5,-25.0,0.06489619
2008-11-26,31.5,-25.0,0.70063853
2008-11-27,31.5,-25.0,0.05408016
2008-11-28,31.5,-25.0,1.6653347e-13
2008-11-29,31.5,-25.0,1.6653347e-13
2008-11-30,31.5,-25.0,0.13186184
2008-12-01,31.5,-25.0,0.03563857
2008-12-02,31.5,-25.0,0.0
2008-12-03,31.5,-25.0,0.24842182
2008-12-04,31.5,-25.0,2.6278207
2008-12-05,31.5,-25.0,3.4118693
2008-12-06,31.5,-25.0,0.829121
2008-12-07,31.5,-25.0,0.02830122
2008-12-08,31.5,-25.0,0.048216894
2008-12-09,31.5,-25.0,0.0
2008-12-10,31.5,-25.0,0.0
2008-12-11,31.5,-25.0,0.0
2008-12-12,31.5,-25.0,0.6079521
2008-12-13,31.5,-25.0,0.9171691
2008-12-14,31.5,-25.0,0.30607244
2008-12-15,31.5,-25.0,9.205235
2008-12-16,31.5,-25.0,9.657004
2008-12-17,31.5,-25.0,2.2431338
2008-12-18,31.5,-25.0,1.6634829
2008-12-19,31.5,-25.0,0.049265087
2008-12-20,31.5,-25.0,0.11844584
2008-12-21,31.5,-25.0,0.7253499
2008-12-22,31.5,-25.0,0.6456871
2008-12-23,31.5,-25.0,2.0041456
2008-12-24,31.5,-25.0,9.835197
2008-12-25,31.5,-25.0,17.424116
2008-12-26,31.5,-25.0,4.8416047
2008-12-27,31.5,-25.0,3.6173153
2008-12-28,31.5,-25.0,67.39255
2008-12-29,31.5,-25.0,20.570795
2008-12-30,31.5,-25.0,1.415061
2008-12-31,31.5,-25.0,0.2515664
2009-01-01,31.5,-25.0,0.08903125
2009-01-02,31.5,-25.0,0.110398725
2009-01-03,31.5,-25.0,0.27421623
2009-01-04,31.5,-25.0,0.17093998
2009-01-05,31.5,-25.0,0.47008494
2009-01-06,31.5,-25.0,0.36324745
2009-01-07,31.5,-25.0,0.0
2009-01-08,31.5,-25.0,0.18874621
2009-01-09,31.5,-25.0,0.47245914
2009-01-10,31.5,-25.0,0.89743483
2009-01-11,31.5,-25.0,3.254982
2009-01-12,31.5,-25.0,2.2079747
2009-01-13,31.5,-25.0,2.0477185
2009-01-14,31.5,-25.0,3.5576882
2009-01-15,31.5,-25.0,0.9188023
2009-01-16,31.5,-25.0,0.029677078
2009-01-17,31.5,-25.0,0.38461494
2009-01-18,31.5,-25.0,1.8518497
2009-01-19,31.5,-25.0,6.5586348
2009-01-20,31.5,-25.0,1.6393619
2009-01-21,31.5,-25.0,0.6813857
2009-01-22,31.5,-25.0,0.07003791
2009-01-23,31.5,-25.0,0.44871742
2009-01-24,31.5,-25.0,0.5045104
2009-01-25,31.5,-25.0,0.33713162
2009-01-26,31.5,-25.0,1.4339964
2009-01-27,31.5,-25.0,3.4793408
2009-01-28,31.5,-25.0,25.591137
2009-01-29,31.5,-25.0,0.07003791
2009-01-30,31.5,-25.0,9.480047
2009-01-31,31.5,-25.0,11.261389
2009-02-01,31.5,-25.0,1.6965041
2009-02-02,31.5,-25.0,0.14614081
2009-02-03,31.5,-25.0,37.386627
2009-02-04,31.5,-25.0,14.284735
2009-02-05,31.5,-25.0,5.2716594
2009-02-06,31.5,-25.0,1.3269162
2009-02-07,31.5,-25.0,0.018002851
2009-02-08,31.5,-25.0,0.0095309215
2009-02-09,31.5,-25.0,0.0010589913
2009-02-10,31.5,-25.0,0.87154984
2009-02-11,31.5,-25.0,3.8335485
2009-02-12,31.5,-25.0,3.4639606
2009-02-13,31.5,-25.0,0.090014264
2009-02-14,31.5,-25.0,0.0
2009-02-15,31.5,-25.0,0.81012845
2009-02-16,31.5,-25.0,6.2046304
2009-02-17,31.5,-25.0,5.444275
2009-02-18,31.5,-25.0,1.6276698
2009-02-19,31.5,-25.0,0.20756227
2009-02-20,31.5,-25.0,4.0442877
2009-02-21,31.5,-25.0,0.060362503
2009-02-22,31.5,-25.0,1.4275205
2009-02-23,31.5,-25.0,6.1368556
2009-02-24,31.5,-25.0,1.1119409
2009-02-25,31.5,-25.0,0.05506755
2009-02-26,31.5,-25.0,0.0487136
2009-02-27,31.5,-25.0,0.13766888
2009-02-28,31.5,-25.0,0.68508387
2009-03-01,31.5,-25.0,25.786955
2009-03-02,31.5,-25.0,1.5967698
2009-03-03,31.5,-25.0,0.068432994
2009-03-04,31.5,-25.0,0.621161
2009-03-05,31.5,-25.0,2.1959972
2009-03-06,31.5,-25.0,0.70889556
2009-03-07,31.5,-25.0,0.12195109
2009-03-08,31.5,-25.0,0.23512875
2009-03-09,31.5,-25.0,1.8117195
2009-03-10,31.5,-25.0,1.1379179
2009-03-11,31.5,-25.0,0.036848534
2009-03-12,31.5,-25.0,0.10264948
2009-03-13,31.5,-25.0,0.00087734614
2009-03-14,31.5,-25.0,0.07545176
2009-03-15,31.5,-25.0,1.7818897
2009-03-16,31.5,-25.0,0.007896114
2009-03-17,31.5,-25.0,1.4467437
2009-03-18,31.5,-25.0,0.7369707
2009-03-19,31.5,-25.0,0.41761672
2009-03-20,31.5,-25.0,0.2000349
2009-03-21,31.5,-25.0,0.010528153
2009-03-22,31.5,-25.0,0.0
2009-03-23,31.5,-25.0,0.0
2009-03-24,31.5,-25.0,0.00438673
2009-03-25,31.5,-25.0,0.0
2009-03-26,31.5,-25.0,0.0
2009-03-27,31.5,-25.0,0.0
2009-03-28,31.5,-25.0,0.0035093846
2009-03-29,31.5,-25.0,2.1187909
2009-03-30,31.5,-25.0,1.1633608
2009-03-31,31.5,-25.0,0.43895245
2009-04-01,31.5,-25.0,0.018336255
2009-04-02,31.5,-25.0,0.21563436
2009-04-03,31.5,-25.0,0.54495347
2009-04-04,31.5,-25.0,0.033738703
2009-04-05,31.5,-25.0,0.0036672507
2009-04-06,31.5,-25.0,0.042540103
2009-04-07,31.5,-25.0,2.4680595
2009-04-08,31.5,-25.0,0.019069701
2009-04-09,31.5,-25.0,8.3266734e-14
2009-04-10,31.5,-25.0,0.063810155
2009-04-11,31.5,-25.0,0.030804902
2009-04-12,31.5,-25.0,8.3266734e-14
2009-04-13,31.5,-25.0,0.6601051
2009-04-14,31.5,-25.0,0.48334363
2009-04-15,31.5,-25.0,0.020536603
2009-04-16,31.5,-25.0,0.008067952
2009-04-17,31.5,-25.0,8.3266734e-14
2009-04-18,31.5,-25.0,8.3266734e-14
2009-04-19,31.5,-25.0,8.3266734e-14
2009-04-20,31.5,-25.0,0.6505702
2009-04-21,31.5,-25.0,0.5764918
2009-04-22,31.5,-25.0,0.14522313
2009-04-23,31.5,-25.0,8.3266734e-14
2009-04-24,31.5,-25.0,8.3266734e-14
2009-04-25,31.5,-25.0,8.3266734e-14
2009-04-26,31.5,-25.0,0.16722663
2009-04-27,31.5,-25.0,0.0014669001
2009-04-28,31.5,-25.0,8.3266734e-14
2009-04-29,31.5,-25.0,8.3266734e-14
2009-04-30,31.5,-25.0,7.979728e-14
2009-05-01,31.5,-25.0,0.0
2009-05-02,31.5,-25.0,0.0
2009-05-03,31.5,-25.0,1.3755114
2009-05-04,31.5,-25.0,0.03975467
2009-05-05,31.5,-25.0,0.0021684365
2009-05-06,31.5,-25.0,0.07806371
2009-05-07,31.5,-25.0,16.921757
2009-05-08,31.5,-25.0,0.08529185
2009-05-09,31.5,-25.0,0.005782497
2009-05-10,31.5,-25.0,0.049151227
2009-05-11,31.5,-25.0,0.10408494
2009-05-12,31.5,-25.0,0.0
2009-05-13,31.5,-25.0,0.0
2009-05-14,31.5,-25.0,0.0
2009-05-15,31.5,-25.0,0.0
2009-05-16,31.5,-25.0,0.0
2009-05-17,31.5,-25.0,0.0
2009-05-18,31.5,-25.0,0.0
2009-05-19,31.5,-25.0,0.0
2009-05-20,31.5,-25.0,0.36357453
2009-05-21,31.5,-25.0,0.45175758
2009-05-22,31.5,-25.0,0.0
2009-05-23,31.5,-25.0,0.0
2009-05-24,31.5,-25.0,0.0
2009-05-25,31.5,-25.0,0.0
2009-05-26,31.5,-25.0,0.0014456243
2009-05-27,31.5,-25.0,0.0014456243
2009-05-28,31.5,-25.0,0.0715584
2009-05-29,31.5,-25.0,0.0
2009-05-30,31.5,-25.0,0.0
2009-05-31,31.5,-25.0,0.06216184
2009-06-01,31.5,-25.0,0.0
2009-06-02,31.5,-25.0,0.0
2009-06-03,31.5,-25.0,0.0
2009-06-04,31.5,-25.0,0.0
2009-06-05,31.5,-25.0,0.0009381613
2009-06-06,31.5,-25.0,0.0
2009-06-07,31.5,-25.0,0.027206674
2009-06-08,31.5,-25.0,0.45876086
2009-06-09,31.5,-25.0,0.4090383
2009-06-10,31.5,-25.0,1.4982435
2009-06-11,31.5,-25.0,0.40997648
2009-06-12,31.5,-25.0,0.0
2009-06-13,31.5,-25.0,0.0
2009-06-14,31.5,-25.0,0.0
2009-06-15,31.5,-25.0,0.0
2009-06-16,31.5,-25.0,0.0
2009-06-17,31.5,-25.0,0.030021157
2009-06-18,31.5,-25.0,0.2373548
2009-06-19,31.5,-25.0,1.390355
2009-06-20,31.5,-25.0,0.003752645
2009-06-21,31.5,-25.0,0.0
2009-06-22,31.5,-25.0,0.0
2009-06-23,31.5,-25.0,0.0
2009-06-24,31.5,-25.0,0.0
2009-06-25,31.5,-25.0,0.0
2009-06-26,31.5,-25.0,0.0
2009-06-27,31.5,-25.0,0.0
2009-06-28,31.5,-25.0,0.0
2009-06-29,31.5,-25.0,0.0
2009-06-30,31.5,-25.0,-3.469447e-15
2009-07-01,31.5,-25.0,-8.3266734e-14
2009-07-02,31.5,-25.0,-8.3266734e-14
2009-07-03,31.5,-25.0,-8.3266734e-14
2009-07-04,31.5,-25.0,0.15129562
2009-07-05,31.5,-25.0,1.0240823
2009-07-06,31.5,-25.0,0.0018911951
2009-07-07,31.5,-25.0,0.005673586
2009-07-08,31.5,-25.0,-8.3266734e-14
2009-07-09,31.5,-25.0,-8.3266734e-14
2009-07-10,31.5,-25.0,-8.3266734e-14
2009-07-11,31.5,-25.0,-8.3266734e-14
2009-07-12,31.5,-25.0,-8.3266734e-14
2009-07-13,31.5,-25.0,-8.3266734e-14
2009-07-14,31.5,-25.0,0.0416063
2009-07-15,31.5,-25.0,0.011347171
2009-07-16,31.5,-25.0,0.24490978
2009-07-17,31.5,-25.0,-8.3266734e-14
2009-07-18,31.5,-25.0,-8.3266734e-14
2009-07-19,31.5,-25.0,-8.3266734e-14
2009-07-20,31.5,-25.0,0.0037823902
2009-07-21,31.5,-25.0,-8.3266734e-14
2009-07-22,31.5,-25.0,-8.3266734e-14
2009-07-23,31.5,-25.0,0.010401575
2009-07-24,31.5,-25.0,-8.3266734e-14
2009-07-25,31.5,-25.0,-8.3266734e-14
2009-07-26,31.5,-25.0,-8.3266734e-14
2009-07-27,31.5,-25.0,-8.3266734e-14
2009-07-28,31.5,-25.0,0.0018911951
2009-07-29,31.5,-25.0,-8.3266734e-14
2009-07-30,31.5,-25.0,-8.3266734e-14
2009-07-31,31.5,-25.0,-7.632784e-14
2009-08-01,31.5,-25.0,1.2638661
2009-08-02,31.5,-25.0,4.483249
2009-08-03,31.5,-25.0,0.045456402
2009-08-04,31.5,-25.0,8.3266734e-14
2009-08-05,31.5,-25.0,8.3266734e-14
2009-08-06,31.5,-25.0,0.0008913019
2009-08-07,31.5,-25.0,0.066847645
2009-08-08,31.5,-25.0,0.20232555
2009-08-09,31.5,-25.0,8.3266734e-14
2009-08-10,31.5,-25.0,8.3266734e-14
2009-08-11,31.5,-25.0,8.3266734e-14
2009-08-12,31.5,-25.0,8.3266734e-14
2009-08-13,31.5,-25.0,8.3266734e-14
2009-08-14,31.5,-25.0,8.3266734e-14
2009-08-15,31.5,-25.0,0.0026739058
2009-08-16,31.5,-25.0,1.4644091
2009-08-17,31.5,-25.0,0.37880337
2009-08-18,31.5,-25.0,0.00445651
2009-08-19,31.5,-25.0,0.0017826038
2009-08-20,31.5,-25.0,0.0008913019
2009-08-21,31.5,-25.0,8.3266734e-14
2009-08-22,31.5,-25.0,8.3266734e-14
2009-08-23,31.5,-25.0,8.3266734e-14
2009-08-24,31.5,-25.0,0.18004298
2009-08-25,31.5,-25.0,0.0008913019
2009-08-26,31.5,-25.0,8.3266734e-14
2009-08-27,31.5,-25.0,0.28878185
2009-08-28,31.5,-25.0,8.3266734e-14
2009-08-29,31.5,-25.0,8.3266734e-14
2009-08-30,31.5,-25.0,8.3266734e-14
2009-08-31,31.5,-25.0,7.979728e-14
2009-09-01,31.5,-25.0,0.0
2009-09-02,31.5,-25.0,0.0
2009-09-03,31.5,-25.0,0.0
2009-09-04,31.5,-25.0,0.0
2009-09-05,31.5,-25.0,0.00466125
2009-09-06,31.5,-25.0,0.020975625
2009-09-07,31.5,-25.0,0.0
2009-09-08,31.5,-25.0,0.0011653125
2009-09-09,31.5,-25.0,0.110704705
2009-09-10,31.5,-25.0,0.30181596
2009-09-11,31.5,-25.0,0.14333345
2009-09-12,31.5,-25.0,0.0
2009-09-13,31.5,-25.0,0.0
2009-09-14,31.5,-25.0,0.0
2009-09-15,31.5,-25.0,0.0
2009-09-16,31.5,-25.0,0.0
2009-09-17,31.5,-25.0,0.0011653125
2009-09-18,31.5,-25.0,0.2971547
2009-09-19,31.5,-25.0,0.0
2009-09-20,31.5,-25.0,0.0011653125
2009-09-21,31.5,-25.0,0.0
2009-09-22,31.5,-25.0,0.085067816
2009-09-23,31.5,-25.0,0.07691062
2009-09-24,31.5,-25.0,0.49525782
2009-09-25,31.5,-25.0,1.4356651
2009-09-26,31.5,-25.0,0.0
2009-09-27,31.5,-25.0,0.0058265617
2009-09-28,31.5,-25.0,0.13168031
2009-09-29,31.5,-25.0,0.30181596
2009-09-30,31.5,-25.0,0.0
2009-10-01,31.5,-25.0,0.03694074
2009-10-02,31.5,-25.0,1.4273491
2009-10-03,31.5,-25.0,0.15802427
2009-10-04,31.5,-25.0,0.17341624
2009-10-05,31.5,-25.0,0.0
2009-10-06,31.5,-25.0,0.0
2009-10-07,31.5,-25.0,0.0
2009-10-08,31.5,-25.0,0.009235185
2009-10-09,31.5,-25.0,0.044123657
2009-10-10,31.5,-25.0,1.3144746
2009-10-11,31.5,-25.0,0.5202487
2009-10-12,31.5,-25.0,0.0
2009-10-13,31.5,-25.0,0.090299584
2009-10-14,31.5,-25.0,0.009235185
2009-10-15,31.5,-25.0,0.0
2009-10-16,31.5,-25.0,0.005130658
2009-10-17,31.5,-25.0,2.3375278
2009-10-18,31.5,-25.0,1.2190444
2009-10-19,31.5,-25.0,0.3222053
2009-10-20,31.5,-25.0,0.0
2009-10-21,31.5,-25.0,0.0010261317
2009-10-22,31.5,-25.0,1.1164311
2009-10-23,31.5,-25.0,0.12929258
2009-10-24,31.5,-25.0,0.0
2009-10-25,31.5,-25.0,0.006156789
2009-10-26,31.5,-25.0,0.41353106
2009-10-27,31.5,-25.0,0.45047182
2009-10-28,31.5,-25.0,0.16418107
2009-10-29,31.5,-25.0,5.2917604
2009-10-30,31.5,-25.0,3.3441632
2009-10-31,31.5,-25.0,0.34580636
2009-11-01,31.5,-25.0,0.0063443435
2009-11-02,31.5,-25.0,0.025377374
2009-11-03,31.5,-25.0,-1.6653347e-13
2009-11-04,31.5,-25.0,1.0315902
2009-11-05,31.5,-25.0,0.50374085
2009-11-06,31.5,-25.0,0.0812076
2009-11-07,31.5,-25.0,4.2633986
2009-11-08,31.5,-25.0,0.022839636
2009-11-09,31.5,-25.0,0.025377374
2009-11-10,31.5,-25.0,0.6065192
2009-11-11,31.5,-25.0,0.03806606
2009-11-12,31.5,-25.0,0.4847078
2009-11-13,31.5,-25.0,7.5992546
2009-11-14,31.5,-25.0,0.055830225
2009-11-15,31.5,-25.0,2.877794
2009-11-16,31.5,-25.0,2.7306054
2009-11-17,31.5,-25.0,0.34640115
2009-11-18,31.5,-25.0,-1.6653347e-13
2009-11-19,31.5,-25.0,16.198376
2009-11-20,31.5,-25.0,41.19382
2009-11-21,31.5,-25.0,20.29048
2009-11-22,31.5,-25.0,0.0025377376
2009-11-23,31.5,-25.0,0.1776416
2009-11-24,31.5,-25.0,0.26519352
2009-11-25,31.5,-25.0,-1.6653347e-13
2009-11-26,31.5,-25.0,0.22966525
2009-11-27,31.5,-25.0,1.5962367
2009-11-28,31.5,-25.0,1.8601615
2009-11-29,31.5,-25.0,0.03172172
2009-11-30,31.5,-25.0,11.900301
2009-12-01,31.5,-25.0,3.3637383
2009-12-02,31.5,-25.0,0.10871601
2009-12-03,31.5,-25.0,3.615615
2009-12-04,31.5,-25.0,7.897519
2009-12-05,31.5,-25.0,8.100958
2009-12-06,31.5,-25.0,0.17114699
2009-12-07,31.5,-25.0,0.48653108
2009-12-08,31.5,-25.0,1.4994199
2009-12-09,31.5,-25.0,1.9794927
2009-12-10,31.5,-25.0,0.6426085
2009-12-11,31.5,-25.0,8.123562
2009-12-12,31.5,-25.0,0.0139931515
2009-12-13,31.5,-25.0,10.586358
2009-12-14,31.5,-25.0,0.6856644
2009-12-15,31.5,-25.0,-1.6653347e-13
2009-12-16,31.5,-25.0,-1.6653347e-13
2009-12-17,31.5,-25.0,-1.6653347e-13
2009-12-18,31.5,-25.0,0.04951422
2009-12-19,31.5,-25.0,0.99889565
2009-12-20,31.5,-25.0,9.421696
2009-12-21,31.5,-25.0,0.062430978
2009-12-22,31.5,-25.0,-1.6653347e-13
2009-12-23,31.5,-25.0,-1.6653347e-13
2009-12-24,31.5,-25.0,0.09795205
2009-12-25,31.5,-25.0,0.10010484
2009-12-26,31.5,-25.0,0.015069547
2009-12-27,31.5,-25.0,2.086056
2009-12-28,31.5,-25.0,-1.6653347e-13
2009-12-29,31.5,-25.0,0.81590843
2009-12-30,31.5,-25.0,-1.6653347e-13
2009-12-31,31.5,-25.0,-1.5959456e-13
2010-01-01,31.5,-25.0,0.01739278
2010-01-02,31.5,-25.0,0.41207504
2010-01-03,31.5,-25.0,2.5353322
2010-01-04,31.5,-25.0,15.032715
2010-01-05,31.5,-25.0,4.516771
2010-01-06,31.5,-25.0,1.0970831
2010-01-07,31.5,-25.0,0.21540289
2010-01-08,31.5,-25.0,0.020068593
2010-01-09,31.5,-25.0,0.0
2010-01-10,31.5,-25.0,0.0
2010-01-11,31.5,-25.0,0.0
2010-01-12,31.5,-25.0,0.10168087
2010-01-13,31.5,-25.0,0.8402051
2010-01-14,31.5,-25.0,0.03746137
2010-01-15,31.5,-25.0,0.05217834
2010-01-16,31.5,-25.0,1.553309
2010-01-17,31.5,-25.0,0.9378722
2010-01-18,31.5,-25.0,0.0
2010-01-19,31.5,-25.0,0.13780433
2010-01-20,31.5,-25.0,0.6609257
2010-01-21,31.5,-25.0,0.07893646
2010-01-22,31.5,-25.0,0.38264117
2010-01-23,31.5,-25.0,2.2851436
2010-01-24,31.5,-25.0,0.3759516
2010-01-25,31.5,-25.0,13.142252
2010-01-26,31.5,-25.0,16.499058
2010-01-27,31.5,-25.0,35.06518
2010-01-28,31.5,-25.0,19.576244
2010-01-29,31.5,-25.0,7.159136
2010-01-30,31.5,-25.0,6.494197
2010-01-31,31.5,-25.0,0.0
2010-02-01,31.5,-25.0,2.714403
2010-02-02,31.5,-25.0,1.4041559
2010-02-03,31.5,-25.0,0.102852166
2010-02-04,31.5,-25.0,17.083523
2010-02-05,31.5,-25.0,2.479632
2010-02-06,31.5,-25.0,0.22359169
2010-02-07,31.5,-25.0,0.02124121
2010-02-08,31.5,-25.0,0.35439283
2010-02-09,31.5,-25.0,0.010061626
2010-02-10,31.5,-25.0,0.004471834
2010-02-11,31.5,-25.0,0.0
2010-02-12,31.5,-25.0,0.0
2010-02-13,31.5,-25.0,0.52208656
2010-02-14,31.5,-25.0,10.447322
2010-02-15,31.5,-25.0,1.5752037
2010-02-16,31.5,-25.0,0.0011179585
2010-02-17,31.5,-25.0,9.400912
2010-02-18,31.5,-25.0,11.024188
2010-02-19,31.5,-25.0,3.6646676
2010-02-20,31.5,-25.0,1.1134865
2010-02-21,31.5,-25.0,0.050308127
2010-02-22,31.5,-25.0,2.1755471
2010-02-23,31.5,-25.0,1.6053883
2010-02-24,31.5,-25.0,1.5248952
2010-02-25,31.5,-25.0,0.035774667
2010-02-26,31.5,-25.0,6.6306114
2010-02-27,31.5,-25.0,1.0452911
2010-02-28,31.5,-25.0,0.0
2010-03-01,31.5,-25.0,0.0475308
2010-03-02,31.5,-25.0,0.9320674
2010-03-03,31.5,-25.0,1.2566679
2010-03-04,31.5,-25.0,0.6920948
2010-03-05,31.5,-25.0,0.48806018
2010-03-06,31.5,-25.0,0.14375168
2010-03-07,31.5,-25.0,0.8996073
2010-03-08,31.5,-25.0,0.07187584
2010-03-09,31.5,-25.0,0.17273387
2010-03-10,31.5,-25.0,0.07303513
2010-03-11,31.5,-25.0,0.033619344
2010-03-12,31.5,-25.0,0.055645816
2010-03-13,31.5,-25.0,1.9800634
2010-03-14,31.5,-25.0,4.902628
2010-03-15,31.5,-25.0,0.36865348
2010-03-16,31.5,-25.0,0.041734356
2010-03-17,31.5,-25.0,6.355215
2010-03-18,31.5,-25.0,0.033619344
2010-03-19,31.5,-25.0,0.012752164
2010-03-20,31.5,-25.0,1.3447739
2010-03-21,31.5,-25.0,2.3243718
2010-03-22,31.5,-25.0,0.013911454
2010-03-23,31.5,-25.0,1.4491098
2010-03-24,31.5,-25.0,0.059123676
2010-03-25,31.5,-25.0,0.0023185755
2010-03-26,31.5,-25.0,0.034778632
2010-03-27,31.5,-25.0,0.33387485
2010-03-28,31.5,-25.0,0.36633494
2010-03-29,31.5,-25.0,0.0
2010-03-30,31.5,-25.0,2.1783013
2010-03-31,31.5,-25.0,13.286188
2010-04-01,31.5,-25.0,1.9059701
2010-04-02,31.5,-25.0,10.6738205
2010-04-03,31.5,-25.0,14.550882
2010-04-04,31.5,-25.0,9.325744
2010-04-05,31.5,-25.0,30.327375
2010-04-06,31.5,-25.0,8.871848
2010-04-07,31.5,-25.0,2.8118162
2010-04-08,31.5,-25.0,1.0438612
2010-04-09,31.5,-25.0,0.06803565
2010-04-10,31.5,-25.0,0.08941828
2010-04-11,31.5,-25.0,0.03984945
2010-04-12,31.5,-25.0,0.023326507
2010-04-13,31.5,-25.0,0.09039021
2010-04-14,31.5,-25.0,0.0
2010-04-15,31.5,-25.0,0.0
2010-04-16,31.5,-25.0,0.8368385
2010-04-17,31.5,-25.0,0.20410693
2010-04-18,31.5,-25.0,0.44806337
2010-04-19,31.5,-25.0,0.5219306
2010-04-20,31.5,-25.0,27.372683
2010-04-21,31.5,-25.0,6.0765553
2010-04-22,31.5,-25.0,0.0
2010-04-23,31.5,-25.0,0.049568832
2010-04-24,31.5,-25.0,0.6337035
2010-04-25,31.5,-25.0,1.173129
2010-04-26,31.5,-25.0,0.33531857
2010-04-27,31.5,-25.0,0.21771406
2010-04-28,31.5,-25.0,0.0
2010-04-29,31.5,-25.0,0.4470914
2010-04-30,31.5,-25.0,0.23326507
2010-05-01,31.5,-25.0,0.25298548
2010-05-02,31.5,-25.0,0.82649064
2010-05-03,31.5,-25.0,-1.6653347e-13
2010-05-04,31.5,-25.0,0.010719723
2010-05-05,31.5,-25.0,-1.6653347e-13
2010-05-06,31.5,-25.0,-1.6653347e-13
2010-05-07,31.5,-25.0,0.050382692
2010-05-08,31.5,-25.0,0.016079582
2010-05-09,31.5,-25.0,-1.6653347e-13
2010-05-10,31.5,-25.0,0.8382822
2010-05-11,31.5,-25.0,-1.6653347e-13
2010-05-12,31.5,-25.0,0.58529687
2010-05-13,31.5,-25.0,0.5188346
2010-05-14,31.5,-25.0,-1.6653347e-13
2010-05-15,31.5,-25.0,0.84793013
2010-05-16,31.5,-25.0,2.8021355
2010-05-17,31.5,-25.0,0.5070429
2010-05-18,31.5,-25.0,-1.6653347e-13
2010-05-19,31.5,-25.0,0.0010719723
2010-05-20,31.5,-25.0,0.41163737
2010-05-21,31.5,-25.0,0.015007611
2010-05-22,31.5,-25.0,-1.6653347e-13
2010-05-23,31.5,-25.0,-1.6653347e-13
2010-05-24,31.5,-25.0,-1.6653347e-13
2010-05-25,31.5,-25.0,-1.6653347e-13
2010-05-26,31.5,-25.0,-1.6653347e-13
2010-05-27,31.5,-25.0,-1.6653347e-13
2010-05-28,31.5,-25.0,0.0010719723
2010-05-29,31.5,-25.0,0.017151557
2010-05-30,31.5,-25.0,1.5479281
2010-05-31,31.5,-25.0,0.4137813
2010-06-01,31.5,-25.0,-8.3266734e-14
2010-06-02,31.5,-25.0,-8.3266734e-14
2010-06-03,31.5,-25.0,-8.3266734e-14
2010-06-04,31.5,-25.0,-8.3266734e-14
2010-06-05,31.5,-25.0,-8.3266734e-14
2010-06-06,31.5,-25.0,-8.3266734e-14
2010-06-07,31.5,-25.0,-8.3266734e-14
2010-06-08,31.5,-25.0,-8.3266734e-14
2010-06-09,31.5,-25.0,0.11621518
2010-06-10,31.5,-25.0,0.07009804
2010-06-11,31.5,-25.0,0.004611713
2010-06-12,31.5,-25.0,-8.3266734e-14
2010-06-13,31.5,-25.0,-8.3266734e-14
2010-06-14,31.5,-25.0,-8.3266734e-14
2010-06-15,31.5,-25.0,0.008301083
2010-06-16,31.5,-25.0,-8.3266734e-14
2010-06-17,31.5,-25.0,-8.3266734e-14
2010-06-18,31.5,-25.0,-8.3266734e-14
2010-06-19,31.5,-25.0,-8.3266734e-14
2010-06-20,31.5,-25.0,-8.3266734e-14
2010-06-21,31.5,-25.0,-8.3266734e-14
2010-06-22,31.5,-25.0,-8.3266734e-14
2010-06-23,31.5,-25.0,0.082088485
2010-06-24,31.5,-25.0,0.009223426
2010-06-25,31.5,-25.0,-8.3266734e-14
2010-06-26,31.5,-25.0,-8.3266734e-14
2010-06-27,31.5,-25.0,0.5285023
2010-06-28,31.5,-25.0,1.2257934
2010-06-29,31.5,-25.0,-8.3266734e-14
2010-06-30,31.5,-25.0,-7.979728e-14
2010-07-01,31.5,-25.0,0.9138273
2010-07-02,31.5,-25.0,1.2292949
2010-07-03,31.5,-25.0,0.0
2010-07-04,31.5,-25.0,0.0
2010-07-05,31.5,-25.0,0.91297007
2010-07-06,31.5,-25.0,0.0
2010-07-07,31.5,-25.0,0.36604527
2010-07-08,31.5,-25.0,0.18688026
2010-07-09,31.5,-25.0,0.0
2010-07-10,31.5,-25.0,0.0
2010-07-11,31.5,-25.0,0.0
2010-07-12,31.5,-25.0,0.2014535
2010-07-13,31.5,-25.0,0.0
2010-07-14,31.5,-25.0,0.0
2010-07-15,31.5,-25.0,0.0
2010-07-16,31.5,-25.0,0.0
2010-07-17,31.5,-25.0,0.0
2010-07-18,31.5,-25.0,0.0
2010-07-19,31.5,-25.0,0.0
2010-07-20,31.5,-25.0,0.0
2010-07-21,31.5,-25.0,2.8357797
2010-07-22,31.5,-25.0,0.10972786
2010-07-23,31.5,-25.0,0.0
2010-07-24,31.5,-25.0,0.0
2010-07-25,31.5,-25.0,0.43805417
2010-07-26,31.5,-25.0,0.81524366
2010-07-27,31.5,-25.0,0.0
2010-07-28,31.5,-25.0,0.0
2010-07-29,31.5,-25.0,0.56664157
2010-07-30,31.5,-25.0,0.27260515
2010-07-31,31.5,-25.0,0.0
2010-08-01,31.5,-25.0,0.0
2010-08-02,31.5,-25.0,0.0
2010-08-03,31.5,-25.0,0.0
2010-08-04,31.5,-25.0,0.0
2010-08-05,31.5,-25.0,0.0
2010-08-06,31.5,-25.0,0.07784839
2010-08-07,31.5,-25.0,0.23910576
2010-08-08,31.5,-25.0,0.0
2010-08-09,31.5,-25.0,0.0417045
2010-08-10,31.5,-25.0,0.0778484
2010-08-11,31.5,-25.0,0.23771565
2010-08-12,31.5,-25.0,0.1306741
2010-08-13,31.5,-25.0,0.0
2010-08-14,31.5,-25.0,0.0
2010-08-15,31.5,-25.0,0.0
2010-08-16,31.5,-25.0,0.0
2010-08-17,31.5,-25.0,0.0027802999
2010-08-18,31.5,-25.0,0.0
2010-08-19,31.5,-25.0,0.21269295
2010-08-20,31.5,-25.0,0.058386296
2010-08-21,31.5,-25.0,0.0
2010-08-22,31.5,-25.0,0.0
2010-08-23,31.5,-25.0,0.0
2010-08-24,31.5,-25.0,0.5880334
2010-08-25,31.5,-25.0,0.027803002
2010-08-26,31.5,-25.0,0.0
2010-08-27,31.5,-25.0,0.0
2010-08-28,31.5,-25.0,0.0
2010-08-29,31.5,-25.0,0.0013901499
2010-08-30,31.5,-25.0,0.00973105
2010-08-31,31.5,-25.0,0.0
2010-09-01,31.5,-25.0,0.0
2010-09-02,31.5,-25.0,0.1807668
2010-09-03,31.5,-25.0,0.0009414939
2010-09-04,31.5,-25.0,0.0009414939
2010-09-05,31.5,-25.0,0.06590457
2010-09-06,31.5,-25.0,0.0028244813
2010-09-07,31.5,-25.0,0.4246137
2010-09-08,31.5,-25.0,0.6364498
2010-09-09,31.5,-25.0,0.0
2010-09-10,31.5,-25.0,0.19300622
2010-09-11,31.5,-25.0,0.057431117
2010-09-12,31.5,-25.0,0.0
2010-09-13,31.5,-25.0,0.0
2010-09-14,31.5,-25.0,0.0
2010-09-15,31.5,-25.0,0.0
2010-09-16,31.5,-25.0,0.5752527
2010-09-17,31.5,-25.0,0.16946888
2010-09-18,31.5,-25.0,0.0
2010-09-19,31.5,-25.0,0.0
2010-09-20,31.5,-25.0,0.0
2010-09-21,31.5,-25.0,0.0
2010-09-22,31.5,-25.0,0.0
2010-09-23,31.5,-25.0,0.0
2010-09-24,31.5,-25.0,0.0
2010-09-25,31.5,-25.0,0.0056489627
2010-09-26,31.5,-25.0,0.0
2010-09-27,31.5,-25.0,0.019771371
2010-09-28,31.5,-25.0,0.41237426
2010-09-29,31.5,-25.0,0.0
2010-09-30,31.5,-25.0,0.0
2010-10-01,31.5,-25.0,0.0
2010-10-02,31.5,-25.0,0.0
2010-10-03,31.5,-25.0,0.0060097505
2010-10-04,31.5,-25.0,0.21334612
2010-10-05,31.5,-25.0,0.0010016251
2010-10-06,31.5,-25.0,0.22135913
2010-10-07,31.5,-25.0,1.0286689
2010-10-08,31.5,-25.0,0.0040065004
2010-10-09,31.5,-25.0,0.016026001
2010-10-10,31.5,-25.0,0.0
2010-10-11,31.5,-25.0,1.4523563
2010-10-12,31.5,-25.0,0.1722795
2010-10-13,31.5,-25.0,0.5909588
2010-10-14,31.5,-25.0,1.0647274
2010-10-15,31.5,-25.0,4.774747
2010-10-16,31.5,-25.0,0.035056878
2010-10-17,31.5,-25.0,0.0020032502
2010-10-18,31.5,-25.0,0.0020032502
2010-10-19,31.5,-25.0,0.22636724
2010-10-20,31.5,-25.0,0.0
2010-10-21,31.5,-25.0,0.0
2010-10-22,31.5,-25.0,0.0
2010-10-23,31.5,-25.0,0.47477025
2010-10-24,31.5,-25.0,0.3465623
2010-10-25,31.5,-25.0,1.9221185
2010-10-26,31.5,-25.0,0.023037378
2010-10-27,31.5,-25.0,0.0030048753
2010-10-28,31.5,-25.0,1.7338132
2010-10-29,31.5,-25.0,0.0
2010-10-30,31.5,-25.0,0.0
2010-10-31,31.5,-25.0,0.23638353
2010-11-01,31.5,-25.0,0.0
2010-11-02,31.5,-25.0,0.0060158046
2010-11-03,31.5,-25.0,0.0
2010-11-04,31.5,-25.0,1.8603873
2010-11-05,31.5,-25.0,21.702766
2010-11-06,31.5,-25.0,34.054718
2010-11-07,31.5,-25.0,1.7475911
2010-11-08,31.5,-25.0,0.074445575
2010-11-09,31.5,-25.0,6.647464
2010-11-10,31.5,-25.0,24.214365
2010-11-11,31.5,-25.0,0.0
2010-11-12,31.5,-25.0,0.09098904
2010-11-13,31.5,-25.0,0.33613306
2010-11-14,31.5,-25.0,2.4221132
2010-11-15,31.5,-25.0,0.48276836
2010-11-16,31.5,-25.0,1.719768
2010-11-17,31.5,-25.0,6.0819783
2010-11-18,31.5,-25.0,1.3761153
2010-11-19,31.5,-25.0,0.03835075
2010-11-20,31.5,-25.0,0.22784859
2010-11-21,31.5,-25.0,0.080461375
2010-11-22,31.5,-25.0,0.3549325
2010-11-23,31.5,-25.0,1.7039766
2010-11-24,31.5,-25.0,11.647348
2010-11-25,31.5,-25.0,0.0
2010-11-26,31.5,-25.0,0.25341576
2010-11-27,31.5,-25.0,0.31206983
2010-11-28,31.5,-25.0,3.2583098
2010-11-29,31.5,-25.0,1.6445707
2010-11-30,31.5,-25.0,0.045118526
2010-12-01,31.5,-25.0,0.0
2010-12-02,31.5,-25.0,0.27063313
2010-12-03,31.5,-25.0,16.79776
2010-12-04,31.5,-25.0,3.4939432
2010-12-05,31.5,-25.0,2.1037679
2010-12-06,31.5,-25.0,4.514022
2010-12-07,31.5,-25.0,0.44527245
2010-12-08,31.5,-25.0,0.46146417
2010-12-09,31.5,-25.0,0.18851794
2010-12-10,31.5,-25.0,0.019661382
2010-12-11,31.5,-25.0,9.211935
2010-12-12,31.5,-25.0,6.2881722
2010-12-13,31.5,-25.0,0.0
2010-12-14,31.5,-25.0,10.502647
2010-12-15,31.5,-25.0,19.545727
2010-12-16,31.5,-25.0,2.2252057
2010-12-17,31.5,-25.0,0.10293311
2010-12-18,31.5,-25.0,0.120281406
2010-12-19,31.5,-25.0,3.4673424
2010-12-20,31.5,-25.0,0.9171456
2010-12-21,31.5,-25.0,0.40132347
2010-12-22,31.5,-25.0,0.0115655195
2010-12-23,31.5,-25.0,0.611816
2010-12-24,31.5,-25.0,0.3608442
2010-12-25,31.5,-25.0,1.9337547
2010-12-26,31.5,-25.0,0.17695244
2010-12-27,31.5,-25.0,0.002313104
2010-12-28,31.5,-25.0,0.0
2010-12-29,31.5,-25.0,0.04394897
2010-12-30,31.5,-25.0,1.1172292
2010-12-31,31.5,-25.0,0.036762994
2011-01-01,31.5,-25.0,2.5831652
2011-01-02,31.5,-25.0,3.3747654
2011-01-03,31.5,-25.0,1.0736649
2011-01-04,31.5,-25.0,1.3784766
2011-01-05,31.5,-25.0,11.519152
2011-01-06,31.5,-25.0,11.77574
2011-01-07,31.5,-25.0,1.7770066
2011-01-08,31.5,-25.0,0.10008741
2011-01-09,31.5,-25.0,1.9107597
2011-01-10,31.5,-25.0,9.164368
2011-01-11,31.5,-25.0,2.2274
2011-01-12,31.5,-25.0,6.007065
2011-01-13,31.5,-25.0,2.2701645
2011-01-14,31.5,-25.0,1.3693779
2011-01-15,31.5,-25.0,79.92617
2011-01-16,31.5,-25.0,4.2073107
2011-01-17,31.5,-25.0,18.287792
2011-01-18,31.5,-25.0,2.3920891
2011-01-19,31.5,-25.0,2.083638
2011-01-20,31.5,-25.0,8.244473
2011-01-21,31.5,-25.0,15.0567875
2011-01-22,31.5,-25.0,0.035485536
2011-01-23,31.5,-25.0,11.589212
2011-01-24,31.5,-25.0,0.75429523
2011-01-25,31.5,-25.0,0.08734901
2011-01-26,31.5,-25.0,5.144493
2011-01-27,31.5,-25.0,1.6887476
2011-01-28,31.5,-25.0,0.2029045
2011-01-29,31.5,-25.0,0.20745394
2011-01-30,31.5,-25.0,0.0054593133
2011-01-31,31.5,-25.0,0.440944
2011-02-01,31.5,-25.0,0.47937772
2011-02-02,31.5,-25.0,0.2387025
2011-02-03,31.5,-25.0,1.2112672
2011-02-04,31.5,-25.0,6.4143906
2011-02-05,31.5,-25.0,2.555695
2011-02-06,31.5,-25.0,0.0
2011-02-07,31.5,-25.0,0.09962377
2011-02-08,31.5,-25.0,0.0
2011-02-09,31.5,-25.0,0.04438683
2011-02-10,31.5,-25.0,0.4922006
2011-02-11,31.5,-25.0,1.487452
2011-02-12,31.5,-25.0,0.35213548
2011-02-13,31.5,-25.0,0.43893644
2011-02-14,31.5,-25.0,0.75358975
2011-02-15,31.5,-25.0,2.4511395
2011-02-16,31.5,-25.0,0.2534981
2011-02-17,31.5,-25.0,1.1550438
2011-02-18,31.5,-25.0,0.030577593
2011-02-19,31.5,-25.0,0.0
2011-02-20,31.5,-25.0,3.8438995
2011-02-21,31.5,-25.0,0.61549735
2011-02-22,31.5,-25.0,0.24560711
2011-02-23,31.5,-25.0,1.5288796
2011-02-24,31.5,-25.0,0.6273338
2011-02-25,31.5,-25.0,0.9755239
2011-02-26,31.5,-25.0,0.69835275
2011-02-27,31.5,-25.0,0.1548607
2011-02-28,31.5,-25.0,0.0019727477
2011-03-01,31.5,-25.0,0.0033137973
2011-03-02,31.5,-25.0,0.0008284493
2011-03-03,31.5,-25.0,0.0
2011-03-04,31.5,-25.0,0.0041422467
2011-03-05,31.5,-25.0,0.063790604
2011-03-06,31.5,-25.0,0.0008284493
2011-03-07,31.5,-25.0,0.67187244
2011-03-08,31.5,-25.0,0.32889438
2011-03-09,31.5,-25.0,0.0
2011-03-10,31.5,-25.0,0.0
2011-03-11,31.5,-25.0,0.0
2011-03-12,31.5,-25.0,0.048050065
2011-03-13,31.5,-25.0,0.2940995
2011-03-14,31.5,-25.0,12.24614
2011-03-15,31.5,-25.0,1.3321466
2011-03-16,31.5,-25.0,1.690865
2011-03-17,31.5,-25.0,0.002485348
2011-03-18,31.5,-25.0,0.66938716
2011-03-19,31.5,-25.0,0.73483455
2011-03-20,31.5,-25.0,3.4612613
2011-03-21,31.5,-25.0,2.1854491
2011-03-22,31.5,-25.0,0.38854274
2011-03-23,31.5,-25.0,0.4051118
2011-03-24,31.5,-25.0,0.09112942
2011-03-25,31.5,-25.0,0.40345484
2011-03-26,31.5,-25.0,2.472093
2011-03-27,31.5,-25.0,2.1075752
2011-03-28,31.5,-25.0,0.5542326
2011-03-29,31.5,-25.0,0.047221616
2011-03-30,31.5,-25.0,0.36203235
2011-03-31,31.5,-25.0,0.21622527
2011-04-01,31.5,-25.0,-8.3266734e-14
2011-04-02,31.5,-25.0,0.058265414
2011-04-03,31.5,-25.0,0.40264016
2011-04-04,31.5,-25.0,11.981806
2011-04-05,31.5,-25.0,3.5707135
2011-04-06,31.5,-25.0,0.34872288
2011-04-07,31.5,-25.0,-8.3266734e-14
2011-04-08,31.5,-25.0,0.16609992
2011-04-09,31.5,-25.0,0.01130523
2011-04-10,31.5,-25.0,-8.3266734e-14
2011-04-11,31.5,-25.0,0.0008696331
2011-04-12,31.5,-25.0,0.006957065
2011-04-13,31.5,-25.0,0.1756659
2011-04-14,31.5,-25.0,1.2400969
2011-04-15,31.5,-25.0,1.4088056
2011-04-16,31.5,-25.0,10.772145
2011-04-17,31.5,-25.0,9.736413
2011-04-18,31.5,-25.0,0.0052177985
2011-04-19,31.5,-25.0,-8.3266734e-14
2011-04-20,31.5,-25.0,0.08609368
2011-04-21,31.5,-25.0,2.368011
2011-04-22,31.5,-25.0,0.5922201
2011-04-23,31.5,-25.0,0.0026088993
2011-04-24,31.5,-25.0,-8.3266734e-14
2011-04-25,31.5,-25.0,-8.3266734e-14
2011-04-26,31.5,-25.0,0.17392662
2011-04-27,31.5,-25.0,0.026088992
2011-04-28,31.5,-25.0,0.06261359
2011-04-29,31.5,-25.0,0.6035254
2011-04-30,31.5,-25.0,0.006945161
2011-05-01,31.5,-25.0,0.11750889
2011-05-02,31.5,-25.0,0.29763198
2011-05-03,31.5,-25.0,0.0
2011-05-04,31.5,-25.0,0.0
2011-05-05,31.5,-25.0,0.00943502
2011-05-06,31.5,-25.0,0.0
2011-05-07,31.5,-25.0,0.04031327
2011-05-08,31.5,-25.0,0.36453485
2011-05-09,31.5,-25.0,0.0
2011-05-10,31.5,-25.0,0.0
2011-05-11,31.5,-25.0,0.0
2011-05-12,31.5,-25.0,0.0
2011-05-13,31.5,-25.0,0.0
2011-05-14,31.5,-25.0,0.0042886455
2011-05-15,31.5,-25.0,0.0
2011-05-16,31.5,-25.0,0.99325037
2011-05-17,31.5,-25.0,1.0189822
2011-05-18,31.5,-25.0,0.08920384
2011-05-19,31.5,-25.0,3.0749593
2011-05-20,31.5,-25.0,0.0205855
2011-05-21,31.5,-25.0,0.0
2011-05-22,31.5,-25.0,0.0
2011-05-23,31.5,-25.0,0.0
2011-05-24,31.5,-25.0,0.0
2011-05-25,31.5,-25.0,0.0
2011-05-26,31.5,-25.0,0.0
2011-05-27,31.5,-25.0,0.0
2011-05-28,31.5,-25.0,0.0
2011-05-29,31.5,-25.0,0.0
2011-05-30,31.5,-25.0,0.0
2011-05-31,31.5,-25.0,-6.938894e-15
2011-06-01,31.5,-25.0,-1.6653347e-13
2011-06-02,31.5,-25.0,-1.6653347e-13
2011-06-03,31.5,-25.0,-1.6653347e-13
2011-06-04,31.5,-25.0,-1.6653347e-13
2011-06-05,31.5,-25.0,-1.6653347e-13
2011-06-06,31.5,-25.0,-1.6653347e-13
2011-06-07,31.5,-25.0,-1.6653347e-13
2011-06-08,31.5,-25.0,0.30163452
2011-06-09,31.5,-25.0,-1.6653347e-13
2011-06-10,31.5,-25.0,-1.6653347e-13
2011-06-11,31.5,-25.0,-1.6653347e-13
2011-06-12,31.5,-25.0,-1.6653347e-13
2011-06-13,31.5,-25.0,-1.6653347e-13
2011-06-14,31.5,-25.0,-1.6653347e-13
2011-06-15,31.5,-25.0,-1.6653347e-13
2011-06-16,31.5,-25.0,-1.6653347e-13
2011-06-17,31.5,-25.0,-1.6653347e-13
2011-06-18,31.5,-25.0,-1.6653347e-13
2011-06-19,31.5,-25.0,-1.6653347e-13
2011-06-20,31.5,-25.0,0.012814537
2011-06-21,31.5,-25.0,0.03745788
2011-06-22,31.5,-25.0,-1.6653347e-13
2011-06-23,31.5,-25.0,-1.6653347e-13
2011-06-24,31.5,-25.0,-1.6653347e-13
2011-06-25,31.5,-25.0,-1.6653347e-13
2011-06-26,31.5,-25.0,-1.6653347e-13
2011-06-27,31.5,-25.0,-1.6653347e-13
2011-06-28,31.5,-25.0,-1.6653347e-13
2011-06-29,31.5,-25.0,-1.6653347e-13
2011-06-30,31.5,-25.0,0.011366467
2011-07-01,31.5,-25.0,0.038178172
2011-07-02,31.5,-25.0,1.6653347e-13
2011-07-03,31.5,-25.0,0.0031815143
2011-07-04,31.5,-25.0,0.13998663
2011-07-05,31.5,-25.0,0.014847066
2011-07-06,31.5,-25.0,1.6653347e-13
2011-07-07,31.5,-25.0,1.6653347e-13
2011-07-08,31.5,-25.0,1.6653347e-13
2011-07-09,31.5,-25.0,0.8897636
2011-07-10,31.5,-25.0,0.87915856
2011-07-11,31.5,-25.0,0.102868974
2011-07-12,31.5,-25.0,1.6653347e-13
2011-07-13,31.5,-25.0,0.1293816
2011-07-14,31.5,-25.0,1.6653347e-13
2011-07-15,31.5,-25.0,1.6653347e-13
2011-07-16,31.5,-25.0,0.09332442
2011-07-17,31.5,-25.0,1.6653347e-13
2011-07-18,31.5,-25.0,1.6653347e-13
2011-07-19,31.5,-25.0,1.6653347e-13
2011-07-20,31.5,-25.0,1.6653347e-13
2011-07-21,31.5,-25.0,1.6653347e-13
2011-07-22,31.5,-25.0,0.015907573
2011-07-23,31.5,-25.0,0.020149592
2011-07-24,31.5,-25.0,1.6653347e-13
2011-07-25,31.5,-25.0,0.1749833
2011-07-26,31.5,-25.0,5.81899
2011-07-27,31.5,-25.0,1.6653347e-13
2011-07-28,31.5,-25.0,1.6653347e-13
2011-07-29,31.5,-25.0,1.6653347e-13
2011-07-30,31.5,-25.0,1.6653347e-13
2011-07-31,31.5,-25.0,0.10074795
2011-08-01,31.5,-25.0,-1.6653347e-13
2011-08-02,31.5,-25.0,-1.6653347e-13
2011-08-03,31.5,-25.0,-1.6653347e-13
2011-08-04,31.5,-25.0,-1.6653347e-13
2011-08-05,31.5,-25.0,-1.6653347e-13
2011-08-06,31.5,-25.0,0.007908425
2011-08-07,31.5,-25.0,0.0011297751
2011-08-08,31.5,-25.0,-1.6653347e-13
2011-08-09,31.5,-25.0,-1.6653347e-13
2011-08-10,31.5,-25.0,-1.6653347e-13
2011-08-11,31.5,-25.0,-1.6653347e-13
2011-08-12,31.5,-25.0,-1.6653347e-13
2011-08-13,31.5,-25.0,-1.6653347e-13
2011-08-14,31.5,-25.0,0.22143593
2011-08-15,31.5,-25.0,5.967472
2011-08-16,31.5,-25.0,10.732864
2011-08-17,31.5,-25.0,0.12427526
2011-08-18,31.5,-25.0,0.038412355
2011-08-19,31.5,-25.0,-1.6653347e-13
2011-08-20,31.5,-25.0,-1.6653347e-13
2011-08-21,31.5,-25.0,-1.6653347e-13
2011-08-22,31.5,-25.0,-1.6653347e-13
2011-08-23,31.5,-25.0,-1.6653347e-13
2011-08-24,31.5,-25.0,-1.6653347e-13
2011-08-25,31.5,-25.0,-1.6653347e-13
2011-08-26,31.5,-25.0,-1.6653347e-13
2011-08-27,31.5,-25.0,0.45529935
2011-08-28,31.5,-25.0,0.13783255
2011-08-29,31.5,-25.0,-1.6653347e-13
2011-08-30,31.5,-25.0,-1.6653347e-13
2011-08-31,31.5,-25.0,-1.5959456e-13
2011-09-01,31.5,-25.0,0.0039137127
2011-09-02,31.5,-25.0,0.0
2011-09-03,31.5,-25.0,0.059684124
2011-09-04,31.5,-25.0,0.0
2011-09-05,31.5,-25.0,0.0019568566
2011-09-06,31.5,-25.0,0.0
2011-09-07,31.5,-25.0,0.0009784283
2011-09-08,31.5,-25.0,0.0
2011-09-09,31.5,-25.0,0.0
2011-09-10,31.5,-25.0,0.0
2011-09-11,31.5,-25.0,0.0
2011-09-12,31.5,-25.0,0.0
2011-09-13,31.5,-25.0,0.0
2011-09-14,31.5,-25.0,0.21329737
2011-09-15,31.5,-25.0,0.0058705695
2011-09-16,31.5,-25.0,0.004892141
2011-09-17,31.5,-25.0,0.0029352847
2011-09-18,31.5,-25.0,0.0
2011-09-19,31.5,-25.0,0.23286593
2011-09-20,31.5,-25.0,0.17024651
2011-09-21,31.5,-25.0,1.4020877
2011-09-22,31.5,-25.0,7.138612
2011-09-23,31.5,-25.0,1.1418258
2011-09-24,31.5,-25.0,0.0039137127
2011-09-25,31.5,-25.0,0.36593214
2011-09-26,31.5,-25.0,0.0
2011-09-27,31.5,-25.0,0.0029352847
2011-09-28,31.5,-25.0,0.0029352847
2011-09-29,31.5,-25.0,0.0
2011-09-30,31.5,-25.0,0.59095097
2011-10-01,31.5,-25.0,0.17248632
2011-10-02,31.5,-25.0,1.7024499
2011-10-03,31.5,-25.0,7.4539433
2011-10-04,31.5,-25.0,0.0068214936
2011-10-05,31.5,-25.0,1.0358925
2011-10-06,31.5,-25.0,1.6653347e-13
2011-10-07,31.5,-25.0,1.6653347e-13
2011-10-08,31.5,-25.0,1.6653347e-13
2011-10-09,31.5,-25.0,1.6653347e-13
2011-10-10,31.5,-25.0,1.6653347e-13
2011-10-11,31.5,-25.0,0.00097449904
2011-10-12,31.5,-25.0,1.6653347e-13
2011-10-13,31.5,-25.0,0.006821493
2011-10-14,31.5,-25.0,0.012668487
2011-10-15,31.5,-25.0,0.13740437
2011-10-16,31.5,-25.0,1.1041075
2011-10-17,31.5,-25.0,0.031183971
2011-10-18,31.5,-25.0,0.12668487
2011-10-19,31.5,-25.0,0.118888885
2011-10-20,31.5,-25.0,1.8252366
2011-10-21,31.5,-25.0,1.6653347e-13
2011-10-22,31.5,-25.0,1.6653347e-13
2011-10-23,31.5,-25.0,1.6653347e-13
2011-10-24,31.5,-25.0,1.6653347e-13
2011-10-25,31.5,-25.0,0.19782332
2011-10-26,31.5,-25.0,0.9062842
2011-10-27,31.5,-25.0,5.0781145
2011-10-28,31.5,-25.0,0.6909199
2011-10-29,31.5,-25.0,15.260656
2011-10-30,31.5,-25.0,0.010719489
2011-10-31,31.5,-25.0,1.2550716
2011-11-01,31.5,-25.0,5.8056674
2011-11-02,31.5,-25.0,0.15187636
2011-11-03,31.5,-25.0,0.34477043
2011-11-04,31.5,-25.0,1.6653347e-13
2011-11-05,31.5,-25.0,0.5243615
2011-11-06,31.5,-25.0,0.47114924
2011-11-07,31.5,-25.0,0.10753289
2011-11-08,31.5,-25.0,1.6653347e-13
2011-11-09,31.5,-25.0,1.6653347e-13
2011-11-10,31.5,-25.0,0.012194453
2011-11-11,31.5,-25.0,0.052103564
2011-11-12,31.5,-25.0,0.002217173
2011-11-13,31.5,-25.0,0.5032983
2011-11-14,31.5,-25.0,5.7690845
2011-11-15,31.5,-25.0,1.6653347e-13
2011-11-16,31.5,-25.0,1.6653347e-13
2011-11-17,31.5,-25.0,0.19289406
2011-11-18,31.5,-25.0,0.14744201
2011-11-19,31.5,-25.0,2.8679132
2011-11-20,31.5,-25.0,0.8569374
2011-11-21,31.5,-25.0,17.312796
2011-11-22,31.5,-25.0,20.085371
2011-11-23,31.5,-25.0,0.15187636
2011-11-24,31.5,-25.0,1.9755013
2011-11-25,31.5,-25.0,0.0011085866
2011-11-26,31.5,-25.0,0.012194453
2011-11-27,31.5,-25.0,0.4057427
2011-11-28,31.5,-25.0,1.6653347e-13
2011-11-29,31.5,-25.0,0.029931838
2011-11-30,31.5,-25.0,0.10753289
2011-12-01,31.5,-25.0,0.018000029
2011-12-02,31.5,-25.0,0.26325044
2011-12-03,31.5,-25.0,5.952385
2011-12-04,31.5,-25.0,0.059625097
2011-12-05,31.5,-25.0,0.020250034
2011-12-06,31.5,-25.0,-1.6653347e-13
2011-12-07,31.5,-25.0,-1.6653347e-13
2011-12-08,31.5,-25.0,0.36900064
2011-12-09,31.5,-25.0,0.23400041
2011-12-10,31.5,-25.0,0.01912503
2011-12-11,31.5,-25.0,2.404129
2011-12-12,31.5,-25.0,0.20475033
2011-12-13,31.5,-25.0,2.6921294
2011-12-14,31.5,-25.0,18.199156
2011-12-15,31.5,-25.0,22.890413
2011-12-16,31.5,-25.0,3.051005
2011-12-17,31.5,-25.0,0.0022500036
2011-12-18,31.5,-25.0,0.0033750054
2011-12-19,31.5,-25.0,-1.6653347e-13
2011-12-20,31.5,-25.0,0.5478759
2011-12-21,31.5,-25.0,-1.6653347e-13
2011-12-22,31.5,-25.0,0.14962526
2011-12-23,31.5,-25.0,1.0125016
2011-12-24,31.5,-25.0,22.231161
2011-12-25,31.5,-25.0,0.20925035
2011-12-26,31.5,-25.0,0.5771259
2011-12-27,31.5,-25.0,0.27337545
2011-12-28,31.5,-25.0,7.3226376
2011-12-29,31.5,-25.0,0.12825021
2011-12-30,31.5,-25.0,0.0056250095
2011-12-31,31.5,-25.0,0.6047708
2012-01-01,31.5,-25.0,0.00088974496
2012-01-02,31.5,-25.0,0.3078517
2012-01-03,31.5,-25.0,0.0
2012-01-04,31.5,-25.0,0.05516418
2012-01-05,31.5,-25.0,0.0
2012-01-06,31.5,-25.0,0.008897448
2012-01-07,31.5,-25.0,0.0
2012-01-08,31.5,-25.0,0.011566684
2012-01-09,31.5,-25.0,0.0062282137
2012-01-10,31.5,-25.0,3.898862
2012-01-11,31.5,-25.0,11.519526
2012-01-12,31.5,-25.0,0.121895045
2012-01-13,31.5,-25.0,0.17083101
2012-01-14,31.5,-25.0,1.0294348
2012-01-15,31.5,-25.0,0.012456427
2012-01-16,31.5,-25.0,3.0758476
2012-01-17,31.5,-25.0,21.143007
2012-01-18,31.5,-25.0,31.177547
2012-01-19,31.5,-25.0,2.178095
2012-01-20,31.5,-25.0,0.21264902
2012-01-21,31.5,-25.0,0.08274627
2012-01-22,31.5,-25.0,0.1370207
2012-01-23,31.5,-25.0,0.23044391
2012-01-24,31.5,-25.0,2.130939
2012-01-25,31.5,-25.0,1.6851766
2012-01-26,31.5,-25.0,0.0
2012-01-27,31.5,-25.0,0.0
2012-01-28,31.5,-25.0,0.0026692345
2012-01-29,31.5,-25.0,0.005338469
2012-01-30,31.5,-25.0,0.0
2012-01-31,31.5,-25.0,0.0
2012-02-01,31.5,-25.0,0.0
2012-02-02,31.5,-25.0,0.0
2012-02-03,31.5,-25.0,0.025961954
2012-02-04,31.5,-25.0,1.4668503
2012-02-05,31.5,-25.0,1.1440567
2012-02-06,31.5,-25.0,0.7278001
2012-02-07,31.5,-25.0,0.056250896
2012-02-08,31.5,-25.0,0.0
2012-02-09,31.5,-25.0,0.0
2012-02-10,31.5,-25.0,0.0
2012-02-11,31.5,-25.0,2.685331
2012-02-12,31.5,-25.0,0.5166428
2012-02-13,31.5,-25.0,0.03721213
2012-02-14,31.5,-25.0,0.083943635
2012-02-15,31.5,-25.0,0.39116004
2012-02-16,31.5,-25.0,0.1523101
2012-02-17,31.5,-25.0,0.0
2012-02-18,31.5,-25.0,0.35654414
2012-02-19,31.5,-25.0,4.7389216
2012-02-20,31.5,-25.0,0.0060577886
2012-02-21,31.5,-25.0,0.0051923897
2012-02-22,31.5,-25.0,0.012115577
2012-02-23,31.5,-25.0,1.3794448
2012-02-24,31.5,-25.0,0.027692746
2012-02-25,31.5,-25.0,0.0008653983
2012-02-26,31.5,-25.0,0.0017307966
2012-02-27,31.5,-25.0,0.062308677
2012-02-28,31.5,-25.0,0.12980977
2012-02-29,31.5,-25.0,0.49144173
2012-03-01,31.5,-25.0,1.2990837
2012-03-02,31.5,-25.0,1.2695808
2012-03-03,31.5,-25.0,8.3266734e-14
2012-03-04,31.5,-25.0,0.09041242
2012-03-05,31.5,-25.0,2.327882
2012-03-06,31.5,-25.0,0.054247454
2012-03-07,31.5,-25.0,0.005710258
2012-03-08,31.5,-25.0,8.3266734e-14
2012-03-09,31.5,-25.0,0.020937614
2012-03-10,31.5,-25.0,8.3266734e-14
2012-03-11,31.5,-25.0,0.0019034192
2012-03-12,31.5,-25.0,0.12943253
2012-03-13,31.5,-25.0,3.4394789
2012-03-14,31.5,-25.0,0.12277055
2012-03-15,31.5,-25.0,0.0038068383
2012-03-16,31.5,-25.0,1.1829753
2012-03-17,31.5,-25.0,0.12372227
2012-03-18,31.5,-25.0,0.064716265
2012-03-19,31.5,-25.0,0.002855129
2012-03-20,31.5,-25.0,0.33595353
2012-03-21,31.5,-25.0,0.5767361
2012-03-22,31.5,-25.0,8.3266734e-14
2012-03-23,31.5,-25.0,0.11991542
2012-03-24,31.5,-25.0,2.3802261
2012-03-25,31.5,-25.0,0.115156874
2012-03-26,31.5,-25.0,0.004758548
2012-03-27,31.5,-25.0,8.3266734e-14
2012-03-28,31.5,-25.0,0.41589713
2012-03-29,31.5,-25.0,0.35022917
2012-03-30,31.5,-25.0,0.38258725
2012-03-31,31.5,-25.0,1.5731761
2012-04-01,31.5,-25.0,0.06918847
2012-04-02,31.5,-25.0,0.0043790173
2012-04-03,31.5,-25.0,0.012261247
2012-04-04,31.5,-25.0,8.3266734e-14
2012-04-05,31.5,-25.0,0.007882232
2012-04-06,31.5,-25.0,0.012261247
2012-04-07,31.5,-25.0,8.3266734e-14
2012-04-08,31.5,-25.0,8.3266734e-14
2012-04-09,31.5,-25.0,0.253983
2012-04-10,31.5,-25.0,0.013137052
2012-04-11,31.5,-25.0,0.0026274102
2012-04-12,31.5,-25.0,0.3836019
2012-04-13,31.5,-25.0,0.012261247
2012-04-14,31.5,-25.0,8.3266734e-14
2012-04-15,31.5,-25.0,8.3266734e-14
2012-04-16,31.5,-25.0,1.0062981
2012-04-17,31.5,-25.0,0.0779465
2012-04-18,31.5,-25.0,1.6211125
2012-04-19,31.5,-25.0,0.02364669
2012-04-20,31.5,-25.0,0.046417587
2012-04-21,31.5,-25.0,0.0035032136
2012-04-22,31.5,-25.0,0.02014348
2012-04-23,31.5,-25.0,2.3086178
2012-04-24,31.5,-25.0,0.20231059
2012-04-25,31.5,-25.0,0.0061306236
2012-04-26,31.5,-25.0,0.052548207
2012-04-27,31.5,-25.0,8.3266734e-14
2012-04-28,31.5,-25.0,8.3266734e-14
2012-04-29,31.5,-25.0,8.3266734e-14
2012-04-30,31.5,-25.0,8.673618e-14
2012-05-01,31.5,-25.0,1.6653347e-13
2012-05-02,31.5,-25.0,1.6653347e-13
2012-05-03,31.5,-25.0,1.6653347e-13
2012-05-04,31.5,-25.0,1.6653347e-13
2012-05-05,31.5,-25.0,0.018767416
2012-05-06,31.5,-25.0,0.06151542
2012-05-07,31.5,-25.0,0.96964985
2012-05-08,31.5,-25.0,1.8600597
2012-05-09,31.5,-25.0,1.6653347e-13
2012-05-10,31.5,-25.0,1.6653347e-13
2012-05-11,31.5,-25.0,0.060472786
2012-05-12,31.5,-25.0,0.022937953
2012-05-13,31.5,-25.0,1.6653347e-13
2012-05-14,31.5,-25.0,1.6653347e-13
2012-05-15,31.5,-25.0,0.22729427
2012-05-16,31.5,-25.0,0.18141834
2012-05-17,31.5,-25.0,1.6653347e-13
2012-05-18,31.5,-25.0,1.6653347e-13
2012-05-19,31.5,-25.0,0.069856495
2012-05-20,31.5,-25.0,0.017724782
2012-05-21,31.5,-25.0,0.9029212
2012-05-22,31.5,-25.0,1.6653347e-13
2012-05-23,31.5,-25.0,1.6653347e-13
2012-05-24,31.5,-25.0,1.6653347e-13
2012-05-25,31.5,-25.0,1.6653347e-13
2012-05-26,31.5,-25.0,1.6653347e-13
2012-05-27,31.5,-25.0,0.44833273
2012-05-28,31.5,-25.0,0.590131
2012-05-29,31.5,-25.0,1.6653347e-13
2012-05-30,31.5,-25.0,0.019810053
2012-05-31,31.5,-25.0,0.81742525
2012-06-01,31.5,-25.0,0.002801299
2012-06-02,31.5,-25.0,0.0009337665
2012-06-03,31.5,-25.0,0.0
2012-06-04,31.5,-25.0,0.0
2012-06-05,31.5,-25.0,0.0
2012-06-06,31.5,-25.0,0.0
2012-06-07,31.5,-25.0,0.003735066
2012-06-08,31.5,-25.0,0.0
2012-06-09,31.5,-25.0,0.0
2012-06-10,31.5,-25.0,0.0
2012-06-11,31.5,-25.0,0.0
2012-06-12,31.5,-25.0,0.0
2012-06-13,31.5,-25.0,0.06256235
2012-06-14,31.5,-25.0,0.33522213
2012-06-15,31.5,-25.0,0.0
2012-06-16,31.5,-25.0,0.0
2012-06-17,31.5,-25.0,0.0
2012-06-18,31.5,-25.0,0.0
2012-06-19,31.5,-25.0,0.019609094
2012-06-20,31.5,-25.0,0.0037350655
2012-06-21,31.5,-25.0,0.30627537
2012-06-22,31.5,-25.0,0.2110312
2012-06-23,31.5,-25.0,0.0
2012-06-24,31.5,-25.0,0.0
2012-06-25,31.5,-25.0,0.0
2012-06-26,31.5,-25.0,0.0
2012-06-27,31.5,-25.0,0.0
2012-06-28,31.5,-25.0,0.0
2012-06-29,31.5,-25.0,0.0
2012-06-30,31.5,-25.0,0.0
2012-07-01,31.5,-25.0,0.0
2012-07-02,31.5,-25.0,0.0
2012-07-03,31.5,-25.0,0.0031841337
2012-07-04,31.5,-25.0,0.0
2012-07-05,31.5,-25.0,0.014859291
2012-07-06,31.5,-25.0,0.0
2012-07-07,31.5,-25.0,0.0
2012-07-08,31.5,-25.0,0.0530689
2012-07-09,31.5,-25.0,0.26428312
2012-07-10,31.5,-25.0,0.0
2012-07-11,31.5,-25.0,0.0053068893
2012-07-12,31.5,-25.0,0.047762014
2012-07-13,31.5,-25.0,0.0
2012-07-14,31.5,-25.0,0.0042455117
2012-07-15,31.5,-25.0,0.0
2012-07-16,31.5,-25.0,0.0
2012-07-17,31.5,-25.0,0.0
2012-07-18,31.5,-25.0,0.0
2012-07-19,31.5,-25.0,0.0
2012-07-20,31.5,-25.0,0.0
2012-07-21,31.5,-25.0,0.0
2012-07-22,31.5,-25.0,0.0021227559
2012-07-23,31.5,-25.0,0.23350316
2012-07-24,31.5,-25.0,0.009552401
2012-07-25,31.5,-25.0,0.17618874
2012-07-26,31.5,-25.0,0.0
2012-07-27,31.5,-25.0,0.0116751585
2012-07-28,31.5,-25.0,0.0053068893
2012-07-29,31.5,-25.0,0.0010613779
2012-07-30,31.5,-25.0,0.0010613779
2012-07-31,31.5,-25.0,0.0
2012-08-01,31.5,-25.0,0.0
2012-08-02,31.5,-25.0,0.0
2012-08-03,31.5,-25.0,0.0
2012-08-04,31.5,-25.0,0.0
2012-08-05,31.5,-25.0,0.0
2012-08-06,31.5,-25.0,0.15229477
2012-08-07,31.5,-25.0,0.0
2012-08-08,31.5,-25.0,0.0
2012-08-09,31.5,-25.0,0.0
2012-08-10,31.5,-25.0,0.0
2012-08-11,31.5,-25.0,0.0
2012-08-12,31.5,-25.0,0.0
2012-08-13,31.5,-25.0,0.0
2012-08-14,31.5,-25.0,0.0
2012-08-15,31.5,-25.0,0.0
2012-08-16,31.5,-25.0,0.0
2012-08-17,31.5,-25.0,0.027523149
2012-08-18,31.5,-25.0,0.039449852
2012-08-19,31.5,-25.0,0.0
2012-08-20,31.5,-25.0,0.0
2012-08-21,31.5,-25.0,0.006422069
2012-08-22,31.5,-25.0,0.011926699
2012-08-23,31.5,-25.0,0.019266205
2012-08-24,31.5,-25.0,0.0
2012-08-25,31.5,-25.0,0.0
2012-08-26,31.5,-25.0,0.0
2012-08-27,31.5,-25.0,0.0018348768
2012-08-28,31.5,-25.0,0.011926699
2012-08-29,31.5,-25.0,0.0
2012-08-30,31.5,-25.0,0.0
2012-08-31,31.5,-25.0,0.0
2012-09-01,31.5,-25.0,0.08103421
2012-09-02,31.5,-25.0,0.016388942
2012-09-03,31.5,-25.0,0.031867385
2012-09-04,31.5,-25.0,1.0297718
2012-09-05,31.5,-25.0,12.847111
2012-09-06,31.5,-25.0,21.824608
2012-09-07,31.5,-25.0,8.296448
2012-09-08,31.5,-25.0,1.8355615
2012-09-09,31.5,-25.0,0.0009104968
2012-09-10,31.5,-25.0,0.19302532
2012-09-11,31.5,-25.0,0.16388944
2012-09-12,31.5,-25.0,0.0018209936
2012-09-13,31.5,-25.0,0.044614345
2012-09-14,31.5,-25.0,4.116356
2012-09-15,31.5,-25.0,6.6894197
2012-09-16,31.5,-25.0,8.477636
2012-09-17,31.5,-25.0,1.9420898
2012-09-18,31.5,-25.0,0.0
2012-09-19,31.5,-25.0,0.0018209936
2012-09-20,31.5,-25.0,0.004552484
2012-09-21,31.5,-25.0,0.0
2012-09-22,31.5,-25.0,0.01729944
2012-09-23,31.5,-25.0,0.06191378
2012-09-24,31.5,-25.0,0.0
2012-09-25,31.5,-25.0,0.0
2012-09-26,31.5,-25.0,0.0
2012-09-27,31.5,-25.0,0.0
2012-09-28,31.5,-25.0,0.38787165
2012-09-29,31.5,-25.0,0.065555766
2012-09-30,31.5,-25.0,0.0009104968
2012-10-01,31.5,-25.0,-1.6653347e-13
2012-10-02,31.5,-25.0,-1.6653347e-13
2012-10-03,31.5,-25.0,-1.6653347e-13
2012-10-04,31.5,-25.0,-1.6653347e-13
2012-10-05,31.5,-25.0,0.035116687
2012-10-06,31.5,-25.0,-1.6653347e-13
2012-10-07,31.5,-25.0,-1.6653347e-13
2012-10-08,31.5,-25.0,0.37417436
2012-10-09,31.5,-25.0,0.6623734
2012-10-10,31.5,-25.0,0.055702336
2012-10-11,31.5,-25.0,0.22280934
2012-10-12,31.5,-25.0,14.386944
2012-10-13,31.5,-25.0,5.8354254
2012-10-14,31.5,-25.0,2.7730074
2012-10-15,31.5,-25.0,0.09929547
2012-10-16,31.5,-25.0,1.397402
2012-10-17,31.5,-25.0,1.5741963
2012-10-18,31.5,-25.0,0.31241742
2012-10-19,31.5,-25.0,2.140907
2012-10-20,31.5,-25.0,0.8561206
2012-10-21,31.5,-25.0,3.1350727
2012-10-22,31.5,-25.0,6.4517827
2012-10-23,31.5,-25.0,1.1467415
2012-10-24,31.5,-25.0,0.4298767
2012-10-25,31.5,-25.0,0.47225887
2012-10-26,31.5,-25.0,0.061756935
2012-10-27,31.5,-25.0,0.14894319
2012-10-28,31.5,-25.0,0.39233816
2012-10-29,31.5,-25.0,0.4347204
2012-10-30,31.5,-25.0,12.242406
2012-10-31,31.5,-25.0,-1.5959456e-13
2012-11-01,31.5,-25.0,0.0
2012-11-02,31.5,-25.0,0.0
2012-11-03,31.5,-25.0,0.0
2012-11-04,31.5,-25.0,0.0
2012-11-05,31.5,-25.0,0.022572974
2012-11-06,31.5,-25.0,0.03283342
2012-11-07,31.5,-25.0,3.0360653
2012-11-08,31.5,-25.0,17.903448
2012-11-09,31.5,-25.0,1.0496433
2012-11-10,31.5,-25.0,0.32217792
2012-11-11,31.5,-25.0,0.19802655
2012-11-12,31.5,-25.0,0.0
2012-11-13,31.5,-25.0,0.0
2012-11-14,31.5,-25.0,0.61049634
2012-11-15,31.5,-25.0,0.048224084
2012-11-16,31.5,-25.0,0.0010260444
2012-11-17,31.5,-25.0,0.70181435
2012-11-18,31.5,-25.0,0.11696905
2012-11-19,31.5,-25.0,0.19289634
2012-11-20,31.5,-25.0,0.45556366
2012-11-21,31.5,-25.0,17.201632
2012-11-22,31.5,-25.0,0.7500384
2012-11-23,31.5,-25.0,0.33654255
2012-11-24,31.5,-25.0,3.7235148
2012-11-25,31.5,-25.0,10.843236
2012-11-26,31.5,-25.0,0.040015727
2012-11-27,31.5,-25.0,0.66282463
2012-11-28,31.5,-25.0,0.68950176
2012-11-29,31.5,-25.0,0.0
2012-11-30,31.5,-25.0,0.75181675
2012-12-01,31.5,-25.0,2.391231
2012-12-02,31.5,-25.0,1.6962833
2012-12-03,31.5,-25.0,0.19369325
2012-12-04,31.5,-25.0,5.9223185
2012-12-05,31.5,-25.0,16.33832
2012-12-06,31.5,-25.0,7.6925573
2012-12-07,31.5,-25.0,0.9391188
2012-12-08,31.5,-25.0,19.827147
2012-12-09,31.5,-25.0,0.5470367
2012-12-10,31.5,-25.0,11.864592
2012-12-11,31.5,-25.0,24.265657
2012-12-12,31.5,-25.0,0.025825767
2012-12-13,31.5,-25.0,0.0
2012-12-14,31.5,-25.0,0.011738986
2012-12-15,31.5,-25.0,0.0
2012-12-16,31.5,-25.0,19.87058
2012-12-17,31.5,-25.0,0.0035216957
2012-12-18,31.5,-25.0,0.39912552
2012-12-19,31.5,-25.0,0.0035216957
2012-12-20,31.5,-25.0,0.014086783
2012-12-21,31.5,-25.0,0.5963404
2012-12-22,31.5,-25.0,0.0
2012-12-23,31.5,-25.0,0.0
2012-12-24,31.5,-25.0,0.0
2012-12-25,31.5,-25.0,5.684016
2012-12-26,31.5,-25.0,6.654831
2012-12-27,31.5,-25.0,3.907908
2012-12-28,31.5,-25.0,0.30169192
2012-12-29,31.5,-25.0,0.0035216957
2012-12-30,31.5,-25.0,0.0
2012-12-31,31.5,-25.0,0.9790313
2013-01-01,31.5,-25.0,20.516691
2013-01-02,31.5,-25.0,0.07090902
2013-01-03,31.5,-25.0,0.0020855595
2013-01-04,31.5,-25.0,0.65486574
2013-01-05,31.5,-25.0,0.6621651
2013-01-06,31.5,-25.0,0.008342238
2013-01-07,31.5,-25.0,0.03441173
2013-01-08,31.5,-25.0,0.022941153
2013-01-09,31.5,-25.0,1.6653347e-13
2013-01-10,31.5,-25.0,1.4014962
2013-01-11,31.5,-25.0,10.821969
2013-01-12,31.5,-25.0,11.232824
2013-01-13,31.5,-25.0,9.030474
2013-01-14,31.5,-25.0,15.069211
2013-01-15,31.5,-25.0,31.843369
2013-01-16,31.5,-25.0,32.83192
2013-01-17,31.5,-25.0,1.434865
2013-01-18,31.5,-25.0,9.934563
2013-01-19,31.5,-25.0,62.190342
2013-01-20,31.5,-25.0,100.9536
2013-01-21,31.5,-25.0,46.33175
2013-01-22,31.5,-25.0,1.6653347e-13
2013-01-23,31.5,-25.0,0.0062566786
2013-01-24,31.5,-25.0,1.6653347e-13
2013-01-25,31.5,-25.0,0.15850252
2013-01-26,31.5,-25.0,0.23775378
2013-01-27,31.5,-25.0,0.17101589
2013-01-28,31.5,-25.0,3.4057188
2013-01-29,31.5,-25.0,0.7487159
2013-01-30,31.5,-25.0,1.0125391
2013-01-31,31.5,-25.0,11.136173
2013-02-01,31.5,-25.0,1.3188417
2013-02-02,31.5,-25.0,0.1291421
2013-02-03,31.5,-25.0,0.20521212
2013-02-04,31.5,-25.0,1.5452826
2013-02-05,31.5,-25.0,0.73947126
2013-02-06,31.5,-25.0,0.13798746
2013-02-07,31.5,-25.0,0.24943887
2013-02-08,31.5,-25.0,0.33258516
2013-02-09,31.5,-25.0,0.13356479
2013-02-10,31.5,-25.0,0.9517597
2013-02-11,31.5,-25.0,1.4382539
2013-02-12,31.5,-25.0,4.4315205
2013-02-13,31.5,-25.0,0.04599582
2013-02-14,31.5,-25.0,0.0008845351
2013-02-15,31.5,-25.0,0.8889576
2013-02-16,31.5,-25.0,1.8159504
2013-02-17,31.5,-25.0,0.18044515
2013-02-18,31.5,-25.0,0.0
2013-02-19,31.5,-25.0,0.0
2013-02-20,31.5,-25.0,4.624349
2013-02-21,31.5,-25.0,0.15125547
2013-02-22,31.5,-25.0,0.013268026
2013-02-23,31.5,-25.0,0.0070762807
2013-02-24,31.5,-25.0,0.6138673
2013-02-25,31.5,-25.0,0.315779
2013-02-26,31.5,-25.0,0.0
2013-02-27,31.5,-25.0,0.0
2013-02-28,31.5,-25.0,0.14785331
2013-03-01,31.5,-25.0,2.7917323
2013-03-02,31.5,-25.0,3.618797
2013-03-03,31.5,-25.0,0.85087276
2013-03-04,31.5,-25.0,0.5713891
2013-03-05,31.5,-25.0,0.00207025
2013-03-06,31.5,-25.0,0.0
2013-03-07,31.5,-25.0,2.1996408
2013-03-08,31.5,-25.0,0.33538055
2013-03-09,31.5,-25.0,6.2003994
2013-03-10,31.5,-25.0,0.0
2013-03-11,31.5,-25.0,0.30743217
2013-03-12,31.5,-25.0,0.0
2013-03-13,31.5,-25.0,0.028983504
2013-03-14,31.5,-25.0,0.08384514
2013-03-15,31.5,-25.0,0.0
2013-03-16,31.5,-25.0,0.014491752
2013-03-17,31.5,-25.0,0.028983504
2013-03-18,31.5,-25.0,0.15940925
2013-03-19,31.5,-25.0,1.5454419
2013-03-20,31.5,-25.0,1.1386375
2013-03-21,31.5,-25.0,0.35090744
2013-03-22,31.5,-25.0,0.007245876
2013-03-23,31.5,-25.0,0.0
2013-03-24,31.5,-25.0,0.48547366
2013-03-25,31.5,-25.0,0.70492023
2013-03-26,31.5,-25.0,1.2473257
2013-03-27,31.5,-25.0,2.449106
2013-03-28,31.5,-25.0,0.015526876
2013-03-29,31.5,-25.0,0.8394865
2013-03-30,31.5,-25.0,0.14595264
2013-03-31,31.5,-25.0,0.7991166
2013-04-01,31.5,-25.0,0.011484023
2013-04-02,31.5,-25.0,0.0
2013-04-03,31.5,-25.0,30.22804
2013-04-04,31.5,-25.0,9.403327
2013-04-05,31.5,-25.0,0.0
2013-04-06,31.5,-25.0,0.0
2013-04-07,31.5,-25.0,0.0
2013-04-08,31.5,-25.0,0.0
2013-04-09,31.5,-25.0,0.0
2013-04-10,31.5,-25.0,0.22028443
2013-04-11,31.5,-25.0,0.017748037
2013-04-12,31.5,-25.0,0.0041760085
2013-04-13,31.5,-25.0,0.19000837
2013-04-14,31.5,-25.0,0.0
2013-04-15,31.5,-25.0,0.0
2013-04-16,31.5,-25.0,0.0
2013-04-17,31.5,-25.0,0.0
2013-04-18,31.5,-25.0,0.017748037
2013-04-19,31.5,-25.0,0.13676429
2013-04-20,31.5,-25.0,17.05169
2013-04-21,31.5,-25.0,0.03549608
2013-04-22,31.5,-25.0,0.0
2013-04-23,31.5,-25.0,0.0
2013-04-24,31.5,-25.0,0.0
2013-04-25,31.5,-25.0,0.012528026
2013-04-26,31.5,-25.0,0.0
2013-04-27,31.5,-25.0,0.28083655
2013-04-28,31.5,-25.0,0.0
2013-04-29,31.5,-25.0,0.0
2013-04-30,31.5,-25.0,0.3936693
2013-05-01,31.5,-25.0,0.073089175
2013-05-02,31.5,-25.0,0.0
2013-05-03,31.5,-25.0,0.0
2013-05-04,31.5,-25.0,0.5757178
2013-05-05,31.5,-25.0,1.2560095
2013-05-06,31.5,-25.0,0.0
2013-05-07,31.5,-25.0,0.0
2013-05-08,31.5,-25.0,0.0
2013-05-09,31.5,-25.0,0.0022488977
2013-05-10,31.5,-25.0,0.23950763
2013-05-11,31.5,-25.0,3.2935104
2013-05-12,31.5,-25.0,0.032609016
2013-05-13,31.5,-25.0,0.0044977954
2013-05-14,31.5,-25.0,0.0
2013-05-15,31.5,-25.0,0.0
2013-05-16,31.5,-25.0,0.0
2013-05-17,31.5,-25.0,0.06409359
2013-05-18,31.5,-25.0,0.26986772
2013-05-19,31.5,-25.0,0.03935571
2013-05-20,31.5,-25.0,0.0
2013-05-21,31.5,-25.0,0.0
2013-05-22,31.5,-25.0,0.0
2013-05-23,31.5,-25.0,0.0
2013-05-24,31.5,-25.0,0.0
2013-05-25,31.5,-25.0,0.0
2013-05-26,31.5,-25.0,0.0
2013-05-27,31.5,-25.0,0.0
2013-05-28,31.5,-25.0,0.028111221
2013-05-29,31.5,-25.0,0.098951496
2013-05-30,31.5,-25.0,0.0
2013-05-31,31.5,-25.0,0.0011164449
2013-06-01,31.5,-25.0,0.0089315595
2013-06-02,31.5,-25.0,-1.6653347e-13
2013-06-03,31.5,-25.0,0.0011164449
2013-06-04,31.5,-25.0,0.010048004
2013-06-05,31.5,-25.0,0.071452476
2013-06-06,31.5,-25.0,-1.6653347e-13
2013-06-07,31.5,-25.0,-1.6653347e-13
2013-06-08,31.5,-25.0,-1.6653347e-13
2013-06-09,31.5,-25.0,4.0884213
2013-06-10,31.5,-25.0,-1.6653347e-13
2013-06-11,31.5,-25.0,-1.6653347e-13
2013-06-12,31.5,-25.0,-1.6653347e-13
2013-06-13,31.5,-25.0,-1.6653347e-13
2013-06-14,31.5,-25.0,-1.6653347e-13
2013-06-15,31.5,-25.0,-1.6653347e-13
2013-06-16,31.5,-25.0,-1.6653347e-13
2013-06-17,31.5,-25.0,-1.6653347e-13
2013-06-18,31.5,-25.0,-1.6653347e-13
2013-06-19,31.5,-25.0,-1.6653347e-13
2013-06-20,31.5,-25.0,-1.6653347e-13
2013-06-21,31.5,-25.0,-1.6653347e-13
2013-06-22,31.5,-25.0,0.003349335
2013-06-23,31.5,-25.0,0.18086408
2013-06-24,31.5,-25.0,-1.6653347e-13
2013-06-25,31.5,-25.0,-1.6653347e-13
2013-06-26,31.5,-25.0,-1.6653347e-13
2013-06-27,31.5,-25.0,0.12615828
2013-06-28,31.5,-25.0,0.5358936
2013-06-29,31.5,-25.0,0.0011164449
2013-06-30,31.5,-25.0,-1.63064e-13
2013-07-01,31.5,-25.0,-8.3266734e-14
2013-07-02,31.5,-25.0,0.015568745
2013-07-03,31.5,-25.0,0.021063596
2013-07-04,31.5,-25.0,0.21338336
2013-07-05,31.5,-25.0,1.2042881
2013-07-06,31.5,-25.0,0.039379768
2013-07-07,31.5,-25.0,-8.3266734e-14
2013-07-08,31.5,-25.0,-8.3266734e-14
2013-07-09,31.5,-25.0,-8.3266734e-14
2013-07-10,31.5,-25.0,2.261131
2013-07-11,31.5,-25.0,1.4826939
2013-07-12,31.5,-25.0,0.8874184
2013-07-13,31.5,-25.0,-8.3266734e-14
2013-07-14,31.5,-25.0,0.0009158086
2013-07-15,31.5,-25.0,0.016484553
2013-07-16,31.5,-25.0,-8.3266734e-14
2013-07-17,31.5,-25.0,0.29946938
2013-07-18,31.5,-25.0,1.0476849
2013-07-19,31.5,-25.0,0.032969106
2013-07-20,31.5,-25.0,0.010073894
2013-07-21,31.5,-25.0,0.31778556
2013-07-22,31.5,-25.0,-8.3266734e-14
2013-07-23,31.5,-25.0,-8.3266734e-14
2013-07-24,31.5,-25.0,0.030221682
2013-07-25,31.5,-25.0,0.017400362
2013-07-26,31.5,-25.0,-8.3266734e-14
2013-07-27,31.5,-25.0,-8.3266734e-14
2013-07-28,31.5,-25.0,0.021063596
2013-07-29,31.5,-25.0,0.34068075
2013-07-30,31.5,-25.0,0.015568745
2013-07-31,31.5,-25.0,0.0010608251
2013-08-01,31.5,-25.0,0.083805166
2013-08-02,31.5,-25.0,0.3479506
2013-08-03,31.5,-25.0,0.01909485
2013-08-04,31.5,-25.0,0.86351156
2013-08-05,31.5,-25.0,2.7910304
2013-08-06,31.5,-25.0,0.07001445
2013-08-07,31.5,-25.0,0.0
2013-08-08,31.5,-25.0,0.0
2013-08-09,31.5,-25.0,7.137231
2013-08-10,31.5,-25.0,1.5413786
2013-08-11,31.5,-25.0,0.04031135
2013-08-12,31.5,-25.0,0.0
2013-08-13,31.5,-25.0,0.0
2013-08-14,31.5,-25.0,0.013790725
2013-08-15,31.5,-25.0,0.03606805
2013-08-16,31.5,-25.0,0.0
2013-08-17,31.5,-25.0,0.0
2013-08-18,31.5,-25.0,0.19094852
2013-08-19,31.5,-25.0,0.27475366
2013-08-20,31.5,-25.0,0.0053041247
2013-08-21,31.5,-25.0,0.0
2013-08-22,31.5,-25.0,0.0031824752
2013-08-23,31.5,-25.0,0.007425775
2013-08-24,31.5,-25.0,0.0
2013-08-25,31.5,-25.0,0.19943511
2013-08-26,31.5,-25.0,0.02758145
2013-08-27,31.5,-25.0,0.0
2013-08-28,31.5,-25.0,0.0
2013-08-29,31.5,-25.0,0.0
2013-08-30,31.5,-25.0,0.0
2013-08-31,31.5,-25.0,6.938894e-15
2013-09-01,31.5,-25.0,1.6653347e-13
2013-09-02,31.5,-25.0,1.6653347e-13
2013-09-03,31.5,-25.0,1.6653347e-13
2013-09-04,31.5,-25.0,0.011832032
2013-09-05,31.5,-25.0,0.2753637
2013-09-06,31.5,-25.0,1.6653347e-13
2013-09-07,31.5,-25.0,1.6653347e-13
2013-09-08,31.5,-25.0,1.6653347e-13
2013-09-09,31.5,-25.0,0.06023581
2013-09-10,31.5,-25.0,0.02689099
2013-09-11,31.5,-25.0,0.06346273
2013-09-12,31.5,-25.0,0.015058953
2013-09-13,31.5,-25.0,1.6653347e-13
2013-09-14,31.5,-25.0,0.048403777
2013-09-15,31.5,-25.0,1.6653347e-13
2013-09-16,31.5,-25.0,0.0021512788
2013-09-17,31.5,-25.0,0.0032269186
2013-09-18,31.5,-25.0,1.6653347e-13
2013-09-19,31.5,-25.0,1.6653347e-13
2013-09-20,31.5,-25.0,1.6653347e-13
2013-09-21,31.5,-25.0,0.13768186
2013-09-22,31.5,-25.0,0.4162725
2013-09-23,31.5,-25.0,0.0129076755
2013-09-24,31.5,-25.0,1.6653347e-13
2013-09-25,31.5,-25.0,0.008605116
2013-09-26,31.5,-25.0,0.005378198
2013-09-27,31.5,-25.0,1.0229332
2013-09-28,31.5,-25.0,1.3531544
2013-09-29,31.5,-25.0,6.1956835
2013-09-30,31.5,-25.0,5.0684133
2013-10-01,31.5,-25.0,0.0020243223
2013-10-02,31.5,-25.0,0.0
2013-10-03,31.5,-25.0,0.0
2013-10-04,31.5,-25.0,0.0
2013-10-05,31.5,-25.0,0.0
2013-10-06,31.5,-25.0,0.14473903
2013-10-07,31.5,-25.0,1.772294
2013-10-08,31.5,-25.0,0.09210666
2013-10-09,31.5,-25.0,0.0010121611
2013-10-10,31.5,-25.0,0.0010121611
2013-10-11,31.5,-25.0,0.0010121611
2013-10-12,31.5,-25.0,0.0091094505
2013-10-13,31.5,-25.0,0.025304027
2013-10-14,31.5,-25.0,0.19635925
2013-10-15,31.5,-25.0,0.0
2013-10-16,31.5,-25.0,0.0
2013-10-17,31.5,-25.0,0.13664176
2013-10-18,31.5,-25.0,0.56174946
2013-10-19,31.5,-25.0,2.8937685
2013-10-20,31.5,-25.0,1.4858526
2013-10-21,31.5,-25.0,19.959818
2013-10-22,31.5,-25.0,5.1933985
2013-10-23,31.5,-25.0,0.16093361
2013-10-24,31.5,-25.0,0.8643856
2013-10-25,31.5,-25.0,0.0
2013-10-26,31.5,-25.0,0.0
2013-10-27,31.5,-25.0,1.2844324
2013-10-28,31.5,-25.0,5.093195
2013-10-29,31.5,-25.0,7.6580114
2013-10-30,31.5,-25.0,8.965723
2013-10-31,31.5,-25.0,0.6923182
2013-11-01,31.5,-25.0,4.2408705
2013-11-02,31.5,-25.0,1.2181125
2013-11-03,31.5,-25.0,0.0
2013-11-04,31.5,-25.0,0.011951294
2013-11-05,31.5,-25.0,0.0
2013-11-06,31.5,-25.0,0.0
2013-11-07,31.5,-25.0,0.29326636
2013-11-08,31.5,-25.0,0.13146421
2013-11-09,31.5,-25.0,0.28958905
2013-11-10,31.5,-25.0,7.3849797
2013-11-11,31.5,-25.0,2.5106912
2013-11-12,31.5,-25.0,0.8586545
2013-11-13,31.5,-25.0,0.0
2013-11-14,31.5,-25.0,1.118825
2013-11-15,31.5,-25.0,0.07538508
2013-11-16,31.5,-25.0,0.09652968
2013-11-17,31.5,-25.0,5.76512
2013-11-18,31.5,-25.0,0.040450532
2013-11-19,31.5,-25.0,0.0027579905
2013-11-20,31.5,-25.0,2.2918904
2013-11-21,31.5,-25.0,7.0990686
2013-11-22,31.5,-25.0,0.14525418
2013-11-23,31.5,-25.0,0.0
2013-11-24,31.5,-25.0,0.4743744
2013-11-25,31.5,-25.0,0.5313729
2013-11-26,31.5,-25.0,0.0027579905
2013-11-27,31.5,-25.0,0.07538508
2013-11-28,31.5,-25.0,6.4711657
2013-11-29,31.5,-25.0,1.7908554
2013-11-30,31.5,-25.0,0.038561214
2013-12-01,31.5,-25.0,0.13410681
2013-12-02,31.5,-25.0,0.046596438
2013-12-03,31.5,-25.0,0.6080266
2013-12-04,31.5,-25.0,5.6313496
2013-12-05,31.5,-25.0,10.164841
2013-12-06,31.5,-25.0,1.7115666
2013-12-07,31.5,-25.0,1.5206348
2013-12-08,31.5,-25.0,0.113649845
2013-12-09,31.5,-25.0,0.12842432
2013-12-10,31.5,-25.0,6.9815097
2013-12-11,31.5,-25.0,4.211863
2013-12-12,31.5,-25.0,0.8876052
2013-12-13,31.5,-25.0,6.240513
2013-12-14,31.5,-25.0,0.23752816
2013-12-15,31.5,-25.0,0.1454718
2013-12-16,31.5,-25.0,1.4626734
2013-12-17,31.5,-25.0,0.12387834
2013-12-18,31.5,-25.0,0.25571215
2013-12-19,31.5,-25.0,0.11592282
2013-12-20,31.5,-25.0,0.23866469
2013-12-21,31.5,-25.0,-1.6653347e-13
2013-12-22,31.5,-25.0,-1.6653347e-13
2013-12-23,31.5,-25.0,-1.6653347e-13
2013-12-24,31.5,-25.0,0.02159347
2013-12-25,31.5,-25.0,0.27389613
2013-12-26,31.5,-25.0,8.025951
2013-12-27,31.5,-25.0,19.840988
2013-12-28,31.5,-25.0,5.78364
2013-12-29,31.5,-25.0,57.08632
2013-12-30,31.5,-25.0,35.94176
2013-12-31,31.5,-25.0,0.06023442
2014-01-01,31.5,-25.0,0.0030545578
2014-01-02,31.5,-25.0,0.039709248
2014-01-03,31.5,-25.0,0.63738436
2014-01-04,31.5,-25.0,0.035636507
2014-01-05,31.5,-25.0,0.0040727435
2014-01-06,31.5,-25.0,4.7834377
2014-01-07,31.5,-25.0,1.5883702
2014-01-08,31.5,-25.0,2.7735384
2014-01-09,31.5,-25.0,0.56712955
2014-01-10,31.5,-25.0,18.226545
2014-01-11,31.5,-25.0,4.444381
2014-01-12,31.5,-25.0,0.044800185
2014-01-13,31.5,-25.0,3.346777
2014-01-14,31.5,-25.0,1.1485137
2014-01-15,31.5,-25.0,0.27083743
2014-01-16,31.5,-25.0,0.41541988
2014-01-17,31.5,-25.0,0.1944735
2014-01-18,31.5,-25.0,0.03156376
2014-01-19,31.5,-25.0,1.3582599
2014-01-20,31.5,-25.0,0.021381903
2014-01-21,31.5,-25.0,0.0010181859
2014-01-22,31.5,-25.0,0.6221116
2014-01-23,31.5,-25.0,0.5681478
2014-01-24,31.5,-25.0,0.33192858
2014-01-25,31.5,-25.0,8.270724
2014-01-26,31.5,-25.0,15.421444
2014-01-27,31.5,-25.0,8.661707
2014-01-28,31.5,-25.0,3.0932488
2014-01-29,31.5,-25.0,4.364963
2014-01-30,31.5,-25.0,9.290946
2014-01-31,31.5,-25.0,1.2493141
2014-02-01,31.5,-25.0,0.0033389444
2014-02-02,31.5,-25.0,3.71068
2014-02-03,31.5,-25.0,1.7139913
2014-02-04,31.5,-25.0,0.00779087
2014-02-05,31.5,-25.0,0.20144963
2014-02-06,31.5,-25.0,0.75237536
2014-02-07,31.5,-25.0,0.21257946
2014-02-08,31.5,-25.0,0.4685652
2014-02-09,31.5,-25.0,0.33166844
2014-02-10,31.5,-25.0,0.005564907
2014-02-11,31.5,-25.0,0.0
2014-02-12,31.5,-25.0,0.41736805
2014-02-13,31.5,-25.0,6.773605
2014-02-14,31.5,-25.0,1.9978018
2014-02-15,31.5,-25.0,1.8163857
2014-02-16,31.5,-25.0,0.034502424
2014-02-17,31.5,-25.0,0.21480542
2014-02-18,31.5,-25.0,0.0
2014-02-19,31.5,-25.0,0.1368967
2014-02-20,31.5,-25.0,0.0723438
2014-02-21,31.5,-25.0,4.4007287
2014-02-22,31.5,-25.0,0.041180313
2014-02-23,31.5,-25.0,0.11463709
2014-02-24,31.5,-25.0,0.018920684
2014-02-25,31.5,-25.0,6.2571816
2014-02-26,31.5,-25.0,0.35281515
2014-02-27,31.5,-25.0,0.0
2014-02-28,31.5,-25.0,0.11463709
2014-03-01,31.5,-25.0,0.6152984
2014-03-02,31.5,-25.0,15.239521
2014-03-03,31.5,-25.0,32.144207
2014-03-04,31.5,-25.0,37.03045
2014-03-05,31.5,-25.0,11.150126
2014-03-06,31.5,-25.0,12.568846
2014-03-07,31.5,-25.0,0.64980114
2014-03-08,31.5,-25.0,0.35981408
2014-03-09,31.5,-25.0,8.78012
2014-03-10,31.5,-25.0,7.677676
2014-03-11,31.5,-25.0,0.036967196
2014-03-12,31.5,-25.0,3.7796903
2014-03-13,31.5,-25.0,0.74673736
2014-03-14,31.5,-25.0,0.0090364255
2014-03-15,31.5,-25.0,0.0
2014-03-16,31.5,-25.0,0.0
2014-03-17,31.5,-25.0,19.526896
2014-03-18,31.5,-25.0,6.6442366
2014-03-19,31.5,-25.0,0.092828736
2014-03-20,31.5,-25.0,0.14951175
2014-03-21,31.5,-25.0,0.99729276
2014-03-22,31.5,-25.0,0.0008214932
2014-03-23,31.5,-25.0,0.016429864
2014-03-24,31.5,-25.0,1.5624801
2014-03-25,31.5,-25.0,0.063254975
2014-03-26,31.5,-25.0,0.0131438915
2014-03-27,31.5,-25.0,1.2314184
2014-03-28,31.5,-25.0,0.3039525
2014-03-29,31.5,-25.0,0.0
2014-03-30,31.5,-25.0,13.446203
2014-03-31,31.5,-25.0,1.991426
2014-04-01,31.5,-25.0,0.15442681
2014-04-02,31.5,-25.0,0.0
2014-04-03,31.5,-25.0,0.1956073
2014-04-04,31.5,-25.0,3.846632
2014-04-05,31.5,-25.0,1.1633488
2014-04-06,31.5,-25.0,0.0
2014-04-07,31.5,-25.0,0.0065514417
2014-04-08,31.5,-25.0,1.1539896
2014-04-09,31.5,-25.0,2.0833585
2014-04-10,31.5,-25.0,2.0814865
2014-04-11,31.5,-25.0,1.3355582
2014-04-12,31.5,-25.0,0.019654324
2014-04-13,31.5,-25.0,0.038372725
2014-04-14,31.5,-25.0,0.08048914
2014-04-15,31.5,-25.0,0.07768137
2014-04-16,31.5,-25.0,0.0018718403
2014-04-17,31.5,-25.0,0.0046796007
2014-04-18,31.5,-25.0,0.0
2014-04-19,31.5,-25.0,0.0
2014-04-20,31.5,-25.0,0.0
2014-04-21,31.5,-25.0,0.0
2014-04-22,31.5,-25.0,0.0
2014-04-23,31.5,-25.0,0.0
2014-04-24,31.5,-25.0,0.0131028835
2014-04-25,31.5,-25.0,0.0037436807
2014-04-26,31.5,-25.0,0.0
2014-04-27,31.5,-25.0,0.0
2014-04-28,31.5,-25.0,0.0
2014-04-29,31.5,-25.0,0.0
2014-04-30,31.5,-25.0,0.0
2014-05-01,31.5,-25.0,0.0
2014-05-02,31.5,-25.0,0.0008441515
2014-05-03,31.5,-25.0,0.0
2014-05-04,31.5,-25.0,0.0
2014-05-05,31.5,-25.0,0.17642769
2014-05-06,31.5,-25.0,0.001688303
2014-05-07,31.5,-25.0,0.0
2014-05-08,31.5,-25.0,0.0
2014-05-09,31.5,-25.0,0.0
2014-05-10,31.5,-25.0,0.0025324547
2014-05-11,31.5,-25.0,0.004220758
2014-05-12,31.5,-25.0,0.43811464
2014-05-13,31.5,-25.0,0.0
2014-05-14,31.5,-25.0,0.004220758
2014-05-15,31.5,-25.0,0.0
2014-05-16,31.5,-25.0,0.0
2014-05-17,31.5,-25.0,0.044740032
2014-05-18,31.5,-25.0,0.027857002
2014-05-19,31.5,-25.0,0.019415487
2014-05-20,31.5,-25.0,0.0
2014-05-21,31.5,-25.0,0.001688303
2014-05-22,31.5,-25.0,0.25155717
2014-05-23,31.5,-25.0,0.0
2014-05-24,31.5,-25.0,0.0
2014-05-25,31.5,-25.0,0.0
2014-05-26,31.5,-25.0,0.0
2014-05-27,31.5,-25.0,0.014350578
2014-05-28,31.5,-25.0,0.0
2014-05-29,31.5,-25.0,0.0
2014-05-30,31.5,-25.0,0.0
2014-05-31,31.5,-25.0,6.938894e-15
2014-06-01,31.5,-25.0,1.6653347e-13
2014-06-02,31.5,-25.0,1.6653347e-13
2014-06-03,31.5,-25.0,1.6653347e-13
2014-06-04,31.5,-25.0,1.6653347e-13
2014-06-05,31.5,-25.0,0.23349628
2014-06-06,31.5,-25.0,0.43756026
2014-06-07,31.5,-25.0,1.6653347e-13
2014-06-08,31.5,-25.0,1.6653347e-13
2014-06-09,31.5,-25.0,1.6653347e-13
2014-06-10,31.5,-25.0,0.020602612
2014-06-11,31.5,-25.0,1.6653347e-13
2014-06-12,31.5,-25.0,1.6653347e-13
2014-06-13,31.5,-25.0,1.6653347e-13
2014-06-14,31.5,-25.0,1.6653347e-13
2014-06-15,31.5,-25.0,1.6653347e-13
2014-06-16,31.5,-25.0,0.010791846
2014-06-17,31.5,-25.0,1.6653347e-13
2014-06-18,31.5,-25.0,1.6653347e-13
2014-06-19,31.5,-25.0,0.0029432303
2014-06-20,31.5,-25.0,0.010791846
2014-06-21,31.5,-25.0,1.6653347e-13
2014-06-22,31.5,-25.0,1.6653347e-13
2014-06-23,31.5,-25.0,1.6653347e-13
2014-06-24,31.5,-25.0,1.6653347e-13
2014-06-25,31.5,-25.0,1.6653347e-13
2014-06-26,31.5,-25.0,1.6653347e-13
2014-06-27,31.5,-25.0,0.009810769
2014-06-28,31.5,-25.0,0.22172335
2014-06-29,31.5,-25.0,0.010791845
2014-06-30,31.5,-25.0,1.5959456e-13
2014-07-01,31.5,-25.0,0.0
2014-07-02,31.5,-25.0,0.0
2014-07-03,31.5,-25.0,0.0
2014-07-04,31.5,-25.0,0.0
2014-07-05,31.5,-25.0,0.0
2014-07-06,31.5,-25.0,0.0045053633
2014-07-07,31.5,-25.0,0.08560189
2014-07-08,31.5,-25.0,0.10024432
2014-07-09,31.5,-25.0,0.0
2014-07-10,31.5,-25.0,0.0
2014-07-11,31.5,-25.0,0.0
2014-07-12,31.5,-25.0,0.0
2014-07-13,31.5,-25.0,0.0067580445
2014-07-14,31.5,-25.0,0.022526816
2014-07-15,31.5,-25.0,0.0
2014-07-16,31.5,-25.0,0.0
2014-07-17,31.5,-25.0,0.0
2014-07-18,31.5,-25.0,0.0
2014-07-19,31.5,-25.0,0.0067580445
2014-07-20,31.5,-25.0,0.0033790222
2014-07-21,31.5,-25.0,0.0
2014-07-22,31.5,-25.0,0.0
2014-07-23,31.5,-25.0,0.0
2014-07-24,31.5,-25.0,0.0
2014-07-25,31.5,-25.0,0.0
2014-07-26,31.5,-25.0,0.0045053633
2014-07-27,31.5,-25.0,0.08334921
2014-07-28,31.5,-25.0,0.036042903
2014-07-29,31.5,-25.0,0.19035158
2014-07-30,31.5,-25.0,0.0
2014-07-31,31.5,-25.0,3.469447e-15
2014-08-01,31.5,-25.0,8.3266734e-14
2014-08-02,31.5,-25.0,0.006424208
2014-08-03,31.5,-25.0,8.3266734e-14
2014-08-04,31.5,-25.0,8.3266734e-14
2014-08-05,31.5,-25.0,8.3266734e-14
2014-08-06,31.5,-25.0,0.0018354882
2014-08-07,31.5,-25.0,8.3266734e-14
2014-08-08,31.5,-25.0,0.44694138
2014-08-09,31.5,-25.0,0.07158403
2014-08-10,31.5,-25.0,0.0018354882
2014-08-11,31.5,-25.0,2.0805256
2014-08-12,31.5,-25.0,0.32121038
2014-08-13,31.5,-25.0,8.3266734e-14
2014-08-14,31.5,-25.0,0.0009177441
2014-08-15,31.5,-25.0,0.16244069
2014-08-16,31.5,-25.0,7.3924274
2014-08-17,31.5,-25.0,0.57267225
2014-08-18,31.5,-25.0,8.3266734e-14
2014-08-19,31.5,-25.0,8.3266734e-14
2014-08-20,31.5,-25.0,8.3266734e-14
2014-08-21,31.5,-25.0,8.3266734e-14
2014-08-22,31.5,-25.0,8.3266734e-14
2014-08-23,31.5,-25.0,8.3266734e-14
2014-08-24,31.5,-25.0,0.0009177441
2014-08-25,31.5,-25.0,0.0009177441
2014-08-26,31.5,-25.0,8.3266734e-14
2014-08-27,31.5,-25.0,8.3266734e-14
2014-08-28,31.5,-25.0,8.3266734e-14
2014-08-29,31.5,-25.0,8.3266734e-14
2014-08-30,31.5,-25.0,8.3266734e-14
2014-08-31,31.5,-25.0,8.3266734e-14
2014-09-01,31.5,-25.0,8.3266734e-14
2014-09-02,31.5,-25.0,0.0027959296
2014-09-03,31.5,-25.0,0.0027959296
2014-09-04,31.5,-25.0,0.022367436
2014-09-05,31.5,-25.0,0.017707555
2014-09-06,31.5,-25.0,8.3266734e-14
2014-09-07,31.5,-25.0,8.3266734e-14
2014-09-08,31.5,-25.0,0.003727906
2014-09-09,31.5,-25.0,0.007455812
2014-09-10,31.5,-25.0,0.027959295
2014-09-11,31.5,-25.0,0.05312266
2014-09-12,31.5,-25.0,0.010251742
2014-09-13,31.5,-25.0,0.004659882
2014-09-14,31.5,-25.0,8.3266734e-14
2014-09-15,31.5,-25.0,8.3266734e-14
2014-09-16,31.5,-25.0,8.3266734e-14
2014-09-17,31.5,-25.0,8.3266734e-14
2014-09-18,31.5,-25.0,8.3266734e-14
2014-09-19,31.5,-25.0,0.037279055
2014-09-20,31.5,-25.0,0.16775577
2014-09-21,31.5,-25.0,0.09692556
2014-09-22,31.5,-25.0,0.19385108
2014-09-23,31.5,-25.0,8.3266734e-14
2014-09-24,31.5,-25.0,8.3266734e-14
2014-09-25,31.5,-25.0,8.3266734e-14
2014-09-26,31.5,-25.0,0.005591859
2014-09-27,31.5,-25.0,0.14725226
2014-09-28,31.5,-25.0,0.95247996
2014-09-29,31.5,-25.0,0.40913764
2014-09-30,31.5,-25.0,0.001863953
2014-10-01,31.5,-25.0,0.0
2014-10-02,31.5,-25.0,0.0
2014-10-03,31.5,-25.0,0.0011367896
2014-10-04,31.5,-25.0,0.0034103687
2014-10-05,31.5,-25.0,0.0
2014-10-06,31.5,-25.0,0.0
2014-10-07,31.5,-25.0,0.0
2014-10-08,31.5,-25.0,0.0
2014-10-09,31.5,-25.0,0.0056839474
2014-10-10,31.5,-25.0,2.015528
2014-10-11,31.5,-25.0,3.9673953
2014-10-12,31.5,-25.0,0.05570268
2014-10-13,31.5,-25.0,0.39219233
2014-10-14,31.5,-25.0,0.0
2014-10-15,31.5,-25.0,0.040924422
2014-10-16,31.5,-25.0,27.259075
2014-10-17,31.5,-25.0,1.4585007
2014-10-18,31.5,-25.0,0.0
2014-10-19,31.5,-25.0,0.0
2014-10-20,31.5,-25.0,0.0079575265
2014-10-21,31.5,-25.0,0.85941285
2014-10-22,31.5,-25.0,4.9063835
2014-10-23,31.5,-25.0,0.26941907
2014-10-24,31.5,-25.0,0.0
2014-10-25,31.5,-25.0,0.6627482
2014-10-26,31.5,-25.0,1.301624
2014-10-27,31.5,-25.0,2.40772
2014-10-28,31.5,-25.0,0.0068207374
2014-10-29,31.5,-25.0,0.0
2014-10-30,31.5,-25.0,0.0
2014-10-31,31.5,-25.0,0.85051364
2014-11-01,31.5,-25.0,0.4107629
2014-11-02,31.5,-25.0,0.023927934
2014-11-03,31.5,-25.0,0.28912923
2014-11-04,31.5,-25.0,0.6001924
2014-11-05,31.5,-25.0,0.024924934
2014-11-06,31.5,-25.0,0.005981984
2014-11-07,31.5,-25.0,0.028912922
2014-11-08,31.5,-25.0,0.36888903
2014-11-09,31.5,-25.0,-1.6653347e-13
2014-11-10,31.5,-25.0,1.6789434
2014-11-11,31.5,-25.0,0.6550273
2014-11-12,31.5,-25.0,0.70487714
2014-11-13,31.5,-25.0,0.5762645
2014-11-14,31.5,-25.0,1.6051658
2014-11-15,31.5,-25.0,2.1066554
2014-11-16,31.5,-25.0,1.3549194
2014-11-17,31.5,-25.0,1.871364
2014-11-18,31.5,-25.0,0.0059819836
2014-11-19,31.5,-25.0,0.050846867
2014-11-20,31.5,-25.0,0.055831846
2014-11-21,31.5,-25.0,0.005981984
2014-11-22,31.5,-25.0,0.1475556
2014-11-23,31.5,-25.0,0.013957961
2014-11-24,31.5,-25.0,5.606116
2014-11-25,31.5,-25.0,0.099699736
2014-11-26,31.5,-25.0,0.363904
2014-11-27,31.5,-25.0,0.06978981
2014-11-28,31.5,-25.0,0.57726145
2014-11-29,31.5,-25.0,2.6560009
2014-11-30,31.5,-25.0,1.1146286
2014-12-01,31.5,-25.0,0.027879255
2014-12-02,31.5,-25.0,0.0019913751
2014-12-03,31.5,-25.0,0.0
2014-12-04,31.5,-25.0,0.0
2014-12-05,31.5,-25.0,0.010952564
2014-12-06,31.5,-25.0,0.8313992
2014-12-07,31.5,-25.0,2.0371766
2014-12-08,31.5,-25.0,0.790576
2014-12-09,31.5,-25.0,0.46498606
2014-12-10,31.5,-25.0,1.1878552
2014-12-11,31.5,-25.0,15.287787
2014-12-12,31.5,-25.0,1.297381
2014-12-13,31.5,-25.0,3.725863
2014-12-14,31.5,-25.0,0.0
2014-12-15,31.5,-25.0,13.89283
2014-12-16,31.5,-25.0,24.386381
2014-12-17,31.5,-25.0,0.7985414
2014-12-18,31.5,-25.0,0.07965501
2014-12-19,31.5,-25.0,2.9860673
2014-12-20,31.5,-25.0,6.8981237
2014-12-21,31.5,-25.0,1.0285454
2014-12-22,31.5,-25.0,0.49485672
2014-12-23,31.5,-25.0,0.00896119
2014-12-24,31.5,-25.0,0.0039827502
2014-12-25,31.5,-25.0,0.054762818
2014-12-26,31.5,-25.0,7.2894297
2014-12-27,31.5,-25.0,13.336241
2014-12-28,31.5,-25.0,32.006374
2014-12-29,31.5,-25.0,0.87222236
2014-12-30,31.5,-25.0,0.055758506
2014-12-31,31.5,-25.0,0.5076664
2015-01-01,31.5,-25.0,0.21362993
2015-01-02,31.5,-25.0,0.5943736
2015-01-03,31.5,-25.0,0.17917347
2015-01-04,31.5,-25.0,0.017228218
2015-01-05,31.5,-25.0,0.068051465
2015-01-06,31.5,-25.0,0.3850507
2015-01-07,31.5,-25.0,2.063079
2015-01-08,31.5,-25.0,0.08786392
2015-01-09,31.5,-25.0,4.5827065
2015-01-10,31.5,-25.0,1.1706574
2015-01-11,31.5,-25.0,0.58059096
2015-01-12,31.5,-25.0,2.0949516
2015-01-13,31.5,-25.0,0.8502126
2015-01-14,31.5,-25.0,4.146832
2015-01-15,31.5,-25.0,1.2249265
2015-01-16,31.5,-25.0,0.0025842332
2015-01-17,31.5,-25.0,5.473405
2015-01-18,31.5,-25.0,0.01895104
2015-01-19,31.5,-25.0,0.45224077
2015-01-20,31.5,-25.0,0.5444117
2015-01-21,31.5,-25.0,0.3049395
2015-01-22,31.5,-25.0,0.565947
2015-01-23,31.5,-25.0,0.14988549
2015-01-24,31.5,-25.0,0.01808963
2015-01-25,31.5,-25.0,0.012059754
2015-01-26,31.5,-25.0,8.3266734e-14
2015-01-27,31.5,-25.0,0.614186
2015-01-28,31.5,-25.0,2.1845381
2015-01-29,31.5,-25.0,0.77526987
2015-01-30,31.5,-25.0,1.1456766
2015-01-31,31.5,-25.0,0.012921165
2015-02-01,31.5,-25.0,8.591407
2015-02-02,31.5,-25.0,3.9325411
2015-02-03,31.5,-25.0,4.40016
2015-02-04,31.5,-25.0,1.8607317
2015-02-05,31.5,-25.0,15.200847
2015-02-06,31.5,-25.0,1.3151768
2015-02-07,31.5,-25.0,0.7328187
2015-02-08,31.5,-25.0,0.113657266
2015-02-09,31.5,-25.0,0.020566553
2015-02-10,31.5,-25.0,1.6653347e-13
2015-02-11,31.5,-25.0,0.0010824502
2015-02-12,31.5,-25.0,0.15695526
2015-02-13,31.5,-25.0,1.1549743
2015-02-14,31.5,-25.0,12.887651
2015-02-15,31.5,-25.0,2.395462
2015-02-16,31.5,-25.0,0.0541225
2015-02-17,31.5,-25.0,1.6653347e-13
2015-02-18,31.5,-25.0,1.6653347e-13
2015-02-19,31.5,-25.0,1.6653347e-13
2015-02-20,31.5,-25.0,0.041133102
2015-02-21,31.5,-25.0,0.008659601
2015-02-22,31.5,-25.0,0.9601333
2015-02-23,31.5,-25.0,0.017319202
2015-02-24,31.5,-25.0,0.014071852
2015-02-25,31.5,-25.0,0.23813903
2015-02-26,31.5,-25.0,0.4502992
2015-02-27,31.5,-25.0,5.8896112
2015-02-28,31.5,-25.0,1.7763007
2015-03-01,31.5,-25.0,0.64131945
2015-03-02,31.5,-25.0,0.19827777
2015-03-03,31.5,-25.0,8.3266734e-14
2015-03-04,31.5,-25.0,8.3266734e-14
2015-03-05,31.5,-25.0,0.0018973947
2015-03-06,31.5,-25.0,0.5749106
2015-03-07,31.5,-25.0,0.015179157
2015-03-08,31.5,-25.0,0.021820037
2015-03-09,31.5,-25.0,0.18594469
2015-03-10,31.5,-25.0,0.0075895786
2015-03-11,31.5,-25.0,0.05312705
2015-03-12,31.5,-25.0,0.05976793
2015-03-13,31.5,-25.0,0.0009486973
2015-03-14,31.5,-25.0,0.2115595
2015-03-15,31.5,-25.0,0.0018973947
2015-03-16,31.5,-25.0,0.23907176
2015-03-17,31.5,-25.0,0.8405459
2015-03-18,31.5,-25.0,0.036999196
2015-03-19,31.5,-25.0,0.47814345
2015-03-20,31.5,-25.0,0.2713274
2015-03-21,31.5,-25.0,0.1072028
2015-03-22,31.5,-25.0,0.012333065
2015-03-23,31.5,-25.0,0.5587827
2015-03-24,31.5,-25.0,8.3266734e-14
2015-03-25,31.5,-25.0,8.3266734e-14
2015-03-26,31.5,-25.0,8.3266734e-14
2015-03-27,31.5,-25.0,0.57016706
2015-03-28,31.5,-25.0,1.978034
2015-03-29,31.5,-25.0,2.0520322
2015-03-30,31.5,-25.0,2.9703715
2015-03-31,31.5,-25.0,1.6648718
2015-04-01,31.5,-25.0,0.17602867
2015-04-02,31.5,-25.0,-8.3266734e-14
2015-04-03,31.5,-25.0,-8.3266734e-14
2015-04-04,31.5,-25.0,0.5145454
2015-04-05,31.5,-25.0,1.028188
2015-04-06,31.5,-25.0,0.116449736
2015-04-07,31.5,-25.0,0.004513556
2015-04-08,31.5,-25.0,0.00722169
2015-04-09,31.5,-25.0,0.84132683
2015-04-10,31.5,-25.0,0.026178624
2015-04-11,31.5,-25.0,-8.3266734e-14
2015-04-12,31.5,-25.0,0.33400315
2015-04-13,31.5,-25.0,0.0018054225
2015-04-14,31.5,-25.0,-8.3266734e-14
2015-04-15,31.5,-25.0,0.5010047
2015-04-16,31.5,-25.0,0.020762358
2015-04-17,31.5,-25.0,8.030518
2015-04-18,31.5,-25.0,1.6465452
2015-04-19,31.5,-25.0,2.369617
2015-04-20,31.5,-25.0,0.025275912
2015-04-21,31.5,-25.0,5.365715
2015-04-22,31.5,-25.0,1.1130428
2015-04-23,31.5,-25.0,0.29518655
2015-04-24,31.5,-25.0,0.034303024
2015-04-25,31.5,-25.0,-8.3266734e-14
2015-04-26,31.5,-25.0,-8.3266734e-14
2015-04-27,31.5,-25.0,0.7898723
2015-04-28,31.5,-25.0,0.21484526
2015-04-29,31.5,-25.0,-8.3266734e-14
2015-04-30,31.5,-25.0,-7.979728e-14
2015-05-01,31.5,-25.0,0.0
2015-05-02,31.5,-25.0,0.0
2015-05-03,31.5,-25.0,0.0044753263
2015-05-04,31.5,-25.0,0.0033564947
2015-05-05,31.5,-25.0,0.0033564947
2015-05-06,31.5,-25.0,0.031327285
2015-05-07,31.5,-25.0,0.1454481
2015-05-08,31.5,-25.0,0.0
2015-05-09,31.5,-25.0,0.0
2015-05-10,31.5,-25.0,6.4500637
2015-05-11,31.5,-25.0,0.79996455
2015-05-12,31.5,-25.0,0.015663642
2015-05-13,31.5,-25.0,0.0
2015-05-14,31.5,-25.0,0.0
2015-05-15,31.5,-25.0,0.0067129894
2015-05-16,31.5,-25.0,0.017901303
2015-05-17,31.5,-25.0,0.54151446
2015-05-18,31.5,-25.0,0.0
2015-05-19,31.5,-25.0,0.0
2015-05-20,31.5,-25.0,0.0
2015-05-21,31.5,-25.0,0.0
2015-05-22,31.5,-25.0,0.46207744
2015-05-23,31.5,-25.0,0.013425979
2015-05-24,31.5,-25.0,0.0
2015-05-25,31.5,-25.0,0.0
2015-05-26,31.5,-25.0,0.0
2015-05-27,31.5,-25.0,0.0
2015-05-28,31.5,-25.0,0.0
2015-05-29,31.5,-25.0,0.0
2015-05-30,31.5,-25.0,0.0
2015-05-31,31.5,-25.0,0.0
2015-06-01,31.5,-25.0,0.0009813388
2015-06-02,31.5,-25.0,0.36113268
2015-06-03,31.5,-25.0,0.0
2015-06-04,31.5,-25.0,0.0
2015-06-05,31.5,-25.0,0.0
2015-06-06,31.5,-25.0,0.0
2015-06-07,31.5,-25.0,0.0
2015-06-08,31.5,-25.0,0.0
2015-06-09,31.5,-25.0,0.0
2015-06-10,31.5,-25.0,0.0
2015-06-11,31.5,-25.0,0.0
2015-06-12,31.5,-25.0,0.0
2015-06-13,31.5,-25.0,0.0
2015-06-14,31.5,-25.0,0.0
2015-06-15,31.5,-25.0,0.0
2015-06-16,31.5,-25.0,0.0
2015-06-17,31.5,-25.0,0.0
2015-06-18,31.5,-25.0,0.0
2015-06-19,31.5,-25.0,0.0
2015-06-20,31.5,-25.0,0.25711074
2015-06-21,31.5,-25.0,0.0
2015-06-22,31.5,-25.0,0.0
2015-06-23,31.5,-25.0,0.0
2015-06-24,31.5,-25.0,0.0
2015-06-25,31.5,-25.0,0.029440165
2015-06-26,31.5,-25.0,0.057898983
2015-06-27,31.5,-25.0,0.24140933
2015-06-28,31.5,-25.0,0.0
2015-06-29,31.5,-25.0,0.21687587
2015-06-30,31.5,-25.0,1.5936942
2015-07-01,31.5,-25.0,0.0055889767
2015-07-02,31.5,-25.0,0.007451969
2015-07-03,31.5,-25.0,0.041917328
2015-07-04,31.5,-25.0,0.0
2015-07-05,31.5,-25.0,0.0
2015-07-06,31.5,-25.0,0.057752766
2015-07-07,31.5,-25.0,0.47785753
2015-07-08,31.5,-25.0,0.033533864
2015-07-09,31.5,-25.0,0.0484378
2015-07-10,31.5,-25.0,0.23939453
2015-07-11,31.5,-25.0,0.18164176
2015-07-12,31.5,-25.0,0.0
2015-07-13,31.5,-25.0,0.08476615
2015-07-14,31.5,-25.0,0.2636134
2015-07-15,31.5,-25.0,0.00093149615
2015-07-16,31.5,-25.0,0.0
2015-07-17,31.5,-25.0,0.0
2015-07-18,31.5,-25.0,0.0
2015-07-19,31.5,-25.0,0.0
2015-07-20,31.5,-25.0,0.0
2015-07-21,31.5,-25.0,0.0
2015-07-22,31.5,-25.0,2.8773918
2015-07-23,31.5,-25.0,0.0018629923
2015-07-24,31.5,-25.0,0.0
2015-07-25,31.5,-25.0,1.113138
2015-07-26,31.5,-25.0,0.0
2015-07-27,31.5,-25.0,0.0
2015-07-28,31.5,-25.0,0.0
2015-07-29,31.5,-25.0,0.0
2015-07-30,31.5,-25.0,0.0
2015-07-31,31.5,-25.0,0.0
2015-08-01,31.5,-25.0,0.0
2015-08-02,31.5,-25.0,0.0
2015-08-03,31.5,-25.0,0.0
2015-08-04,31.5,-25.0,0.0
2015-08-05,31.5,-25.0,0.0
2015-08-06,31.5,-25.0,0.0
2015-08-07,31.5,-25.0,0.0
2015-08-08,31.5,-25.0,0.0
2015-08-09,31.5,-25.0,0.02016231
2015-08-10,31.5,-25.0,0.45206022
2015-08-11,31.5,-25.0,0.6844573
2015-08-12,31.5,-25.0,0.7300878
2015-08-13,31.5,-25.0,0.0
2015-08-14,31.5,-25.0,0.0021223484
2015-08-15,31.5,-25.0,0.0
2015-08-16,31.5,-25.0,0.014856439
2015-08-17,31.5,-25.0,0.029712878
2015-08-18,31.5,-25.0,0.0010611742
2015-08-19,31.5,-25.0,0.03395758
2015-08-20,31.5,-25.0,0.003183523
2015-08-21,31.5,-25.0,0.008489394
2015-08-22,31.5,-25.0,0.0010611742
2015-08-23,31.5,-25.0,0.09444451
2015-08-24,31.5,-25.0,0.0
2015-08-25,31.5,-25.0,0.0
2015-08-26,31.5,-25.0,0.0
2015-08-27,31.5,-25.0,0.03820227
2015-08-28,31.5,-25.0,0.0
2015-08-29,31.5,-25.0,0.0
2015-08-30,31.5,-25.0,0.0
2015-08-31,31.5,-25.0,3.469447e-15
2015-09-01,31.5,-25.0,8.3266734e-14
2015-09-02,31.5,-25.0,1.4067968
2015-09-03,31.5,-25.0,0.8193629
2015-09-04,31.5,-25.0,4.7729006
2015-09-05,31.5,-25.0,29.809586
2015-09-06,31.5,-25.0,0.00089547865
2015-09-07,31.5,-25.0,8.3266734e-14
2015-09-08,31.5,-25.0,0.022386964
2015-09-09,31.5,-25.0,0.1504404
2015-09-10,31.5,-25.0,8.3266734e-14
2015-09-11,31.5,-25.0,0.064474456
2015-09-12,31.5,-25.0,0.015223136
2015-09-13,31.5,-25.0,0.28565764
2015-09-14,31.5,-25.0,0.03671462
2015-09-15,31.5,-25.0,8.3266734e-14
2015-09-16,31.5,-25.0,8.3266734e-14
2015-09-17,31.5,-25.0,0.1961098
2015-09-18,31.5,-25.0,1.1300939
2015-09-19,31.5,-25.0,4.1424837
2015-09-20,31.5,-25.0,0.8068262
2015-09-21,31.5,-25.0,8.3266734e-14
2015-09-22,31.5,-25.0,1.603802
2015-09-23,31.5,-25.0,0.017014092
2015-09-24,31.5,-25.0,8.3266734e-14
2015-09-25,31.5,-25.0,8.3266734e-14
2015-09-26,31.5,-25.0,8.3266734e-14
2015-09-27,31.5,-25.0,8.3266734e-14
2015-09-28,31.5,-25.0,8.3266734e-14
2015-09-29,31.5,-25.0,0.00089547865
2015-09-30,31.5,-25.0,7.979728e-14
2015-10-01,31.5,-25.0,0.06369234
2015-10-02,31.5,-25.0,0.03800995
2015-10-03,31.5,-25.0,0.13354847
2015-10-04,31.5,-25.0,0.0
2015-10-05,31.5,-25.0,0.010272958
2015-10-06,31.5,-25.0,0.014382142
2015-10-07,31.5,-25.0,0.0
2015-10-08,31.5,-25.0,0.0
2015-10-09,31.5,-25.0,0.07910177
2015-10-10,31.5,-25.0,0.039037243
2015-10-11,31.5,-25.0,0.0010272958
2015-10-12,31.5,-25.0,0.0041091833
2015-10-13,31.5,-25.0,0.0
2015-10-14,31.5,-25.0,0.0
2015-10-15,31.5,-25.0,5.4230947
2015-10-16,31.5,-25.0,3.193863
2015-10-17,31.5,-25.0,1.683738
2015-10-18,31.5,-25.0,0.008218367
2015-10-19,31.5,-25.0,0.006163775
2015-10-20,31.5,-25.0,0.0010272958
2015-10-21,31.5,-25.0,0.045201022
2015-10-22,31.5,-25.0,0.7211617
2015-10-23,31.5,-25.0,0.0
2015-10-24,31.5,-25.0,0.54857594
2015-10-25,31.5,-25.0,0.011300255
2015-10-26,31.5,-25.0,4.314642
2015-10-27,31.5,-25.0,1.361167
2015-10-28,31.5,-25.0,0.007191071
2015-10-29,31.5,-25.0,3.0428503
2015-10-30,31.5,-25.0,0.31640708
2015-10-31,31.5,-25.0,-6.938894e-15
2015-11-01,31.5,-25.0,0.038841303
2015-11-02,31.5,-25.0,2.5204859
2015-11-03,31.5,-25.0,-1.6653347e-13
2015-11-04,31.5,-25.0,0.001049765
2015-11-05,31.5,-25.0,0.0031492952
2015-11-06,31.5,-25.0,-1.6653347e-13
2015-11-07,31.5,-25.0,-1.6653347e-13
2015-11-08,31.5,-25.0,-1.6653347e-13
2015-11-09,31.5,-25.0,-1.6653347e-13
2015-11-10,31.5,-25.0,-1.6653347e-13
2015-11-11,31.5,-25.0,0.00419906
2015-11-12,31.5,-25.0,0.022045065
2015-11-13,31.5,-25.0,-1.6653347e-13
2015-11-14,31.5,-25.0,7.946721
2015-11-15,31.5,-25.0,5.413638
2015-11-16,31.5,-25.0,3.3770938
2015-11-17,31.5,-25.0,-1.6653347e-13
2015-11-18,31.5,-25.0,2.5530286
2015-11-19,31.5,-25.0,0.036741775
2015-11-20,31.5,-25.0,0.02309483
2015-11-21,31.5,-25.0,2.4228578
2015-11-22,31.5,-25.0,0.12702158
2015-11-23,31.5,-25.0,0.00209953
2015-11-24,31.5,-25.0,-1.6653347e-13
2015-11-25,31.5,-25.0,-1.6653347e-13
2015-11-26,31.5,-25.0,0.51858395
2015-11-27,31.5,-25.0,0.17741029
2015-11-28,31.5,-25.0,0.2424957
2015-11-29,31.5,-25.0,0.00209953
2015-11-30,31.5,-25.0,-1.5959456e-13
2015-12-01,31.5,-25.0,0.029910967
2015-12-02,31.5,-25.0,0.27871585
2015-12-03,31.5,-25.0,0.006797948
2015-12-04,31.5,-25.0,0.5248015
2015-12-05,31.5,-25.0,0.15635279
2015-12-06,31.5,-25.0,0.1413973
2015-12-07,31.5,-25.0,0.17946582
2015-12-08,31.5,-25.0,1.033288
2015-12-09,31.5,-25.0,1.8558397
2015-12-10,31.5,-25.0,0.17402744
2015-12-11,31.5,-25.0,0.0
2015-12-12,31.5,-25.0,0.031270556
2015-12-13,31.5,-25.0,8.046051
2015-12-14,31.5,-25.0,4.2065697
2015-12-15,31.5,-25.0,0.42011315
2015-12-16,31.5,-25.0,0.122363046
2015-12-17,31.5,-25.0,0.59006184
2015-12-18,31.5,-25.0,0.021753434
2015-12-19,31.5,-25.0,0.0
2015-12-20,31.5,-25.0,0.23928773
2015-12-21,31.5,-25.0,0.68251395
2015-12-22,31.5,-25.0,0.18082538
2015-12-23,31.5,-25.0,0.19034252
2015-12-24,31.5,-25.0,0.22161308
2015-12-25,31.5,-25.0,0.26511994
2015-12-26,31.5,-25.0,0.0027191788
2015-12-27,31.5,-25.0,0.0027191788
2015-12-28,31.5,-25.0,0.040787686
2015-12-29,31.5,-25.0,0.09517124
2015-12-30,31.5,-25.0,0.019034253
2015-12-31,31.5,-25.0,0.006797948
2016-01-01,31.5,-25.0,0.020236818
2016-01-02,31.5,-25.0,1.5673417
2016-01-03,31.5,-25.0,0.015177613
2016-01-04,31.5,-25.0,0.0
2016-01-05,31.5,-25.0,0.02428418
2016-01-06,31.5,-25.0,0.0
2016-01-07,31.5,-25.0,0.0718407
2016-01-08,31.5,-25.0,0.38146403
2016-01-09,31.5,-25.0,0.14671694
2016-01-10,31.5,-25.0,0.81655574
2016-01-11,31.5,-25.0,0.63847166
2016-01-12,31.5,-25.0,0.007082886
2016-01-13,31.5,-25.0,0.0010118409
2016-01-14,31.5,-25.0,4.8214226
2016-01-15,31.5,-25.0,9.217871
2016-01-16,31.5,-25.0,0.4441982
2016-01-17,31.5,-25.0,0.53222835
2016-01-18,31.5,-25.0,0.022260498
2016-01-19,31.5,-25.0,0.0020236818
2016-01-20,31.5,-25.0,0.074876234
2016-01-21,31.5,-25.0,0.0
2016-01-22,31.5,-25.0,0.027319703
2016-01-23,31.5,-25.0,0.0
2016-01-24,31.5,-25.0,0.0
2016-01-25,31.5,-25.0,10.294471
2016-01-26,31.5,-25.0,3.5343604
2016-01-27,31.5,-25.0,0.03440259
2016-01-28,31.5,-25.0,2.3241987
2016-01-29,31.5,-25.0,0.99666345
2016-01-30,31.5,-25.0,0.30557597
2016-01-31,31.5,-25.0,0.11752726
2016-02-01,31.5,-25.0,0.11102714
2016-02-02,31.5,-25.0,0.0
2016-02-03,31.5,-25.0,0.0
2016-02-04,31.5,-25.0,4.5048943
2016-02-05,31.5,-25.0,0.26672038
2016-02-06,31.5,-25.0,0.0012761742
2016-02-07,31.5,-25.0,0.14420767
2016-02-08,31.5,-25.0,0.0012761742
2016-02-09,31.5,-25.0,0.04849462
2016-02-10,31.5,-25.0,0.0025523484
2016-02-11,31.5,-25.0,0.0
2016-02-12,31.5,-25.0,0.48749852
2016-02-13,31.5,-25.0,0.0
2016-02-14,31.5,-25.0,0.0
2016-02-15,31.5,-25.0,0.0
2016-02-16,31.5,-25.0,0.0038285216
2016-02-17,31.5,-25.0,0.73890483
2016-02-18,31.5,-25.0,0.10719862
2016-02-19,31.5,-25.0,1.0617769
2016-02-20,31.5,-25.0,0.8639698
2016-02-21,31.5,-25.0,0.015314087
2016-02-22,31.5,-25.0,1.6475406
2016-02-23,31.5,-25.0,1.7253873
2016-02-24,31.5,-25.0,0.5946971
2016-02-25,31.5,-25.0,6.486793
2016-02-26,31.5,-25.0,0.9928634
2016-02-27,31.5,-25.0,9.427097
2016-02-28,31.5,-25.0,0.14420767
2016-02-29,31.5,-25.0,0.042113744
2016-03-01,31.5,-25.0,0.0
2016-03-02,31.5,-25.0,0.197272
2016-03-03,31.5,-25.0,0.36752045
2016-03-04,31.5,-25.0,0.2405097
2016-03-05,31.5,-25.0,0.032428272
2016-03-06,31.5,-25.0,0.0
2016-03-07,31.5,-25.0,0.0
2016-03-08,31.5,-25.0,1.9551548
2016-03-09,31.5,-25.0,20.625732
2016-03-10,31.5,-25.0,9.320426
2016-03-11,31.5,-25.0,10.204097
2016-03-12,31.5,-25.0,6.0843554
2016-03-13,31.5,-25.0,0.0
2016-03-14,31.5,-25.0,0.88772404
2016-03-15,31.5,-25.0,0.15268312
2016-03-16,31.5,-25.0,1.3619875
2016-03-17,31.5,-25.0,9.542019
2016-03-18,31.5,-25.0,12.89159
2016-03-19,31.5,-25.0,7.249071
2016-03-20,31.5,-25.0,1.0241929
2016-03-21,31.5,-25.0,2.7942362
2016-03-22,31.5,-25.0,5.630359
2016-03-23,31.5,-25.0,0.18240903
2016-03-24,31.5,-25.0,0.0
2016-03-25,31.5,-25.0,0.001351178
2016-03-26,31.5,-25.0,0.04594006
2016-03-27,31.5,-25.0,0.0
2016-03-28,31.5,-25.0,0.014862958
2016-03-29,31.5,-25.0,0.016214136
2016-03-30,31.5,-25.0,0.0
2016-03-31,31.5,-25.0,6.938894e-15
2016-04-01,31.5,-25.0,1.6653347e-13
2016-04-02,31.5,-25.0,0.001953364
2016-04-03,31.5,-25.0,0.16017585
2016-04-04,31.5,-25.0,0.21780007
2016-04-05,31.5,-25.0,0.06641437
2016-04-06,31.5,-25.0,6.5047016
2016-04-07,31.5,-25.0,0.001953364
2016-04-08,31.5,-25.0,0.87120026
2016-04-09,31.5,-25.0,0.001953364
2016-04-10,31.5,-25.0,1.6653347e-13
2016-04-11,31.5,-25.0,1.6653347e-13
2016-04-12,31.5,-25.0,1.6653347e-13
2016-04-13,31.5,-25.0,1.6653347e-13
2016-04-14,31.5,-25.0,1.6653347e-13
2016-04-15,31.5,-25.0,0.02051032
2016-04-16,31.5,-25.0,0.018556958
2016-04-17,31.5,-25.0,1.6653347e-13
2016-04-18,31.5,-25.0,0.015626911
2016-04-19,31.5,-25.0,0.001953364
2016-04-20,31.5,-25.0,1.6653347e-13
2016-04-21,31.5,-25.0,0.07715787
2016-04-22,31.5,-25.0,1.6653347e-13
2016-04-23,31.5,-25.0,0.016603593
2016-04-24,31.5,-25.0,0.0029300458
2016-04-25,31.5,-25.0,1.6653347e-13
2016-04-26,31.5,-25.0,1.0977905
2016-04-27,31.5,-25.0,0.0068367734
2016-04-28,31.5,-25.0,1.6653347e-13
2016-04-29,31.5,-25.0,1.6653347e-13
2016-04-30,31.5,-25.0,0.016603593
2016-05-01,31.5,-25.0,0.0
2016-05-02,31.5,-25.0,0.0
2016-05-03,31.5,-25.0,0.0076916497
2016-05-04,31.5,-25.0,0.021976147
2016-05-05,31.5,-25.0,0.013185686
2016-05-06,31.5,-25.0,0.0
2016-05-07,31.5,-25.0,0.34063023
2016-05-08,31.5,-25.0,1.3438413
2016-05-09,31.5,-25.0,1.3108768
2016-05-10,31.5,-25.0,0.0043952283
2016-05-11,31.5,-25.0,0.0
2016-05-12,31.5,-25.0,0.0
2016-05-13,31.5,-25.0,0.0
2016-05-14,31.5,-25.0,0.0076916497
2016-05-15,31.5,-25.0,1.4724016
2016-05-16,31.5,-25.0,0.12526403
2016-05-17,31.5,-25.0,0.07032366
2016-05-18,31.5,-25.0,0.89223146
2016-05-19,31.5,-25.0,0.93618375
2016-05-20,31.5,-25.0,0.25272566
2016-05-21,31.5,-25.0,0.0461499
2016-05-22,31.5,-25.0,0.0
2016-05-23,31.5,-25.0,0.0
2016-05-24,31.5,-25.0,0.0
2016-05-25,31.5,-25.0,0.4834752
2016-05-26,31.5,-25.0,5.4566765
2016-05-27,31.5,-25.0,0.30766603
2016-05-28,31.5,-25.0,0.0
2016-05-29,31.5,-25.0,0.0
2016-05-30,31.5,-25.0,0.0010988071
2016-05-31,31.5,-25.0,0.0
2016-06-01,31.5,-25.0,0.0
2016-06-02,31.5,-25.0,0.0
2016-06-03,31.5,-25.0,0.0
2016-06-04,31.5,-25.0,0.00079553144
2016-06-05,31.5,-25.0,0.07477995
2016-06-06,31.5,-25.0,0.00079553144
2016-06-07,31.5,-25.0,0.0
2016-06-08,31.5,-25.0,0.0
2016-06-09,31.5,-25.0,0.0
2016-06-10,31.5,-25.0,0.0
2016-06-11,31.5,-25.0,0.013524033
2016-06-12,31.5,-25.0,0.097054824
2016-06-13,31.5,-25.0,0.4693635
2016-06-14,31.5,-25.0,0.0
2016-06-15,31.5,-25.0,0.0
2016-06-16,31.5,-25.0,0.0031821253
2016-06-17,31.5,-25.0,0.23547733
2016-06-18,31.5,-25.0,0.00079553144
2016-06-19,31.5,-25.0,0.0
2016-06-20,31.5,-25.0,0.0
2016-06-21,31.5,-25.0,0.050914012
2016-06-22,31.5,-25.0,0.076371014
2016-06-23,31.5,-25.0,0.10262355
2016-06-24,31.5,-25.0,0.26252538
2016-06-25,31.5,-25.0,0.00079553144
2016-06-26,31.5,-25.0,0.0
2016-06-27,31.5,-25.0,0.0
2016-06-28,31.5,-25.0,0.0031821257
2016-06-29,31.5,-25.0,0.0
2016-06-30,31.5,-25.0,0.0
2016-07-01,31.5,-25.0,0.0
2016-07-02,31.5,-25.0,0.0033594635
2016-07-03,31.5,-25.0,0.0
2016-07-04,31.5,-25.0,0.0
2016-07-05,31.5,-25.0,0.0
2016-07-06,31.5,-25.0,0.0044792844
2016-07-07,31.5,-25.0,0.035834275
2016-07-08,31.5,-25.0,0.0
2016-07-09,31.5,-25.0,0.0
2016-07-10,31.5,-25.0,0.1746921
2016-07-11,31.5,-25.0,0.0022396422
2016-07-12,31.5,-25.0,0.0
2016-07-13,31.5,-25.0,0.008958569
2016-07-14,31.5,-25.0,0.0
2016-07-15,31.5,-25.0,0.0
2016-07-16,31.5,-25.0,0.77267665
2016-07-17,31.5,-25.0,0.2430012
2016-07-18,31.5,-25.0,0.0
2016-07-19,31.5,-25.0,0.0
2016-07-20,31.5,-25.0,0.0
2016-07-21,31.5,-25.0,0.0
2016-07-22,31.5,-25.0,0.0
2016-07-23,31.5,-25.0,0.070548736
2016-07-24,31.5,-25.0,0.21612549
2016-07-25,31.5,-25.0,0.5487124
2016-07-26,31.5,-25.0,5.0974255
2016-07-27,31.5,-25.0,4.1287804
2016-07-28,31.5,-25.0,0.0
2016-07-29,31.5,-25.0,0.0
2016-07-30,31.5,-25.0,0.0
2016-07-31,31.5,-25.0,0.057110883
2016-08-01,31.5,-25.0,0.071087375
2016-08-02,31.5,-25.0,0.0
2016-08-03,31.5,-25.0,0.0
2016-08-04,31.5,-25.0,0.0
2016-08-05,31.5,-25.0,0.0
2016-08-06,31.5,-25.0,0.0
2016-08-07,31.5,-25.0,0.0
2016-08-08,31.5,-25.0,0.0
2016-08-09,31.5,-25.0,0.0
2016-08-10,31.5,-25.0,0.0
2016-08-11,31.5,-25.0,0.0
2016-08-12,31.5,-25.0,0.0
2016-08-13,31.5,-25.0,0.0
2016-08-14,31.5,-25.0,0.0
2016-08-15,31.5,-25.0,0.0
2016-08-16,31.5,-25.0,0.4076417
2016-08-17,31.5,-25.0,0.94746155
2016-08-18,31.5,-25.0,0.009996662
2016-08-19,31.5,-25.0,0.0
2016-08-20,31.5,-25.0,0.027768511
2016-08-21,31.5,-25.0,0.025547028
2016-08-22,31.5,-25.0,0.004442961
2016-08-23,31.5,-25.0,0.0
2016-08-24,31.5,-25.0,0.0
2016-08-25,31.5,-25.0,0.0
2016-08-26,31.5,-25.0,0.005553701
2016-08-27,31.5,-25.0,0.0022214805
2016-08-28,31.5,-25.0,0.0
2016-08-29,31.5,-25.0,0.0
2016-08-30,31.5,-25.0,0.0
2016-08-31,31.5,-25.0,-3.469447e-15
2016-09-01,31.5,-25.0,-8.3266734e-14
2016-09-02,31.5,-25.0,-8.3266734e-14
2016-09-03,31.5,-25.0,-8.3266734e-14
2016-09-04,31.5,-25.0,-8.3266734e-14
2016-09-05,31.5,-25.0,-8.3266734e-14
2016-09-06,31.5,-25.0,-8.3266734e-14
2016-09-07,31.5,-25.0,-8.3266734e-14
2016-09-08,31.5,-25.0,0.0018116797
2016-09-09,31.5,-25.0,0.031704396
2016-09-10,31.5,-25.0,0.038951118
2016-09-11,31.5,-25.0,0.04166864
2016-09-12,31.5,-25.0,0.1449344
2016-09-13,31.5,-25.0,0.14855775
2016-09-14,31.5,-25.0,0.00090583984
2016-09-15,31.5,-25.0,0.0036233598
2016-09-16,31.5,-25.0,-8.3266734e-14
2016-09-17,31.5,-25.0,1.2192606
2016-09-18,31.5,-25.0,10.4235
2016-09-19,31.5,-25.0,0.028986879
2016-09-20,31.5,-25.0,-8.3266734e-14
2016-09-21,31.5,-25.0,-8.3266734e-14
2016-09-22,31.5,-25.0,0.02355184
2016-09-23,31.5,-25.0,0.13225263
2016-09-24,31.5,-25.0,0.010870079
2016-09-25,31.5,-25.0,1.7772579
2016-09-26,31.5,-25.0,0.1268176
2016-09-27,31.5,-25.0,-8.3266734e-14
2016-09-28,31.5,-25.0,0.9918947
2016-09-29,31.5,-25.0,0.30255055
2016-09-30,31.5,-25.0,0.31812108
2016-10-01,31.5,-25.0,0.13470882
2016-10-02,31.5,-25.0,0.8604289
2016-10-03,31.5,-25.0,8.3266734e-14
2016-10-04,31.5,-25.0,8.3266734e-14
2016-10-05,31.5,-25.0,8.3266734e-14
2016-10-06,31.5,-25.0,8.3266734e-14
2016-10-07,31.5,-25.0,0.029408265
2016-10-08,31.5,-25.0,0.010435191
2016-10-09,31.5,-25.0,0.34341264
2016-10-10,31.5,-25.0,8.3266734e-14
2016-10-11,31.5,-25.0,8.3266734e-14
2016-10-12,31.5,-25.0,0.0056919227
2016-10-13,31.5,-25.0,0.03794615
2016-10-14,31.5,-25.0,0.36712894
2016-10-15,31.5,-25.0,8.3266734e-14
2016-10-16,31.5,-25.0,1.1583061
2016-10-17,31.5,-25.0,0.09201941
2016-10-18,31.5,-25.0,0.23147148
2016-10-19,31.5,-25.0,0.85568565
2016-10-20,31.5,-25.0,0.7541797
2016-10-21,31.5,-25.0,0.61947083
2016-10-22,31.5,-25.0,0.41171575
2016-10-23,31.5,-25.0,1.1507169
2016-10-24,31.5,-25.0,1.0871571
2016-10-25,31.5,-25.0,0.25329053
2016-10-26,31.5,-25.0,0.6280087
2016-10-27,31.5,-25.0,0.012332498
2016-10-28,31.5,-25.0,8.3266734e-14
2016-10-29,31.5,-25.0,0.0056919227
2016-10-30,31.5,-25.0,0.059765182
2016-10-31,31.5,-25.0,0.40776336
2016-11-01,31.5,-25.0,2.2086809
2016-11-02,31.5,-25.0,3.0143108
2016-11-03,31.5,-25.0,0.744946
2016-11-04,31.5,-25.0,0.0
2016-11-05,31.5,-25.0,0.08160925
2016-11-06,31.5,-25.0,0.24273518
2016-11-07,31.5,-25.0,2.3133082
2016-11-08,31.5,-25.0,0.058591254
2016-11-09,31.5,-25.0,0.44152692
2016-11-10,31.5,-25.0,1.2419254
2016-11-11,31.5,-25.0,0.46454492
2016-11-12,31.5,-25.0,0.13706169
2016-11-13,31.5,-25.0,0.76064
2016-11-14,31.5,-25.0,4.222755
2016-11-15,31.5,-25.0,1.3800334
2016-11-16,31.5,-25.0,0.27935472
2016-11-17,31.5,-25.0,0.0010462723
2016-11-18,31.5,-25.0,0.10044214
2016-11-19,31.5,-25.0,0.07323907
2016-11-20,31.5,-25.0,0.085794345
2016-11-21,31.5,-25.0,0.0
2016-11-22,31.5,-25.0,0.6654293
2016-11-23,31.5,-25.0,0.5084884
2016-11-24,31.5,-25.0,0.15798713
2016-11-25,31.5,-25.0,4.540822
2016-11-26,31.5,-25.0,1.75146
2016-11-27,31.5,-25.0,0.19356039
2016-11-28,31.5,-25.0,0.0
2016-11-29,31.5,-25.0,0.120321326
2016-11-30,31.5,-25.0,0.08362536
2016-12-01,31.5,-25.0,0.9291088
2016-12-02,31.5,-25.0,0.11735091
2016-12-03,31.5,-25.0,0.14353666
2016-12-04,31.5,-25.0,0.83697385
2016-12-05,31.5,-25.0,0.49364966
2016-12-06,31.5,-25.0,0.5528101
2016-12-07,31.5,-25.0,1.6653347e-13
2016-12-08,31.5,-25.0,0.023276215
2016-12-09,31.5,-25.0,0.18523987
2016-12-10,31.5,-25.0,0.19784783
2016-12-11,31.5,-25.0,3.4982207
2016-12-12,31.5,-25.0,2.0667338
2016-12-13,31.5,-25.0,5.017964
2016-12-14,31.5,-25.0,0.9698422
2016-12-15,31.5,-25.0,8.872116
2016-12-16,31.5,-25.0,11.242411
2016-12-17,31.5,-25.0,0.15032554
2016-12-18,31.5,-25.0,0.005819054
2016-12-19,31.5,-25.0,1.6653347e-13
2016-12-20,31.5,-25.0,1.1977551
2016-12-21,31.5,-25.0,0.15323508
2016-12-22,31.5,-25.0,1.088163
2016-12-23,31.5,-25.0,0.36078134
2016-12-24,31.5,-25.0,3.296494
2016-12-25,31.5,-25.0,3.0899177
2016-12-26,31.5,-25.0,5.4796085
2016-12-27,31.5,-25.0,0.90777236
2016-12-28,31.5,-25.0,37.148834
2016-12-29,31.5,-25.0,36.982994
2016-12-30,31.5,-25.0,7.894516
2016-12-31,31.5,-25.0,1.3122796
2017-01-01,31.5,-25.0,0.17746538
2017-01-02,31.5,-25.0,0.691181
2017-01-03,31.5,-25.0,1.7419628
2017-01-04,31.5,-25.0,2.9169705
2017-01-05,31.5,-25.0,0.727608
2017-01-06,31.5,-25.0,1.0423756
2017-01-07,31.5,-25.0,6.582097
2017-01-08,31.5,-25.0,15.3460865
2017-01-09,31.5,-25.0,0.8154068
2017-01-10,31.5,-25.0,1.0675945
2017-01-11,31.5,-25.0,0.10928132
2017-01-12,31.5,-25.0,0.30822936
2017-01-13,31.5,-25.0,13.0371685
2017-01-14,31.5,-25.0,3.2831097
2017-01-15,31.5,-25.0,10.948679
2017-01-16,31.5,-25.0,25.988405
2017-01-17,31.5,-25.0,0.0
2017-01-18,31.5,-25.0,0.0018680568
2017-01-19,31.5,-25.0,0.0
2017-01-20,31.5,-25.0,0.33158004
2017-01-21,31.5,-25.0,0.74161845
2017-01-22,31.5,-25.0,0.6005802
2017-01-23,31.5,-25.0,0.89012897
2017-01-24,31.5,-25.0,0.024284737
2017-01-25,31.5,-25.0,31.585102
2017-01-26,31.5,-25.0,5.4902186
2017-01-27,31.5,-25.0,0.032690994
2017-01-28,31.5,-25.0,2.606873
2017-01-29,31.5,-25.0,14.207504
2017-01-30,31.5,-25.0,0.25685778
2017-01-31,31.5,-25.0,0.13917021
2017-02-01,31.5,-25.0,0.0
2017-02-02,31.5,-25.0,0.13860983
2017-02-03,31.5,-25.0,1.7115302
2017-02-04,31.5,-25.0,0.08437121
2017-02-05,31.5,-25.0,0.23603854
2017-02-06,31.5,-25.0,1.8812771
2017-02-07,31.5,-25.0,0.1516673
2017-02-08,31.5,-25.0,0.015066288
2017-02-09,31.5,-25.0,1.2715946
2017-02-10,31.5,-25.0,1.7316188
2017-02-11,31.5,-25.0,0.84672534
2017-02-12,31.5,-25.0,0.0
2017-02-13,31.5,-25.0,0.56749684
2017-02-14,31.5,-25.0,0.3676174
2017-02-15,31.5,-25.0,2.4999995
2017-02-16,31.5,-25.0,17.599432
2017-02-17,31.5,-25.0,23.858973
2017-02-18,31.5,-25.0,2.1263554
2017-02-19,31.5,-25.0,4.2828436
2017-02-20,31.5,-25.0,1.4513857
2017-02-21,31.5,-25.0,9.966851
2017-02-22,31.5,-25.0,16.146038
2017-02-23,31.5,-25.0,14.50984
2017-02-24,31.5,-25.0,4.448572
2017-02-25,31.5,-25.0,11.307752
2017-02-26,31.5,-25.0,20.436916
2017-02-27,31.5,-25.0,0.30132574
2017-02-28,31.5,-25.0,0.044194445
2017-03-01,31.5,-25.0,0.0011768673
2017-03-02,31.5,-25.0,0.28715563
2017-03-03,31.5,-25.0,0.16593829
2017-03-04,31.5,-25.0,1.845328
2017-03-05,31.5,-25.0,11.892243
2017-03-06,31.5,-25.0,6.147954
2017-03-07,31.5,-25.0,0.6049098
2017-03-08,31.5,-25.0,0.34011462
2017-03-09,31.5,-25.0,1.4098868
2017-03-10,31.5,-25.0,0.018829875
2017-03-11,31.5,-25.0,0.0
2017-03-12,31.5,-25.0,0.003530602
2017-03-13,31.5,-25.0,0.3342303
2017-03-14,31.5,-25.0,0.39189678
2017-03-15,31.5,-25.0,0.009414938
2017-03-16,31.5,-25.0,0.064727694
2017-03-17,31.5,-25.0,0.02589108
2017-03-18,31.5,-25.0,0.16946888
2017-03-19,31.5,-25.0,2.0465722
2017-03-20,31.5,-25.0,0.0
2017-03-21,31.5,-25.0,1.090956
2017-03-22,31.5,-25.0,0.26008764
2017-03-23,31.5,-25.0,0.0
2017-03-24,31.5,-25.0,8.591131
2017-03-25,31.5,-25.0,1.5781789
2017-03-26,31.5,-25.0,0.24125782
2017-03-27,31.5,-25.0,0.0023537346
2017-03-28,31.5,-25.0,0.0
2017-03-29,31.5,-25.0,0.93796325
2017-03-30,31.5,-25.0,0.0023537346
2017-03-31,31.5,-25.0,0.0
2017-04-01,31.5,-25.0,0.0
2017-04-02,31.5,-25.0,0.12538697
2017-04-03,31.5,-25.0,0.0
2017-04-04,31.5,-25.0,0.5513046
2017-04-05,31.5,-25.0,0.0
2017-04-06,31.5,-25.0,8.468596
2017-04-07,31.5,-25.0,0.5114992
2017-04-08,31.5,-25.0,0.107474536
2017-04-09,31.5,-25.0,0.0019902694
2017-04-10,31.5,-25.0,0.05274214
2017-04-11,31.5,-25.0,0.48463055
2017-04-12,31.5,-25.0,0.18111451
2017-04-13,31.5,-25.0,0.9284607
2017-04-14,31.5,-25.0,4.0501976
2017-04-15,31.5,-25.0,1.0329498
2017-04-16,31.5,-25.0,0.0
2017-04-17,31.5,-25.0,0.003980539
2017-04-18,31.5,-25.0,0.060703207
2017-04-19,31.5,-25.0,0.23783717
2017-04-20,31.5,-25.0,0.4219371
2017-04-21,31.5,-25.0,0.16817775
2017-04-22,31.5,-25.0,0.0
2017-04-23,31.5,-25.0,0.7901368
2017-04-24,31.5,-25.0,0.36322415
2017-04-25,31.5,-25.0,0.3881025
2017-04-26,31.5,-25.0,0.0049756733
2017-04-27,31.5,-25.0,0.0
2017-04-28,31.5,-25.0,0.018907558
2017-04-29,31.5,-25.0,1.8768239
2017-04-30,31.5,-25.0,1.6505427
2017-05-01,31.5,-25.0,2.0410542
2017-05-02,31.5,-25.0,0.016328434
2017-05-03,31.5,-25.0,0.0
2017-05-04,31.5,-25.0,0.0
2017-05-05,31.5,-25.0,0.0
2017-05-06,31.5,-25.0,0.0
2017-05-07,31.5,-25.0,0.564238
2017-05-08,31.5,-25.0,1.3334887
2017-05-09,31.5,-25.0,0.0
2017-05-10,31.5,-25.0,0.036285404
2017-05-11,31.5,-25.0,0.0018142703
2017-05-12,31.5,-25.0,0.5125314
2017-05-13,31.5,-25.0,2.6669776
2017-05-14,31.5,-25.0,0.04989243
2017-05-15,31.5,-25.0,6.632065
2017-05-16,31.5,-25.0,0.0
2017-05-17,31.5,-25.0,0.0
2017-05-18,31.5,-25.0,0.0
2017-05-19,31.5,-25.0,0.0
2017-05-20,31.5,-25.0,0.0
2017-05-21,31.5,-25.0,0.0
2017-05-22,31.5,-25.0,0.0
2017-05-23,31.5,-25.0,0.0
2017-05-24,31.5,-25.0,0.0
2017-05-25,31.5,-25.0,0.0036285406
2017-05-26,31.5,-25.0,0.0
2017-05-27,31.5,-25.0,0.06349946
2017-05-28,31.5,-25.0,0.3347329
2017-05-29,31.5,-25.0,0.0018142703
2017-05-30,31.5,-25.0,0.0
2017-05-31,31.5,-25.0,0.0
2017-06-01,31.5,-25.0,0.0
2017-06-02,31.5,-25.0,0.0
2017-06-03,31.5,-25.0,0.0
2017-06-04,31.5,-25.0,0.0
2017-06-05,31.5,-25.0,0.0011121955
2017-06-06,31.5,-25.0,0.10899516
2017-06-07,31.5,-25.0,0.0
2017-06-08,31.5,-25.0,0.01779513
2017-06-09,31.5,-25.0,0.004448782
2017-06-10,31.5,-25.0,0.0
2017-06-11,31.5,-25.0,0.0
2017-06-12,31.5,-25.0,0.0
2017-06-13,31.5,-25.0,0.0
2017-06-14,31.5,-25.0,0.0
2017-06-15,31.5,-25.0,0.01000976
2017-06-16,31.5,-25.0,0.0055609783
2017-06-17,31.5,-25.0,0.0
2017-06-18,31.5,-25.0,0.10899516
2017-06-19,31.5,-25.0,0.09342443
2017-06-20,31.5,-25.0,0.002224391
2017-06-21,31.5,-25.0,0.26136595
2017-06-22,31.5,-25.0,0.0
2017-06-23,31.5,-25.0,0.006673174
2017-06-24,31.5,-25.0,0.0
2017-06-25,31.5,-25.0,0.0
2017-06-26,31.5,-25.0,0.18240008
2017-06-27,31.5,-25.0,0.0
2017-06-28,31.5,-25.0,0.0
2017-06-29,31.5,-25.0,0.11010736
2017-06-30,31.5,-25.0,0.0
2017-07-01,31.5,-25.0,0.038073048
2017-07-02,31.5,-25.0,0.046726014
2017-07-03,31.5,-25.0,0.06143605
2017-07-04,31.5,-25.0,0.096047916
2017-07-05,31.5,-25.0,0.0
2017-07-06,31.5,-25.0,0.7138697
2017-07-07,31.5,-25.0,0.1453698
2017-07-08,31.5,-25.0,0.0
2017-07-09,31.5,-25.0,0.0
2017-07-10,31.5,-25.0,0.0017305932
2017-07-11,31.5,-25.0,0.009518262
2017-07-12,31.5,-25.0,0.5598469
2017-07-13,31.5,-25.0,0.012114152
2017-07-14,31.5,-25.0,0.012114152
2017-07-15,31.5,-25.0,0.0
2017-07-16,31.5,-25.0,0.062301353
2017-07-17,31.5,-25.0,0.0008652966
2017-07-18,31.5,-25.0,0.0
2017-07-19,31.5,-25.0,0.0
2017-07-20,31.5,-25.0,0.0008652966
2017-07-21,31.5,-25.0,0.0
2017-07-22,31.5,-25.0,0.0
2017-07-23,31.5,-25.0,0.0017305932
2017-07-24,31.5,-25.0,0.016440634
2017-07-25,31.5,-25.0,0.004326483
2017-07-26,31.5,-25.0,0.0
2017-07-27,31.5,-25.0,0.012979448
2017-07-28,31.5,-25.0,0.021632414
2017-07-29,31.5,-25.0,0.0
2017-07-30,31.5,-25.0,0.70521665
2017-07-31,31.5,-25.0,3.8106847
2017-08-01,31.5,-25.0,0.32104623
2017-08-02,31.5,-25.0,0.0
2017-08-03,31.5,-25.0,0.0
2017-08-04,31.5,-25.0,0.0
2017-08-05,31.5,-25.0,0.0
2017-08-06,31.5,-25.0,0.20528872
2017-08-07,31.5,-25.0,0.86185086
2017-08-08,31.5,-25.0,0.044313423
2017-08-09,31.5,-25.0,0.0
2017-08-10,31.5,-25.0,0.0
2017-08-11,31.5,-25.0,0.0
2017-08-12,31.5,-25.0,0.0
2017-08-13,31.5,-25.0,0.0
2017-08-14,31.5,-25.0,0.023513246
2017-08-15,31.5,-25.0,0.0
2017-08-16,31.5,-25.0,0.0
2017-08-17,31.5,-25.0,1.8096154
2017-08-18,31.5,-25.0,0.0
2017-08-19,31.5,-25.0,0.0
2017-08-20,31.5,-25.0,0.0
2017-08-21,31.5,-25.0,0.0
2017-08-22,31.5,-25.0,0.0
2017-08-23,31.5,-25.0,0.052452624
2017-08-24,31.5,-25.0,0.0
2017-08-25,31.5,-25.0,0.04612214
2017-08-26,31.5,-25.0,0.2685936
2017-08-27,31.5,-25.0,4.1075835
2017-08-28,31.5,-25.0,5.110513
2017-08-29,31.5,-25.0,0.00090435566
2017-08-30,31.5,-25.0,0.10671395
2017-08-31,31.5,-25.0,0.018087111
2017-09-01,31.5,-25.0,0.2965958
2017-09-02,31.5,-25.0,0.096080326
2017-09-03,31.5,-25.0,0.002088703
2017-09-04,31.5,-25.0,0.0
2017-09-05,31.5,-25.0,0.0
2017-09-06,31.5,-25.0,0.0
2017-09-07,31.5,-25.0,0.0
2017-09-08,31.5,-25.0,0.0
2017-09-09,31.5,-25.0,0.0
2017-09-10,31.5,-25.0,0.0
2017-09-11,31.5,-25.0,0.0
2017-09-12,31.5,-25.0,0.0
2017-09-13,31.5,-25.0,0.0
2017-09-14,31.5,-25.0,0.031330545
2017-09-15,31.5,-25.0,0.07206026
2017-09-16,31.5,-25.0,0.0
2017-09-17,31.5,-25.0,2.4552703
2017-09-18,31.5,-25.0,5.4536037
2017-09-19,31.5,-25.0,0.022975732
2017-09-20,31.5,-25.0,0.79266274
2017-09-21,31.5,-25.0,0.05012887
2017-09-22,31.5,-25.0,0.0
2017-09-23,31.5,-25.0,0.09503597
2017-09-24,31.5,-25.0,0.005221757
2017-09-25,31.5,-25.0,0.0
2017-09-26,31.5,-25.0,21.557503
2017-09-27,31.5,-25.0,1.6093454
2017-09-28,31.5,-25.0,2.0813923
2017-09-29,31.5,-25.0,0.0010443515
2017-09-30,31.5,-25.0,0.009399164
2017-10-01,31.5,-25.0,0.36116293
2017-10-02,31.5,-25.0,0.19379474
2017-10-03,31.5,-25.0,0.21581686
2017-10-04,31.5,-25.0,0.0
2017-10-05,31.5,-25.0,1.5657735
2017-10-06,31.5,-25.0,0.035235405
2017-10-07,31.5,-25.0,5.557285
2017-10-08,31.5,-25.0,3.1557713
2017-10-09,31.5,-25.0,8.0512905
2017-10-10,31.5,-25.0,11.330386
2017-10-11,31.5,-25.0,0.0
2017-10-12,31.5,-25.0,0.016516596
2017-10-13,31.5,-25.0,0.17948034
2017-10-14,31.5,-25.0,0.08808852
2017-10-15,31.5,-25.0,0.0
2017-10-16,31.5,-25.0,0.0
2017-10-17,31.5,-25.0,0.9865914
2017-10-18,31.5,-25.0,0.14204274
2017-10-19,31.5,-25.0,0.005505532
2017-10-20,31.5,-25.0,0.0
2017-10-21,31.5,-25.0,1.7992082
2017-10-22,31.5,-25.0,1.797006
2017-10-23,31.5,-25.0,0.0
2017-10-24,31.5,-25.0,0.0
2017-10-25,31.5,-25.0,0.0
2017-10-26,31.5,-25.0,0.40961164
2017-10-27,31.5,-25.0,3.381498
2017-10-28,31.5,-25.0,0.18278368
2017-10-29,31.5,-25.0,0.0
2017-10-30,31.5,-25.0,0.0
2017-10-31,31.5,-25.0,0.0
2017-11-01,31.5,-25.0,0.0
2017-11-02,31.5,-25.0,0.0
2017-11-03,31.5,-25.0,0.016738117
2017-11-04,31.5,-25.0,0.014878327
2017-11-05,31.5,-25.0,0.010228849
2017-11-06,31.5,-25.0,0.15715231
2017-11-07,31.5,-25.0,2.3703036
2017-11-08,31.5,-25.0,1.2553587
2017-11-09,31.5,-25.0,0.004649477
2017-11-10,31.5,-25.0,0.7178792
2017-11-11,31.5,-25.0,5.686311
2017-11-12,31.5,-25.0,4.122226
2017-11-13,31.5,-25.0,0.3096552
2017-11-14,31.5,-25.0,0.022317491
2017-11-15,31.5,-25.0,22.494171
2017-11-16,31.5,-25.0,1.4627254
2017-11-17,31.5,-25.0,0.0
2017-11-18,31.5,-25.0,0.014878327
2017-11-19,31.5,-25.0,0.003719582
2017-11-20,31.5,-25.0,0.0
2017-11-21,31.5,-25.0,0.0
2017-11-22,31.5,-25.0,0.4835456
2017-11-23,31.5,-25.0,0.8973491
2017-11-24,31.5,-25.0,1.4878328
2017-11-25,31.5,-25.0,28.133987
2017-11-26,31.5,-25.0,1.5175893
2017-11-27,31.5,-25.0,1.8514218
2017-11-28,31.5,-25.0,0.012088641
2017-11-29,31.5,-25.0,0.4203127
2017-11-30,31.5,-25.0,0.1822595
2017-12-01,31.5,-25.0,-8.3266734e-14
2017-12-02,31.5,-25.0,0.032899313
2017-12-03,31.5,-25.0,0.00093998027
2017-12-04,31.5,-25.0,0.08271827
2017-12-05,31.5,-25.0,0.84128237
2017-12-06,31.5,-25.0,6.6494207
2017-12-07,31.5,-25.0,9.973191
2017-12-08,31.5,-25.0,0.0028199414
2017-12-09,31.5,-25.0,0.015039684
2017-12-10,31.5,-25.0,0.2434549
2017-12-11,31.5,-25.0,1.5067885
2017-12-12,31.5,-25.0,7.2115297
2017-12-13,31.5,-25.0,3.2166128
2017-12-14,31.5,-25.0,0.63824666
2017-12-15,31.5,-25.0,0.4220512
2017-12-16,31.5,-25.0,0.00093998027
2017-12-17,31.5,-25.0,-8.3266734e-14
2017-12-18,31.5,-25.0,0.00093998027
2017-12-19,31.5,-25.0,0.8300026
2017-12-20,31.5,-25.0,0.27353424
2017-12-21,31.5,-25.0,0.11091767
2017-12-22,31.5,-25.0,0.36471236
2017-12-23,31.5,-25.0,14.977647
2017-12-24,31.5,-25.0,0.051698916
2017-12-25,31.5,-25.0,8.645939
2017-12-26,31.5,-25.0,2.4730883
2017-12-27,31.5,-25.0,0.1193775
2017-12-28,31.5,-25.0,0.24533486
2017-12-29,31.5,-25.0,3.3143706
2017-12-30,31.5,-25.0,2.1939144
2017-12-31,31.5,-25.0,4.3944077
2018-01-01,31.5,-25.0,0.73327005
2018-01-02,31.5,-25.0,0.5864163
2018-01-03,31.5,-25.0,0.018981107
2018-01-04,31.5,-25.0,0.009990056
2018-01-05,31.5,-25.0,-1.6653347e-13
2018-01-06,31.5,-25.0,0.0019980115
2018-01-07,31.5,-25.0,0.020979118
2018-01-08,31.5,-25.0,4.7632585
2018-01-09,31.5,-25.0,5.863164
2018-01-10,31.5,-25.0,1.1758295
2018-01-11,31.5,-25.0,0.09690354
2018-01-12,31.5,-25.0,0.09490552
2018-01-13,31.5,-25.0,0.0019980115
2018-01-14,31.5,-25.0,0.025974147
2018-01-15,31.5,-25.0,0.14485581
2018-01-16,31.5,-25.0,1.0789261
2018-01-17,31.5,-25.0,0.07392642
2018-01-18,31.5,-25.0,0.13786277
2018-01-19,31.5,-25.0,0.0009990057
2018-01-20,31.5,-25.0,0.0009990057
2018-01-21,31.5,-25.0,0.19081007
2018-01-22,31.5,-25.0,0.06293735
2018-01-23,31.5,-25.0,0.15784287
2018-01-24,31.5,-25.0,0.10889161
2018-01-25,31.5,-25.0,0.71928406
2018-01-26,31.5,-25.0,1.41659
2018-01-27,31.5,-25.0,0.007992046
2018-01-28,31.5,-25.0,0.705298
2018-01-29,31.5,-25.0,1.3506556
2018-01-30,31.5,-25.0,0.024975138
2018-01-31,31.5,-25.0,2.8309164
2018-02-01,31.5,-25.0,0.6022292
2018-02-02,31.5,-25.0,0.21705157
2018-02-03,31.5,-25.0,14.908062
2018-02-04,31.5,-25.0,0.0062268893
2018-02-05,31.5,-25.0,0.67962044
2018-02-06,31.5,-25.0,0.009785112
2018-02-07,31.5,-25.0,2.1251483
2018-02-08,31.5,-25.0,1.8840787
2018-02-09,31.5,-25.0,0.081839114
2018-02-10,31.5,-25.0,3.0280476
2018-02-11,31.5,-25.0,3.604479
2018-02-12,31.5,-25.0,0.4429987
2018-02-13,31.5,-25.0,0.47591227
2018-02-14,31.5,-25.0,0.020459779
2018-02-15,31.5,-25.0,0.0862869
2018-02-16,31.5,-25.0,22.134811
2018-02-17,31.5,-25.0,4.4050794
2018-02-18,31.5,-25.0,0.98562765
2018-02-19,31.5,-25.0,16.261078
2018-02-20,31.5,-25.0,29.478985
2018-02-21,31.5,-25.0,3.1152241
2018-02-22,31.5,-25.0,0.98562765
2018-02-23,31.5,-25.0,1.8502755
2018-02-24,31.5,-25.0,2.2674773
2018-02-25,31.5,-25.0,2.6517653
2018-02-26,31.5,-25.0,0.25530246
2018-02-27,31.5,-25.0,0.0017791113
2018-02-28,31.5,-25.0,0.04473155
2018-03-01,31.5,-25.0,0.3079812
2018-03-02,31.5,-25.0,0.077249415
2018-03-03,31.5,-25.0,0.06810145
2018-03-04,31.5,-25.0,0.18194269
2018-03-05,31.5,-25.0,0.27748802
2018-03-06,31.5,-25.0,0.0010164396
2018-03-07,31.5,-25.0,1.6653347e-13
2018-03-08,31.5,-25.0,1.4453771
2018-03-09,31.5,-25.0,0.09147957
2018-03-10,31.5,-25.0,0.14128512
2018-03-11,31.5,-25.0,1.6653347e-13
2018-03-12,31.5,-25.0,1.3040919
2018-03-13,31.5,-25.0,0.02744387
2018-03-14,31.5,-25.0,0.0030493187
2018-03-15,31.5,-25.0,0.0030493187
2018-03-16,31.5,-25.0,11.183885
2018-03-17,31.5,-25.0,2.6193647
2018-03-18,31.5,-25.0,1.6653347e-13
2018-03-19,31.5,-25.0,0.03252607
2018-03-20,31.5,-25.0,0.57327193
2018-03-21,31.5,-25.0,8.416121
2018-03-22,31.5,-25.0,22.391148
2018-03-23,31.5,-25.0,8.46186
2018-03-24,31.5,-25.0,3.021875
2018-03-25,31.5,-25.0,1.6653347e-13
2018-03-26,31.5,-25.0,0.57327193
2018-03-27,31.5,-25.0,0.019312352
2018-03-28,31.5,-25.0,0.019312352
2018-03-29,31.5,-25.0,1.6653347e-13
2018-03-30,31.5,-25.0,1.6653347e-13
2018-03-31,31.5,-25.0,3.799213
2018-04-01,31.5,-25.0,1.465907
2018-04-02,31.5,-25.0,2.7403486
2018-04-03,31.5,-25.0,0.033506446
2018-04-04,31.5,-25.0,0.25488833
2018-04-05,31.5,-25.0,0.7000454
2018-04-06,31.5,-25.0,0.65696573
2018-04-07,31.5,-25.0,0.014359906
2018-04-08,31.5,-25.0,1.8452479
2018-04-09,31.5,-25.0,0.34344107
2018-04-10,31.5,-25.0,1.0028001
2018-04-11,31.5,-25.0,1.2576884
2018-04-12,31.5,-25.0,0.7311585
2018-04-13,31.5,-25.0,0.0
2018-04-14,31.5,-25.0,0.05624296
2018-04-15,31.5,-25.0,1.7973815
2018-04-16,31.5,-25.0,0.0
2018-04-17,31.5,-25.0,0.0203432
2018-04-18,31.5,-25.0,0.0
2018-04-19,31.5,-25.0,0.3984874
2018-04-20,31.5,-25.0,1.2457218
2018-04-21,31.5,-25.0,0.13402578
2018-04-22,31.5,-25.0,0.46789357
2018-04-23,31.5,-25.0,0.06701289
2018-04-24,31.5,-25.0,0.0
2018-04-25,31.5,-25.0,0.0
2018-04-26,31.5,-25.0,0.0
2018-04-27,31.5,-25.0,0.0
2018-04-28,31.5,-25.0,0.0
2018-04-29,31.5,-25.0,0.21420193
2018-04-30,31.5,-25.0,1.946692
2018-05-01,31.5,-25.0,1.1920321
2018-05-02,31.5,-25.0,0.115596615
2018-05-03,31.5,-25.0,0.0027743187
2018-05-04,31.5,-25.0,0.0036990913
2018-05-05,31.5,-25.0,0.0
2018-05-06,31.5,-25.0,0.0
2018-05-07,31.5,-25.0,0.0
2018-05-08,31.5,-25.0,0.0
2018-05-09,31.5,-25.0,0.0
2018-05-10,31.5,-25.0,0.0
2018-05-11,31.5,-25.0,0.0
2018-05-12,31.5,-25.0,0.0
2018-05-13,31.5,-25.0,0.14149025
2018-05-14,31.5,-25.0,10.340811
2018-05-15,31.5,-25.0,0.0
2018-05-16,31.5,-25.0,0.6704604
2018-05-17,31.5,-25.0,0.0
2018-05-18,31.5,-25.0,0.3199714
2018-05-19,31.5,-25.0,1.897634
2018-05-20,31.5,-25.0,0.18587935
2018-05-21,31.5,-25.0,0.0
2018-05-22,31.5,-25.0,0.0027743187
2018-05-23,31.5,-25.0,0.0
2018-05-24,31.5,-25.0,0.0
2018-05-25,31.5,-25.0,0.0027743187
2018-05-26,31.5,-25.0,0.0009247728
2018-05-27,31.5,-25.0,0.932171
2018-05-28,31.5,-25.0,0.1294682
2018-05-29,31.5,-25.0,0.0
2018-05-30,31.5,-25.0,0.057335917
2018-05-31,31.5,-25.0,0.0
2018-06-01,31.5,-25.0,0.0
2018-06-02,31.5,-25.0,0.0
2018-06-03,31.5,-25.0,0.13761829
2018-06-04,31.5,-25.0,0.0017989317
2018-06-05,31.5,-25.0,0.0
2018-06-06,31.5,-25.0,0.0
2018-06-07,31.5,-25.0,0.0
2018-06-08,31.5,-25.0,0.0
2018-06-09,31.5,-25.0,0.0
2018-06-10,31.5,-25.0,0.0008994659
2018-06-11,31.5,-25.0,0.5477748
2018-06-12,31.5,-25.0,0.9750211
2018-06-13,31.5,-25.0,0.66290635
2018-06-14,31.5,-25.0,0.0
2018-06-15,31.5,-25.0,0.0
2018-06-16,31.5,-25.0,0.22666544
2018-06-17,31.5,-25.0,0.20687717
2018-06-18,31.5,-25.0,0.0
2018-06-19,31.5,-25.0,0.0
2018-06-20,31.5,-25.0,0.20507821
2018-06-21,31.5,-25.0,0.0008994659
2018-06-22,31.5,-25.0,0.0044973292
2018-06-23,31.5,-25.0,0.0017989317
2018-06-24,31.5,-25.0,0.0062962607
2018-06-25,31.5,-25.0,0.0
2018-06-26,31.5,-25.0,0.053967956
2018-06-27,31.5,-25.0,0.0
2018-06-28,31.5,-25.0,0.01529092
2018-06-29,31.5,-25.0,0.0044973292
2018-06-30,31.5,-25.0,0.0
2018-07-01,31.5,-25.0,0.0
2018-07-02,31.5,-25.0,0.0
2018-07-03,31.5,-25.0,0.0
2018-07-04,31.5,-25.0,0.0
2018-07-05,31.5,-25.0,0.079210624
2018-07-06,31.5,-25.0,0.43745872
2018-07-07,31.5,-25.0,0.026103504
2018-07-08,31.5,-25.0,0.29523963
2018-07-09,31.5,-25.0,0.5544745
2018-07-10,31.5,-25.0,0.0
2018-07-11,31.5,-25.0,0.0
2018-07-12,31.5,-25.0,0.007200967
2018-07-13,31.5,-25.0,0.0
2018-07-14,31.5,-25.0,0.028803866
2018-07-15,31.5,-25.0,0.028803868
2018-07-16,31.5,-25.0,0.16742247
2018-07-17,31.5,-25.0,0.513969
2018-07-18,31.5,-25.0,0.0054007247
2018-07-19,31.5,-25.0,0.032404352
2018-07-20,31.5,-25.0,0.15842125
2018-07-21,31.5,-25.0,0.0018002418
2018-07-22,31.5,-25.0,0.0
2018-07-23,31.5,-25.0,0.0
2018-07-24,31.5,-25.0,0.0
2018-07-25,31.5,-25.0,0.0
2018-07-26,31.5,-25.0,0.0
2018-07-27,31.5,-25.0,0.0
2018-07-28,31.5,-25.0,0.004500604
2018-07-29,31.5,-25.0,0.010801449
2018-07-30,31.5,-25.0,0.009001208
2018-07-31,31.5,-25.0,0.0
2018-08-01,31.5,-25.0,0.0009687072
2018-08-02,31.5,-25.0,0.21214686
2018-08-03,31.5,-25.0,0.4378556
2018-08-04,31.5,-25.0,0.0038748288
2018-08-05,31.5,-25.0,0.0
2018-08-06,31.5,-25.0,0.0038748288
2018-08-07,31.5,-25.0,0.0
2018-08-08,31.5,-25.0,0.31482983
2018-08-09,31.5,-25.0,0.80693305
2018-08-10,31.5,-25.0,2.282274
2018-08-11,31.5,-25.0,0.0
2018-08-12,31.5,-25.0,0.0
2018-08-13,31.5,-25.0,0.0
2018-08-14,31.5,-25.0,0.0
2018-08-15,31.5,-25.0,0.0009687072
2018-08-16,31.5,-25.0,0.0
2018-08-17,31.5,-25.0,0.68584466
2018-08-18,31.5,-25.0,8.899512
2018-08-19,31.5,-25.0,0.0019374144
2018-08-20,31.5,-25.0,0.0
2018-08-21,31.5,-25.0,0.03487346
2018-08-22,31.5,-25.0,0.057153728
2018-08-23,31.5,-25.0,0.11527616
2018-08-24,31.5,-25.0,0.10462038
2018-08-25,31.5,-25.0,0.0019374144
2018-08-26,31.5,-25.0,0.0
2018-08-27,31.5,-25.0,0.21505299
2018-08-28,31.5,-25.0,0.8698989
2018-08-29,31.5,-25.0,0.0
2018-08-30,31.5,-25.0,0.0
2018-08-31,31.5,-25.0,-3.469447e-15
2018-09-01,31.5,-25.0,-8.3266734e-14
2018-09-02,31.5,-25.0,-8.3266734e-14
2018-09-03,31.5,-25.0,-8.3266734e-14
2018-09-04,31.5,-25.0,-8.3266734e-14
2018-09-05,31.5,-25.0,-8.3266734e-14
2018-09-06,31.5,-25.0,-8.3266734e-14
2018-09-07,31.5,-25.0,0.8197199
2018-09-08,31.5,-25.0,8.796443
2018-09-09,31.5,-25.0,0.29208413
2018-09-10,31.5,-25.0,-8.3266734e-14
2018-09-11,31.5,-25.0,0.0009422068
2018-09-12,31.5,-25.0,-8.3266734e-14
2018-09-13,31.5,-25.0,-8.3266734e-14
2018-09-14,31.5,-25.0,0.0028266206
2018-09-15,31.5,-25.0,0.012248689
2018-09-16,31.5,-25.0,0.086683035
2018-09-17,31.5,-25.0,0.018844137
2018-09-18,31.5,-25.0,-8.3266734e-14
2018-09-19,31.5,-25.0,0.005653241
2018-09-20,31.5,-25.0,0.16017517
2018-09-21,31.5,-25.0,0.0018844137
2018-09-22,31.5,-25.0,0.7999336
2018-09-23,31.5,-25.0,0.6039546
2018-09-24,31.5,-25.0,0.0028266206
2018-09-25,31.5,-25.0,-8.3266734e-14
2018-09-26,31.5,-25.0,-8.3266734e-14
2018-09-27,31.5,-25.0,0.0028266206
2018-09-28,31.5,-25.0,-8.3266734e-14
2018-09-29,31.5,-25.0,0.023555174
2018-09-30,31.5,-25.0,0.027323999
2018-10-01,31.5,-25.0,-1.6653347e-13
2018-10-02,31.5,-25.0,-1.6653347e-13
2018-10-03,31.5,-25.0,0.07618503
2018-10-04,31.5,-25.0,9.391648
2018-10-05,31.5,-25.0,-1.6653347e-13
2018-10-06,31.5,-25.0,-1.6653347e-13
2018-10-07,31.5,-25.0,0.007372746
2018-10-08,31.5,-25.0,0.009830328
2018-10-09,31.5,-25.0,0.001228791
2018-10-10,31.5,-25.0,0.003686373
2018-10-11,31.5,-25.0,-1.6653347e-13
2018-10-12,31.5,-25.0,0.66969097
2018-10-13,31.5,-25.0,2.3002963
2018-10-14,31.5,-25.0,4.61411
2018-10-15,31.5,-25.0,0.001228791
2018-10-16,31.5,-25.0,0.14499731
2018-10-17,31.5,-25.0,10.4054
2018-10-18,31.5,-25.0,0.063897125
2018-10-19,31.5,-25.0,-1.6653347e-13
2018-10-20,31.5,-25.0,2.8544812
2018-10-21,31.5,-25.0,-1.6653347e-13
2018-10-22,31.5,-25.0,-1.6653347e-13
2018-10-23,31.5,-25.0,-1.6653347e-13
2018-10-24,31.5,-25.0,-1.6653347e-13
2018-10-25,31.5,-25.0,-1.6653347e-13
2018-10-26,31.5,-25.0,-1.6653347e-13
2018-10-27,31.5,-25.0,-1.6653347e-13
2018-10-28,31.5,-25.0,-1.6653347e-13
2018-10-29,31.5,-25.0,-1.6653347e-13
2018-10-30,31.5,-25.0,-1.6653347e-13
2018-10-31,31.5,-25.0,0.33124626
2018-11-01,31.5,-25.0,5.5252266
2018-11-02,31.5,-25.0,0.45734543
2018-11-03,31.5,-25.0,0.06750836
2018-11-04,31.5,-25.0,8.3266734e-14
2018-11-05,31.5,-25.0,8.3266734e-14
2018-11-06,31.5,-25.0,16.247646
2018-11-07,31.5,-25.0,9.408383
2018-11-08,31.5,-25.0,8.3266734e-14
2018-11-09,31.5,-25.0,8.3266734e-14
2018-11-10,31.5,-25.0,0.045639455
2018-11-11,31.5,-25.0,8.3266734e-14
2018-11-12,31.5,-25.0,0.007606576
2018-11-13,31.5,-25.0,8.3266734e-14
2018-11-14,31.5,-25.0,8.3266734e-14
2018-11-15,31.5,-25.0,8.3266734e-14
2018-11-16,31.5,-25.0,8.3266734e-14
2018-11-17,31.5,-25.0,0.002852466
2018-11-18,31.5,-25.0,0.09793467
2018-11-19,31.5,-25.0,0.017114796
2018-11-20,31.5,-25.0,0.06941001
2018-11-21,31.5,-25.0,2.5291867
2018-11-22,31.5,-25.0,0.32232866
2018-11-23,31.5,-25.0,0.20252508
2018-11-24,31.5,-25.0,0.000950822
2018-11-25,31.5,-25.0,8.3266734e-14
2018-11-26,31.5,-25.0,0.18350865
2018-11-27,31.5,-25.0,0.32993525
2018-11-28,31.5,-25.0,7.047492
2018-11-29,31.5,-25.0,0.030426305
2018-11-30,31.5,-25.0,7.979728e-14
2018-12-01,31.5,-25.0,0.0
2018-12-02,31.5,-25.0,0.15118678
2018-12-03,31.5,-25.0,0.0010079117
2018-12-04,31.5,-25.0,0.171345
2018-12-05,31.5,-25.0,9.253637
2018-12-06,31.5,-25.0,0.06450635
2018-12-07,31.5,-25.0,0.51201916
2018-12-08,31.5,-25.0,9.518719
2018-12-09,31.5,-25.0,12.490044
2018-12-10,31.5,-25.0,0.9927932
2018-12-11,31.5,-25.0,0.0010079117
2018-12-12,31.5,-25.0,0.0
2018-12-13,31.5,-25.0,0.06652217
2018-12-14,31.5,-25.0,0.2308118
2018-12-15,31.5,-25.0,0.0
2018-12-16,31.5,-25.0,0.012094941
2018-12-17,31.5,-25.0,0.0010079117
2018-12-18,31.5,-25.0,0.0
2018-12-19,31.5,-25.0,1.6731337
2018-12-20,31.5,-25.0,0.8637805
2018-12-21,31.5,-25.0,0.4747265
2018-12-22,31.5,-25.0,0.046363942
2018-12-23,31.5,-25.0,0.9726349
2018-12-24,31.5,-25.0,0.39812517
2018-12-25,31.5,-25.0,0.016126588
2018-12-26,31.5,-25.0,1.4382901
2018-12-27,31.5,-25.0,1.5481524
2018-12-28,31.5,-25.0,1.2276366
2018-12-29,31.5,-25.0,0.6118024
2018-12-30,31.5,-25.0,0.16428962
2018-12-31,31.5,-25.0,2.3194907
2019-01-01,31.5,-25.0,3.9872122
2019-01-02,31.5,-25.0,6.936206
2019-01-03,31.5,-25.0,4.8609037
2019-01-04,31.5,-25.0,0.09758116
2019-01-05,31.5,-25.0,4.135853
2019-01-06,31.5,-25.0,0.38805532
2019-01-07,31.5,-25.0,0.02609729
2019-01-08,31.5,-25.0,0.44251925
2019-01-09,31.5,-25.0,0.29728216
2019-01-10,31.5,-25.0,0.015885308
2019-01-11,31.5,-25.0,0.49811786
2019-01-12,31.5,-25.0,0.28593552
2019-01-13,31.5,-25.0,0.0
2019-01-14,31.5,-25.0,0.5344271
2019-01-15,31.5,-25.0,2.365776
2019-01-16,31.5,-25.0,1.770077
2019-01-17,31.5,-25.0,0.805612
2019-01-18,31.5,-25.0,0.53783107
2019-01-19,31.5,-25.0,0.30409014
2019-01-20,31.5,-25.0,0.0056733238
2019-01-21,31.5,-25.0,0.0
2019-01-22,31.5,-25.0,0.0
2019-01-23,31.5,-25.0,0.0113466475
2019-01-24,31.5,-25.0,0.012481313
2019-01-25,31.5,-25.0,0.4742899
2019-01-26,31.5,-25.0,19.600199
2019-01-27,31.5,-25.0,6.2565413
2019-01-28,31.5,-25.0,0.27458888
2019-01-29,31.5,-25.0,0.33245677
2019-01-30,31.5,-25.0,0.022693295
2019-01-31,31.5,-25.0,0.0
2019-02-01,31.5,-25.0,0.78880084
2019-02-02,31.5,-25.0,0.45899203
2019-02-03,31.5,-25.0,0.17420167
2019-02-04,31.5,-25.0,10.09391
2019-02-05,31.5,-25.0,16.298622
2019-02-06,31.5,-25.0,0.07339958
2019-02-07,31.5,-25.0,0.9747464
2019-02-08,31.5,-25.0,0.0048933057
2019-02-09,31.5,-25.0,0.13016193
2019-02-10,31.5,-25.0,0.04697573
2019-02-11,31.5,-25.0,0.0
2019-02-12,31.5,-25.0,0.015658576
2019-02-13,31.5,-25.0,12.664853
2019-02-14,31.5,-25.0,14.081953
2019-02-15,31.5,-25.0,3.407698
2019-02-16,31.5,-25.0,22.620775
2019-02-17,31.5,-25.0,3.7384858
2019-02-18,31.5,-25.0,0.001957322
2019-02-19,31.5,-25.0,0.0
2019-02-20,31.5,-25.0,0.0
2019-02-21,31.5,-25.0,0.39635772
2019-02-22,31.5,-25.0,2.6404276
2019-02-23,31.5,-25.0,0.0058719665
2019-02-24,31.5,-25.0,0.35427532
2019-02-25,31.5,-25.0,1.0833778
2019-02-26,31.5,-25.0,0.19671088
2019-02-27,31.5,-25.0,0.23487867
2019-02-28,31.5,-25.0,0.10961005
2019-03-01,31.5,-25.0,1.7293228
2019-03-02,31.5,-25.0,0.61158097
2019-03-03,31.5,-25.0,2.5459676
2019-03-04,31.5,-25.0,0.18268001
2019-03-05,31.5,-25.0,2.7524753
2019-03-06,31.5,-25.0,1.1892253
2019-03-07,31.5,-25.0,0.18701234
2019-03-08,31.5,-25.0,0.05126594
2019-03-09,31.5,-25.0,0.0021661664
2019-03-10,31.5,-25.0,1.0744185
2019-03-11,31.5,-25.0,8.701489
2019-03-12,31.5,-25.0,2.1842177
2019-03-13,31.5,-25.0,0.1667948
2019-03-14,31.5,-25.0,0.14368904
2019-03-15,31.5,-25.0,0.32131466
2019-03-16,31.5,-25.0,1.0079894
2019-03-17,31.5,-25.0,0.039713047
2019-03-18,31.5,-25.0,0.12058325
2019-03-19,31.5,-25.0,0.8361402
2019-03-20,31.5,-25.0,0.0
2019-03-21,31.5,-25.0,0.10397598
2019-03-22,31.5,-25.0,5.343932
2019-03-23,31.5,-25.0,3.5467362
2019-03-24,31.5,-25.0,0.38990995
2019-03-25,31.5,-25.0,0.022383718
2019-03-26,31.5,-25.0,0.3985746
2019-03-27,31.5,-25.0,0.8267535
2019-03-28,31.5,-25.0,0.004332333
2019-03-29,31.5,-25.0,0.17979181
2019-03-30,31.5,-25.0,0.013719054
2019-03-31,31.5,-25.0,0.040435106
2019-04-01,31.5,-25.0,0.99517095
2019-04-02,31.5,-25.0,4.1723685
2019-04-03,31.5,-25.0,1.3348402
2019-04-04,31.5,-25.0,0.0
2019-04-05,31.5,-25.0,0.9872254
2019-04-06,31.5,-25.0,0.46580356
2019-04-07,31.5,-25.0,0.48169458
2019-04-08,31.5,-25.0,0.013904585
2019-04-09,31.5,-25.0,0.08044796
2019-04-10,31.5,-25.0,0.20161647
2019-04-11,31.5,-25.0,0.0039727385
2019-04-12,31.5,-25.0,0.45289215
2019-04-13,31.5,-25.0,0.0009931846
2019-04-14,31.5,-25.0,0.0
2019-04-15,31.5,-25.0,0.11421624
2019-04-16,31.5,-25.0,2.75708
2019-04-17,31.5,-25.0,2.4233704
2019-04-18,31.5,-25.0,0.038734198
2019-04-19,31.5,-25.0,0.022843245
2019-04-20,31.5,-25.0,0.0
2019-04-21,31.5,-25.0,1.3596697
2019-04-22,31.5,-25.0,0.46778995
2019-04-23,31.5,-25.0,1.1322304
2019-04-24,31.5,-25.0,0.12613444
2019-04-25,31.5,-25.0,0.026815984
2019-04-26,31.5,-25.0,0.21154833
2019-04-27,31.5,-25.0,0.39528745
2019-04-28,31.5,-25.0,0.46481037
2019-04-29,31.5,-25.0,0.14202541
2019-04-30,31.5,-25.0,0.011918215
2019-05-01,31.5,-25.0,0.0
2019-05-02,31.5,-25.0,0.0
2019-05-03,31.5,-25.0,0.0
2019-05-04,31.5,-25.0,0.29664415
2019-05-05,31.5,-25.0,0.078293175
2019-05-06,31.5,-25.0,0.024357878
2019-05-07,31.5,-25.0,1.0108519
2019-05-08,31.5,-25.0,0.3992952
2019-05-09,31.5,-25.0,0.25836748
2019-05-10,31.5,-25.0,0.0
2019-05-11,31.5,-25.0,0.0026097724
2019-05-12,31.5,-25.0,0.015658638
2019-05-13,31.5,-25.0,0.0
2019-05-14,31.5,-25.0,0.0
2019-05-15,31.5,-25.0,0.0
2019-05-16,31.5,-25.0,0.0
2019-05-17,31.5,-25.0,0.0
2019-05-18,31.5,-25.0,0.0
2019-05-19,31.5,-25.0,0.0
2019-05-20,31.5,-25.0,0.0
2019-05-21,31.5,-25.0,0.004349621
2019-05-22,31.5,-25.0,0.0017398486
2019-05-23,31.5,-25.0,0.01826841
2019-05-24,31.5,-25.0,1.1839669
2019-05-25,31.5,-25.0,0.004349621
2019-05-26,31.5,-25.0,0.0
2019-05-27,31.5,-25.0,0.0
2019-05-28,31.5,-25.0,0.0
2019-05-29,31.5,-25.0,0.0017398486
2019-05-30,31.5,-25.0,0.0
2019-05-31,31.5,-25.0,-3.469447e-15
2019-06-01,31.5,-25.0,-8.3266734e-14
2019-06-02,31.5,-25.0,-8.3266734e-14
2019-06-03,31.5,-25.0,-8.3266734e-14
2019-06-04,31.5,-25.0,-8.3266734e-14
2019-06-05,31.5,-25.0,-8.3266734e-14
2019-06-06,31.5,-25.0,0.10151001
2019-06-07,31.5,-25.0,0.056394458
2019-06-08,31.5,-25.0,0.004699538
2019-06-09,31.5,-25.0,0.05263482
2019-06-10,31.5,-25.0,-8.3266734e-14
2019-06-11,31.5,-25.0,-8.3266734e-14
2019-06-12,31.5,-25.0,-8.3266734e-14
2019-06-13,31.5,-25.0,0.001879815
2019-06-14,31.5,-25.0,-8.3266734e-14
2019-06-15,31.5,-25.0,0.0028197228
2019-06-16,31.5,-25.0,-8.3266734e-14
2019-06-17,31.5,-25.0,-8.3266734e-14
2019-06-18,31.5,-25.0,-8.3266734e-14
2019-06-19,31.5,-25.0,-8.3266734e-14
2019-06-20,31.5,-25.0,-8.3266734e-14
2019-06-21,31.5,-25.0,-8.3266734e-14
2019-06-22,31.5,-25.0,-8.3266734e-14
2019-06-23,31.5,-25.0,-8.3266734e-14
2019-06-24,31.5,-25.0,0.0009399075
2019-06-25,31.5,-25.0,0.52352846
2019-06-26,31.5,-25.0,0.8656549
2019-06-27,31.5,-25.0,-8.3266734e-14
2019-06-28,31.5,-25.0,-8.3266734e-14
2019-06-29,31.5,-25.0,-8.3266734e-14
2019-06-30,31.5,-25.0,-7.979728e-14
2019-07-01,31.5,-25.0,0.0
2019-07-02,31.5,-25.0,0.0
2019-07-03,31.5,-25.0,0.0
2019-07-04,31.5,-25.0,0.0
2019-07-05,31.5,-25.0,0.0
2019-07-06,31.5,-25.0,0.0
2019-07-07,31.5,-25.0,0.055976212
2019-07-08,31.5,-25.0,0.0027988104
2019-07-09,31.5,-25.0,0.0
2019-07-10,31.5,-25.0,0.0
2019-07-11,31.5,-25.0,0.0
2019-07-12,31.5,-25.0,0.0046646837
2019-07-13,31.5,-25.0,0.0009329368
2019-07-14,31.5,-25.0,0.0
2019-07-15,31.5,-25.0,0.0
2019-07-16,31.5,-25.0,0.0
2019-07-17,31.5,-25.0,0.0
2019-07-18,31.5,-25.0,0.0
2019-07-19,31.5,-25.0,0.0
2019-07-20,31.5,-25.0,0.37783945
2019-07-21,31.5,-25.0,0.0
2019-07-22,31.5,-25.0,0.0
2019-07-23,31.5,-25.0,0.0
2019-07-24,31.5,-25.0,0.0
2019-07-25,31.5,-25.0,0.0
2019-07-26,31.5,-25.0,0.16233101
2019-07-27,31.5,-25.0,0.83964324
2019-07-28,31.5,-25.0,0.0
2019-07-29,31.5,-25.0,0.0
2019-07-30,31.5,-25.0,0.0
2019-07-31,31.5,-25.0,0.009856929
2019-08-01,31.5,-25.0,0.0033263708
2019-08-02,31.5,-25.0,0.023284595
2019-08-03,31.5,-25.0,1.6653347e-13
2019-08-04,31.5,-25.0,0.014414275
2019-08-05,31.5,-25.0,1.6653347e-13
2019-08-06,31.5,-25.0,0.0066527417
2019-08-07,31.5,-25.0,0.004435161
2019-08-08,31.5,-25.0,0.064309835
2019-08-09,31.5,-25.0,0.55661273
2019-08-10,31.5,-25.0,0.37033594
2019-08-11,31.5,-25.0,1.6653347e-13
2019-08-12,31.5,-25.0,0.0787241
2019-08-13,31.5,-25.0,0.044351615
2019-08-14,31.5,-25.0,0.27498
2019-08-15,31.5,-25.0,0.007761532
2019-08-16,31.5,-25.0,1.6653347e-13
2019-08-17,31.5,-25.0,0.06320104
2019-08-18,31.5,-25.0,0.639772
2019-08-19,31.5,-25.0,0.05876588
2019-08-20,31.5,-25.0,0.05433072
2019-08-21,31.5,-25.0,0.0022175803
2019-08-22,31.5,-25.0,0.0011087902
2019-08-23,31.5,-25.0,1.6653347e-13
2019-08-24,31.5,-25.0,1.6653347e-13
2019-08-25,31.5,-25.0,1.6653347e-13
2019-08-26,31.5,-25.0,1.6653347e-13
2019-08-27,31.5,-25.0,1.6653347e-13
2019-08-28,31.5,-25.0,0.118640564
2019-08-29,31.5,-25.0,0.7816971
2019-08-30,31.5,-25.0,1.6653347e-13
2019-08-31,31.5,-25.0,0.43952018
2019-09-01,31.5,-25.0,0.11926873
2019-09-02,31.5,-25.0,0.0
2019-09-03,31.5,-25.0,0.024072591
2019-09-04,31.5,-25.0,0.0
2019-09-05,31.5,-25.0,0.015318921
2019-09-06,31.5,-25.0,5.716146
2019-09-07,31.5,-25.0,0.8261275
2019-09-08,31.5,-25.0,0.021884171
2019-09-09,31.5,-25.0,0.0
2019-09-10,31.5,-25.0,0.0
2019-09-11,31.5,-25.0,0.0
2019-09-12,31.5,-25.0,0.0
2019-09-13,31.5,-25.0,0.061275683
2019-09-14,31.5,-25.0,0.71232975
2019-09-15,31.5,-25.0,0.6007205
2019-09-16,31.5,-25.0,0.45190814
2019-09-17,31.5,-25.0,0.0
2019-09-18,31.5,-25.0,0.0010942086
2019-09-19,31.5,-25.0,0.028449424
2019-09-20,31.5,-25.0,0.0054710433
2019-09-21,31.5,-25.0,0.0
2019-09-22,31.5,-25.0,0.0
2019-09-23,31.5,-25.0,0.2943421
2019-09-24,31.5,-25.0,2.1501198
2019-09-25,31.5,-25.0,0.074406184
2019-09-26,31.5,-25.0,0.03173205
2019-09-27,31.5,-25.0,0.0
2019-09-28,31.5,-25.0,0.0
2019-09-29,31.5,-25.0,0.0
2019-09-30,31.5,-25.0,1.258575
2019-10-01,31.5,-25.0,2.3550742
2019-10-02,31.5,-25.0,0.20955157
2019-10-03,31.5,-25.0,0.0
2019-10-04,31.5,-25.0,0.0
2019-10-05,31.5,-25.0,0.3929092
2019-10-06,31.5,-25.0,0.0
2019-10-07,31.5,-25.0,0.0
2019-10-08,31.5,-25.0,0.16668876
2019-10-09,31.5,-25.0,0.016668875
2019-10-10,31.5,-25.0,7.4164596
2019-10-11,31.5,-25.0,0.052387893
2019-10-12,31.5,-25.0,0.0
2019-10-13,31.5,-25.0,0.15597305
2019-10-14,31.5,-25.0,0.00595317
2019-10-15,31.5,-25.0,0.003571902
2019-10-16,31.5,-25.0,0.35957146
2019-10-17,31.5,-25.0,0.0
2019-10-18,31.5,-25.0,0.0
2019-10-19,31.5,-25.0,0.0
2019-10-20,31.5,-25.0,0.0
2019-10-21,31.5,-25.0,1.7252285
2019-10-22,31.5,-25.0,2.2907798
2019-10-23,31.5,-25.0,0.2524144
2019-10-24,31.5,-25.0,0.0
2019-10-25,31.5,-25.0,0.08453502
2019-10-26,31.5,-25.0,0.64651424
2019-10-27,31.5,-25.0,0.0035719015
2019-10-28,31.5,-25.0,1.91573
2019-10-29,31.5,-25.0,0.6548487
2019-10-30,31.5,-25.0,0.4369627
2019-10-31,31.5,-25.0,1.4308171
2019-11-01,31.5,-25.0,0.29625103
2019-11-02,31.5,-25.0,1.6653347e-13
2019-11-03,31.5,-25.0,1.6653347e-13
2019-11-04,31.5,-25.0,0.38929743
2019-11-05,31.5,-25.0,1.2416877
2019-11-06,31.5,-25.0,1.6653347e-13
2019-11-07,31.5,-25.0,1.6653347e-13
2019-11-08,31.5,-25.0,0.48341322
2019-11-09,31.5,-25.0,0.89410055
2019-11-10,31.5,-25.0,0.06630889
2019-11-11,31.5,-25.0,0.13368727
2019-11-12,31.5,-25.0,2.0737572
2019-11-13,31.5,-25.0,1.551842
2019-11-14,31.5,-25.0,49.742363
2019-11-15,31.5,-25.0,1.6653347e-13
2019-11-16,31.5,-25.0,0.0053474917
2019-11-17,31.5,-25.0,0.12620081
2019-11-18,31.5,-25.0,1.4994366
2019-11-19,31.5,-25.0,6.859762
2019-11-20,31.5,-25.0,3.3539467
2019-11-21,31.5,-25.0,1.3507763
2019-11-22,31.5,-25.0,0.8310001
2019-11-23,31.5,-25.0,0.3914364
2019-11-24,31.5,-25.0,0.40106186
2019-11-25,31.5,-25.0,1.4352669
2019-11-26,31.5,-25.0,1.1101393
2019-11-27,31.5,-25.0,0.07058689
2019-11-28,31.5,-25.0,1.6653347e-13
2019-11-29,31.5,-25.0,1.6653347e-13
2019-11-30,31.5,-25.0,1.6653347e-13
2019-12-01,31.5,-25.0,0.25470233
2019-12-02,31.5,-25.0,0.0040916037
2019-12-03,31.5,-25.0,0.24038175
2019-12-04,31.5,-25.0,5.813146
2019-12-05,31.5,-25.0,4.157069
2019-12-06,31.5,-25.0,1.6653347e-13
2019-12-07,31.5,-25.0,2.871283
2019-12-08,31.5,-25.0,14.39017
2019-12-09,31.5,-25.0,12.259468
2019-12-10,31.5,-25.0,24.203882
2019-12-11,31.5,-25.0,5.213726
2019-12-12,31.5,-25.0,0.24140465
2019-12-13,31.5,-25.0,0.5830535
2019-12-14,31.5,-25.0,0.02045802
2019-12-15,31.5,-25.0,1.0280154
2019-12-16,31.5,-25.0,0.19844279
2019-12-17,31.5,-25.0,0.09922139
2019-12-18,31.5,-25.0,1.6653347e-13
2019-12-19,31.5,-25.0,1.6653347e-13
2019-12-20,31.5,-25.0,1.6653347e-13
2019-12-21,31.5,-25.0,0.0020458018
2019-12-22,31.5,-25.0,0.6567024
2019-12-23,31.5,-25.0,1.6653347e-13
2019-12-24,31.5,-25.0,1.6653347e-13
2019-12-25,31.5,-25.0,1.6653347e-13
2019-12-26,31.5,-25.0,1.6653347e-13
2019-12-27,31.5,-25.0,1.2929468
2019-12-28,31.5,-25.0,0.009206109
2019-12-29,31.5,-25.0,0.0020458018
2019-12-30,31.5,-25.0,0.035801534
2019-12-31,31.5,-25.0,0.35048598
2020-01-01,31.5,-25.0,0.37903303
2020-01-02,31.5,-25.0,0.0024296988
2020-01-03,31.5,-25.0,0.054668233
2020-01-04,31.5,-25.0,0.48229524
2020-01-05,31.5,-25.0,0.21867293
2020-01-06,31.5,-25.0,1.6653347e-13
2020-01-07,31.5,-25.0,0.019437592
2020-01-08,31.5,-25.0,0.15671557
2020-01-09,31.5,-25.0,14.767711
2020-01-10,31.5,-25.0,21.338833
2020-01-11,31.5,-25.0,2.879193
2020-01-12,31.5,-25.0,0.23689565
2020-01-13,31.5,-25.0,9.291168
2020-01-14,31.5,-25.0,4.3491616
2020-01-15,31.5,-25.0,0.014578194
2020-01-16,31.5,-25.0,1.2391465
2020-01-17,31.5,-25.0,0.31100148
2020-01-18,31.5,-25.0,32.759632
2020-01-19,31.5,-25.0,33.228565
2020-01-20,31.5,-25.0,0.6876048
2020-01-21,31.5,-25.0,0.010933645
2020-01-22,31.5,-25.0,0.31100148
2020-01-23,31.5,-25.0,2.3956833
2020-01-24,31.5,-25.0,3.4416685
2020-01-25,31.5,-25.0,0.015793044
2020-01-26,31.5,-25.0,1.6653347e-13
2020-01-27,31.5,-25.0,0.8030155
2020-01-28,31.5,-25.0,0.018222742
2020-01-29,31.5,-25.0,1.6653347e-13
2020-01-30,31.5,-25.0,0.36081028
2020-01-31,31.5,-25.0,1.5959456e-13
2020-02-01,31.5,-25.0,0.0
2020-02-02,31.5,-25.0,0.0044774218
2020-02-03,31.5,-25.0,0.007835489
2020-02-04,31.5,-25.0,0.26080984
2020-02-05,31.5,-25.0,0.0011193554
2020-02-06,31.5,-25.0,1.3320329
2020-02-07,31.5,-25.0,9.44848
2020-02-08,31.5,-25.0,3.4173925
2020-02-09,31.5,-25.0,47.489777
2020-02-10,31.5,-25.0,138.45306
2020-02-11,31.5,-25.0,33.46537
2020-02-12,31.5,-25.0,2.3618398
2020-02-13,31.5,-25.0,0.0
2020-02-14,31.5,-25.0,0.0067161326
2020-02-15,31.5,-25.0,0.5160229
2020-02-16,31.5,-25.0,0.035819374
2020-02-17,31.5,-25.0,0.040296797
2020-02-18,31.5,-25.0,1.6667204
2020-02-19,31.5,-25.0,1.2536782
2020-02-20,31.5,-25.0,0.40072924
2020-02-21,31.5,-25.0,8.482475
2020-02-22,31.5,-25.0,0.20596142
2020-02-23,31.5,-25.0,33.01091
2020-02-24,31.5,-25.0,0.120890394
2020-02-25,31.5,-25.0,0.0
2020-02-26,31.5,-25.0,0.0
2020-02-27,31.5,-25.0,0.0
2020-02-28,31.5,-25.0,2.8856986
2020-02-29,31.5,-25.0,0.6572125
2020-03-01,31.5,-25.0,0.21983711
2020-03-02,31.5,-25.0,0.28315976
2020-03-03,31.5,-25.0,2.2103186
2020-03-04,31.5,-25.0,0.2377586
2020-03-05,31.5,-25.0,0.0023895337
2020-03-06,31.5,-25.0,0.9187758
2020-03-07,31.5,-25.0,0.9247496
2020-03-08,31.5,-25.0,0.1015552
2020-03-09,31.5,-25.0,0.035843007
2020-03-10,31.5,-25.0,0.057348814
2020-03-11,31.5,-25.0,0.04540114
2020-03-12,31.5,-25.0,1.173261
2020-03-13,31.5,-25.0,0.09558135
2020-03-14,31.5,-25.0,1.6653347e-13
2020-03-15,31.5,-25.0,1.7264382
2020-03-16,31.5,-25.0,1.5543919
2020-03-17,31.5,-25.0,0.10991856
2020-03-18,31.5,-25.0,1.6653347e-13
2020-03-19,31.5,-25.0,1.6653347e-13
2020-03-20,31.5,-25.0,1.6653347e-13
2020-03-21,31.5,-25.0,0.22939524
2020-03-22,31.5,-25.0,0.082438916
2020-03-23,31.5,-25.0,1.6653347e-13
2020-03-24,31.5,-25.0,0.07885462
2020-03-25,31.5,-25.0,0.15293016
2020-03-26,31.5,-25.0,1.7288277
2020-03-27,31.5,-25.0,2.8937254
2020-03-28,31.5,-25.0,0.17682551
2020-03-29,31.5,-25.0,1.6653347e-13
2020-03-30,31.5,-25.0,0.035843007
2020-03-31,31.5,-25.0,1.5959456e-13
2020-04-01,31.5,-25.0,0.24251819
2020-04-02,31.5,-25.0,0.023319056
2020-04-03,31.5,-25.0,0.16206744
2020-04-04,31.5,-25.0,3.3719358
2020-04-05,31.5,-25.0,1.655653
2020-04-06,31.5,-25.0,0.0
2020-04-07,31.5,-25.0,0.47804064
2020-04-08,31.5,-25.0,1.9366475
2020-04-09,31.5,-25.0,1.5728705
2020-04-10,31.5,-25.0,0.15040791
2020-04-11,31.5,-25.0,0.0
2020-04-12,31.5,-25.0,0.0
2020-04-13,31.5,-25.0,0.0023319055
2020-04-14,31.5,-25.0,0.8872901
2020-04-15,31.5,-25.0,1.4924195
2020-04-16,31.5,-25.0,5.7854576
2020-04-17,31.5,-25.0,3.086277
2020-04-18,31.5,-25.0,1.7512611
2020-04-19,31.5,-25.0,1.1461316
2020-04-20,31.5,-25.0,0.0023319055
2020-04-21,31.5,-25.0,0.69257605
2020-04-22,31.5,-25.0,0.1259229
2020-04-23,31.5,-25.0,0.9502516
2020-04-24,31.5,-25.0,0.5561595
2020-04-25,31.5,-25.0,1.8806818
2020-04-26,31.5,-25.0,2.1348596
2020-04-27,31.5,-25.0,0.38126653
2020-04-28,31.5,-25.0,7.8760114
2020-04-29,31.5,-25.0,0.097940035
2020-04-30,31.5,-25.0,0.0
2020-05-01,31.5,-25.0,0.0
2020-05-02,31.5,-25.0,0.0066272453
2020-05-03,31.5,-25.0,0.0
2020-05-04,31.5,-25.0,0.08173603
2020-05-05,31.5,-25.0,0.0
2020-05-06,31.5,-25.0,1.1818588
2020-05-07,31.5,-25.0,0.0
2020-05-08,31.5,-25.0,0.0
2020-05-09,31.5,-25.0,0.16236751
2020-05-10,31.5,-25.0,0.068481535
2020-05-11,31.5,-25.0,0.0
2020-05-12,31.5,-25.0,0.0
2020-05-13,31.5,-25.0,0.0044181636
2020-05-14,31.5,-25.0,0.0
2020-05-15,31.5,-25.0,0.0
2020-05-16,31.5,-25.0,0.0022090818
2020-05-17,31.5,-25.0,0.0
2020-05-18,31.5,-25.0,0.0
2020-05-19,31.5,-25.0,0.0
2020-05-20,31.5,-25.0,0.19881736
2020-05-21,31.5,-25.0,0.39653018
2020-05-22,31.5,-25.0,0.0
2020-05-23,31.5,-25.0,0.0011045409
2020-05-24,31.5,-25.0,0.0
2020-05-25,31.5,-25.0,0.0
2020-05-26,31.5,-25.0,0.0066272453
2020-05-27,31.5,-25.0,0.0
2020-05-28,31.5,-25.0,0.0
2020-05-29,31.5,-25.0,0.0
2020-05-30,31.5,-25.0,0.0044181636
2020-05-31,31.5,-25.0,0.0
2020-06-01,31.5,-25.0,0.0
2020-06-02,31.5,-25.0,0.0
2020-06-03,31.5,-25.0,0.0
2020-06-04,31.5,-25.0,0.05075649
2020-06-05,31.5,-25.0,0.08831631
2020-06-06,31.5,-25.0,0.00203026
2020-06-07,31.5,-25.0,0.00101513
2020-06-08,31.5,-25.0,0.0
2020-06-09,31.5,-25.0,0.0
2020-06-10,31.5,-25.0,0.0
2020-06-11,31.5,-25.0,0.0
2020-06-12,31.5,-25.0,0.0
2020-06-13,31.5,-25.0,0.0
2020-06-14,31.5,-25.0,0.0
2020-06-15,31.5,-25.0,0.35326523
2020-06-16,31.5,-25.0,5.683712
2020-06-17,31.5,-25.0,7.669306
2020-06-18,31.5,-25.0,2.789577
2020-06-19,31.5,-25.0,0.0
2020-06-20,31.5,-25.0,0.0
2020-06-21,31.5,-25.0,0.0
2020-06-22,31.5,-25.0,0.0
2020-06-23,31.5,-25.0,0.0
2020-06-24,31.5,-25.0,0.0
2020-06-25,31.5,-25.0,0.0
2020-06-26,31.5,-25.0,0.0
2020-06-27,31.5,-25.0,0.0
2020-06-28,31.5,-25.0,0.012181558
2020-06-29,31.5,-25.0,0.0060907784
2020-06-30,31.5,-25.0,0.2212983
2020-07-01,31.5,-25.0,0.0
2020-07-02,31.5,-25.0,0.0
2020-07-03,31.5,-25.0,0.04468911
2020-07-04,31.5,-25.0,0.008512212
2020-07-05,31.5,-25.0,0.0
2020-07-06,31.5,-25.0,0.0
2020-07-07,31.5,-25.0,0.0010640265
2020-07-08,31.5,-25.0,0.39794594
2020-07-09,31.5,-25.0,0.014896371
2020-07-10,31.5,-25.0,0.0
2020-07-11,31.5,-25.0,0.0
2020-07-12,31.5,-25.0,0.0
2020-07-13,31.5,-25.0,0.0
2020-07-14,31.5,-25.0,0.110658765
2020-07-15,31.5,-25.0,0.0010640265
2020-07-16,31.5,-25.0,0.0
2020-07-17,31.5,-25.0,0.0
2020-07-18,31.5,-25.0,0.0
2020-07-19,31.5,-25.0,0.0
2020-07-20,31.5,-25.0,0.0
2020-07-21,31.5,-25.0,0.0
2020-07-22,31.5,-25.0,0.0
2020-07-23,31.5,-25.0,0.047881193
2020-07-24,31.5,-25.0,0.09682642
2020-07-25,31.5,-25.0,0.0
2020-07-26,31.5,-25.0,0.0
2020-07-27,31.5,-25.0,1.3747225
2020-07-28,31.5,-25.0,0.41709843
2020-07-29,31.5,-25.0,0.0
2020-07-30,31.5,-25.0,0.0010640265
2020-07-31,31.5,-25.0,0.014896371
2020-08-01,31.5,-25.0,0.009837923
2020-08-02,31.5,-25.0,0.0
2020-08-03,31.5,-25.0,0.0
2020-08-04,31.5,-25.0,0.0
2020-08-05,31.5,-25.0,0.7258202
2020-08-06,31.5,-25.0,0.10275165
2020-08-07,31.5,-25.0,0.0
2020-08-08,31.5,-25.0,0.0010931026
2020-08-09,31.5,-25.0,0.0
2020-08-10,31.5,-25.0,0.0
2020-08-11,31.5,-25.0,0.0
2020-08-12,31.5,-25.0,0.0
2020-08-13,31.5,-25.0,0.025141358
2020-08-14,31.5,-25.0,0.012024128
2020-08-15,31.5,-25.0,0.0
2020-08-16,31.5,-25.0,0.097286135
2020-08-17,31.5,-25.0,0.51485133
2020-08-18,31.5,-25.0,0.049189612
2020-08-19,31.5,-25.0,0.0
2020-08-20,31.5,-25.0,0.0
2020-08-21,31.5,-25.0,1.5172265
2020-08-22,31.5,-25.0,0.30169633
2020-08-23,31.5,-25.0,0.0
2020-08-24,31.5,-25.0,0.0
2020-08-25,31.5,-25.0,0.0
2020-08-26,31.5,-25.0,0.0021862052
2020-08-27,31.5,-25.0,0.0054655126
2020-08-28,31.5,-25.0,0.0
2020-08-29,31.5,-25.0,0.14101022
2020-08-30,31.5,-25.0,1.8921607
2020-08-31,31.5,-25.0,3.5540595
2020-09-01,31.5,-25.0,4.628691
2020-09-02,31.5,-25.0,0.3421864
2020-09-03,31.5,-25.0,0.0
2020-09-04,31.5,-25.0,0.0032383571
2020-09-05,31.5,-25.0,0.0021589047
2020-09-06,31.5,-25.0,0.3529809
2020-09-07,31.5,-25.0,0.0
2020-09-08,31.5,-25.0,0.021589046
2020-09-09,31.5,-25.0,0.0
2020-09-10,31.5,-25.0,0.03993974
2020-09-11,31.5,-25.0,0.019430142
2020-09-12,31.5,-25.0,0.029145213
2020-09-13,31.5,-25.0,0.012953427
2020-09-14,31.5,-25.0,0.0
2020-09-15,31.5,-25.0,0.10146852
2020-09-16,31.5,-25.0,0.030224662
2020-09-17,31.5,-25.0,0.0
2020-09-18,31.5,-25.0,0.0010794523
2020-09-19,31.5,-25.0,0.8441317
2020-09-20,31.5,-25.0,0.0032383571
2020-09-21,31.5,-25.0,0.20185757
2020-09-22,31.5,-25.0,0.28605485
2020-09-23,31.5,-25.0,0.0
2020-09-24,31.5,-25.0,0.0
2020-09-25,31.5,-25.0,0.0
2020-09-26,31.5,-25.0,0.036701377
2020-09-27,31.5,-25.0,1.0891674
2020-09-28,31.5,-25.0,1.3784606
2020-09-29,31.5,-25.0,1.2035893
2020-09-30,31.5,-25.0,1.929172
2020-10-01,31.5,-25.0,6.6223583
2020-10-02,31.5,-25.0,5.8295746
2020-10-03,31.5,-25.0,0.5117232
2020-10-04,31.5,-25.0,0.751109
2020-10-05,31.5,-25.0,14.5308075
2020-10-06,31.5,-25.0,4.314758
2020-10-07,31.5,-25.0,1.6475937
2020-10-08,31.5,-25.0,0.24423155
2020-10-09,31.5,-25.0,0.0
2020-10-10,31.5,-25.0,0.5068774
2020-10-11,31.5,-25.0,12.645767
2020-10-12,31.5,-25.0,1.7668018
2020-10-13,31.5,-25.0,0.00096917275
2020-10-14,31.5,-25.0,0.007753382
2020-10-15,31.5,-25.0,0.004845864
2020-10-16,31.5,-25.0,0.0019383455
2020-10-17,31.5,-25.0,0.004845864
2020-10-18,31.5,-25.0,0.0
2020-10-19,31.5,-25.0,0.015506764
2020-10-20,31.5,-25.0,0.019383457
2020-10-21,31.5,-25.0,0.050396986
2020-10-22,31.5,-25.0,0.003876691
2020-10-23,31.5,-25.0,0.8974541
2020-10-24,31.5,-25.0,0.031013528
2020-10-25,31.5,-25.0,0.00096917275
2020-10-26,31.5,-25.0,0.15991352
2020-10-27,31.5,-25.0,0.17735863
2020-10-28,31.5,-25.0,0.0
2020-10-29,31.5,-25.0,0.0
2020-10-30,31.5,-25.0,0.067842096
2020-10-31,31.5,-25.0,0.38835266
2020-11-01,31.5,-25.0,0.53751314
2020-11-02,31.5,-25.0,0.7907549
2020-11-03,31.5,-25.0,1.6653347e-13
2020-11-04,31.5,-25.0,1.5404708
2020-11-05,31.5,-25.0,1.1671143
2020-11-06,31.5,-25.0,0.01401338
2020-11-07,31.5,-25.0,1.6653347e-13
2020-11-08,31.5,-25.0,1.6653347e-13
2020-11-09,31.5,-25.0,0.19118254
2020-11-10,31.5,-25.0,3.6865196
2020-11-11,31.5,-25.0,1.7406619
2020-11-12,31.5,-25.0,0.14413762
2020-11-13,31.5,-25.0,1.6653347e-13
2020-11-14,31.5,-25.0,1.6653347e-13
2020-11-15,31.5,-25.0,1.6653347e-13
2020-11-16,31.5,-25.0,1.6653347e-13
2020-11-17,31.5,-25.0,1.6653347e-13
2020-11-18,31.5,-25.0,1.6653347e-13
2020-11-19,31.5,-25.0,0.37335646
2020-11-20,31.5,-25.0,0.031029627
2020-11-21,31.5,-25.0,0.004003823
2020-11-22,31.5,-25.0,2.481369
2020-11-23,31.5,-25.0,0.15214527
2020-11-24,31.5,-25.0,1.6836073
2020-11-25,31.5,-25.0,0.16415673
2020-11-26,31.5,-25.0,0.038036317
2020-11-27,31.5,-25.0,2.1880891
2020-11-28,31.5,-25.0,0.038036317
2020-11-29,31.5,-25.0,4.0048237
2020-11-30,31.5,-25.0,1.5265568e-13
2020-12-01,31.5,-25.0,8.400672
2020-12-02,31.5,-25.0,1.5349184
2020-12-03,31.5,-25.0,0.31448725
2020-12-04,31.5,-25.0,2.9881806
2020-12-05,31.5,-25.0,2.549002
2020-12-06,31.5,-25.0,0.42152327
2020-12-07,31.5,-25.0,2.408862
2020-12-08,31.5,-25.0,0.39062628
2020-12-09,31.5,-25.0,0.21296856
2020-12-10,31.5,-25.0,0.013241569
2020-12-11,31.5,-25.0,-1.6653347e-13
2020-12-12,31.5,-25.0,0.25379676
2020-12-13,31.5,-25.0,1.9376829
2020-12-14,31.5,-25.0,0.036414314
2020-12-15,31.5,-25.0,12.77039
2020-12-16,31.5,-25.0,10.274354
2020-12-17,31.5,-25.0,6.7840962
2020-12-18,31.5,-25.0,15.601877
2020-12-19,31.5,-25.0,0.87946075
2020-12-20,31.5,-25.0,2.0645812
2020-12-21,31.5,-25.0,2.4629316
2020-12-22,31.5,-25.0,4.653308
2020-12-23,31.5,-25.0,13.963234
2020-12-24,31.5,-25.0,18.267847
2020-12-25,31.5,-25.0,1.1244298
2020-12-26,31.5,-25.0,0.5440078
2020-12-27,31.5,-25.0,0.00551732
2020-12-28,31.5,-25.0,0.78456295
2020-12-29,31.5,-25.0,-1.6653347e-13
2020-12-30,31.5,-25.0,1.1001537
2020-12-31,31.5,-25.0,1.4455378
2021-01-01,31.5,-25.0,13.689987
2021-01-02,31.5,-25.0,12.018757
2021-01-03,31.5,-25.0,0.21921343
2021-01-04,31.5,-25.0,0.92351806
2021-01-05,31.5,-25.0,0.2799855
2021-01-06,31.5,-25.0,17.041134
2021-01-07,31.5,-25.0,3.1416974
2021-01-08,31.5,-25.0,0.003255645
2021-01-09,31.5,-25.0,0.22029865
2021-01-10,31.5,-25.0,-1.6653347e-13
2021-01-11,31.5,-25.0,0.35269487
2021-01-12,31.5,-25.0,0.009766935
2021-01-13,31.5,-25.0,0.073794626
2021-01-14,31.5,-25.0,2.259418
2021-01-15,31.5,-25.0,1.6408453
2021-01-16,31.5,-25.0,14.845742
2021-01-17,31.5,-25.0,6.796702
2021-01-18,31.5,-25.0,0.27455944
2021-01-19,31.5,-25.0,0.016278226
2021-01-20,31.5,-25.0,0.5415223
2021-01-21,31.5,-25.0,0.45361993
2021-01-22,31.5,-25.0,0.03255645
2021-01-23,31.5,-25.0,4.793395
2021-01-24,31.5,-25.0,62.0895
2021-01-25,31.5,-25.0,76.544556
2021-01-26,31.5,-25.0,3.410831
2021-01-27,31.5,-25.0,0.8301896
2021-01-28,31.5,-25.0,4.516665
2021-01-29,31.5,-25.0,0.19208306
2021-01-30,31.5,-25.0,2.4449897
2021-01-31,31.5,-25.0,6.9190874
2021-02-01,31.5,-25.0,32.326134
2021-02-02,31.5,-25.0,7.8646474
2021-02-03,31.5,-25.0,0.43087608
2021-02-04,31.5,-25.0,13.701164
2021-02-05,31.5,-25.0,16.953585
2021-02-06,31.5,-25.0,3.3439229
2021-02-07,31.5,-25.0,1.4443614
2021-02-08,31.5,-25.0,1.4339371
2021-02-09,31.5,-25.0,1.9852731
2021-02-10,31.5,-25.0,1.3262181
2021-02-11,31.5,-25.0,1.1640605
2021-02-12,31.5,-25.0,14.908081
2021-02-13,31.5,-25.0,11.133282
2021-02-14,31.5,-25.0,18.27401
2021-02-15,31.5,-25.0,33.868942
2021-02-16,31.5,-25.0,4.862413
2021-02-17,31.5,-25.0,0.0
2021-02-18,31.5,-25.0,0.0
2021-02-19,31.5,-25.0,0.0
2021-02-20,31.5,-25.0,0.0
2021-02-21,31.5,-25.0,1.6076772
2021-02-22,31.5,-25.0,2.633904
2021-02-23,31.5,-25.0,0.03127327
2021-02-24,31.5,-25.0,0.111193836
2021-02-25,31.5,-25.0,0.49921393
2021-02-26,31.5,-25.0,5.1091247
2021-02-27,31.5,-25.0,1.0563414
2021-02-28,31.5,-25.0,0.033530954
2021-03-01,31.5,-25.0,1.7167844
2021-03-02,31.5,-25.0,1.413591
2021-03-03,31.5,-25.0,0.0
2021-03-04,31.5,-25.0,0.0
2021-03-05,31.5,-25.0,0.6792325
2021-03-06,31.5,-25.0,0.73829615
2021-03-07,31.5,-25.0,0.13879968
2021-03-08,31.5,-25.0,0.19294137
2021-03-09,31.5,-25.0,0.06693885
2021-03-10,31.5,-25.0,0.0
2021-03-11,31.5,-25.0,12.442751
2021-03-12,31.5,-25.0,0.19884776
2021-03-13,31.5,-25.0,0.012797134
2021-03-14,31.5,-25.0,0.053157315
2021-03-15,31.5,-25.0,0.015750319
2021-03-16,31.5,-25.0,0.0
2021-03-17,31.5,-25.0,0.10336146
2021-03-18,31.5,-25.0,0.12895572
2021-03-19,31.5,-25.0,3.1244693
2021-03-20,31.5,-25.0,7.573933
2021-03-21,31.5,-25.0,19.408329
2021-03-22,31.5,-25.0,0.27759936
2021-03-23,31.5,-25.0,0.014765922
2021-03-24,31.5,-25.0,0.08465795
2021-03-25,31.5,-25.0,0.19195698
2021-03-26,31.5,-25.0,0.013781528
2021-03-27,31.5,-25.0,0.08761114
2021-03-28,31.5,-25.0,0.003937579
2021-03-29,31.5,-25.0,0.0009843948
2021-03-30,31.5,-25.0,0.073829606
2021-03-31,31.5,-25.0,0.0
2021-04-01,31.5,-25.0,0.0
2021-04-02,31.5,-25.0,0.0017683423
2021-04-03,31.5,-25.0,0.12643649
2021-04-04,31.5,-25.0,0.0
2021-04-05,31.5,-25.0,0.0017683423
2021-04-06,31.5,-25.0,0.8311209
2021-04-07,31.5,-25.0,0.0070733693
2021-04-08,31.5,-25.0,0.0
2021-04-09,31.5,-25.0,0.013262568
2021-04-10,31.5,-25.0,0.1379307
2021-04-11,31.5,-25.0,0.0
2021-04-12,31.5,-25.0,0.0
2021-04-13,31.5,-25.0,0.0
2021-04-14,31.5,-25.0,0.0
2021-04-15,31.5,-25.0,0.007957541
2021-04-16,31.5,-25.0,0.2873556
2021-04-17,31.5,-25.0,0.0
2021-04-18,31.5,-25.0,0.0
2021-04-19,31.5,-25.0,0.0026525136
2021-04-20,31.5,-25.0,1.0610055
2021-04-21,31.5,-25.0,0.038903534
2021-04-22,31.5,-25.0,0.0
2021-04-23,31.5,-25.0,18.881475
2021-04-24,31.5,-25.0,0.0
2021-04-25,31.5,-25.0,0.0
2021-04-26,31.5,-25.0,0.0
2021-04-27,31.5,-25.0,0.0
2021-04-28,31.5,-25.0,0.0
2021-04-29,31.5,-25.0,0.009725884
2021-04-30,31.5,-25.0,3.4626837
2021-05-01,31.5,-25.0,2.4353533
2021-05-02,31.5,-25.0,0.017893855
2021-05-03,31.5,-25.0,0.0026840782
2021-05-04,31.5,-25.0,0.0
2021-05-05,31.5,-25.0,0.0
2021-05-06,31.5,-25.0,0.0
2021-05-07,31.5,-25.0,0.41871616
2021-05-08,31.5,-25.0,0.024156705
2021-05-09,31.5,-25.0,0.07157542
2021-05-10,31.5,-25.0,0.0
2021-05-11,31.5,-25.0,0.0
2021-05-12,31.5,-25.0,0.0
2021-05-13,31.5,-25.0,0.0
2021-05-14,31.5,-25.0,0.0
2021-05-15,31.5,-25.0,0.0
2021-05-16,31.5,-25.0,0.0044734636
2021-05-17,31.5,-25.0,0.04652402
2021-05-18,31.5,-25.0,0.28451228
2021-05-19,31.5,-25.0,0.0
2021-05-20,31.5,-25.0,0.0
2021-05-21,31.5,-25.0,0.07604888
2021-05-22,31.5,-25.0,0.44197822
2021-05-23,31.5,-25.0,0.04026117
2021-05-24,31.5,-25.0,0.00089469284
2021-05-25,31.5,-25.0,0.0
2021-05-26,31.5,-25.0,0.0
2021-05-27,31.5,-25.0,0.0
2021-05-28,31.5,-25.0,0.0
2021-05-29,31.5,-25.0,0.0
2021-05-30,31.5,-25.0,0.0026840782
2021-05-31,31.5,-25.0,0.019683238
2021-06-01,31.5,-25.0,18.553179
2021-06-02,31.5,-25.0,2.668088
2021-06-03,31.5,-25.0,0.00070940924
2021-06-04,31.5,-25.0,1.5458028
2021-06-05,31.5,-25.0,0.0
2021-06-06,31.5,-25.0,2.194912
2021-06-07,31.5,-25.0,0.05107747
2021-06-08,31.5,-25.0,0.0
2021-06-09,31.5,-25.0,0.8207865
2021-06-10,31.5,-25.0,0.2837637
2021-06-11,31.5,-25.0,0.0
2021-06-12,31.5,-25.0,0.0
2021-06-13,31.5,-25.0,0.0
2021-06-14,31.5,-25.0,0.0
2021-06-15,31.5,-25.0,0.0
2021-06-16,31.5,-25.0,0.0
2021-06-17,31.5,-25.0,0.0
2021-06-18,31.5,-25.0,0.76545256
2021-06-19,31.5,-25.0,0.28589192
2021-06-20,31.5,-25.0,0.002837637
2021-06-21,31.5,-25.0,0.00070940924
2021-06-22,31.5,-25.0,0.0
2021-06-23,31.5,-25.0,0.0
2021-06-24,31.5,-25.0,0.0
2021-06-25,31.5,-25.0,0.0
2021-06-26,31.5,-25.0,0.0
2021-06-27,31.5,-25.0,0.0
2021-06-28,31.5,-25.0,0.0
2021-06-29,31.5,-25.0,0.0
2021-06-30,31.5,-25.0,0.0
2021-07-01,31.5,-25.0,0.0
2021-07-02,31.5,-25.0,0.0
2021-07-03,31.5,-25.0,0.0
2021-07-04,31.5,-25.0,0.030052247
2021-07-05,31.5,-25.0,0.82643676
2021-07-06,31.5,-25.0,0.553963
2021-07-07,31.5,-25.0,0.0
2021-07-08,31.5,-25.0,0.0
2021-07-09,31.5,-25.0,0.004006966
2021-07-10,31.5,-25.0,0.0
2021-07-11,31.5,-25.0,0.0
2021-07-12,31.5,-25.0,0.0
2021-07-13,31.5,-25.0,0.015026123
2021-07-14,31.5,-25.0,0.020034831
2021-07-15,31.5,-25.0,0.0030052243
2021-07-16,31.5,-25.0,0.23941624
2021-07-17,31.5,-25.0,0.0
2021-07-18,31.5,-25.0,0.0
2021-07-19,31.5,-25.0,0.0
2021-07-20,31.5,-25.0,0.0
2021-07-21,31.5,-25.0,0.0
2021-07-22,31.5,-25.0,0.0
2021-07-23,31.5,-25.0,0.0
2021-07-24,31.5,-25.0,0.0
2021-07-25,31.5,-25.0,0.16929431
2021-07-26,31.5,-25.0,0.0
2021-07-27,31.5,-25.0,0.0
2021-07-28,31.5,-25.0,0.0
2021-07-29,31.5,-25.0,0.0
2021-07-30,31.5,-25.0,0.0
2021-07-31,31.5,-25.0,0.0
2021-08-01,31.5,-25.0,0.0
2021-08-02,31.5,-25.0,0.10565022
2021-08-03,31.5,-25.0,0.0946939
2021-08-04,31.5,-25.0,0.0
2021-08-05,31.5,-25.0,0.0
2021-08-06,31.5,-25.0,0.0
2021-08-07,31.5,-25.0,0.0
2021-08-08,31.5,-25.0,0.0
2021-08-09,31.5,-25.0,0.0070433477
2021-08-10,31.5,-25.0,0.011738911
2021-08-11,31.5,-25.0,0.0039129704
2021-08-12,31.5,-25.0,0.039129708
2021-08-13,31.5,-25.0,0.2559083
2021-08-14,31.5,-25.0,0.71059555
2021-08-15,31.5,-25.0,0.017999664
2021-08-16,31.5,-25.0,0.04617306
2021-08-17,31.5,-25.0,0.0
2021-08-18,31.5,-25.0,0.0
2021-08-19,31.5,-25.0,0.08999832
2021-08-20,31.5,-25.0,0.54077256
2021-08-21,31.5,-25.0,0.11347615
2021-08-22,31.5,-25.0,0.8702447
2021-08-23,31.5,-25.0,0.0015651882
2021-08-24,31.5,-25.0,0.030521175
2021-08-25,31.5,-25.0,0.0015651882
2021-08-26,31.5,-25.0,0.0015651882
2021-08-27,31.5,-25.0,0.0
2021-08-28,31.5,-25.0,1.0948492
2021-08-29,31.5,-25.0,0.0031303763
2021-08-30,31.5,-25.0,0.0
2021-08-31,31.5,-25.0,0.0
2021-09-01,31.5,-25.0,0.010081155
2021-09-02,31.5,-25.0,0.01108927
2021-09-03,31.5,-25.0,0.0
2021-09-04,31.5,-25.0,0.0
2021-09-05,31.5,-25.0,0.0
2021-09-06,31.5,-25.0,0.14819299
2021-09-07,31.5,-25.0,3.0051923
2021-09-08,31.5,-25.0,0.007056809
2021-09-09,31.5,-25.0,0.072584316
2021-09-10,31.5,-25.0,0.032259695
2021-09-11,31.5,-25.0,0.0
2021-09-12,31.5,-25.0,0.0
2021-09-13,31.5,-25.0,0.0
2021-09-14,31.5,-25.0,0.0
2021-09-15,31.5,-25.0,0.14718486
2021-09-16,31.5,-25.0,0.22884223
2021-09-17,31.5,-25.0,0.57059336
2021-09-18,31.5,-25.0,0.0050405776
2021-09-19,31.5,-25.0,0.0
2021-09-20,31.5,-25.0,0.0
2021-09-21,31.5,-25.0,0.5625285
2021-09-22,31.5,-25.0,0.0
2021-09-23,31.5,-25.0,0.0
2021-09-24,31.5,-25.0,0.0
2021-09-25,31.5,-25.0,0.0
2021-09-26,31.5,-25.0,0.0
2021-09-27,31.5,-25.0,0.0
2021-09-28,31.5,-25.0,0.36897025
2021-09-29,31.5,-25.0,0.27521554
2021-09-30,31.5,-25.0,0.3225482
2021-10-01,31.5,-25.0,0.4873423
2021-10-02,31.5,-25.0,6.567609
2021-10-03,31.5,-25.0,2.9192572
2021-10-04,31.5,-25.0,0.1333476
2021-10-05,31.5,-25.0,0.13430692
2021-10-06,31.5,-25.0,0.75691545
2021-10-07,31.5,-25.0,3.196505
2021-10-08,31.5,-25.0,0.85764575
2021-10-09,31.5,-25.0,0.9094498
2021-10-10,31.5,-25.0,0.53243107
2021-10-11,31.5,-25.0,-1.6653347e-13
2021-10-12,31.5,-25.0,-1.6653347e-13
2021-10-13,31.5,-25.0,-1.6653347e-13
2021-10-14,31.5,-25.0,-1.6653347e-13
2021-10-15,31.5,-25.0,-1.6653347e-13
2021-10-16,31.5,-25.0,0.040292084
2021-10-17,31.5,-25.0,1.1607957
2021-10-18,31.5,-25.0,2.157545
2021-10-19,31.5,-25.0,0.045088753
2021-10-20,31.5,-25.0,-1.6653347e-13
2021-10-21,31.5,-25.0,-1.6653347e-13
2021-10-22,31.5,-25.0,0.07482815
2021-10-23,31.5,-25.0,0.19282639
2021-10-24,31.5,-25.0,1.5771472
2021-10-25,31.5,-25.0,7.191177
2021-10-26,31.5,-25.0,1.4543521
2021-10-27,31.5,-25.0,1.2145183
2021-10-28,31.5,-25.0,1.0686995
2021-10-29,31.5,-25.0,0.0009593352
2021-10-30,31.5,-25.0,2.4683695
2021-10-31,31.5,-25.0,0.2561425
2021-11-01,31.5,-25.0,0.0
2021-11-02,31.5,-25.0,1.2878462
2021-11-03,31.5,-25.0,0.00546624
2021-11-04,31.5,-25.0,0.010932481
2021-11-05,31.5,-25.0,13.038078
2021-11-06,31.5,-25.0,4.127012
2021-11-07,31.5,-25.0,0.029517699
2021-11-08,31.5,-25.0,0.0
2021-11-09,31.5,-25.0,0.30064324
2021-11-10,31.5,-25.0,0.0
2021-11-11,31.5,-25.0,0.76964664
2021-11-12,31.5,-25.0,0.03498394
2021-11-13,31.5,-25.0,0.043729924
2021-11-14,31.5,-25.0,0.9664314
2021-11-15,31.5,-25.0,0.16508046
2021-11-16,31.5,-25.0,1.5731839
2021-11-17,31.5,-25.0,0.027331203
2021-11-18,31.5,-25.0,7.276659
2021-11-19,31.5,-25.0,0.3979423
2021-11-20,31.5,-25.0,5.5832186
2021-11-21,31.5,-25.0,18.264896
2021-11-22,31.5,-25.0,21.738148
2021-11-23,31.5,-25.0,9.422706
2021-11-24,31.5,-25.0,0.56520927
2021-11-25,31.5,-25.0,1.4463673
2021-11-26,31.5,-25.0,6.2424474
2021-11-27,31.5,-25.0,0.8221226
2021-11-28,31.5,-25.0,0.0
2021-11-29,31.5,-25.0,0.68109363
2021-11-30,31.5,-25.0,-6.938894e-15
2021-12-01,31.5,-25.0,0.6794011
2021-12-02,31.5,-25.0,-1.6653347e-13
2021-12-03,31.5,-25.0,0.4605497
2021-12-04,31.5,-25.0,0.1731571
2021-12-05,31.5,-25.0,2.388125
2021-12-06,31.5,-25.0,3.7553444
2021-12-07,31.5,-25.0,5.2440143
2021-12-08,31.5,-25.0,1.7508105
2021-12-09,31.5,-25.0,0.17556207
2021-12-10,31.5,-25.0,0.06252895
2021-12-11,31.5,-25.0,0.0012024798
2021-12-12,31.5,-25.0,0.027657034
2021-12-13,31.5,-25.0,2.8306375
2021-12-14,31.5,-25.0,10.53252
2021-12-15,31.5,-25.0,1.373232
2021-12-16,31.5,-25.0,22.659527
2021-12-17,31.5,-25.0,4.3132954
2021-12-18,31.5,-25.0,0.4112481
2021-12-19,31.5,-25.0,0.06733887
2021-12-20,31.5,-25.0,0.30663234
2021-12-21,31.5,-25.0,0.47978944
2021-12-22,31.5,-25.0,-1.6653347e-13
2021-12-23,31.5,-25.0,0.98362845
2021-12-24,31.5,-25.0,3.1625218
2021-12-25,31.5,-25.0,0.048099194
2021-12-26,31.5,-25.0,1.4525957
2021-12-27,31.5,-25.0,4.7161255
2021-12-28,31.5,-25.0,0.18397939
2021-12-29,31.5,-25.0,0.099805824
2021-12-30,31.5,-25.0,1.3804468
2021-12-31,31.5,-25.0,1.8205544
2022-01-01,31.5,-25.0,0.017406343
2022-01-02,31.5,-25.0,2.4542944
2022-01-03,31.5,-25.0,1.6787449
2022-01-04,31.5,-25.0,1.2842013
2022-01-05,31.5,-25.0,5.545854
2022-01-06,31.5,-25.0,16.566969
2022-01-07,31.5,-25.0,0.39067566
2022-01-08,31.5,-25.0,2.9610124
2022-01-09,31.5,-25.0,1.5598018
2022-01-10,31.5,-25.0,0.01934038
2022-01-11,31.5,-25.0,3.6417937
2022-01-12,31.5,-25.0,12.500654
2022-01-13,31.5,-25.0,1.4108808
2022-01-14,31.5,-25.0,2.2086716
2022-01-15,31.5,-25.0,1.3296512
2022-01-16,31.5,-25.0,0.20307401
2022-01-17,31.5,-25.0,3.09156
2022-01-18,31.5,-25.0,0.9070639
2022-01-19,31.5,-25.0,1.3896062
2022-01-20,31.5,-25.0,0.7910216
2022-01-21,31.5,-25.0,0.09283382
2022-01-22,31.5,-25.0,6.1753836
2022-01-23,31.5,-25.0,1.0221392
2022-01-24,31.5,-25.0,0.10540507
2022-01-25,31.5,-25.0,0.19340381
2022-01-26,31.5,-25.0,5.990683
2022-01-27,31.5,-25.0,5.9191236
2022-01-28,31.5,-25.0,1.6565037
2022-01-29,31.5,-25.0,2.8981564
2022-01-30,31.5,-25.0,4.0334363
2022-01-31,31.5,-25.0,0.97585505
2022-02-01,31.5,-25.0,0.022030745
2022-02-02,31.5,-25.0,0.047733277
2022-02-03,31.5,-25.0,0.0
2022-02-04,31.5,-25.0,14.968973
2022-02-05,31.5,-25.0,1.9001517
2022-02-06,31.5,-25.0,1.6109982
2022-02-07,31.5,-25.0,0.11933321
2022-02-08,31.5,-25.0,0.27630228
2022-02-09,31.5,-25.0,0.0
2022-02-10,31.5,-25.0,0.0
2022-02-11,31.5,-25.0,0.0
2022-02-12,31.5,-25.0,0.0
2022-02-13,31.5,-25.0,0.00091794773
2022-02-14,31.5,-25.0,1.7817364
2022-02-15,31.5,-25.0,3.9618623
2022-02-16,31.5,-25.0,0.5856506
2022-02-17,31.5,-25.0,0.86103505
2022-02-18,31.5,-25.0,0.8940811
2022-02-19,31.5,-25.0,0.039471753
2022-02-20,31.5,-25.0,0.43786106
2022-02-21,31.5,-25.0,0.40114313
2022-02-22,31.5,-25.0,2.1938949
2022-02-23,31.5,-25.0,0.09271272
2022-02-24,31.5,-25.0,0.0
2022-02-25,31.5,-25.0,0.0
2022-02-26,31.5,-25.0,0.08261529
2022-02-27,31.5,-25.0,0.005507686
2022-02-28,31.5,-25.0,0.18358956
2022-03-01,31.5,-25.0,0.19578144
2022-03-02,31.5,-25.0,0.057785712
2022-03-03,31.5,-25.0,8.3266734e-14
2022-03-04,31.5,-25.0,0.00258742
2022-03-05,31.5,-25.0,0.39846265
2022-03-06,31.5,-25.0,2.8513367
2022-03-07,31.5,-25.0,0.22251812
2022-03-08,31.5,-25.0,0.03363646
2022-03-09,31.5,-25.0,0.8874849
2022-03-10,31.5,-25.0,0.05088592
2022-03-11,31.5,-25.0,1.4463676
2022-03-12,31.5,-25.0,0.21906823
2022-03-13,31.5,-25.0,0.00258742
2022-03-14,31.5,-25.0,0.3838006
2022-03-15,31.5,-25.0,2.8004506
2022-03-16,31.5,-25.0,3.7914326
2022-03-17,31.5,-25.0,2.567583
2022-03-18,31.5,-25.0,0.25270468
2022-03-19,31.5,-25.0,0.003449893
2022-03-20,31.5,-25.0,8.3266734e-14
2022-03-21,31.5,-25.0,0.13627078
2022-03-22,31.5,-25.0,0.23545521
2022-03-23,31.5,-25.0,0.0017249465
2022-03-24,31.5,-25.0,8.3266734e-14
2022-03-25,31.5,-25.0,17.340889
2022-03-26,31.5,-25.0,7.482818
2022-03-27,31.5,-25.0,2.2217312
2022-03-28,31.5,-25.0,2.3329902
2022-03-29,31.5,-25.0,0.20181875
2022-03-30,31.5,-25.0,8.3266734e-14
2022-03-31,31.5,-25.0,7.979728e-14
2022-04-01,31.5,-25.0,0.008261297
2022-04-02,31.5,-25.0,0.033045188
2022-04-03,31.5,-25.0,0.0
2022-04-04,31.5,-25.0,0.15578446
2022-04-05,31.5,-25.0,0.0
2022-04-06,31.5,-25.0,0.0
2022-04-07,31.5,-25.0,0.64438117
2022-04-08,31.5,-25.0,0.12391946
2022-04-09,31.5,-25.0,5.577555
2022-04-10,31.5,-25.0,5.9859
2022-04-11,31.5,-25.0,2.8584087
2022-04-12,31.5,-25.0,0.007081111
2022-04-13,31.5,-25.0,0.008261296
2022-04-14,31.5,-25.0,0.0
2022-04-15,31.5,-25.0,9.612609
2022-04-16,31.5,-25.0,17.43842
2022-04-17,31.5,-25.0,28.4047
2022-04-18,31.5,-25.0,7.920223
2022-04-19,31.5,-25.0,0.4107045
2022-04-20,31.5,-25.0,2.561002
2022-04-21,31.5,-25.0,0.0
2022-04-22,31.5,-25.0,0.010621668
2022-04-23,31.5,-25.0,0.038946114
2022-04-24,31.5,-25.0,0.0
2022-04-25,31.5,-25.0,10.832922
2022-04-26,31.5,-25.0,1.2521765
2022-04-27,31.5,-25.0,0.0
2022-04-28,31.5,-25.0,0.0
2022-04-29,31.5,-25.0,0.0
2022-04-30,31.5,-25.0,0.0
2022-05-01,31.5,-25.0,0.0
2022-05-02,31.5,-25.0,0.0
2022-05-03,31.5,-25.0,0.0
2022-05-04,31.5,-25.0,0.74512964
2022-05-05,31.5,-25.0,0.03230632
2022-05-06,31.5,-25.0,0.0
2022-05-07,31.5,-25.0,0.0
2022-05-08,31.5,-25.0,1.8550082
2022-05-09,31.5,-25.0,0.19904864
2022-05-10,31.5,-25.0,0.0
2022-05-11,31.5,-25.0,0.0
2022-05-12,31.5,-25.0,0.0031264185
2022-05-13,31.5,-25.0,0.0
2022-05-14,31.5,-25.0,0.0062528374
2022-05-15,31.5,-25.0,17.342243
2022-05-16,31.5,-25.0,2.1801558
2022-05-17,31.5,-25.0,1.9321265
2022-05-18,31.5,-25.0,0.099003255
2022-05-19,31.5,-25.0,0.008337116
2022-05-20,31.5,-25.0,0.062528364
2022-05-21,31.5,-25.0,11.394753
2022-05-22,31.5,-25.0,26.752762
2022-05-23,31.5,-25.0,15.499741
2022-05-24,31.5,-25.0,0.0
2022-05-25,31.5,-25.0,0.0
2022-05-26,31.5,-25.0,0.0
2022-05-27,31.5,-25.0,0.35328528
2022-05-28,31.5,-25.0,0.0031264185
2022-05-29,31.5,-25.0,0.0
2022-05-30,31.5,-25.0,0.22718638
2022-05-31,31.5,-25.0,0.009379256
2022-06-01,31.5,-25.0,-8.3266734e-14
2022-06-02,31.5,-25.0,-8.3266734e-14
2022-06-03,31.5,-25.0,-8.3266734e-14
2022-06-04,31.5,-25.0,-8.3266734e-14
2022-06-05,31.5,-25.0,0.036087696
2022-06-06,31.5,-25.0,0.72789645
2022-06-07,31.5,-25.0,-8.3266734e-14
2022-06-08,31.5,-25.0,-8.3266734e-14
2022-06-09,31.5,-25.0,-8.3266734e-14
2022-06-10,31.5,-25.0,0.39926815
2022-06-11,31.5,-25.0,0.026873818
2022-06-12,31.5,-25.0,-8.3266734e-14
2022-06-13,31.5,-25.0,-8.3266734e-14
2022-06-14,31.5,-25.0,-8.3266734e-14
2022-06-15,31.5,-25.0,0.28793374
2022-06-16,31.5,-25.0,-8.3266734e-14
2022-06-17,31.5,-25.0,-8.3266734e-14
2022-06-18,31.5,-25.0,-8.3266734e-14
2022-06-19,31.5,-25.0,0.026105992
2022-06-20,31.5,-25.0,0.15510032
2022-06-21,31.5,-25.0,0.1289943
2022-06-22,31.5,-25.0,3.4966671
2022-06-23,31.5,-25.0,0.2856303
2022-06-24,31.5,-25.0,3.0021892
2022-06-25,31.5,-25.0,0.9290662
2022-06-26,31.5,-25.0,0.04990851
2022-06-27,31.5,-25.0,1.1371462
2022-06-28,31.5,-25.0,2.6052246
2022-06-29,31.5,-25.0,0.10058485
2022-06-30,31.5,-25.0,-7.979728e-14
2022-07-01,31.5,-25.0,0.0021160035
2022-07-02,31.5,-25.0,0.0
2022-07-03,31.5,-25.0,0.0
2022-07-04,31.5,-25.0,0.0
2022-07-05,31.5,-25.0,0.0
2022-07-06,31.5,-25.0,0.016928028
2022-07-07,31.5,-25.0,0.049726084
2022-07-08,31.5,-25.0,0.0
2022-07-09,31.5,-25.0,0.0
2022-07-10,31.5,-25.0,0.0
2022-07-11,31.5,-25.0,0.0
2022-07-12,31.5,-25.0,1.2664281
2022-07-13,31.5,-25.0,0.24439839
2022-07-14,31.5,-25.0,0.0
2022-07-15,31.5,-25.0,0.14706226
2022-07-16,31.5,-25.0,0.116380185
2022-07-17,31.5,-25.0,0.014812026
2022-07-18,31.5,-25.0,0.0
2022-07-19,31.5,-25.0,0.0
2022-07-20,31.5,-25.0,1.2283399
2022-07-21,31.5,-25.0,0.6104671
2022-07-22,31.5,-25.0,4.8414164
2022-07-23,31.5,-25.0,0.014812026
2022-07-24,31.5,-25.0,0.0
2022-07-25,31.5,-25.0,0.0
2022-07-26,31.5,-25.0,0.0
2022-07-27,31.5,-25.0,0.0
2022-07-28,31.5,-25.0,0.0
2022-07-29,31.5,-25.0,0.0
2022-07-30,31.5,-25.0,0.0
2022-07-31,31.5,-25.0,0.09302528
2022-08-01,31.5,-25.0,0.5013129
2022-08-02,31.5,-25.0,0.339757
2022-08-03,31.5,-25.0,-1.6653347e-13
2022-08-04,31.5,-25.0,-1.6653347e-13
2022-08-05,31.5,-25.0,-1.6653347e-13
2022-08-06,31.5,-25.0,-1.6653347e-13
2022-08-07,31.5,-25.0,-1.6653347e-13
2022-08-08,31.5,-25.0,0.017624281
2022-08-09,31.5,-25.0,0.32311183
2022-08-10,31.5,-25.0,-1.6653347e-13
2022-08-11,31.5,-25.0,-1.6653347e-13
2022-08-12,31.5,-25.0,-1.6653347e-13
2022-08-13,31.5,-25.0,-1.6653347e-13
2022-08-14,31.5,-25.0,-1.6653347e-13
2022-08-15,31.5,-25.0,-1.6653347e-13
2022-08-16,31.5,-25.0,-1.6653347e-13
2022-08-17,31.5,-25.0,-1.6653347e-13
2022-08-18,31.5,-25.0,0.0009791267
2022-08-19,31.5,-25.0,1.9308379
2022-08-20,31.5,-25.0,0.0019582533
2022-08-21,31.5,-25.0,-1.6653347e-13
2022-08-22,31.5,-25.0,-1.6653347e-13
2022-08-23,31.5,-25.0,0.18799232
2022-08-24,31.5,-25.0,-1.6653347e-13
2022-08-25,31.5,-25.0,-1.6653347e-13
2022-08-26,31.5,-25.0,-1.6653347e-13
2022-08-27,31.5,-25.0,-1.6653347e-13
2022-08-28,31.5,-25.0,0.0039165067
2022-08-29,31.5,-25.0,0.037206817
2022-08-30,31.5,-25.0,0.050914593
2022-08-31,31.5,-25.0,-1.5265568e-13
2022-09-01,31.5,-25.0,1.6653347e-13
2022-09-02,31.5,-25.0,1.6653347e-13
2022-09-03,31.5,-25.0,1.6653347e-13
2022-09-04,31.5,-25.0,1.6653347e-13
2022-09-05,31.5,-25.0,1.6653347e-13
2022-09-06,31.5,-25.0,0.11116149
2022-09-07,31.5,-25.0,0.3387156
2022-09-08,31.5,-25.0,1.6653347e-13
2022-09-09,31.5,-25.0,1.6653347e-13
2022-09-10,31.5,-25.0,1.6653347e-13
2022-09-11,31.5,-25.0,1.6653347e-13
2022-09-12,31.5,-25.0,0.32433003
2022-09-13,31.5,-25.0,0.9180631
2022-09-14,31.5,-25.0,0.5871942
2022-09-15,31.5,-25.0,1.6653347e-13
2022-09-16,31.5,-25.0,1.6653347e-13
2022-09-17,31.5,-25.0,1.6653347e-13
2022-09-18,31.5,-25.0,1.6653347e-13
2022-09-19,31.5,-25.0,0.02092452
2022-09-20,31.5,-25.0,6.183194
2022-09-21,31.5,-25.0,10.853285
2022-09-22,31.5,-25.0,0.2197074
2022-09-23,31.5,-25.0,0.014385605
2022-09-24,31.5,-25.0,0.06146577
2022-09-25,31.5,-25.0,1.6653347e-13
2022-09-26,31.5,-25.0,1.6653347e-13
2022-09-27,31.5,-25.0,0.34263897
2022-09-28,31.5,-25.0,0.40279692
2022-09-29,31.5,-25.0,0.07846694
2022-09-30,31.5,-25.0,1.5959456e-13
2022-10-01,31.5,-25.0,0.0018525436
2022-10-02,31.5,-25.0,0.3056697
2022-10-03,31.5,-25.0,0.0
2022-10-04,31.5,-25.0,0.05279749
2022-10-05,31.5,-25.0,0.0055576307
2022-10-06,31.5,-25.0,0.0
2022-10-07,31.5,-25.0,0.0027788153
2022-10-08,31.5,-25.0,0.014820348
2022-10-09,31.5,-25.0,0.0
2022-10-10,31.5,-25.0,0.1148577
2022-10-11,31.5,-25.0,0.12319415
2022-10-12,31.5,-25.0,0.0
2022-10-13,31.5,-25.0,0.0
2022-10-14,31.5,-25.0,0.009262718
2022-10-15,31.5,-25.0,0.3177112
2022-10-16,31.5,-25.0,0.01574662
2022-10-17,31.5,-25.0,0.04538732
2022-10-18,31.5,-25.0,0.011115261
2022-10-19,31.5,-25.0,0.08799582
2022-10-20,31.5,-25.0,0.007410174
2022-10-21,31.5,-25.0,0.80863523
2022-10-22,31.5,-25.0,2.0868905
2022-10-23,31.5,-25.0,0.73268104
2022-10-24,31.5,-25.0,9.631374
2022-10-25,31.5,-25.0,0.23712556
2022-10-26,31.5,-25.0,0.15376112
2022-10-27,31.5,-25.0,0.011115261
2022-10-28,31.5,-25.0,1.871069
2022-10-29,31.5,-25.0,0.116710246
2022-10-30,31.5,-25.0,0.09355345
2022-10-31,31.5,-25.0,7.960234
2022-11-01,31.5,-25.0,7.743779
2022-11-02,31.5,-25.0,0.9417538
2022-11-03,31.5,-25.0,0.012712089
2022-11-04,31.5,-25.0,0.09851868
2022-11-05,31.5,-25.0,5.7776437
2022-11-06,31.5,-25.0,0.6514945
2022-11-07,31.5,-25.0,0.043432966
2022-11-08,31.5,-25.0,0.66738456
2022-11-09,31.5,-25.0,0.025424175
2022-11-10,31.5,-25.0,3.8083296
2022-11-11,31.5,-25.0,0.33792967
2022-11-12,31.5,-25.0,2.734158
2022-11-13,31.5,-25.0,8.529811
2022-11-14,31.5,-25.0,0.03601758
2022-11-15,31.5,-25.0,0.0
2022-11-16,31.5,-25.0,0.0
2022-11-17,31.5,-25.0,0.0
2022-11-18,31.5,-25.0,0.0
2022-11-19,31.5,-25.0,2.5074592
2022-11-20,31.5,-25.0,0.0338989
2022-11-21,31.5,-25.0,0.0021186816
2022-11-22,31.5,-25.0,0.0
2022-11-23,31.5,-25.0,0.0
2022-11-24,31.5,-25.0,0.050848357
2022-11-25,31.5,-25.0,6.2140923
2022-11-26,31.5,-25.0,5.7140837
2022-11-27,31.5,-25.0,7.933402
2022-11-28,31.5,-25.0,0.019068131
2022-11-29,31.5,-25.0,0.0063560447
2022-11-30,31.5,-25.0,0.11970549
2022-12-01,31.5,-25.0,0.0
2022-12-02,31.5,-25.0,0.0
2022-12-03,31.5,-25.0,1.3354903
2022-12-04,31.5,-25.0,0.084402986
2022-12-05,31.5,-25.0,2.3387108
2022-12-06,31.5,-25.0,4.116516
2022-12-07,31.5,-25.0,4.6592593
2022-12-08,31.5,-25.0,0.44231445
2022-12-09,31.5,-25.0,2.6293135
2022-12-10,31.5,-25.0,0.090813346
2022-12-11,31.5,-25.0,0.6228727
2022-12-12,31.5,-25.0,5.9423985
2022-12-13,31.5,-25.0,4.2992105
2022-12-14,31.5,-25.0,7.2234006
2022-12-15,31.5,-25.0,21.660587
2022-12-16,31.5,-25.0,1.5897679
2022-12-17,31.5,-25.0,55.79252
2022-12-18,31.5,-25.0,7.590927
2022-12-19,31.5,-25.0,0.010683922
2022-12-20,31.5,-25.0,8.088798
2022-12-21,31.5,-25.0,0.8418931
2022-12-22,31.5,-25.0,0.005341962
2022-12-23,31.5,-25.0,0.0
2022-12-24,31.5,-25.0,0.0
2022-12-25,31.5,-25.0,0.64851415
2022-12-26,31.5,-25.0,2.8109403
2022-12-27,31.5,-25.0,0.6752239
2022-12-28,31.5,-25.0,0.4006471
2022-12-29,31.5,-25.0,4.9712296
2022-12-30,31.5,-25.0,19.7706
2022-12-31,31.5,-25.0,20.325838
2023-01-01,31.5,-25.0,2.3979795
2023-01-02,31.5,-25.0,0.09262901
2023-01-03,31.5,-25.0,0.010374447
2023-01-04,31.5,-25.0,0.07262114
2023-01-05,31.5,-25.0,20.914886
2023-01-06,31.5,-25.0,37.21537
2023-01-07,31.5,-25.0,0.0037051602
2023-01-08,31.5,-25.0,0.0
2023-01-09,31.5,-25.0,0.0
2023-01-10,31.5,-25.0,0.004446192
2023-01-11,31.5,-25.0,0.07854939
2023-01-12,31.5,-25.0,0.035569534
2023-01-13,31.5,-25.0,0.858856
2023-01-14,31.5,-25.0,0.17710666
2023-01-15,31.5,-25.0,0.21415825
2023-01-16,31.5,-25.0,1.0685682
2023-01-17,31.5,-25.0,0.08744178
2023-01-18,31.5,-25.0,1.0974684
2023-01-19,31.5,-25.0,0.09411107
2023-01-20,31.5,-25.0,0.19711451
2023-01-21,31.5,-25.0,0.10300344
2023-01-22,31.5,-25.0,0.14450124
2023-01-23,31.5,-25.0,0.5765229
2023-01-24,31.5,-25.0,0.001482064
2023-01-25,31.5,-25.0,2.0897102
2023-01-26,31.5,-25.0,0.40386245
2023-01-27,31.5,-25.0,0.0051872237
2023-01-28,31.5,-25.0,0.0
2023-01-29,31.5,-25.0,1.6421268
2023-01-30,31.5,-25.0,1.2145514
2023-01-31,31.5,-25.0,2.2199473
2023-02-01,31.5,-25.0,4.8003163
2023-02-02,31.5,-25.0,2.4926171
2023-02-03,31.5,-25.0,3.4615488
2023-02-04,31.5,-25.0,0.543432
2023-02-05,31.5,-25.0,0.24812955
2023-02-06,31.5,-25.0,0.5094675
2023-02-07,31.5,-25.0,24.203482
2023-02-08,31.5,-25.0,62.09088
2023-02-09,31.5,-25.0,52.20533
2023-02-10,31.5,-25.0,12.992366
2023-02-11,31.5,-25.0,4.667289
2023-02-12,31.5,-25.0,11.107335
2023-02-13,31.5,-25.0,4.6587977
2023-02-14,31.5,-25.0,7.4712477
2023-02-15,31.5,-25.0,5.606973
2023-02-16,31.5,-25.0,6.7721443
2023-02-17,31.5,-25.0,4.62672
2023-02-18,31.5,-25.0,3.2870092
2023-02-19,31.5,-25.0,3.7974205
2023-02-20,31.5,-25.0,0.49814606
2023-02-21,31.5,-25.0,1.5359502
2023-02-22,31.5,-25.0,0.6575905
2023-02-23,31.5,-25.0,0.29907632
2023-02-24,31.5,-25.0,0.0018869168
2023-02-25,31.5,-25.0,4.4333115
2023-02-26,31.5,-25.0,13.45183
2023-02-27,31.5,-25.0,1.9982448
2023-02-28,31.5,-25.0,19.16427
2023-03-01,31.5,-25.0,2.332161
2023-03-02,31.5,-25.0,0.008542715
2023-03-03,31.5,-25.0,0.0021356787
2023-03-04,31.5,-25.0,0.019221108
2023-03-05,31.5,-25.0,0.19861808
2023-03-06,31.5,-25.0,1.807852
2023-03-07,31.5,-25.0,0.6396358
2023-03-08,31.5,-25.0,0.21250002
2023-03-09,31.5,-25.0,0.020288948
2023-03-10,31.5,-25.0,1.2461684
2023-03-11,31.5,-25.0,0.026695985
2023-03-12,31.5,-25.0,1.3978016
2023-03-13,31.5,-25.0,2.838317
2023-03-14,31.5,-25.0,2.3076005
2023-03-15,31.5,-25.0,2.4816587
2023-03-16,31.5,-25.0,0.8147614
2023-03-17,31.5,-25.0,0.511495
2023-03-18,31.5,-25.0,0.0
2023-03-19,31.5,-25.0,0.0
2023-03-20,31.5,-25.0,0.022424623
2023-03-21,31.5,-25.0,0.4217965
2023-03-22,31.5,-25.0,0.22211057
2023-03-23,31.5,-25.0,1.255779
2023-03-24,31.5,-25.0,4.4753146
2023-03-25,31.5,-25.0,0.09183419
2023-03-26,31.5,-25.0,2.305465
2023-03-27,31.5,-25.0,1.7512565
2023-03-28,31.5,-25.0,0.0
2023-03-29,31.5,-25.0,0.0010678393
2023-03-30,31.5,-25.0,0.6930277
2023-03-31,31.5,-25.0,0.7197237
2023-04-01,31.5,-25.0,0.29889327
2023-04-02,31.5,-25.0,2.1890535
2023-04-03,31.5,-25.0,0.036512528
2023-04-04,31.5,-25.0,1.4740872
2023-04-05,31.5,-25.0,0.0076421574
2023-04-06,31.5,-25.0,8.3266734e-14
2023-04-07,31.5,-25.0,8.3266734e-14
2023-04-08,31.5,-25.0,8.3266734e-14
2023-04-09,31.5,-25.0,0.0016982572
2023-04-10,31.5,-25.0,1.2719946
2023-04-11,31.5,-25.0,0.97479963
2023-04-12,31.5,-25.0,0.67590636
2023-04-13,31.5,-25.0,8.3266734e-14
2023-04-14,31.5,-25.0,1.4222903
2023-04-15,31.5,-25.0,0.4992876
2023-04-16,31.5,-25.0,0.022077344
2023-04-17,31.5,-25.0,8.3266734e-14
2023-04-18,31.5,-25.0,8.3266734e-14
2023-04-19,31.5,-25.0,8.3266734e-14
2023-04-20,31.5,-25.0,8.3266734e-14
2023-04-21,31.5,-25.0,0.0008491286
2023-04-22,31.5,-25.0,0.004245643
2023-04-23,31.5,-25.0,0.0008491286
2023-04-24,31.5,-25.0,8.3266734e-14
2023-04-25,31.5,-25.0,0.0008491286
2023-04-26,31.5,-25.0,0.45258552
2023-04-27,31.5,-25.0,8.3266734e-14
2023-04-28,31.5,-25.0,8.3266734e-14
2023-04-29,31.5,-25.0,0.011038672
2023-04-30,31.5,-25.0,0.40592784
2023-05-01,31.5,-25.0,0.1286681
2023-05-02,31.5,-25.0,-8.3266734e-14
2023-05-03,31.5,-25.0,0.7192904
2023-05-04,31.5,-25.0,0.001787057
2023-05-05,31.5,-25.0,-8.3266734e-14
2023-05-06,31.5,-25.0,-8.3266734e-14
2023-05-07,31.5,-25.0,1.1410358
2023-05-08,31.5,-25.0,1.6682177
2023-05-09,31.5,-25.0,1.7620382
2023-05-10,31.5,-25.0,0.80238867
2023-05-11,31.5,-25.0,0.116158694
2023-05-12,31.5,-25.0,0.0116158705
2023-05-13,31.5,-25.0,0.9936037
2023-05-14,31.5,-25.0,0.7407351
2023-05-15,31.5,-25.0,5.3227496
2023-05-16,31.5,-25.0,-8.3266734e-14
2023-05-17,31.5,-25.0,-8.3266734e-14
2023-05-18,31.5,-25.0,0.45212543
2023-05-19,31.5,-25.0,0.25912327
2023-05-20,31.5,-25.0,0.016083514
2023-05-21,31.5,-25.0,-8.3266734e-14
2023-05-22,31.5,-25.0,0.022338212
2023-05-23,31.5,-25.0,0.25822973
2023-05-24,31.5,-25.0,-8.3266734e-14
2023-05-25,31.5,-25.0,-8.3266734e-14
2023-05-26,31.5,-25.0,0.344902
2023-05-27,31.5,-25.0,0.10543636
2023-05-28,31.5,-25.0,-8.3266734e-14
2023-05-29,31.5,-25.0,-8.3266734e-14
2023-05-30,31.5,-25.0,0.071482286
2023-05-31,31.5,-25.0,0.58704823
2023-06-01,31.5,-25.0,0.39307296
2023-06-02,31.5,-25.0,0.012179727
2023-06-03,31.5,-25.0,0.0
2023-06-04,31.5,-25.0,0.0
2023-06-05,31.5,-25.0,0.0155014675
2023-06-06,31.5,-25.0,0.0
2023-06-07,31.5,-25.0,0.0
2023-06-08,31.5,-25.0,0.0
2023-06-09,31.5,-25.0,0.0
2023-06-10,31.5,-25.0,0.008857982
2023-06-11,31.5,-25.0,0.0011072478
2023-06-12,31.5,-25.0,0.0
2023-06-13,31.5,-25.0,0.0
2023-06-14,31.5,-25.0,0.0
2023-06-15,31.5,-25.0,0.0
2023-06-16,31.5,-25.0,0.0
2023-06-17,31.5,-25.0,0.0
2023-06-18,31.5,-25.0,0.0
2023-06-19,31.5,-25.0,0.0
2023-06-20,31.5,-25.0,0.012179727
2023-06-21,31.5,-25.0,0.0033217433
2023-06-22,31.5,-25.0,0.049826153
2023-06-23,31.5,-25.0,0.0155014675
2023-06-24,31.5,-25.0,0.0
2023-06-25,31.5,-25.0,0.0
2023-06-26,31.5,-25.0,0.0
2023-06-27,31.5,-25.0,0.0
2023-06-28,31.5,-25.0,0.018823212
2023-06-29,31.5,-25.0,0.00996523
2023-06-30,31.5,-25.0,0.0
2023-07-01,31.5,-25.0,0.0
2023-07-02,31.5,-25.0,0.0
2023-07-03,31.5,-25.0,0.0
2023-07-04,31.5,-25.0,0.0
2023-07-05,31.5,-25.0,0.08280431
2023-07-06,31.5,-25.0,0.0052853804
2023-07-07,31.5,-25.0,0.0
2023-07-08,31.5,-25.0,0.0
2023-07-09,31.5,-25.0,3.320981
2023-07-10,31.5,-25.0,11.645457
2023-07-11,31.5,-25.0,0.18851194
2023-07-12,31.5,-25.0,0.09073238
2023-07-13,31.5,-25.0,0.0017617936
2023-07-14,31.5,-25.0,0.056377396
2023-07-15,31.5,-25.0,0.0
2023-07-16,31.5,-25.0,0.0
2023-07-17,31.5,-25.0,0.0
2023-07-18,31.5,-25.0,0.0
2023-07-19,31.5,-25.0,0.04668753
2023-07-20,31.5,-25.0,0.051092014
2023-07-21,31.5,-25.0,9.164851
2023-07-22,31.5,-25.0,1.2975609
2023-07-23,31.5,-25.0,0.0
2023-07-24,31.5,-25.0,0.034354977
2023-07-25,31.5,-25.0,0.008808969
2023-07-26,31.5,-25.0,0.0044044843
2023-07-27,31.5,-25.0,0.0
2023-07-28,31.5,-25.0,0.0
2023-07-29,31.5,-25.0,0.0
2023-07-30,31.5,-25.0,0.0
2023-07-31,31.5,-25.0,0.0
2023-08-01,31.5,-25.0,2.2514925
2023-08-02,31.5,-25.0,0.01753109
2023-08-03,31.5,-25.0,0.25044408
2023-08-04,31.5,-25.0,0.0
2023-08-05,31.5,-25.0,0.07638545
2023-08-06,31.5,-25.0,0.002504441
2023-08-07,31.5,-25.0,0.0
2023-08-08,31.5,-25.0,0.0
2023-08-09,31.5,-25.0,0.6286148
2023-08-10,31.5,-25.0,1.8395119
2023-08-11,31.5,-25.0,0.118960954
2023-08-12,31.5,-25.0,0.0
2023-08-13,31.5,-25.0,0.0
2023-08-14,31.5,-25.0,0.0
2023-08-15,31.5,-25.0,0.30679402
2023-08-16,31.5,-25.0,0.06386325
2023-08-17,31.5,-25.0,0.0
2023-08-18,31.5,-25.0,0.021287749
2023-08-19,31.5,-25.0,0.020035528
2023-08-20,31.5,-25.0,0.0
2023-08-21,31.5,-25.0,0.0
2023-08-22,31.5,-25.0,0.0
2023-08-23,31.5,-25.0,0.0
2023-08-24,31.5,-25.0,0.35688284
2023-08-25,31.5,-25.0,0.0
2023-08-26,31.5,-25.0,0.010017764
2023-08-27,31.5,-25.0,0.002504441
2023-08-28,31.5,-25.0,0.016278867
2023-08-29,31.5,-25.0,0.023792189
2023-08-30,31.5,-25.0,0.0012522205
2023-08-31,31.5,-25.0,0.0
2023-09-01,31.5,-25.0,0.0
2023-09-02,31.5,-25.0,0.0010048267
2023-09-03,31.5,-25.0,0.0
2023-09-04,31.5,-25.0,0.0
2023-09-05,31.5,-25.0,0.0
2023-09-06,31.5,-25.0,0.2039798
2023-09-07,31.5,-25.0,0.0
2023-09-08,31.5,-25.0,0.0
2023-09-09,31.5,-25.0,0.0
2023-09-10,31.5,-25.0,0.0
2023-09-11,31.5,-25.0,0.17986396
2023-09-12,31.5,-25.0,0.2672839
2023-09-13,31.5,-25.0,0.17283016
2023-09-14,31.5,-25.0,0.0
2023-09-15,31.5,-25.0,0.0
2023-09-16,31.5,-25.0,0.041197892
2023-09-17,31.5,-25.0,1.0580825
2023-09-18,31.5,-25.0,0.013062746
2023-09-19,31.5,-25.0,0.0
2023-09-20,31.5,-25.0,0.94554186
2023-09-21,31.5,-25.0,0.0
2023-09-22,31.5,-25.0,0.0
2023-09-23,31.5,-25.0,0.0
2023-09-24,31.5,-25.0,0.019091707
2023-09-25,31.5,-25.0,0.024115842
2023-09-26,31.5,-25.0,20.593924
2023-09-27,31.5,-25.0,41.38479
2023-09-28,31.5,-25.0,12.967289
2023-09-29,31.5,-25.0,0.0
2023-09-30,31.5,-25.0,0.0049691247
2023-10-01,31.5,-25.0,0.19677734
2023-10-02,31.5,-25.0,0.41044968
2023-10-03,31.5,-25.0,0.0
2023-10-04,31.5,-25.0,0.0
2023-10-05,31.5,-25.0,0.0
2023-10-06,31.5,-25.0,0.0
2023-10-07,31.5,-25.0,0.0
2023-10-08,31.5,-25.0,0.36572757
2023-10-09,31.5,-25.0,0.08546894
2023-10-10,31.5,-25.0,0.9351892
2023-10-11,31.5,-25.0,0.015901197
2023-10-12,31.5,-25.0,0.0
2023-10-13,31.5,-25.0,0.16795641
2023-10-14,31.5,-25.0,0.50386924
2023-10-15,31.5,-25.0,2.3513896
2023-10-16,31.5,-25.0,13.439493
2023-10-17,31.5,-25.0,0.1957835
2023-10-18,31.5,-25.0,0.4601409
2023-10-19,31.5,-25.0,0.5197704
2023-10-20,31.5,-25.0,0.3468449
2023-10-21,31.5,-25.0,0.0
2023-10-22,31.5,-25.0,0.18087614
2023-10-23,31.5,-25.0,0.0
2023-10-24,31.5,-25.0,0.050685067
2023-10-25,31.5,-25.0,0.0
2023-10-26,31.5,-25.0,0.0
2023-10-27,31.5,-25.0,0.0
2023-10-28,31.5,-25.0,1.3038982
2023-10-29,31.5,-25.0,2.5720189
2023-10-30,31.5,-25.0,5.1022973
2023-10-31,31.5,-25.0,12.030251
2023-11-01,31.5,-25.0,0.061417274
2023-11-02,31.5,-25.0,0.0
2023-11-03,31.5,-25.0,0.06336703
2023-11-04,31.5,-25.0,0.012673407
2023-11-05,31.5,-25.0,0.0
2023-11-06,31.5,-25.0,0.0
2023-11-07,31.5,-25.0,13.077005
2023-11-08,31.5,-25.0,1.0489681
2023-11-09,31.5,-25.0,0.85886705
2023-11-10,31.5,-25.0,2.38455
2023-11-11,31.5,-25.0,0.0
2023-11-12,31.5,-25.0,0.5001121
2023-11-13,31.5,-25.0,1.8405687
2023-11-14,31.5,-25.0,2.459616
2023-11-15,31.5,-25.0,0.030221201
2023-11-16,31.5,-25.0,0.011698529
2023-11-17,31.5,-25.0,0.0
2023-11-18,31.5,-25.0,0.0
2023-11-19,31.5,-25.0,0.0
2023-11-20,31.5,-25.0,0.32950857
2023-11-21,31.5,-25.0,0.11893505
2023-11-22,31.5,-25.0,0.027296567
2023-11-23,31.5,-25.0,0.0
2023-11-24,31.5,-25.0,0.0
2023-11-25,31.5,-25.0,0.0
2023-11-26,31.5,-25.0,0.013648284
2023-11-27,31.5,-25.0,0.13940749
2023-11-28,31.5,-25.0,0.0
2023-11-29,31.5,-25.0,10.1738205
2023-11-30,31.5,-25.0,0.12673408
2023-12-01,31.5,-25.0,0.0
2023-12-02,31.5,-25.0,0.0
2023-12-03,31.5,-25.0,0.0
2023-12-04,31.5,-25.0,0.0
2023-12-05,31.5,-25.0,0.08504093
2023-12-06,31.5,-25.0,0.63837385
2023-12-07,31.5,-25.0,2.4174297
2023-12-08,31.5,-25.0,0.5238521
2023-12-09,31.5,-25.0,2.179315
2023-12-10,31.5,-25.0,26.617807
2023-12-11,31.5,-25.0,29.193981
2023-12-12,31.5,-25.0,3.7542734
2023-12-13,31.5,-25.0,3.3381395
2023-12-14,31.5,-25.0,0.0
2023-12-15,31.5,-25.0,2.932211
2023-12-16,31.5,-25.0,15.01369
2023-12-17,31.5,-25.0,0.11225401
2023-12-18,31.5,-25.0,0.040819637
2023-12-19,31.5,-25.0,2.9945745
2023-12-20,31.5,-25.0,0.07370213
2023-12-21,31.5,-25.0,0.024945337
2023-12-22,31.5,-25.0,0.75743103
2023-12-23,31.5,-25.0,0.038551882
2023-12-24,31.5,-25.0,0.7166115
2023-12-25,31.5,-25.0,13.027136
2023-12-26,31.5,-25.0,25.497534
2023-12-27,31.5,-25.0,12.079212
2023-12-28,31.5,-25.0,2.360736
2023-12-29,31.5,-25.0,1.2438653
2023-12-30,31.5,-25.0,0.01133879
2023-12-31,31.5,-25.0,0.12305051
2024-01-01,31.5,-25.0,5.321026
2024-01-02,31.5,-25.0,1.2340546
2024-01-03,31.5,-25.0,0.7972717
2024-01-04,31.5,-25.0,1.563549
2024-01-05,31.5,-25.0,0.041961674
2024-01-06,31.5,-25.0,0.016212463
2024-01-07,31.5,-25.0,0.10585785
2024-01-08,31.5,-25.0,0.11444092
2024-01-09,31.5,-25.0,0.0
2024-01-10,31.5,-25.0,0.04434586
2024-01-11,31.5,-25.0,2.3694038
2024-01-12,31.5,-25.0,3.4494402
2024-01-13,31.5,-25.0,2.1557808
2024-01-14,31.5,-25.0,1.9345286
2024-01-15,31.5,-25.0,0.9274483
2024-01-16,31.5,-25.0,1.4681815
2024-01-17,31.5,-25.0,16.869545
2024-01-18,31.5,-25.0,2.3155212
2024-01-19,31.5,-25.0,0.0028610232
2024-01-20,31.5,-25.0,0.0052452087
2024-01-21,31.5,-25.0,0.0
2024-01-22,31.5,-25.0,0.019073486
2024-01-23,31.5,-25.0,0.62942505
2024-01-24,31.5,-25.0,0.04816055
2024-01-25,31.5,-25.0,0.0023841858
2024-01-26,31.5,-25.0,0.0014305116
2024-01-27,31.5,-25.0,0.14352798
2024-01-28,31.5,-25.0,0.044345852
2024-01-29,31.5,-25.0,0.007629394
2024-01-30,31.5,-25.0,1.2207031
2024-01-31,31.5,-25.0,3.5204883
2024-02-01,31.5,-25.0,2.0270348
2024-02-02,31.5,-25.0,0.48732758
2024-02-03,31.5,-25.0,0.00047683716
2024-02-04,31.5,-25.0,0.2183914
2024-02-05,31.5,-25.0,3.0264852
2024-02-06,31.5,-25.0,0.69236755
2024-02-07,31.5,-25.0,0.014781953
2024-02-08,31.5,-25.0,1.177311
2024-02-09,31.5,-25.0,0.5021095
2024-02-10,31.5,-25.0,3.223896
2024-02-11,31.5,-25.0,0.24032593
2024-02-12,31.5,-25.0,0.3838539
2024-02-13,31.5,-25.0,0.00047683716
2024-02-14,31.5,-25.0,0.0
2024-02-15,31.5,-25.0,0.023841858
2024-02-16,31.5,-25.0,0.0
2024-02-17,31.5,-25.0,0.8459091
2024-02-18,31.5,-25.0,0.5893707
2024-02-19,31.5,-25.0,0.6246567
2024-02-20,31.5,-25.0,1.1897087
2024-02-21,31.5,-25.0,0.0
2024-02-22,31.5,-25.0,0.06866456
2024-02-23,31.5,-25.0,0.008583069
2024-02-24,31.5,-25.0,0.0
2024-02-25,31.5,-25.0,0.459671
2024-02-26,31.5,-25.0,0.9379387
2024-02-27,31.5,-25.0,0.34475324
2024-02-28,31.5,-25.0,0.046253208
2024-02-29,31.5,-25.0,0.1707077
2024-03-01,31.5,-25.0,0.0014305116
2024-03-02,31.5,-25.0,0.0076293945
2024-03-03,31.5,-25.0,0.37765503
2024-03-04,31.5,-25.0,0.02145767
2024-03-05,31.5,-25.0,0.0
2024-03-06,31.5,-25.0,0.0076293945
2024-03-07,31.5,-25.0,0.24366376
2024-03-08,31.5,-25.0,5.2018166
2024-03-09,31.5,-25.0,0.08773804
2024-03-10,31.5,-25.0,0.0166893
2024-03-11,31.5,-25.0,0.11873245
2024-03-12,31.5,-25.0,25.881767
2024-03-13,31.5,-25.0,7.9979897
2024-03-14,31.5,-25.0,3.5042763
2024-03-15,31.5,-25.0,0.38194656
2024-03-16,31.5,-25.0,0.005245209
2024-03-17,31.5,-25.0,0.6828308
2024-03-18,31.5,-25.0,0.23269653
2024-03-19,31.5,-25.0,0.03957748
2024-03-20,31.5,-25.0,1.1839867
2024-03-21,31.5,-25.0,2.6311874
2024-03-22,31.5,-25.0,1.516819
2024-03-23,31.5,-25.0,2.3317337
2024-03-24,31.5,-25.0,13.76152
2024-03-25,31.5,-25.0,7.2169304
2024-03-26,31.5,-25.0,2.3350716
2024-03-27,31.5,-25.0,0.037193295
2024-03-28,31.5,-25.0,0.5378723
2024-03-29,31.5,-25.0,0.6570816
2024-03-30,31.5,-25.0,0.9083748
2024-03-31,31.5,-25.0,1.0414124
2024-04-01,31.5,-25.0,0.09870529
2024-04-02,31.5,-25.0,0.01001358
2024-04-03,31.5,-25.0,2.2563937
2024-04-04,31.5,-25.0,0.66661835
2024-04-05,31.5,-25.0,12.534618
2024-04-06,31.5,-25.0,8.790016
2024-04-07,31.5,-25.0,14.608383
2024-04-08,31.5,-25.0,0.9317398
2024-04-09,31.5,-25.0,4.324913
2024-04-10,31.5,-25.0,0.0
2024-04-11,31.5,-25.0,0.005245209
2024-04-12,31.5,-25.0,0.0
2024-04-13,31.5,-25.0,0.01001358
2024-04-14,31.5,-25.0,0.0028610232
2024-04-15,31.5,-25.0,0.7834434
2024-04-16,31.5,-25.0,0.5736351
2024-04-17,31.5,-25.0,0.69761276
2024-04-18,31.5,-25.0,0.0
2024-04-19,31.5,-25.0,0.0009536743
2024-04-20,31.5,-25.0,0.0
2024-04-21,31.5,-25.0,0.0
2024-04-22,31.5,-25.0,0.0
2024-04-23,31.5,-25.0,0.008583069
2024-04-24,31.5,-25.0,0.053405754
2024-04-25,31.5,-25.0,0.95033646
2024-04-26,31.5,-25.0,1.9855497
2024-04-27,31.5,-25.0,0.28514862
2024-04-28,31.5,-25.0,0.0
2024-04-29,31.5,-25.0,0.0
2024-04-30,31.5,-25.0,0.0
2024-05-01,31.5,-25.0,0.0
2024-05-02,31.5,-25.0,0.08392335
2024-05-03,31.5,-25.0,0.20837784
2024-05-04,31.5,-25.0,0.024795536
2024-05-05,31.5,-25.0,0.0
2024-05-06,31.5,-25.0,0.0
2024-05-07,31.5,-25.0,0.0
2024-05-08,31.5,-25.0,0.0
2024-05-09,31.5,-25.0,0.004291535
2024-05-10,31.5,-25.0,0.0
2024-05-11,31.5,-25.0,0.28324127
2024-05-12,31.5,-25.0,0.06198883
2024-05-13,31.5,-25.0,1.6994476
2024-05-14,31.5,-25.0,0.47779083
2024-05-15,31.5,-25.0,0.030040741
2024-05-16,31.5,-25.0,0.0
2024-05-17,31.5,-25.0,0.00047683716
2024-05-18,31.5,-25.0,0.0910759
2024-05-19,31.5,-25.0,0.06723405
2024-05-20,31.5,-25.0,0.02670288
2024-05-21,31.5,-25.0,0.030994415
2024-05-22,31.5,-25.0,0.0
2024-05-23,31.5,-25.0,0.0
2024-05-24,31.5,-25.0,0.0009536743
2024-05-25,31.5,-25.0,0.0
2024-05-26,31.5,-25.0,0.0
2024-05-27,31.5,-25.0,0.020980837
2024-05-28,31.5,-25.0,0.0
2024-05-29,31.5,-25.0,0.0
2024-05-30,31.5,-25.0,0.0
2024-05-31,31.5,-25.0,0.0
2024-06-01,31.5,-25.0,0.0
2024-06-02,31.5,-25.0,0.0
2024-06-03,31.5,-25.0,0.80394745
2024-06-04,31.5,-25.0,0.0
2024-06-05,31.5,-25.0,0.0
2024-06-06,31.5,-25.0,0.0
2024-06-07,31.5,-25.0,0.0
2024-06-08,31.5,-25.0,0.0
2024-06-09,31.5,-25.0,0.0
2024-06-10,31.5,-25.0,0.0
2024-06-11,31.5,-25.0,0.0
2024-06-12,31.5,-25.0,0.0
2024-06-13,31.5,-25.0,0.0
2024-06-14,31.5,-25.0,0.0
2024-06-15,31.5,-25.0,0.0
2024-06-16,31.5,-25.0,0.0038146973
2024-06-17,31.5,-25.0,0.0
2024-06-18,31.5,-25.0,0.0
2024-06-19,31.5,-25.0,0.0
2024-06-20,31.5,-25.0,0.23794174
2024-06-21,31.5,-25.0,0.008106232
2024-06-22,31.5,-25.0,0.0028610232
2024-06-23,31.5,-25.0,0.044822693
2024-06-24,31.5,-25.0,0.0
2024-06-25,31.5,-25.0,0.85926056
2024-06-26,31.5,-25.0,1.6436577
2024-06-27,31.5,-25.0,1.5492439
2024-06-28,31.5,-25.0,0.15830994
2024-06-29,31.5,-25.0,0.0
2024-06-30,31.5,-25.0,0.0
2024-07-01,31.5,-25.0,0.0
2024-07-02,31.5,-25.0,0.0
2024-07-03,31.5,-25.0,0.0
2024-07-04,31.5,-25.0,0.00047683716
2024-07-05,31.5,-25.0,0.0
2024-07-06,31.5,-25.0,0.0
2024-07-07,31.5,-25.0,0.0
2024-07-08,31.5,-25.0,0.0
2024-07-09,31.5,-25.0,0.0
2024-07-10,31.5,-25.0,0.0
2024-07-11,31.5,-25.0,0.0
2024-07-12,31.5,-25.0,0.0
2024-07-13,31.5,-25.0,0.0
2024-07-14,31.5,-25.0,0.0019073486
2024-07-15,31.5,-25.0,0.06580353
2024-07-16,31.5,-25.0,0.0028610232
2024-07-17,31.5,-25.0,0.0
2024-07-18,31.5,-25.0,0.0
2024-07-19,31.5,-25.0,0.0
2024-07-20,31.5,-25.0,0.029563906
2024-07-21,31.5,-25.0,0.1912117
2024-07-22,31.5,-25.0,0.013828278
2024-07-23,31.5,-25.0,0.06484985
2024-07-24,31.5,-25.0,0.0
2024-07-25,31.5,-25.0,0.0
2024-07-26,31.5,-25.0,0.01001358
2024-07-27,31.5,-25.0,0.0
2024-07-28,31.5,-25.0,0.0009536743
2024-07-29,31.5,-25.0,0.24843216
2024-07-30,31.5,-25.0,0.0
2024-07-31,31.5,-25.0,0.012397768
2024-08-01,31.5,-25.0,0.020980835
2024-08-02,31.5,-25.0,0.0
2024-08-03,31.5,-25.0,0.00047683716
2024-08-04,31.5,-25.0,0.0
2024-08-05,31.5,-25.0,0.14352798
2024-08-06,31.5,-25.0,0.0047683716
2024-08-07,31.5,-25.0,0.0
2024-08-08,31.5,-25.0,0.0
2024-08-09,31.5,-25.0,0.0
2024-08-10,31.5,-25.0,0.0
2024-08-11,31.5,-25.0,0.0
2024-08-12,31.5,-25.0,0.039100647
2024-08-13,31.5,-25.0,0.011920929
2024-08-14,31.5,-25.0,0.0
2024-08-15,31.5,-25.0,0.37479398
2024-08-16,31.5,-25.0,0.0
2024-08-17,31.5,-25.0,0.0
2024-08-18,31.5,-25.0,0.0
2024-08-19,31.5,-25.0,0.06866455
2024-08-20,31.5,-25.0,0.190258
2024-08-21,31.5,-25.0,0.0
2024-08-22,31.5,-25.0,0.42533875
2024-08-23,31.5,-25.0,0.00047683716
2024-08-24,31.5,-25.0,0.0
2024-08-25,31.5,-25.0,0.0
2024-08-26,31.5,-25.0,0.0
2024-08-27,31.5,-25.0,0.0
2024-08-28,31.5,-25.0,0.015735626
2024-08-29,31.5,-25.0,1.6775131
2024-08-30,31.5,-25.0,4.961014
2024-08-31,31.5,-25.0,0.6313324
2024-09-01,31.5,-25.0,0.0009536743
2024-09-02,31.5,-25.0,0.0
2024-09-03,31.5,-25.0,0.0
2024-09-04,31.5,-25.0,0.0
2024-09-05,31.5,-25.0,0.0
2024-09-06,31.5,-25.0,0.070095055
2024-09-07,31.5,-25.0,0.19454956
2024-09-08,31.5,-25.0,0.07343292
2024-09-09,31.5,-25.0,0.37956238
2024-09-10,31.5,-25.0,0.89359283
2024-09-11,31.5,-25.0,0.04529953
2024-09-12,31.5,-25.0,0.0
2024-09-13,31.5,-25.0,0.0
2024-09-14,31.5,-25.0,0.00667572
2024-09-15,31.5,-25.0,0.044822693
2024-09-16,31.5,-25.0,0.062942505
2024-09-17,31.5,-25.0,0.47683716
2024-09-18,31.5,-25.0,0.030040741
2024-09-19,31.5,-25.0,0.2427101
2024-09-20,31.5,-25.0,3.9706228
2024-09-21,31.5,-25.0,8.236885
2024-09-22,31.5,-25.0,0.4858971
2024-09-23,31.5,-25.0,0.02336502
2024-09-24,31.5,-25.0,0.0
2024-09-25,31.5,-25.0,0.0
2024-09-26,31.5,-25.0,0.0
2024-09-27,31.5,-25.0,0.0
2024-09-28,31.5,-25.0,0.03957748
2024-09-29,31.5,-25.0,0.01859665
2024-09-30,31.5,-25.0,0.19454956
2024-10-01,31.5,-25.0,0.018596647
2024-10-02,31.5,-25.0,0.03671646
2024-10-03,31.5,-25.0,0.37145615
2024-10-04,31.5,-25.0,0.010490418
2024-10-05,31.5,-25.0,0.004291535
2024-10-06,31.5,-25.0,0.0
2024-10-07,31.5,-25.0,0.0
2024-10-08,31.5,-25.0,0.0
2024-10-09,31.5,-25.0,0.30469894
2024-10-10,31.5,-25.0,0.0
2024-10-11,31.5,-25.0,0.0
2024-10-12,31.5,-25.0,0.00047683716
2024-10-13,31.5,-25.0,0.00047683716
2024-10-14,31.5,-25.0,0.0538826
2024-10-15,31.5,-25.0,0.23555756
2024-10-16,31.5,-25.0,0.0009536743
2024-10-17,31.5,-25.0,0.0
2024-10-18,31.5,-25.0,0.09155273
2024-10-19,31.5,-25.0,0.0009536743
2024-10-20,31.5,-25.0,0.5197525
2024-10-21,31.5,-25.0,3.025055
2024-10-22,31.5,-25.0,3.3493042
2024-10-23,31.5,-25.0,4.482746
2024-10-24,31.5,-25.0,0.22315979
2024-10-25,31.5,-25.0,0.33712387
2024-10-26,31.5,-25.0,1.9965172
2024-10-27,31.5,-25.0,20.400524
2024-10-28,31.5,-25.0,2.1743774
2024-10-29,31.5,-25.0,2.3093224
2024-10-30,31.5,-25.0,0.17642975
2024-10-31,31.5,-25.0,0.016212463
2024-11-01,31.5,-25.0,0.003814697
2024-11-02,31.5,-25.0,0.0
2024-11-03,31.5,-25.0,0.0
2024-11-04,31.5,-25.0,0.008583069
2024-11-05,31.5,-25.0,0.5326271
2024-11-06,31.5,-25.0,3.0212402
2024-11-07,31.5,-25.0,1.1725426
2024-11-08,31.5,-25.0,0.44727328
2024-11-09,31.5,-25.0,0.0009536743
2024-11-10,31.5,-25.0,8.027077
2024-11-11,31.5,-25.0,25.111198
2024-11-12,31.5,-25.0,21.924973
2024-11-13,31.5,-25.0,0.79393387
2024-11-14,31.5,-25.0,0.5955696
2024-11-15,31.5,-25.0,0.11634827
2024-11-16,31.5,-25.0,0.0
2024-11-17,31.5,-25.0,1.8172264
2024-11-18,31.5,-25.0,0.00047683716
2024-11-19,31.5,-25.0,0.6284714
2024-11-20,31.5,-25.0,0.8034706
2024-11-21,31.5,-25.0,0.06055832
2024-11-22,31.5,-25.0,0.04673004
2024-11-23,31.5,-25.0,2.6860235
2024-11-24,31.5,-25.0,1.1754036
2024-11-25,31.5,-25.0,0.0
2024-11-26,31.5,-25.0,0.0
2024-11-27,31.5,-25.0,18.360615
2024-11-28,31.5,-25.0,1.1377333
2024-11-29,31.5,-25.0,0.009536743
2024-11-30,31.5,-25.0,0.13637543
2024-12-01,31.5,-25.0,0.0009536743
2024-12-02,31.5,-25.0,0.026702877
2024-12-03,31.5,-25.0,0.026226042
2024-12-04,31.5,-25.0,0.0009536743
2024-12-05,31.5,-25.0,0.77199936
2024-12-06,31.5,-25.0,0.20694733
2024-12-07,31.5,-25.0,0.17786026
2024-12-08,31.5,-25.0,0.20217896
2024-12-09,31.5,-25.0,0.32806396
2024-12-10,31.5,-25.0,0.30088425
2024-12-11,31.5,-25.0,0.0
2024-12-12,31.5,-25.0,0.11634827
2024-12-13,31.5,-25.0,0.23841858
2024-12-14,31.5,-25.0,0.18787381
2024-12-15,31.5,-25.0,0.13256073
2024-12-16,31.5,-25.0,0.029563906
2024-12-17,31.5,-25.0,0.108242035
2024-12-18,31.5,-25.0,3.6792755
2024-12-19,31.5,-25.0,3.5791397
2024-12-20,31.5,-25.0,19.231796
2024-12-21,31.5,-25.0,11.460781
2024-12-22,31.5,-25.0,0.1373291
2024-12-23,31.5,-25.0,3.9763448
2024-12-24,31.5,-25.0,0.14972687
2024-12-25,31.5,-25.0,8.56781
2024-12-26,31.5,-25.0,0.025749207
2024-12-27,31.5,-25.0,0.0
2024-12-28,31.5,-25.0,3.7093163
2024-12-29,31.5,-25.0,1.0304451
2024-12-30,31.5,-25.0,1.4543535
2024-12-31,31.5,-25.0,0.36123526
