time,longitude,latitude,tas
1959-01-01,31.5,-25.0,28.709503
1959-01-02,31.5,-25.0,25.053528
1959-01-03,31.5,-25.0,22.55774
1959-01-04,31.5,-25.0,26.891876
1959-01-05,31.5,-25.0,25.254974
1959-01-06,31.5,-25.0,24.904083
1959-01-07,31.5,-25.0,21.654938
1959-01-08,31.5,-25.0,22.779388
1959-01-09,31.5,-25.0,25.173645
1959-01-10,31.5,-25.0,27.033234
1959-01-11,31.5,-25.0,27.530243
1959-01-12,31.5,-25.0,26.850586
1959-01-13,31.5,-25.0,21.17987
1959-01-14,31.5,-25.0,21.581573
1959-01-15,31.5,-25.0,22.27124
1959-01-16,31.5,-25.0,26.486328
1959-01-17,31.5,-25.0,28.568298
1959-01-18,31.5,-25.0,24.896667
1959-01-19,31.5,-25.0,27.08075
1959-01-20,31.5,-25.0,29.271423
1959-01-21,31.5,-25.0,24.761688
1959-01-22,31.5,-25.0,25.357452
1959-01-23,31.5,-25.0,26.167267
1959-01-24,31.5,-25.0,25.268402
1959-01-25,31.5,-25.0,25.806946
1959-01-26,31.5,-25.0,28.51242
1959-01-27,31.5,-25.0,29.505096
1959-01-28,31.5,-25.0,30.061188
1959-01-29,31.5,-25.0,25.742554
1959-01-30,31.5,-25.0,22.272247
1959-01-31,31.5,-25.0,23.840973
1959-02-01,31.5,-25.0,25.533325
1959-02-02,31.5,-25.0,26.418549
1959-02-03,31.5,-25.0,27.935272
1959-02-04,31.5,-25.0,23.709991
1959-02-05,31.5,-25.0,27.936432
1959-02-06,31.5,-25.0,30.476105
1959-02-07,31.5,-25.0,29.596619
1959-02-08,31.5,-25.0,27.36499
1959-02-09,31.5,-25.0,24.774384
1959-02-10,31.5,-25.0,23.077728
1959-02-11,31.5,-25.0,24.377594
1959-02-12,31.5,-25.0,23.681091
1959-02-13,31.5,-25.0,24.651276
1959-02-14,31.5,-25.0,28.128052
1959-02-15,31.5,-25.0,27.739197
1959-02-16,31.5,-25.0,27.523682
1959-02-17,31.5,-25.0,26.957245
1959-02-18,31.5,-25.0,23.19159
1959-02-19,31.5,-25.0,25.75647
1959-02-20,31.5,-25.0,24.643646
1959-02-21,31.5,-25.0,20.340302
1959-02-22,31.5,-25.0,20.411102
1959-02-23,31.5,-25.0,21.602142
1959-02-24,31.5,-25.0,21.913757
1959-02-25,31.5,-25.0,23.07077
1959-02-26,31.5,-25.0,25.218597
1959-02-27,31.5,-25.0,25.174164
1959-02-28,31.5,-25.0,24.582489
1959-03-01,31.5,-25.0,25.42987
1959-03-02,31.5,-25.0,25.308594
1959-03-03,31.5,-25.0,25.401154
1959-03-04,31.5,-25.0,27.48648
1959-03-05,31.5,-25.0,27.671112
1959-03-06,31.5,-25.0,25.24878
1959-03-07,31.5,-25.0,26.35382
1959-03-08,31.5,-25.0,27.71817
1959-03-09,31.5,-25.0,29.301971
1959-03-10,31.5,-25.0,22.763428
1959-03-11,31.5,-25.0,22.515045
1959-03-12,31.5,-25.0,20.862518
1959-03-13,31.5,-25.0,22.176056
1959-03-14,31.5,-25.0,22.908966
1959-03-15,31.5,-25.0,23.205963
1959-03-16,31.5,-25.0,23.869202
1959-03-17,31.5,-25.0,27.4953
1959-03-18,31.5,-25.0,25.35614
1959-03-19,31.5,-25.0,20.707092
1959-03-20,31.5,-25.0,21.671906
1959-03-21,31.5,-25.0,22.306274
1959-03-22,31.5,-25.0,21.67157
1959-03-23,31.5,-25.0,22.427063
1959-03-24,31.5,-25.0,24.72644
1959-03-25,31.5,-25.0,25.575745
1959-03-26,31.5,-25.0,24.961853
1959-03-27,31.5,-25.0,24.992828
1959-03-28,31.5,-25.0,25.711487
1959-03-29,31.5,-25.0,27.473724
1959-03-30,31.5,-25.0,25.619507
1959-03-31,31.5,-25.0,24.184326
1959-04-01,31.5,-25.0,24.399872
1959-04-02,31.5,-25.0,23.59787
1959-04-03,31.5,-25.0,26.449371
1959-04-04,31.5,-25.0,28.299957
1959-04-05,31.5,-25.0,24.207733
1959-04-06,31.5,-25.0,24.051239
1959-04-07,31.5,-25.0,27.425262
1959-04-08,31.5,-25.0,26.878906
1959-04-09,31.5,-25.0,21.827484
1959-04-10,31.5,-25.0,24.30185
1959-04-11,31.5,-25.0,24.71048
1959-04-12,31.5,-25.0,24.55896
1959-04-13,31.5,-25.0,25.209473
1959-04-14,31.5,-25.0,24.09198
1959-04-15,31.5,-25.0,24.165283
1959-04-16,31.5,-25.0,23.187744
1959-04-17,31.5,-25.0,21.318665
1959-04-18,31.5,-25.0,20.47644
1959-04-19,31.5,-25.0,21.148926
1959-04-20,31.5,-25.0,24.084534
1959-04-21,31.5,-25.0,25.782532
1959-04-22,31.5,-25.0,21.937775
1959-04-23,31.5,-25.0,20.506653
1959-04-24,31.5,-25.0,24.877747
1959-04-25,31.5,-25.0,27.32071
1959-04-26,31.5,-25.0,22.23877
1959-04-27,31.5,-25.0,21.709778
1959-04-28,31.5,-25.0,23.55661
1959-04-29,31.5,-25.0,24.437836
1959-04-30,31.5,-25.0,22.460663
1959-05-01,31.5,-25.0,18.917725
1959-05-02,31.5,-25.0,19.207153
1959-05-03,31.5,-25.0,20.187347
1959-05-04,31.5,-25.0,18.492615
1959-05-05,31.5,-25.0,17.986969
1959-05-06,31.5,-25.0,20.58081
1959-05-07,31.5,-25.0,24.941895
1959-05-08,31.5,-25.0,25.767822
1959-05-09,31.5,-25.0,22.735077
1959-05-10,31.5,-25.0,22.96762
1959-05-11,31.5,-25.0,24.310913
1959-05-12,31.5,-25.0,20.012878
1959-05-13,31.5,-25.0,20.13617
1959-05-14,31.5,-25.0,21.867554
1959-05-15,31.5,-25.0,23.243286
1959-05-16,31.5,-25.0,18.628052
1959-05-17,31.5,-25.0,17.925476
1959-05-18,31.5,-25.0,17.210632
1959-05-19,31.5,-25.0,16.9216
1959-05-20,31.5,-25.0,18.982422
1959-05-21,31.5,-25.0,21.851013
1959-05-22,31.5,-25.0,22.220245
1959-05-23,31.5,-25.0,18.254608
1959-05-24,31.5,-25.0,19.611511
1959-05-25,31.5,-25.0,21.977448
1959-05-26,31.5,-25.0,18.34726
1959-05-27,31.5,-25.0,20.19757
1959-05-28,31.5,-25.0,19.86905
1959-05-29,31.5,-25.0,20.26355
1959-05-30,31.5,-25.0,22.965729
1959-05-31,31.5,-25.0,23.659058
1959-06-01,31.5,-25.0,21.670837
1959-06-02,31.5,-25.0,22.86383
1959-06-03,31.5,-25.0,20.713867
1959-06-04,31.5,-25.0,18.766907
1959-06-05,31.5,-25.0,20.114899
1959-06-06,31.5,-25.0,19.604004
1959-06-07,31.5,-25.0,18.360626
1959-06-08,31.5,-25.0,20.144104
1959-06-09,31.5,-25.0,18.04123
1959-06-10,31.5,-25.0,16.331482
1959-06-11,31.5,-25.0,16.377106
1959-06-12,31.5,-25.0,16.480682
1959-06-13,31.5,-25.0,16.763062
1959-06-14,31.5,-25.0,18.264404
1959-06-15,31.5,-25.0,17.84616
1959-06-16,31.5,-25.0,17.90512
1959-06-17,31.5,-25.0,16.678497
1959-06-18,31.5,-25.0,17.159058
1959-06-19,31.5,-25.0,16.885986
1959-06-20,31.5,-25.0,17.58078
1959-06-21,31.5,-25.0,17.772095
1959-06-22,31.5,-25.0,17.857819
1959-06-23,31.5,-25.0,19.804565
1959-06-24,31.5,-25.0,19.916077
1959-06-25,31.5,-25.0,16.949768
1959-06-26,31.5,-25.0,16.749725
1959-06-27,31.5,-25.0,16.532349
1959-06-28,31.5,-25.0,15.871033
1959-06-29,31.5,-25.0,17.822968
1959-06-30,31.5,-25.0,18.309296
1959-07-01,31.5,-25.0,17.06424
1959-07-02,31.5,-25.0,17.93274
1959-07-03,31.5,-25.0,17.739563
1959-07-04,31.5,-25.0,17.782867
1959-07-05,31.5,-25.0,15.227875
1959-07-06,31.5,-25.0,17.494385
1959-07-07,31.5,-25.0,19.727112
1959-07-08,31.5,-25.0,21.246887
1959-07-09,31.5,-25.0,16.13675
1959-07-10,31.5,-25.0,18.382904
1959-07-11,31.5,-25.0,20.45108
1959-07-12,31.5,-25.0,19.934113
1959-07-13,31.5,-25.0,20.293823
1959-07-14,31.5,-25.0,19.531738
1959-07-15,31.5,-25.0,19.511078
1959-07-16,31.5,-25.0,18.278015
1959-07-17,31.5,-25.0,18.368195
1959-07-18,31.5,-25.0,18.851898
1959-07-19,31.5,-25.0,17.434326
1959-07-20,31.5,-25.0,16.316772
1959-07-21,31.5,-25.0,17.284698
1959-07-22,31.5,-25.0,18.505432
1959-07-23,31.5,-25.0,18.44873
1959-07-24,31.5,-25.0,17.791443
1959-07-25,31.5,-25.0,17.489624
1959-07-26,31.5,-25.0,17.619354
1959-07-27,31.5,-25.0,17.490356
1959-07-28,31.5,-25.0,18.390015
1959-07-29,31.5,-25.0,17.813904
1959-07-30,31.5,-25.0,17.653473
1959-07-31,31.5,-25.0,17.760498
1959-08-01,31.5,-25.0,18.400055
1959-08-02,31.5,-25.0,18.836273
1959-08-03,31.5,-25.0,18.073425
1959-08-04,31.5,-25.0,17.95108
1959-08-05,31.5,-25.0,21.474365
1959-08-06,31.5,-25.0,20.993896
1959-08-07,31.5,-25.0,19.990753
1959-08-08,31.5,-25.0,17.461853
1959-08-09,31.5,-25.0,16.46283
1959-08-10,31.5,-25.0,16.03955
1959-08-11,31.5,-25.0,16.85913
1959-08-12,31.5,-25.0,17.776276
1959-08-13,31.5,-25.0,18.855957
1959-08-14,31.5,-25.0,19.616516
1959-08-15,31.5,-25.0,22.40274
1959-08-16,31.5,-25.0,20.470245
1959-08-17,31.5,-25.0,17.557892
1959-08-18,31.5,-25.0,17.636719
1959-08-19,31.5,-25.0,16.54544
1959-08-20,31.5,-25.0,16.569855
1959-08-21,31.5,-25.0,16.695953
1959-08-22,31.5,-25.0,18.262085
1959-08-23,31.5,-25.0,19.270844
1959-08-24,31.5,-25.0,20.292664
1959-08-25,31.5,-25.0,19.381744
1959-08-26,31.5,-25.0,19.373383
1959-08-27,31.5,-25.0,22.709808
1959-08-28,31.5,-25.0,23.903473
1959-08-29,31.5,-25.0,24.859467
1959-08-30,31.5,-25.0,25.511932
1959-08-31,31.5,-25.0,16.022339
1959-09-01,31.5,-25.0,15.31131
1959-09-02,31.5,-25.0,18.412415
1959-09-03,31.5,-25.0,18.879974
1959-09-04,31.5,-25.0,20.020325
1959-09-05,31.5,-25.0,19.014435
1959-09-06,31.5,-25.0,20.862885
1959-09-07,31.5,-25.0,23.268616
1959-09-08,31.5,-25.0,25.086304
1959-09-09,31.5,-25.0,23.960571
1959-09-10,31.5,-25.0,16.664825
1959-09-11,31.5,-25.0,19.273407
1959-09-12,31.5,-25.0,22.74826
1959-09-13,31.5,-25.0,13.8003235
1959-09-14,31.5,-25.0,15.158813
1959-09-15,31.5,-25.0,16.845367
1959-09-16,31.5,-25.0,18.21939
1959-09-17,31.5,-25.0,18.689148
1959-09-18,31.5,-25.0,20.828186
1959-09-19,31.5,-25.0,22.494202
1959-09-20,31.5,-25.0,24.462646
1959-09-21,31.5,-25.0,27.039398
1959-09-22,31.5,-25.0,22.373291
1959-09-23,31.5,-25.0,18.810638
1959-09-24,31.5,-25.0,18.283417
1959-09-25,31.5,-25.0,21.993195
1959-09-26,31.5,-25.0,22.515656
1959-09-27,31.5,-25.0,20.338837
1959-09-28,31.5,-25.0,24.696228
1959-09-29,31.5,-25.0,26.782745
1959-09-30,31.5,-25.0,25.489502
1959-10-01,31.5,-25.0,27.04123
1959-10-02,31.5,-25.0,27.541412
1959-10-03,31.5,-25.0,26.624786
1959-10-04,31.5,-25.0,23.459808
1959-10-05,31.5,-25.0,17.368805
1959-10-06,31.5,-25.0,18.022644
1959-10-07,31.5,-25.0,18.319733
1959-10-08,31.5,-25.0,20.712158
1959-10-09,31.5,-25.0,19.468445
1959-10-10,31.5,-25.0,21.720642
1959-10-11,31.5,-25.0,25.758942
1959-10-12,31.5,-25.0,23.58023
1959-10-13,31.5,-25.0,25.140778
1959-10-14,31.5,-25.0,24.085876
1959-10-15,31.5,-25.0,24.073242
1959-10-16,31.5,-25.0,27.881622
1959-10-17,31.5,-25.0,29.930084
1959-10-18,31.5,-25.0,27.146637
1959-10-19,31.5,-25.0,17.971558
1959-10-20,31.5,-25.0,16.283905
1959-10-21,31.5,-25.0,18.873535
1959-10-22,31.5,-25.0,21.376617
1959-10-23,31.5,-25.0,21.48462
1959-10-24,31.5,-25.0,19.886536
1959-10-25,31.5,-25.0,21.365143
1959-10-26,31.5,-25.0,25.24585
1959-10-27,31.5,-25.0,26.983093
1959-10-28,31.5,-25.0,27.088501
1959-10-29,31.5,-25.0,28.16919
1959-10-30,31.5,-25.0,30.700256
1959-10-31,31.5,-25.0,31.289642
1959-11-01,31.5,-25.0,23.319275
1959-11-02,31.5,-25.0,16.620758
1959-11-03,31.5,-25.0,16.69162
1959-11-04,31.5,-25.0,21.154022
1959-11-05,31.5,-25.0,25.334137
1959-11-06,31.5,-25.0,24.72409
1959-11-07,31.5,-25.0,24.58603
1959-11-08,31.5,-25.0,23.8703
1959-11-09,31.5,-25.0,22.055939
1959-11-10,31.5,-25.0,25.921387
1959-11-11,31.5,-25.0,21.215149
1959-11-12,31.5,-25.0,24.759155
1959-11-13,31.5,-25.0,25.469788
1959-11-14,31.5,-25.0,26.354584
1959-11-15,31.5,-25.0,24.599762
1959-11-16,31.5,-25.0,23.948547
1959-11-17,31.5,-25.0,23.382568
1959-11-18,31.5,-25.0,24.843414
1959-11-19,31.5,-25.0,21.622742
1959-11-20,31.5,-25.0,19.970886
1959-11-21,31.5,-25.0,21.694
1959-11-22,31.5,-25.0,21.86789
1959-11-23,31.5,-25.0,21.972198
1959-11-24,31.5,-25.0,24.451385
1959-11-25,31.5,-25.0,23.993835
1959-11-26,31.5,-25.0,24.911926
1959-11-27,31.5,-25.0,30.686462
1959-11-28,31.5,-25.0,24.597382
1959-11-29,31.5,-25.0,27.845215
1959-11-30,31.5,-25.0,28.23767
1959-12-01,31.5,-25.0,25.95874
1959-12-02,31.5,-25.0,24.047363
1959-12-03,31.5,-25.0,21.193207
1959-12-04,31.5,-25.0,24.375885
1959-12-05,31.5,-25.0,23.653046
1959-12-06,31.5,-25.0,19.610199
1959-12-07,31.5,-25.0,18.77652
1959-12-08,31.5,-25.0,24.034363
1959-12-09,31.5,-25.0,26.082153
1959-12-10,31.5,-25.0,24.033295
1959-12-11,31.5,-25.0,24.430145
1959-12-12,31.5,-25.0,25.597992
1959-12-13,31.5,-25.0,27.891022
1959-12-14,31.5,-25.0,29.039948
1959-12-15,31.5,-25.0,28.93808
1959-12-16,31.5,-25.0,31.691406
1959-12-17,31.5,-25.0,33.586945
1959-12-18,31.5,-25.0,21.361633
1959-12-19,31.5,-25.0,19.07956
1959-12-20,31.5,-25.0,22.11316
1959-12-21,31.5,-25.0,25.43753
1959-12-22,31.5,-25.0,26.742523
1959-12-23,31.5,-25.0,22.953033
1959-12-24,31.5,-25.0,23.791595
1959-12-25,31.5,-25.0,27.369781
1959-12-26,31.5,-25.0,28.249786
1959-12-27,31.5,-25.0,23.903656
1959-12-28,31.5,-25.0,24.148376
1959-12-29,31.5,-25.0,20.512634
1959-12-30,31.5,-25.0,23.220673
1959-12-31,31.5,-25.0,22.151428
1960-01-01,31.5,-25.0,23.972748
1960-01-02,31.5,-25.0,27.189972
1960-01-03,31.5,-25.0,30.409851
1960-01-04,31.5,-25.0,29.022064
1960-01-05,31.5,-25.0,22.180878
1960-01-06,31.5,-25.0,20.557098
1960-01-07,31.5,-25.0,21.529846
1960-01-08,31.5,-25.0,26.29837
1960-01-09,31.5,-25.0,26.296906
1960-01-10,31.5,-25.0,28.114471
1960-01-11,31.5,-25.0,29.380524
1960-01-12,31.5,-25.0,28.692566
1960-01-13,31.5,-25.0,25.381866
1960-01-14,31.5,-25.0,26.657776
1960-01-15,31.5,-25.0,27.644653
1960-01-16,31.5,-25.0,27.84665
1960-01-17,31.5,-25.0,27.874664
1960-01-18,31.5,-25.0,28.902252
1960-01-19,31.5,-25.0,26.601166
1960-01-20,31.5,-25.0,24.527191
1960-01-21,31.5,-25.0,26.138123
1960-01-22,31.5,-25.0,26.988037
1960-01-23,31.5,-25.0,24.102417
1960-01-24,31.5,-25.0,25.29309
1960-01-25,31.5,-25.0,26.868439
1960-01-26,31.5,-25.0,21.664032
1960-01-27,31.5,-25.0,22.025177
1960-01-28,31.5,-25.0,25.451477
1960-01-29,31.5,-25.0,27.053162
1960-01-30,31.5,-25.0,26.54248
1960-01-31,31.5,-25.0,26.570526
1960-02-01,31.5,-25.0,26.917389
1960-02-02,31.5,-25.0,26.43686
1960-02-03,31.5,-25.0,27.421906
1960-02-04,31.5,-25.0,21.40036
1960-02-05,31.5,-25.0,22.584534
1960-02-06,31.5,-25.0,24.969482
1960-02-07,31.5,-25.0,27.817383
1960-02-08,31.5,-25.0,25.438751
1960-02-09,31.5,-25.0,27.29596
1960-02-10,31.5,-25.0,26.883148
1960-02-11,31.5,-25.0,23.491943
1960-02-12,31.5,-25.0,21.96051
1960-02-13,31.5,-25.0,21.552124
1960-02-14,31.5,-25.0,22.219666
1960-02-15,31.5,-25.0,23.218994
1960-02-16,31.5,-25.0,26.204529
1960-02-17,31.5,-25.0,27.816925
1960-02-18,31.5,-25.0,30.028534
1960-02-19,31.5,-25.0,29.60022
1960-02-20,31.5,-25.0,24.497986
1960-02-21,31.5,-25.0,24.359955
1960-02-22,31.5,-25.0,22.048126
1960-02-23,31.5,-25.0,22.691498
1960-02-24,31.5,-25.0,24.480103
1960-02-25,31.5,-25.0,25.263885
1960-02-26,31.5,-25.0,25.69812
1960-02-27,31.5,-25.0,24.873291
1960-02-28,31.5,-25.0,23.578003
1960-02-29,31.5,-25.0,21.574677
1960-03-01,31.5,-25.0,21.110596
1960-03-02,31.5,-25.0,21.891785
1960-03-03,31.5,-25.0,22.907349
1960-03-04,31.5,-25.0,24.246826
1960-03-05,31.5,-25.0,27.025085
1960-03-06,31.5,-25.0,28.466217
1960-03-07,31.5,-25.0,27.061188
1960-03-08,31.5,-25.0,25.26474
1960-03-09,31.5,-25.0,24.647308
1960-03-10,31.5,-25.0,25.602295
1960-03-11,31.5,-25.0,27.322662
1960-03-12,31.5,-25.0,27.558228
1960-03-13,31.5,-25.0,27.445038
1960-03-14,31.5,-25.0,25.181671
1960-03-15,31.5,-25.0,25.800354
1960-03-16,31.5,-25.0,24.844269
1960-03-17,31.5,-25.0,25.052856
1960-03-18,31.5,-25.0,24.024933
1960-03-19,31.5,-25.0,23.274261
1960-03-20,31.5,-25.0,23.102081
1960-03-21,31.5,-25.0,24.034027
1960-03-22,31.5,-25.0,24.839752
1960-03-23,31.5,-25.0,24.820374
1960-03-24,31.5,-25.0,25.270966
1960-03-25,31.5,-25.0,26.385376
1960-03-26,31.5,-25.0,24.988708
1960-03-27,31.5,-25.0,24.773773
1960-03-28,31.5,-25.0,20.161713
1960-03-29,31.5,-25.0,21.695099
1960-03-30,31.5,-25.0,22.843567
1960-03-31,31.5,-25.0,24.774445
1960-04-01,31.5,-25.0,25.046478
1960-04-02,31.5,-25.0,21.612823
1960-04-03,31.5,-25.0,25.684784
1960-04-04,31.5,-25.0,21.857422
1960-04-05,31.5,-25.0,23.504028
1960-04-06,31.5,-25.0,25.653076
1960-04-07,31.5,-25.0,26.272095
1960-04-08,31.5,-25.0,25.548706
1960-04-09,31.5,-25.0,25.05362
1960-04-10,31.5,-25.0,18.626465
1960-04-11,31.5,-25.0,18.817078
1960-04-12,31.5,-25.0,19.288727
1960-04-13,31.5,-25.0,20.981506
1960-04-14,31.5,-25.0,22.62976
1960-04-15,31.5,-25.0,20.907104
1960-04-16,31.5,-25.0,21.009338
1960-04-17,31.5,-25.0,22.19867
1960-04-18,31.5,-25.0,21.300812
1960-04-19,31.5,-25.0,22.34851
1960-04-20,31.5,-25.0,22.181122
1960-04-21,31.5,-25.0,23.511963
1960-04-22,31.5,-25.0,21.159332
1960-04-23,31.5,-25.0,18.338959
1960-04-24,31.5,-25.0,17.01239
1960-04-25,31.5,-25.0,15.815002
1960-04-26,31.5,-25.0,16.600708
1960-04-27,31.5,-25.0,17.460968
1960-04-28,31.5,-25.0,17.813812
1960-04-29,31.5,-25.0,18.608185
1960-04-30,31.5,-25.0,18.349121
1960-05-01,31.5,-25.0,18.857086
1960-05-02,31.5,-25.0,17.810028
1960-05-03,31.5,-25.0,18.18515
1960-05-04,31.5,-25.0,18.88681
1960-05-05,31.5,-25.0,19.399384
1960-05-06,31.5,-25.0,20.121552
1960-05-07,31.5,-25.0,20.104858
1960-05-08,31.5,-25.0,18.204071
1960-05-09,31.5,-25.0,20.877808
1960-05-10,31.5,-25.0,20.990173
1960-05-11,31.5,-25.0,19.10904
1960-05-12,31.5,-25.0,18.740784
1960-05-13,31.5,-25.0,19.489746
1960-05-14,31.5,-25.0,18.9021
1960-05-15,31.5,-25.0,17.05484
1960-05-16,31.5,-25.0,17.392334
1960-05-17,31.5,-25.0,17.036652
1960-05-18,31.5,-25.0,17.676178
1960-05-19,31.5,-25.0,18.713501
1960-05-20,31.5,-25.0,17.4552
1960-05-21,31.5,-25.0,17.867798
1960-05-22,31.5,-25.0,18.079803
1960-05-23,31.5,-25.0,19.578217
1960-05-24,31.5,-25.0,19.692078
1960-05-25,31.5,-25.0,16.898743
1960-05-26,31.5,-25.0,16.032745
1960-05-27,31.5,-25.0,15.798706
1960-05-28,31.5,-25.0,16.356293
1960-05-29,31.5,-25.0,16.084229
1960-05-30,31.5,-25.0,15.937286
1960-05-31,31.5,-25.0,16.65393
1960-06-01,31.5,-25.0,15.9522705
1960-06-02,31.5,-25.0,15.91217
1960-06-03,31.5,-25.0,14.831055
1960-06-04,31.5,-25.0,15.303528
1960-06-05,31.5,-25.0,16.05008
1960-06-06,31.5,-25.0,16.844696
1960-06-07,31.5,-25.0,16.479553
1960-06-08,31.5,-25.0,16.82956
1960-06-09,31.5,-25.0,18.143738
1960-06-10,31.5,-25.0,16.435486
1960-06-11,31.5,-25.0,15.680237
1960-06-12,31.5,-25.0,15.770782
1960-06-13,31.5,-25.0,15.254974
1960-06-14,31.5,-25.0,14.047119
1960-06-15,31.5,-25.0,16.818878
1960-06-16,31.5,-25.0,17.149872
1960-06-17,31.5,-25.0,16.515106
1960-06-18,31.5,-25.0,17.571808
1960-06-19,31.5,-25.0,18.258331
1960-06-20,31.5,-25.0,19.916687
1960-06-21,31.5,-25.0,19.492004
1960-06-22,31.5,-25.0,16.126831
1960-06-23,31.5,-25.0,16.930359
1960-06-24,31.5,-25.0,17.72345
1960-06-25,31.5,-25.0,15.99353
1960-06-26,31.5,-25.0,15.756317
1960-06-27,31.5,-25.0,15.559509
1960-06-28,31.5,-25.0,16.847412
1960-06-29,31.5,-25.0,16.806396
1960-06-30,31.5,-25.0,17.34674
1960-07-01,31.5,-25.0,15.298065
1960-07-02,31.5,-25.0,14.884186
1960-07-03,31.5,-25.0,15.659027
1960-07-04,31.5,-25.0,14.393158
1960-07-05,31.5,-25.0,13.668579
1960-07-06,31.5,-25.0,14.254272
1960-07-07,31.5,-25.0,16.332458
1960-07-08,31.5,-25.0,15.685822
1960-07-09,31.5,-25.0,15.128204
1960-07-10,31.5,-25.0,15.175873
1960-07-11,31.5,-25.0,14.78894
1960-07-12,31.5,-25.0,15.457794
1960-07-13,31.5,-25.0,16.194427
1960-07-14,31.5,-25.0,16.711914
1960-07-15,31.5,-25.0,16.82193
1960-07-16,31.5,-25.0,16.944702
1960-07-17,31.5,-25.0,15.479004
1960-07-18,31.5,-25.0,18.693146
1960-07-19,31.5,-25.0,14.11795
1960-07-20,31.5,-25.0,14.048706
1960-07-21,31.5,-25.0,13.838104
1960-07-22,31.5,-25.0,13.920197
1960-07-23,31.5,-25.0,13.733337
1960-07-24,31.5,-25.0,13.635315
1960-07-25,31.5,-25.0,13.870819
1960-07-26,31.5,-25.0,13.704498
1960-07-27,31.5,-25.0,13.62735
1960-07-28,31.5,-25.0,14.424957
1960-07-29,31.5,-25.0,15.49115
1960-07-30,31.5,-25.0,17.465393
1960-07-31,31.5,-25.0,19.015411
1960-08-01,31.5,-25.0,16.36441
1960-08-02,31.5,-25.0,18.763702
1960-08-03,31.5,-25.0,18.823303
1960-08-04,31.5,-25.0,16.954773
1960-08-05,31.5,-25.0,17.324615
1960-08-06,31.5,-25.0,17.525055
1960-08-07,31.5,-25.0,20.336487
1960-08-08,31.5,-25.0,18.165955
1960-08-09,31.5,-25.0,20.568695
1960-08-10,31.5,-25.0,21.493378
1960-08-11,31.5,-25.0,19.066711
1960-08-12,31.5,-25.0,18.047516
1960-08-13,31.5,-25.0,18.472351
1960-08-14,31.5,-25.0,20.209717
1960-08-15,31.5,-25.0,20.776611
1960-08-16,31.5,-25.0,17.667145
1960-08-17,31.5,-25.0,18.253357
1960-08-18,31.5,-25.0,17.382172
1960-08-19,31.5,-25.0,18.455505
1960-08-20,31.5,-25.0,20.592346
1960-08-21,31.5,-25.0,17.574493
1960-08-22,31.5,-25.0,15.766235
1960-08-23,31.5,-25.0,15.015808
1960-08-24,31.5,-25.0,15.692993
1960-08-25,31.5,-25.0,18.2258
1960-08-26,31.5,-25.0,19.985626
1960-08-27,31.5,-25.0,20.549469
1960-08-28,31.5,-25.0,19.544312
1960-08-29,31.5,-25.0,19.114197
1960-08-30,31.5,-25.0,21.69748
1960-08-31,31.5,-25.0,18.452454
1960-09-01,31.5,-25.0,19.959595
1960-09-02,31.5,-25.0,23.472015
1960-09-03,31.5,-25.0,21.675446
1960-09-04,31.5,-25.0,21.123901
1960-09-05,31.5,-25.0,21.260712
1960-09-06,31.5,-25.0,19.75473
1960-09-07,31.5,-25.0,22.517242
1960-09-08,31.5,-25.0,18.457825
1960-09-09,31.5,-25.0,17.421448
1960-09-10,31.5,-25.0,17.706787
1960-09-11,31.5,-25.0,21.004578
1960-09-12,31.5,-25.0,20.520721
1960-09-13,31.5,-25.0,21.898834
1960-09-14,31.5,-25.0,21.182861
1960-09-15,31.5,-25.0,19.985687
1960-09-16,31.5,-25.0,19.49884
1960-09-17,31.5,-25.0,19.740143
1960-09-18,31.5,-25.0,20.475677
1960-09-19,31.5,-25.0,22.239868
1960-09-20,31.5,-25.0,24.697052
1960-09-21,31.5,-25.0,26.141571
1960-09-22,31.5,-25.0,14.618225
1960-09-23,31.5,-25.0,14.940338
1960-09-24,31.5,-25.0,18.02356
1960-09-25,31.5,-25.0,21.542114
1960-09-26,31.5,-25.0,23.092468
1960-09-27,31.5,-25.0,23.920502
1960-09-28,31.5,-25.0,23.113098
1960-09-29,31.5,-25.0,21.63678
1960-09-30,31.5,-25.0,17.082336
1960-10-01,31.5,-25.0,18.62735
1960-10-02,31.5,-25.0,21.201508
1960-10-03,31.5,-25.0,25.214111
1960-10-04,31.5,-25.0,21.634369
1960-10-05,31.5,-25.0,20.919952
1960-10-06,31.5,-25.0,21.824615
1960-10-07,31.5,-25.0,25.561432
1960-10-08,31.5,-25.0,23.489624
1960-10-09,31.5,-25.0,26.545044
1960-10-10,31.5,-25.0,23.152496
1960-10-11,31.5,-25.0,21.081726
1960-10-12,31.5,-25.0,19.192566
1960-10-13,31.5,-25.0,22.027313
1960-10-14,31.5,-25.0,19.848236
1960-10-15,31.5,-25.0,17.669556
1960-10-16,31.5,-25.0,23.778687
1960-10-17,31.5,-25.0,26.010681
1960-10-18,31.5,-25.0,25.944366
1960-10-19,31.5,-25.0,27.03894
1960-10-20,31.5,-25.0,25.888031
1960-10-21,31.5,-25.0,26.221222
1960-10-22,31.5,-25.0,27.966888
1960-10-23,31.5,-25.0,28.245728
1960-10-24,31.5,-25.0,22.286285
1960-10-25,31.5,-25.0,26.920807
1960-10-26,31.5,-25.0,26.365265
1960-10-27,31.5,-25.0,26.764038
1960-10-28,31.5,-25.0,29.905426
1960-10-29,31.5,-25.0,23.156372
1960-10-30,31.5,-25.0,23.857697
1960-10-31,31.5,-25.0,27.061676
1960-11-01,31.5,-25.0,26.235718
1960-11-02,31.5,-25.0,27.246246
1960-11-03,31.5,-25.0,24.691742
1960-11-04,31.5,-25.0,26.049713
1960-11-05,31.5,-25.0,29.062012
1960-11-06,31.5,-25.0,26.508453
1960-11-07,31.5,-25.0,28.487732
1960-11-08,31.5,-25.0,24.71164
1960-11-09,31.5,-25.0,19.789917
1960-11-10,31.5,-25.0,21.008636
1960-11-11,31.5,-25.0,19.411987
1960-11-12,31.5,-25.0,20.335175
1960-11-13,31.5,-25.0,25.888489
1960-11-14,31.5,-25.0,23.340515
1960-11-15,31.5,-25.0,20.065338
1960-11-16,31.5,-25.0,19.664764
1960-11-17,31.5,-25.0,23.516632
1960-11-18,31.5,-25.0,21.386627
1960-11-19,31.5,-25.0,22.762573
1960-11-20,31.5,-25.0,24.730774
1960-11-21,31.5,-25.0,22.22284
1960-11-22,31.5,-25.0,20.844452
1960-11-23,31.5,-25.0,19.722748
1960-11-24,31.5,-25.0,20.089844
1960-11-25,31.5,-25.0,23.088531
1960-11-26,31.5,-25.0,23.827118
1960-11-27,31.5,-25.0,23.447296
1960-11-28,31.5,-25.0,22.566559
1960-11-29,31.5,-25.0,24.761414
1960-11-30,31.5,-25.0,25.64505
1960-12-01,31.5,-25.0,27.022064
1960-12-02,31.5,-25.0,25.672272
1960-12-03,31.5,-25.0,24.144867
1960-12-04,31.5,-25.0,25.299835
1960-12-05,31.5,-25.0,26.610504
1960-12-06,31.5,-25.0,27.713165
1960-12-07,31.5,-25.0,24.761719
1960-12-08,31.5,-25.0,22.454224
1960-12-09,31.5,-25.0,25.379822
1960-12-10,31.5,-25.0,26.494293
1960-12-11,31.5,-25.0,23.722229
1960-12-12,31.5,-25.0,22.506805
1960-12-13,31.5,-25.0,23.106018
1960-12-14,31.5,-25.0,23.70639
1960-12-15,31.5,-25.0,25.011261
1960-12-16,31.5,-25.0,26.333984
1960-12-17,31.5,-25.0,28.421173
1960-12-18,31.5,-25.0,26.108917
1960-12-19,31.5,-25.0,23.665771
1960-12-20,31.5,-25.0,25.424469
1960-12-21,31.5,-25.0,26.036804
1960-12-22,31.5,-25.0,27.147919
1960-12-23,31.5,-25.0,25.54831
1960-12-24,31.5,-25.0,25.420502
1960-12-25,31.5,-25.0,26.322968
1960-12-26,31.5,-25.0,23.27884
1960-12-27,31.5,-25.0,25.128693
1960-12-28,31.5,-25.0,24.169159
1960-12-29,31.5,-25.0,24.643066
1960-12-30,31.5,-25.0,19.087921
1960-12-31,31.5,-25.0,18.405853
1961-01-01,31.5,-25.0,19.306946
1961-01-02,31.5,-25.0,20.2919
1961-01-03,31.5,-25.0,23.025116
1961-01-04,31.5,-25.0,26.345642
1961-01-05,31.5,-25.0,25.13153
1961-01-06,31.5,-25.0,25.565063
1961-01-07,31.5,-25.0,26.691742
1961-01-08,31.5,-25.0,25.398468
1961-01-09,31.5,-25.0,27.525635
1961-01-10,31.5,-25.0,26.89032
1961-01-11,31.5,-25.0,26.852173
1961-01-12,31.5,-25.0,27.943634
1961-01-13,31.5,-25.0,28.143768
1961-01-14,31.5,-25.0,29.438599
1961-01-15,31.5,-25.0,28.437988
1961-01-16,31.5,-25.0,29.635468
1961-01-17,31.5,-25.0,29.419464
1961-01-18,31.5,-25.0,28.363495
1961-01-19,31.5,-25.0,28.03302
1961-01-20,31.5,-25.0,25.8396
1961-01-21,31.5,-25.0,23.425446
1961-01-22,31.5,-25.0,24.434479
1961-01-23,31.5,-25.0,23.515991
1961-01-24,31.5,-25.0,23.411865
1961-01-25,31.5,-25.0,23.984314
1961-01-26,31.5,-25.0,26.568512
1961-01-27,31.5,-25.0,30.27243
1961-01-28,31.5,-25.0,31.128265
1961-01-29,31.5,-25.0,31.265137
1961-01-30,31.5,-25.0,29.32779
1961-01-31,31.5,-25.0,26.34607
1961-02-01,31.5,-25.0,27.156677
1961-02-02,31.5,-25.0,28.521423
1961-02-03,31.5,-25.0,28.248169
1961-02-04,31.5,-25.0,29.482574
1961-02-05,31.5,-25.0,27.868622
1961-02-06,31.5,-25.0,27.03128
1961-02-07,31.5,-25.0,27.496643
1961-02-08,31.5,-25.0,27.515808
1961-02-09,31.5,-25.0,27.927277
1961-02-10,31.5,-25.0,28.292694
1961-02-11,31.5,-25.0,23.983398
1961-02-12,31.5,-25.0,21.104553
1961-02-13,31.5,-25.0,20.000916
1961-02-14,31.5,-25.0,22.030762
1961-02-15,31.5,-25.0,21.99997
1961-02-16,31.5,-25.0,21.624817
1961-02-17,31.5,-25.0,21.623962
1961-02-18,31.5,-25.0,22.846191
1961-02-19,31.5,-25.0,23.339478
1961-02-20,31.5,-25.0,24.709564
1961-02-21,31.5,-25.0,25.126587
1961-02-22,31.5,-25.0,26.740143
1961-02-23,31.5,-25.0,26.305725
1961-02-24,31.5,-25.0,26.361816
1961-02-25,31.5,-25.0,28.150665
1961-02-26,31.5,-25.0,26.829132
1961-02-27,31.5,-25.0,26.514648
1961-02-28,31.5,-25.0,27.522095
1961-03-01,31.5,-25.0,26.870972
1961-03-02,31.5,-25.0,26.44458
1961-03-03,31.5,-25.0,26.223175
1961-03-04,31.5,-25.0,24.194458
1961-03-05,31.5,-25.0,25.151703
1961-03-06,31.5,-25.0,25.533142
1961-03-07,31.5,-25.0,24.06601
1961-03-08,31.5,-25.0,24.330597
1961-03-09,31.5,-25.0,24.075897
1961-03-10,31.5,-25.0,24.448364
1961-03-11,31.5,-25.0,24.903503
1961-03-12,31.5,-25.0,24.987335
1961-03-13,31.5,-25.0,25.444183
1961-03-14,31.5,-25.0,26.742401
1961-03-15,31.5,-25.0,25.782776
1961-03-16,31.5,-25.0,25.349945
1961-03-17,31.5,-25.0,24.280334
1961-03-18,31.5,-25.0,24.379517
1961-03-19,31.5,-25.0,24.277435
1961-03-20,31.5,-25.0,25.560883
1961-03-21,31.5,-25.0,25.408173
1961-03-22,31.5,-25.0,26.690857
1961-03-23,31.5,-25.0,27.907867
1961-03-24,31.5,-25.0,29.484924
1961-03-25,31.5,-25.0,21.913116
1961-03-26,31.5,-25.0,22.308441
1961-03-27,31.5,-25.0,23.966064
1961-03-28,31.5,-25.0,24.788605
1961-03-29,31.5,-25.0,22.542908
1961-03-30,31.5,-25.0,24.202942
1961-03-31,31.5,-25.0,23.217316
1961-04-01,31.5,-25.0,21.898682
1961-04-02,31.5,-25.0,24.417236
1961-04-03,31.5,-25.0,24.506683
1961-04-04,31.5,-25.0,26.02069
1961-04-05,31.5,-25.0,25.129944
1961-04-06,31.5,-25.0,22.763702
1961-04-07,31.5,-25.0,23.440308
1961-04-08,31.5,-25.0,24.30655
1961-04-09,31.5,-25.0,21.70932
1961-04-10,31.5,-25.0,19.469604
1961-04-11,31.5,-25.0,23.379852
1961-04-12,31.5,-25.0,23.38971
1961-04-13,31.5,-25.0,22.380707
1961-04-14,31.5,-25.0,23.74414
1961-04-15,31.5,-25.0,23.95459
1961-04-16,31.5,-25.0,23.52069
1961-04-17,31.5,-25.0,24.19394
1961-04-18,31.5,-25.0,23.621765
1961-04-19,31.5,-25.0,21.365051
1961-04-20,31.5,-25.0,21.861694
1961-04-21,31.5,-25.0,23.341797
1961-04-22,31.5,-25.0,21.19522
1961-04-23,31.5,-25.0,21.21643
1961-04-24,31.5,-25.0,22.352112
1961-04-25,31.5,-25.0,20.861084
1961-04-26,31.5,-25.0,20.235687
1961-04-27,31.5,-25.0,20.16217
1961-04-28,31.5,-25.0,19.822113
1961-04-29,31.5,-25.0,20.460144
1961-04-30,31.5,-25.0,21.302063
1961-05-01,31.5,-25.0,21.693787
1961-05-02,31.5,-25.0,23.176361
1961-05-03,31.5,-25.0,24.676239
1961-05-04,31.5,-25.0,22.111115
1961-05-05,31.5,-25.0,20.752594
1961-05-06,31.5,-25.0,21.108032
1961-05-07,31.5,-25.0,22.613586
1961-05-08,31.5,-25.0,23.015747
1961-05-09,31.5,-25.0,22.206573
1961-05-10,31.5,-25.0,22.114258
1961-05-11,31.5,-25.0,23.506317
1961-05-12,31.5,-25.0,24.274292
1961-05-13,31.5,-25.0,17.78006
1961-05-14,31.5,-25.0,17.374725
1961-05-15,31.5,-25.0,18.906555
1961-05-16,31.5,-25.0,19.594757
1961-05-17,31.5,-25.0,20.961731
1961-05-18,31.5,-25.0,21.75592
1961-05-19,31.5,-25.0,19.397888
1961-05-20,31.5,-25.0,19.7547
1961-05-21,31.5,-25.0,21.986938
1961-05-22,31.5,-25.0,24.17456
1961-05-23,31.5,-25.0,20.932434
1961-05-24,31.5,-25.0,17.762817
1961-05-25,31.5,-25.0,17.409393
1961-05-26,31.5,-25.0,19.56311
1961-05-27,31.5,-25.0,22.75653
1961-05-28,31.5,-25.0,21.338104
1961-05-29,31.5,-25.0,21.690033
1961-05-30,31.5,-25.0,21.009491
1961-05-31,31.5,-25.0,19.950043
1961-06-01,31.5,-25.0,21.09906
1961-06-02,31.5,-25.0,19.619507
1961-06-03,31.5,-25.0,19.228424
1961-06-04,31.5,-25.0,20.104706
1961-06-05,31.5,-25.0,19.166779
1961-06-06,31.5,-25.0,18.154205
1961-06-07,31.5,-25.0,17.4281
1961-06-08,31.5,-25.0,16.750946
1961-06-09,31.5,-25.0,16.602844
1961-06-10,31.5,-25.0,17.68991
1961-06-11,31.5,-25.0,17.989044
1961-06-12,31.5,-25.0,15.530304
1961-06-13,31.5,-25.0,15.619476
1961-06-14,31.5,-25.0,16.006134
1961-06-15,31.5,-25.0,16.222412
1961-06-16,31.5,-25.0,17.31137
1961-06-17,31.5,-25.0,17.639404
1961-06-18,31.5,-25.0,17.115845
1961-06-19,31.5,-25.0,17.29126
1961-06-20,31.5,-25.0,18.296417
1961-06-21,31.5,-25.0,17.06305
1961-06-22,31.5,-25.0,17.950165
1961-06-23,31.5,-25.0,19.059326
1961-06-24,31.5,-25.0,18.244965
1961-06-25,31.5,-25.0,17.821533
1961-06-26,31.5,-25.0,17.391388
1961-06-27,31.5,-25.0,17.122955
1961-06-28,31.5,-25.0,16.72696
1961-06-29,31.5,-25.0,16.725616
1961-06-30,31.5,-25.0,17.60904
1961-07-01,31.5,-25.0,17.420807
1961-07-02,31.5,-25.0,17.808258
1961-07-03,31.5,-25.0,17.369263
1961-07-04,31.5,-25.0,19.289856
1961-07-05,31.5,-25.0,17.635193
1961-07-06,31.5,-25.0,14.673737
1961-07-07,31.5,-25.0,14.887299
1961-07-08,31.5,-25.0,14.154572
1961-07-09,31.5,-25.0,14.549255
1961-07-10,31.5,-25.0,15.021118
1961-07-11,31.5,-25.0,15.916443
1961-07-12,31.5,-25.0,16.454285
1961-07-13,31.5,-25.0,15.986084
1961-07-14,31.5,-25.0,17.862701
1961-07-15,31.5,-25.0,18.23935
1961-07-16,31.5,-25.0,16.543121
1961-07-17,31.5,-25.0,16.29715
1961-07-18,31.5,-25.0,17.101746
1961-07-19,31.5,-25.0,16.060974
1961-07-20,31.5,-25.0,15.964294
1961-07-21,31.5,-25.0,16.25763
1961-07-22,31.5,-25.0,17.299225
1961-07-23,31.5,-25.0,17.559631
1961-07-24,31.5,-25.0,19.176178
1961-07-25,31.5,-25.0,19.25528
1961-07-26,31.5,-25.0,19.417053
1961-07-27,31.5,-25.0,18.974976
1961-07-28,31.5,-25.0,19.094666
1961-07-29,31.5,-25.0,18.214264
1961-07-30,31.5,-25.0,18.300476
1961-07-31,31.5,-25.0,17.58545
1961-08-01,31.5,-25.0,18.362122
1961-08-02,31.5,-25.0,21.184357
1961-08-03,31.5,-25.0,17.552826
1961-08-04,31.5,-25.0,17.907562
1961-08-05,31.5,-25.0,18.263947
1961-08-06,31.5,-25.0,15.578552
1961-08-07,31.5,-25.0,12.919891
1961-08-08,31.5,-25.0,13.532684
1961-08-09,31.5,-25.0,15.252533
1961-08-10,31.5,-25.0,15.004852
1961-08-11,31.5,-25.0,15.182983
1961-08-12,31.5,-25.0,15.886505
1961-08-13,31.5,-25.0,16.98349
1961-08-14,31.5,-25.0,16.95337
1961-08-15,31.5,-25.0,18.504425
1961-08-16,31.5,-25.0,19.399261
1961-08-17,31.5,-25.0,19.518677
1961-08-18,31.5,-25.0,15.873383
1961-08-19,31.5,-25.0,16.229614
1961-08-20,31.5,-25.0,15.229309
1961-08-21,31.5,-25.0,15.337738
1961-08-22,31.5,-25.0,16.078003
1961-08-23,31.5,-25.0,16.770966
1961-08-24,31.5,-25.0,16.393677
1961-08-25,31.5,-25.0,16.904663
1961-08-26,31.5,-25.0,19.990997
1961-08-27,31.5,-25.0,18.94522
1961-08-28,31.5,-25.0,20.420105
1961-08-29,31.5,-25.0,23.428864
1961-08-30,31.5,-25.0,23.997772
1961-08-31,31.5,-25.0,26.166351
1961-09-01,31.5,-25.0,27.101837
1961-09-02,31.5,-25.0,18.475067
1961-09-03,31.5,-25.0,16.885101
1961-09-04,31.5,-25.0,16.672363
1961-09-05,31.5,-25.0,16.496704
1961-09-06,31.5,-25.0,17.932983
1961-09-07,31.5,-25.0,22.890411
1961-09-08,31.5,-25.0,25.008026
1961-09-09,31.5,-25.0,22.042847
1961-09-10,31.5,-25.0,23.31131
1961-09-11,31.5,-25.0,24.906708
1961-09-12,31.5,-25.0,24.637848
1961-09-13,31.5,-25.0,24.919159
1961-09-14,31.5,-25.0,23.249298
1961-09-15,31.5,-25.0,27.519165
1961-09-16,31.5,-25.0,25.350769
1961-09-17,31.5,-25.0,19.875275
1961-09-18,31.5,-25.0,20.037018
1961-09-19,31.5,-25.0,23.397156
1961-09-20,31.5,-25.0,26.746246
1961-09-21,31.5,-25.0,27.745392
1961-09-22,31.5,-25.0,21.745117
1961-09-23,31.5,-25.0,22.521057
1961-09-24,31.5,-25.0,24.661987
1961-09-25,31.5,-25.0,19.66037
1961-09-26,31.5,-25.0,21.120056
1961-09-27,31.5,-25.0,24.041107
1961-09-28,31.5,-25.0,21.29007
1961-09-29,31.5,-25.0,16.215118
1961-09-30,31.5,-25.0,17.656464
1961-10-01,31.5,-25.0,21.495026
1961-10-02,31.5,-25.0,22.55606
1961-10-03,31.5,-25.0,22.664429
1961-10-04,31.5,-25.0,17.608032
1961-10-05,31.5,-25.0,16.809814
1961-10-06,31.5,-25.0,17.987701
1961-10-07,31.5,-25.0,20.119965
1961-10-08,31.5,-25.0,25.569366
1961-10-09,31.5,-25.0,20.568695
1961-10-10,31.5,-25.0,20.140228
1961-10-11,31.5,-25.0,23.60675
1961-10-12,31.5,-25.0,28.285156
1961-10-13,31.5,-25.0,27.62558
1961-10-14,31.5,-25.0,23.372284
1961-10-15,31.5,-25.0,22.83963
1961-10-16,31.5,-25.0,18.274414
1961-10-17,31.5,-25.0,20.143341
1961-10-18,31.5,-25.0,21.40915
1961-10-19,31.5,-25.0,24.82071
1961-10-20,31.5,-25.0,26.96756
1961-10-21,31.5,-25.0,28.930695
1961-10-22,31.5,-25.0,22.533722
1961-10-23,31.5,-25.0,26.147034
1961-10-24,31.5,-25.0,27.581268
1961-10-25,31.5,-25.0,20.594482
1961-10-26,31.5,-25.0,24.723694
1961-10-27,31.5,-25.0,30.63266
1961-10-28,31.5,-25.0,24.37738
1961-10-29,31.5,-25.0,16.256622
1961-10-30,31.5,-25.0,15.166473
1961-10-31,31.5,-25.0,17.38794
1961-11-01,31.5,-25.0,21.328766
1961-11-02,31.5,-25.0,25.737946
1961-11-03,31.5,-25.0,24.621674
1961-11-04,31.5,-25.0,27.4617
1961-11-05,31.5,-25.0,21.386993
1961-11-06,31.5,-25.0,20.449982
1961-11-07,31.5,-25.0,21.49762
1961-11-08,31.5,-25.0,22.330566
1961-11-09,31.5,-25.0,21.937225
1961-11-10,31.5,-25.0,22.078888
1961-11-11,31.5,-25.0,21.060455
1961-11-12,31.5,-25.0,20.37857
1961-11-13,31.5,-25.0,24.063751
1961-11-14,31.5,-25.0,23.445587
1961-11-15,31.5,-25.0,18.90683
1961-11-16,31.5,-25.0,23.009094
1961-11-17,31.5,-25.0,25.593445
1961-11-18,31.5,-25.0,25.702087
1961-11-19,31.5,-25.0,29.176025
1961-11-20,31.5,-25.0,29.961395
1961-11-21,31.5,-25.0,29.421234
1961-11-22,31.5,-25.0,28.442749
1961-11-23,31.5,-25.0,25.00232
1961-11-24,31.5,-25.0,23.309448
1961-11-25,31.5,-25.0,22.781616
1961-11-26,31.5,-25.0,22.125519
1961-11-27,31.5,-25.0,22.945831
1961-11-28,31.5,-25.0,27.306274
1961-11-29,31.5,-25.0,24.612244
1961-11-30,31.5,-25.0,26.143707
1961-12-01,31.5,-25.0,21.073425
1961-12-02,31.5,-25.0,17.269196
1961-12-03,31.5,-25.0,20.184326
1961-12-04,31.5,-25.0,24.10431
1961-12-05,31.5,-25.0,24.362
1961-12-06,31.5,-25.0,21.291138
1961-12-07,31.5,-25.0,22.688873
1961-12-08,31.5,-25.0,25.397064
1961-12-09,31.5,-25.0,27.604767
1961-12-10,31.5,-25.0,25.68576
1961-12-11,31.5,-25.0,25.496277
1961-12-12,31.5,-25.0,29.33316
1961-12-13,31.5,-25.0,26.921112
1961-12-14,31.5,-25.0,19.119904
1961-12-15,31.5,-25.0,18.04657
1961-12-16,31.5,-25.0,20.850891
1961-12-17,31.5,-25.0,25.428406
1961-12-18,31.5,-25.0,27.00946
1961-12-19,31.5,-25.0,27.422882
1961-12-20,31.5,-25.0,28.98996
1961-12-21,31.5,-25.0,28.619629
1961-12-22,31.5,-25.0,28.390594
1961-12-23,31.5,-25.0,24.641693
1961-12-24,31.5,-25.0,27.302917
1961-12-25,31.5,-25.0,27.906311
1961-12-26,31.5,-25.0,17.198761
1961-12-27,31.5,-25.0,19.3974
1961-12-28,31.5,-25.0,21.849915
1961-12-29,31.5,-25.0,22.74524
1961-12-30,31.5,-25.0,22.780884
1961-12-31,31.5,-25.0,24.998657
1962-01-01,31.5,-25.0,26.952759
1962-01-02,31.5,-25.0,23.805481
1962-01-03,31.5,-25.0,25.285187
1962-01-04,31.5,-25.0,28.67035
1962-01-05,31.5,-25.0,26.985321
1962-01-06,31.5,-25.0,27.859406
1962-01-07,31.5,-25.0,28.880646
1962-01-08,31.5,-25.0,30.473145
1962-01-09,31.5,-25.0,27.135284
1962-01-10,31.5,-25.0,22.319214
1962-01-11,31.5,-25.0,22.454407
1962-01-12,31.5,-25.0,24.76007
1962-01-13,31.5,-25.0,25.6279
1962-01-14,31.5,-25.0,26.675629
1962-01-15,31.5,-25.0,26.094482
1962-01-16,31.5,-25.0,24.274323
1962-01-17,31.5,-25.0,24.245483
1962-01-18,31.5,-25.0,24.168549
1962-01-19,31.5,-25.0,25.080719
1962-01-20,31.5,-25.0,25.895172
1962-01-21,31.5,-25.0,21.801544
1962-01-22,31.5,-25.0,22.582642
1962-01-23,31.5,-25.0,23.912659
1962-01-24,31.5,-25.0,22.543365
1962-01-25,31.5,-25.0,23.349304
1962-01-26,31.5,-25.0,28.13028
1962-01-27,31.5,-25.0,22.502075
1962-01-28,31.5,-25.0,21.13623
1962-01-29,31.5,-25.0,22.702667
1962-01-30,31.5,-25.0,23.142609
1962-01-31,31.5,-25.0,23.008545
1962-02-01,31.5,-25.0,24.413269
1962-02-02,31.5,-25.0,25.85794
1962-02-03,31.5,-25.0,29.84262
1962-02-04,31.5,-25.0,28.909698
1962-02-05,31.5,-25.0,26.803223
1962-02-06,31.5,-25.0,29.473633
1962-02-07,31.5,-25.0,27.043396
1962-02-08,31.5,-25.0,29.7901
1962-02-09,31.5,-25.0,30.88861
1962-02-10,31.5,-25.0,30.179962
1962-02-11,31.5,-25.0,28.871185
1962-02-12,31.5,-25.0,30.778107
1962-02-13,31.5,-25.0,28.424225
1962-02-14,31.5,-25.0,27.095001
1962-02-15,31.5,-25.0,24.311523
1962-02-16,31.5,-25.0,22.819122
1962-02-17,31.5,-25.0,26.530548
1962-02-18,31.5,-25.0,29.50653
1962-02-19,31.5,-25.0,26.728363
1962-02-20,31.5,-25.0,25.9487
1962-02-21,31.5,-25.0,25.609283
1962-02-22,31.5,-25.0,26.905548
1962-02-23,31.5,-25.0,24.558624
1962-02-24,31.5,-25.0,25.722992
1962-02-25,31.5,-25.0,26.58374
1962-02-26,31.5,-25.0,24.19165
1962-02-27,31.5,-25.0,28.016785
1962-02-28,31.5,-25.0,23.531403
1962-03-01,31.5,-25.0,23.525208
1962-03-02,31.5,-25.0,25.053223
1962-03-03,31.5,-25.0,24.06955
1962-03-04,31.5,-25.0,25.694733
1962-03-05,31.5,-25.0,26.747711
1962-03-06,31.5,-25.0,28.091217
1962-03-07,31.5,-25.0,27.406372
1962-03-08,31.5,-25.0,26.459442
1962-03-09,31.5,-25.0,25.528015
1962-03-10,31.5,-25.0,28.733795
1962-03-11,31.5,-25.0,26.71225
1962-03-12,31.5,-25.0,19.091919
1962-03-13,31.5,-25.0,20.902405
1962-03-14,31.5,-25.0,24.422485
1962-03-15,31.5,-25.0,25.591034
1962-03-16,31.5,-25.0,25.484589
1962-03-17,31.5,-25.0,23.668976
1962-03-18,31.5,-25.0,22.990417
1962-03-19,31.5,-25.0,23.81717
1962-03-20,31.5,-25.0,24.856323
1962-03-21,31.5,-25.0,25.24179
1962-03-22,31.5,-25.0,26.705353
1962-03-23,31.5,-25.0,29.16864
1962-03-24,31.5,-25.0,25.608185
1962-03-25,31.5,-25.0,26.783142
1962-03-26,31.5,-25.0,23.046967
1962-03-27,31.5,-25.0,23.113312
1962-03-28,31.5,-25.0,22.461548
1962-03-29,31.5,-25.0,23.74295
1962-03-30,31.5,-25.0,24.694489
1962-03-31,31.5,-25.0,23.910736
1962-04-01,31.5,-25.0,24.067932
1962-04-02,31.5,-25.0,24.116974
1962-04-03,31.5,-25.0,22.914154
1962-04-04,31.5,-25.0,22.215668
1962-04-05,31.5,-25.0,21.409058
1962-04-06,31.5,-25.0,21.101105
1962-04-07,31.5,-25.0,21.03769
1962-04-08,31.5,-25.0,21.712982
1962-04-09,31.5,-25.0,23.12265
1962-04-10,31.5,-25.0,22.377594
1962-04-11,31.5,-25.0,23.8685
1962-04-12,31.5,-25.0,26.061401
1962-04-13,31.5,-25.0,24.338654
1962-04-14,31.5,-25.0,26.408844
1962-04-15,31.5,-25.0,21.559723
1962-04-16,31.5,-25.0,21.986877
1962-04-17,31.5,-25.0,22.39029
1962-04-18,31.5,-25.0,22.088287
1962-04-19,31.5,-25.0,23.879639
1962-04-20,31.5,-25.0,23.929901
1962-04-21,31.5,-25.0,24.236603
1962-04-22,31.5,-25.0,25.92749
1962-04-23,31.5,-25.0,25.153625
1962-04-24,31.5,-25.0,19.59085
1962-04-25,31.5,-25.0,17.190552
1962-04-26,31.5,-25.0,18.616913
1962-04-27,31.5,-25.0,20.259338
1962-04-28,31.5,-25.0,19.196228
1962-04-29,31.5,-25.0,18.464783
1962-04-30,31.5,-25.0,18.9628
1962-05-01,31.5,-25.0,19.525513
1962-05-02,31.5,-25.0,20.254211
1962-05-03,31.5,-25.0,17.999908
1962-05-04,31.5,-25.0,16.554108
1962-05-05,31.5,-25.0,17.20581
1962-05-06,31.5,-25.0,17.522095
1962-05-07,31.5,-25.0,16.29956
1962-05-08,31.5,-25.0,17.56491
1962-05-09,31.5,-25.0,19.065125
1962-05-10,31.5,-25.0,18.960297
1962-05-11,31.5,-25.0,18.84021
1962-05-12,31.5,-25.0,20.019836
1962-05-13,31.5,-25.0,19.657745
1962-05-14,31.5,-25.0,18.046295
1962-05-15,31.5,-25.0,17.499756
1962-05-16,31.5,-25.0,17.667206
1962-05-17,31.5,-25.0,19.206573
1962-05-18,31.5,-25.0,19.532562
1962-05-19,31.5,-25.0,18.713806
1962-05-20,31.5,-25.0,18.366272
1962-05-21,31.5,-25.0,17.761322
1962-05-22,31.5,-25.0,18.195923
1962-05-23,31.5,-25.0,18.327911
1962-05-24,31.5,-25.0,17.759155
1962-05-25,31.5,-25.0,18.446808
1962-05-26,31.5,-25.0,20.095917
1962-05-27,31.5,-25.0,18.841003
1962-05-28,31.5,-25.0,17.188019
1962-05-29,31.5,-25.0,15.813324
1962-05-30,31.5,-25.0,16.21167
1962-05-31,31.5,-25.0,16.302155
1962-06-01,31.5,-25.0,16.122803
1962-06-02,31.5,-25.0,16.19757
1962-06-03,31.5,-25.0,17.258972
1962-06-04,31.5,-25.0,17.141327
1962-06-05,31.5,-25.0,17.324646
1962-06-06,31.5,-25.0,16.90982
1962-06-07,31.5,-25.0,17.472168
1962-06-08,31.5,-25.0,19.25354
1962-06-09,31.5,-25.0,19.46109
1962-06-10,31.5,-25.0,16.751709
1962-06-11,31.5,-25.0,16.682465
1962-06-12,31.5,-25.0,18.89914
1962-06-13,31.5,-25.0,18.460327
1962-06-14,31.5,-25.0,15.395264
1962-06-15,31.5,-25.0,15.559967
1962-06-16,31.5,-25.0,18.078766
1962-06-17,31.5,-25.0,19.743622
1962-06-18,31.5,-25.0,20.7247
1962-06-19,31.5,-25.0,20.207245
1962-06-20,31.5,-25.0,20.742462
1962-06-21,31.5,-25.0,19.03717
1962-06-22,31.5,-25.0,20.241333
1962-06-23,31.5,-25.0,21.28244
1962-06-24,31.5,-25.0,17.821625
1962-06-25,31.5,-25.0,18.36322
1962-06-26,31.5,-25.0,20.951263
1962-06-27,31.5,-25.0,21.11081
1962-06-28,31.5,-25.0,19.181885
1962-06-29,31.5,-25.0,19.475006
1962-06-30,31.5,-25.0,19.882355
1962-07-01,31.5,-25.0,18.24353
1962-07-02,31.5,-25.0,18.285034
1962-07-03,31.5,-25.0,17.301727
1962-07-04,31.5,-25.0,16.998657
1962-07-05,31.5,-25.0,17.754822
1962-07-06,31.5,-25.0,18.32428
1962-07-07,31.5,-25.0,18.49414
1962-07-08,31.5,-25.0,19.580597
1962-07-09,31.5,-25.0,16.61554
1962-07-10,31.5,-25.0,15.71109
1962-07-11,31.5,-25.0,15.823334
1962-07-12,31.5,-25.0,16.173157
1962-07-13,31.5,-25.0,15.378174
1962-07-14,31.5,-25.0,16.238098
1962-07-15,31.5,-25.0,16.515747
1962-07-16,31.5,-25.0,17.646332
1962-07-17,31.5,-25.0,16.83435
1962-07-18,31.5,-25.0,17.421417
1962-07-19,31.5,-25.0,18.914795
1962-07-20,31.5,-25.0,17.802307
1962-07-21,31.5,-25.0,17.672699
1962-07-22,31.5,-25.0,17.68518
1962-07-23,31.5,-25.0,18.179352
1962-07-24,31.5,-25.0,18.69931
1962-07-25,31.5,-25.0,20.763336
1962-07-26,31.5,-25.0,17.534668
1962-07-27,31.5,-25.0,16.105103
1962-07-28,31.5,-25.0,17.288513
1962-07-29,31.5,-25.0,17.125824
1962-07-30,31.5,-25.0,15.812653
1962-07-31,31.5,-25.0,16.158936
1962-08-01,31.5,-25.0,16.108826
1962-08-02,31.5,-25.0,19.76123
1962-08-03,31.5,-25.0,21.625854
1962-08-04,31.5,-25.0,16.86316
1962-08-05,31.5,-25.0,16.830627
1962-08-06,31.5,-25.0,18.898132
1962-08-07,31.5,-25.0,19.693481
1962-08-08,31.5,-25.0,20.354584
1962-08-09,31.5,-25.0,19.300018
1962-08-10,31.5,-25.0,21.041199
1962-08-11,31.5,-25.0,19.589722
1962-08-12,31.5,-25.0,19.34787
1962-08-13,31.5,-25.0,22.193634
1962-08-14,31.5,-25.0,19.789001
1962-08-15,31.5,-25.0,19.94577
1962-08-16,31.5,-25.0,18.844482
1962-08-17,31.5,-25.0,20.189392
1962-08-18,31.5,-25.0,19.713104
1962-08-19,31.5,-25.0,18.547699
1962-08-20,31.5,-25.0,21.680359
1962-08-21,31.5,-25.0,24.37265
1962-08-22,31.5,-25.0,21.144714
1962-08-23,31.5,-25.0,22.582031
1962-08-24,31.5,-25.0,21.700745
1962-08-25,31.5,-25.0,24.103943
1962-08-26,31.5,-25.0,26.395172
1962-08-27,31.5,-25.0,17.528625
1962-08-28,31.5,-25.0,13.196014
1962-08-29,31.5,-25.0,17.24347
1962-08-30,31.5,-25.0,17.707031
1962-08-31,31.5,-25.0,19.793488
1962-09-01,31.5,-25.0,22.893555
1962-09-02,31.5,-25.0,24.592377
1962-09-03,31.5,-25.0,26.067719
1962-09-04,31.5,-25.0,20.692474
1962-09-05,31.5,-25.0,22.461395
1962-09-06,31.5,-25.0,21.681396
1962-09-07,31.5,-25.0,23.634094
1962-09-08,31.5,-25.0,23.139923
1962-09-09,31.5,-25.0,22.785767
1962-09-10,31.5,-25.0,22.073639
1962-09-11,31.5,-25.0,23.173523
1962-09-12,31.5,-25.0,20.23413
1962-09-13,31.5,-25.0,23.008911
1962-09-14,31.5,-25.0,23.987946
1962-09-15,31.5,-25.0,17.524933
1962-09-16,31.5,-25.0,20.36435
1962-09-17,31.5,-25.0,25.914612
1962-09-18,31.5,-25.0,24.547974
1962-09-19,31.5,-25.0,19.390045
1962-09-20,31.5,-25.0,21.064026
1962-09-21,31.5,-25.0,20.27414
1962-09-22,31.5,-25.0,24.02594
1962-09-23,31.5,-25.0,28.468872
1962-09-24,31.5,-25.0,30.25064
1962-09-25,31.5,-25.0,28.42566
1962-09-26,31.5,-25.0,28.278534
1962-09-27,31.5,-25.0,26.978882
1962-09-28,31.5,-25.0,19.885254
1962-09-29,31.5,-25.0,22.583221
1962-09-30,31.5,-25.0,25.847778
1962-10-01,31.5,-25.0,23.727844
1962-10-02,31.5,-25.0,24.21762
1962-10-03,31.5,-25.0,28.685242
1962-10-04,31.5,-25.0,25.001556
1962-10-05,31.5,-25.0,25.645569
1962-10-06,31.5,-25.0,28.278137
1962-10-07,31.5,-25.0,30.445557
1962-10-08,31.5,-25.0,31.411865
1962-10-09,31.5,-25.0,24.716034
1962-10-10,31.5,-25.0,18.320923
1962-10-11,31.5,-25.0,20.828278
1962-10-12,31.5,-25.0,23.329926
1962-10-13,31.5,-25.0,24.306976
1962-10-14,31.5,-25.0,27.268188
1962-10-15,31.5,-25.0,26.683868
1962-10-16,31.5,-25.0,30.327057
1962-10-17,31.5,-25.0,32.28076
1962-10-18,31.5,-25.0,29.591583
1962-10-19,31.5,-25.0,18.624756
1962-10-20,31.5,-25.0,19.143616
1962-10-21,31.5,-25.0,21.573242
1962-10-22,31.5,-25.0,23.401398
1962-10-23,31.5,-25.0,25.999207
1962-10-24,31.5,-25.0,23.607544
1962-10-25,31.5,-25.0,22.66629
1962-10-26,31.5,-25.0,25.139923
1962-10-27,31.5,-25.0,27.676575
1962-10-28,31.5,-25.0,28.259094
1962-10-29,31.5,-25.0,29.214783
1962-10-30,31.5,-25.0,29.330414
1962-10-31,31.5,-25.0,23.095428
1962-11-01,31.5,-25.0,23.297241
1962-11-02,31.5,-25.0,24.341187
1962-11-03,31.5,-25.0,25.621826
1962-11-04,31.5,-25.0,24.246246
1962-11-05,31.5,-25.0,25.025513
1962-11-06,31.5,-25.0,23.63861
1962-11-07,31.5,-25.0,24.143036
1962-11-08,31.5,-25.0,25.480255
1962-11-09,31.5,-25.0,27.100739
1962-11-10,31.5,-25.0,27.73526
1962-11-11,31.5,-25.0,30.322693
1962-11-12,31.5,-25.0,31.958008
1962-11-13,31.5,-25.0,34.714783
1962-11-14,31.5,-25.0,22.015411
1962-11-15,31.5,-25.0,19.954254
1962-11-16,31.5,-25.0,22.784088
1962-11-17,31.5,-25.0,18.466522
1962-11-18,31.5,-25.0,19.67276
1962-11-19,31.5,-25.0,21.842438
1962-11-20,31.5,-25.0,24.54065
1962-11-21,31.5,-25.0,28.015747
1962-11-22,31.5,-25.0,23.925018
1962-11-23,31.5,-25.0,20.46164
1962-11-24,31.5,-25.0,22.36496
1962-11-25,31.5,-25.0,24.591125
1962-11-26,31.5,-25.0,24.94397
1962-11-27,31.5,-25.0,21.235504
1962-11-28,31.5,-25.0,21.002502
1962-11-29,31.5,-25.0,22.517456
1962-11-30,31.5,-25.0,23.747192
1962-12-01,31.5,-25.0,24.91803
1962-12-02,31.5,-25.0,24.288025
1962-12-03,31.5,-25.0,23.713318
1962-12-04,31.5,-25.0,24.780273
1962-12-05,31.5,-25.0,25.78891
1962-12-06,31.5,-25.0,25.553955
1962-12-07,31.5,-25.0,27.631165
1962-12-08,31.5,-25.0,23.764282
1962-12-09,31.5,-25.0,25.65155
1962-12-10,31.5,-25.0,29.41156
1962-12-11,31.5,-25.0,26.818604
1962-12-12,31.5,-25.0,26.660065
1962-12-13,31.5,-25.0,22.350464
1962-12-14,31.5,-25.0,24.104034
1962-12-15,31.5,-25.0,26.602142
1962-12-16,31.5,-25.0,26.93457
1962-12-17,31.5,-25.0,25.138275
1962-12-18,31.5,-25.0,25.090118
1962-12-19,31.5,-25.0,25.885712
1962-12-20,31.5,-25.0,24.35379
1962-12-21,31.5,-25.0,22.964203
1962-12-22,31.5,-25.0,25.398438
1962-12-23,31.5,-25.0,26.76355
1962-12-24,31.5,-25.0,25.040802
1962-12-25,31.5,-25.0,22.674652
1962-12-26,31.5,-25.0,22.839966
1962-12-27,31.5,-25.0,22.515442
1962-12-28,31.5,-25.0,22.934143
1962-12-29,31.5,-25.0,23.118927
1962-12-30,31.5,-25.0,22.768707
1962-12-31,31.5,-25.0,23.108612
1963-01-01,31.5,-25.0,23.19165
1963-01-02,31.5,-25.0,22.947296
1963-01-03,31.5,-25.0,24.242554
1963-01-04,31.5,-25.0,25.413727
1963-01-05,31.5,-25.0,27.495667
1963-01-06,31.5,-25.0,22.265472
1963-01-07,31.5,-25.0,25.38269
1963-01-08,31.5,-25.0,29.415802
1963-01-09,31.5,-25.0,25.283447
1963-01-10,31.5,-25.0,26.456116
1963-01-11,31.5,-25.0,26.119476
1963-01-12,31.5,-25.0,21.864471
1963-01-13,31.5,-25.0,23.15445
1963-01-14,31.5,-25.0,25.402374
1963-01-15,31.5,-25.0,26.753357
1963-01-16,31.5,-25.0,25.591675
1963-01-17,31.5,-25.0,25.967316
1963-01-18,31.5,-25.0,27.25122
1963-01-19,31.5,-25.0,26.48108
1963-01-20,31.5,-25.0,26.69223
1963-01-21,31.5,-25.0,27.240814
1963-01-22,31.5,-25.0,28.39804
1963-01-23,31.5,-25.0,28.266296
1963-01-24,31.5,-25.0,24.756195
1963-01-25,31.5,-25.0,20.511505
1963-01-26,31.5,-25.0,20.522919
1963-01-27,31.5,-25.0,22.61499
1963-01-28,31.5,-25.0,25.033875
1963-01-29,31.5,-25.0,23.171906
1963-01-30,31.5,-25.0,24.011597
1963-01-31,31.5,-25.0,25.294159
1963-02-01,31.5,-25.0,25.974426
1963-02-02,31.5,-25.0,25.81903
1963-02-03,31.5,-25.0,23.143433
1963-02-04,31.5,-25.0,22.822449
1963-02-05,31.5,-25.0,23.65155
1963-02-06,31.5,-25.0,25.275665
1963-02-07,31.5,-25.0,24.445435
1963-02-08,31.5,-25.0,26.643402
1963-02-09,31.5,-25.0,27.848083
1963-02-10,31.5,-25.0,26.299408
1963-02-11,31.5,-25.0,26.687775
1963-02-12,31.5,-25.0,26.487
1963-02-13,31.5,-25.0,26.925262
1963-02-14,31.5,-25.0,28.308563
1963-02-15,31.5,-25.0,27.997162
1963-02-16,31.5,-25.0,28.011261
1963-02-17,31.5,-25.0,27.770264
1963-02-18,31.5,-25.0,27.036499
1963-02-19,31.5,-25.0,25.91568
1963-02-20,31.5,-25.0,25.439728
1963-02-21,31.5,-25.0,26.145416
1963-02-22,31.5,-25.0,27.814148
1963-02-23,31.5,-25.0,28.80371
1963-02-24,31.5,-25.0,23.397156
1963-02-25,31.5,-25.0,22.56955
1963-02-26,31.5,-25.0,22.126831
1963-02-27,31.5,-25.0,22.09488
1963-02-28,31.5,-25.0,23.02237
1963-03-01,31.5,-25.0,25.69043
1963-03-02,31.5,-25.0,28.491821
1963-03-03,31.5,-25.0,28.495789
1963-03-04,31.5,-25.0,25.653442
1963-03-05,31.5,-25.0,25.354767
1963-03-06,31.5,-25.0,27.443298
1963-03-07,31.5,-25.0,28.489044
1963-03-08,31.5,-25.0,28.059204
1963-03-09,31.5,-25.0,21.69629
1963-03-10,31.5,-25.0,21.47882
1963-03-11,31.5,-25.0,21.29956
1963-03-12,31.5,-25.0,22.342285
1963-03-13,31.5,-25.0,23.11618
1963-03-14,31.5,-25.0,24.564758
1963-03-15,31.5,-25.0,25.47229
1963-03-16,31.5,-25.0,25.444427
1963-03-17,31.5,-25.0,24.264954
1963-03-18,31.5,-25.0,22.251404
1963-03-19,31.5,-25.0,20.521027
1963-03-20,31.5,-25.0,20.643158
1963-03-21,31.5,-25.0,22.034363
1963-03-22,31.5,-25.0,24.94748
1963-03-23,31.5,-25.0,24.42157
1963-03-24,31.5,-25.0,19.601044
1963-03-25,31.5,-25.0,20.79303
1963-03-26,31.5,-25.0,24.84845
1963-03-27,31.5,-25.0,24.33606
1963-03-28,31.5,-25.0,23.200165
1963-03-29,31.5,-25.0,24.022125
1963-03-30,31.5,-25.0,24.819336
1963-03-31,31.5,-25.0,24.531738
1963-04-01,31.5,-25.0,25.718994
1963-04-02,31.5,-25.0,26.81778
1963-04-03,31.5,-25.0,20.994934
1963-04-04,31.5,-25.0,23.886505
1963-04-05,31.5,-25.0,23.345917
1963-04-06,31.5,-25.0,23.06842
1963-04-07,31.5,-25.0,22.371765
1963-04-08,31.5,-25.0,18.103333
1963-04-09,31.5,-25.0,20.21576
1963-04-10,31.5,-25.0,22.088531
1963-04-11,31.5,-25.0,21.61383
1963-04-12,31.5,-25.0,22.634308
1963-04-13,31.5,-25.0,23.5531
1963-04-14,31.5,-25.0,21.92804
1963-04-15,31.5,-25.0,20.893768
1963-04-16,31.5,-25.0,20.747742
1963-04-17,31.5,-25.0,21.391022
1963-04-18,31.5,-25.0,22.66455
1963-04-19,31.5,-25.0,22.43695
1963-04-20,31.5,-25.0,23.394073
1963-04-21,31.5,-25.0,18.26886
1963-04-22,31.5,-25.0,17.007599
1963-04-23,31.5,-25.0,18.097015
1963-04-24,31.5,-25.0,19.017944
1963-04-25,31.5,-25.0,19.672058
1963-04-26,31.5,-25.0,19.835602
1963-04-27,31.5,-25.0,19.866272
1963-04-28,31.5,-25.0,19.130768
1963-04-29,31.5,-25.0,20.32431
1963-04-30,31.5,-25.0,19.301758
1963-05-01,31.5,-25.0,19.33371
1963-05-02,31.5,-25.0,18.933441
1963-05-03,31.5,-25.0,19.139984
1963-05-04,31.5,-25.0,18.353241
1963-05-05,31.5,-25.0,18.728546
1963-05-06,31.5,-25.0,19.181305
1963-05-07,31.5,-25.0,18.407959
1963-05-08,31.5,-25.0,18.817719
1963-05-09,31.5,-25.0,18.479553
1963-05-10,31.5,-25.0,18.510193
1963-05-11,31.5,-25.0,19.386963
1963-05-12,31.5,-25.0,20.357391
1963-05-13,31.5,-25.0,19.198914
1963-05-14,31.5,-25.0,19.007202
1963-05-15,31.5,-25.0,21.406128
1963-05-16,31.5,-25.0,20.100677
1963-05-17,31.5,-25.0,17.990936
1963-05-18,31.5,-25.0,17.848236
1963-05-19,31.5,-25.0,16.539856
1963-05-20,31.5,-25.0,17.031372
1963-05-21,31.5,-25.0,18.691559
1963-05-22,31.5,-25.0,20.142365
1963-05-23,31.5,-25.0,18.296387
1963-05-24,31.5,-25.0,17.104736
1963-05-25,31.5,-25.0,17.715393
1963-05-26,31.5,-25.0,19.733978
1963-05-27,31.5,-25.0,20.29892
1963-05-28,31.5,-25.0,17.786377
1963-05-29,31.5,-25.0,16.976654
1963-05-30,31.5,-25.0,16.75055
1963-05-31,31.5,-25.0,16.582184
1963-06-01,31.5,-25.0,16.956482
1963-06-02,31.5,-25.0,17.002869
1963-06-03,31.5,-25.0,16.409637
1963-06-04,31.5,-25.0,16.717468
1963-06-05,31.5,-25.0,15.425049
1963-06-06,31.5,-25.0,15.224976
1963-06-07,31.5,-25.0,16.0466
1963-06-08,31.5,-25.0,15.857025
1963-06-09,31.5,-25.0,17.585388
1963-06-10,31.5,-25.0,18.363953
1963-06-11,31.5,-25.0,17.442139
1963-06-12,31.5,-25.0,14.933746
1963-06-13,31.5,-25.0,13.726044
1963-06-14,31.5,-25.0,14.450134
1963-06-15,31.5,-25.0,14.760712
1963-06-16,31.5,-25.0,15.797821
1963-06-17,31.5,-25.0,16.558136
1963-06-18,31.5,-25.0,16.489807
1963-06-19,31.5,-25.0,16.761505
1963-06-20,31.5,-25.0,16.513123
1963-06-21,31.5,-25.0,17.326538
1963-06-22,31.5,-25.0,18.578613
1963-06-23,31.5,-25.0,17.512482
1963-06-24,31.5,-25.0,14.5112
1963-06-25,31.5,-25.0,13.598419
1963-06-26,31.5,-25.0,14.374542
1963-06-27,31.5,-25.0,15.24231
1963-06-28,31.5,-25.0,16.050476
1963-06-29,31.5,-25.0,14.58606
1963-06-30,31.5,-25.0,15.352264
1963-07-01,31.5,-25.0,15.705872
1963-07-02,31.5,-25.0,14.764374
1963-07-03,31.5,-25.0,13.918732
1963-07-04,31.5,-25.0,13.118774
1963-07-05,31.5,-25.0,13.430023
1963-07-06,31.5,-25.0,13.981842
1963-07-07,31.5,-25.0,14.227356
1963-07-08,31.5,-25.0,14.14682
1963-07-09,31.5,-25.0,14.833099
1963-07-10,31.5,-25.0,16.746124
1963-07-11,31.5,-25.0,14.442627
1963-07-12,31.5,-25.0,13.7854
1963-07-13,31.5,-25.0,12.881012
1963-07-14,31.5,-25.0,13.032013
1963-07-15,31.5,-25.0,13.027649
1963-07-16,31.5,-25.0,13.650848
1963-07-17,31.5,-25.0,14.472687
1963-07-18,31.5,-25.0,16.01416
1963-07-19,31.5,-25.0,16.410736
1963-07-20,31.5,-25.0,16.41745
1963-07-21,31.5,-25.0,16.049591
1963-07-22,31.5,-25.0,16.292053
1963-07-23,31.5,-25.0,16.468079
1963-07-24,31.5,-25.0,16.293518
1963-07-25,31.5,-25.0,18.01004
1963-07-26,31.5,-25.0,16.594147
1963-07-27,31.5,-25.0,14.418182
1963-07-28,31.5,-25.0,14.084442
1963-07-29,31.5,-25.0,15.744934
1963-07-30,31.5,-25.0,16.921173
1963-07-31,31.5,-25.0,17.310913
1963-08-01,31.5,-25.0,16.512604
1963-08-02,31.5,-25.0,15.583191
1963-08-03,31.5,-25.0,15.258942
1963-08-04,31.5,-25.0,15.578247
1963-08-05,31.5,-25.0,16.621582
1963-08-06,31.5,-25.0,17.978699
1963-08-07,31.5,-25.0,18.802917
1963-08-08,31.5,-25.0,22.007324
1963-08-09,31.5,-25.0,19.021576
1963-08-10,31.5,-25.0,18.427155
1963-08-11,31.5,-25.0,17.58197
1963-08-12,31.5,-25.0,18.705475
1963-08-13,31.5,-25.0,20.886322
1963-08-14,31.5,-25.0,17.151703
1963-08-15,31.5,-25.0,18.23346
1963-08-16,31.5,-25.0,15.397675
1963-08-17,31.5,-25.0,16.572418
1963-08-18,31.5,-25.0,17.288788
1963-08-19,31.5,-25.0,16.791168
1963-08-20,31.5,-25.0,18.244446
1963-08-21,31.5,-25.0,20.688934
1963-08-22,31.5,-25.0,22.006042
1963-08-23,31.5,-25.0,19.62207
1963-08-24,31.5,-25.0,19.163849
1963-08-25,31.5,-25.0,23.321777
1963-08-26,31.5,-25.0,19.378662
1963-08-27,31.5,-25.0,19.584442
1963-08-28,31.5,-25.0,19.858246
1963-08-29,31.5,-25.0,20.04834
1963-08-30,31.5,-25.0,19.70044
1963-08-31,31.5,-25.0,21.73053
1963-09-01,31.5,-25.0,19.1492
1963-09-02,31.5,-25.0,19.369476
1963-09-03,31.5,-25.0,22.12619
1963-09-04,31.5,-25.0,21.990631
1963-09-05,31.5,-25.0,24.537262
1963-09-06,31.5,-25.0,25.135681
1963-09-07,31.5,-25.0,24.879883
1963-09-08,31.5,-25.0,23.9805
1963-09-09,31.5,-25.0,21.711609
1963-09-10,31.5,-25.0,21.799103
1963-09-11,31.5,-25.0,23.67865
1963-09-12,31.5,-25.0,24.29602
1963-09-13,31.5,-25.0,22.163025
1963-09-14,31.5,-25.0,20.931793
1963-09-15,31.5,-25.0,22.222168
1963-09-16,31.5,-25.0,24.25705
1963-09-17,31.5,-25.0,25.27826
1963-09-18,31.5,-25.0,22.9057
1963-09-19,31.5,-25.0,22.38855
1963-09-20,31.5,-25.0,23.212738
1963-09-21,31.5,-25.0,24.305939
1963-09-22,31.5,-25.0,24.883545
1963-09-23,31.5,-25.0,26.76886
1963-09-24,31.5,-25.0,22.255066
1963-09-25,31.5,-25.0,22.698517
1963-09-26,31.5,-25.0,21.868347
1963-09-27,31.5,-25.0,23.187073
1963-09-28,31.5,-25.0,25.681702
1963-09-29,31.5,-25.0,21.679352
1963-09-30,31.5,-25.0,24.271149
1963-10-01,31.5,-25.0,27.178589
1963-10-02,31.5,-25.0,27.569763
1963-10-03,31.5,-25.0,26.018066
1963-10-04,31.5,-25.0,26.211334
1963-10-05,31.5,-25.0,29.971588
1963-10-06,31.5,-25.0,24.171936
1963-10-07,31.5,-25.0,21.13559
1963-10-08,31.5,-25.0,25.602814
1963-10-09,31.5,-25.0,22.876709
1963-10-10,31.5,-25.0,20.398285
1963-10-11,31.5,-25.0,23.80481
1963-10-12,31.5,-25.0,25.867554
1963-10-13,31.5,-25.0,26.176758
1963-10-14,31.5,-25.0,25.32135
1963-10-15,31.5,-25.0,22.103973
1963-10-16,31.5,-25.0,23.579498
1963-10-17,31.5,-25.0,25.023804
1963-10-18,31.5,-25.0,24.428467
1963-10-19,31.5,-25.0,22.325287
1963-10-20,31.5,-25.0,22.525085
1963-10-21,31.5,-25.0,23.210266
1963-10-22,31.5,-25.0,20.061584
1963-10-23,31.5,-25.0,23.46939
1963-10-24,31.5,-25.0,20.47052
1963-10-25,31.5,-25.0,20.095581
1963-10-26,31.5,-25.0,21.609558
1963-10-27,31.5,-25.0,23.871033
1963-10-28,31.5,-25.0,24.21341
1963-10-29,31.5,-25.0,23.018707
1963-10-30,31.5,-25.0,22.037079
1963-10-31,31.5,-25.0,23.566772
1963-11-01,31.5,-25.0,22.309723
1963-11-02,31.5,-25.0,21.885895
1963-11-03,31.5,-25.0,24.381775
1963-11-04,31.5,-25.0,27.97699
1963-11-05,31.5,-25.0,22.252014
1963-11-06,31.5,-25.0,22.571869
1963-11-07,31.5,-25.0,23.742798
1963-11-08,31.5,-25.0,26.862274
1963-11-09,31.5,-25.0,24.939545
1963-11-10,31.5,-25.0,27.038239
1963-11-11,31.5,-25.0,28.918213
1963-11-12,31.5,-25.0,24.983978
1963-11-13,31.5,-25.0,23.264801
1963-11-14,31.5,-25.0,23.988403
1963-11-15,31.5,-25.0,27.821716
1963-11-16,31.5,-25.0,26.09967
1963-11-17,31.5,-25.0,23.792725
1963-11-18,31.5,-25.0,24.430847
1963-11-19,31.5,-25.0,27.237823
1963-11-20,31.5,-25.0,25.965424
1963-11-21,31.5,-25.0,24.539703
1963-11-22,31.5,-25.0,24.842896
1963-11-23,31.5,-25.0,24.024689
1963-11-24,31.5,-25.0,23.720276
1963-11-25,31.5,-25.0,20.68277
1963-11-26,31.5,-25.0,25.83963
1963-11-27,31.5,-25.0,29.841553
1963-11-28,31.5,-25.0,25.466034
1963-11-29,31.5,-25.0,22.130768
1963-11-30,31.5,-25.0,23.349487
1963-12-01,31.5,-25.0,25.030487
1963-12-02,31.5,-25.0,22.764465
1963-12-03,31.5,-25.0,23.320099
1963-12-04,31.5,-25.0,26.863922
1963-12-05,31.5,-25.0,26.816467
1963-12-06,31.5,-25.0,29.430145
1963-12-07,31.5,-25.0,27.475922
1963-12-08,31.5,-25.0,26.43634
1963-12-09,31.5,-25.0,29.513641
1963-12-10,31.5,-25.0,29.713043
1963-12-11,31.5,-25.0,25.522614
1963-12-12,31.5,-25.0,26.04837
1963-12-13,31.5,-25.0,22.429962
1963-12-14,31.5,-25.0,25.083923
1963-12-15,31.5,-25.0,26.680542
1963-12-16,31.5,-25.0,21.852173
1963-12-17,31.5,-25.0,27.330902
1963-12-18,31.5,-25.0,27.977997
1963-12-19,31.5,-25.0,30.463196
1963-12-20,31.5,-25.0,31.301056
1963-12-21,31.5,-25.0,31.124542
1963-12-22,31.5,-25.0,19.520264
1963-12-23,31.5,-25.0,19.161224
1963-12-24,31.5,-25.0,21.283875
1963-12-25,31.5,-25.0,25.354706
1963-12-26,31.5,-25.0,25.678528
1963-12-27,31.5,-25.0,25.740326
1963-12-28,31.5,-25.0,27.491547
1963-12-29,31.5,-25.0,30.010956
1963-12-30,31.5,-25.0,26.988464
1963-12-31,31.5,-25.0,28.401611
1964-01-01,31.5,-25.0,29.068115
1964-01-02,31.5,-25.0,24.346191
1964-01-03,31.5,-25.0,23.77124
1964-01-04,31.5,-25.0,26.707611
1964-01-05,31.5,-25.0,29.858704
1964-01-06,31.5,-25.0,29.080353
1964-01-07,31.5,-25.0,28.795258
1964-01-08,31.5,-25.0,27.380646
1964-01-09,31.5,-25.0,23.702118
1964-01-10,31.5,-25.0,23.751892
1964-01-11,31.5,-25.0,23.842224
1964-01-12,31.5,-25.0,24.839386
1964-01-13,31.5,-25.0,24.437836
1964-01-14,31.5,-25.0,25.077423
1964-01-15,31.5,-25.0,24.547668
1964-01-16,31.5,-25.0,25.607727
1964-01-17,31.5,-25.0,26.23114
1964-01-18,31.5,-25.0,24.706299
1964-01-19,31.5,-25.0,26.37967
1964-01-20,31.5,-25.0,25.444763
1964-01-21,31.5,-25.0,23.257874
1964-01-22,31.5,-25.0,25.648926
1964-01-23,31.5,-25.0,27.33075
1964-01-24,31.5,-25.0,28.23764
1964-01-25,31.5,-25.0,25.793854
1964-01-26,31.5,-25.0,24.671448
1964-01-27,31.5,-25.0,24.138641
1964-01-28,31.5,-25.0,23.521118
1964-01-29,31.5,-25.0,25.526947
1964-01-30,31.5,-25.0,23.245514
1964-01-31,31.5,-25.0,26.443542
1964-02-01,31.5,-25.0,28.58545
1964-02-02,31.5,-25.0,26.372223
1964-02-03,31.5,-25.0,25.561646
1964-02-04,31.5,-25.0,25.223602
1964-02-05,31.5,-25.0,25.259583
1964-02-06,31.5,-25.0,25.285095
1964-02-07,31.5,-25.0,24.706024
1964-02-08,31.5,-25.0,29.044922
1964-02-09,31.5,-25.0,27.696411
1964-02-10,31.5,-25.0,20.675232
1964-02-11,31.5,-25.0,22.649384
1964-02-12,31.5,-25.0,24.53244
1964-02-13,31.5,-25.0,27.41919
1964-02-14,31.5,-25.0,27.805511
1964-02-15,31.5,-25.0,28.898376
1964-02-16,31.5,-25.0,28.28122
1964-02-17,31.5,-25.0,27.416016
1964-02-18,31.5,-25.0,27.724915
1964-02-19,31.5,-25.0,24.104675
1964-02-20,31.5,-25.0,22.640625
1964-02-21,31.5,-25.0,25.226562
1964-02-22,31.5,-25.0,27.423218
1964-02-23,31.5,-25.0,24.870605
1964-02-24,31.5,-25.0,24.496124
1964-02-25,31.5,-25.0,25.30072
1964-02-26,31.5,-25.0,25.483887
1964-02-27,31.5,-25.0,25.974304
1964-02-28,31.5,-25.0,27.514404
1964-02-29,31.5,-25.0,27.946716
1964-03-01,31.5,-25.0,26.683746
1964-03-02,31.5,-25.0,26.694702
1964-03-03,31.5,-25.0,27.33664
1964-03-04,31.5,-25.0,28.437286
1964-03-05,31.5,-25.0,28.393768
1964-03-06,31.5,-25.0,28.994781
1964-03-07,31.5,-25.0,28.026947
1964-03-08,31.5,-25.0,26.79367
1964-03-09,31.5,-25.0,25.596222
1964-03-10,31.5,-25.0,25.202484
1964-03-11,31.5,-25.0,25.627502
1964-03-12,31.5,-25.0,26.407257
1964-03-13,31.5,-25.0,25.278687
1964-03-14,31.5,-25.0,23.939636
1964-03-15,31.5,-25.0,26.363434
1964-03-16,31.5,-25.0,26.919159
1964-03-17,31.5,-25.0,24.814972
1964-03-18,31.5,-25.0,25.828247
1964-03-19,31.5,-25.0,26.55954
1964-03-20,31.5,-25.0,25.02591
1964-03-21,31.5,-25.0,27.541107
1964-03-22,31.5,-25.0,27.838226
1964-03-23,31.5,-25.0,26.254822
1964-03-24,31.5,-25.0,26.484283
1964-03-25,31.5,-25.0,25.782867
1964-03-26,31.5,-25.0,27.109528
1964-03-27,31.5,-25.0,28.65799
1964-03-28,31.5,-25.0,28.91629
1964-03-29,31.5,-25.0,27.445526
1964-03-30,31.5,-25.0,28.714172
1964-03-31,31.5,-25.0,26.575317
1964-04-01,31.5,-25.0,26.706604
1964-04-02,31.5,-25.0,27.118591
1964-04-03,31.5,-25.0,28.10736
1964-04-04,31.5,-25.0,24.946259
1964-04-05,31.5,-25.0,24.362274
1964-04-06,31.5,-25.0,26.53952
1964-04-07,31.5,-25.0,28.530457
1964-04-08,31.5,-25.0,26.744873
1964-04-09,31.5,-25.0,25.593506
1964-04-10,31.5,-25.0,23.427948
1964-04-11,31.5,-25.0,23.971497
1964-04-12,31.5,-25.0,24.300568
1964-04-13,31.5,-25.0,25.034515
1964-04-14,31.5,-25.0,24.722626
1964-04-15,31.5,-25.0,19.071259
1964-04-16,31.5,-25.0,19.434814
1964-04-17,31.5,-25.0,20.394073
1964-04-18,31.5,-25.0,24.486542
1964-04-19,31.5,-25.0,21.098724
1964-04-20,31.5,-25.0,18.558014
1964-04-21,31.5,-25.0,18.917877
1964-04-22,31.5,-25.0,18.775513
1964-04-23,31.5,-25.0,18.411102
1964-04-24,31.5,-25.0,19.185822
1964-04-25,31.5,-25.0,20.778961
1964-04-26,31.5,-25.0,21.38211
1964-04-27,31.5,-25.0,20.537292
1964-04-28,31.5,-25.0,17.468933
1964-04-29,31.5,-25.0,17.484283
1964-04-30,31.5,-25.0,17.385315
1964-05-01,31.5,-25.0,18.138214
1964-05-02,31.5,-25.0,18.44931
1964-05-03,31.5,-25.0,19.378998
1964-05-04,31.5,-25.0,18.341217
1964-05-05,31.5,-25.0,18.902771
1964-05-06,31.5,-25.0,20.937622
1964-05-07,31.5,-25.0,19.858032
1964-05-08,31.5,-25.0,21.235596
1964-05-09,31.5,-25.0,20.984375
1964-05-10,31.5,-25.0,21.147888
1964-05-11,31.5,-25.0,22.21286
1964-05-12,31.5,-25.0,21.272308
1964-05-13,31.5,-25.0,18.753113
1964-05-14,31.5,-25.0,18.252747
1964-05-15,31.5,-25.0,18.64209
1964-05-16,31.5,-25.0,20.61316
1964-05-17,31.5,-25.0,20.835144
1964-05-18,31.5,-25.0,21.052094
1964-05-19,31.5,-25.0,19.14856
1964-05-20,31.5,-25.0,20.106354
1964-05-21,31.5,-25.0,21.203247
1964-05-22,31.5,-25.0,19.659637
1964-05-23,31.5,-25.0,19.432312
1964-05-24,31.5,-25.0,19.71408
1964-05-25,31.5,-25.0,18.718933
1964-05-26,31.5,-25.0,19.287262
1964-05-27,31.5,-25.0,18.22583
1964-05-28,31.5,-25.0,17.834473
1964-05-29,31.5,-25.0,17.288452
1964-05-30,31.5,-25.0,17.385437
1964-05-31,31.5,-25.0,16.703644
1964-06-01,31.5,-25.0,16.86905
1964-06-02,31.5,-25.0,17.308014
1964-06-03,31.5,-25.0,17.126587
1964-06-04,31.5,-25.0,17.349884
1964-06-05,31.5,-25.0,18.506195
1964-06-06,31.5,-25.0,19.706299
1964-06-07,31.5,-25.0,20.940979
1964-06-08,31.5,-25.0,18.243439
1964-06-09,31.5,-25.0,15.910492
1964-06-10,31.5,-25.0,16.29898
1964-06-11,31.5,-25.0,17.86084
1964-06-12,31.5,-25.0,16.735748
1964-06-13,31.5,-25.0,16.855469
1964-06-14,31.5,-25.0,16.237976
1964-06-15,31.5,-25.0,15.289703
1964-06-16,31.5,-25.0,15.822662
1964-06-17,31.5,-25.0,16.590729
1964-06-18,31.5,-25.0,17.51242
1964-06-19,31.5,-25.0,14.083466
1964-06-20,31.5,-25.0,11.989868
1964-06-21,31.5,-25.0,12.513977
1964-06-22,31.5,-25.0,14.14447
1964-06-23,31.5,-25.0,15.088989
1964-06-24,31.5,-25.0,14.754974
1964-06-25,31.5,-25.0,10.332092
1964-06-26,31.5,-25.0,10.747742
1964-06-27,31.5,-25.0,11.618652
1964-06-28,31.5,-25.0,11.38089
1964-06-29,31.5,-25.0,12.218689
1964-06-30,31.5,-25.0,14.123718
1964-07-01,31.5,-25.0,16.100708
1964-07-02,31.5,-25.0,16.342194
1964-07-03,31.5,-25.0,17.119965
1964-07-04,31.5,-25.0,16.18509
1964-07-05,31.5,-25.0,14.913483
1964-07-06,31.5,-25.0,13.870087
1964-07-07,31.5,-25.0,12.803558
1964-07-08,31.5,-25.0,12.5850525
1964-07-09,31.5,-25.0,13.591675
1964-07-10,31.5,-25.0,14.920929
1964-07-11,31.5,-25.0,15.267456
1964-07-12,31.5,-25.0,15.78891
1964-07-13,31.5,-25.0,15.804138
1964-07-14,31.5,-25.0,15.4618225
1964-07-15,31.5,-25.0,15.95224
1964-07-16,31.5,-25.0,15.732056
1964-07-17,31.5,-25.0,16.188812
1964-07-18,31.5,-25.0,16.556793
1964-07-19,31.5,-25.0,17.57312
1964-07-20,31.5,-25.0,16.506195
1964-07-21,31.5,-25.0,14.310242
1964-07-22,31.5,-25.0,15.880188
1964-07-23,31.5,-25.0,17.54367
1964-07-24,31.5,-25.0,18.65329
1964-07-25,31.5,-25.0,16.460266
1964-07-26,31.5,-25.0,13.78653
1964-07-27,31.5,-25.0,13.507843
1964-07-28,31.5,-25.0,14.315826
1964-07-29,31.5,-25.0,15.186462
1964-07-30,31.5,-25.0,16.738861
1964-07-31,31.5,-25.0,16.981781
1964-08-01,31.5,-25.0,17.37677
1964-08-02,31.5,-25.0,17.826355
1964-08-03,31.5,-25.0,17.877136
1964-08-04,31.5,-25.0,16.2518
1964-08-05,31.5,-25.0,17.306305
1964-08-06,31.5,-25.0,16.262451
1964-08-07,31.5,-25.0,16.193176
1964-08-08,31.5,-25.0,16.565369
1964-08-09,31.5,-25.0,17.818115
1964-08-10,31.5,-25.0,18.830872
1964-08-11,31.5,-25.0,19.652283
1964-08-12,31.5,-25.0,21.713135
1964-08-13,31.5,-25.0,16.028809
1964-08-14,31.5,-25.0,14.100037
1964-08-15,31.5,-25.0,15.846588
1964-08-16,31.5,-25.0,19.18106
1964-08-17,31.5,-25.0,17.66986
1964-08-18,31.5,-25.0,16.807922
1964-08-19,31.5,-25.0,16.722137
1964-08-20,31.5,-25.0,20.522064
1964-08-21,31.5,-25.0,18.566467
1964-08-22,31.5,-25.0,19.70636
1964-08-23,31.5,-25.0,22.340546
1964-08-24,31.5,-25.0,21.306793
1964-08-25,31.5,-25.0,16.640198
1964-08-26,31.5,-25.0,16.510529
1964-08-27,31.5,-25.0,18.604584
1964-08-28,31.5,-25.0,21.068726
1964-08-29,31.5,-25.0,17.600647
1964-08-30,31.5,-25.0,20.115967
1964-08-31,31.5,-25.0,21.348663
1964-09-01,31.5,-25.0,22.919403
1964-09-02,31.5,-25.0,18.380005
1964-09-03,31.5,-25.0,17.002686
1964-09-04,31.5,-25.0,19.767548
1964-09-05,31.5,-25.0,20.298767
1964-09-06,31.5,-25.0,19.18628
1964-09-07,31.5,-25.0,16.994507
1964-09-08,31.5,-25.0,19.542114
1964-09-09,31.5,-25.0,21.452362
1964-09-10,31.5,-25.0,23.070251
1964-09-11,31.5,-25.0,23.7995
1964-09-12,31.5,-25.0,21.850403
1964-09-13,31.5,-25.0,20.852722
1964-09-14,31.5,-25.0,22.875977
1964-09-15,31.5,-25.0,21.848755
1964-09-16,31.5,-25.0,20.604462
1964-09-17,31.5,-25.0,24.110687
1964-09-18,31.5,-25.0,20.254608
1964-09-19,31.5,-25.0,22.500427
1964-09-20,31.5,-25.0,23.851501
1964-09-21,31.5,-25.0,24.170074
1964-09-22,31.5,-25.0,20.869232
1964-09-23,31.5,-25.0,24.340546
1964-09-24,31.5,-25.0,26.964355
1964-09-25,31.5,-25.0,24.159912
1964-09-26,31.5,-25.0,20.129517
1964-09-27,31.5,-25.0,25.045929
1964-09-28,31.5,-25.0,27.098785
1964-09-29,31.5,-25.0,19.339417
1964-09-30,31.5,-25.0,22.916046
1964-10-01,31.5,-25.0,27.578735
1964-10-02,31.5,-25.0,15.504608
1964-10-03,31.5,-25.0,15.052155
1964-10-04,31.5,-25.0,18.841827
1964-10-05,31.5,-25.0,21.551483
1964-10-06,31.5,-25.0,22.812408
1964-10-07,31.5,-25.0,22.46164
1964-10-08,31.5,-25.0,24.893982
1964-10-09,31.5,-25.0,25.527466
1964-10-10,31.5,-25.0,28.202393
1964-10-11,31.5,-25.0,28.341003
1964-10-12,31.5,-25.0,28.465057
1964-10-13,31.5,-25.0,23.694763
1964-10-14,31.5,-25.0,23.773926
1964-10-15,31.5,-25.0,28.845001
1964-10-16,31.5,-25.0,26.079102
1964-10-17,31.5,-25.0,25.667236
1964-10-18,31.5,-25.0,25.032959
1964-10-19,31.5,-25.0,22.78003
1964-10-20,31.5,-25.0,23.715088
1964-10-21,31.5,-25.0,20.471893
1964-10-22,31.5,-25.0,18.120087
1964-10-23,31.5,-25.0,21.850952
1964-10-24,31.5,-25.0,26.779572
1964-10-25,31.5,-25.0,28.210724
1964-10-26,31.5,-25.0,21.446472
1964-10-27,31.5,-25.0,17.133514
1964-10-28,31.5,-25.0,19.538025
1964-10-29,31.5,-25.0,21.826477
1964-10-30,31.5,-25.0,21.095673
1964-10-31,31.5,-25.0,21.960114
1964-11-01,31.5,-25.0,26.060638
1964-11-02,31.5,-25.0,24.862091
1964-11-03,31.5,-25.0,24.02655
1964-11-04,31.5,-25.0,23.852112
1964-11-05,31.5,-25.0,22.268768
1964-11-06,31.5,-25.0,24.388153
1964-11-07,31.5,-25.0,27.183228
1964-11-08,31.5,-25.0,30.84024
1964-11-09,31.5,-25.0,30.174896
1964-11-10,31.5,-25.0,23.658722
1964-11-11,31.5,-25.0,24.289093
1964-11-12,31.5,-25.0,27.185883
1964-11-13,31.5,-25.0,26.80951
1964-11-14,31.5,-25.0,29.804932
1964-11-15,31.5,-25.0,27.744476
1964-11-16,31.5,-25.0,30.76773
1964-11-17,31.5,-25.0,24.558838
1964-11-18,31.5,-25.0,23.507843
1964-11-19,31.5,-25.0,19.951782
1964-11-20,31.5,-25.0,25.728424
1964-11-21,31.5,-25.0,17.77472
1964-11-22,31.5,-25.0,15.181213
1964-11-23,31.5,-25.0,17.879303
1964-11-24,31.5,-25.0,19.94345
1964-11-25,31.5,-25.0,24.29538
1964-11-26,31.5,-25.0,26.379211
1964-11-27,31.5,-25.0,22.165314
1964-11-28,31.5,-25.0,18.595734
1964-11-29,31.5,-25.0,20.72229
1964-11-30,31.5,-25.0,24.608948
1964-12-01,31.5,-25.0,24.223755
1964-12-02,31.5,-25.0,22.58142
1964-12-03,31.5,-25.0,22.34079
1964-12-04,31.5,-25.0,24.697784
1964-12-05,31.5,-25.0,24.122223
1964-12-06,31.5,-25.0,22.994324
1964-12-07,31.5,-25.0,21.818878
1964-12-08,31.5,-25.0,25.847565
1964-12-09,31.5,-25.0,26.247162
1964-12-10,31.5,-25.0,23.77713
1964-12-11,31.5,-25.0,24.087982
1964-12-12,31.5,-25.0,22.365326
1964-12-13,31.5,-25.0,22.94403
1964-12-14,31.5,-25.0,24.719269
1964-12-15,31.5,-25.0,24.669495
1964-12-16,31.5,-25.0,25.033325
1964-12-17,31.5,-25.0,21.587189
1964-12-18,31.5,-25.0,22.016022
1964-12-19,31.5,-25.0,22.865143
1964-12-20,31.5,-25.0,20.370789
1964-12-21,31.5,-25.0,21.486603
1964-12-22,31.5,-25.0,23.831848
1964-12-23,31.5,-25.0,23.042664
1964-12-24,31.5,-25.0,21.0737
1964-12-25,31.5,-25.0,21.092499
1964-12-26,31.5,-25.0,23.448303
1964-12-27,31.5,-25.0,26.608612
1964-12-28,31.5,-25.0,21.138977
1964-12-29,31.5,-25.0,20.852295
1964-12-30,31.5,-25.0,22.866241
1964-12-31,31.5,-25.0,23.958221
1965-01-01,31.5,-25.0,25.142944
1965-01-02,31.5,-25.0,26.009247
1965-01-03,31.5,-25.0,24.93872
1965-01-04,31.5,-25.0,25.76004
1965-01-05,31.5,-25.0,26.824463
1965-01-06,31.5,-25.0,26.568176
1965-01-07,31.5,-25.0,21.863495
1965-01-08,31.5,-25.0,23.653229
1965-01-09,31.5,-25.0,26.717072
1965-01-10,31.5,-25.0,27.530975
1965-01-11,31.5,-25.0,28.694336
1965-01-12,31.5,-25.0,27.625244
1965-01-13,31.5,-25.0,23.410492
1965-01-14,31.5,-25.0,22.07782
1965-01-15,31.5,-25.0,22.451782
1965-01-16,31.5,-25.0,23.6138
1965-01-17,31.5,-25.0,23.647034
1965-01-18,31.5,-25.0,24.626312
1965-01-19,31.5,-25.0,26.29132
1965-01-20,31.5,-25.0,25.402771
1965-01-21,31.5,-25.0,26.30597
1965-01-22,31.5,-25.0,28.701141
1965-01-23,31.5,-25.0,28.50467
1965-01-24,31.5,-25.0,28.041412
1965-01-25,31.5,-25.0,25.872223
1965-01-26,31.5,-25.0,26.047302
1965-01-27,31.5,-25.0,23.451172
1965-01-28,31.5,-25.0,23.543915
1965-01-29,31.5,-25.0,26.067413
1965-01-30,31.5,-25.0,25.409027
1965-01-31,31.5,-25.0,25.329071
1965-02-01,31.5,-25.0,25.47937
1965-02-02,31.5,-25.0,25.980469
1965-02-03,31.5,-25.0,23.158417
1965-02-04,31.5,-25.0,24.045319
1965-02-05,31.5,-25.0,24.512054
1965-02-06,31.5,-25.0,25.072418
1965-02-07,31.5,-25.0,25.267609
1965-02-08,31.5,-25.0,25.861115
1965-02-09,31.5,-25.0,25.665802
1965-02-10,31.5,-25.0,27.493927
1965-02-11,31.5,-25.0,27.389526
1965-02-12,31.5,-25.0,27.656769
1965-02-13,31.5,-25.0,27.431488
1965-02-14,31.5,-25.0,28.683777
1965-02-15,31.5,-25.0,28.358887
1965-02-16,31.5,-25.0,27.9263
1965-02-17,31.5,-25.0,28.892761
1965-02-18,31.5,-25.0,27.919617
1965-02-19,31.5,-25.0,24.217133
1965-02-20,31.5,-25.0,24.19809
1965-02-21,31.5,-25.0,26.318115
1965-02-22,31.5,-25.0,24.43814
1965-02-23,31.5,-25.0,24.25064
1965-02-24,31.5,-25.0,26.410278
1965-02-25,31.5,-25.0,28.114807
1965-02-26,31.5,-25.0,27.681152
1965-02-27,31.5,-25.0,25.936737
1965-02-28,31.5,-25.0,26.82486
1965-03-01,31.5,-25.0,27.246979
1965-03-02,31.5,-25.0,28.416687
1965-03-03,31.5,-25.0,24.55722
1965-03-04,31.5,-25.0,25.61502
1965-03-05,31.5,-25.0,27.940094
1965-03-06,31.5,-25.0,29.407715
1965-03-07,31.5,-25.0,30.296906
1965-03-08,31.5,-25.0,19.425568
1965-03-09,31.5,-25.0,20.253479
1965-03-10,31.5,-25.0,20.618378
1965-03-11,31.5,-25.0,21.256287
1965-03-12,31.5,-25.0,21.856842
1965-03-13,31.5,-25.0,23.613983
1965-03-14,31.5,-25.0,24.52707
1965-03-15,31.5,-25.0,24.653992
1965-03-16,31.5,-25.0,25.228607
1965-03-17,31.5,-25.0,24.925903
1965-03-18,31.5,-25.0,24.646057
1965-03-19,31.5,-25.0,24.593018
1965-03-20,31.5,-25.0,24.458954
1965-03-21,31.5,-25.0,24.333252
1965-03-22,31.5,-25.0,24.111023
1965-03-23,31.5,-25.0,24.450287
1965-03-24,31.5,-25.0,26.68045
1965-03-25,31.5,-25.0,22.858826
1965-03-26,31.5,-25.0,23.124054
1965-03-27,31.5,-25.0,23.59552
1965-03-28,31.5,-25.0,24.790192
1965-03-29,31.5,-25.0,26.338593
1965-03-30,31.5,-25.0,25.447235
1965-03-31,31.5,-25.0,25.69223
1965-04-01,31.5,-25.0,23.92273
1965-04-02,31.5,-25.0,23.24353
1965-04-03,31.5,-25.0,22.289703
1965-04-04,31.5,-25.0,21.446777
1965-04-05,31.5,-25.0,21.811707
1965-04-06,31.5,-25.0,23.989105
1965-04-07,31.5,-25.0,23.299316
1965-04-08,31.5,-25.0,24.239166
1965-04-09,31.5,-25.0,26.194824
1965-04-10,31.5,-25.0,26.995941
1965-04-11,31.5,-25.0,27.078125
1965-04-12,31.5,-25.0,28.721466
1965-04-13,31.5,-25.0,19.02774
1965-04-14,31.5,-25.0,17.310608
1965-04-15,31.5,-25.0,19.157593
1965-04-16,31.5,-25.0,18.736206
1965-04-17,31.5,-25.0,20.386505
1965-04-18,31.5,-25.0,22.83139
1965-04-19,31.5,-25.0,23.812225
1965-04-20,31.5,-25.0,24.831757
1965-04-21,31.5,-25.0,24.63977
1965-04-22,31.5,-25.0,21.54892
1965-04-23,31.5,-25.0,21.183899
1965-04-24,31.5,-25.0,22.164825
1965-04-25,31.5,-25.0,18.742645
1965-04-26,31.5,-25.0,17.654205
1965-04-27,31.5,-25.0,18.509613
1965-04-28,31.5,-25.0,19.09848
1965-04-29,31.5,-25.0,21.223907
1965-04-30,31.5,-25.0,19.573608
1965-05-01,31.5,-25.0,21.801453
1965-05-02,31.5,-25.0,20.66809
1965-05-03,31.5,-25.0,21.993988
1965-05-04,31.5,-25.0,20.97818
1965-05-05,31.5,-25.0,20.950134
1965-05-06,31.5,-25.0,20.695923
1965-05-07,31.5,-25.0,20.049164
1965-05-08,31.5,-25.0,20.905792
1965-05-09,31.5,-25.0,22.52835
1965-05-10,31.5,-25.0,19.133118
1965-05-11,31.5,-25.0,19.745697
1965-05-12,31.5,-25.0,22.40445
1965-05-13,31.5,-25.0,18.865173
1965-05-14,31.5,-25.0,16.832397
1965-05-15,31.5,-25.0,17.856781
1965-05-16,31.5,-25.0,18.07254
1965-05-17,31.5,-25.0,18.123962
1965-05-18,31.5,-25.0,17.841858
1965-05-19,31.5,-25.0,16.461945
1965-05-20,31.5,-25.0,17.024567
1965-05-21,31.5,-25.0,18.474731
1965-05-22,31.5,-25.0,19.361145
1965-05-23,31.5,-25.0,19.545319
1965-05-24,31.5,-25.0,20.32431
1965-05-25,31.5,-25.0,19.68277
1965-05-26,31.5,-25.0,19.89212
1965-05-27,31.5,-25.0,21.12674
1965-05-28,31.5,-25.0,22.190918
1965-05-29,31.5,-25.0,20.27835
1965-05-30,31.5,-25.0,20.967682
1965-05-31,31.5,-25.0,18.249084
1965-06-01,31.5,-25.0,13.902863
1965-06-02,31.5,-25.0,13.542023
1965-06-03,31.5,-25.0,13.655121
1965-06-04,31.5,-25.0,14.439758
1965-06-05,31.5,-25.0,15.363831
1965-06-06,31.5,-25.0,14.355225
1965-06-07,31.5,-25.0,14.7760315
1965-06-08,31.5,-25.0,15.326324
1965-06-09,31.5,-25.0,14.836517
1965-06-10,31.5,-25.0,15.2247925
1965-06-11,31.5,-25.0,14.598175
1965-06-12,31.5,-25.0,16.093994
1965-06-13,31.5,-25.0,16.80191
1965-06-14,31.5,-25.0,17.937683
1965-06-15,31.5,-25.0,20.467896
1965-06-16,31.5,-25.0,18.815582
1965-06-17,31.5,-25.0,17.089508
1965-06-18,31.5,-25.0,15.001923
1965-06-19,31.5,-25.0,14.3125
1965-06-20,31.5,-25.0,14.047394
1965-06-21,31.5,-25.0,13.676086
1965-06-22,31.5,-25.0,14.97702
1965-06-23,31.5,-25.0,13.698181
1965-06-24,31.5,-25.0,13.018311
1965-06-25,31.5,-25.0,13.082886
1965-06-26,31.5,-25.0,13.864868
1965-06-27,31.5,-25.0,15.887695
1965-06-28,31.5,-25.0,16.22052
1965-06-29,31.5,-25.0,16.059143
1965-06-30,31.5,-25.0,16.009735
1965-07-01,31.5,-25.0,15.577026
1965-07-02,31.5,-25.0,15.250183
1965-07-03,31.5,-25.0,14.99765
1965-07-04,31.5,-25.0,16.08377
1965-07-05,31.5,-25.0,17.00058
1965-07-06,31.5,-25.0,16.25885
1965-07-07,31.5,-25.0,15.677612
1965-07-08,31.5,-25.0,17.119446
1965-07-09,31.5,-25.0,16.63739
1965-07-10,31.5,-25.0,16.127808
1965-07-11,31.5,-25.0,16.693024
1965-07-12,31.5,-25.0,15.716553
1965-07-13,31.5,-25.0,17.767883
1965-07-14,31.5,-25.0,16.87381
1965-07-15,31.5,-25.0,15.942322
1965-07-16,31.5,-25.0,17.197235
1965-07-17,31.5,-25.0,17.478516
1965-07-18,31.5,-25.0,19.235657
1965-07-19,31.5,-25.0,17.965973
1965-07-20,31.5,-25.0,15.695679
1965-07-21,31.5,-25.0,17.084717
1965-07-22,31.5,-25.0,18.004303
1965-07-23,31.5,-25.0,17.741638
1965-07-24,31.5,-25.0,16.883972
1965-07-25,31.5,-25.0,17.812286
1965-07-26,31.5,-25.0,16.338043
1965-07-27,31.5,-25.0,17.92276
1965-07-28,31.5,-25.0,19.058807
1965-07-29,31.5,-25.0,19.517548
1965-07-30,31.5,-25.0,19.541687
1965-07-31,31.5,-25.0,18.786224
1965-08-01,31.5,-25.0,18.610046
1965-08-02,31.5,-25.0,19.581696
1965-08-03,31.5,-25.0,18.311127
1965-08-04,31.5,-25.0,19.336853
1965-08-05,31.5,-25.0,21.291931
1965-08-06,31.5,-25.0,22.479523
1965-08-07,31.5,-25.0,19.291382
1965-08-08,31.5,-25.0,18.568481
1965-08-09,31.5,-25.0,18.2406
1965-08-10,31.5,-25.0,18.409454
1965-08-11,31.5,-25.0,18.55777
1965-08-12,31.5,-25.0,19.244812
1965-08-13,31.5,-25.0,20.538666
1965-08-14,31.5,-25.0,19.591919
1965-08-15,31.5,-25.0,19.86438
1965-08-16,31.5,-25.0,18.945557
1965-08-17,31.5,-25.0,17.799042
1965-08-18,31.5,-25.0,19.255188
1965-08-19,31.5,-25.0,21.969055
1965-08-20,31.5,-25.0,21.23877
1965-08-21,31.5,-25.0,24.267212
1965-08-22,31.5,-25.0,25.827667
1965-08-23,31.5,-25.0,22.474487
1965-08-24,31.5,-25.0,24.38971
1965-08-25,31.5,-25.0,26.429474
1965-08-26,31.5,-25.0,26.812134
1965-08-27,31.5,-25.0,18.608917
1965-08-28,31.5,-25.0,13.807556
1965-08-29,31.5,-25.0,17.306122
1965-08-30,31.5,-25.0,17.582611
1965-08-31,31.5,-25.0,16.462982
1965-09-01,31.5,-25.0,16.17688
1965-09-02,31.5,-25.0,17.001923
1965-09-03,31.5,-25.0,17.957275
1965-09-04,31.5,-25.0,18.917603
1965-09-05,31.5,-25.0,20.293884
1965-09-06,31.5,-25.0,18.431335
1965-09-07,31.5,-25.0,21.25531
1965-09-08,31.5,-25.0,21.280518
1965-09-09,31.5,-25.0,21.276733
1965-09-10,31.5,-25.0,22.191437
1965-09-11,31.5,-25.0,21.025696
1965-09-12,31.5,-25.0,21.601074
1965-09-13,31.5,-25.0,21.647583
1965-09-14,31.5,-25.0,22.077423
1965-09-15,31.5,-25.0,25.085876
1965-09-16,31.5,-25.0,27.460327
1965-09-17,31.5,-25.0,28.162659
1965-09-18,31.5,-25.0,23.486511
1965-09-19,31.5,-25.0,22.925385
1965-09-20,31.5,-25.0,22.27182
1965-09-21,31.5,-25.0,22.131622
1965-09-22,31.5,-25.0,24.126587
1965-09-23,31.5,-25.0,27.68042
1965-09-24,31.5,-25.0,21.990204
1965-09-25,31.5,-25.0,13.176941
1965-09-26,31.5,-25.0,15.080322
1965-09-27,31.5,-25.0,16.61557
1965-09-28,31.5,-25.0,19.26596
1965-09-29,31.5,-25.0,21.760406
1965-09-30,31.5,-25.0,21.984375
1965-10-01,31.5,-25.0,20.10736
1965-10-02,31.5,-25.0,21.082642
1965-10-03,31.5,-25.0,23.520813
1965-10-04,31.5,-25.0,18.202698
1965-10-05,31.5,-25.0,16.238129
1965-10-06,31.5,-25.0,19.849213
1965-10-07,31.5,-25.0,23.112762
1965-10-08,31.5,-25.0,25.80185
1965-10-09,31.5,-25.0,26.682373
1965-10-10,31.5,-25.0,21.54596
1965-10-11,31.5,-25.0,19.48764
1965-10-12,31.5,-25.0,17.6333
1965-10-13,31.5,-25.0,20.014252
1965-10-14,31.5,-25.0,20.475586
1965-10-15,31.5,-25.0,21.693634
1965-10-16,31.5,-25.0,24.916382
1965-10-17,31.5,-25.0,27.956696
1965-10-18,31.5,-25.0,15.286652
1965-10-19,31.5,-25.0,12.844025
1965-10-20,31.5,-25.0,14.841949
1965-10-21,31.5,-25.0,16.40567
1965-10-22,31.5,-25.0,19.859161
1965-10-23,31.5,-25.0,23.5784
1965-10-24,31.5,-25.0,25.162476
1965-10-25,31.5,-25.0,26.012878
1965-10-26,31.5,-25.0,21.492065
1965-10-27,31.5,-25.0,24.661682
1965-10-28,31.5,-25.0,29.009888
1965-10-29,31.5,-25.0,27.761108
1965-10-30,31.5,-25.0,30.246063
1965-10-31,31.5,-25.0,30.55539
1965-11-01,31.5,-25.0,26.58786
1965-11-02,31.5,-25.0,28.776245
1965-11-03,31.5,-25.0,30.01593
1965-11-04,31.5,-25.0,28.105286
1965-11-05,31.5,-25.0,20.848389
1965-11-06,31.5,-25.0,18.912659
1965-11-07,31.5,-25.0,21.969421
1965-11-08,31.5,-25.0,20.804382
1965-11-09,31.5,-25.0,23.270447
1965-11-10,31.5,-25.0,26.520996
1965-11-11,31.5,-25.0,28.11728
1965-11-12,31.5,-25.0,25.52536
1965-11-13,31.5,-25.0,18.797913
1965-11-14,31.5,-25.0,15.728302
1965-11-15,31.5,-25.0,15.498016
1965-11-16,31.5,-25.0,18.621246
1965-11-17,31.5,-25.0,24.213684
1965-11-18,31.5,-25.0,27.934204
1965-11-19,31.5,-25.0,27.129364
1965-11-20,31.5,-25.0,20.519318
1965-11-21,31.5,-25.0,20.304962
1965-11-22,31.5,-25.0,23.347168
1965-11-23,31.5,-25.0,25.355896
1965-11-24,31.5,-25.0,24.095154
1965-11-25,31.5,-25.0,24.635193
1965-11-26,31.5,-25.0,25.13321
1965-11-27,31.5,-25.0,24.937897
1965-11-28,31.5,-25.0,26.38388
1965-11-29,31.5,-25.0,24.257965
1965-11-30,31.5,-25.0,24.68341
1965-12-01,31.5,-25.0,27.005127
1965-12-02,31.5,-25.0,28.438538
1965-12-03,31.5,-25.0,24.955719
1965-12-04,31.5,-25.0,23.198242
1965-12-05,31.5,-25.0,24.662628
1965-12-06,31.5,-25.0,26.312286
1965-12-07,31.5,-25.0,25.758148
1965-12-08,31.5,-25.0,26.215332
1965-12-09,31.5,-25.0,27.740631
1965-12-10,31.5,-25.0,21.170929
1965-12-11,31.5,-25.0,23.351837
1965-12-12,31.5,-25.0,27.08368
1965-12-13,31.5,-25.0,29.437988
1965-12-14,31.5,-25.0,31.16919
1965-12-15,31.5,-25.0,27.902954
1965-12-16,31.5,-25.0,29.458954
1965-12-17,31.5,-25.0,30.963318
1965-12-18,31.5,-25.0,22.708008
1965-12-19,31.5,-25.0,22.260437
1965-12-20,31.5,-25.0,24.992157
1965-12-21,31.5,-25.0,23.431274
1965-12-22,31.5,-25.0,27.492584
1965-12-23,31.5,-25.0,30.229614
1965-12-24,31.5,-25.0,25.560608
1965-12-25,31.5,-25.0,26.16449
1965-12-26,31.5,-25.0,27.66037
1965-12-27,31.5,-25.0,29.608856
1965-12-28,31.5,-25.0,30.125519
1965-12-29,31.5,-25.0,23.16037
1965-12-30,31.5,-25.0,22.852966
1965-12-31,31.5,-25.0,23.320618
1966-01-01,31.5,-25.0,25.55194
1966-01-02,31.5,-25.0,26.223724
1966-01-03,31.5,-25.0,25.890686
1966-01-04,31.5,-25.0,27.461426
1966-01-05,31.5,-25.0,27.369537
1966-01-06,31.5,-25.0,28.76831
1966-01-07,31.5,-25.0,24.352936
1966-01-08,31.5,-25.0,24.195007
1966-01-09,31.5,-25.0,22.467041
1966-01-10,31.5,-25.0,21.68106
1966-01-11,31.5,-25.0,25.816315
1966-01-12,31.5,-25.0,25.829865
1966-01-13,31.5,-25.0,26.762665
1966-01-14,31.5,-25.0,26.408722
1966-01-15,31.5,-25.0,28.952698
1966-01-16,31.5,-25.0,31.203827
1966-01-17,31.5,-25.0,31.51648
1966-01-18,31.5,-25.0,31.193085
1966-01-19,31.5,-25.0,31.756775
1966-01-20,31.5,-25.0,27.5419
1966-01-21,31.5,-25.0,26.233154
1966-01-22,31.5,-25.0,28.76361
1966-01-23,31.5,-25.0,25.212677
1966-01-24,31.5,-25.0,27.49878
1966-01-25,31.5,-25.0,29.122986
1966-01-26,31.5,-25.0,29.52237
1966-01-27,31.5,-25.0,25.675049
1966-01-28,31.5,-25.0,24.771393
1966-01-29,31.5,-25.0,24.24643
1966-01-30,31.5,-25.0,24.214539
1966-01-31,31.5,-25.0,24.611053
1966-02-01,31.5,-25.0,26.524261
1966-02-02,31.5,-25.0,23.197144
1966-02-03,31.5,-25.0,26.97763
1966-02-04,31.5,-25.0,21.77298
1966-02-05,31.5,-25.0,24.20169
1966-02-06,31.5,-25.0,26.581573
1966-02-07,31.5,-25.0,21.484863
1966-02-08,31.5,-25.0,21.290344
1966-02-09,31.5,-25.0,23.296326
1966-02-10,31.5,-25.0,24.33789
1966-02-11,31.5,-25.0,25.322052
1966-02-12,31.5,-25.0,22.80664
1966-02-13,31.5,-25.0,23.605743
1966-02-14,31.5,-25.0,24.277893
1966-02-15,31.5,-25.0,24.341553
1966-02-16,31.5,-25.0,25.47647
1966-02-17,31.5,-25.0,24.127838
1966-02-18,31.5,-25.0,25.273163
1966-02-19,31.5,-25.0,25.055817
1966-02-20,31.5,-25.0,25.59143
1966-02-21,31.5,-25.0,26.519165
1966-02-22,31.5,-25.0,24.479492
1966-02-23,31.5,-25.0,24.9505
1966-02-24,31.5,-25.0,23.225677
1966-02-25,31.5,-25.0,21.625336
1966-02-26,31.5,-25.0,23.876251
1966-02-27,31.5,-25.0,25.799347
1966-02-28,31.5,-25.0,21.073608
1966-03-01,31.5,-25.0,21.882294
1966-03-02,31.5,-25.0,23.269714
1966-03-03,31.5,-25.0,25.040436
1966-03-04,31.5,-25.0,24.881683
1966-03-05,31.5,-25.0,25.637238
1966-03-06,31.5,-25.0,25.91809
1966-03-07,31.5,-25.0,26.74936
1966-03-08,31.5,-25.0,28.411957
1966-03-09,31.5,-25.0,21.958801
1966-03-10,31.5,-25.0,22.333344
1966-03-11,31.5,-25.0,25.768341
1966-03-12,31.5,-25.0,23.837952
1966-03-13,31.5,-25.0,22.936188
1966-03-14,31.5,-25.0,22.5177
1966-03-15,31.5,-25.0,23.660553
1966-03-16,31.5,-25.0,24.327728
1966-03-17,31.5,-25.0,23.498016
1966-03-18,31.5,-25.0,25.297821
1966-03-19,31.5,-25.0,25.87564
1966-03-20,31.5,-25.0,25.001831
1966-03-21,31.5,-25.0,25.190094
1966-03-22,31.5,-25.0,25.426086
1966-03-23,31.5,-25.0,25.269592
1966-03-24,31.5,-25.0,26.332947
1966-03-25,31.5,-25.0,27.501099
1966-03-26,31.5,-25.0,26.065613
1966-03-27,31.5,-25.0,25.257294
1966-03-28,31.5,-25.0,27.950928
1966-03-29,31.5,-25.0,27.586761
1966-03-30,31.5,-25.0,22.333832
1966-03-31,31.5,-25.0,22.615479
1966-04-01,31.5,-25.0,20.950592
1966-04-02,31.5,-25.0,20.13971
1966-04-03,31.5,-25.0,19.967346
1966-04-04,31.5,-25.0,21.93042
1966-04-05,31.5,-25.0,23.302246
1966-04-06,31.5,-25.0,21.758026
1966-04-07,31.5,-25.0,21.935059
1966-04-08,31.5,-25.0,24.082977
1966-04-09,31.5,-25.0,26.505188
1966-04-10,31.5,-25.0,27.392761
1966-04-11,31.5,-25.0,25.42633
1966-04-12,31.5,-25.0,20.965607
1966-04-13,31.5,-25.0,21.742249
1966-04-14,31.5,-25.0,25.93222
1966-04-15,31.5,-25.0,22.506653
1966-04-16,31.5,-25.0,22.743958
1966-04-17,31.5,-25.0,22.792023
1966-04-18,31.5,-25.0,25.143005
1966-04-19,31.5,-25.0,24.284973
1966-04-20,31.5,-25.0,17.875153
1966-04-21,31.5,-25.0,17.74582
1966-04-22,31.5,-25.0,18.25174
1966-04-23,31.5,-25.0,18.677673
1966-04-24,31.5,-25.0,19.8497
1966-04-25,31.5,-25.0,19.564697
1966-04-26,31.5,-25.0,20.504364
1966-04-27,31.5,-25.0,20.980042
1966-04-28,31.5,-25.0,19.795563
1966-04-29,31.5,-25.0,19.88144
1966-04-30,31.5,-25.0,20.556915
1966-05-01,31.5,-25.0,19.745789
1966-05-02,31.5,-25.0,19.458649
1966-05-03,31.5,-25.0,19.740723
1966-05-04,31.5,-25.0,20.328308
1966-05-05,31.5,-25.0,19.90918
1966-05-06,31.5,-25.0,19.80899
1966-05-07,31.5,-25.0,20.797943
1966-05-08,31.5,-25.0,22.166351
1966-05-09,31.5,-25.0,22.082916
1966-05-10,31.5,-25.0,23.088837
1966-05-11,31.5,-25.0,20.437836
1966-05-12,31.5,-25.0,21.555511
1966-05-13,31.5,-25.0,20.352417
1966-05-14,31.5,-25.0,19.446686
1966-05-15,31.5,-25.0,20.444824
1966-05-16,31.5,-25.0,18.84076
1966-05-17,31.5,-25.0,21.135864
1966-05-18,31.5,-25.0,20.833893
1966-05-19,31.5,-25.0,20.859833
1966-05-20,31.5,-25.0,16.932587
1966-05-21,31.5,-25.0,15.25531
1966-05-22,31.5,-25.0,16.502289
1966-05-23,31.5,-25.0,16.906342
1966-05-24,31.5,-25.0,16.818298
1966-05-25,31.5,-25.0,17.859894
1966-05-26,31.5,-25.0,17.356232
1966-05-27,31.5,-25.0,18.428528
1966-05-28,31.5,-25.0,19.11734
1966-05-29,31.5,-25.0,18.159424
1966-05-30,31.5,-25.0,19.56485
1966-05-31,31.5,-25.0,18.447418
1966-06-01,31.5,-25.0,18.95282
1966-06-02,31.5,-25.0,19.175812
1966-06-03,31.5,-25.0,19.037445
1966-06-04,31.5,-25.0,18.842957
1966-06-05,31.5,-25.0,18.946014
1966-06-06,31.5,-25.0,19.413208
1966-06-07,31.5,-25.0,18.251068
1966-06-08,31.5,-25.0,17.88034
1966-06-09,31.5,-25.0,17.544708
1966-06-10,31.5,-25.0,19.252808
1966-06-11,31.5,-25.0,19.656189
1966-06-12,31.5,-25.0,21.58493
1966-06-13,31.5,-25.0,19.77124
1966-06-14,31.5,-25.0,18.794464
1966-06-15,31.5,-25.0,18.324188
1966-06-16,31.5,-25.0,17.700592
1966-06-17,31.5,-25.0,17.739288
1966-06-18,31.5,-25.0,16.825073
1966-06-19,31.5,-25.0,15.884888
1966-06-20,31.5,-25.0,16.192963
1966-06-21,31.5,-25.0,15.91095
1966-06-22,31.5,-25.0,16.47934
1966-06-23,31.5,-25.0,16.504852
1966-06-24,31.5,-25.0,16.242828
1966-06-25,31.5,-25.0,16.219757
1966-06-26,31.5,-25.0,17.295563
1966-06-27,31.5,-25.0,18.6568
1966-06-28,31.5,-25.0,18.596802
1966-06-29,31.5,-25.0,18.837036
1966-06-30,31.5,-25.0,20.336334
1966-07-01,31.5,-25.0,18.42279
1966-07-02,31.5,-25.0,20.304138
1966-07-03,31.5,-25.0,18.489532
1966-07-04,31.5,-25.0,19.279236
1966-07-05,31.5,-25.0,17.874512
1966-07-06,31.5,-25.0,18.210419
1966-07-07,31.5,-25.0,18.137268
1966-07-08,31.5,-25.0,18.760132
1966-07-09,31.5,-25.0,19.128204
1966-07-10,31.5,-25.0,18.41336
1966-07-11,31.5,-25.0,17.726288
1966-07-12,31.5,-25.0,17.601257
1966-07-13,31.5,-25.0,19.107239
1966-07-14,31.5,-25.0,19.625488
1966-07-15,31.5,-25.0,17.507477
1966-07-16,31.5,-25.0,18.472473
1966-07-17,31.5,-25.0,19.197052
1966-07-18,31.5,-25.0,18.622955
1966-07-19,31.5,-25.0,20.598541
1966-07-20,31.5,-25.0,18.21756
1966-07-21,31.5,-25.0,13.794434
1966-07-22,31.5,-25.0,17.008057
1966-07-23,31.5,-25.0,19.446411
1966-07-24,31.5,-25.0,21.481964
1966-07-25,31.5,-25.0,15.995087
1966-07-26,31.5,-25.0,13.588623
1966-07-27,31.5,-25.0,15.534302
1966-07-28,31.5,-25.0,17.802307
1966-07-29,31.5,-25.0,17.099548
1966-07-30,31.5,-25.0,17.27948
1966-07-31,31.5,-25.0,18.192719
1966-08-01,31.5,-25.0,17.31369
1966-08-02,31.5,-25.0,18.998352
1966-08-03,31.5,-25.0,20.590027
1966-08-04,31.5,-25.0,19.307526
1966-08-05,31.5,-25.0,21.085388
1966-08-06,31.5,-25.0,22.67456
1966-08-07,31.5,-25.0,18.588837
1966-08-08,31.5,-25.0,17.564056
1966-08-09,31.5,-25.0,18.92865
1966-08-10,31.5,-25.0,20.8107
1966-08-11,31.5,-25.0,19.671997
1966-08-12,31.5,-25.0,20.144806
1966-08-13,31.5,-25.0,19.333252
1966-08-14,31.5,-25.0,19.510773
1966-08-15,31.5,-25.0,19.679657
1966-08-16,31.5,-25.0,19.174133
1966-08-17,31.5,-25.0,20.283936
1966-08-18,31.5,-25.0,22.54425
1966-08-19,31.5,-25.0,17.467896
1966-08-20,31.5,-25.0,13.550018
1966-08-21,31.5,-25.0,14.272461
1966-08-22,31.5,-25.0,15.406647
1966-08-23,31.5,-25.0,16.294128
1966-08-24,31.5,-25.0,18.750397
1966-08-25,31.5,-25.0,20.72052
1966-08-26,31.5,-25.0,22.391357
1966-08-27,31.5,-25.0,24.26056
1966-08-28,31.5,-25.0,23.359863
1966-08-29,31.5,-25.0,21.029266
1966-08-30,31.5,-25.0,18.78543
1966-08-31,31.5,-25.0,17.707947
1966-09-01,31.5,-25.0,21.106628
1966-09-02,31.5,-25.0,20.321228
1966-09-03,31.5,-25.0,22.68872
1966-09-04,31.5,-25.0,22.966705
1966-09-05,31.5,-25.0,18.402985
1966-09-06,31.5,-25.0,17.215607
1966-09-07,31.5,-25.0,19.338593
1966-09-08,31.5,-25.0,18.838074
1966-09-09,31.5,-25.0,19.582611
1966-09-10,31.5,-25.0,23.417358
1966-09-11,31.5,-25.0,21.11139
1966-09-12,31.5,-25.0,20.317047
1966-09-13,31.5,-25.0,23.90982
1966-09-14,31.5,-25.0,26.400085
1966-09-15,31.5,-25.0,23.765076
1966-09-16,31.5,-25.0,18.751648
1966-09-17,31.5,-25.0,15.47934
1966-09-18,31.5,-25.0,15.270935
1966-09-19,31.5,-25.0,17.982544
1966-09-20,31.5,-25.0,19.453125
1966-09-21,31.5,-25.0,19.795685
1966-09-22,31.5,-25.0,22.22168
1966-09-23,31.5,-25.0,25.163696
1966-09-24,31.5,-25.0,23.742188
1966-09-25,31.5,-25.0,27.71759
1966-09-26,31.5,-25.0,25.969757
1966-09-27,31.5,-25.0,24.349426
1966-09-28,31.5,-25.0,24.083405
1966-09-29,31.5,-25.0,18.267242
1966-09-30,31.5,-25.0,18.331055
1966-10-01,31.5,-25.0,22.6568
1966-10-02,31.5,-25.0,26.008453
1966-10-03,31.5,-25.0,26.15564
1966-10-04,31.5,-25.0,27.219482
1966-10-05,31.5,-25.0,26.077148
1966-10-06,31.5,-25.0,19.414093
1966-10-07,31.5,-25.0,22.04422
1966-10-08,31.5,-25.0,22.50769
1966-10-09,31.5,-25.0,24.74649
1966-10-10,31.5,-25.0,28.869934
1966-10-11,31.5,-25.0,22.008636
1966-10-12,31.5,-25.0,20.656616
1966-10-13,31.5,-25.0,19.993958
1966-10-14,31.5,-25.0,24.935211
1966-10-15,31.5,-25.0,16.467926
1966-10-16,31.5,-25.0,17.784119
1966-10-17,31.5,-25.0,23.268524
1966-10-18,31.5,-25.0,16.671967
1966-10-19,31.5,-25.0,16.624512
1966-10-20,31.5,-25.0,17.940704
1966-10-21,31.5,-25.0,19.318207
1966-10-22,31.5,-25.0,15.405304
1966-10-23,31.5,-25.0,17.580414
1966-10-24,31.5,-25.0,22.081207
1966-10-25,31.5,-25.0,24.539032
1966-10-26,31.5,-25.0,22.455719
1966-10-27,31.5,-25.0,24.86206
1966-10-28,31.5,-25.0,27.071503
1966-10-29,31.5,-25.0,26.430481
1966-10-30,31.5,-25.0,26.671661
1966-10-31,31.5,-25.0,28.1156
1966-11-01,31.5,-25.0,29.058777
1966-11-02,31.5,-25.0,29.700195
1966-11-03,31.5,-25.0,29.933533
1966-11-04,31.5,-25.0,25.79544
1966-11-05,31.5,-25.0,27.35611
1966-11-06,31.5,-25.0,23.178986
1966-11-07,31.5,-25.0,24.021057
1966-11-08,31.5,-25.0,24.05127
1966-11-09,31.5,-25.0,20.67099
1966-11-10,31.5,-25.0,20.878357
1966-11-11,31.5,-25.0,22.742615
1966-11-12,31.5,-25.0,24.688965
1966-11-13,31.5,-25.0,24.97763
1966-11-14,31.5,-25.0,27.075714
1966-11-15,31.5,-25.0,20.076416
1966-11-16,31.5,-25.0,21.45462
1966-11-17,31.5,-25.0,26.465332
1966-11-18,31.5,-25.0,25.552338
1966-11-19,31.5,-25.0,20.478546
1966-11-20,31.5,-25.0,20.907196
1966-11-21,31.5,-25.0,23.302704
1966-11-22,31.5,-25.0,21.971954
1966-11-23,31.5,-25.0,22.705261
1966-11-24,31.5,-25.0,25.509277
1966-11-25,31.5,-25.0,28.143616
1966-11-26,31.5,-25.0,24.662292
1966-11-27,31.5,-25.0,25.094604
1966-11-28,31.5,-25.0,29.210205
1966-11-29,31.5,-25.0,27.81601
1966-11-30,31.5,-25.0,21.125183
1966-12-01,31.5,-25.0,27.794708
1966-12-02,31.5,-25.0,25.243958
1966-12-03,31.5,-25.0,29.28592
1966-12-04,31.5,-25.0,29.455933
1966-12-05,31.5,-25.0,30.809082
1966-12-06,31.5,-25.0,28.688263
1966-12-07,31.5,-25.0,24.985046
1966-12-08,31.5,-25.0,24.058716
1966-12-09,31.5,-25.0,27.331543
1966-12-10,31.5,-25.0,26.437866
1966-12-11,31.5,-25.0,26.30719
1966-12-12,31.5,-25.0,27.8555
1966-12-13,31.5,-25.0,29.430115
1966-12-14,31.5,-25.0,26.193665
1966-12-15,31.5,-25.0,20.49356
1966-12-16,31.5,-25.0,19.349945
1966-12-17,31.5,-25.0,19.26883
1966-12-18,31.5,-25.0,20.867981
1966-12-19,31.5,-25.0,21.850677
1966-12-20,31.5,-25.0,20.875732
1966-12-21,31.5,-25.0,23.070343
1966-12-22,31.5,-25.0,24.350464
1966-12-23,31.5,-25.0,25.281952
1966-12-24,31.5,-25.0,24.181396
1966-12-25,31.5,-25.0,25.862885
1966-12-26,31.5,-25.0,26.218811
1966-12-27,31.5,-25.0,24.355072
1966-12-28,31.5,-25.0,25.35846
1966-12-29,31.5,-25.0,25.686523
1966-12-30,31.5,-25.0,26.434906
1966-12-31,31.5,-25.0,25.737823
1967-01-01,31.5,-25.0,26.384918
1967-01-02,31.5,-25.0,23.948608
1967-01-03,31.5,-25.0,23.330109
1967-01-04,31.5,-25.0,26.704193
1967-01-05,31.5,-25.0,23.080627
1967-01-06,31.5,-25.0,25.197174
1967-01-07,31.5,-25.0,28.843231
1967-01-08,31.5,-25.0,30.988281
1967-01-09,31.5,-25.0,25.67862
1967-01-10,31.5,-25.0,23.296936
1967-01-11,31.5,-25.0,27.474243
1967-01-12,31.5,-25.0,25.048035
1967-01-13,31.5,-25.0,27.163849
1967-01-14,31.5,-25.0,26.904633
1967-01-15,31.5,-25.0,26.50409
1967-01-16,31.5,-25.0,26.658417
1967-01-17,31.5,-25.0,25.325378
1967-01-18,31.5,-25.0,28.134827
1967-01-19,31.5,-25.0,28.557373
1967-01-20,31.5,-25.0,27.928925
1967-01-21,31.5,-25.0,29.944305
1967-01-22,31.5,-25.0,22.634796
1967-01-23,31.5,-25.0,24.982727
1967-01-24,31.5,-25.0,25.234009
1967-01-25,31.5,-25.0,25.50763
1967-01-26,31.5,-25.0,24.459045
1967-01-27,31.5,-25.0,24.931458
1967-01-28,31.5,-25.0,24.57022
1967-01-29,31.5,-25.0,26.206726
1967-01-30,31.5,-25.0,28.232117
1967-01-31,31.5,-25.0,28.563843
1967-02-01,31.5,-25.0,24.879852
1967-02-02,31.5,-25.0,24.324127
1967-02-03,31.5,-25.0,26.991241
1967-02-04,31.5,-25.0,22.567383
1967-02-05,31.5,-25.0,23.822144
1967-02-06,31.5,-25.0,25.998077
1967-02-07,31.5,-25.0,27.283539
1967-02-08,31.5,-25.0,27.225433
1967-02-09,31.5,-25.0,23.920135
1967-02-10,31.5,-25.0,22.368011
1967-02-11,31.5,-25.0,22.910553
1967-02-12,31.5,-25.0,23.187775
1967-02-13,31.5,-25.0,24.405731
1967-02-14,31.5,-25.0,26.019714
1967-02-15,31.5,-25.0,24.605194
1967-02-16,31.5,-25.0,23.805573
1967-02-17,31.5,-25.0,26.10965
1967-02-18,31.5,-25.0,24.448822
1967-02-19,31.5,-25.0,18.321075
1967-02-20,31.5,-25.0,20.237213
1967-02-21,31.5,-25.0,21.609985
1967-02-22,31.5,-25.0,22.877686
1967-02-23,31.5,-25.0,23.61026
1967-02-24,31.5,-25.0,22.99887
1967-02-25,31.5,-25.0,21.178986
1967-02-26,31.5,-25.0,22.186157
1967-02-27,31.5,-25.0,23.968048
1967-02-28,31.5,-25.0,24.16043
1967-03-01,31.5,-25.0,24.248566
1967-03-02,31.5,-25.0,24.052002
1967-03-03,31.5,-25.0,22.996277
1967-03-04,31.5,-25.0,22.120087
1967-03-05,31.5,-25.0,22.455872
1967-03-06,31.5,-25.0,21.700348
1967-03-07,31.5,-25.0,22.035065
1967-03-08,31.5,-25.0,23.789398
1967-03-09,31.5,-25.0,25.199402
1967-03-10,31.5,-25.0,26.455261
1967-03-11,31.5,-25.0,25.361786
1967-03-12,31.5,-25.0,25.685059
1967-03-13,31.5,-25.0,22.092194
1967-03-14,31.5,-25.0,21.71997
1967-03-15,31.5,-25.0,22.418884
1967-03-16,31.5,-25.0,22.12323
1967-03-17,31.5,-25.0,21.631378
1967-03-18,31.5,-25.0,23.02304
1967-03-19,31.5,-25.0,22.565155
1967-03-20,31.5,-25.0,20.953918
1967-03-21,31.5,-25.0,22.13556
1967-03-22,31.5,-25.0,23.551483
1967-03-23,31.5,-25.0,24.167694
1967-03-24,31.5,-25.0,23.089996
1967-03-25,31.5,-25.0,23.546936
1967-03-26,31.5,-25.0,23.418274
1967-03-27,31.5,-25.0,23.907867
1967-03-28,31.5,-25.0,24.308258
1967-03-29,31.5,-25.0,24.551208
1967-03-30,31.5,-25.0,24.512115
1967-03-31,31.5,-25.0,25.931519
1967-04-01,31.5,-25.0,25.58966
1967-04-02,31.5,-25.0,19.495453
1967-04-03,31.5,-25.0,19.015686
1967-04-04,31.5,-25.0,21.286987
1967-04-05,31.5,-25.0,21.526367
1967-04-06,31.5,-25.0,20.857788
1967-04-07,31.5,-25.0,21.640411
1967-04-08,31.5,-25.0,23.231781
1967-04-09,31.5,-25.0,22.88684
1967-04-10,31.5,-25.0,21.81314
1967-04-11,31.5,-25.0,21.939697
1967-04-12,31.5,-25.0,22.410187
1967-04-13,31.5,-25.0,23.604248
1967-04-14,31.5,-25.0,22.74707
1967-04-15,31.5,-25.0,23.55249
1967-04-16,31.5,-25.0,23.051971
1967-04-17,31.5,-25.0,21.968414
1967-04-18,31.5,-25.0,21.045929
1967-04-19,31.5,-25.0,20.424011
1967-04-20,31.5,-25.0,23.105988
1967-04-21,31.5,-25.0,22.486328
1967-04-22,31.5,-25.0,18.83725
1967-04-23,31.5,-25.0,18.062134
1967-04-24,31.5,-25.0,18.79181
1967-04-25,31.5,-25.0,19.772522
1967-04-26,31.5,-25.0,20.601196
1967-04-27,31.5,-25.0,20.698242
1967-04-28,31.5,-25.0,22.635803
1967-04-29,31.5,-25.0,18.47403
1967-04-30,31.5,-25.0,20.351044
1967-05-01,31.5,-25.0,19.403778
1967-05-02,31.5,-25.0,20.058594
1967-05-03,31.5,-25.0,22.165863
1967-05-04,31.5,-25.0,21.75238
1967-05-05,31.5,-25.0,22.15805
1967-05-06,31.5,-25.0,21.557526
1967-05-07,31.5,-25.0,20.13797
1967-05-08,31.5,-25.0,20.258057
1967-05-09,31.5,-25.0,19.25528
1967-05-10,31.5,-25.0,18.813232
1967-05-11,31.5,-25.0,18.867004
1967-05-12,31.5,-25.0,19.053741
1967-05-13,31.5,-25.0,19.858856
1967-05-14,31.5,-25.0,20.511902
1967-05-15,31.5,-25.0,19.169525
1967-05-16,31.5,-25.0,19.028442
1967-05-17,31.5,-25.0,18.660095
1967-05-18,31.5,-25.0,18.500214
1967-05-19,31.5,-25.0,17.452728
1967-05-20,31.5,-25.0,18.08191
1967-05-21,31.5,-25.0,19.559082
1967-05-22,31.5,-25.0,18.07315
1967-05-23,31.5,-25.0,16.8573
1967-05-24,31.5,-25.0,16.242493
1967-05-25,31.5,-25.0,16.847809
1967-05-26,31.5,-25.0,17.658142
1967-05-27,31.5,-25.0,19.070251
1967-05-28,31.5,-25.0,17.932068
1967-05-29,31.5,-25.0,17.958649
1967-05-30,31.5,-25.0,17.457611
1967-05-31,31.5,-25.0,18.845154
1967-06-01,31.5,-25.0,17.918335
1967-06-02,31.5,-25.0,15.230286
1967-06-03,31.5,-25.0,14.677582
1967-06-04,31.5,-25.0,15.912689
1967-06-05,31.5,-25.0,17.234467
1967-06-06,31.5,-25.0,15.899628
1967-06-07,31.5,-25.0,14.58667
1967-06-08,31.5,-25.0,15.656891
1967-06-09,31.5,-25.0,17.087708
1967-06-10,31.5,-25.0,20.019623
1967-06-11,31.5,-25.0,17.263092
1967-06-12,31.5,-25.0,13.053619
1967-06-13,31.5,-25.0,13.674011
1967-06-14,31.5,-25.0,14.756165
1967-06-15,31.5,-25.0,14.754822
1967-06-16,31.5,-25.0,13.945984
1967-06-17,31.5,-25.0,14.665558
1967-06-18,31.5,-25.0,14.371948
1967-06-19,31.5,-25.0,16.417725
1967-06-20,31.5,-25.0,15.929901
1967-06-21,31.5,-25.0,16.912811
1967-06-22,31.5,-25.0,16.275757
1967-06-23,31.5,-25.0,18.085693
1967-06-24,31.5,-25.0,17.808655
1967-06-25,31.5,-25.0,16.9133
1967-06-26,31.5,-25.0,17.23471
1967-06-27,31.5,-25.0,17.556213
1967-06-28,31.5,-25.0,17.895721
1967-06-29,31.5,-25.0,16.445923
1967-06-30,31.5,-25.0,16.594543
1967-07-01,31.5,-25.0,18.062286
1967-07-02,31.5,-25.0,16.498901
1967-07-03,31.5,-25.0,16.81363
1967-07-04,31.5,-25.0,16.745575
1967-07-05,31.5,-25.0,15.710358
1967-07-06,31.5,-25.0,15.47171
1967-07-07,31.5,-25.0,15.614075
1967-07-08,31.5,-25.0,15.571289
1967-07-09,31.5,-25.0,13.232025
1967-07-10,31.5,-25.0,13.229126
1967-07-11,31.5,-25.0,13.151062
1967-07-12,31.5,-25.0,14.0802
1967-07-13,31.5,-25.0,14.910126
1967-07-14,31.5,-25.0,12.023285
1967-07-15,31.5,-25.0,12.212219
1967-07-16,31.5,-25.0,13.959808
1967-07-17,31.5,-25.0,13.942505
1967-07-18,31.5,-25.0,13.125336
1967-07-19,31.5,-25.0,13.766449
1967-07-20,31.5,-25.0,15.24646
1967-07-21,31.5,-25.0,15.244141
1967-07-22,31.5,-25.0,13.356598
1967-07-23,31.5,-25.0,14.29126
1967-07-24,31.5,-25.0,16.782349
1967-07-25,31.5,-25.0,15.971771
1967-07-26,31.5,-25.0,15.806549
1967-07-27,31.5,-25.0,14.966553
1967-07-28,31.5,-25.0,14.069458
1967-07-29,31.5,-25.0,15.054962
1967-07-30,31.5,-25.0,15.939056
1967-07-31,31.5,-25.0,17.29306
1967-08-01,31.5,-25.0,16.341858
1967-08-02,31.5,-25.0,17.416626
1967-08-03,31.5,-25.0,17.4758
1967-08-04,31.5,-25.0,17.341522
1967-08-05,31.5,-25.0,17.52716
1967-08-06,31.5,-25.0,19.10971
1967-08-07,31.5,-25.0,16.51181
1967-08-08,31.5,-25.0,17.186981
1967-08-09,31.5,-25.0,18.65741
1967-08-10,31.5,-25.0,19.576324
1967-08-11,31.5,-25.0,18.243713
1967-08-12,31.5,-25.0,17.36853
1967-08-13,31.5,-25.0,19.660889
1967-08-14,31.5,-25.0,19.618286
1967-08-15,31.5,-25.0,17.928772
1967-08-16,31.5,-25.0,18.131714
1967-08-17,31.5,-25.0,20.692047
1967-08-18,31.5,-25.0,15.945801
1967-08-19,31.5,-25.0,14.531128
1967-08-20,31.5,-25.0,13.923981
1967-08-21,31.5,-25.0,15.17865
1967-08-22,31.5,-25.0,16.012482
1967-08-23,31.5,-25.0,16.345062
1967-08-24,31.5,-25.0,17.300049
1967-08-25,31.5,-25.0,18.102814
1967-08-26,31.5,-25.0,18.152771
1967-08-27,31.5,-25.0,19.106384
1967-08-28,31.5,-25.0,20.798492
1967-08-29,31.5,-25.0,19.989685
1967-08-30,31.5,-25.0,19.989624
1967-08-31,31.5,-25.0,22.348907
1967-09-01,31.5,-25.0,20.693756
1967-09-02,31.5,-25.0,21.198029
1967-09-03,31.5,-25.0,24.203278
1967-09-04,31.5,-25.0,26.070435
1967-09-05,31.5,-25.0,21.027649
1967-09-06,31.5,-25.0,18.83493
1967-09-07,31.5,-25.0,18.681915
1967-09-08,31.5,-25.0,19.241943
1967-09-09,31.5,-25.0,18.423096
1967-09-10,31.5,-25.0,18.273926
1967-09-11,31.5,-25.0,19.805756
1967-09-12,31.5,-25.0,18.930023
1967-09-13,31.5,-25.0,20.901428
1967-09-14,31.5,-25.0,21.340729
1967-09-15,31.5,-25.0,21.980347
1967-09-16,31.5,-25.0,21.253937
1967-09-17,31.5,-25.0,22.319092
1967-09-18,31.5,-25.0,22.723145
1967-09-19,31.5,-25.0,22.468872
1967-09-20,31.5,-25.0,20.889679
1967-09-21,31.5,-25.0,22.093658
1967-09-22,31.5,-25.0,21.289856
1967-09-23,31.5,-25.0,16.074402
1967-09-24,31.5,-25.0,17.399567
1967-09-25,31.5,-25.0,21.645386
1967-09-26,31.5,-25.0,21.3844
1967-09-27,31.5,-25.0,24.89386
1967-09-28,31.5,-25.0,25.250366
1967-09-29,31.5,-25.0,25.338684
1967-09-30,31.5,-25.0,23.090515
1967-10-01,31.5,-25.0,26.642944
1967-10-02,31.5,-25.0,20.668274
1967-10-03,31.5,-25.0,20.105438
1967-10-04,31.5,-25.0,26.556488
1967-10-05,31.5,-25.0,20.900238
1967-10-06,31.5,-25.0,18.47705
1967-10-07,31.5,-25.0,23.173859
1967-10-08,31.5,-25.0,20.164368
1967-10-09,31.5,-25.0,19.220123
1967-10-10,31.5,-25.0,20.389648
1967-10-11,31.5,-25.0,21.591217
1967-10-12,31.5,-25.0,22.132446
1967-10-13,31.5,-25.0,22.11972
1967-10-14,31.5,-25.0,24.062775
1967-10-15,31.5,-25.0,21.80188
1967-10-16,31.5,-25.0,21.561707
1967-10-17,31.5,-25.0,22.456207
1967-10-18,31.5,-25.0,24.842346
1967-10-19,31.5,-25.0,23.71167
1967-10-20,31.5,-25.0,23.891571
1967-10-21,31.5,-25.0,25.570679
1967-10-22,31.5,-25.0,25.060028
1967-10-23,31.5,-25.0,27.424408
1967-10-24,31.5,-25.0,29.153656
1967-10-25,31.5,-25.0,19.945526
1967-10-26,31.5,-25.0,17.373993
1967-10-27,31.5,-25.0,17.750305
1967-10-28,31.5,-25.0,16.710266
1967-10-29,31.5,-25.0,18.900421
1967-10-30,31.5,-25.0,20.915863
1967-10-31,31.5,-25.0,21.333282
1967-11-01,31.5,-25.0,22.622162
1967-11-02,31.5,-25.0,22.851166
1967-11-03,31.5,-25.0,22.160736
1967-11-04,31.5,-25.0,22.616974
1967-11-05,31.5,-25.0,24.879272
1967-11-06,31.5,-25.0,25.311493
1967-11-07,31.5,-25.0,27.415497
1967-11-08,31.5,-25.0,26.57193
1967-11-09,31.5,-25.0,26.94101
1967-11-10,31.5,-25.0,25.436798
1967-11-11,31.5,-25.0,28.933289
1967-11-12,31.5,-25.0,28.631866
1967-11-13,31.5,-25.0,22.134796
1967-11-14,31.5,-25.0,24.189575
1967-11-15,31.5,-25.0,27.291962
1967-11-16,31.5,-25.0,31.088013
1967-11-17,31.5,-25.0,24.350128
1967-11-18,31.5,-25.0,17.335236
1967-11-19,31.5,-25.0,16.783752
1967-11-20,31.5,-25.0,19.021301
1967-11-21,31.5,-25.0,23.094147
1967-11-22,31.5,-25.0,22.605865
1967-11-23,31.5,-25.0,24.563385
1967-11-24,31.5,-25.0,25.90866
1967-11-25,31.5,-25.0,21.765991
1967-11-26,31.5,-25.0,22.87381
1967-11-27,31.5,-25.0,25.658539
1967-11-28,31.5,-25.0,27.559174
1967-11-29,31.5,-25.0,27.736603
1967-11-30,31.5,-25.0,26.61734
1967-12-01,31.5,-25.0,28.52835
1967-12-02,31.5,-25.0,23.1344
1967-12-03,31.5,-25.0,21.73285
1967-12-04,31.5,-25.0,24.628418
1967-12-05,31.5,-25.0,23.303986
1967-12-06,31.5,-25.0,24.656738
1967-12-07,31.5,-25.0,24.650024
1967-12-08,31.5,-25.0,24.329407
1967-12-09,31.5,-25.0,27.916412
1967-12-10,31.5,-25.0,28.445282
1967-12-11,31.5,-25.0,22.388062
1967-12-12,31.5,-25.0,20.204742
1967-12-13,31.5,-25.0,23.441956
1967-12-14,31.5,-25.0,25.337341
1967-12-15,31.5,-25.0,25.866089
1967-12-16,31.5,-25.0,26.0018
1967-12-17,31.5,-25.0,26.227661
1967-12-18,31.5,-25.0,24.587036
1967-12-19,31.5,-25.0,25.424957
1967-12-20,31.5,-25.0,24.444855
1967-12-21,31.5,-25.0,25.331238
1967-12-22,31.5,-25.0,25.21518
1967-12-23,31.5,-25.0,26.062958
1967-12-24,31.5,-25.0,23.65741
1967-12-25,31.5,-25.0,24.613495
1967-12-26,31.5,-25.0,23.520477
1967-12-27,31.5,-25.0,23.600739
1967-12-28,31.5,-25.0,24.884338
1967-12-29,31.5,-25.0,25.706177
1967-12-30,31.5,-25.0,25.815308
1967-12-31,31.5,-25.0,27.06723
1968-01-01,31.5,-25.0,27.33667
1968-01-02,31.5,-25.0,26.02707
1968-01-03,31.5,-25.0,28.909576
1968-01-04,31.5,-25.0,25.38263
1968-01-05,31.5,-25.0,24.172394
1968-01-06,31.5,-25.0,26.1568
1968-01-07,31.5,-25.0,24.896057
1968-01-08,31.5,-25.0,25.397827
1968-01-09,31.5,-25.0,24.841187
1968-01-10,31.5,-25.0,24.607178
1968-01-11,31.5,-25.0,25.41858
1968-01-12,31.5,-25.0,27.532562
1968-01-13,31.5,-25.0,21.906616
1968-01-14,31.5,-25.0,22.345795
1968-01-15,31.5,-25.0,25.623718
1968-01-16,31.5,-25.0,28.718262
1968-01-17,31.5,-25.0,28.52304
1968-01-18,31.5,-25.0,27.895294
1968-01-19,31.5,-25.0,30.517578
1968-01-20,31.5,-25.0,25.156158
1968-01-21,31.5,-25.0,22.780762
1968-01-22,31.5,-25.0,24.11792
1968-01-23,31.5,-25.0,25.202484
1968-01-24,31.5,-25.0,22.944977
1968-01-25,31.5,-25.0,21.97052
1968-01-26,31.5,-25.0,23.924347
1968-01-27,31.5,-25.0,24.279633
1968-01-28,31.5,-25.0,23.70581
1968-01-29,31.5,-25.0,24.531006
1968-01-30,31.5,-25.0,22.939178
1968-01-31,31.5,-25.0,26.58194
1968-02-01,31.5,-25.0,24.817352
1968-02-02,31.5,-25.0,21.827972
1968-02-03,31.5,-25.0,23.410187
1968-02-04,31.5,-25.0,23.62497
1968-02-05,31.5,-25.0,23.249786
1968-02-06,31.5,-25.0,26.126373
1968-02-07,31.5,-25.0,25.988098
1968-02-08,31.5,-25.0,25.247467
1968-02-09,31.5,-25.0,26.453033
1968-02-10,31.5,-25.0,22.863281
1968-02-11,31.5,-25.0,24.440155
1968-02-12,31.5,-25.0,23.527802
1968-02-13,31.5,-25.0,21.807312
1968-02-14,31.5,-25.0,23.496979
1968-02-15,31.5,-25.0,24.443329
1968-02-16,31.5,-25.0,24.989624
1968-02-17,31.5,-25.0,21.807312
1968-02-18,31.5,-25.0,20.28183
1968-02-19,31.5,-25.0,21.287628
1968-02-20,31.5,-25.0,22.761902
1968-02-21,31.5,-25.0,21.938416
1968-02-22,31.5,-25.0,19.412903
1968-02-23,31.5,-25.0,21.648499
1968-02-24,31.5,-25.0,23.967041
1968-02-25,31.5,-25.0,24.368134
1968-02-26,31.5,-25.0,23.470245
1968-02-27,31.5,-25.0,25.590363
1968-02-28,31.5,-25.0,21.696106
1968-02-29,31.5,-25.0,23.058838
1968-03-01,31.5,-25.0,25.38562
1968-03-02,31.5,-25.0,21.672302
1968-03-03,31.5,-25.0,23.510223
1968-03-04,31.5,-25.0,24.476624
1968-03-05,31.5,-25.0,25.160309
1968-03-06,31.5,-25.0,24.649506
1968-03-07,31.5,-25.0,21.59488
1968-03-08,31.5,-25.0,23.196716
1968-03-09,31.5,-25.0,22.835724
1968-03-10,31.5,-25.0,20.103577
1968-03-11,31.5,-25.0,22.437042
1968-03-12,31.5,-25.0,25.05246
1968-03-13,31.5,-25.0,21.452667
1968-03-14,31.5,-25.0,18.700165
1968-03-15,31.5,-25.0,20.12741
1968-03-16,31.5,-25.0,22.358978
1968-03-17,31.5,-25.0,23.196564
1968-03-18,31.5,-25.0,21.811127
1968-03-19,31.5,-25.0,22.878998
1968-03-20,31.5,-25.0,23.31424
1968-03-21,31.5,-25.0,23.121643
1968-03-22,31.5,-25.0,23.654877
1968-03-23,31.5,-25.0,24.89151
1968-03-24,31.5,-25.0,22.775604
1968-03-25,31.5,-25.0,19.703674
1968-03-26,31.5,-25.0,19.286957
1968-03-27,31.5,-25.0,19.663452
1968-03-28,31.5,-25.0,19.47873
1968-03-29,31.5,-25.0,20.72763
1968-03-30,31.5,-25.0,21.095367
1968-03-31,31.5,-25.0,22.106628
1968-04-01,31.5,-25.0,22.791199
1968-04-02,31.5,-25.0,23.048553
1968-04-03,31.5,-25.0,21.819916
1968-04-04,31.5,-25.0,22.367554
1968-04-05,31.5,-25.0,20.439423
1968-04-06,31.5,-25.0,19.482422
1968-04-07,31.5,-25.0,21.210693
1968-04-08,31.5,-25.0,22.904541
1968-04-09,31.5,-25.0,23.709167
1968-04-10,31.5,-25.0,23.573029
1968-04-11,31.5,-25.0,23.592255
1968-04-12,31.5,-25.0,20.29596
1968-04-13,31.5,-25.0,22.328156
1968-04-14,31.5,-25.0,19.707489
1968-04-15,31.5,-25.0,18.839233
1968-04-16,31.5,-25.0,20.284088
1968-04-17,31.5,-25.0,19.418488
1968-04-18,31.5,-25.0,18.644348
1968-04-19,31.5,-25.0,19.924469
1968-04-20,31.5,-25.0,20.90329
1968-04-21,31.5,-25.0,18.31546
1968-04-22,31.5,-25.0,16.842285
1968-04-23,31.5,-25.0,19.442352
1968-04-24,31.5,-25.0,17.981781
1968-04-25,31.5,-25.0,16.970581
1968-04-26,31.5,-25.0,18.70694
1968-04-27,31.5,-25.0,21.143127
1968-04-28,31.5,-25.0,19.783417
1968-04-29,31.5,-25.0,19.160309
1968-04-30,31.5,-25.0,20.08841
1968-05-01,31.5,-25.0,22.575195
1968-05-02,31.5,-25.0,21.528992
1968-05-03,31.5,-25.0,20.178314
1968-05-04,31.5,-25.0,20.507782
1968-05-05,31.5,-25.0,19.972717
1968-05-06,31.5,-25.0,21.348999
1968-05-07,31.5,-25.0,19.788727
1968-05-08,31.5,-25.0,20.854095
1968-05-09,31.5,-25.0,20.72992
1968-05-10,31.5,-25.0,22.05066
1968-05-11,31.5,-25.0,22.135529
1968-05-12,31.5,-25.0,19.967285
1968-05-13,31.5,-25.0,16.049988
1968-05-14,31.5,-25.0,16.472595
1968-05-15,31.5,-25.0,19.250854
1968-05-16,31.5,-25.0,20.067932
1968-05-17,31.5,-25.0,21.339355
1968-05-18,31.5,-25.0,19.911072
1968-05-19,31.5,-25.0,19.28946
1968-05-20,31.5,-25.0,18.580383
1968-05-21,31.5,-25.0,18.376556
1968-05-22,31.5,-25.0,18.571564
1968-05-23,31.5,-25.0,18.493805
1968-05-24,31.5,-25.0,17.612762
1968-05-25,31.5,-25.0,17.418732
1968-05-26,31.5,-25.0,16.065063
1968-05-27,31.5,-25.0,16.645386
1968-05-28,31.5,-25.0,16.645325
1968-05-29,31.5,-25.0,16.31723
1968-05-30,31.5,-25.0,15.89563
1968-05-31,31.5,-25.0,17.108673
1968-06-01,31.5,-25.0,18.749725
1968-06-02,31.5,-25.0,12.587006
1968-06-03,31.5,-25.0,11.714691
1968-06-04,31.5,-25.0,13.4956665
1968-06-05,31.5,-25.0,12.930145
1968-06-06,31.5,-25.0,13.5460205
1968-06-07,31.5,-25.0,14.411713
1968-06-08,31.5,-25.0,17.238922
1968-06-09,31.5,-25.0,16.854004
1968-06-10,31.5,-25.0,16.16101
1968-06-11,31.5,-25.0,18.53238
1968-06-12,31.5,-25.0,16.10202
1968-06-13,31.5,-25.0,14.093811
1968-06-14,31.5,-25.0,13.385742
1968-06-15,31.5,-25.0,13.89212
1968-06-16,31.5,-25.0,14.434448
1968-06-17,31.5,-25.0,16.210663
1968-06-18,31.5,-25.0,15.697845
1968-06-19,31.5,-25.0,13.256714
1968-06-20,31.5,-25.0,14.041809
1968-06-21,31.5,-25.0,13.623596
1968-06-22,31.5,-25.0,13.742645
1968-06-23,31.5,-25.0,14.645355
1968-06-24,31.5,-25.0,15.201691
1968-06-25,31.5,-25.0,14.66745
1968-06-26,31.5,-25.0,15.123688
1968-06-27,31.5,-25.0,16.754333
1968-06-28,31.5,-25.0,15.585571
1968-06-29,31.5,-25.0,14.379395
1968-06-30,31.5,-25.0,14.483612
1968-07-01,31.5,-25.0,15.186707
1968-07-02,31.5,-25.0,17.177063
1968-07-03,31.5,-25.0,16.809479
1968-07-04,31.5,-25.0,18.52536
1968-07-05,31.5,-25.0,15.739532
1968-07-06,31.5,-25.0,13.419434
1968-07-07,31.5,-25.0,14.283691
1968-07-08,31.5,-25.0,14.963898
1968-07-09,31.5,-25.0,17.789215
1968-07-10,31.5,-25.0,19.517761
1968-07-11,31.5,-25.0,19.09018
1968-07-12,31.5,-25.0,16.362518
1968-07-13,31.5,-25.0,15.459198
1968-07-14,31.5,-25.0,15.93335
1968-07-15,31.5,-25.0,16.174438
1968-07-16,31.5,-25.0,17.643555
1968-07-17,31.5,-25.0,17.412292
1968-07-18,31.5,-25.0,17.38382
1968-07-19,31.5,-25.0,17.193665
1968-07-20,31.5,-25.0,19.745087
1968-07-21,31.5,-25.0,17.443848
1968-07-22,31.5,-25.0,16.631927
1968-07-23,31.5,-25.0,16.7518
1968-07-24,31.5,-25.0,17.646393
1968-07-25,31.5,-25.0,19.14386
1968-07-26,31.5,-25.0,20.633728
1968-07-27,31.5,-25.0,20.884491
1968-07-28,31.5,-25.0,21.680756
1968-07-29,31.5,-25.0,19.977142
1968-07-30,31.5,-25.0,17.297272
1968-07-31,31.5,-25.0,16.611206
1968-08-01,31.5,-25.0,17.959442
1968-08-02,31.5,-25.0,18.228088
1968-08-03,31.5,-25.0,18.43451
1968-08-04,31.5,-25.0,20.342957
1968-08-05,31.5,-25.0,18.361176
1968-08-06,31.5,-25.0,17.751953
1968-08-07,31.5,-25.0,19.318329
1968-08-08,31.5,-25.0,22.020447
1968-08-09,31.5,-25.0,16.779724
1968-08-10,31.5,-25.0,13.666016
1968-08-11,31.5,-25.0,15.652588
1968-08-12,31.5,-25.0,17.700623
1968-08-13,31.5,-25.0,20.024902
1968-08-14,31.5,-25.0,17.765015
1968-08-15,31.5,-25.0,20.417847
1968-08-16,31.5,-25.0,23.09665
1968-08-17,31.5,-25.0,14.969238
1968-08-18,31.5,-25.0,14.763977
1968-08-19,31.5,-25.0,16.769379
1968-08-20,31.5,-25.0,20.840912
1968-08-21,31.5,-25.0,20.275482
1968-08-22,31.5,-25.0,16.571777
1968-08-23,31.5,-25.0,19.40738
1968-08-24,31.5,-25.0,18.974854
1968-08-25,31.5,-25.0,15.889069
1968-08-26,31.5,-25.0,18.12436
1968-08-27,31.5,-25.0,20.439606
1968-08-28,31.5,-25.0,23.050385
1968-08-29,31.5,-25.0,24.128784
1968-08-30,31.5,-25.0,23.064728
1968-08-31,31.5,-25.0,25.39682
1968-09-01,31.5,-25.0,24.161224
1968-09-02,31.5,-25.0,23.475677
1968-09-03,31.5,-25.0,19.048859
1968-09-04,31.5,-25.0,17.477448
1968-09-05,31.5,-25.0,17.25177
1968-09-06,31.5,-25.0,18.260681
1968-09-07,31.5,-25.0,21.243134
1968-09-08,31.5,-25.0,23.299622
1968-09-09,31.5,-25.0,19.773224
1968-09-10,31.5,-25.0,21.99466
1968-09-11,31.5,-25.0,26.11728
1968-09-12,31.5,-25.0,21.557343
1968-09-13,31.5,-25.0,17.699768
1968-09-14,31.5,-25.0,21.9729
1968-09-15,31.5,-25.0,24.055695
1968-09-16,31.5,-25.0,25.613312
1968-09-17,31.5,-25.0,22.344025
1968-09-18,31.5,-25.0,25.034637
1968-09-19,31.5,-25.0,23.824127
1968-09-20,31.5,-25.0,18.898254
1968-09-21,31.5,-25.0,22.259277
1968-09-22,31.5,-25.0,23.085632
1968-09-23,31.5,-25.0,24.78543
1968-09-24,31.5,-25.0,22.645294
1968-09-25,31.5,-25.0,17.595093
1968-09-26,31.5,-25.0,18.084534
1968-09-27,31.5,-25.0,23.110931
1968-09-28,31.5,-25.0,24.387299
1968-09-29,31.5,-25.0,17.465668
1968-09-30,31.5,-25.0,15.947662
1968-10-01,31.5,-25.0,20.69992
1968-10-02,31.5,-25.0,27.382843
1968-10-03,31.5,-25.0,23.05487
1968-10-04,31.5,-25.0,17.554108
1968-10-05,31.5,-25.0,18.704437
1968-10-06,31.5,-25.0,19.71222
1968-10-07,31.5,-25.0,21.74002
1968-10-08,31.5,-25.0,24.620209
1968-10-09,31.5,-25.0,26.74759
1968-10-10,31.5,-25.0,27.118011
1968-10-11,31.5,-25.0,23.886871
1968-10-12,31.5,-25.0,18.796844
1968-10-13,31.5,-25.0,21.912964
1968-10-14,31.5,-25.0,26.99591
1968-10-15,31.5,-25.0,30.686554
1968-10-16,31.5,-25.0,24.146393
1968-10-17,31.5,-25.0,27.428009
1968-10-18,31.5,-25.0,24.343445
1968-10-19,31.5,-25.0,27.256409
1968-10-20,31.5,-25.0,21.332275
1968-10-21,31.5,-25.0,19.216034
1968-10-22,31.5,-25.0,19.293121
1968-10-23,31.5,-25.0,22.58429
1968-10-24,31.5,-25.0,26.05127
1968-10-25,31.5,-25.0,24.86325
1968-10-26,31.5,-25.0,26.250854
1968-10-27,31.5,-25.0,22.538239
1968-10-28,31.5,-25.0,20.085876
1968-10-29,31.5,-25.0,18.094849
1968-10-30,31.5,-25.0,22.808197
1968-10-31,31.5,-25.0,24.612823
1968-11-01,31.5,-25.0,22.810669
1968-11-02,31.5,-25.0,23.14978
1968-11-03,31.5,-25.0,24.087646
1968-11-04,31.5,-25.0,24.387604
1968-11-05,31.5,-25.0,25.13974
1968-11-06,31.5,-25.0,26.998749
1968-11-07,31.5,-25.0,29.1716
1968-11-08,31.5,-25.0,29.548798
1968-11-09,31.5,-25.0,23.812836
1968-11-10,31.5,-25.0,15.42218
1968-11-11,31.5,-25.0,14.915527
1968-11-12,31.5,-25.0,14.970276
1968-11-13,31.5,-25.0,16.995483
1968-11-14,31.5,-25.0,21.05539
1968-11-15,31.5,-25.0,21.298767
1968-11-16,31.5,-25.0,13.451538
1968-11-17,31.5,-25.0,14.657654
1968-11-18,31.5,-25.0,19.458344
1968-11-19,31.5,-25.0,20.699097
1968-11-20,31.5,-25.0,20.662506
1968-11-21,31.5,-25.0,22.862244
1968-11-22,31.5,-25.0,24.740204
1968-11-23,31.5,-25.0,27.294678
1968-11-24,31.5,-25.0,22.529938
1968-11-25,31.5,-25.0,20.420471
1968-11-26,31.5,-25.0,22.00415
1968-11-27,31.5,-25.0,24.622162
1968-11-28,31.5,-25.0,26.8331
1968-11-29,31.5,-25.0,26.692566
1968-11-30,31.5,-25.0,23.604431
1968-12-01,31.5,-25.0,27.145233
1968-12-02,31.5,-25.0,28.836273
1968-12-03,31.5,-25.0,29.705963
1968-12-04,31.5,-25.0,27.801788
1968-12-05,31.5,-25.0,25.780823
1968-12-06,31.5,-25.0,21.016205
1968-12-07,31.5,-25.0,22.768982
1968-12-08,31.5,-25.0,24.694946
1968-12-09,31.5,-25.0,22.963135
1968-12-10,31.5,-25.0,23.312134
1968-12-11,31.5,-25.0,21.844574
1968-12-12,31.5,-25.0,24.278809
1968-12-13,31.5,-25.0,24.112274
1968-12-14,31.5,-25.0,23.621338
1968-12-15,31.5,-25.0,23.66806
1968-12-16,31.5,-25.0,26.423767
1968-12-17,31.5,-25.0,28.715271
1968-12-18,31.5,-25.0,28.970337
1968-12-19,31.5,-25.0,27.51587
1968-12-20,31.5,-25.0,28.26828
1968-12-21,31.5,-25.0,29.635864
1968-12-22,31.5,-25.0,29.134338
1968-12-23,31.5,-25.0,29.591187
1968-12-24,31.5,-25.0,30.211426
1968-12-25,31.5,-25.0,26.78064
1968-12-26,31.5,-25.0,28.693817
1968-12-27,31.5,-25.0,21.346191
1968-12-28,31.5,-25.0,25.890625
1968-12-29,31.5,-25.0,28.45929
1968-12-30,31.5,-25.0,21.23169
1968-12-31,31.5,-25.0,20.240082
1969-01-01,31.5,-25.0,22.09552
1969-01-02,31.5,-25.0,24.59726
1969-01-03,31.5,-25.0,26.453033
1969-01-04,31.5,-25.0,25.822937
1969-01-05,31.5,-25.0,26.870789
1969-01-06,31.5,-25.0,27.708954
1969-01-07,31.5,-25.0,24.284454
1969-01-08,31.5,-25.0,23.495178
1969-01-09,31.5,-25.0,27.070251
1969-01-10,31.5,-25.0,22.910492
1969-01-11,31.5,-25.0,24.146667
1969-01-12,31.5,-25.0,27.922607
1969-01-13,31.5,-25.0,27.156738
1969-01-14,31.5,-25.0,27.186676
1969-01-15,31.5,-25.0,22.62033
1969-01-16,31.5,-25.0,24.498474
1969-01-17,31.5,-25.0,26.393097
1969-01-18,31.5,-25.0,27.35202
1969-01-19,31.5,-25.0,26.738586
1969-01-20,31.5,-25.0,28.519867
1969-01-21,31.5,-25.0,30.407227
1969-01-22,31.5,-25.0,22.032806
1969-01-23,31.5,-25.0,22.185425
1969-01-24,31.5,-25.0,26.885468
1969-01-25,31.5,-25.0,28.07013
1969-01-26,31.5,-25.0,31.103119
1969-01-27,31.5,-25.0,29.491638
1969-01-28,31.5,-25.0,27.10254
1969-01-29,31.5,-25.0,27.067688
1969-01-30,31.5,-25.0,27.58258
1969-01-31,31.5,-25.0,27.089325
1969-02-01,31.5,-25.0,27.862549
1969-02-02,31.5,-25.0,28.066833
1969-02-03,31.5,-25.0,30.032623
1969-02-04,31.5,-25.0,28.711975
1969-02-05,31.5,-25.0,23.82483
1969-02-06,31.5,-25.0,26.149017
1969-02-07,31.5,-25.0,27.979004
1969-02-08,31.5,-25.0,26.302216
1969-02-09,31.5,-25.0,23.737091
1969-02-10,31.5,-25.0,26.355621
1969-02-11,31.5,-25.0,23.588043
1969-02-12,31.5,-25.0,22.797455
1969-02-13,31.5,-25.0,25.120789
1969-02-14,31.5,-25.0,27.187195
1969-02-15,31.5,-25.0,25.280762
1969-02-16,31.5,-25.0,25.982788
1969-02-17,31.5,-25.0,25.338837
1969-02-18,31.5,-25.0,25.91034
1969-02-19,31.5,-25.0,26.978271
1969-02-20,31.5,-25.0,26.350372
1969-02-21,31.5,-25.0,28.374908
1969-02-22,31.5,-25.0,24.424042
1969-02-23,31.5,-25.0,26.310028
1969-02-24,31.5,-25.0,28.066986
1969-02-25,31.5,-25.0,29.668304
1969-02-26,31.5,-25.0,26.880219
1969-02-27,31.5,-25.0,29.077545
1969-02-28,31.5,-25.0,31.353058
1969-03-01,31.5,-25.0,31.279938
1969-03-02,31.5,-25.0,25.046509
1969-03-03,31.5,-25.0,25.569153
1969-03-04,31.5,-25.0,27.917694
1969-03-05,31.5,-25.0,27.376495
1969-03-06,31.5,-25.0,28.196533
1969-03-07,31.5,-25.0,30.109161
1969-03-08,31.5,-25.0,30.64328
1969-03-09,31.5,-25.0,31.768799
1969-03-10,31.5,-25.0,27.194092
1969-03-11,31.5,-25.0,19.309052
1969-03-12,31.5,-25.0,20.547028
1969-03-13,31.5,-25.0,21.63086
1969-03-14,31.5,-25.0,22.476746
1969-03-15,31.5,-25.0,22.988129
1969-03-16,31.5,-25.0,22.780579
1969-03-17,31.5,-25.0,21.510101
1969-03-18,31.5,-25.0,22.560638
1969-03-19,31.5,-25.0,24.037567
1969-03-20,31.5,-25.0,24.770874
1969-03-21,31.5,-25.0,23.830017
1969-03-22,31.5,-25.0,22.410706
1969-03-23,31.5,-25.0,21.07492
1969-03-24,31.5,-25.0,21.942139
1969-03-25,31.5,-25.0,23.001068
1969-03-26,31.5,-25.0,22.95343
1969-03-27,31.5,-25.0,21.598938
1969-03-28,31.5,-25.0,22.541565
1969-03-29,31.5,-25.0,22.188782
1969-03-30,31.5,-25.0,22.876587
1969-03-31,31.5,-25.0,23.583832
1969-04-01,31.5,-25.0,24.437683
1969-04-02,31.5,-25.0,24.759064
1969-04-03,31.5,-25.0,20.70691
1969-04-04,31.5,-25.0,21.688538
1969-04-05,31.5,-25.0,22.827728
1969-04-06,31.5,-25.0,19.719604
1969-04-07,31.5,-25.0,21.598358
1969-04-08,31.5,-25.0,21.334686
1969-04-09,31.5,-25.0,21.489136
1969-04-10,31.5,-25.0,21.865387
1969-04-11,31.5,-25.0,24.38498
1969-04-12,31.5,-25.0,23.179047
1969-04-13,31.5,-25.0,23.944458
1969-04-14,31.5,-25.0,24.739502
1969-04-15,31.5,-25.0,20.861633
1969-04-16,31.5,-25.0,22.966034
1969-04-17,31.5,-25.0,24.753479
1969-04-18,31.5,-25.0,22.49533
1969-04-19,31.5,-25.0,24.316772
1969-04-20,31.5,-25.0,26.52063
1969-04-21,31.5,-25.0,26.664276
1969-04-22,31.5,-25.0,27.895203
1969-04-23,31.5,-25.0,19.673126
1969-04-24,31.5,-25.0,16.721588
1969-04-25,31.5,-25.0,19.69577
1969-04-26,31.5,-25.0,20.852478
1969-04-27,31.5,-25.0,21.000061
1969-04-28,31.5,-25.0,20.383148
1969-04-29,31.5,-25.0,21.880219
1969-04-30,31.5,-25.0,22.92038
1969-05-01,31.5,-25.0,23.942627
1969-05-02,31.5,-25.0,23.478363
1969-05-03,31.5,-25.0,20.81131
1969-05-04,31.5,-25.0,21.743134
1969-05-05,31.5,-25.0,23.23294
1969-05-06,31.5,-25.0,21.624176
1969-05-07,31.5,-25.0,16.807037
1969-05-08,31.5,-25.0,18.767487
1969-05-09,31.5,-25.0,19.556824
1969-05-10,31.5,-25.0,18.880371
1969-05-11,31.5,-25.0,17.508148
1969-05-12,31.5,-25.0,17.668823
1969-05-13,31.5,-25.0,17.637726
1969-05-14,31.5,-25.0,18.836212
1969-05-15,31.5,-25.0,18.280884
1969-05-16,31.5,-25.0,18.304443
1969-05-17,31.5,-25.0,19.46933
1969-05-18,31.5,-25.0,20.141083
1969-05-19,31.5,-25.0,20.835052
1969-05-20,31.5,-25.0,19.979828
1969-05-21,31.5,-25.0,18.606232
1969-05-22,31.5,-25.0,19.26123
1969-05-23,31.5,-25.0,17.788849
1969-05-24,31.5,-25.0,18.623169
1969-05-25,31.5,-25.0,17.494781
1969-05-26,31.5,-25.0,17.27475
1969-05-27,31.5,-25.0,17.688019
1969-05-28,31.5,-25.0,18.987823
1969-05-29,31.5,-25.0,18.591644
1969-05-30,31.5,-25.0,17.854065
1969-05-31,31.5,-25.0,18.893158
1969-06-01,31.5,-25.0,20.087189
1969-06-02,31.5,-25.0,21.461151
1969-06-03,31.5,-25.0,20.232544
1969-06-04,31.5,-25.0,20.623383
1969-06-05,31.5,-25.0,20.170746
1969-06-06,31.5,-25.0,15.5434265
1969-06-07,31.5,-25.0,15.509186
1969-06-08,31.5,-25.0,17.57135
1969-06-09,31.5,-25.0,18.317291
1969-06-10,31.5,-25.0,18.506287
1969-06-11,31.5,-25.0,19.147736
1969-06-12,31.5,-25.0,18.814392
1969-06-13,31.5,-25.0,17.14569
1969-06-14,31.5,-25.0,17.29013
1969-06-15,31.5,-25.0,16.34967
1969-06-16,31.5,-25.0,19.740753
1969-06-17,31.5,-25.0,15.204559
1969-06-18,31.5,-25.0,13.3159485
1969-06-19,31.5,-25.0,14.680084
1969-06-20,31.5,-25.0,15.280121
1969-06-21,31.5,-25.0,15.069763
1969-06-22,31.5,-25.0,13.937347
1969-06-23,31.5,-25.0,14.843506
1969-06-24,31.5,-25.0,16.602325
1969-06-25,31.5,-25.0,16.952911
1969-06-26,31.5,-25.0,17.248657
1969-06-27,31.5,-25.0,18.539368
1969-06-28,31.5,-25.0,18.668213
1969-06-29,31.5,-25.0,19.60025
1969-06-30,31.5,-25.0,20.726166
1969-07-01,31.5,-25.0,18.861542
1969-07-02,31.5,-25.0,18.15561
1969-07-03,31.5,-25.0,19.18637
1969-07-04,31.5,-25.0,19.597595
1969-07-05,31.5,-25.0,19.18808
1969-07-06,31.5,-25.0,18.50592
1969-07-07,31.5,-25.0,19.783997
1969-07-08,31.5,-25.0,17.759766
1969-07-09,31.5,-25.0,17.111694
1969-07-10,31.5,-25.0,15.807922
1969-07-11,31.5,-25.0,17.31668
1969-07-12,31.5,-25.0,17.792206
1969-07-13,31.5,-25.0,16.657196
1969-07-14,31.5,-25.0,16.123138
1969-07-15,31.5,-25.0,19.306335
1969-07-16,31.5,-25.0,19.821472
1969-07-17,31.5,-25.0,20.202087
1969-07-18,31.5,-25.0,20.784668
1969-07-19,31.5,-25.0,14.922485
1969-07-20,31.5,-25.0,14.027069
1969-07-21,31.5,-25.0,14.6232605
1969-07-22,31.5,-25.0,14.35788
1969-07-23,31.5,-25.0,15.220825
1969-07-24,31.5,-25.0,15.29071
1969-07-25,31.5,-25.0,16.671906
1969-07-26,31.5,-25.0,15.881439
1969-07-27,31.5,-25.0,15.254028
1969-07-28,31.5,-25.0,16.317413
1969-07-29,31.5,-25.0,17.118073
1969-07-30,31.5,-25.0,17.551727
1969-07-31,31.5,-25.0,18.40387
1969-08-01,31.5,-25.0,18.285614
1969-08-02,31.5,-25.0,19.707672
1969-08-03,31.5,-25.0,20.880615
1969-08-04,31.5,-25.0,19.131409
1969-08-05,31.5,-25.0,18.854614
1969-08-06,31.5,-25.0,17.805573
1969-08-07,31.5,-25.0,18.112518
1969-08-08,31.5,-25.0,19.352325
1969-08-09,31.5,-25.0,19.327515
1969-08-10,31.5,-25.0,16.517334
1969-08-11,31.5,-25.0,16.61905
1969-08-12,31.5,-25.0,16.204346
1969-08-13,31.5,-25.0,16.437714
1969-08-14,31.5,-25.0,17.054108
1969-08-15,31.5,-25.0,19.062134
1969-08-16,31.5,-25.0,18.671204
1969-08-17,31.5,-25.0,19.18924
1969-08-18,31.5,-25.0,18.793549
1969-08-19,31.5,-25.0,21.12799
1969-08-20,31.5,-25.0,22.375519
1969-08-21,31.5,-25.0,17.906036
1969-08-22,31.5,-25.0,16.777557
1969-08-23,31.5,-25.0,17.59488
1969-08-24,31.5,-25.0,18.270874
1969-08-25,31.5,-25.0,19.580933
1969-08-26,31.5,-25.0,19.024414
1969-08-27,31.5,-25.0,18.635864
1969-08-28,31.5,-25.0,20.57138
1969-08-29,31.5,-25.0,20.2872
1969-08-30,31.5,-25.0,23.212067
1969-08-31,31.5,-25.0,24.823517
1969-09-01,31.5,-25.0,17.29837
1969-09-02,31.5,-25.0,16.022858
1969-09-03,31.5,-25.0,20.937378
1969-09-04,31.5,-25.0,19.173553
1969-09-05,31.5,-25.0,17.3414
1969-09-06,31.5,-25.0,16.161346
1969-09-07,31.5,-25.0,22.119415
1969-09-08,31.5,-25.0,18.915253
1969-09-09,31.5,-25.0,22.732056
1969-09-10,31.5,-25.0,21.216278
1969-09-11,31.5,-25.0,18.478546
1969-09-12,31.5,-25.0,21.094696
1969-09-13,31.5,-25.0,14.618286
1969-09-14,31.5,-25.0,15.940002
1969-09-15,31.5,-25.0,17.704895
1969-09-16,31.5,-25.0,20.32724
1969-09-17,31.5,-25.0,21.693878
1969-09-18,31.5,-25.0,20.450867
1969-09-19,31.5,-25.0,19.92395
1969-09-20,31.5,-25.0,22.212555
1969-09-21,31.5,-25.0,21.611267
1969-09-22,31.5,-25.0,19.536133
1969-09-23,31.5,-25.0,21.00415
1969-09-24,31.5,-25.0,22.878265
1969-09-25,31.5,-25.0,24.679474
1969-09-26,31.5,-25.0,25.074799
1969-09-27,31.5,-25.0,25.988861
1969-09-28,31.5,-25.0,22.645264
1969-09-29,31.5,-25.0,17.953735
1969-09-30,31.5,-25.0,17.584198
1969-10-01,31.5,-25.0,17.233002
1969-10-02,31.5,-25.0,20.50589
1969-10-03,31.5,-25.0,19.889282
1969-10-04,31.5,-25.0,18.867737
1969-10-05,31.5,-25.0,20.014862
1969-10-06,31.5,-25.0,21.2995
1969-10-07,31.5,-25.0,23.80066
1969-10-08,31.5,-25.0,26.801422
1969-10-09,31.5,-25.0,24.998138
1969-10-10,31.5,-25.0,20.605927
1969-10-11,31.5,-25.0,22.922577
1969-10-12,31.5,-25.0,22.019806
1969-10-13,31.5,-25.0,21.334076
1969-10-14,31.5,-25.0,24.529175
1969-10-15,31.5,-25.0,27.515228
1969-10-16,31.5,-25.0,29.233673
1969-10-17,31.5,-25.0,25.24936
1969-10-18,31.5,-25.0,14.722626
1969-10-19,31.5,-25.0,15.707214
1969-10-20,31.5,-25.0,16.92038
1969-10-21,31.5,-25.0,19.082947
1969-10-22,31.5,-25.0,20.120697
1969-10-23,31.5,-25.0,21.545227
1969-10-24,31.5,-25.0,20.116577
1969-10-25,31.5,-25.0,16.301239
1969-10-26,31.5,-25.0,18.15863
1969-10-27,31.5,-25.0,21.352356
1969-10-28,31.5,-25.0,24.645721
1969-10-29,31.5,-25.0,26.367249
1969-10-30,31.5,-25.0,18.495789
1969-10-31,31.5,-25.0,19.298431
1969-11-01,31.5,-25.0,19.67627
1969-11-02,31.5,-25.0,21.420868
1969-11-03,31.5,-25.0,24.561249
1969-11-04,31.5,-25.0,21.645142
1969-11-05,31.5,-25.0,19.60962
1969-11-06,31.5,-25.0,21.505737
1969-11-07,31.5,-25.0,24.822357
1969-11-08,31.5,-25.0,27.733917
1969-11-09,31.5,-25.0,28.58551
1969-11-10,31.5,-25.0,26.456512
1969-11-11,31.5,-25.0,17.843323
1969-11-12,31.5,-25.0,14.353912
1969-11-13,31.5,-25.0,17.397095
1969-11-14,31.5,-25.0,19.595978
1969-11-15,31.5,-25.0,22.595245
1969-11-16,31.5,-25.0,24.363037
1969-11-17,31.5,-25.0,25.299774
1969-11-18,31.5,-25.0,27.216644
1969-11-19,31.5,-25.0,26.582703
1969-11-20,31.5,-25.0,28.178192
1969-11-21,31.5,-25.0,21.587769
1969-11-22,31.5,-25.0,26.126404
1969-11-23,31.5,-25.0,27.042297
1969-11-24,31.5,-25.0,26.229706
1969-11-25,31.5,-25.0,30.247864
1969-11-26,31.5,-25.0,24.888214
1969-11-27,31.5,-25.0,27.086456
1969-11-28,31.5,-25.0,27.912903
1969-11-29,31.5,-25.0,19.274963
1969-11-30,31.5,-25.0,21.057922
1969-12-01,31.5,-25.0,23.476715
1969-12-02,31.5,-25.0,26.600586
1969-12-03,31.5,-25.0,21.111938
1969-12-04,31.5,-25.0,22.4628
1969-12-05,31.5,-25.0,27.230652
1969-12-06,31.5,-25.0,26.165283
1969-12-07,31.5,-25.0,24.19629
1969-12-08,31.5,-25.0,20.245087
1969-12-09,31.5,-25.0,17.612488
1969-12-10,31.5,-25.0,19.592804
1969-12-11,31.5,-25.0,20.757782
1969-12-12,31.5,-25.0,22.2854
1969-12-13,31.5,-25.0,25.29065
1969-12-14,31.5,-25.0,25.241547
1969-12-15,31.5,-25.0,22.42752
1969-12-16,31.5,-25.0,22.83313
1969-12-17,31.5,-25.0,22.939514
1969-12-18,31.5,-25.0,25.200775
1969-12-19,31.5,-25.0,27.313568
1969-12-20,31.5,-25.0,23.866058
1969-12-21,31.5,-25.0,26.235352
1969-12-22,31.5,-25.0,24.204865
1969-12-23,31.5,-25.0,19.831299
1969-12-24,31.5,-25.0,22.00058
1969-12-25,31.5,-25.0,22.59024
1969-12-26,31.5,-25.0,22.73642
1969-12-27,31.5,-25.0,24.290497
1969-12-28,31.5,-25.0,25.896423
1969-12-29,31.5,-25.0,24.094635
1969-12-30,31.5,-25.0,27.249878
1969-12-31,31.5,-25.0,29.764069
1970-01-01,31.5,-25.0,31.053009
1970-01-02,31.5,-25.0,29.979462
1970-01-03,31.5,-25.0,26.687653
1970-01-04,31.5,-25.0,30.26239
1970-01-05,31.5,-25.0,28.747925
1970-01-06,31.5,-25.0,24.266876
1970-01-07,31.5,-25.0,24.565369
1970-01-08,31.5,-25.0,24.732147
1970-01-09,31.5,-25.0,26.221954
1970-01-10,31.5,-25.0,26.575928
1970-01-11,31.5,-25.0,29.979797
1970-01-12,31.5,-25.0,27.619995
1970-01-13,31.5,-25.0,25.028137
1970-01-14,31.5,-25.0,29.550995
1970-01-15,31.5,-25.0,26.321136
1970-01-16,31.5,-25.0,23.491455
1970-01-17,31.5,-25.0,24.71286
1970-01-18,31.5,-25.0,28.91449
1970-01-19,31.5,-25.0,30.800995
1970-01-20,31.5,-25.0,26.537079
1970-01-21,31.5,-25.0,28.787018
1970-01-22,31.5,-25.0,30.309753
1970-01-23,31.5,-25.0,27.137726
1970-01-24,31.5,-25.0,25.682068
1970-01-25,31.5,-25.0,27.932892
1970-01-26,31.5,-25.0,27.910278
1970-01-27,31.5,-25.0,28.635773
1970-01-28,31.5,-25.0,29.881256
1970-01-29,31.5,-25.0,27.240784
1970-01-30,31.5,-25.0,26.973785
1970-01-31,31.5,-25.0,29.11139
1970-02-01,31.5,-25.0,29.275085
1970-02-02,31.5,-25.0,20.57309
1970-02-03,31.5,-25.0,21.191864
1970-02-04,31.5,-25.0,23.459564
1970-02-05,31.5,-25.0,27.279816
1970-02-06,31.5,-25.0,28.958069
1970-02-07,31.5,-25.0,29.5159
1970-02-08,31.5,-25.0,25.438232
1970-02-09,31.5,-25.0,26.863556
1970-02-10,31.5,-25.0,27.049652
1970-02-11,31.5,-25.0,25.268463
1970-02-12,31.5,-25.0,25.138672
1970-02-13,31.5,-25.0,24.814575
1970-02-14,31.5,-25.0,25.78122
1970-02-15,31.5,-25.0,26.985138
1970-02-16,31.5,-25.0,24.531677
1970-02-17,31.5,-25.0,21.736023
1970-02-18,31.5,-25.0,23.55304
1970-02-19,31.5,-25.0,26.977936
1970-02-20,31.5,-25.0,26.266083
1970-02-21,31.5,-25.0,26.573578
1970-02-22,31.5,-25.0,27.065613
1970-02-23,31.5,-25.0,27.107727
1970-02-24,31.5,-25.0,28.77594
1970-02-25,31.5,-25.0,28.846619
1970-02-26,31.5,-25.0,28.552856
1970-02-27,31.5,-25.0,28.148285
1970-02-28,31.5,-25.0,29.076935
1970-03-01,31.5,-25.0,31.127716
1970-03-02,31.5,-25.0,26.108124
1970-03-03,31.5,-25.0,25.927643
1970-03-04,31.5,-25.0,29.54361
1970-03-05,31.5,-25.0,29.676392
1970-03-06,31.5,-25.0,28.229767
1970-03-07,31.5,-25.0,23.683197
1970-03-08,31.5,-25.0,24.75412
1970-03-09,31.5,-25.0,26.269012
1970-03-10,31.5,-25.0,21.637207
1970-03-11,31.5,-25.0,21.230835
1970-03-12,31.5,-25.0,22.77066
1970-03-13,31.5,-25.0,22.093079
1970-03-14,31.5,-25.0,22.254059
1970-03-15,31.5,-25.0,23.17395
1970-03-16,31.5,-25.0,21.85846
1970-03-17,31.5,-25.0,23.784637
1970-03-18,31.5,-25.0,25.172852
1970-03-19,31.5,-25.0,26.686584
1970-03-20,31.5,-25.0,24.982178
1970-03-21,31.5,-25.0,25.107544
1970-03-22,31.5,-25.0,25.851776
1970-03-23,31.5,-25.0,25.18808
1970-03-24,31.5,-25.0,24.527313
1970-03-25,31.5,-25.0,23.830017
1970-03-26,31.5,-25.0,24.647705
1970-03-27,31.5,-25.0,25.577667
1970-03-28,31.5,-25.0,20.9628
1970-03-29,31.5,-25.0,20.800232
1970-03-30,31.5,-25.0,21.26294
1970-03-31,31.5,-25.0,24.760406
1970-04-01,31.5,-25.0,25.60382
1970-04-02,31.5,-25.0,23.300995
1970-04-03,31.5,-25.0,22.989563
1970-04-04,31.5,-25.0,23.27536
1970-04-05,31.5,-25.0,24.024048
1970-04-06,31.5,-25.0,23.558594
1970-04-07,31.5,-25.0,24.625397
1970-04-08,31.5,-25.0,23.473267
1970-04-09,31.5,-25.0,23.706512
1970-04-10,31.5,-25.0,24.200897
1970-04-11,31.5,-25.0,25.875214
1970-04-12,31.5,-25.0,24.89447
1970-04-13,31.5,-25.0,25.966888
1970-04-14,31.5,-25.0,27.345642
1970-04-15,31.5,-25.0,24.59076
1970-04-16,31.5,-25.0,27.259094
1970-04-17,31.5,-25.0,19.775421
1970-04-18,31.5,-25.0,20.464508
1970-04-19,31.5,-25.0,21.407318
1970-04-20,31.5,-25.0,24.399445
1970-04-21,31.5,-25.0,23.312225
1970-04-22,31.5,-25.0,21.61737
1970-04-23,31.5,-25.0,18.926147
1970-04-24,31.5,-25.0,18.505219
1970-04-25,31.5,-25.0,20.10907
1970-04-26,31.5,-25.0,20.024384
1970-04-27,31.5,-25.0,20.182556
1970-04-28,31.5,-25.0,20.94751
1970-04-29,31.5,-25.0,22.064789
1970-04-30,31.5,-25.0,21.31842
1970-05-01,31.5,-25.0,23.371552
1970-05-02,31.5,-25.0,23.28186
1970-05-03,31.5,-25.0,23.09964
1970-05-04,31.5,-25.0,23.31253
1970-05-05,31.5,-25.0,23.257599
1970-05-06,31.5,-25.0,20.910614
1970-05-07,31.5,-25.0,21.776794
1970-05-08,31.5,-25.0,22.368866
1970-05-09,31.5,-25.0,18.26773
1970-05-10,31.5,-25.0,17.9617
1970-05-11,31.5,-25.0,19.234833
1970-05-12,31.5,-25.0,19.923706
1970-05-13,31.5,-25.0,16.66098
1970-05-14,31.5,-25.0,17.604889
1970-05-15,31.5,-25.0,18.3042
1970-05-16,31.5,-25.0,20.156616
1970-05-17,31.5,-25.0,20.615265
1970-05-18,31.5,-25.0,19.635315
1970-05-19,31.5,-25.0,18.979492
1970-05-20,31.5,-25.0,19.532104
1970-05-21,31.5,-25.0,19.341095
1970-05-22,31.5,-25.0,21.136108
1970-05-23,31.5,-25.0,20.789886
1970-05-24,31.5,-25.0,23.352081
1970-05-25,31.5,-25.0,25.32492
1970-05-26,31.5,-25.0,22.767029
1970-05-27,31.5,-25.0,20.823273
1970-05-28,31.5,-25.0,20.985107
1970-05-29,31.5,-25.0,21.971954
1970-05-30,31.5,-25.0,21.151398
1970-05-31,31.5,-25.0,17.071411
1970-06-01,31.5,-25.0,15.662842
1970-06-02,31.5,-25.0,18.16629
1970-06-03,31.5,-25.0,18.039062
1970-06-04,31.5,-25.0,17.872253
1970-06-05,31.5,-25.0,18.355713
1970-06-06,31.5,-25.0,17.358795
1970-06-07,31.5,-25.0,18.133636
1970-06-08,31.5,-25.0,20.273956
1970-06-09,31.5,-25.0,17.208801
1970-06-10,31.5,-25.0,18.180542
1970-06-11,31.5,-25.0,19.465485
1970-06-12,31.5,-25.0,17.462555
1970-06-13,31.5,-25.0,17.729462
1970-06-14,31.5,-25.0,16.657959
1970-06-15,31.5,-25.0,15.854309
1970-06-16,31.5,-25.0,15.476288
1970-06-17,31.5,-25.0,15.311859
1970-06-18,31.5,-25.0,15.99762
1970-06-19,31.5,-25.0,17.0224
1970-06-20,31.5,-25.0,18.847534
1970-06-21,31.5,-25.0,17.981842
1970-06-22,31.5,-25.0,16.516144
1970-06-23,31.5,-25.0,16.23523
1970-06-24,31.5,-25.0,16.669281
1970-06-25,31.5,-25.0,16.022125
1970-06-26,31.5,-25.0,16.651306
1970-06-27,31.5,-25.0,14.141571
1970-06-28,31.5,-25.0,15.182587
1970-06-29,31.5,-25.0,16.294098
1970-06-30,31.5,-25.0,16.226868
1970-07-01,31.5,-25.0,17.154236
1970-07-02,31.5,-25.0,16.833557
1970-07-03,31.5,-25.0,17.183868
1970-07-04,31.5,-25.0,18.464233
1970-07-05,31.5,-25.0,17.43985
1970-07-06,31.5,-25.0,17.654205
1970-07-07,31.5,-25.0,16.440582
1970-07-08,31.5,-25.0,17.869354
1970-07-09,31.5,-25.0,17.825775
1970-07-10,31.5,-25.0,18.822418
1970-07-11,31.5,-25.0,18.079803
1970-07-12,31.5,-25.0,18.598816
1970-07-13,31.5,-25.0,19.992401
1970-07-14,31.5,-25.0,17.363678
1970-07-15,31.5,-25.0,16.911072
1970-07-16,31.5,-25.0,15.501434
1970-07-17,31.5,-25.0,15.363129
1970-07-18,31.5,-25.0,18.036804
1970-07-19,31.5,-25.0,17.486908
1970-07-20,31.5,-25.0,18.86905
1970-07-21,31.5,-25.0,21.357239
1970-07-22,31.5,-25.0,17.857605
1970-07-23,31.5,-25.0,14.142395
1970-07-24,31.5,-25.0,14.214355
1970-07-25,31.5,-25.0,13.879425
1970-07-26,31.5,-25.0,14.5633545
1970-07-27,31.5,-25.0,15.983765
1970-07-28,31.5,-25.0,17.10321
1970-07-29,31.5,-25.0,18.621185
1970-07-30,31.5,-25.0,17.80243
1970-07-31,31.5,-25.0,17.082672
1970-08-01,31.5,-25.0,16.774841
1970-08-02,31.5,-25.0,18.847046
1970-08-03,31.5,-25.0,21.751495
1970-08-04,31.5,-25.0,20.67511
1970-08-05,31.5,-25.0,20.601166
1970-08-06,31.5,-25.0,22.87378
1970-08-07,31.5,-25.0,21.503174
1970-08-08,31.5,-25.0,21.300568
1970-08-09,31.5,-25.0,22.722961
1970-08-10,31.5,-25.0,19.049591
1970-08-11,31.5,-25.0,18.875305
1970-08-12,31.5,-25.0,16.475098
1970-08-13,31.5,-25.0,20.732727
1970-08-14,31.5,-25.0,19.544067
1970-08-15,31.5,-25.0,23.289856
1970-08-16,31.5,-25.0,19.37259
1970-08-17,31.5,-25.0,19.602295
1970-08-18,31.5,-25.0,19.327087
1970-08-19,31.5,-25.0,19.35907
1970-08-20,31.5,-25.0,19.93924
1970-08-21,31.5,-25.0,19.571228
1970-08-22,31.5,-25.0,23.412537
1970-08-23,31.5,-25.0,19.131989
1970-08-24,31.5,-25.0,21.069244
1970-08-25,31.5,-25.0,20.739838
1970-08-26,31.5,-25.0,21.027985
1970-08-27,31.5,-25.0,20.064026
1970-08-28,31.5,-25.0,20.147186
1970-08-29,31.5,-25.0,19.909637
1970-08-30,31.5,-25.0,21.742676
1970-08-31,31.5,-25.0,24.890259
1970-09-01,31.5,-25.0,26.390228
1970-09-02,31.5,-25.0,18.837006
1970-09-03,31.5,-25.0,22.169037
1970-09-04,31.5,-25.0,17.352844
1970-09-05,31.5,-25.0,23.272522
1970-09-06,31.5,-25.0,19.233643
1970-09-07,31.5,-25.0,18.805939
1970-09-08,31.5,-25.0,21.453125
1970-09-09,31.5,-25.0,25.173462
1970-09-10,31.5,-25.0,24.18158
1970-09-11,31.5,-25.0,20.242249
1970-09-12,31.5,-25.0,19.028656
1970-09-13,31.5,-25.0,22.387085
1970-09-14,31.5,-25.0,23.677399
1970-09-15,31.5,-25.0,21.573853
1970-09-16,31.5,-25.0,23.199127
1970-09-17,31.5,-25.0,25.512634
1970-09-18,31.5,-25.0,25.493988
1970-09-19,31.5,-25.0,25.621857
1970-09-20,31.5,-25.0,22.600922
1970-09-21,31.5,-25.0,24.043121
1970-09-22,31.5,-25.0,25.437897
1970-09-23,31.5,-25.0,27.212006
1970-09-24,31.5,-25.0,26.026947
1970-09-25,31.5,-25.0,26.619843
1970-09-26,31.5,-25.0,27.077972
1970-09-27,31.5,-25.0,27.258942
1970-09-28,31.5,-25.0,26.642029
1970-09-29,31.5,-25.0,24.884064
1970-09-30,31.5,-25.0,17.820251
1970-10-01,31.5,-25.0,19.904907
1970-10-02,31.5,-25.0,18.691528
1970-10-03,31.5,-25.0,23.060944
1970-10-04,31.5,-25.0,23.350677
1970-10-05,31.5,-25.0,23.366974
1970-10-06,31.5,-25.0,28.309784
1970-10-07,31.5,-25.0,29.414825
1970-10-08,31.5,-25.0,25.203247
1970-10-09,31.5,-25.0,15.222351
1970-10-10,31.5,-25.0,15.9184265
1970-10-11,31.5,-25.0,16.519135
1970-10-12,31.5,-25.0,19.76065
1970-10-13,31.5,-25.0,20.973389
1970-10-14,31.5,-25.0,23.28955
1970-10-15,31.5,-25.0,22.533417
1970-10-16,31.5,-25.0,16.625702
1970-10-17,31.5,-25.0,16.034485
1970-10-18,31.5,-25.0,17.544952
1970-10-19,31.5,-25.0,19.559692
1970-10-20,31.5,-25.0,22.00531
1970-10-21,31.5,-25.0,22.411041
1970-10-22,31.5,-25.0,23.470276
1970-10-23,31.5,-25.0,23.528687
1970-10-24,31.5,-25.0,20.161621
1970-10-25,31.5,-25.0,19.6203
1970-10-26,31.5,-25.0,20.975311
1970-10-27,31.5,-25.0,24.598389
1970-10-28,31.5,-25.0,27.265594
1970-10-29,31.5,-25.0,23.847809
1970-10-30,31.5,-25.0,24.256134
1970-10-31,31.5,-25.0,25.863373
1970-11-01,31.5,-25.0,26.626587
1970-11-02,31.5,-25.0,29.04663
1970-11-03,31.5,-25.0,29.40921
1970-11-04,31.5,-25.0,22.009674
1970-11-05,31.5,-25.0,20.262024
1970-11-06,31.5,-25.0,21.640656
1970-11-07,31.5,-25.0,23.42746
1970-11-08,31.5,-25.0,27.28482
1970-11-09,31.5,-25.0,19.853088
1970-11-10,31.5,-25.0,23.187714
1970-11-11,31.5,-25.0,19.414062
1970-11-12,31.5,-25.0,21.659912
1970-11-13,31.5,-25.0,24.659973
1970-11-14,31.5,-25.0,26.443665
1970-11-15,31.5,-25.0,27.175293
1970-11-16,31.5,-25.0,27.152374
1970-11-17,31.5,-25.0,26.82013
1970-11-18,31.5,-25.0,24.540741
1970-11-19,31.5,-25.0,27.979187
1970-11-20,31.5,-25.0,22.2406
1970-11-21,31.5,-25.0,20.93518
1970-11-22,31.5,-25.0,23.392914
1970-11-23,31.5,-25.0,26.220917
1970-11-24,31.5,-25.0,26.73648
1970-11-25,31.5,-25.0,25.22818
1970-11-26,31.5,-25.0,27.555267
1970-11-27,31.5,-25.0,29.001007
1970-11-28,31.5,-25.0,27.086365
1970-11-29,31.5,-25.0,28.278992
1970-11-30,31.5,-25.0,28.658844
1970-12-01,31.5,-25.0,23.162659
1970-12-02,31.5,-25.0,26.503387
1970-12-03,31.5,-25.0,28.365692
1970-12-04,31.5,-25.0,29.89737
1970-12-05,31.5,-25.0,30.867493
1970-12-06,31.5,-25.0,29.674225
1970-12-07,31.5,-25.0,26.247742
1970-12-08,31.5,-25.0,25.49347
1970-12-09,31.5,-25.0,27.718658
1970-12-10,31.5,-25.0,24.712036
1970-12-11,31.5,-25.0,28.018402
1970-12-12,31.5,-25.0,29.900757
1970-12-13,31.5,-25.0,31.50998
1970-12-14,31.5,-25.0,28.576324
1970-12-15,31.5,-25.0,24.252075
1970-12-16,31.5,-25.0,25.874084
1970-12-17,31.5,-25.0,26.58545
1970-12-18,31.5,-25.0,26.826721
1970-12-19,31.5,-25.0,26.053131
1970-12-20,31.5,-25.0,27.370758
1970-12-21,31.5,-25.0,27.462952
1970-12-22,31.5,-25.0,20.48471
1970-12-23,31.5,-25.0,22.74768
1970-12-24,31.5,-25.0,23.275543
1970-12-25,31.5,-25.0,25.232147
1970-12-26,31.5,-25.0,25.289978
1970-12-27,31.5,-25.0,27.20169
1970-12-28,31.5,-25.0,27.234955
1970-12-29,31.5,-25.0,26.529968
1970-12-30,31.5,-25.0,26.592316
1970-12-31,31.5,-25.0,26.860107
1971-01-01,31.5,-25.0,21.101135
1971-01-02,31.5,-25.0,24.409119
1971-01-03,31.5,-25.0,22.61615
1971-01-04,31.5,-25.0,21.15451
1971-01-05,31.5,-25.0,21.405151
1971-01-06,31.5,-25.0,22.847107
1971-01-07,31.5,-25.0,25.127472
1971-01-08,31.5,-25.0,24.953033
1971-01-09,31.5,-25.0,25.100616
1971-01-10,31.5,-25.0,27.316528
1971-01-11,31.5,-25.0,30.046814
1971-01-12,31.5,-25.0,23.081024
1971-01-13,31.5,-25.0,26.288635
1971-01-14,31.5,-25.0,29.387115
1971-01-15,31.5,-25.0,28.907806
1971-01-16,31.5,-25.0,25.389496
1971-01-17,31.5,-25.0,23.324615
1971-01-18,31.5,-25.0,25.448792
1971-01-19,31.5,-25.0,27.395905
1971-01-20,31.5,-25.0,27.953796
1971-01-21,31.5,-25.0,24.40158
1971-01-22,31.5,-25.0,20.103546
1971-01-23,31.5,-25.0,23.877472
1971-01-24,31.5,-25.0,24.290161
1971-01-25,31.5,-25.0,23.579376
1971-01-26,31.5,-25.0,23.53067
1971-01-27,31.5,-25.0,24.373413
1971-01-28,31.5,-25.0,23.630493
1971-01-29,31.5,-25.0,23.954895
1971-01-30,31.5,-25.0,24.521698
1971-01-31,31.5,-25.0,24.783783
1971-02-01,31.5,-25.0,24.829132
1971-02-02,31.5,-25.0,24.67389
1971-02-03,31.5,-25.0,25.967773
1971-02-04,31.5,-25.0,25.743347
1971-02-05,31.5,-25.0,24.58554
1971-02-06,31.5,-25.0,24.598236
1971-02-07,31.5,-25.0,25.365082
1971-02-08,31.5,-25.0,26.851196
1971-02-09,31.5,-25.0,24.80188
1971-02-10,31.5,-25.0,25.588806
1971-02-11,31.5,-25.0,28.415588
1971-02-12,31.5,-25.0,24.127075
1971-02-13,31.5,-25.0,24.790375
1971-02-14,31.5,-25.0,24.965271
1971-02-15,31.5,-25.0,26.108795
1971-02-16,31.5,-25.0,25.121002
1971-02-17,31.5,-25.0,23.851929
1971-02-18,31.5,-25.0,23.706146
1971-02-19,31.5,-25.0,22.93283
1971-02-20,31.5,-25.0,25.08609
1971-02-21,31.5,-25.0,25.622528
1971-02-22,31.5,-25.0,25.233032
1971-02-23,31.5,-25.0,24.398254
1971-02-24,31.5,-25.0,24.533417
1971-02-25,31.5,-25.0,26.861572
1971-02-26,31.5,-25.0,25.987915
1971-02-27,31.5,-25.0,26.451324
1971-02-28,31.5,-25.0,27.4971
1971-03-01,31.5,-25.0,28.995972
1971-03-02,31.5,-25.0,27.78357
1971-03-03,31.5,-25.0,25.63623
1971-03-04,31.5,-25.0,24.736084
1971-03-05,31.5,-25.0,24.139038
1971-03-06,31.5,-25.0,23.371735
1971-03-07,31.5,-25.0,25.507782
1971-03-08,31.5,-25.0,25.76944
1971-03-09,31.5,-25.0,25.191742
1971-03-10,31.5,-25.0,23.96695
1971-03-11,31.5,-25.0,24.631134
1971-03-12,31.5,-25.0,24.296661
1971-03-13,31.5,-25.0,24.485992
1971-03-14,31.5,-25.0,25.911163
1971-03-15,31.5,-25.0,25.01706
1971-03-16,31.5,-25.0,25.172943
1971-03-17,31.5,-25.0,25.108612
1971-03-18,31.5,-25.0,24.572632
1971-03-19,31.5,-25.0,26.649536
1971-03-20,31.5,-25.0,25.915497
1971-03-21,31.5,-25.0,26.020782
1971-03-22,31.5,-25.0,27.259247
1971-03-23,31.5,-25.0,23.065308
1971-03-24,31.5,-25.0,24.684418
1971-03-25,31.5,-25.0,26.37616
1971-03-26,31.5,-25.0,26.014282
1971-03-27,31.5,-25.0,23.764648
1971-03-28,31.5,-25.0,23.917633
1971-03-29,31.5,-25.0,23.890778
1971-03-30,31.5,-25.0,23.549133
1971-03-31,31.5,-25.0,23.10434
1971-04-01,31.5,-25.0,23.22525
1971-04-02,31.5,-25.0,24.880157
1971-04-03,31.5,-25.0,25.560852
1971-04-04,31.5,-25.0,21.851685
1971-04-05,31.5,-25.0,21.610687
1971-04-06,31.5,-25.0,21.526733
1971-04-07,31.5,-25.0,21.113525
1971-04-08,31.5,-25.0,22.611511
1971-04-09,31.5,-25.0,22.580017
1971-04-10,31.5,-25.0,21.977234
1971-04-11,31.5,-25.0,20.964142
1971-04-12,31.5,-25.0,22.082245
1971-04-13,31.5,-25.0,24.064148
1971-04-14,31.5,-25.0,20.998016
1971-04-15,31.5,-25.0,24.289612
1971-04-16,31.5,-25.0,22.29425
1971-04-17,31.5,-25.0,23.404694
1971-04-18,31.5,-25.0,22.217926
1971-04-19,31.5,-25.0,23.036377
1971-04-20,31.5,-25.0,23.624695
1971-04-21,31.5,-25.0,22.428589
1971-04-22,31.5,-25.0,22.698334
1971-04-23,31.5,-25.0,23.115295
1971-04-24,31.5,-25.0,23.48764
1971-04-25,31.5,-25.0,23.981201
1971-04-26,31.5,-25.0,22.806091
1971-04-27,31.5,-25.0,23.218994
1971-04-28,31.5,-25.0,23.5224
1971-04-29,31.5,-25.0,23.528564
1971-04-30,31.5,-25.0,24.551025
1971-05-01,31.5,-25.0,25.454315
1971-05-02,31.5,-25.0,21.239319
1971-05-03,31.5,-25.0,21.555847
1971-05-04,31.5,-25.0,20.42163
1971-05-05,31.5,-25.0,20.226349
1971-05-06,31.5,-25.0,20.214752
1971-05-07,31.5,-25.0,21.736176
1971-05-08,31.5,-25.0,21.114807
1971-05-09,31.5,-25.0,20.842743
1971-05-10,31.5,-25.0,20.57193
1971-05-11,31.5,-25.0,22.148315
1971-05-12,31.5,-25.0,19.308167
1971-05-13,31.5,-25.0,19.311432
1971-05-14,31.5,-25.0,19.912628
1971-05-15,31.5,-25.0,21.438263
1971-05-16,31.5,-25.0,16.749542
1971-05-17,31.5,-25.0,14.687866
1971-05-18,31.5,-25.0,16.082
1971-05-19,31.5,-25.0,17.967682
1971-05-20,31.5,-25.0,18.824585
1971-05-21,31.5,-25.0,16.210846
1971-05-22,31.5,-25.0,15.795044
1971-05-23,31.5,-25.0,16.140533
1971-05-24,31.5,-25.0,18.022797
1971-05-25,31.5,-25.0,18.818512
1971-05-26,31.5,-25.0,17.936676
1971-05-27,31.5,-25.0,17.743042
1971-05-28,31.5,-25.0,18.130798
1971-05-29,31.5,-25.0,17.318512
1971-05-30,31.5,-25.0,16.403809
1971-05-31,31.5,-25.0,15.621399
1971-06-01,31.5,-25.0,15.609314
1971-06-02,31.5,-25.0,15.701538
1971-06-03,31.5,-25.0,15.76944
1971-06-04,31.5,-25.0,15.904449
1971-06-05,31.5,-25.0,16.54309
1971-06-06,31.5,-25.0,15.852631
1971-06-07,31.5,-25.0,16.55774
1971-06-08,31.5,-25.0,17.029999
1971-06-09,31.5,-25.0,19.045258
1971-06-10,31.5,-25.0,16.837006
1971-06-11,31.5,-25.0,17.28479
1971-06-12,31.5,-25.0,17.194672
1971-06-13,31.5,-25.0,18.164673
1971-06-14,31.5,-25.0,19.247437
1971-06-15,31.5,-25.0,19.626984
1971-06-16,31.5,-25.0,14.5937195
1971-06-17,31.5,-25.0,12.134155
1971-06-18,31.5,-25.0,14.651123
1971-06-19,31.5,-25.0,16.269104
1971-06-20,31.5,-25.0,15.498047
1971-06-21,31.5,-25.0,17.06424
1971-06-22,31.5,-25.0,17.792511
1971-06-23,31.5,-25.0,17.228912
1971-06-24,31.5,-25.0,18.548035
1971-06-25,31.5,-25.0,16.117676
1971-06-26,31.5,-25.0,15.018646
1971-06-27,31.5,-25.0,14.688782
1971-06-28,31.5,-25.0,16.740723
1971-06-29,31.5,-25.0,17.428894
1971-06-30,31.5,-25.0,16.601013
1971-07-01,31.5,-25.0,17.259857
1971-07-02,31.5,-25.0,18.452576
1971-07-03,31.5,-25.0,20.258179
1971-07-04,31.5,-25.0,17.183868
1971-07-05,31.5,-25.0,15.078766
1971-07-06,31.5,-25.0,16.013031
1971-07-07,31.5,-25.0,17.421478
1971-07-08,31.5,-25.0,18.661346
1971-07-09,31.5,-25.0,18.78949
1971-07-10,31.5,-25.0,20.037445
1971-07-11,31.5,-25.0,18.345856
1971-07-12,31.5,-25.0,17.45346
1971-07-13,31.5,-25.0,16.507172
1971-07-14,31.5,-25.0,15.412476
1971-07-15,31.5,-25.0,17.335205
1971-07-16,31.5,-25.0,19.717255
1971-07-17,31.5,-25.0,17.195007
1971-07-18,31.5,-25.0,15.765289
1971-07-19,31.5,-25.0,15.497009
1971-07-20,31.5,-25.0,15.696594
1971-07-21,31.5,-25.0,16.35022
1971-07-22,31.5,-25.0,17.191101
1971-07-23,31.5,-25.0,16.684662
1971-07-24,31.5,-25.0,17.309021
1971-07-25,31.5,-25.0,17.360443
1971-07-26,31.5,-25.0,16.249146
1971-07-27,31.5,-25.0,15.474518
1971-07-28,31.5,-25.0,16.698456
1971-07-29,31.5,-25.0,16.963226
1971-07-30,31.5,-25.0,19.41513
1971-07-31,31.5,-25.0,17.59613
1971-08-01,31.5,-25.0,15.689575
1971-08-02,31.5,-25.0,19.239746
1971-08-03,31.5,-25.0,21.531189
1971-08-04,31.5,-25.0,16.082672
1971-08-05,31.5,-25.0,18.326385
1971-08-06,31.5,-25.0,17.645874
1971-08-07,31.5,-25.0,19.851135
1971-08-08,31.5,-25.0,18.371368
1971-08-09,31.5,-25.0,17.829803
1971-08-10,31.5,-25.0,18.424072
1971-08-11,31.5,-25.0,16.315948
1971-08-12,31.5,-25.0,17.145416
1971-08-13,31.5,-25.0,16.916168
1971-08-14,31.5,-25.0,18.09964
1971-08-15,31.5,-25.0,20.405243
1971-08-16,31.5,-25.0,18.647186
1971-08-17,31.5,-25.0,20.671875
1971-08-18,31.5,-25.0,20.24582
1971-08-19,31.5,-25.0,22.11908
1971-08-20,31.5,-25.0,18.872131
1971-08-21,31.5,-25.0,18.556427
1971-08-22,31.5,-25.0,19.13272
1971-08-23,31.5,-25.0,18.235138
1971-08-24,31.5,-25.0,20.218353
1971-08-25,31.5,-25.0,21.178558
1971-08-26,31.5,-25.0,16.494385
1971-08-27,31.5,-25.0,18.795013
1971-08-28,31.5,-25.0,18.17865
1971-08-29,31.5,-25.0,20.34787
1971-08-30,31.5,-25.0,22.65155
1971-08-31,31.5,-25.0,23.76706
1971-09-01,31.5,-25.0,21.724915
1971-09-02,31.5,-25.0,22.859528
1971-09-03,31.5,-25.0,23.981445
1971-09-04,31.5,-25.0,24.329163
1971-09-05,31.5,-25.0,25.230804
1971-09-06,31.5,-25.0,22.403381
1971-09-07,31.5,-25.0,15.668274
1971-09-08,31.5,-25.0,18.194977
1971-09-09,31.5,-25.0,14.328125
1971-09-10,31.5,-25.0,18.126038
1971-09-11,31.5,-25.0,20.253174
1971-09-12,31.5,-25.0,20.365173
1971-09-13,31.5,-25.0,23.13263
1971-09-14,31.5,-25.0,25.57016
1971-09-15,31.5,-25.0,25.963074
1971-09-16,31.5,-25.0,27.47464
1971-09-17,31.5,-25.0,20.493195
1971-09-18,31.5,-25.0,18.651459
1971-09-19,31.5,-25.0,22.572693
1971-09-20,31.5,-25.0,25.317383
1971-09-21,31.5,-25.0,25.85205
1971-09-22,31.5,-25.0,19.701843
1971-09-23,31.5,-25.0,21.944855
1971-09-24,31.5,-25.0,24.945343
1971-09-25,31.5,-25.0,24.604126
1971-09-26,31.5,-25.0,23.047028
1971-09-27,31.5,-25.0,26.12613
1971-09-28,31.5,-25.0,26.040771
1971-09-29,31.5,-25.0,22.739075
1971-09-30,31.5,-25.0,18.226746
1971-10-01,31.5,-25.0,18.980042
1971-10-02,31.5,-25.0,22.429382
1971-10-03,31.5,-25.0,25.814392
1971-10-04,31.5,-25.0,28.824097
1971-10-05,31.5,-25.0,17.134766
1971-10-06,31.5,-25.0,18.923523
1971-10-07,31.5,-25.0,18.568085
1971-10-08,31.5,-25.0,21.665619
1971-10-09,31.5,-25.0,22.067963
1971-10-10,31.5,-25.0,21.861511
1971-10-11,31.5,-25.0,23.842987
1971-10-12,31.5,-25.0,24.329071
1971-10-13,31.5,-25.0,24.5625
1971-10-14,31.5,-25.0,26.007416
1971-10-15,31.5,-25.0,25.249908
1971-10-16,31.5,-25.0,22.901764
1971-10-17,31.5,-25.0,22.016602
1971-10-18,31.5,-25.0,17.701447
1971-10-19,31.5,-25.0,18.600922
1971-10-20,31.5,-25.0,22.256805
1971-10-21,31.5,-25.0,24.510376
1971-10-22,31.5,-25.0,26.44519
1971-10-23,31.5,-25.0,20.663666
1971-10-24,31.5,-25.0,13.194122
1971-10-25,31.5,-25.0,15.634918
1971-10-26,31.5,-25.0,20.058563
1971-10-27,31.5,-25.0,22.842316
1971-10-28,31.5,-25.0,21.3331
1971-10-29,31.5,-25.0,24.020844
1971-10-30,31.5,-25.0,22.934753
1971-10-31,31.5,-25.0,22.560455
1971-11-01,31.5,-25.0,24.468018
1971-11-02,31.5,-25.0,20.05429
1971-11-03,31.5,-25.0,16.949951
1971-11-04,31.5,-25.0,21.578949
1971-11-05,31.5,-25.0,23.825653
1971-11-06,31.5,-25.0,25.01648
1971-11-07,31.5,-25.0,24.424866
1971-11-08,31.5,-25.0,18.962555
1971-11-09,31.5,-25.0,20.311401
1971-11-10,31.5,-25.0,21.537506
1971-11-11,31.5,-25.0,24.386444
1971-11-12,31.5,-25.0,22.329468
1971-11-13,31.5,-25.0,21.068726
1971-11-14,31.5,-25.0,22.411652
1971-11-15,31.5,-25.0,27.384705
1971-11-16,31.5,-25.0,18.08786
1971-11-17,31.5,-25.0,16.987122
1971-11-18,31.5,-25.0,21.60672
1971-11-19,31.5,-25.0,23.22232
1971-11-20,31.5,-25.0,26.384033
1971-11-21,31.5,-25.0,21.529999
1971-11-22,31.5,-25.0,21.11911
1971-11-23,31.5,-25.0,22.419617
1971-11-24,31.5,-25.0,24.84555
1971-11-25,31.5,-25.0,23.844147
1971-11-26,31.5,-25.0,23.306793
1971-11-27,31.5,-25.0,25.349945
1971-11-28,31.5,-25.0,24.552704
1971-11-29,31.5,-25.0,23.405823
1971-11-30,31.5,-25.0,26.378906
1971-12-01,31.5,-25.0,20.805298
1971-12-02,31.5,-25.0,21.108826
1971-12-03,31.5,-25.0,22.183838
1971-12-04,31.5,-25.0,24.053558
1971-12-05,31.5,-25.0,25.94931
1971-12-06,31.5,-25.0,22.246704
1971-12-07,31.5,-25.0,21.735352
1971-12-08,31.5,-25.0,24.376007
1971-12-09,31.5,-25.0,27.53067
1971-12-10,31.5,-25.0,25.46164
1971-12-11,31.5,-25.0,23.656738
1971-12-12,31.5,-25.0,28.110352
1971-12-13,31.5,-25.0,25.422943
1971-12-14,31.5,-25.0,21.122467
1971-12-15,31.5,-25.0,22.237213
1971-12-16,31.5,-25.0,25.200043
1971-12-17,31.5,-25.0,21.70227
1971-12-18,31.5,-25.0,20.86145
1971-12-19,31.5,-25.0,23.521942
1971-12-20,31.5,-25.0,25.708862
1971-12-21,31.5,-25.0,23.783875
1971-12-22,31.5,-25.0,20.315643
1971-12-23,31.5,-25.0,23.378845
1971-12-24,31.5,-25.0,26.716003
1971-12-25,31.5,-25.0,29.01944
1971-12-26,31.5,-25.0,29.398132
1971-12-27,31.5,-25.0,26.098145
1971-12-28,31.5,-25.0,26.239288
1971-12-29,31.5,-25.0,27.560974
1971-12-30,31.5,-25.0,25.577545
1971-12-31,31.5,-25.0,25.184265
1972-01-01,31.5,-25.0,24.646088
1972-01-02,31.5,-25.0,24.9599
1972-01-03,31.5,-25.0,26.107697
1972-01-04,31.5,-25.0,25.292633
1972-01-05,31.5,-25.0,24.600067
1972-01-06,31.5,-25.0,25.392395
1972-01-07,31.5,-25.0,26.463043
1972-01-08,31.5,-25.0,28.658295
1972-01-09,31.5,-25.0,28.752228
1972-01-10,31.5,-25.0,29.300354
1972-01-11,31.5,-25.0,24.79889
1972-01-12,31.5,-25.0,21.358398
1972-01-13,31.5,-25.0,21.933838
1972-01-14,31.5,-25.0,25.25116
1972-01-15,31.5,-25.0,25.106049
1972-01-16,31.5,-25.0,25.976074
1972-01-17,31.5,-25.0,25.39862
1972-01-18,31.5,-25.0,24.977905
1972-01-19,31.5,-25.0,26.44513
1972-01-20,31.5,-25.0,26.48993
1972-01-21,31.5,-25.0,25.582855
1972-01-22,31.5,-25.0,20.140472
1972-01-23,31.5,-25.0,18.226593
1972-01-24,31.5,-25.0,18.8508
1972-01-25,31.5,-25.0,20.505249
1972-01-26,31.5,-25.0,23.901794
1972-01-27,31.5,-25.0,24.40335
1972-01-28,31.5,-25.0,25.175842
1972-01-29,31.5,-25.0,24.326385
1972-01-30,31.5,-25.0,25.871002
1972-01-31,31.5,-25.0,24.853638
1972-02-01,31.5,-25.0,25.028381
1972-02-02,31.5,-25.0,25.043335
1972-02-03,31.5,-25.0,24.372528
1972-02-04,31.5,-25.0,25.421692
1972-02-05,31.5,-25.0,24.8302
1972-02-06,31.5,-25.0,23.428497
1972-02-07,31.5,-25.0,23.639526
1972-02-08,31.5,-25.0,23.249878
1972-02-09,31.5,-25.0,24.466278
1972-02-10,31.5,-25.0,23.356781
1972-02-11,31.5,-25.0,23.035095
1972-02-12,31.5,-25.0,22.756042
1972-02-13,31.5,-25.0,24.84793
1972-02-14,31.5,-25.0,24.14035
1972-02-15,31.5,-25.0,23.376709
1972-02-16,31.5,-25.0,24.0195
1972-02-17,31.5,-25.0,23.436768
1972-02-18,31.5,-25.0,23.355347
1972-02-19,31.5,-25.0,24.471954
1972-02-20,31.5,-25.0,21.999603
1972-02-21,31.5,-25.0,22.759552
1972-02-22,31.5,-25.0,23.21103
1972-02-23,31.5,-25.0,24.559906
1972-02-24,31.5,-25.0,25.262268
1972-02-25,31.5,-25.0,22.992767
1972-02-26,31.5,-25.0,22.651367
1972-02-27,31.5,-25.0,22.927734
1972-02-28,31.5,-25.0,23.17862
1972-02-29,31.5,-25.0,23.462067
1972-03-01,31.5,-25.0,23.822083
1972-03-02,31.5,-25.0,23.45819
1972-03-03,31.5,-25.0,24.740997
1972-03-04,31.5,-25.0,25.4393
1972-03-05,31.5,-25.0,20.935822
1972-03-06,31.5,-25.0,20.885345
1972-03-07,31.5,-25.0,23.970917
1972-03-08,31.5,-25.0,25.603424
1972-03-09,31.5,-25.0,23.369354
1972-03-10,31.5,-25.0,22.560059
1972-03-11,31.5,-25.0,23.447815
1972-03-12,31.5,-25.0,23.877655
1972-03-13,31.5,-25.0,23.438446
1972-03-14,31.5,-25.0,23.470886
1972-03-15,31.5,-25.0,23.415588
1972-03-16,31.5,-25.0,23.501526
1972-03-17,31.5,-25.0,23.573792
1972-03-18,31.5,-25.0,24.797668
1972-03-19,31.5,-25.0,23.985413
1972-03-20,31.5,-25.0,23.387665
1972-03-21,31.5,-25.0,25.297089
1972-03-22,31.5,-25.0,23.968323
1972-03-23,31.5,-25.0,22.161438
1972-03-24,31.5,-25.0,23.538239
1972-03-25,31.5,-25.0,24.10965
1972-03-26,31.5,-25.0,23.399658
1972-03-27,31.5,-25.0,20.61435
1972-03-28,31.5,-25.0,19.011963
1972-03-29,31.5,-25.0,19.89441
1972-03-30,31.5,-25.0,22.32663
1972-03-31,31.5,-25.0,22.832428
1972-04-01,31.5,-25.0,22.190216
1972-04-02,31.5,-25.0,21.488007
1972-04-03,31.5,-25.0,22.791443
1972-04-04,31.5,-25.0,22.847687
1972-04-05,31.5,-25.0,22.631897
1972-04-06,31.5,-25.0,22.335907
1972-04-07,31.5,-25.0,22.381165
1972-04-08,31.5,-25.0,24.46164
1972-04-09,31.5,-25.0,22.994263
1972-04-10,31.5,-25.0,23.019653
1972-04-11,31.5,-25.0,22.95047
1972-04-12,31.5,-25.0,22.423004
1972-04-13,31.5,-25.0,23.2211
1972-04-14,31.5,-25.0,21.937927
1972-04-15,31.5,-25.0,22.306396
1972-04-16,31.5,-25.0,21.761017
1972-04-17,31.5,-25.0,22.8573
1972-04-18,31.5,-25.0,20.786835
1972-04-19,31.5,-25.0,21.70816
1972-04-20,31.5,-25.0,22.475922
1972-04-21,31.5,-25.0,21.172028
1972-04-22,31.5,-25.0,21.638794
1972-04-23,31.5,-25.0,22.876068
1972-04-24,31.5,-25.0,24.861542
1972-04-25,31.5,-25.0,23.835907
1972-04-26,31.5,-25.0,22.952423
1972-04-27,31.5,-25.0,24.611725
1972-04-28,31.5,-25.0,19.976562
1972-04-29,31.5,-25.0,21.108978
1972-04-30,31.5,-25.0,18.83606
1972-05-01,31.5,-25.0,15.50589
1972-05-02,31.5,-25.0,17.85315
1972-05-03,31.5,-25.0,17.618378
1972-05-04,31.5,-25.0,19.390594
1972-05-05,31.5,-25.0,21.28598
1972-05-06,31.5,-25.0,22.12082
1972-05-07,31.5,-25.0,19.323944
1972-05-08,31.5,-25.0,18.094086
1972-05-09,31.5,-25.0,19.17987
1972-05-10,31.5,-25.0,21.490814
1972-05-11,31.5,-25.0,23.449432
1972-05-12,31.5,-25.0,13.820465
1972-05-13,31.5,-25.0,15.015472
1972-05-14,31.5,-25.0,14.743256
1972-05-15,31.5,-25.0,18.986664
1972-05-16,31.5,-25.0,17.853577
1972-05-17,31.5,-25.0,18.50415
1972-05-18,31.5,-25.0,18.119568
1972-05-19,31.5,-25.0,18.207794
1972-05-20,31.5,-25.0,18.259918
1972-05-21,31.5,-25.0,17.556305
1972-05-22,31.5,-25.0,17.748016
1972-05-23,31.5,-25.0,18.137665
1972-05-24,31.5,-25.0,16.189423
1972-05-25,31.5,-25.0,16.938507
1972-05-26,31.5,-25.0,19.019775
1972-05-27,31.5,-25.0,19.187012
1972-05-28,31.5,-25.0,18.639343
1972-05-29,31.5,-25.0,19.33548
1972-05-30,31.5,-25.0,18.89679
1972-05-31,31.5,-25.0,18.758514
1972-06-01,31.5,-25.0,19.549591
1972-06-02,31.5,-25.0,17.90741
1972-06-03,31.5,-25.0,16.866333
1972-06-04,31.5,-25.0,16.704285
1972-06-05,31.5,-25.0,16.924225
1972-06-06,31.5,-25.0,17.358612
1972-06-07,31.5,-25.0,16.092041
1972-06-08,31.5,-25.0,14.912079
1972-06-09,31.5,-25.0,14.985291
1972-06-10,31.5,-25.0,15.164764
1972-06-11,31.5,-25.0,14.176788
1972-06-12,31.5,-25.0,15.692627
1972-06-13,31.5,-25.0,16.620392
1972-06-14,31.5,-25.0,14.783569
1972-06-15,31.5,-25.0,14.568573
1972-06-16,31.5,-25.0,14.632599
1972-06-17,31.5,-25.0,14.554993
1972-06-18,31.5,-25.0,14.755981
1972-06-19,31.5,-25.0,16.131958
1972-06-20,31.5,-25.0,16.652191
1972-06-21,31.5,-25.0,16.817322
1972-06-22,31.5,-25.0,17.220123
1972-06-23,31.5,-25.0,17.839996
1972-06-24,31.5,-25.0,19.569153
1972-06-25,31.5,-25.0,14.245697
1972-06-26,31.5,-25.0,13.501434
1972-06-27,31.5,-25.0,14.572723
1972-06-28,31.5,-25.0,13.130005
1972-06-29,31.5,-25.0,13.384247
1972-06-30,31.5,-25.0,13.354034
1972-07-01,31.5,-25.0,14.13208
1972-07-02,31.5,-25.0,14.00058
1972-07-03,31.5,-25.0,14.563721
1972-07-04,31.5,-25.0,14.682739
1972-07-05,31.5,-25.0,15.434845
1972-07-06,31.5,-25.0,15.776947
1972-07-07,31.5,-25.0,15.9157715
1972-07-08,31.5,-25.0,16.944366
1972-07-09,31.5,-25.0,17.071014
1972-07-10,31.5,-25.0,16.834717
1972-07-11,31.5,-25.0,17.734192
1972-07-12,31.5,-25.0,16.350769
1972-07-13,31.5,-25.0,16.060242
1972-07-14,31.5,-25.0,15.972351
1972-07-15,31.5,-25.0,17.72696
1972-07-16,31.5,-25.0,15.863617
1972-07-17,31.5,-25.0,15.036652
1972-07-18,31.5,-25.0,16.799805
1972-07-19,31.5,-25.0,16.209167
1972-07-20,31.5,-25.0,15.60733
1972-07-21,31.5,-25.0,15.639374
1972-07-22,31.5,-25.0,16.353546
1972-07-23,31.5,-25.0,15.8811035
1972-07-24,31.5,-25.0,16.226257
1972-07-25,31.5,-25.0,16.138428
1972-07-26,31.5,-25.0,16.946014
1972-07-27,31.5,-25.0,18.11087
1972-07-28,31.5,-25.0,18.13733
1972-07-29,31.5,-25.0,16.85434
1972-07-30,31.5,-25.0,18.73938
1972-07-31,31.5,-25.0,19.746368
1972-08-01,31.5,-25.0,14.694672
1972-08-02,31.5,-25.0,12.357513
1972-08-03,31.5,-25.0,14.2569275
1972-08-04,31.5,-25.0,16.549347
1972-08-05,31.5,-25.0,15.622772
1972-08-06,31.5,-25.0,16.170013
1972-08-07,31.5,-25.0,16.78003
1972-08-08,31.5,-25.0,17.105133
1972-08-09,31.5,-25.0,16.656433
1972-08-10,31.5,-25.0,15.564697
1972-08-11,31.5,-25.0,17.142212
1972-08-12,31.5,-25.0,18.660461
1972-08-13,31.5,-25.0,19.515137
1972-08-14,31.5,-25.0,17.623322
1972-08-15,31.5,-25.0,18.501343
1972-08-16,31.5,-25.0,18.321045
1972-08-17,31.5,-25.0,20.143646
1972-08-18,31.5,-25.0,21.257385
1972-08-19,31.5,-25.0,20.120544
1972-08-20,31.5,-25.0,20.460938
1972-08-21,31.5,-25.0,20.216187
1972-08-22,31.5,-25.0,20.472748
1972-08-23,31.5,-25.0,21.390503
1972-08-24,31.5,-25.0,23.529816
1972-08-25,31.5,-25.0,21.731293
1972-08-26,31.5,-25.0,17.266693
1972-08-27,31.5,-25.0,20.657227
1972-08-28,31.5,-25.0,15.583435
1972-08-29,31.5,-25.0,13.945862
1972-08-30,31.5,-25.0,16.542389
1972-08-31,31.5,-25.0,21.473206
1972-09-01,31.5,-25.0,24.539612
1972-09-02,31.5,-25.0,20.161957
1972-09-03,31.5,-25.0,19.31546
1972-09-04,31.5,-25.0,18.436035
1972-09-05,31.5,-25.0,16.436005
1972-09-06,31.5,-25.0,17.108978
1972-09-07,31.5,-25.0,20.789276
1972-09-08,31.5,-25.0,23.301819
1972-09-09,31.5,-25.0,18.893066
1972-09-10,31.5,-25.0,21.85025
1972-09-11,31.5,-25.0,22.452332
1972-09-12,31.5,-25.0,21.818298
1972-09-13,31.5,-25.0,22.6297
1972-09-14,31.5,-25.0,19.544922
1972-09-15,31.5,-25.0,17.103271
1972-09-16,31.5,-25.0,16.678253
1972-09-17,31.5,-25.0,19.204437
1972-09-18,31.5,-25.0,21.278717
1972-09-19,31.5,-25.0,24.706116
1972-09-20,31.5,-25.0,25.049896
1972-09-21,31.5,-25.0,26.211914
1972-09-22,31.5,-25.0,24.761505
1972-09-23,31.5,-25.0,19.668823
1972-09-24,31.5,-25.0,22.139252
1972-09-25,31.5,-25.0,20.53415
1972-09-26,31.5,-25.0,19.884216
1972-09-27,31.5,-25.0,21.626434
1972-09-28,31.5,-25.0,19.82367
1972-09-29,31.5,-25.0,22.056458
1972-09-30,31.5,-25.0,24.730194
1972-10-01,31.5,-25.0,24.112366
1972-10-02,31.5,-25.0,25.424347
1972-10-03,31.5,-25.0,24.441193
1972-10-04,31.5,-25.0,16.864624
1972-10-05,31.5,-25.0,23.301208
1972-10-06,31.5,-25.0,18.274323
1972-10-07,31.5,-25.0,19.179932
1972-10-08,31.5,-25.0,20.431396
1972-10-09,31.5,-25.0,20.030975
1972-10-10,31.5,-25.0,22.279266
1972-10-11,31.5,-25.0,21.075287
1972-10-12,31.5,-25.0,20.725403
1972-10-13,31.5,-25.0,20.803558
1972-10-14,31.5,-25.0,22.742493
1972-10-15,31.5,-25.0,23.108246
1972-10-16,31.5,-25.0,22.953247
1972-10-17,31.5,-25.0,22.771545
1972-10-18,31.5,-25.0,23.52597
1972-10-19,31.5,-25.0,24.302307
1972-10-20,31.5,-25.0,26.187897
1972-10-21,31.5,-25.0,24.21054
1972-10-22,31.5,-25.0,24.30017
1972-10-23,31.5,-25.0,27.618042
1972-10-24,31.5,-25.0,21.975403
1972-10-25,31.5,-25.0,20.18927
1972-10-26,31.5,-25.0,22.217682
1972-10-27,31.5,-25.0,23.994537
1972-10-28,31.5,-25.0,27.167664
1972-10-29,31.5,-25.0,21.748138
1972-10-30,31.5,-25.0,19.705078
1972-10-31,31.5,-25.0,22.631073
1972-11-01,31.5,-25.0,23.338043
1972-11-02,31.5,-25.0,22.942902
1972-11-03,31.5,-25.0,24.588501
1972-11-04,31.5,-25.0,24.44748
1972-11-05,31.5,-25.0,24.261505
1972-11-06,31.5,-25.0,23.145538
1972-11-07,31.5,-25.0,20.70517
1972-11-08,31.5,-25.0,22.197662
1972-11-09,31.5,-25.0,20.035309
1972-11-10,31.5,-25.0,21.439423
1972-11-11,31.5,-25.0,21.58194
1972-11-12,31.5,-25.0,20.8667
1972-11-13,31.5,-25.0,20.624573
1972-11-14,31.5,-25.0,22.424835
1972-11-15,31.5,-25.0,24.890839
1972-11-16,31.5,-25.0,27.41986
1972-11-17,31.5,-25.0,18.822662
1972-11-18,31.5,-25.0,16.958862
1972-11-19,31.5,-25.0,19.211823
1972-11-20,31.5,-25.0,20.10196
1972-11-21,31.5,-25.0,21.306366
1972-11-22,31.5,-25.0,23.684326
1972-11-23,31.5,-25.0,24.65799
1972-11-24,31.5,-25.0,24.575409
1972-11-25,31.5,-25.0,22.91864
1972-11-26,31.5,-25.0,23.058136
1972-11-27,31.5,-25.0,23.621246
1972-11-28,31.5,-25.0,24.745087
1972-11-29,31.5,-25.0,23.652771
1972-11-30,31.5,-25.0,27.148712
1972-12-01,31.5,-25.0,27.513123
1972-12-02,31.5,-25.0,28.106354
1972-12-03,31.5,-25.0,28.06607
1972-12-04,31.5,-25.0,29.518677
1972-12-05,31.5,-25.0,28.450928
1972-12-06,31.5,-25.0,26.765594
1972-12-07,31.5,-25.0,28.45636
1972-12-08,31.5,-25.0,29.877197
1972-12-09,31.5,-25.0,29.462738
1972-12-10,31.5,-25.0,31.18454
1972-12-11,31.5,-25.0,30.975372
1972-12-12,31.5,-25.0,24.295074
1972-12-13,31.5,-25.0,28.700958
1972-12-14,31.5,-25.0,30.516022
1972-12-15,31.5,-25.0,26.982117
1972-12-16,31.5,-25.0,29.594086
1972-12-17,31.5,-25.0,23.785767
1972-12-18,31.5,-25.0,21.919556
1972-12-19,31.5,-25.0,23.583313
1972-12-20,31.5,-25.0,26.76709
1972-12-21,31.5,-25.0,29.235565
1972-12-22,31.5,-25.0,25.559998
1972-12-23,31.5,-25.0,18.707062
1972-12-24,31.5,-25.0,20.87915
1972-12-25,31.5,-25.0,27.16565
1972-12-26,31.5,-25.0,26.602783
1972-12-27,31.5,-25.0,28.061005
1972-12-28,31.5,-25.0,30.751068
1972-12-29,31.5,-25.0,31.37378
1972-12-30,31.5,-25.0,29.443573
1972-12-31,31.5,-25.0,22.092346
1973-01-01,31.5,-25.0,26.139282
1973-01-02,31.5,-25.0,29.49176
1973-01-03,31.5,-25.0,25.828278
1973-01-04,31.5,-25.0,26.746033
1973-01-05,31.5,-25.0,29.63443
1973-01-06,31.5,-25.0,27.956482
1973-01-07,31.5,-25.0,28.736084
1973-01-08,31.5,-25.0,29.210754
1973-01-09,31.5,-25.0,29.673737
1973-01-10,31.5,-25.0,23.69815
1973-01-11,31.5,-25.0,24.919586
1973-01-12,31.5,-25.0,25.86911
1973-01-13,31.5,-25.0,25.987274
1973-01-14,31.5,-25.0,22.394348
1973-01-15,31.5,-25.0,21.422241
1973-01-16,31.5,-25.0,22.529755
1973-01-17,31.5,-25.0,26.061615
1973-01-18,31.5,-25.0,26.711517
1973-01-19,31.5,-25.0,26.926666
1973-01-20,31.5,-25.0,26.305054
1973-01-21,31.5,-25.0,28.987823
1973-01-22,31.5,-25.0,29.570068
1973-01-23,31.5,-25.0,29.30658
1973-01-24,31.5,-25.0,30.381195
1973-01-25,31.5,-25.0,30.979065
1973-01-26,31.5,-25.0,28.68631
1973-01-27,31.5,-25.0,29.007507
1973-01-28,31.5,-25.0,25.04245
1973-01-29,31.5,-25.0,29.039581
1973-01-30,31.5,-25.0,28.505585
1973-01-31,31.5,-25.0,19.742981
1973-02-01,31.5,-25.0,19.236877
1973-02-02,31.5,-25.0,20.703064
1973-02-03,31.5,-25.0,21.501312
1973-02-04,31.5,-25.0,22.293213
1973-02-05,31.5,-25.0,24.109589
1973-02-06,31.5,-25.0,25.604004
1973-02-07,31.5,-25.0,25.852966
1973-02-08,31.5,-25.0,26.245544
1973-02-09,31.5,-25.0,27.632202
1973-02-10,31.5,-25.0,27.64383
1973-02-11,31.5,-25.0,26.17978
1973-02-12,31.5,-25.0,26.478271
1973-02-13,31.5,-25.0,26.807129
1973-02-14,31.5,-25.0,28.35028
1973-02-15,31.5,-25.0,28.582153
1973-02-16,31.5,-25.0,27.986206
1973-02-17,31.5,-25.0,26.48758
1973-02-18,31.5,-25.0,26.928894
1973-02-19,31.5,-25.0,27.205414
1973-02-20,31.5,-25.0,23.989655
1973-02-21,31.5,-25.0,22.269867
1973-02-22,31.5,-25.0,23.160858
1973-02-23,31.5,-25.0,25.293732
1973-02-24,31.5,-25.0,27.371918
1973-02-25,31.5,-25.0,21.511017
1973-02-26,31.5,-25.0,22.608704
1973-02-27,31.5,-25.0,24.581604
1973-02-28,31.5,-25.0,26.506958
1973-03-01,31.5,-25.0,27.784943
1973-03-02,31.5,-25.0,28.755219
1973-03-03,31.5,-25.0,26.778534
1973-03-04,31.5,-25.0,23.504791
1973-03-05,31.5,-25.0,24.54718
1973-03-06,31.5,-25.0,24.629211
1973-03-07,31.5,-25.0,24.36499
1973-03-08,31.5,-25.0,25.791138
1973-03-09,31.5,-25.0,26.44635
1973-03-10,31.5,-25.0,25.467438
1973-03-11,31.5,-25.0,24.76242
1973-03-12,31.5,-25.0,25.785767
1973-03-13,31.5,-25.0,26.06192
1973-03-14,31.5,-25.0,29.212769
1973-03-15,31.5,-25.0,28.720764
1973-03-16,31.5,-25.0,23.016876
1973-03-17,31.5,-25.0,23.696808
1973-03-18,31.5,-25.0,25.56842
1973-03-19,31.5,-25.0,26.361145
1973-03-20,31.5,-25.0,25.80481
1973-03-21,31.5,-25.0,26.949158
1973-03-22,31.5,-25.0,25.371338
1973-03-23,31.5,-25.0,25.710693
1973-03-24,31.5,-25.0,28.518127
1973-03-25,31.5,-25.0,27.909424
1973-03-26,31.5,-25.0,25.659027
1973-03-27,31.5,-25.0,25.937286
1973-03-28,31.5,-25.0,25.524658
1973-03-29,31.5,-25.0,27.005035
1973-03-30,31.5,-25.0,24.734253
1973-03-31,31.5,-25.0,20.225769
1973-04-01,31.5,-25.0,21.478851
1973-04-02,31.5,-25.0,24.226135
1973-04-03,31.5,-25.0,25.831604
1973-04-04,31.5,-25.0,24.713654
1973-04-05,31.5,-25.0,24.883667
1973-04-06,31.5,-25.0,23.870758
1973-04-07,31.5,-25.0,24.867004
1973-04-08,31.5,-25.0,23.049683
1973-04-09,31.5,-25.0,21.02066
1973-04-10,31.5,-25.0,20.118073
1973-04-11,31.5,-25.0,20.068146
1973-04-12,31.5,-25.0,20.920074
1973-04-13,31.5,-25.0,22.654388
1973-04-14,31.5,-25.0,24.241333
1973-04-15,31.5,-25.0,20.634308
1973-04-16,31.5,-25.0,18.3013
1973-04-17,31.5,-25.0,18.904022
1973-04-18,31.5,-25.0,20.014984
1973-04-19,31.5,-25.0,20.800018
1973-04-20,31.5,-25.0,19.742096
1973-04-21,31.5,-25.0,19.977997
1973-04-22,31.5,-25.0,19.94806
1973-04-23,31.5,-25.0,19.00653
1973-04-24,31.5,-25.0,19.38794
1973-04-25,31.5,-25.0,20.12619
1973-04-26,31.5,-25.0,20.28363
1973-04-27,31.5,-25.0,19.675415
1973-04-28,31.5,-25.0,20.226837
1973-04-29,31.5,-25.0,20.463287
1973-04-30,31.5,-25.0,22.158142
1973-05-01,31.5,-25.0,25.099121
1973-05-02,31.5,-25.0,19.951447
1973-05-03,31.5,-25.0,15.644684
1973-05-04,31.5,-25.0,17.639984
1973-05-05,31.5,-25.0,18.003723
1973-05-06,31.5,-25.0,16.9729
1973-05-07,31.5,-25.0,17.901306
1973-05-08,31.5,-25.0,19.09607
1973-05-09,31.5,-25.0,20.244934
1973-05-10,31.5,-25.0,20.642975
1973-05-11,31.5,-25.0,20.781677
1973-05-12,31.5,-25.0,22.23291
1973-05-13,31.5,-25.0,21.26944
1973-05-14,31.5,-25.0,22.444824
1973-05-15,31.5,-25.0,23.99765
1973-05-16,31.5,-25.0,21.037384
1973-05-17,31.5,-25.0,22.486176
1973-05-18,31.5,-25.0,19.36856
1973-05-19,31.5,-25.0,18.409851
1973-05-20,31.5,-25.0,19.058777
1973-05-21,31.5,-25.0,19.39386
1973-05-22,31.5,-25.0,19.386017
1973-05-23,31.5,-25.0,18.778595
1973-05-24,31.5,-25.0,19.007507
1973-05-25,31.5,-25.0,19.450226
1973-05-26,31.5,-25.0,21.235443
1973-05-27,31.5,-25.0,19.921387
1973-05-28,31.5,-25.0,17.435913
1973-05-29,31.5,-25.0,20.714172
1973-05-30,31.5,-25.0,20.568542
1973-05-31,31.5,-25.0,16.183655
1973-06-01,31.5,-25.0,16.904877
1973-06-02,31.5,-25.0,18.513794
1973-06-03,31.5,-25.0,18.474457
1973-06-04,31.5,-25.0,18.231537
1973-06-05,31.5,-25.0,19.78128
1973-06-06,31.5,-25.0,19.371582
1973-06-07,31.5,-25.0,18.511627
1973-06-08,31.5,-25.0,15.540039
1973-06-09,31.5,-25.0,15.958984
1973-06-10,31.5,-25.0,17.57077
1973-06-11,31.5,-25.0,17.056122
1973-06-12,31.5,-25.0,16.431671
1973-06-13,31.5,-25.0,16.760254
1973-06-14,31.5,-25.0,16.985504
1973-06-15,31.5,-25.0,16.817322
1973-06-16,31.5,-25.0,16.380432
1973-06-17,31.5,-25.0,16.688263
1973-06-18,31.5,-25.0,16.39038
1973-06-19,31.5,-25.0,17.55841
1973-06-20,31.5,-25.0,19.042938
1973-06-21,31.5,-25.0,17.974792
1973-06-22,31.5,-25.0,16.580261
1973-06-23,31.5,-25.0,16.078033
1973-06-24,31.5,-25.0,16.350739
1973-06-25,31.5,-25.0,15.537933
1973-06-26,31.5,-25.0,15.985413
1973-06-27,31.5,-25.0,16.96701
1973-06-28,31.5,-25.0,16.67154
1973-06-29,31.5,-25.0,17.364105
1973-06-30,31.5,-25.0,18.486206
1973-07-01,31.5,-25.0,18.125763
1973-07-02,31.5,-25.0,17.60614
1973-07-03,31.5,-25.0,17.941528
1973-07-04,31.5,-25.0,17.333221
1973-07-05,31.5,-25.0,19.08191
1973-07-06,31.5,-25.0,17.462769
1973-07-07,31.5,-25.0,16.297821
1973-07-08,31.5,-25.0,15.581451
1973-07-09,31.5,-25.0,14.648163
1973-07-10,31.5,-25.0,15.756866
1973-07-11,31.5,-25.0,16.216217
1973-07-12,31.5,-25.0,16.66867
1973-07-13,31.5,-25.0,16.275055
1973-07-14,31.5,-25.0,15.709991
1973-07-15,31.5,-25.0,16.867493
1973-07-16,31.5,-25.0,17.722046
1973-07-17,31.5,-25.0,17.481537
1973-07-18,31.5,-25.0,17.847046
1973-07-19,31.5,-25.0,16.78659
1973-07-20,31.5,-25.0,17.231354
1973-07-21,31.5,-25.0,17.295807
1973-07-22,31.5,-25.0,17.224945
1973-07-23,31.5,-25.0,16.832184
1973-07-24,31.5,-25.0,14.738068
1973-07-25,31.5,-25.0,17.060394
1973-07-26,31.5,-25.0,18.610077
1973-07-27,31.5,-25.0,18.510742
1973-07-28,31.5,-25.0,14.418488
1973-07-29,31.5,-25.0,13.367523
1973-07-30,31.5,-25.0,14.837738
1973-07-31,31.5,-25.0,15.272217
1973-08-01,31.5,-25.0,16.57428
1973-08-02,31.5,-25.0,18.237152
1973-08-03,31.5,-25.0,17.406586
1973-08-04,31.5,-25.0,16.430756
1973-08-05,31.5,-25.0,15.000977
1973-08-06,31.5,-25.0,16.227783
1973-08-07,31.5,-25.0,18.203613
1973-08-08,31.5,-25.0,18.71347
1973-08-09,31.5,-25.0,20.652924
1973-08-10,31.5,-25.0,22.764893
1973-08-11,31.5,-25.0,13.467529
1973-08-12,31.5,-25.0,13.537109
1973-08-13,31.5,-25.0,16.033264
1973-08-14,31.5,-25.0,17.158905
1973-08-15,31.5,-25.0,18.568878
1973-08-16,31.5,-25.0,19.896301
1973-08-17,31.5,-25.0,17.512177
1973-08-18,31.5,-25.0,18.011505
1973-08-19,31.5,-25.0,20.2359
1973-08-20,31.5,-25.0,22.031036
1973-08-21,31.5,-25.0,17.509247
1973-08-22,31.5,-25.0,16.243866
1973-08-23,31.5,-25.0,16.4581
1973-08-24,31.5,-25.0,16.780457
1973-08-25,31.5,-25.0,17.348206
1973-08-26,31.5,-25.0,19.317291
1973-08-27,31.5,-25.0,20.63562
1973-08-28,31.5,-25.0,22.91394
1973-08-29,31.5,-25.0,20.097687
1973-08-30,31.5,-25.0,20.12677
1973-08-31,31.5,-25.0,23.555603
1973-09-01,31.5,-25.0,20.25061
1973-09-02,31.5,-25.0,19.533234
1973-09-03,31.5,-25.0,21.93808
1973-09-04,31.5,-25.0,24.975464
1973-09-05,31.5,-25.0,25.447754
1973-09-06,31.5,-25.0,21.502472
1973-09-07,31.5,-25.0,26.389893
1973-09-08,31.5,-25.0,20.507568
1973-09-09,31.5,-25.0,20.436157
1973-09-10,31.5,-25.0,23.803802
1973-09-11,31.5,-25.0,25.383087
1973-09-12,31.5,-25.0,26.202942
1973-09-13,31.5,-25.0,27.937378
1973-09-14,31.5,-25.0,23.355011
1973-09-15,31.5,-25.0,20.104736
1973-09-16,31.5,-25.0,16.154022
1973-09-17,31.5,-25.0,17.09201
1973-09-18,31.5,-25.0,18.053009
1973-09-19,31.5,-25.0,20.921936
1973-09-20,31.5,-25.0,22.332672
1973-09-21,31.5,-25.0,26.465454
1973-09-22,31.5,-25.0,23.031677
1973-09-23,31.5,-25.0,17.074432
1973-09-24,31.5,-25.0,21.244537
1973-09-25,31.5,-25.0,25.527802
1973-09-26,31.5,-25.0,18.856049
1973-09-27,31.5,-25.0,15.507904
1973-09-28,31.5,-25.0,12.948273
1973-09-29,31.5,-25.0,15.465607
1973-09-30,31.5,-25.0,17.994934
1973-10-01,31.5,-25.0,20.216003
1973-10-02,31.5,-25.0,19.457092
1973-10-03,31.5,-25.0,17.525543
1973-10-04,31.5,-25.0,19.622559
1973-10-05,31.5,-25.0,24.648651
1973-10-06,31.5,-25.0,21.01117
1973-10-07,31.5,-25.0,22.849792
1973-10-08,31.5,-25.0,18.647552
1973-10-09,31.5,-25.0,21.007812
1973-10-10,31.5,-25.0,23.889618
1973-10-11,31.5,-25.0,16.631836
1973-10-12,31.5,-25.0,18.207153
1973-10-13,31.5,-25.0,21.806152
1973-10-14,31.5,-25.0,25.101593
1973-10-15,31.5,-25.0,17.755432
1973-10-16,31.5,-25.0,14.348419
1973-10-17,31.5,-25.0,14.781799
1973-10-18,31.5,-25.0,16.626099
1973-10-19,31.5,-25.0,19.450745
1973-10-20,31.5,-25.0,21.090973
1973-10-21,31.5,-25.0,22.433777
1973-10-22,31.5,-25.0,21.888824
1973-10-23,31.5,-25.0,22.3797
1973-10-24,31.5,-25.0,24.473145
1973-10-25,31.5,-25.0,26.524963
1973-10-26,31.5,-25.0,24.174469
1973-10-27,31.5,-25.0,23.775269
1973-10-28,31.5,-25.0,25.036621
1973-10-29,31.5,-25.0,24.81842
1973-10-30,31.5,-25.0,26.108582
1973-10-31,31.5,-25.0,21.851288
1973-11-01,31.5,-25.0,25.777588
1973-11-02,31.5,-25.0,21.497314
1973-11-03,31.5,-25.0,20.516083
1973-11-04,31.5,-25.0,23.993134
1973-11-05,31.5,-25.0,21.69223
1973-11-06,31.5,-25.0,23.515442
1973-11-07,31.5,-25.0,22.35083
1973-11-08,31.5,-25.0,22.048004
1973-11-09,31.5,-25.0,25.601562
1973-11-10,31.5,-25.0,26.26474
1973-11-11,31.5,-25.0,21.032959
1973-11-12,31.5,-25.0,19.45514
1973-11-13,31.5,-25.0,18.361877
1973-11-14,31.5,-25.0,20.10553
1973-11-15,31.5,-25.0,20.17163
1973-11-16,31.5,-25.0,21.447449
1973-11-17,31.5,-25.0,23.74295
1973-11-18,31.5,-25.0,23.999207
1973-11-19,31.5,-25.0,22.75418
1973-11-20,31.5,-25.0,21.827515
1973-11-21,31.5,-25.0,22.913635
1973-11-22,31.5,-25.0,22.102783
1973-11-23,31.5,-25.0,21.923431
1973-11-24,31.5,-25.0,22.18393
1973-11-25,31.5,-25.0,26.258118
1973-11-26,31.5,-25.0,23.492798
1973-11-27,31.5,-25.0,25.41806
1973-11-28,31.5,-25.0,20.966583
1973-11-29,31.5,-25.0,20.545624
1973-11-30,31.5,-25.0,24.868286
1973-12-01,31.5,-25.0,21.419098
1973-12-02,31.5,-25.0,18.560608
1973-12-03,31.5,-25.0,20.043304
1973-12-04,31.5,-25.0,23.955048
1973-12-05,31.5,-25.0,27.290192
1973-12-06,31.5,-25.0,26.336578
1973-12-07,31.5,-25.0,23.51651
1973-12-08,31.5,-25.0,25.368011
1973-12-09,31.5,-25.0,24.207184
1973-12-10,31.5,-25.0,17.063538
1973-12-11,31.5,-25.0,17.470245
1973-12-12,31.5,-25.0,20.69458
1973-12-13,31.5,-25.0,22.855103
1973-12-14,31.5,-25.0,24.559662
1973-12-15,31.5,-25.0,26.010925
1973-12-16,31.5,-25.0,20.072296
1973-12-17,31.5,-25.0,23.5766
1973-12-18,31.5,-25.0,23.580048
1973-12-19,31.5,-25.0,22.23938
1973-12-20,31.5,-25.0,22.365692
1973-12-21,31.5,-25.0,21.561188
1973-12-22,31.5,-25.0,23.011505
1973-12-23,31.5,-25.0,23.472778
1973-12-24,31.5,-25.0,24.377472
1973-12-25,31.5,-25.0,23.626343
1973-12-26,31.5,-25.0,23.866608
1973-12-27,31.5,-25.0,22.240692
1973-12-28,31.5,-25.0,21.605438
1973-12-29,31.5,-25.0,22.268127
1973-12-30,31.5,-25.0,23.187408
1973-12-31,31.5,-25.0,24.491302
1974-01-01,31.5,-25.0,24.965027
1974-01-02,31.5,-25.0,25.196503
1974-01-03,31.5,-25.0,26.038483
1974-01-04,31.5,-25.0,25.875793
1974-01-05,31.5,-25.0,25.508728
1974-01-06,31.5,-25.0,24.613281
1974-01-07,31.5,-25.0,24.235107
1974-01-08,31.5,-25.0,25.92981
1974-01-09,31.5,-25.0,25.806335
1974-01-10,31.5,-25.0,26.534973
1974-01-11,31.5,-25.0,28.362793
1974-01-12,31.5,-25.0,29.506866
1974-01-13,31.5,-25.0,27.49939
1974-01-14,31.5,-25.0,24.279297
1974-01-15,31.5,-25.0,27.112152
1974-01-16,31.5,-25.0,27.607819
1974-01-17,31.5,-25.0,25.92392
1974-01-18,31.5,-25.0,22.72705
1974-01-19,31.5,-25.0,24.344269
1974-01-20,31.5,-25.0,27.063751
1974-01-21,31.5,-25.0,28.544403
1974-01-22,31.5,-25.0,26.847626
1974-01-23,31.5,-25.0,27.627045
1974-01-24,31.5,-25.0,27.577454
1974-01-25,31.5,-25.0,22.386414
1974-01-26,31.5,-25.0,22.52594
1974-01-27,31.5,-25.0,24.956635
1974-01-28,31.5,-25.0,27.225647
1974-01-29,31.5,-25.0,27.209808
1974-01-30,31.5,-25.0,21.433044
1974-01-31,31.5,-25.0,22.836273
1974-02-01,31.5,-25.0,24.62259
1974-02-02,31.5,-25.0,25.203552
1974-02-03,31.5,-25.0,25.539886
1974-02-04,31.5,-25.0,25.96167
1974-02-05,31.5,-25.0,26.140259
1974-02-06,31.5,-25.0,27.242462
1974-02-07,31.5,-25.0,26.383728
1974-02-08,31.5,-25.0,25.508514
1974-02-09,31.5,-25.0,22.842865
1974-02-10,31.5,-25.0,23.113647
1974-02-11,31.5,-25.0,23.407623
1974-02-12,31.5,-25.0,24.325165
1974-02-13,31.5,-25.0,25.27774
1974-02-14,31.5,-25.0,24.924377
1974-02-15,31.5,-25.0,25.129211
1974-02-16,31.5,-25.0,25.851013
1974-02-17,31.5,-25.0,27.24466
1974-02-18,31.5,-25.0,22.642975
1974-02-19,31.5,-25.0,23.657806
1974-02-20,31.5,-25.0,23.101074
1974-02-21,31.5,-25.0,23.415985
1974-02-22,31.5,-25.0,25.705292
1974-02-23,31.5,-25.0,25.216248
1974-02-24,31.5,-25.0,23.278656
1974-02-25,31.5,-25.0,25.027954
1974-02-26,31.5,-25.0,23.71457
1974-02-27,31.5,-25.0,24.504395
1974-02-28,31.5,-25.0,24.267029
1974-03-01,31.5,-25.0,24.886261
1974-03-02,31.5,-25.0,25.578186
1974-03-03,31.5,-25.0,24.261719
1974-03-04,31.5,-25.0,23.757568
1974-03-05,31.5,-25.0,23.851929
1974-03-06,31.5,-25.0,24.181366
1974-03-07,31.5,-25.0,24.739777
1974-03-08,31.5,-25.0,26.059875
1974-03-09,31.5,-25.0,25.402313
1974-03-10,31.5,-25.0,24.334625
1974-03-11,31.5,-25.0,24.53125
1974-03-12,31.5,-25.0,24.567291
1974-03-13,31.5,-25.0,24.408783
1974-03-14,31.5,-25.0,25.05066
1974-03-15,31.5,-25.0,25.481201
1974-03-16,31.5,-25.0,24.586975
1974-03-17,31.5,-25.0,25.345337
1974-03-18,31.5,-25.0,19.393372
1974-03-19,31.5,-25.0,18.123566
1974-03-20,31.5,-25.0,20.410645
1974-03-21,31.5,-25.0,22.998383
1974-03-22,31.5,-25.0,25.156006
1974-03-23,31.5,-25.0,25.868958
1974-03-24,31.5,-25.0,25.574738
1974-03-25,31.5,-25.0,24.08899
1974-03-26,31.5,-25.0,24.352905
1974-03-27,31.5,-25.0,24.301178
1974-03-28,31.5,-25.0,24.409607
1974-03-29,31.5,-25.0,25.590881
1974-03-30,31.5,-25.0,21.189758
1974-03-31,31.5,-25.0,20.234528
1974-04-01,31.5,-25.0,22.851654
1974-04-02,31.5,-25.0,19.590912
1974-04-03,31.5,-25.0,16.44217
1974-04-04,31.5,-25.0,18.240662
1974-04-05,31.5,-25.0,19.910889
1974-04-06,31.5,-25.0,20.085236
1974-04-07,31.5,-25.0,20.718079
1974-04-08,31.5,-25.0,21.205963
1974-04-09,31.5,-25.0,21.892853
1974-04-10,31.5,-25.0,22.33429
1974-04-11,31.5,-25.0,22.161041
1974-04-12,31.5,-25.0,21.957672
1974-04-13,31.5,-25.0,22.45398
1974-04-14,31.5,-25.0,23.258667
1974-04-15,31.5,-25.0,23.742981
1974-04-16,31.5,-25.0,22.42923
1974-04-17,31.5,-25.0,23.179749
1974-04-18,31.5,-25.0,23.475739
1974-04-19,31.5,-25.0,23.731781
1974-04-20,31.5,-25.0,24.307312
1974-04-21,31.5,-25.0,20.231232
1974-04-22,31.5,-25.0,20.596924
1974-04-23,31.5,-25.0,19.713654
1974-04-24,31.5,-25.0,20.771301
1974-04-25,31.5,-25.0,20.966858
1974-04-26,31.5,-25.0,18.305847
1974-04-27,31.5,-25.0,20.032593
1974-04-28,31.5,-25.0,19.599976
1974-04-29,31.5,-25.0,18.971863
1974-04-30,31.5,-25.0,19.003723
1974-05-01,31.5,-25.0,19.950836
1974-05-02,31.5,-25.0,20.46341
1974-05-03,31.5,-25.0,21.43753
1974-05-04,31.5,-25.0,22.05484
1974-05-05,31.5,-25.0,22.63086
1974-05-06,31.5,-25.0,23.321655
1974-05-07,31.5,-25.0,20.890503
1974-05-08,31.5,-25.0,19.665192
1974-05-09,31.5,-25.0,16.942627
1974-05-10,31.5,-25.0,16.783966
1974-05-11,31.5,-25.0,17.194275
1974-05-12,31.5,-25.0,19.026459
1974-05-13,31.5,-25.0,18.973755
1974-05-14,31.5,-25.0,20.22763
1974-05-15,31.5,-25.0,21.288086
1974-05-16,31.5,-25.0,19.70929
1974-05-17,31.5,-25.0,15.282471
1974-05-18,31.5,-25.0,17.56308
1974-05-19,31.5,-25.0,18.501892
1974-05-20,31.5,-25.0,18.694824
1974-05-21,31.5,-25.0,17.84793
1974-05-22,31.5,-25.0,17.5
1974-05-23,31.5,-25.0,17.563873
1974-05-24,31.5,-25.0,18.364136
1974-05-25,31.5,-25.0,20.0531
1974-05-26,31.5,-25.0,20.978241
1974-05-27,31.5,-25.0,20.05246
1974-05-28,31.5,-25.0,19.441498
1974-05-29,31.5,-25.0,17.843658
1974-05-30,31.5,-25.0,18.89914
1974-05-31,31.5,-25.0,17.827759
1974-06-01,31.5,-25.0,16.585388
1974-06-02,31.5,-25.0,14.853241
1974-06-03,31.5,-25.0,16.51175
1974-06-04,31.5,-25.0,15.905212
1974-06-05,31.5,-25.0,15.7948
1974-06-06,31.5,-25.0,16.87207
1974-06-07,31.5,-25.0,17.820618
1974-06-08,31.5,-25.0,19.695038
1974-06-09,31.5,-25.0,19.463226
1974-06-10,31.5,-25.0,19.690643
1974-06-11,31.5,-25.0,21.276276
1974-06-12,31.5,-25.0,18.732513
1974-06-13,31.5,-25.0,15.391205
1974-06-14,31.5,-25.0,15.877258
1974-06-15,31.5,-25.0,16.247345
1974-06-16,31.5,-25.0,15.589172
1974-06-17,31.5,-25.0,16.040405
1974-06-18,31.5,-25.0,15.576172
1974-06-19,31.5,-25.0,16.376892
1974-06-20,31.5,-25.0,16.95401
1974-06-21,31.5,-25.0,16.393158
1974-06-22,31.5,-25.0,17.042267
1974-06-23,31.5,-25.0,16.862885
1974-06-24,31.5,-25.0,17.402191
1974-06-25,31.5,-25.0,16.649658
1974-06-26,31.5,-25.0,16.139496
1974-06-27,31.5,-25.0,17.237152
1974-06-28,31.5,-25.0,17.044739
1974-06-29,31.5,-25.0,16.015778
1974-06-30,31.5,-25.0,19.050964
1974-07-01,31.5,-25.0,16.614807
1974-07-02,31.5,-25.0,13.005981
1974-07-03,31.5,-25.0,15.296631
1974-07-04,31.5,-25.0,15.90509
1974-07-05,31.5,-25.0,15.6614685
1974-07-06,31.5,-25.0,16.225159
1974-07-07,31.5,-25.0,16.85086
1974-07-08,31.5,-25.0,17.191437
1974-07-09,31.5,-25.0,17.04779
1974-07-10,31.5,-25.0,18.26358
1974-07-11,31.5,-25.0,18.344757
1974-07-12,31.5,-25.0,17.77472
1974-07-13,31.5,-25.0,15.326935
1974-07-14,31.5,-25.0,15.580444
1974-07-15,31.5,-25.0,15.93515
1974-07-16,31.5,-25.0,15.371796
1974-07-17,31.5,-25.0,17.397827
1974-07-18,31.5,-25.0,16.97995
1974-07-19,31.5,-25.0,16.63153
1974-07-20,31.5,-25.0,18.237274
1974-07-21,31.5,-25.0,15.936768
1974-07-22,31.5,-25.0,17.425415
1974-07-23,31.5,-25.0,14.969421
1974-07-24,31.5,-25.0,14.542877
1974-07-25,31.5,-25.0,14.297638
1974-07-26,31.5,-25.0,13.7708435
1974-07-27,31.5,-25.0,15.606659
1974-07-28,31.5,-25.0,16.063507
1974-07-29,31.5,-25.0,16.395294
1974-07-30,31.5,-25.0,17.499664
1974-07-31,31.5,-25.0,18.105316
1974-08-01,31.5,-25.0,16.595978
1974-08-02,31.5,-25.0,15.002502
1974-08-03,31.5,-25.0,14.447479
1974-08-04,31.5,-25.0,15.859161
1974-08-05,31.5,-25.0,18.849915
1974-08-06,31.5,-25.0,20.60196
1974-08-07,31.5,-25.0,18.326782
1974-08-08,31.5,-25.0,18.721619
1974-08-09,31.5,-25.0,21.593018
1974-08-10,31.5,-25.0,22.090393
1974-08-11,31.5,-25.0,15.042084
1974-08-12,31.5,-25.0,13.242981
1974-08-13,31.5,-25.0,13.437317
1974-08-14,31.5,-25.0,15.911835
1974-08-15,31.5,-25.0,17.780884
1974-08-16,31.5,-25.0,18.123444
1974-08-17,31.5,-25.0,18.943024
1974-08-18,31.5,-25.0,19.663483
1974-08-19,31.5,-25.0,20.626099
1974-08-20,31.5,-25.0,22.861267
1974-08-21,31.5,-25.0,21.735382
1974-08-22,31.5,-25.0,18.407104
1974-08-23,31.5,-25.0,17.821625
1974-08-24,31.5,-25.0,18.47467
1974-08-25,31.5,-25.0,19.089935
1974-08-26,31.5,-25.0,20.62741
1974-08-27,31.5,-25.0,21.667175
1974-08-28,31.5,-25.0,21.210052
1974-08-29,31.5,-25.0,19.671204
1974-08-30,31.5,-25.0,22.0177
1974-08-31,31.5,-25.0,17.26767
1974-09-01,31.5,-25.0,21.174744
1974-09-02,31.5,-25.0,19.224579
1974-09-03,31.5,-25.0,13.6458435
1974-09-04,31.5,-25.0,13.077759
1974-09-05,31.5,-25.0,12.819977
1974-09-06,31.5,-25.0,16.017456
1974-09-07,31.5,-25.0,18.887512
1974-09-08,31.5,-25.0,15.777863
1974-09-09,31.5,-25.0,14.223145
1974-09-10,31.5,-25.0,18.302155
1974-09-11,31.5,-25.0,19.526917
1974-09-12,31.5,-25.0,22.093933
1974-09-13,31.5,-25.0,21.829224
1974-09-14,31.5,-25.0,21.286255
1974-09-15,31.5,-25.0,22.24228
1974-09-16,31.5,-25.0,24.245209
1974-09-17,31.5,-25.0,25.711609
1974-09-18,31.5,-25.0,21.184814
1974-09-19,31.5,-25.0,18.674438
1974-09-20,31.5,-25.0,22.581665
1974-09-21,31.5,-25.0,25.251251
1974-09-22,31.5,-25.0,27.81897
1974-09-23,31.5,-25.0,24.01239
1974-09-24,31.5,-25.0,22.708923
1974-09-25,31.5,-25.0,23.416595
1974-09-26,31.5,-25.0,23.157288
1974-09-27,31.5,-25.0,24.185822
1974-09-28,31.5,-25.0,24.717804
1974-09-29,31.5,-25.0,23.497803
1974-09-30,31.5,-25.0,23.8497
1974-10-01,31.5,-25.0,23.124908
1974-10-02,31.5,-25.0,25.132935
1974-10-03,31.5,-25.0,23.15393
1974-10-04,31.5,-25.0,24.805817
1974-10-05,31.5,-25.0,25.608154
1974-10-06,31.5,-25.0,25.86142
1974-10-07,31.5,-25.0,17.030151
1974-10-08,31.5,-25.0,18.45102
1974-10-09,31.5,-25.0,22.935547
1974-10-10,31.5,-25.0,22.232819
1974-10-11,31.5,-25.0,21.772339
1974-10-12,31.5,-25.0,24.085175
1974-10-13,31.5,-25.0,27.028168
1974-10-14,31.5,-25.0,26.875916
1974-10-15,31.5,-25.0,24.142883
1974-10-16,31.5,-25.0,25.347534
1974-10-17,31.5,-25.0,27.581818
1974-10-18,31.5,-25.0,18.85971
1974-10-19,31.5,-25.0,18.850464
1974-10-20,31.5,-25.0,24.395935
1974-10-21,31.5,-25.0,20.761475
1974-10-22,31.5,-25.0,19.510437
1974-10-23,31.5,-25.0,23.474304
1974-10-24,31.5,-25.0,27.359863
1974-10-25,31.5,-25.0,29.991089
1974-10-26,31.5,-25.0,29.664429
1974-10-27,31.5,-25.0,19.261993
1974-10-28,31.5,-25.0,21.342072
1974-10-29,31.5,-25.0,24.810059
1974-10-30,31.5,-25.0,23.822815
1974-10-31,31.5,-25.0,21.88089
1974-11-01,31.5,-25.0,19.138824
1974-11-02,31.5,-25.0,21.26416
1974-11-03,31.5,-25.0,23.905396
1974-11-04,31.5,-25.0,27.952332
1974-11-05,31.5,-25.0,27.904846
1974-11-06,31.5,-25.0,17.782532
1974-11-07,31.5,-25.0,18.885101
1974-11-08,31.5,-25.0,24.62201
1974-11-09,31.5,-25.0,23.402802
1974-11-10,31.5,-25.0,20.960022
1974-11-11,31.5,-25.0,21.075012
1974-11-12,31.5,-25.0,24.844757
1974-11-13,31.5,-25.0,24.065277
1974-11-14,31.5,-25.0,24.45102
1974-11-15,31.5,-25.0,24.228577
1974-11-16,31.5,-25.0,27.627075
1974-11-17,31.5,-25.0,27.698853
1974-11-18,31.5,-25.0,27.191406
1974-11-19,31.5,-25.0,22.493347
1974-11-20,31.5,-25.0,20.4505
1974-11-21,31.5,-25.0,24.022766
1974-11-22,31.5,-25.0,22.93158
1974-11-23,31.5,-25.0,25.214722
1974-11-24,31.5,-25.0,27.574097
1974-11-25,31.5,-25.0,28.830719
1974-11-26,31.5,-25.0,24.706635
1974-11-27,31.5,-25.0,22.629913
1974-11-28,31.5,-25.0,25.569977
1974-11-29,31.5,-25.0,25.76062
1974-11-30,31.5,-25.0,24.080719
1974-12-01,31.5,-25.0,24.130188
1974-12-02,31.5,-25.0,24.509918
1974-12-03,31.5,-25.0,24.851196
1974-12-04,31.5,-25.0,26.48471
1974-12-05,31.5,-25.0,25.897156
1974-12-06,31.5,-25.0,26.331207
1974-12-07,31.5,-25.0,26.166626
1974-12-08,31.5,-25.0,25.32663
1974-12-09,31.5,-25.0,25.351746
1974-12-10,31.5,-25.0,27.469238
1974-12-11,31.5,-25.0,26.455658
1974-12-12,31.5,-25.0,21.032837
1974-12-13,31.5,-25.0,19.734863
1974-12-14,31.5,-25.0,21.518005
1974-12-15,31.5,-25.0,23.5596
1974-12-16,31.5,-25.0,23.115051
1974-12-17,31.5,-25.0,23.46103
1974-12-18,31.5,-25.0,25.193665
1974-12-19,31.5,-25.0,24.623688
1974-12-20,31.5,-25.0,20.750519
1974-12-21,31.5,-25.0,21.051697
1974-12-22,31.5,-25.0,21.950195
1974-12-23,31.5,-25.0,26.119019
1974-12-24,31.5,-25.0,22.201416
1974-12-25,31.5,-25.0,23.792145
1974-12-26,31.5,-25.0,26.630585
1974-12-27,31.5,-25.0,29.336243
1974-12-28,31.5,-25.0,30.144867
1974-12-29,31.5,-25.0,24.364014
1974-12-30,31.5,-25.0,26.547577
1974-12-31,31.5,-25.0,30.85614
1975-01-01,31.5,-25.0,28.845398
1975-01-02,31.5,-25.0,29.97052
1975-01-03,31.5,-25.0,22.529694
1975-01-04,31.5,-25.0,23.440521
1975-01-05,31.5,-25.0,25.493591
1975-01-06,31.5,-25.0,25.660706
1975-01-07,31.5,-25.0,26.49295
1975-01-08,31.5,-25.0,27.66217
1975-01-09,31.5,-25.0,27.68335
1975-01-10,31.5,-25.0,28.80896
1975-01-11,31.5,-25.0,29.954987
1975-01-12,31.5,-25.0,22.577637
1975-01-13,31.5,-25.0,24.894775
1975-01-14,31.5,-25.0,28.508423
1975-01-15,31.5,-25.0,30.272797
1975-01-16,31.5,-25.0,24.257172
1975-01-17,31.5,-25.0,24.439972
1975-01-18,31.5,-25.0,24.390045
1975-01-19,31.5,-25.0,25.520294
1975-01-20,31.5,-25.0,24.012817
1975-01-21,31.5,-25.0,26.740112
1975-01-22,31.5,-25.0,24.171356
1975-01-23,31.5,-25.0,25.502167
1975-01-24,31.5,-25.0,24.770233
1975-01-25,31.5,-25.0,26.025482
1975-01-26,31.5,-25.0,27.1904
1975-01-27,31.5,-25.0,25.416473
1975-01-28,31.5,-25.0,26.116089
1975-01-29,31.5,-25.0,23.94455
1975-01-30,31.5,-25.0,21.180206
1975-01-31,31.5,-25.0,20.141815
1975-02-01,31.5,-25.0,22.175201
1975-02-02,31.5,-25.0,24.115143
1975-02-03,31.5,-25.0,24.183197
1975-02-04,31.5,-25.0,24.253876
1975-02-05,31.5,-25.0,25.676697
1975-02-06,31.5,-25.0,24.786896
1975-02-07,31.5,-25.0,24.303253
1975-02-08,31.5,-25.0,24.92331
1975-02-09,31.5,-25.0,26.09793
1975-02-10,31.5,-25.0,26.323944
1975-02-11,31.5,-25.0,26.906647
1975-02-12,31.5,-25.0,22.200409
1975-02-13,31.5,-25.0,22.717682
1975-02-14,31.5,-25.0,22.666382
1975-02-15,31.5,-25.0,23.47528
1975-02-16,31.5,-25.0,23.387543
1975-02-17,31.5,-25.0,22.214142
1975-02-18,31.5,-25.0,22.501251
1975-02-19,31.5,-25.0,23.928375
1975-02-20,31.5,-25.0,23.15094
1975-02-21,31.5,-25.0,23.401001
1975-02-22,31.5,-25.0,24.11444
1975-02-23,31.5,-25.0,23.978516
1975-02-24,31.5,-25.0,23.906982
1975-02-25,31.5,-25.0,25.904816
1975-02-26,31.5,-25.0,27.258362
1975-02-27,31.5,-25.0,25.639435
1975-02-28,31.5,-25.0,22.806519
1975-03-01,31.5,-25.0,24.240753
1975-03-02,31.5,-25.0,24.307617
1975-03-03,31.5,-25.0,23.941406
1975-03-04,31.5,-25.0,22.855804
1975-03-05,31.5,-25.0,23.066162
1975-03-06,31.5,-25.0,25.63916
1975-03-07,31.5,-25.0,25.431885
1975-03-08,31.5,-25.0,23.948914
1975-03-09,31.5,-25.0,23.384918
1975-03-10,31.5,-25.0,23.841553
1975-03-11,31.5,-25.0,24.755585
1975-03-12,31.5,-25.0,23.958984
1975-03-13,31.5,-25.0,23.41568
1975-03-14,31.5,-25.0,22.975647
1975-03-15,31.5,-25.0,21.817474
1975-03-16,31.5,-25.0,22.34903
1975-03-17,31.5,-25.0,22.631805
1975-03-18,31.5,-25.0,18.036438
1975-03-19,31.5,-25.0,20.31134
1975-03-20,31.5,-25.0,22.163452
1975-03-21,31.5,-25.0,21.821594
1975-03-22,31.5,-25.0,24.68808
1975-03-23,31.5,-25.0,27.503815
1975-03-24,31.5,-25.0,27.210358
1975-03-25,31.5,-25.0,19.93573
1975-03-26,31.5,-25.0,22.251282
1975-03-27,31.5,-25.0,22.535858
1975-03-28,31.5,-25.0,22.542755
1975-03-29,31.5,-25.0,22.651733
1975-03-30,31.5,-25.0,22.573914
1975-03-31,31.5,-25.0,23.408112
1975-04-01,31.5,-25.0,23.875519
1975-04-02,31.5,-25.0,24.655487
1975-04-03,31.5,-25.0,19.035187
1975-04-04,31.5,-25.0,17.692474
1975-04-05,31.5,-25.0,18.40091
1975-04-06,31.5,-25.0,21.02539
1975-04-07,31.5,-25.0,22.484436
1975-04-08,31.5,-25.0,22.18454
1975-04-09,31.5,-25.0,22.401855
1975-04-10,31.5,-25.0,24.690674
1975-04-11,31.5,-25.0,25.780212
1975-04-12,31.5,-25.0,26.208069
1975-04-13,31.5,-25.0,21.207428
1975-04-14,31.5,-25.0,20.055145
1975-04-15,31.5,-25.0,22.328003
1975-04-16,31.5,-25.0,21.215332
1975-04-17,31.5,-25.0,20.634644
1975-04-18,31.5,-25.0,19.240417
1975-04-19,31.5,-25.0,20.429688
1975-04-20,31.5,-25.0,20.715729
1975-04-21,31.5,-25.0,20.286621
1975-04-22,31.5,-25.0,19.727448
1975-04-23,31.5,-25.0,20.845032
1975-04-24,31.5,-25.0,21.415283
1975-04-25,31.5,-25.0,21.309021
1975-04-26,31.5,-25.0,21.999207
1975-04-27,31.5,-25.0,22.479065
1975-04-28,31.5,-25.0,22.55307
1975-04-29,31.5,-25.0,22.168365
1975-04-30,31.5,-25.0,21.257233
1975-05-01,31.5,-25.0,22.45224
1975-05-02,31.5,-25.0,21.36908
1975-05-03,31.5,-25.0,20.57663
1975-05-04,31.5,-25.0,21.277985
1975-05-05,31.5,-25.0,22.430725
1975-05-06,31.5,-25.0,22.586578
1975-05-07,31.5,-25.0,22.541168
1975-05-08,31.5,-25.0,21.059814
1975-05-09,31.5,-25.0,23.552307
1975-05-10,31.5,-25.0,23.065643
1975-05-11,31.5,-25.0,21.365112
1975-05-12,31.5,-25.0,22.022858
1975-05-13,31.5,-25.0,20.045837
1975-05-14,31.5,-25.0,17.014435
1975-05-15,31.5,-25.0,16.585358
1975-05-16,31.5,-25.0,15.9151
1975-05-17,31.5,-25.0,15.038544
1975-05-18,31.5,-25.0,15.039093
1975-05-19,31.5,-25.0,15.652405
1975-05-20,31.5,-25.0,17.10141
1975-05-21,31.5,-25.0,17.209686
1975-05-22,31.5,-25.0,17.631409
1975-05-23,31.5,-25.0,17.407806
1975-05-24,31.5,-25.0,19.054535
1975-05-25,31.5,-25.0,19.515106
1975-05-26,31.5,-25.0,19.855652
1975-05-27,31.5,-25.0,20.681274
1975-05-28,31.5,-25.0,20.735474
1975-05-29,31.5,-25.0,19.132935
1975-05-30,31.5,-25.0,18.378876
1975-05-31,31.5,-25.0,17.949646
1975-06-01,31.5,-25.0,18.09134
1975-06-02,31.5,-25.0,18.965027
1975-06-03,31.5,-25.0,18.922607
1975-06-04,31.5,-25.0,18.374176
1975-06-05,31.5,-25.0,16.378265
1975-06-06,31.5,-25.0,16.416534
1975-06-07,31.5,-25.0,16.184723
1975-06-08,31.5,-25.0,15.976013
1975-06-09,31.5,-25.0,15.641052
1975-06-10,31.5,-25.0,15.672943
1975-06-11,31.5,-25.0,16.98944
1975-06-12,31.5,-25.0,16.34494
1975-06-13,31.5,-25.0,15.486816
1975-06-14,31.5,-25.0,15.491425
1975-06-15,31.5,-25.0,13.976196
1975-06-16,31.5,-25.0,15.262268
1975-06-17,31.5,-25.0,15.397125
1975-06-18,31.5,-25.0,14.818085
1975-06-19,31.5,-25.0,15.515442
1975-06-20,31.5,-25.0,15.704346
1975-06-21,31.5,-25.0,16.060211
1975-06-22,31.5,-25.0,15.792114
1975-06-23,31.5,-25.0,16.406342
1975-06-24,31.5,-25.0,16.055573
1975-06-25,31.5,-25.0,16.207031
1975-06-26,31.5,-25.0,16.234467
1975-06-27,31.5,-25.0,16.23413
1975-06-28,31.5,-25.0,16.18808
1975-06-29,31.5,-25.0,16.77182
1975-06-30,31.5,-25.0,16.338257
1975-07-01,31.5,-25.0,16.669739
1975-07-02,31.5,-25.0,16.021942
1975-07-03,31.5,-25.0,15.418671
1975-07-04,31.5,-25.0,15.204559
1975-07-05,31.5,-25.0,15.999634
1975-07-06,31.5,-25.0,17.525879
1975-07-07,31.5,-25.0,18.563446
1975-07-08,31.5,-25.0,19.831177
1975-07-09,31.5,-25.0,14.168182
1975-07-10,31.5,-25.0,13.5972595
1975-07-11,31.5,-25.0,13.528351
1975-07-12,31.5,-25.0,14.616547
1975-07-13,31.5,-25.0,14.435333
1975-07-14,31.5,-25.0,15.833466
1975-07-15,31.5,-25.0,17.020264
1975-07-16,31.5,-25.0,17.788055
1975-07-17,31.5,-25.0,17.34613
1975-07-18,31.5,-25.0,17.256744
1975-07-19,31.5,-25.0,16.17685
1975-07-20,31.5,-25.0,17.598785
1975-07-21,31.5,-25.0,16.793884
1975-07-22,31.5,-25.0,16.892395
1975-07-23,31.5,-25.0,13.473053
1975-07-24,31.5,-25.0,11.290955
1975-07-25,31.5,-25.0,11.741791
1975-07-26,31.5,-25.0,15.187103
1975-07-27,31.5,-25.0,16.27945
1975-07-28,31.5,-25.0,16.678741
1975-07-29,31.5,-25.0,15.343445
1975-07-30,31.5,-25.0,15.518982
1975-07-31,31.5,-25.0,16.363312
1975-08-01,31.5,-25.0,17.532806
1975-08-02,31.5,-25.0,15.782684
1975-08-03,31.5,-25.0,14.08078
1975-08-04,31.5,-25.0,14.652344
1975-08-05,31.5,-25.0,15.5841675
1975-08-06,31.5,-25.0,16.787292
1975-08-07,31.5,-25.0,17.62497
1975-08-08,31.5,-25.0,16.010162
1975-08-09,31.5,-25.0,16.301147
1975-08-10,31.5,-25.0,17.788788
1975-08-11,31.5,-25.0,15.4305725
1975-08-12,31.5,-25.0,16.292084
1975-08-13,31.5,-25.0,18.016449
1975-08-14,31.5,-25.0,21.224823
1975-08-15,31.5,-25.0,16.976166
1975-08-16,31.5,-25.0,14.7022705
1975-08-17,31.5,-25.0,14.445892
1975-08-18,31.5,-25.0,16.613983
1975-08-19,31.5,-25.0,18.78302
1975-08-20,31.5,-25.0,19.897339
1975-08-21,31.5,-25.0,18.60257
1975-08-22,31.5,-25.0,20.287659
1975-08-23,31.5,-25.0,21.093658
1975-08-24,31.5,-25.0,21.645966
1975-08-25,31.5,-25.0,24.3013
1975-08-26,31.5,-25.0,18.750916
1975-08-27,31.5,-25.0,20.487
1975-08-28,31.5,-25.0,18.3638
1975-08-29,31.5,-25.0,15.864014
1975-08-30,31.5,-25.0,19.800415
1975-08-31,31.5,-25.0,20.654755
1975-09-01,31.5,-25.0,19.521667
1975-09-02,31.5,-25.0,18.271637
1975-09-03,31.5,-25.0,18.229248
1975-09-04,31.5,-25.0,20.025574
1975-09-05,31.5,-25.0,20.899414
1975-09-06,31.5,-25.0,19.727295
1975-09-07,31.5,-25.0,20.958557
1975-09-08,31.5,-25.0,19.576355
1975-09-09,31.5,-25.0,19.381683
1975-09-10,31.5,-25.0,19.554535
1975-09-11,31.5,-25.0,19.774323
1975-09-12,31.5,-25.0,23.250427
1975-09-13,31.5,-25.0,18.700043
1975-09-14,31.5,-25.0,18.898865
1975-09-15,31.5,-25.0,23.725403
1975-09-16,31.5,-25.0,21.375427
1975-09-17,31.5,-25.0,20.576721
1975-09-18,31.5,-25.0,22.163208
1975-09-19,31.5,-25.0,23.025177
1975-09-20,31.5,-25.0,21.032166
1975-09-21,31.5,-25.0,20.586914
1975-09-22,31.5,-25.0,22.904938
1975-09-23,31.5,-25.0,26.69168
1975-09-24,31.5,-25.0,22.8992
1975-09-25,31.5,-25.0,22.679169
1975-09-26,31.5,-25.0,23.83136
1975-09-27,31.5,-25.0,22.212738
1975-09-28,31.5,-25.0,22.165436
1975-09-29,31.5,-25.0,21.2406
1975-09-30,31.5,-25.0,22.37976
1975-10-01,31.5,-25.0,23.107452
1975-10-02,31.5,-25.0,26.347076
1975-10-03,31.5,-25.0,16.70642
1975-10-04,31.5,-25.0,16.416504
1975-10-05,31.5,-25.0,16.692352
1975-10-06,31.5,-25.0,18.244415
1975-10-07,31.5,-25.0,19.343964
1975-10-08,31.5,-25.0,22.378906
1975-10-09,31.5,-25.0,19.59848
1975-10-10,31.5,-25.0,19.054596
1975-10-11,31.5,-25.0,20.419891
1975-10-12,31.5,-25.0,25.465332
1975-10-13,31.5,-25.0,21.037079
1975-10-14,31.5,-25.0,24.200806
1975-10-15,31.5,-25.0,28.017303
1975-10-16,31.5,-25.0,25.87381
1975-10-17,31.5,-25.0,23.04831
1975-10-18,31.5,-25.0,26.389984
1975-10-19,31.5,-25.0,27.920868
1975-10-20,31.5,-25.0,28.12674
1975-10-21,31.5,-25.0,19.398468
1975-10-22,31.5,-25.0,15.733917
1975-10-23,31.5,-25.0,17.822418
1975-10-24,31.5,-25.0,22.960022
1975-10-25,31.5,-25.0,23.34793
1975-10-26,31.5,-25.0,18.904022
1975-10-27,31.5,-25.0,17.516296
1975-10-28,31.5,-25.0,17.537964
1975-10-29,31.5,-25.0,20.817291
1975-10-30,31.5,-25.0,23.150513
1975-10-31,31.5,-25.0,22.56894
1975-11-01,31.5,-25.0,23.74939
1975-11-02,31.5,-25.0,23.235077
1975-11-03,31.5,-25.0,27.17334
1975-11-04,31.5,-25.0,27.98944
1975-11-05,31.5,-25.0,26.90274
1975-11-06,31.5,-25.0,20.28122
1975-11-07,31.5,-25.0,23.68164
1975-11-08,31.5,-25.0,24.983215
1975-11-09,31.5,-25.0,27.26474
1975-11-10,31.5,-25.0,25.12732
1975-11-11,31.5,-25.0,20.309052
1975-11-12,31.5,-25.0,20.680145
1975-11-13,31.5,-25.0,26.539734
1975-11-14,31.5,-25.0,23.295898
1975-11-15,31.5,-25.0,17.301666
1975-11-16,31.5,-25.0,17.846985
1975-11-17,31.5,-25.0,19.154785
1975-11-18,31.5,-25.0,24.241394
1975-11-19,31.5,-25.0,24.012695
1975-11-20,31.5,-25.0,22.34668
1975-11-21,31.5,-25.0,25.73764
1975-11-22,31.5,-25.0,22.704681
1975-11-23,31.5,-25.0,23.262299
1975-11-24,31.5,-25.0,25.891113
1975-11-25,31.5,-25.0,27.393738
1975-11-26,31.5,-25.0,20.748444
1975-11-27,31.5,-25.0,24.231873
1975-11-28,31.5,-25.0,18.695007
1975-11-29,31.5,-25.0,23.04245
1975-11-30,31.5,-25.0,24.811127
1975-12-01,31.5,-25.0,21.817383
1975-12-02,31.5,-25.0,23.935944
1975-12-03,31.5,-25.0,20.072235
1975-12-04,31.5,-25.0,21.076782
1975-12-05,31.5,-25.0,26.003448
1975-12-06,31.5,-25.0,27.870972
1975-12-07,31.5,-25.0,28.376038
1975-12-08,31.5,-25.0,23.930664
1975-12-09,31.5,-25.0,25.603699
1975-12-10,31.5,-25.0,26.427002
1975-12-11,31.5,-25.0,25.025085
1975-12-12,31.5,-25.0,24.798096
1975-12-13,31.5,-25.0,22.916992
1975-12-14,31.5,-25.0,22.687714
1975-12-15,31.5,-25.0,24.969849
1975-12-16,31.5,-25.0,18.99762
1975-12-17,31.5,-25.0,21.412476
1975-12-18,31.5,-25.0,22.345581
1975-12-19,31.5,-25.0,23.028015
1975-12-20,31.5,-25.0,23.906555
1975-12-21,31.5,-25.0,24.985382
1975-12-22,31.5,-25.0,24.560364
1975-12-23,31.5,-25.0,25.263184
1975-12-24,31.5,-25.0,23.110199
1975-12-25,31.5,-25.0,22.00003
1975-12-26,31.5,-25.0,21.64209
1975-12-27,31.5,-25.0,20.70993
1975-12-28,31.5,-25.0,22.615875
1975-12-29,31.5,-25.0,25.997131
1975-12-30,31.5,-25.0,27.478119
1975-12-31,31.5,-25.0,24.929962
1976-01-01,31.5,-25.0,21.733246
1976-01-02,31.5,-25.0,22.469269
1976-01-03,31.5,-25.0,23.583252
1976-01-04,31.5,-25.0,25.109344
1976-01-05,31.5,-25.0,24.573608
1976-01-06,31.5,-25.0,25.281403
1976-01-07,31.5,-25.0,25.61969
1976-01-08,31.5,-25.0,22.390076
1976-01-09,31.5,-25.0,23.51184
1976-01-10,31.5,-25.0,24.73056
1976-01-11,31.5,-25.0,25.390747
1976-01-12,31.5,-25.0,24.875702
1976-01-13,31.5,-25.0,24.257782
1976-01-14,31.5,-25.0,25.615509
1976-01-15,31.5,-25.0,23.685822
1976-01-16,31.5,-25.0,22.912811
1976-01-17,31.5,-25.0,24.336426
1976-01-18,31.5,-25.0,24.948517
1976-01-19,31.5,-25.0,25.210083
1976-01-20,31.5,-25.0,25.13855
1976-01-21,31.5,-25.0,24.284424
1976-01-22,31.5,-25.0,26.242218
1976-01-23,31.5,-25.0,26.204926
1976-01-24,31.5,-25.0,24.848877
1976-01-25,31.5,-25.0,25.648407
1976-01-26,31.5,-25.0,25.989502
1976-01-27,31.5,-25.0,22.874054
1976-01-28,31.5,-25.0,19.533447
1976-01-29,31.5,-25.0,20.20694
1976-01-30,31.5,-25.0,21.326965
1976-01-31,31.5,-25.0,21.90802
1976-02-01,31.5,-25.0,22.67276
1976-02-02,31.5,-25.0,24.465454
1976-02-03,31.5,-25.0,24.530487
1976-02-04,31.5,-25.0,25.176422
1976-02-05,31.5,-25.0,26.486176
1976-02-06,31.5,-25.0,26.147064
1976-02-07,31.5,-25.0,24.972198
1976-02-08,31.5,-25.0,25.097229
1976-02-09,31.5,-25.0,26.083649
1976-02-10,31.5,-25.0,26.850555
1976-02-11,31.5,-25.0,21.60672
1976-02-12,31.5,-25.0,17.72113
1976-02-13,31.5,-25.0,19.959686
1976-02-14,31.5,-25.0,21.077301
1976-02-15,31.5,-25.0,21.846344
1976-02-16,31.5,-25.0,21.573975
1976-02-17,31.5,-25.0,21.536041
1976-02-18,31.5,-25.0,21.611328
1976-02-19,31.5,-25.0,23.151245
1976-02-20,31.5,-25.0,24.11203
1976-02-21,31.5,-25.0,24.542267
1976-02-22,31.5,-25.0,24.307953
1976-02-23,31.5,-25.0,23.602661
1976-02-24,31.5,-25.0,25.158203
1976-02-25,31.5,-25.0,20.97821
1976-02-26,31.5,-25.0,22.586609
1976-02-27,31.5,-25.0,23.459198
1976-02-28,31.5,-25.0,23.00592
1976-02-29,31.5,-25.0,22.736511
1976-03-01,31.5,-25.0,23.61441
1976-03-02,31.5,-25.0,25.293365
1976-03-03,31.5,-25.0,24.65622
1976-03-04,31.5,-25.0,24.50772
1976-03-05,31.5,-25.0,24.42102
1976-03-06,31.5,-25.0,24.991547
1976-03-07,31.5,-25.0,25.941315
1976-03-08,31.5,-25.0,25.597961
1976-03-09,31.5,-25.0,25.16507
1976-03-10,31.5,-25.0,25.867676
1976-03-11,31.5,-25.0,24.948975
1976-03-12,31.5,-25.0,24.912506
1976-03-13,31.5,-25.0,22.68866
1976-03-14,31.5,-25.0,22.270142
1976-03-15,31.5,-25.0,23.358124
1976-03-16,31.5,-25.0,23.89801
1976-03-17,31.5,-25.0,23.30719
1976-03-18,31.5,-25.0,23.335724
1976-03-19,31.5,-25.0,19.585144
1976-03-20,31.5,-25.0,17.606506
1976-03-21,31.5,-25.0,22.824158
1976-03-22,31.5,-25.0,20.036072
1976-03-23,31.5,-25.0,19.799347
1976-03-24,31.5,-25.0,21.036469
1976-03-25,31.5,-25.0,21.636993
1976-03-26,31.5,-25.0,21.245483
1976-03-27,31.5,-25.0,20.893677
1976-03-28,31.5,-25.0,22.257935
1976-03-29,31.5,-25.0,24.747803
1976-03-30,31.5,-25.0,24.113434
1976-03-31,31.5,-25.0,24.109924
1976-04-01,31.5,-25.0,23.733826
1976-04-02,31.5,-25.0,19.202118
1976-04-03,31.5,-25.0,16.882782
1976-04-04,31.5,-25.0,20.12442
1976-04-05,31.5,-25.0,20.191101
1976-04-06,31.5,-25.0,20.318115
1976-04-07,31.5,-25.0,20.545135
1976-04-08,31.5,-25.0,20.185486
1976-04-09,31.5,-25.0,22.06015
1976-04-10,31.5,-25.0,22.884491
1976-04-11,31.5,-25.0,23.937775
1976-04-12,31.5,-25.0,20.331268
1976-04-13,31.5,-25.0,21.71109
1976-04-14,31.5,-25.0,21.62622
1976-04-15,31.5,-25.0,20.894257
1976-04-16,31.5,-25.0,20.960602
1976-04-17,31.5,-25.0,23.324036
1976-04-18,31.5,-25.0,21.49234
1976-04-19,31.5,-25.0,20.948517
1976-04-20,31.5,-25.0,21.03357
1976-04-21,31.5,-25.0,21.497803
1976-04-22,31.5,-25.0,22.572418
1976-04-23,31.5,-25.0,21.701294
1976-04-24,31.5,-25.0,21.483002
1976-04-25,31.5,-25.0,21.730103
1976-04-26,31.5,-25.0,20.951172
1976-04-27,31.5,-25.0,20.734222
1976-04-28,31.5,-25.0,21.863678
1976-04-29,31.5,-25.0,21.868256
1976-04-30,31.5,-25.0,22.45102
1976-05-01,31.5,-25.0,22.642334
1976-05-02,31.5,-25.0,22.093903
1976-05-03,31.5,-25.0,18.21518
1976-05-04,31.5,-25.0,18.215912
1976-05-05,31.5,-25.0,17.81958
1976-05-06,31.5,-25.0,16.95282
1976-05-07,31.5,-25.0,16.387909
1976-05-08,31.5,-25.0,15.812439
1976-05-09,31.5,-25.0,15.779327
1976-05-10,31.5,-25.0,16.324158
1976-05-11,31.5,-25.0,17.290253
1976-05-12,31.5,-25.0,17.245056
1976-05-13,31.5,-25.0,17.657532
1976-05-14,31.5,-25.0,17.99881
1976-05-15,31.5,-25.0,17.46045
1976-05-16,31.5,-25.0,18.123169
1976-05-17,31.5,-25.0,17.565521
1976-05-18,31.5,-25.0,17.747498
1976-05-19,31.5,-25.0,17.93982
1976-05-20,31.5,-25.0,17.675537
1976-05-21,31.5,-25.0,18.444122
1976-05-22,31.5,-25.0,17.206573
1976-05-23,31.5,-25.0,16.850098
1976-05-24,31.5,-25.0,15.910248
1976-05-25,31.5,-25.0,16.510681
1976-05-26,31.5,-25.0,16.327942
1976-05-27,31.5,-25.0,16.933624
1976-05-28,31.5,-25.0,17.27121
1976-05-29,31.5,-25.0,16.416168
1976-05-30,31.5,-25.0,16.697968
1976-05-31,31.5,-25.0,16.594849
1976-06-01,31.5,-25.0,18.13504
1976-06-02,31.5,-25.0,19.31253
1976-06-03,31.5,-25.0,20.083374
1976-06-04,31.5,-25.0,19.666412
1976-06-05,31.5,-25.0,17.364777
1976-06-06,31.5,-25.0,19.102905
1976-06-07,31.5,-25.0,19.526611
1976-06-08,31.5,-25.0,19.23706
1976-06-09,31.5,-25.0,17.202332
1976-06-10,31.5,-25.0,16.352386
1976-06-11,31.5,-25.0,17.557922
1976-06-12,31.5,-25.0,17.301025
1976-06-13,31.5,-25.0,17.441132
1976-06-14,31.5,-25.0,16.882812
1976-06-15,31.5,-25.0,17.343506
1976-06-16,31.5,-25.0,18.74234
1976-06-17,31.5,-25.0,19.787048
1976-06-18,31.5,-25.0,20.154419
1976-06-19,31.5,-25.0,20.3414
1976-06-20,31.5,-25.0,15.9210205
1976-06-21,31.5,-25.0,12.562317
1976-06-22,31.5,-25.0,13.552887
1976-06-23,31.5,-25.0,13.057983
1976-06-24,31.5,-25.0,13.015015
1976-06-25,31.5,-25.0,13.688324
1976-06-26,31.5,-25.0,14.921143
1976-06-27,31.5,-25.0,15.535461
1976-06-28,31.5,-25.0,15.554626
1976-06-29,31.5,-25.0,16.981812
1976-06-30,31.5,-25.0,16.039642
1976-07-01,31.5,-25.0,15.294281
1976-07-02,31.5,-25.0,16.021301
1976-07-03,31.5,-25.0,15.180328
1976-07-04,31.5,-25.0,15.598999
1976-07-05,31.5,-25.0,15.478699
1976-07-06,31.5,-25.0,15.923157
1976-07-07,31.5,-25.0,17.234253
1976-07-08,31.5,-25.0,17.892975
1976-07-09,31.5,-25.0,17.003204
1976-07-10,31.5,-25.0,18.003113
1976-07-11,31.5,-25.0,15.432068
1976-07-12,31.5,-25.0,15.428772
1976-07-13,31.5,-25.0,14.678528
1976-07-14,31.5,-25.0,15.560699
1976-07-15,31.5,-25.0,17.238678
1976-07-16,31.5,-25.0,14.595398
1976-07-17,31.5,-25.0,13.532013
1976-07-18,31.5,-25.0,15.662445
1976-07-19,31.5,-25.0,15.982422
1976-07-20,31.5,-25.0,14.823517
1976-07-21,31.5,-25.0,16.149841
1976-07-22,31.5,-25.0,17.084656
1976-07-23,31.5,-25.0,17.15158
1976-07-24,31.5,-25.0,17.81836
1976-07-25,31.5,-25.0,19.0318
1976-07-26,31.5,-25.0,20.100342
1976-07-27,31.5,-25.0,17.585419
1976-07-28,31.5,-25.0,18.382599
1976-07-29,31.5,-25.0,15.63269
1976-07-30,31.5,-25.0,14.472809
1976-07-31,31.5,-25.0,16.300049
1976-08-01,31.5,-25.0,18.059296
1976-08-02,31.5,-25.0,13.6651
1976-08-03,31.5,-25.0,13.035309
1976-08-04,31.5,-25.0,13.834808
1976-08-05,31.5,-25.0,14.469055
1976-08-06,31.5,-25.0,16.680939
1976-08-07,31.5,-25.0,15.3003845
1976-08-08,31.5,-25.0,14.425507
1976-08-09,31.5,-25.0,15.574554
1976-08-10,31.5,-25.0,17.642426
1976-08-11,31.5,-25.0,19.644135
1976-08-12,31.5,-25.0,12.469849
1976-08-13,31.5,-25.0,13.849884
1976-08-14,31.5,-25.0,14.838226
1976-08-15,31.5,-25.0,16.680603
1976-08-16,31.5,-25.0,15.554596
1976-08-17,31.5,-25.0,18.781097
1976-08-18,31.5,-25.0,18.06018
1976-08-19,31.5,-25.0,17.464142
1976-08-20,31.5,-25.0,21.154083
1976-08-21,31.5,-25.0,18.20993
1976-08-22,31.5,-25.0,19.696442
1976-08-23,31.5,-25.0,21.957062
1976-08-24,31.5,-25.0,17.608368
1976-08-25,31.5,-25.0,18.883514
1976-08-26,31.5,-25.0,17.9581
1976-08-27,31.5,-25.0,17.909363
1976-08-28,31.5,-25.0,20.020874
1976-08-29,31.5,-25.0,20.585052
1976-08-30,31.5,-25.0,20.906464
1976-08-31,31.5,-25.0,18.904907
1976-09-01,31.5,-25.0,22.053497
1976-09-02,31.5,-25.0,17.115295
1976-09-03,31.5,-25.0,15.690369
1976-09-04,31.5,-25.0,19.52658
1976-09-05,31.5,-25.0,23.594421
1976-09-06,31.5,-25.0,19.348724
1976-09-07,31.5,-25.0,18.488037
1976-09-08,31.5,-25.0,18.806824
1976-09-09,31.5,-25.0,18.032928
1976-09-10,31.5,-25.0,20.120728
1976-09-11,31.5,-25.0,21.67331
1976-09-12,31.5,-25.0,21.408752
1976-09-13,31.5,-25.0,20.90094
1976-09-14,31.5,-25.0,21.203583
1976-09-15,31.5,-25.0,21.492493
1976-09-16,31.5,-25.0,22.655579
1976-09-17,31.5,-25.0,25.074951
1976-09-18,31.5,-25.0,26.013947
1976-09-19,31.5,-25.0,26.027191
1976-09-20,31.5,-25.0,26.53006
1976-09-21,31.5,-25.0,22.44873
1976-09-22,31.5,-25.0,23.135773
1976-09-23,31.5,-25.0,22.611359
1976-09-24,31.5,-25.0,21.717804
1976-09-25,31.5,-25.0,22.319244
1976-09-26,31.5,-25.0,22.88208
1976-09-27,31.5,-25.0,22.254333
1976-09-28,31.5,-25.0,19.960815
1976-09-29,31.5,-25.0,21.683533
1976-09-30,31.5,-25.0,25.54364
1976-10-01,31.5,-25.0,26.816986
1976-10-02,31.5,-25.0,20.741302
1976-10-03,31.5,-25.0,19.080597
1976-10-04,31.5,-25.0,21.231537
1976-10-05,31.5,-25.0,22.96753
1976-10-06,31.5,-25.0,22.532043
1976-10-07,31.5,-25.0,20.827026
1976-10-08,31.5,-25.0,20.445862
1976-10-09,31.5,-25.0,23.24237
1976-10-10,31.5,-25.0,25.935211
1976-10-11,31.5,-25.0,23.352692
1976-10-12,31.5,-25.0,23.373657
1976-10-13,31.5,-25.0,24.369629
1976-10-14,31.5,-25.0,28.100006
1976-10-15,31.5,-25.0,30.453857
1976-10-16,31.5,-25.0,24.646393
1976-10-17,31.5,-25.0,18.5112
1976-10-18,31.5,-25.0,16.388397
1976-10-19,31.5,-25.0,18.374786
1976-10-20,31.5,-25.0,20.328644
1976-10-21,31.5,-25.0,22.810516
1976-10-22,31.5,-25.0,22.415802
1976-10-23,31.5,-25.0,24.381653
1976-10-24,31.5,-25.0,21.727844
1976-10-25,31.5,-25.0,24.236847
1976-10-26,31.5,-25.0,25.569305
1976-10-27,31.5,-25.0,21.626556
1976-10-28,31.5,-25.0,22.836456
1976-10-29,31.5,-25.0,28.191376
1976-10-30,31.5,-25.0,21.766907
1976-10-31,31.5,-25.0,21.634125
1976-11-01,31.5,-25.0,21.665527
1976-11-02,31.5,-25.0,22.068756
1976-11-03,31.5,-25.0,24.092285
1976-11-04,31.5,-25.0,18.118164
1976-11-05,31.5,-25.0,18.711609
1976-11-06,31.5,-25.0,22.379913
1976-11-07,31.5,-25.0,23.36728
1976-11-08,31.5,-25.0,22.81601
1976-11-09,31.5,-25.0,22.443207
1976-11-10,31.5,-25.0,18.758026
1976-11-11,31.5,-25.0,24.590302
1976-11-12,31.5,-25.0,26.329437
1976-11-13,31.5,-25.0,28.261139
1976-11-14,31.5,-25.0,22.460052
1976-11-15,31.5,-25.0,24.16922
1976-11-16,31.5,-25.0,28.08548
1976-11-17,31.5,-25.0,30.520752
1976-11-18,31.5,-25.0,30.316376
1976-11-19,31.5,-25.0,29.861023
1976-11-20,31.5,-25.0,28.097351
1976-11-21,31.5,-25.0,30.19812
1976-11-22,31.5,-25.0,25.659454
1976-11-23,31.5,-25.0,30.632172
1976-11-24,31.5,-25.0,32.129364
1976-11-25,31.5,-25.0,23.087585
1976-11-26,31.5,-25.0,18.725372
1976-11-27,31.5,-25.0,23.950409
1976-11-28,31.5,-25.0,28.398773
1976-11-29,31.5,-25.0,24.407318
1976-11-30,31.5,-25.0,24.436707
1976-12-01,31.5,-25.0,28.066162
1976-12-02,31.5,-25.0,28.019012
1976-12-03,31.5,-25.0,29.13919
1976-12-04,31.5,-25.0,29.522797
1976-12-05,31.5,-25.0,25.080872
1976-12-06,31.5,-25.0,24.350616
1976-12-07,31.5,-25.0,27.291595
1976-12-08,31.5,-25.0,23.586823
1976-12-09,31.5,-25.0,25.966309
1976-12-10,31.5,-25.0,24.876862
1976-12-11,31.5,-25.0,23.904083
1976-12-12,31.5,-25.0,24.758453
1976-12-13,31.5,-25.0,26.076721
1976-12-14,31.5,-25.0,25.062378
1976-12-15,31.5,-25.0,25.675446
1976-12-16,31.5,-25.0,27.943298
1976-12-17,31.5,-25.0,28.35913
1976-12-18,31.5,-25.0,30.969513
1976-12-19,31.5,-25.0,27.94159
1976-12-20,31.5,-25.0,24.298462
1976-12-21,31.5,-25.0,25.286652
1976-12-22,31.5,-25.0,25.631622
1976-12-23,31.5,-25.0,23.827026
1976-12-24,31.5,-25.0,24.16043
1976-12-25,31.5,-25.0,26.571625
1976-12-26,31.5,-25.0,26.803589
1976-12-27,31.5,-25.0,28.26764
1976-12-28,31.5,-25.0,24.91211
1976-12-29,31.5,-25.0,26.934875
1976-12-30,31.5,-25.0,30.296783
1976-12-31,31.5,-25.0,27.331268
1977-01-01,31.5,-25.0,20.620392
1977-01-02,31.5,-25.0,22.85788
1977-01-03,31.5,-25.0,25.563599
1977-01-04,31.5,-25.0,26.806885
1977-01-05,31.5,-25.0,28.478668
1977-01-06,31.5,-25.0,29.883331
1977-01-07,31.5,-25.0,29.48816
1977-01-08,31.5,-25.0,30.506714
1977-01-09,31.5,-25.0,29.628845
1977-01-10,31.5,-25.0,28.55841
1977-01-11,31.5,-25.0,26.93747
1977-01-12,31.5,-25.0,26.902222
1977-01-13,31.5,-25.0,29.40805
1977-01-14,31.5,-25.0,31.605652
1977-01-15,31.5,-25.0,25.748993
1977-01-16,31.5,-25.0,23.635162
1977-01-17,31.5,-25.0,27.309113
1977-01-18,31.5,-25.0,29.796051
1977-01-19,31.5,-25.0,28.676392
1977-01-20,31.5,-25.0,24.71701
1977-01-21,31.5,-25.0,28.47937
1977-01-22,31.5,-25.0,30.327393
1977-01-23,31.5,-25.0,30.46994
1977-01-24,31.5,-25.0,31.110779
1977-01-25,31.5,-25.0,29.905914
1977-01-26,31.5,-25.0,25.554169
1977-01-27,31.5,-25.0,21.723694
1977-01-28,31.5,-25.0,23.054565
1977-01-29,31.5,-25.0,25.14743
1977-01-30,31.5,-25.0,23.964294
1977-01-31,31.5,-25.0,22.836426
1977-02-01,31.5,-25.0,24.828827
1977-02-02,31.5,-25.0,26.514221
1977-02-03,31.5,-25.0,25.855957
1977-02-04,31.5,-25.0,25.865479
1977-02-05,31.5,-25.0,23.441132
1977-02-06,31.5,-25.0,22.753906
1977-02-07,31.5,-25.0,23.528015
1977-02-08,31.5,-25.0,23.138489
1977-02-09,31.5,-25.0,23.395416
1977-02-10,31.5,-25.0,24.09961
1977-02-11,31.5,-25.0,24.167786
1977-02-12,31.5,-25.0,24.953186
1977-02-13,31.5,-25.0,25.824524
1977-02-14,31.5,-25.0,24.832397
1977-02-15,31.5,-25.0,22.701477
1977-02-16,31.5,-25.0,25.012604
1977-02-17,31.5,-25.0,26.380707
1977-02-18,31.5,-25.0,26.399963
1977-02-19,31.5,-25.0,26.136993
1977-02-20,31.5,-25.0,24.350037
1977-02-21,31.5,-25.0,25.233154
1977-02-22,31.5,-25.0,24.800842
1977-02-23,31.5,-25.0,24.361938
1977-02-24,31.5,-25.0,24.332947
1977-02-25,31.5,-25.0,23.328918
1977-02-26,31.5,-25.0,22.959045
1977-02-27,31.5,-25.0,23.161163
1977-02-28,31.5,-25.0,25.013184
1977-03-01,31.5,-25.0,25.215607
1977-03-02,31.5,-25.0,21.133636
1977-03-03,31.5,-25.0,21.503143
1977-03-04,31.5,-25.0,23.49939
1977-03-05,31.5,-25.0,24.41153
1977-03-06,31.5,-25.0,24.802551
1977-03-07,31.5,-25.0,22.079834
1977-03-08,31.5,-25.0,23.62146
1977-03-09,31.5,-25.0,24.855377
1977-03-10,31.5,-25.0,26.267029
1977-03-11,31.5,-25.0,19.40033
1977-03-12,31.5,-25.0,19.408081
1977-03-13,31.5,-25.0,20.850525
1977-03-14,31.5,-25.0,23.842255
1977-03-15,31.5,-25.0,20.142914
1977-03-16,31.5,-25.0,19.673676
1977-03-17,31.5,-25.0,21.725098
1977-03-18,31.5,-25.0,23.174988
1977-03-19,31.5,-25.0,23.219482
1977-03-20,31.5,-25.0,21.629364
1977-03-21,31.5,-25.0,20.281921
1977-03-22,31.5,-25.0,21.138153
1977-03-23,31.5,-25.0,21.850311
1977-03-24,31.5,-25.0,22.343689
1977-03-25,31.5,-25.0,24.441162
1977-03-26,31.5,-25.0,21.865845
1977-03-27,31.5,-25.0,21.157715
1977-03-28,31.5,-25.0,21.821991
1977-03-29,31.5,-25.0,22.224243
1977-03-30,31.5,-25.0,22.574188
1977-03-31,31.5,-25.0,23.308075
1977-04-01,31.5,-25.0,22.2294
1977-04-02,31.5,-25.0,22.775146
1977-04-03,31.5,-25.0,23.373535
1977-04-04,31.5,-25.0,23.2417
1977-04-05,31.5,-25.0,23.385101
1977-04-06,31.5,-25.0,23.648865
1977-04-07,31.5,-25.0,22.99057
1977-04-08,31.5,-25.0,22.824982
1977-04-09,31.5,-25.0,22.227875
1977-04-10,31.5,-25.0,22.26654
1977-04-11,31.5,-25.0,20.1669
1977-04-12,31.5,-25.0,19.127655
1977-04-13,31.5,-25.0,18.811676
1977-04-14,31.5,-25.0,19.721863
1977-04-15,31.5,-25.0,20.932281
1977-04-16,31.5,-25.0,20.70758
1977-04-17,31.5,-25.0,22.24356
1977-04-18,31.5,-25.0,23.642426
1977-04-19,31.5,-25.0,25.652954
1977-04-20,31.5,-25.0,26.428833
1977-04-21,31.5,-25.0,23.765533
1977-04-22,31.5,-25.0,23.861633
1977-04-23,31.5,-25.0,23.838959
1977-04-24,31.5,-25.0,23.879456
1977-04-25,31.5,-25.0,21.655792
1977-04-26,31.5,-25.0,22.172302
1977-04-27,31.5,-25.0,21.765747
1977-04-28,31.5,-25.0,21.480408
1977-04-29,31.5,-25.0,20.695343
1977-04-30,31.5,-25.0,20.790436
1977-05-01,31.5,-25.0,21.301971
1977-05-02,31.5,-25.0,21.993622
1977-05-03,31.5,-25.0,23.378235
1977-05-04,31.5,-25.0,20.734436
1977-05-05,31.5,-25.0,20.358704
1977-05-06,31.5,-25.0,21.553467
1977-05-07,31.5,-25.0,21.736053
1977-05-08,31.5,-25.0,21.391235
1977-05-09,31.5,-25.0,21.515442
1977-05-10,31.5,-25.0,22.854126
1977-05-11,31.5,-25.0,21.614288
1977-05-12,31.5,-25.0,23.743011
1977-05-13,31.5,-25.0,21.763885
1977-05-14,31.5,-25.0,20.438354
1977-05-15,31.5,-25.0,17.407745
1977-05-16,31.5,-25.0,18.282288
1977-05-17,31.5,-25.0,18.59793
1977-05-18,31.5,-25.0,19.516602
1977-05-19,31.5,-25.0,20.135895
1977-05-20,31.5,-25.0,18.387756
1977-05-21,31.5,-25.0,20.469788
1977-05-22,31.5,-25.0,22.012726
1977-05-23,31.5,-25.0,17.446747
1977-05-24,31.5,-25.0,15.974335
1977-05-25,31.5,-25.0,16.687286
1977-05-26,31.5,-25.0,15.961639
1977-05-27,31.5,-25.0,16.477478
1977-05-28,31.5,-25.0,17.510193
1977-05-29,31.5,-25.0,17.03769
1977-05-30,31.5,-25.0,17.984955
1977-05-31,31.5,-25.0,19.838165
1977-06-01,31.5,-25.0,18.654083
1977-06-02,31.5,-25.0,17.243439
1977-06-03,31.5,-25.0,18.994629
1977-06-04,31.5,-25.0,20.79187
1977-06-05,31.5,-25.0,18.47284
1977-06-06,31.5,-25.0,18.936005
1977-06-07,31.5,-25.0,19.39798
1977-06-08,31.5,-25.0,18.179352
1977-06-09,31.5,-25.0,18.255646
1977-06-10,31.5,-25.0,18.300781
1977-06-11,31.5,-25.0,19.228851
1977-06-12,31.5,-25.0,18.142365
1977-06-13,31.5,-25.0,16.618591
1977-06-14,31.5,-25.0,16.502441
1977-06-15,31.5,-25.0,15.859375
1977-06-16,31.5,-25.0,15.540863
1977-06-17,31.5,-25.0,15.871033
1977-06-18,31.5,-25.0,15.810486
1977-06-19,31.5,-25.0,15.792023
1977-06-20,31.5,-25.0,17.477173
1977-06-21,31.5,-25.0,17.876251
1977-06-22,31.5,-25.0,18.537231
1977-06-23,31.5,-25.0,18.092682
1977-06-24,31.5,-25.0,17.604187
1977-06-25,31.5,-25.0,18.658813
1977-06-26,31.5,-25.0,18.025574
1977-06-27,31.5,-25.0,16.70462
1977-06-28,31.5,-25.0,16.394196
1977-06-29,31.5,-25.0,18.176544
1977-06-30,31.5,-25.0,18.900146
1977-07-01,31.5,-25.0,16.247162
1977-07-02,31.5,-25.0,14.631073
1977-07-03,31.5,-25.0,13.157135
1977-07-04,31.5,-25.0,12.391998
1977-07-05,31.5,-25.0,14.116364
1977-07-06,31.5,-25.0,17.051147
1977-07-07,31.5,-25.0,15.898682
1977-07-08,31.5,-25.0,14.683014
1977-07-09,31.5,-25.0,16.391907
1977-07-10,31.5,-25.0,16.463806
1977-07-11,31.5,-25.0,15.929352
1977-07-12,31.5,-25.0,17.506348
1977-07-13,31.5,-25.0,16.645508
1977-07-14,31.5,-25.0,15.996246
1977-07-15,31.5,-25.0,16.624908
1977-07-16,31.5,-25.0,14.890411
1977-07-17,31.5,-25.0,15.436615
1977-07-18,31.5,-25.0,14.717041
1977-07-19,31.5,-25.0,15.700531
1977-07-20,31.5,-25.0,16.233093
1977-07-21,31.5,-25.0,16.490387
1977-07-22,31.5,-25.0,15.955048
1977-07-23,31.5,-25.0,16.806793
1977-07-24,31.5,-25.0,17.563843
1977-07-25,31.5,-25.0,16.564728
1977-07-26,31.5,-25.0,18.493835
1977-07-27,31.5,-25.0,18.215881
1977-07-28,31.5,-25.0,17.41092
1977-07-29,31.5,-25.0,19.323334
1977-07-30,31.5,-25.0,16.82248
1977-07-31,31.5,-25.0,16.432404
1977-08-01,31.5,-25.0,17.280579
1977-08-02,31.5,-25.0,19.151459
1977-08-03,31.5,-25.0,21.458923
1977-08-04,31.5,-25.0,17.382935
1977-08-05,31.5,-25.0,16.182068
1977-08-06,31.5,-25.0,16.74408
1977-08-07,31.5,-25.0,16.891113
1977-08-08,31.5,-25.0,15.536835
1977-08-09,31.5,-25.0,16.29358
1977-08-10,31.5,-25.0,17.3638
1977-08-11,31.5,-25.0,15.857971
1977-08-12,31.5,-25.0,14.149536
1977-08-13,31.5,-25.0,14.811066
1977-08-14,31.5,-25.0,15.584503
1977-08-15,31.5,-25.0,17.910553
1977-08-16,31.5,-25.0,20.846558
1977-08-17,31.5,-25.0,23.787842
1977-08-18,31.5,-25.0,23.44168
1977-08-19,31.5,-25.0,24.455078
1977-08-20,31.5,-25.0,25.03299
1977-08-21,31.5,-25.0,25.036652
1977-08-22,31.5,-25.0,17.579803
1977-08-23,31.5,-25.0,14.11026
1977-08-24,31.5,-25.0,12.676483
1977-08-25,31.5,-25.0,15.163269
1977-08-26,31.5,-25.0,17.407562
1977-08-27,31.5,-25.0,20.598907
1977-08-28,31.5,-25.0,20.46518
1977-08-29,31.5,-25.0,18.322906
1977-08-30,31.5,-25.0,19.984344
1977-08-31,31.5,-25.0,20.23465
1977-09-01,31.5,-25.0,22.152863
1977-09-02,31.5,-25.0,22.329254
1977-09-03,31.5,-25.0,20.465149
1977-09-04,31.5,-25.0,22.050232
1977-09-05,31.5,-25.0,20.485016
1977-09-06,31.5,-25.0,19.937561
1977-09-07,31.5,-25.0,21.613892
1977-09-08,31.5,-25.0,25.47586
1977-09-09,31.5,-25.0,28.262909
1977-09-10,31.5,-25.0,21.4169
1977-09-11,31.5,-25.0,18.198914
1977-09-12,31.5,-25.0,17.888275
1977-09-13,31.5,-25.0,20.723053
1977-09-14,31.5,-25.0,24.96045
1977-09-15,31.5,-25.0,26.30774
1977-09-16,31.5,-25.0,21.946625
1977-09-17,31.5,-25.0,22.451385
1977-09-18,31.5,-25.0,23.864227
1977-09-19,31.5,-25.0,24.249725
1977-09-20,31.5,-25.0,23.921173
1977-09-21,31.5,-25.0,24.077545
1977-09-22,31.5,-25.0,23.821777
1977-09-23,31.5,-25.0,22.738983
1977-09-24,31.5,-25.0,19.414764
1977-09-25,31.5,-25.0,18.739288
1977-09-26,31.5,-25.0,20.99826
1977-09-27,31.5,-25.0,17.31195
1977-09-28,31.5,-25.0,15.4314575
1977-09-29,31.5,-25.0,17.598724
1977-09-30,31.5,-25.0,20.151703
1977-10-01,31.5,-25.0,19.115387
1977-10-02,31.5,-25.0,21.605042
1977-10-03,31.5,-25.0,23.01007
1977-10-04,31.5,-25.0,23.059387
1977-10-05,31.5,-25.0,21.667114
1977-10-06,31.5,-25.0,23.766296
1977-10-07,31.5,-25.0,26.58258
1977-10-08,31.5,-25.0,21.383728
1977-10-09,31.5,-25.0,23.887756
1977-10-10,31.5,-25.0,24.854462
1977-10-11,31.5,-25.0,25.278625
1977-10-12,31.5,-25.0,24.15982
1977-10-13,31.5,-25.0,26.413513
1977-10-14,31.5,-25.0,18.701874
1977-10-15,31.5,-25.0,17.660004
1977-10-16,31.5,-25.0,21.398682
1977-10-17,31.5,-25.0,23.549164
1977-10-18,31.5,-25.0,26.358887
1977-10-19,31.5,-25.0,23.077118
1977-10-20,31.5,-25.0,18.857086
1977-10-21,31.5,-25.0,20.840027
1977-10-22,31.5,-25.0,23.897003
1977-10-23,31.5,-25.0,20.046936
1977-10-24,31.5,-25.0,22.419464
1977-10-25,31.5,-25.0,21.251984
1977-10-26,31.5,-25.0,23.094513
1977-10-27,31.5,-25.0,27.061127
1977-10-28,31.5,-25.0,27.661499
1977-10-29,31.5,-25.0,26.960205
1977-10-30,31.5,-25.0,21.115997
1977-10-31,31.5,-25.0,20.927094
1977-11-01,31.5,-25.0,24.013672
1977-11-02,31.5,-25.0,23.048706
1977-11-03,31.5,-25.0,24.844513
1977-11-04,31.5,-25.0,23.854828
1977-11-05,31.5,-25.0,19.480652
1977-11-06,31.5,-25.0,22.122192
1977-11-07,31.5,-25.0,25.16681
1977-11-08,31.5,-25.0,26.601624
1977-11-09,31.5,-25.0,26.622192
1977-11-10,31.5,-25.0,20.571838
1977-11-11,31.5,-25.0,22.725647
1977-11-12,31.5,-25.0,21.990356
1977-11-13,31.5,-25.0,26.64563
1977-11-14,31.5,-25.0,25.843628
1977-11-15,31.5,-25.0,21.63556
1977-11-16,31.5,-25.0,23.768158
1977-11-17,31.5,-25.0,25.412079
1977-11-18,31.5,-25.0,26.634125
1977-11-19,31.5,-25.0,26.134125
1977-11-20,31.5,-25.0,19.547821
1977-11-21,31.5,-25.0,23.518951
1977-11-22,31.5,-25.0,25.989685
1977-11-23,31.5,-25.0,22.318268
1977-11-24,31.5,-25.0,24.579926
1977-11-25,31.5,-25.0,25.812958
1977-11-26,31.5,-25.0,25.90628
1977-11-27,31.5,-25.0,27.170746
1977-11-28,31.5,-25.0,27.970276
1977-11-29,31.5,-25.0,23.47113
1977-11-30,31.5,-25.0,20.96933
1977-12-01,31.5,-25.0,21.420685
1977-12-02,31.5,-25.0,27.209442
1977-12-03,31.5,-25.0,26.022095
1977-12-04,31.5,-25.0,23.479431
1977-12-05,31.5,-25.0,23.89096
1977-12-06,31.5,-25.0,26.148926
1977-12-07,31.5,-25.0,27.29657
1977-12-08,31.5,-25.0,25.087982
1977-12-09,31.5,-25.0,26.451996
1977-12-10,31.5,-25.0,29.95285
1977-12-11,31.5,-25.0,31.451569
1977-12-12,31.5,-25.0,28.064056
1977-12-13,31.5,-25.0,26.752472
1977-12-14,31.5,-25.0,28.811707
1977-12-15,31.5,-25.0,20.375336
1977-12-16,31.5,-25.0,23.090363
1977-12-17,31.5,-25.0,26.719543
1977-12-18,31.5,-25.0,27.021088
1977-12-19,31.5,-25.0,29.42987
1977-12-20,31.5,-25.0,26.40857
1977-12-21,31.5,-25.0,28.150238
1977-12-22,31.5,-25.0,28.15332
1977-12-23,31.5,-25.0,26.021484
1977-12-24,31.5,-25.0,19.891602
1977-12-25,31.5,-25.0,20.64978
1977-12-26,31.5,-25.0,21.955109
1977-12-27,31.5,-25.0,24.273773
1977-12-28,31.5,-25.0,27.062317
1977-12-29,31.5,-25.0,27.570923
1977-12-30,31.5,-25.0,26.160675
1977-12-31,31.5,-25.0,24.275604
1978-01-01,31.5,-25.0,20.355042
1978-01-02,31.5,-25.0,20.47409
1978-01-03,31.5,-25.0,24.13382
1978-01-04,31.5,-25.0,23.730377
1978-01-05,31.5,-25.0,25.583344
1978-01-06,31.5,-25.0,23.584625
1978-01-07,31.5,-25.0,23.850494
1978-01-08,31.5,-25.0,22.52713
1978-01-09,31.5,-25.0,22.49466
1978-01-10,31.5,-25.0,24.507599
1978-01-11,31.5,-25.0,27.110931
1978-01-12,31.5,-25.0,22.891998
1978-01-13,31.5,-25.0,19.621307
1978-01-14,31.5,-25.0,20.995392
1978-01-15,31.5,-25.0,22.599731
1978-01-16,31.5,-25.0,23.151398
1978-01-17,31.5,-25.0,24.802826
1978-01-18,31.5,-25.0,26.69104
1978-01-19,31.5,-25.0,27.84665
1978-01-20,31.5,-25.0,25.234894
1978-01-21,31.5,-25.0,23.770935
1978-01-22,31.5,-25.0,23.36911
1978-01-23,31.5,-25.0,22.915283
1978-01-24,31.5,-25.0,24.44696
1978-01-25,31.5,-25.0,25.306885
1978-01-26,31.5,-25.0,26.662567
1978-01-27,31.5,-25.0,25.954803
1978-01-28,31.5,-25.0,23.954346
1978-01-29,31.5,-25.0,23.696655
1978-01-30,31.5,-25.0,24.743713
1978-01-31,31.5,-25.0,25.120422
1978-02-01,31.5,-25.0,24.395416
1978-02-02,31.5,-25.0,24.620148
1978-02-03,31.5,-25.0,25.738525
1978-02-04,31.5,-25.0,27.1792
1978-02-05,31.5,-25.0,28.54538
1978-02-06,31.5,-25.0,27.322601
1978-02-07,31.5,-25.0,27.579773
1978-02-08,31.5,-25.0,25.280914
1978-02-09,31.5,-25.0,25.52121
1978-02-10,31.5,-25.0,26.500214
1978-02-11,31.5,-25.0,25.093262
1978-02-12,31.5,-25.0,27.196625
1978-02-13,31.5,-25.0,26.66809
1978-02-14,31.5,-25.0,23.89447
1978-02-15,31.5,-25.0,26.91983
1978-02-16,31.5,-25.0,22.217194
1978-02-17,31.5,-25.0,20.813934
1978-02-18,31.5,-25.0,21.671387
1978-02-19,31.5,-25.0,23.605225
1978-02-20,31.5,-25.0,26.819519
1978-02-21,31.5,-25.0,25.587738
1978-02-22,31.5,-25.0,20.77887
1978-02-23,31.5,-25.0,20.914337
1978-02-24,31.5,-25.0,22.743408
1978-02-25,31.5,-25.0,22.480865
1978-02-26,31.5,-25.0,24.003113
1978-02-27,31.5,-25.0,24.345367
1978-02-28,31.5,-25.0,23.322845
1978-03-01,31.5,-25.0,23.503876
1978-03-02,31.5,-25.0,22.143097
1978-03-03,31.5,-25.0,23.891663
1978-03-04,31.5,-25.0,25.38269
1978-03-05,31.5,-25.0,23.306915
1978-03-06,31.5,-25.0,24.907104
1978-03-07,31.5,-25.0,25.2276
1978-03-08,31.5,-25.0,27.088226
1978-03-09,31.5,-25.0,22.953888
1978-03-10,31.5,-25.0,22.553436
1978-03-11,31.5,-25.0,23.54248
1978-03-12,31.5,-25.0,24.895294
1978-03-13,31.5,-25.0,24.650787
1978-03-14,31.5,-25.0,24.812714
1978-03-15,31.5,-25.0,23.647614
1978-03-16,31.5,-25.0,24.688324
1978-03-17,31.5,-25.0,24.702393
1978-03-18,31.5,-25.0,24.367462
1978-03-19,31.5,-25.0,24.282288
1978-03-20,31.5,-25.0,23.886597
1978-03-21,31.5,-25.0,24.236786
1978-03-22,31.5,-25.0,23.967163
1978-03-23,31.5,-25.0,24.113068
1978-03-24,31.5,-25.0,24.281982
1978-03-25,31.5,-25.0,24.182098
1978-03-26,31.5,-25.0,23.916718
1978-03-27,31.5,-25.0,23.244171
1978-03-28,31.5,-25.0,23.021545
1978-03-29,31.5,-25.0,23.492432
1978-03-30,31.5,-25.0,24.197083
1978-03-31,31.5,-25.0,25.620728
1978-04-01,31.5,-25.0,27.058197
1978-04-02,31.5,-25.0,24.238922
1978-04-03,31.5,-25.0,20.698334
1978-04-04,31.5,-25.0,21.214233
1978-04-05,31.5,-25.0,21.401062
1978-04-06,31.5,-25.0,21.574982
1978-04-07,31.5,-25.0,22.186615
1978-04-08,31.5,-25.0,23.348907
1978-04-09,31.5,-25.0,22.545563
1978-04-10,31.5,-25.0,23.24472
1978-04-11,31.5,-25.0,20.814392
1978-04-12,31.5,-25.0,19.876007
1978-04-13,31.5,-25.0,20.379333
1978-04-14,31.5,-25.0,19.749634
1978-04-15,31.5,-25.0,22.628601
1978-04-16,31.5,-25.0,22.318512
1978-04-17,31.5,-25.0,20.874176
1978-04-18,31.5,-25.0,21.095978
1978-04-19,31.5,-25.0,20.838074
1978-04-20,31.5,-25.0,20.565796
1978-04-21,31.5,-25.0,21.694397
1978-04-22,31.5,-25.0,22.771118
1978-04-23,31.5,-25.0,21.571594
1978-04-24,31.5,-25.0,20.754211
1978-04-25,31.5,-25.0,22.317627
1978-04-26,31.5,-25.0,18.888885
1978-04-27,31.5,-25.0,17.332
1978-04-28,31.5,-25.0,17.239105
1978-04-29,31.5,-25.0,18.169098
1978-04-30,31.5,-25.0,18.919891
1978-05-01,31.5,-25.0,20.87378
1978-05-02,31.5,-25.0,15.047211
1978-05-03,31.5,-25.0,17.522675
1978-05-04,31.5,-25.0,18.823517
1978-05-05,31.5,-25.0,19.107819
1978-05-06,31.5,-25.0,18.236298
1978-05-07,31.5,-25.0,20.587494
1978-05-08,31.5,-25.0,21.065857
1978-05-09,31.5,-25.0,21.876862
1978-05-10,31.5,-25.0,19.086334
1978-05-11,31.5,-25.0,20.333374
1978-05-12,31.5,-25.0,20.608185
1978-05-13,31.5,-25.0,20.831146
1978-05-14,31.5,-25.0,19.711609
1978-05-15,31.5,-25.0,19.14032
1978-05-16,31.5,-25.0,18.939667
1978-05-17,31.5,-25.0,19.628967
1978-05-18,31.5,-25.0,21.71878
1978-05-19,31.5,-25.0,21.59256
1978-05-20,31.5,-25.0,21.403717
1978-05-21,31.5,-25.0,21.129486
1978-05-22,31.5,-25.0,18.565918
1978-05-23,31.5,-25.0,16.646759
1978-05-24,31.5,-25.0,17.722504
1978-05-25,31.5,-25.0,19.949646
1978-05-26,31.5,-25.0,20.933838
1978-05-27,31.5,-25.0,20.025635
1978-05-28,31.5,-25.0,20.417053
1978-05-29,31.5,-25.0,21.59906
1978-05-30,31.5,-25.0,20.342255
1978-05-31,31.5,-25.0,21.751282
1978-06-01,31.5,-25.0,17.634918
1978-06-02,31.5,-25.0,15.608154
1978-06-03,31.5,-25.0,15.707184
1978-06-04,31.5,-25.0,16.592834
1978-06-05,31.5,-25.0,16.161102
1978-06-06,31.5,-25.0,17.263367
1978-06-07,31.5,-25.0,16.709076
1978-06-08,31.5,-25.0,15.915436
1978-06-09,31.5,-25.0,14.81723
1978-06-10,31.5,-25.0,15.518188
1978-06-11,31.5,-25.0,17.495117
1978-06-12,31.5,-25.0,18.72522
1978-06-13,31.5,-25.0,14.519257
1978-06-14,31.5,-25.0,13.382172
1978-06-15,31.5,-25.0,14.406555
1978-06-16,31.5,-25.0,14.80777
1978-06-17,31.5,-25.0,15.173706
1978-06-18,31.5,-25.0,16.475006
1978-06-19,31.5,-25.0,16.044617
1978-06-20,31.5,-25.0,15.133759
1978-06-21,31.5,-25.0,14.401337
1978-06-22,31.5,-25.0,15.349548
1978-06-23,31.5,-25.0,15.637726
1978-06-24,31.5,-25.0,14.771271
1978-06-25,31.5,-25.0,14.435944
1978-06-26,31.5,-25.0,14.099243
1978-06-27,31.5,-25.0,14.5408325
1978-06-28,31.5,-25.0,14.871368
1978-06-29,31.5,-25.0,15.04834
1978-06-30,31.5,-25.0,14.762695
1978-07-01,31.5,-25.0,14.913696
1978-07-02,31.5,-25.0,15.217712
1978-07-03,31.5,-25.0,14.807831
1978-07-04,31.5,-25.0,14.579102
1978-07-05,31.5,-25.0,15.594879
1978-07-06,31.5,-25.0,15.205048
1978-07-07,31.5,-25.0,15.131012
1978-07-08,31.5,-25.0,13.1008
1978-07-09,31.5,-25.0,14.4991455
1978-07-10,31.5,-25.0,13.999023
1978-07-11,31.5,-25.0,14.002472
1978-07-12,31.5,-25.0,16.784302
1978-07-13,31.5,-25.0,16.41388
1978-07-14,31.5,-25.0,14.680267
1978-07-15,31.5,-25.0,13.933777
1978-07-16,31.5,-25.0,15.882935
1978-07-17,31.5,-25.0,16.519653
1978-07-18,31.5,-25.0,16.888763
1978-07-19,31.5,-25.0,17.193024
1978-07-20,31.5,-25.0,17.699463
1978-07-21,31.5,-25.0,17.04007
1978-07-22,31.5,-25.0,17.024353
1978-07-23,31.5,-25.0,17.711304
1978-07-24,31.5,-25.0,18.098572
1978-07-25,31.5,-25.0,17.012787
1978-07-26,31.5,-25.0,18.130798
1978-07-27,31.5,-25.0,17.921356
1978-07-28,31.5,-25.0,18.973206
1978-07-29,31.5,-25.0,18.81549
1978-07-30,31.5,-25.0,21.107971
1978-07-31,31.5,-25.0,20.796783
1978-08-01,31.5,-25.0,17.758667
1978-08-02,31.5,-25.0,18.602905
1978-08-03,31.5,-25.0,21.887512
1978-08-04,31.5,-25.0,22.332031
1978-08-05,31.5,-25.0,18.81836
1978-08-06,31.5,-25.0,19.543427
1978-08-07,31.5,-25.0,20.582947
1978-08-08,31.5,-25.0,22.758148
1978-08-09,31.5,-25.0,18.462097
1978-08-10,31.5,-25.0,20.196625
1978-08-11,31.5,-25.0,21.488495
1978-08-12,31.5,-25.0,23.971313
1978-08-13,31.5,-25.0,20.744171
1978-08-14,31.5,-25.0,21.486115
1978-08-15,31.5,-25.0,23.986694
1978-08-16,31.5,-25.0,23.3779
1978-08-17,31.5,-25.0,23.915405
1978-08-18,31.5,-25.0,18.135529
1978-08-19,31.5,-25.0,20.122772
1978-08-20,31.5,-25.0,23.398651
1978-08-21,31.5,-25.0,17.900482
1978-08-22,31.5,-25.0,17.648834
1978-08-23,31.5,-25.0,19.707611
1978-08-24,31.5,-25.0,19.417114
1978-08-25,31.5,-25.0,19.614166
1978-08-26,31.5,-25.0,20.087769
1978-08-27,31.5,-25.0,21.90274
1978-08-28,31.5,-25.0,22.723633
1978-08-29,31.5,-25.0,21.258026
1978-08-30,31.5,-25.0,20.261078
1978-08-31,31.5,-25.0,24.533081
1978-09-01,31.5,-25.0,18.723694
1978-09-02,31.5,-25.0,20.306244
1978-09-03,31.5,-25.0,16.400513
1978-09-04,31.5,-25.0,16.514923
1978-09-05,31.5,-25.0,17.279724
1978-09-06,31.5,-25.0,18.161896
1978-09-07,31.5,-25.0,22.172577
1978-09-08,31.5,-25.0,22.779327
1978-09-09,31.5,-25.0,18.53125
1978-09-10,31.5,-25.0,17.594147
1978-09-11,31.5,-25.0,20.402557
1978-09-12,31.5,-25.0,20.268585
1978-09-13,31.5,-25.0,17.120575
1978-09-14,31.5,-25.0,17.93103
1978-09-15,31.5,-25.0,17.914734
1978-09-16,31.5,-25.0,19.89978
1978-09-17,31.5,-25.0,23.60736
1978-09-18,31.5,-25.0,22.16269
1978-09-19,31.5,-25.0,25.22882
1978-09-20,31.5,-25.0,25.964905
1978-09-21,31.5,-25.0,25.688385
1978-09-22,31.5,-25.0,23.795563
1978-09-23,31.5,-25.0,25.010345
1978-09-24,31.5,-25.0,21.531616
1978-09-25,31.5,-25.0,21.773315
1978-09-26,31.5,-25.0,22.142273
1978-09-27,31.5,-25.0,24.828247
1978-09-28,31.5,-25.0,28.3974
1978-09-29,31.5,-25.0,23.0401
1978-09-30,31.5,-25.0,24.83957
1978-10-01,31.5,-25.0,20.939056
1978-10-02,31.5,-25.0,23.066315
1978-10-03,31.5,-25.0,25.874512
1978-10-04,31.5,-25.0,26.50412
1978-10-05,31.5,-25.0,17.92157
1978-10-06,31.5,-25.0,21.072418
1978-10-07,31.5,-25.0,21.379242
1978-10-08,31.5,-25.0,22.464417
1978-10-09,31.5,-25.0,22.42691
1978-10-10,31.5,-25.0,22.503876
1978-10-11,31.5,-25.0,17.612122
1978-10-12,31.5,-25.0,18.406372
1978-10-13,31.5,-25.0,20.458282
1978-10-14,31.5,-25.0,25.183777
1978-10-15,31.5,-25.0,24.571747
1978-10-16,31.5,-25.0,20.513092
1978-10-17,31.5,-25.0,22.33664
1978-10-18,31.5,-25.0,23.484833
1978-10-19,31.5,-25.0,22.520996
1978-10-20,31.5,-25.0,20.209229
1978-10-21,31.5,-25.0,19.751923
1978-10-22,31.5,-25.0,22.12381
1978-10-23,31.5,-25.0,25.543762
1978-10-24,31.5,-25.0,18.334717
1978-10-25,31.5,-25.0,15.914459
1978-10-26,31.5,-25.0,18.048828
1978-10-27,31.5,-25.0,21.709167
1978-10-28,31.5,-25.0,21.96408
1978-10-29,31.5,-25.0,24.933868
1978-10-30,31.5,-25.0,23.638824
1978-10-31,31.5,-25.0,27.086548
1978-11-01,31.5,-25.0,27.563751
1978-11-02,31.5,-25.0,27.057495
1978-11-03,31.5,-25.0,17.831268
1978-11-04,31.5,-25.0,17.448547
1978-11-05,31.5,-25.0,20.491333
1978-11-06,31.5,-25.0,21.778992
1978-11-07,31.5,-25.0,23.401306
1978-11-08,31.5,-25.0,22.946411
1978-11-09,31.5,-25.0,22.779541
1978-11-10,31.5,-25.0,23.093445
1978-11-11,31.5,-25.0,25.76355
1978-11-12,31.5,-25.0,24.125214
1978-11-13,31.5,-25.0,21.123108
1978-11-14,31.5,-25.0,23.863708
1978-11-15,31.5,-25.0,18.162323
1978-11-16,31.5,-25.0,20.617706
1978-11-17,31.5,-25.0,23.511078
1978-11-18,31.5,-25.0,23.641632
1978-11-19,31.5,-25.0,20.713531
1978-11-20,31.5,-25.0,22.647522
1978-11-21,31.5,-25.0,23.663544
1978-11-22,31.5,-25.0,20.546844
1978-11-23,31.5,-25.0,25.134216
1978-11-24,31.5,-25.0,26.577759
1978-11-25,31.5,-25.0,26.989746
1978-11-26,31.5,-25.0,19.908112
1978-11-27,31.5,-25.0,20.68341
1978-11-28,31.5,-25.0,25.140778
1978-11-29,31.5,-25.0,24.649261
1978-11-30,31.5,-25.0,23.49408
1978-12-01,31.5,-25.0,23.714203
1978-12-02,31.5,-25.0,24.885925
1978-12-03,31.5,-25.0,26.590515
1978-12-04,31.5,-25.0,25.368835
1978-12-05,31.5,-25.0,25.050476
1978-12-06,31.5,-25.0,21.915222
1978-12-07,31.5,-25.0,25.11258
1978-12-08,31.5,-25.0,24.666534
1978-12-09,31.5,-25.0,23.050781
1978-12-10,31.5,-25.0,24.831207
1978-12-11,31.5,-25.0,23.477448
1978-12-12,31.5,-25.0,21.051239
1978-12-13,31.5,-25.0,20.717865
1978-12-14,31.5,-25.0,22.166992
1978-12-15,31.5,-25.0,21.939362
1978-12-16,31.5,-25.0,23.74945
1978-12-17,31.5,-25.0,23.135773
1978-12-18,31.5,-25.0,19.951141
1978-12-19,31.5,-25.0,22.143982
1978-12-20,31.5,-25.0,25.317291
1978-12-21,31.5,-25.0,27.788208
1978-12-22,31.5,-25.0,26.836365
1978-12-23,31.5,-25.0,26.3703
1978-12-24,31.5,-25.0,23.082336
1978-12-25,31.5,-25.0,21.21759
1978-12-26,31.5,-25.0,22.885895
1978-12-27,31.5,-25.0,25.921875
1978-12-28,31.5,-25.0,27.480316
1978-12-29,31.5,-25.0,26.51477
1978-12-30,31.5,-25.0,27.639679
1978-12-31,31.5,-25.0,27.945343
1979-01-01,31.5,-25.0,23.205963
1979-01-02,31.5,-25.0,26.777466
1979-01-03,31.5,-25.0,19.199402
1979-01-04,31.5,-25.0,18.93872
1979-01-05,31.5,-25.0,20.598907
1979-01-06,31.5,-25.0,24.12613
1979-01-07,31.5,-25.0,20.976654
1979-01-08,31.5,-25.0,19.82425
1979-01-09,31.5,-25.0,22.068787
1979-01-10,31.5,-25.0,25.812592
1979-01-11,31.5,-25.0,27.679443
1979-01-12,31.5,-25.0,27.529816
1979-01-13,31.5,-25.0,24.070648
1979-01-14,31.5,-25.0,25.94751
1979-01-15,31.5,-25.0,26.972076
1979-01-16,31.5,-25.0,28.68161
1979-01-17,31.5,-25.0,27.411621
1979-01-18,31.5,-25.0,26.3656
1979-01-19,31.5,-25.0,27.501862
1979-01-20,31.5,-25.0,27.880402
1979-01-21,31.5,-25.0,21.458435
1979-01-22,31.5,-25.0,20.29831
1979-01-23,31.5,-25.0,20.812134
1979-01-24,31.5,-25.0,21.32251
1979-01-25,31.5,-25.0,23.691895
1979-01-26,31.5,-25.0,26.546143
1979-01-27,31.5,-25.0,26.66272
1979-01-28,31.5,-25.0,26.84433
1979-01-29,31.5,-25.0,27.901642
1979-01-30,31.5,-25.0,24.303925
1979-01-31,31.5,-25.0,22.59851
1979-02-01,31.5,-25.0,22.729767
1979-02-02,31.5,-25.0,22.407898
1979-02-03,31.5,-25.0,22.563324
1979-02-04,31.5,-25.0,24.294342
1979-02-05,31.5,-25.0,26.099396
1979-02-06,31.5,-25.0,26.644562
1979-02-07,31.5,-25.0,27.480347
1979-02-08,31.5,-25.0,26.616486
1979-02-09,31.5,-25.0,26.913391
1979-02-10,31.5,-25.0,26.433441
1979-02-11,31.5,-25.0,26.412476
1979-02-12,31.5,-25.0,26.927277
1979-02-13,31.5,-25.0,26.528961
1979-02-14,31.5,-25.0,27.410797
1979-02-15,31.5,-25.0,28.25357
1979-02-16,31.5,-25.0,28.96991
1979-02-17,31.5,-25.0,27.443268
1979-02-18,31.5,-25.0,29.36206
1979-02-19,31.5,-25.0,24.272583
1979-02-20,31.5,-25.0,22.837097
1979-02-21,31.5,-25.0,24.568817
1979-02-22,31.5,-25.0,25.737976
1979-02-23,31.5,-25.0,26.05832
1979-02-24,31.5,-25.0,25.406982
1979-02-25,31.5,-25.0,25.458313
1979-02-26,31.5,-25.0,25.847778
1979-02-27,31.5,-25.0,26.080841
1979-02-28,31.5,-25.0,25.604431
1979-03-01,31.5,-25.0,24.824158
1979-03-02,31.5,-25.0,23.073944
1979-03-03,31.5,-25.0,22.627594
1979-03-04,31.5,-25.0,20.30426
1979-03-05,31.5,-25.0,21.327759
1979-03-06,31.5,-25.0,22.679077
1979-03-07,31.5,-25.0,23.492645
1979-03-08,31.5,-25.0,22.678131
1979-03-09,31.5,-25.0,23.655426
1979-03-10,31.5,-25.0,23.89798
1979-03-11,31.5,-25.0,23.492584
1979-03-12,31.5,-25.0,23.034302
1979-03-13,31.5,-25.0,23.553558
1979-03-14,31.5,-25.0,23.52594
1979-03-15,31.5,-25.0,24.20993
1979-03-16,31.5,-25.0,24.817963
1979-03-17,31.5,-25.0,26.064636
1979-03-18,31.5,-25.0,27.551239
1979-03-19,31.5,-25.0,28.740234
1979-03-20,31.5,-25.0,27.922699
1979-03-21,31.5,-25.0,28.524078
1979-03-22,31.5,-25.0,22.978027
1979-03-23,31.5,-25.0,23.474823
1979-03-24,31.5,-25.0,25.528992
1979-03-25,31.5,-25.0,25.16513
1979-03-26,31.5,-25.0,26.488739
1979-03-27,31.5,-25.0,27.810669
1979-03-28,31.5,-25.0,24.80603
1979-03-29,31.5,-25.0,21.96109
1979-03-30,31.5,-25.0,21.227661
1979-03-31,31.5,-25.0,21.34729
1979-04-01,31.5,-25.0,24.186188
1979-04-02,31.5,-25.0,23.916565
1979-04-03,31.5,-25.0,23.796448
1979-04-04,31.5,-25.0,23.729797
1979-04-05,31.5,-25.0,24.389954
1979-04-06,31.5,-25.0,23.640656
1979-04-07,31.5,-25.0,23.45575
1979-04-08,31.5,-25.0,24.103119
1979-04-09,31.5,-25.0,24.614227
1979-04-10,31.5,-25.0,24.225586
1979-04-11,31.5,-25.0,24.72873
1979-04-12,31.5,-25.0,24.384735
1979-04-13,31.5,-25.0,25.873352
1979-04-14,31.5,-25.0,24.758423
1979-04-15,31.5,-25.0,20.9375
1979-04-16,31.5,-25.0,21.525208
1979-04-17,31.5,-25.0,20.52008
1979-04-18,31.5,-25.0,21.628998
1979-04-19,31.5,-25.0,22.496124
1979-04-20,31.5,-25.0,22.302277
1979-04-21,31.5,-25.0,20.945679
1979-04-22,31.5,-25.0,21.12082
1979-04-23,31.5,-25.0,22.757996
1979-04-24,31.5,-25.0,23.50766
1979-04-25,31.5,-25.0,21.80545
1979-04-26,31.5,-25.0,23.304321
1979-04-27,31.5,-25.0,22.024567
1979-04-28,31.5,-25.0,23.018433
1979-04-29,31.5,-25.0,24.089691
1979-04-30,31.5,-25.0,25.019287
1979-05-01,31.5,-25.0,26.265656
1979-05-02,31.5,-25.0,26.238373
1979-05-03,31.5,-25.0,25.450287
1979-05-04,31.5,-25.0,24.536224
1979-05-05,31.5,-25.0,22.111023
1979-05-06,31.5,-25.0,22.917603
1979-05-07,31.5,-25.0,18.450989
1979-05-08,31.5,-25.0,13.937378
1979-05-09,31.5,-25.0,15.847443
1979-05-10,31.5,-25.0,17.139496
1979-05-11,31.5,-25.0,17.350494
1979-05-12,31.5,-25.0,17.506714
1979-05-13,31.5,-25.0,17.071472
1979-05-14,31.5,-25.0,17.214386
1979-05-15,31.5,-25.0,17.675262
1979-05-16,31.5,-25.0,18.343414
1979-05-17,31.5,-25.0,18.211731
1979-05-18,31.5,-25.0,19.074768
1979-05-19,31.5,-25.0,18.175262
1979-05-20,31.5,-25.0,19.531525
1979-05-21,31.5,-25.0,18.378998
1979-05-22,31.5,-25.0,19.042206
1979-05-23,31.5,-25.0,18.75998
1979-05-24,31.5,-25.0,19.15799
1979-05-25,31.5,-25.0,20.61621
1979-05-26,31.5,-25.0,19.271729
1979-05-27,31.5,-25.0,18.021667
1979-05-28,31.5,-25.0,17.647156
1979-05-29,31.5,-25.0,19.687256
1979-05-30,31.5,-25.0,20.983734
1979-05-31,31.5,-25.0,21.739227
1979-06-01,31.5,-25.0,19.707977
1979-06-02,31.5,-25.0,19.613586
1979-06-03,31.5,-25.0,18.65149
1979-06-04,31.5,-25.0,16.009155
1979-06-05,31.5,-25.0,17.412292
1979-06-06,31.5,-25.0,19.352478
1979-06-07,31.5,-25.0,19.213837
1979-06-08,31.5,-25.0,18.61023
1979-06-09,31.5,-25.0,20.989807
1979-06-10,31.5,-25.0,20.58255
1979-06-11,31.5,-25.0,19.675598
1979-06-12,31.5,-25.0,15.565033
1979-06-13,31.5,-25.0,13.186584
1979-06-14,31.5,-25.0,13.377075
1979-06-15,31.5,-25.0,14.034943
1979-06-16,31.5,-25.0,14.628723
1979-06-17,31.5,-25.0,15.090973
1979-06-18,31.5,-25.0,14.460205
1979-06-19,31.5,-25.0,14.726685
1979-06-20,31.5,-25.0,16.197357
1979-06-21,31.5,-25.0,15.379913
1979-06-22,31.5,-25.0,16.240234
1979-06-23,31.5,-25.0,16.69046
1979-06-24,31.5,-25.0,16.550903
1979-06-25,31.5,-25.0,16.652802
1979-06-26,31.5,-25.0,18.7471
1979-06-27,31.5,-25.0,14.872742
1979-06-28,31.5,-25.0,14.9935
1979-06-29,31.5,-25.0,15.719635
1979-06-30,31.5,-25.0,16.496246
1979-07-01,31.5,-25.0,16.34787
1979-07-02,31.5,-25.0,15.767822
1979-07-03,31.5,-25.0,15.034393
1979-07-04,31.5,-25.0,14.699402
1979-07-05,31.5,-25.0,13.747986
1979-07-06,31.5,-25.0,15.415924
1979-07-07,31.5,-25.0,16.527802
1979-07-08,31.5,-25.0,14.302124
1979-07-09,31.5,-25.0,14.755646
1979-07-10,31.5,-25.0,14.033508
1979-07-11,31.5,-25.0,13.162109
1979-07-12,31.5,-25.0,14.142456
1979-07-13,31.5,-25.0,15.2621155
1979-07-14,31.5,-25.0,17.475586
1979-07-15,31.5,-25.0,18.10492
1979-07-16,31.5,-25.0,17.170532
1979-07-17,31.5,-25.0,18.760254
1979-07-18,31.5,-25.0,17.95517
1979-07-19,31.5,-25.0,19.390167
1979-07-20,31.5,-25.0,18.960999
1979-07-21,31.5,-25.0,17.666107
1979-07-22,31.5,-25.0,15.520569
1979-07-23,31.5,-25.0,16.886719
1979-07-24,31.5,-25.0,13.14151
1979-07-25,31.5,-25.0,11.993469
1979-07-26,31.5,-25.0,11.603973
1979-07-27,31.5,-25.0,14.101135
1979-07-28,31.5,-25.0,15.897644
1979-07-29,31.5,-25.0,15.959839
1979-07-30,31.5,-25.0,14.905579
1979-07-31,31.5,-25.0,15.045441
1979-08-01,31.5,-25.0,15.456787
1979-08-02,31.5,-25.0,16.390472
1979-08-03,31.5,-25.0,16.871307
1979-08-04,31.5,-25.0,17.578491
1979-08-05,31.5,-25.0,19.833466
1979-08-06,31.5,-25.0,19.82074
1979-08-07,31.5,-25.0,20.339783
1979-08-08,31.5,-25.0,21.261963
1979-08-09,31.5,-25.0,17.505493
1979-08-10,31.5,-25.0,17.241943
1979-08-11,31.5,-25.0,18.49704
1979-08-12,31.5,-25.0,16.33606
1979-08-13,31.5,-25.0,16.902283
1979-08-14,31.5,-25.0,17.534363
1979-08-15,31.5,-25.0,17.715057
1979-08-16,31.5,-25.0,17.525543
1979-08-17,31.5,-25.0,17.065002
1979-08-18,31.5,-25.0,16.561249
1979-08-19,31.5,-25.0,17.62976
1979-08-20,31.5,-25.0,17.046844
1979-08-21,31.5,-25.0,19.075592
1979-08-22,31.5,-25.0,20.377502
1979-08-23,31.5,-25.0,20.199097
1979-08-24,31.5,-25.0,18.820404
1979-08-25,31.5,-25.0,20.298218
1979-08-26,31.5,-25.0,20.349487
1979-08-27,31.5,-25.0,20.698273
1979-08-28,31.5,-25.0,22.584595
1979-08-29,31.5,-25.0,20.082306
1979-08-30,31.5,-25.0,21.782654
1979-08-31,31.5,-25.0,23.304352
1979-09-01,31.5,-25.0,17.799194
1979-09-02,31.5,-25.0,17.094635
1979-09-03,31.5,-25.0,15.49173
1979-09-04,31.5,-25.0,15.722778
1979-09-05,31.5,-25.0,15.944916
1979-09-06,31.5,-25.0,16.711975
1979-09-07,31.5,-25.0,16.693298
1979-09-08,31.5,-25.0,15.095276
1979-09-09,31.5,-25.0,14.784241
1979-09-10,31.5,-25.0,16.742615
1979-09-11,31.5,-25.0,19.184052
1979-09-12,31.5,-25.0,21.732239
1979-09-13,31.5,-25.0,18.829865
1979-09-14,31.5,-25.0,18.997467
1979-09-15,31.5,-25.0,24.83551
1979-09-16,31.5,-25.0,22.158264
1979-09-17,31.5,-25.0,20.264893
1979-09-18,31.5,-25.0,20.6026
1979-09-19,31.5,-25.0,19.375977
1979-09-20,31.5,-25.0,20.702393
1979-09-21,31.5,-25.0,24.031708
1979-09-22,31.5,-25.0,25.175903
1979-09-23,31.5,-25.0,25.678131
1979-09-24,31.5,-25.0,19.954803
1979-09-25,31.5,-25.0,20.445099
1979-09-26,31.5,-25.0,23.32016
1979-09-27,31.5,-25.0,19.502594
1979-09-28,31.5,-25.0,23.220764
1979-09-29,31.5,-25.0,27.340546
1979-09-30,31.5,-25.0,24.196564
1979-10-01,31.5,-25.0,30.761017
1979-10-02,31.5,-25.0,29.4328
1979-10-03,31.5,-25.0,21.306519
1979-10-04,31.5,-25.0,24.60144
1979-10-05,31.5,-25.0,21.12741
1979-10-06,31.5,-25.0,20.314575
1979-10-07,31.5,-25.0,19.844727
1979-10-08,31.5,-25.0,23.598236
1979-10-09,31.5,-25.0,27.355957
1979-10-10,31.5,-25.0,24.794342
1979-10-11,31.5,-25.0,27.32669
1979-10-12,31.5,-25.0,20.66034
1979-10-13,31.5,-25.0,23.808044
1979-10-14,31.5,-25.0,23.565765
1979-10-15,31.5,-25.0,17.845184
1979-10-16,31.5,-25.0,17.114746
1979-10-17,31.5,-25.0,21.507843
1979-10-18,31.5,-25.0,26.604492
1979-10-19,31.5,-25.0,28.030426
1979-10-20,31.5,-25.0,25.82956
1979-10-21,31.5,-25.0,23.748993
1979-10-22,31.5,-25.0,22.06894
1979-10-23,31.5,-25.0,21.276428
1979-10-24,31.5,-25.0,23.046844
1979-10-25,31.5,-25.0,26.497803
1979-10-26,31.5,-25.0,24.523163
1979-10-27,31.5,-25.0,26.549133
1979-10-28,31.5,-25.0,20.46637
1979-10-29,31.5,-25.0,19.494629
1979-10-30,31.5,-25.0,20.301514
1979-10-31,31.5,-25.0,17.6315
1979-11-01,31.5,-25.0,22.484802
1979-11-02,31.5,-25.0,25.88971
1979-11-03,31.5,-25.0,26.58316
1979-11-04,31.5,-25.0,29.662659
1979-11-05,31.5,-25.0,28.226044
1979-11-06,31.5,-25.0,22.444397
1979-11-07,31.5,-25.0,26.560242
1979-11-08,31.5,-25.0,20.148193
1979-11-09,31.5,-25.0,17.233124
1979-11-10,31.5,-25.0,18.244995
1979-11-11,31.5,-25.0,20.304901
1979-11-12,31.5,-25.0,23.51007
1979-11-13,31.5,-25.0,25.55014
1979-11-14,31.5,-25.0,26.457275
1979-11-15,31.5,-25.0,23.226929
1979-11-16,31.5,-25.0,20.861603
1979-11-17,31.5,-25.0,22.698212
1979-11-18,31.5,-25.0,23.018799
1979-11-19,31.5,-25.0,23.48285
1979-11-20,31.5,-25.0,25.922028
1979-11-21,31.5,-25.0,24.575836
1979-11-22,31.5,-25.0,23.927704
1979-11-23,31.5,-25.0,24.804688
1979-11-24,31.5,-25.0,23.234924
1979-11-25,31.5,-25.0,19.952759
1979-11-26,31.5,-25.0,21.625885
1979-11-27,31.5,-25.0,24.134674
1979-11-28,31.5,-25.0,22.474548
1979-11-29,31.5,-25.0,26.513
1979-11-30,31.5,-25.0,28.8992
1979-12-01,31.5,-25.0,26.128632
1979-12-02,31.5,-25.0,25.088135
1979-12-03,31.5,-25.0,26.074799
1979-12-04,31.5,-25.0,20.161804
1979-12-05,31.5,-25.0,21.000763
1979-12-06,31.5,-25.0,22.242615
1979-12-07,31.5,-25.0,23.139893
1979-12-08,31.5,-25.0,25.989807
1979-12-09,31.5,-25.0,24.172638
1979-12-10,31.5,-25.0,22.136078
1979-12-11,31.5,-25.0,24.04184
1979-12-12,31.5,-25.0,23.452148
1979-12-13,31.5,-25.0,20.549469
1979-12-14,31.5,-25.0,20.846588
1979-12-15,31.5,-25.0,22.339691
1979-12-16,31.5,-25.0,24.239716
1979-12-17,31.5,-25.0,23.225067
1979-12-18,31.5,-25.0,23.608917
1979-12-19,31.5,-25.0,23.683746
1979-12-20,31.5,-25.0,25.215576
1979-12-21,31.5,-25.0,25.152496
1979-12-22,31.5,-25.0,26.835236
1979-12-23,31.5,-25.0,24.625214
1979-12-24,31.5,-25.0,26.265594
1979-12-25,31.5,-25.0,28.355621
1979-12-26,31.5,-25.0,22.118896
1979-12-27,31.5,-25.0,20.910034
1979-12-28,31.5,-25.0,22.72821
1979-12-29,31.5,-25.0,24.149323
1979-12-30,31.5,-25.0,28.884766
1979-12-31,31.5,-25.0,25.636902
1980-01-01,31.5,-25.0,29.648102
1980-01-02,31.5,-25.0,28.264557
1980-01-03,31.5,-25.0,29.975616
1980-01-04,31.5,-25.0,32.2547
1980-01-05,31.5,-25.0,29.704285
1980-01-06,31.5,-25.0,22.297882
1980-01-07,31.5,-25.0,20.517944
1980-01-08,31.5,-25.0,20.448517
1980-01-09,31.5,-25.0,21.777405
1980-01-10,31.5,-25.0,22.92987
1980-01-11,31.5,-25.0,23.771332
1980-01-12,31.5,-25.0,24.899658
1980-01-13,31.5,-25.0,26.416534
1980-01-14,31.5,-25.0,24.638184
1980-01-15,31.5,-25.0,25.41159
1980-01-16,31.5,-25.0,24.410645
1980-01-17,31.5,-25.0,24.885162
1980-01-18,31.5,-25.0,25.276215
1980-01-19,31.5,-25.0,24.91101
1980-01-20,31.5,-25.0,26.182617
1980-01-21,31.5,-25.0,26.7872
1980-01-22,31.5,-25.0,26.722046
1980-01-23,31.5,-25.0,22.957764
1980-01-24,31.5,-25.0,21.355072
1980-01-25,31.5,-25.0,23.544281
1980-01-26,31.5,-25.0,23.60141
1980-01-27,31.5,-25.0,23.427063
1980-01-28,31.5,-25.0,26.516937
1980-01-29,31.5,-25.0,25.045746
1980-01-30,31.5,-25.0,23.948883
1980-01-31,31.5,-25.0,25.113342
1980-02-01,31.5,-25.0,26.21936
1980-02-02,31.5,-25.0,25.847412
1980-02-03,31.5,-25.0,24.696625
1980-02-04,31.5,-25.0,24.264038
1980-02-05,31.5,-25.0,22.691254
1980-02-06,31.5,-25.0,24.610626
1980-02-07,31.5,-25.0,26.284729
1980-02-08,31.5,-25.0,27.4747
1980-02-09,31.5,-25.0,25.759857
1980-02-10,31.5,-25.0,24.06073
1980-02-11,31.5,-25.0,28.64383
1980-02-12,31.5,-25.0,23.207825
1980-02-13,31.5,-25.0,27.318512
1980-02-14,31.5,-25.0,24.96576
1980-02-15,31.5,-25.0,29.268402
1980-02-16,31.5,-25.0,26.048065
1980-02-17,31.5,-25.0,24.58606
1980-02-18,31.5,-25.0,25.089752
1980-02-19,31.5,-25.0,22.586609
1980-02-20,31.5,-25.0,21.632019
1980-02-21,31.5,-25.0,24.021454
1980-02-22,31.5,-25.0,24.59085
1980-02-23,31.5,-25.0,26.462097
1980-02-24,31.5,-25.0,26.641724
1980-02-25,31.5,-25.0,25.073914
1980-02-26,31.5,-25.0,24.87146
1980-02-27,31.5,-25.0,26.124207
1980-02-28,31.5,-25.0,24.400818
1980-02-29,31.5,-25.0,24.554749
1980-03-01,31.5,-25.0,25.123993
1980-03-02,31.5,-25.0,25.707092
1980-03-03,31.5,-25.0,25.074951
1980-03-04,31.5,-25.0,25.089233
1980-03-05,31.5,-25.0,24.634857
1980-03-06,31.5,-25.0,24.106567
1980-03-07,31.5,-25.0,24.825714
1980-03-08,31.5,-25.0,24.532684
1980-03-09,31.5,-25.0,24.732452
1980-03-10,31.5,-25.0,24.145203
1980-03-11,31.5,-25.0,24.131805
1980-03-12,31.5,-25.0,22.842194
1980-03-13,31.5,-25.0,22.395386
1980-03-14,31.5,-25.0,23.585388
1980-03-15,31.5,-25.0,24.769104
1980-03-16,31.5,-25.0,23.703918
1980-03-17,31.5,-25.0,25.821411
1980-03-18,31.5,-25.0,23.047028
1980-03-19,31.5,-25.0,23.01764
1980-03-20,31.5,-25.0,23.390656
1980-03-21,31.5,-25.0,23.260834
1980-03-22,31.5,-25.0,23.305573
1980-03-23,31.5,-25.0,22.908844
1980-03-24,31.5,-25.0,23.620972
1980-03-25,31.5,-25.0,23.902802
1980-03-26,31.5,-25.0,24.093018
1980-03-27,31.5,-25.0,24.810577
1980-03-28,31.5,-25.0,25.735779
1980-03-29,31.5,-25.0,24.721313
1980-03-30,31.5,-25.0,22.717468
1980-03-31,31.5,-25.0,23.278717
1980-04-01,31.5,-25.0,23.201843
1980-04-02,31.5,-25.0,23.338013
1980-04-03,31.5,-25.0,23.273285
1980-04-04,31.5,-25.0,25.414337
1980-04-05,31.5,-25.0,28.346802
1980-04-06,31.5,-25.0,26.704163
1980-04-07,31.5,-25.0,26.27063
1980-04-08,31.5,-25.0,23.401794
1980-04-09,31.5,-25.0,24.378937
1980-04-10,31.5,-25.0,24.563568
1980-04-11,31.5,-25.0,19.64151
1980-04-12,31.5,-25.0,19.439667
1980-04-13,31.5,-25.0,20.65152
1980-04-14,31.5,-25.0,23.10962
1980-04-15,31.5,-25.0,23.949768
1980-04-16,31.5,-25.0,25.798584
1980-04-17,31.5,-25.0,23.79837
1980-04-18,31.5,-25.0,19.7966
1980-04-19,31.5,-25.0,19.705048
1980-04-20,31.5,-25.0,18.619507
1980-04-21,31.5,-25.0,20.95102
1980-04-22,31.5,-25.0,21.817047
1980-04-23,31.5,-25.0,21.606323
1980-04-24,31.5,-25.0,20.699493
1980-04-25,31.5,-25.0,19.439972
1980-04-26,31.5,-25.0,20.09732
1980-04-27,31.5,-25.0,21.109314
1980-04-28,31.5,-25.0,20.362854
1980-04-29,31.5,-25.0,19.896881
1980-04-30,31.5,-25.0,19.986267
1980-05-01,31.5,-25.0,20.475769
1980-05-02,31.5,-25.0,20.983398
1980-05-03,31.5,-25.0,20.53415
1980-05-04,31.5,-25.0,21.33847
1980-05-05,31.5,-25.0,22.21289
1980-05-06,31.5,-25.0,23.86789
1980-05-07,31.5,-25.0,22.155792
1980-05-08,31.5,-25.0,20.19638
1980-05-09,31.5,-25.0,17.609894
1980-05-10,31.5,-25.0,17.253845
1980-05-11,31.5,-25.0,18.704102
1980-05-12,31.5,-25.0,19.548004
1980-05-13,31.5,-25.0,21.397095
1980-05-14,31.5,-25.0,22.020447
1980-05-15,31.5,-25.0,20.89264
1980-05-16,31.5,-25.0,21.16742
1980-05-17,31.5,-25.0,21.33191
1980-05-18,31.5,-25.0,19.145752
1980-05-19,31.5,-25.0,19.829376
1980-05-20,31.5,-25.0,19.661957
1980-05-21,31.5,-25.0,18.320282
1980-05-22,31.5,-25.0,16.101013
1980-05-23,31.5,-25.0,16.687378
1980-05-24,31.5,-25.0,18.490723
1980-05-25,31.5,-25.0,18.461792
1980-05-26,31.5,-25.0,19.393219
1980-05-27,31.5,-25.0,18.674072
1980-05-28,31.5,-25.0,15.638733
1980-05-29,31.5,-25.0,15.091919
1980-05-30,31.5,-25.0,16.782257
1980-05-31,31.5,-25.0,16.595093
1980-06-01,31.5,-25.0,15.2899475
1980-06-02,31.5,-25.0,16.90561
1980-06-03,31.5,-25.0,15.863434
1980-06-04,31.5,-25.0,16.556213
1980-06-05,31.5,-25.0,17.310303
1980-06-06,31.5,-25.0,16.746674
1980-06-07,31.5,-25.0,16.314026
1980-06-08,31.5,-25.0,17.220459
1980-06-09,31.5,-25.0,17.072754
1980-06-10,31.5,-25.0,16.881317
1980-06-11,31.5,-25.0,17.024872
1980-06-12,31.5,-25.0,16.138763
1980-06-13,31.5,-25.0,15.367767
1980-06-14,31.5,-25.0,16.799591
1980-06-15,31.5,-25.0,15.385468
1980-06-16,31.5,-25.0,16.437195
1980-06-17,31.5,-25.0,15.187408
1980-06-18,31.5,-25.0,13.774689
1980-06-19,31.5,-25.0,14.126587
1980-06-20,31.5,-25.0,14.206726
1980-06-21,31.5,-25.0,16.151764
1980-06-22,31.5,-25.0,15.818665
1980-06-23,31.5,-25.0,13.877869
1980-06-24,31.5,-25.0,14.586029
1980-06-25,31.5,-25.0,14.735931
1980-06-26,31.5,-25.0,16.572632
1980-06-27,31.5,-25.0,18.67395
1980-06-28,31.5,-25.0,18.330841
1980-06-29,31.5,-25.0,13.129486
1980-06-30,31.5,-25.0,11.736633
1980-07-01,31.5,-25.0,14.10376
1980-07-02,31.5,-25.0,13.602509
1980-07-03,31.5,-25.0,13.188873
1980-07-04,31.5,-25.0,13.061523
1980-07-05,31.5,-25.0,13.28183
1980-07-06,31.5,-25.0,13.703949
1980-07-07,31.5,-25.0,14.758514
1980-07-08,31.5,-25.0,15.156799
1980-07-09,31.5,-25.0,15.124725
1980-07-10,31.5,-25.0,13.321259
1980-07-11,31.5,-25.0,12.412048
1980-07-12,31.5,-25.0,14.346893
1980-07-13,31.5,-25.0,15.012146
1980-07-14,31.5,-25.0,15.211487
1980-07-15,31.5,-25.0,16.383698
1980-07-16,31.5,-25.0,16.601227
1980-07-17,31.5,-25.0,14.425232
1980-07-18,31.5,-25.0,14.375244
1980-07-19,31.5,-25.0,15.742371
1980-07-20,31.5,-25.0,15.798676
1980-07-21,31.5,-25.0,16.002441
1980-07-22,31.5,-25.0,17.245117
1980-07-23,31.5,-25.0,16.617432
1980-07-24,31.5,-25.0,16.834778
1980-07-25,31.5,-25.0,15.328949
1980-07-26,31.5,-25.0,15.782227
1980-07-27,31.5,-25.0,17.014862
1980-07-28,31.5,-25.0,16.16568
1980-07-29,31.5,-25.0,16.401031
1980-07-30,31.5,-25.0,18.26236
1980-07-31,31.5,-25.0,19.407867
1980-08-01,31.5,-25.0,19.646759
1980-08-02,31.5,-25.0,17.578735
1980-08-03,31.5,-25.0,17.797516
1980-08-04,31.5,-25.0,16.799286
1980-08-05,31.5,-25.0,17.005524
1980-08-06,31.5,-25.0,15.391724
1980-08-07,31.5,-25.0,15.726807
1980-08-08,31.5,-25.0,15.89386
1980-08-09,31.5,-25.0,16.631134
1980-08-10,31.5,-25.0,16.307953
1980-08-11,31.5,-25.0,16.052734
1980-08-12,31.5,-25.0,17.957184
1980-08-13,31.5,-25.0,20.937775
1980-08-14,31.5,-25.0,16.194366
1980-08-15,31.5,-25.0,14.273071
1980-08-16,31.5,-25.0,15.729095
1980-08-17,31.5,-25.0,16.736542
1980-08-18,31.5,-25.0,16.897308
1980-08-19,31.5,-25.0,17.761383
1980-08-20,31.5,-25.0,17.825867
1980-08-21,31.5,-25.0,18.488708
1980-08-22,31.5,-25.0,18.35669
1980-08-23,31.5,-25.0,19.794678
1980-08-24,31.5,-25.0,20.841583
1980-08-25,31.5,-25.0,19.114197
1980-08-26,31.5,-25.0,19.920013
1980-08-27,31.5,-25.0,19.735413
1980-08-28,31.5,-25.0,16.780304
1980-08-29,31.5,-25.0,17.157257
1980-08-30,31.5,-25.0,18.56903
1980-08-31,31.5,-25.0,19.05072
1980-09-01,31.5,-25.0,19.636658
1980-09-02,31.5,-25.0,21.555756
1980-09-03,31.5,-25.0,24.126373
1980-09-04,31.5,-25.0,21.560059
1980-09-05,31.5,-25.0,22.574432
1980-09-06,31.5,-25.0,22.922333
1980-09-07,31.5,-25.0,20.97409
1980-09-08,31.5,-25.0,18.949524
1980-09-09,31.5,-25.0,16.338654
1980-09-10,31.5,-25.0,16.9404
1980-09-11,31.5,-25.0,20.47049
1980-09-12,31.5,-25.0,20.02118
1980-09-13,31.5,-25.0,21.8526
1980-09-14,31.5,-25.0,18.325775
1980-09-15,31.5,-25.0,18.106781
1980-09-16,31.5,-25.0,21.559753
1980-09-17,31.5,-25.0,20.36847
1980-09-18,31.5,-25.0,22.709015
1980-09-19,31.5,-25.0,16.94217
1980-09-20,31.5,-25.0,17.860474
1980-09-21,31.5,-25.0,21.625763
1980-09-22,31.5,-25.0,19.184723
1980-09-23,31.5,-25.0,16.862946
1980-09-24,31.5,-25.0,16.447662
1980-09-25,31.5,-25.0,16.492035
1980-09-26,31.5,-25.0,17.843994
1980-09-27,31.5,-25.0,18.907654
1980-09-28,31.5,-25.0,20.760406
1980-09-29,31.5,-25.0,17.426697
1980-09-30,31.5,-25.0,17.191956
1980-10-01,31.5,-25.0,19.335022
1980-10-02,31.5,-25.0,24.177032
1980-10-03,31.5,-25.0,20.123016
1980-10-04,31.5,-25.0,18.792786
1980-10-05,31.5,-25.0,23.57193
1980-10-06,31.5,-25.0,24.285461
1980-10-07,31.5,-25.0,23.476501
1980-10-08,31.5,-25.0,21.069672
1980-10-09,31.5,-25.0,24.19223
1980-10-10,31.5,-25.0,21.088226
1980-10-11,31.5,-25.0,20.469696
1980-10-12,31.5,-25.0,21.689392
1980-10-13,31.5,-25.0,20.62909
1980-10-14,31.5,-25.0,23.033905
1980-10-15,31.5,-25.0,25.440613
1980-10-16,31.5,-25.0,25.516632
1980-10-17,31.5,-25.0,22.246063
1980-10-18,31.5,-25.0,19.841553
1980-10-19,31.5,-25.0,18.673523
1980-10-20,31.5,-25.0,19.334656
1980-10-21,31.5,-25.0,21.136902
1980-10-22,31.5,-25.0,24.58487
1980-10-23,31.5,-25.0,17.979523
1980-10-24,31.5,-25.0,18.315125
1980-10-25,31.5,-25.0,21.075195
1980-10-26,31.5,-25.0,21.85147
1980-10-27,31.5,-25.0,22.642395
1980-10-28,31.5,-25.0,24.246643
1980-10-29,31.5,-25.0,25.735321
1980-10-30,31.5,-25.0,19.418762
1980-10-31,31.5,-25.0,19.579437
1980-11-01,31.5,-25.0,20.555054
1980-11-02,31.5,-25.0,19.200287
1980-11-03,31.5,-25.0,19.799347
1980-11-04,31.5,-25.0,22.638184
1980-11-05,31.5,-25.0,25.613342
1980-11-06,31.5,-25.0,26.809814
1980-11-07,31.5,-25.0,25.407013
1980-11-08,31.5,-25.0,19.703125
1980-11-09,31.5,-25.0,20.618652
1980-11-10,31.5,-25.0,24.797668
1980-11-11,31.5,-25.0,26.642822
1980-11-12,31.5,-25.0,28.8732
1980-11-13,31.5,-25.0,27.425995
1980-11-14,31.5,-25.0,24.860718
1980-11-15,31.5,-25.0,20.120361
1980-11-16,31.5,-25.0,22.565582
1980-11-17,31.5,-25.0,26.720337
1980-11-18,31.5,-25.0,28.40326
1980-11-19,31.5,-25.0,28.921997
1980-11-20,31.5,-25.0,21.861755
1980-11-21,31.5,-25.0,19.406921
1980-11-22,31.5,-25.0,22.938904
1980-11-23,31.5,-25.0,22.230438
1980-11-24,31.5,-25.0,23.422607
1980-11-25,31.5,-25.0,21.562408
1980-11-26,31.5,-25.0,25.097595
1980-11-27,31.5,-25.0,24.773651
1980-11-28,31.5,-25.0,24.725372
1980-11-29,31.5,-25.0,24.52771
1980-11-30,31.5,-25.0,20.172058
1980-12-01,31.5,-25.0,23.135223
1980-12-02,31.5,-25.0,25.6922
1980-12-03,31.5,-25.0,23.509552
1980-12-04,31.5,-25.0,22.180939
1980-12-05,31.5,-25.0,21.604156
1980-12-06,31.5,-25.0,22.025146
1980-12-07,31.5,-25.0,23.960236
1980-12-08,31.5,-25.0,22.997223
1980-12-09,31.5,-25.0,23.560242
1980-12-10,31.5,-25.0,25.920105
1980-12-11,31.5,-25.0,26.43283
1980-12-12,31.5,-25.0,26.333862
1980-12-13,31.5,-25.0,23.884216
1980-12-14,31.5,-25.0,23.344238
1980-12-15,31.5,-25.0,22.864685
1980-12-16,31.5,-25.0,25.580933
1980-12-17,31.5,-25.0,25.217133
1980-12-18,31.5,-25.0,27.928955
1980-12-19,31.5,-25.0,22.265411
1980-12-20,31.5,-25.0,26.04898
1980-12-21,31.5,-25.0,28.107513
1980-12-22,31.5,-25.0,26.080627
1980-12-23,31.5,-25.0,27.765411
1980-12-24,31.5,-25.0,27.267242
1980-12-25,31.5,-25.0,25.360718
1980-12-26,31.5,-25.0,25.571442
1980-12-27,31.5,-25.0,25.636475
1980-12-28,31.5,-25.0,26.197418
1980-12-29,31.5,-25.0,25.12387
1980-12-30,31.5,-25.0,24.599182
1980-12-31,31.5,-25.0,25.68747
1981-01-01,31.5,-25.0,25.766998
1981-01-02,31.5,-25.0,27.019135
1981-01-03,31.5,-25.0,27.974396
1981-01-04,31.5,-25.0,29.87497
1981-01-05,31.5,-25.0,24.121277
1981-01-06,31.5,-25.0,24.456573
1981-01-07,31.5,-25.0,24.806244
1981-01-08,31.5,-25.0,26.737762
1981-01-09,31.5,-25.0,21.712616
1981-01-10,31.5,-25.0,22.408417
1981-01-11,31.5,-25.0,24.688446
1981-01-12,31.5,-25.0,27.45755
1981-01-13,31.5,-25.0,26.894257
1981-01-14,31.5,-25.0,26.763092
1981-01-15,31.5,-25.0,25.191345
1981-01-16,31.5,-25.0,26.507965
1981-01-17,31.5,-25.0,28.96521
1981-01-18,31.5,-25.0,24.199066
1981-01-19,31.5,-25.0,25.001556
1981-01-20,31.5,-25.0,27.548676
1981-01-21,31.5,-25.0,27.155975
1981-01-22,31.5,-25.0,25.824646
1981-01-23,31.5,-25.0,28.3544
1981-01-24,31.5,-25.0,27.702637
1981-01-25,31.5,-25.0,26.806305
1981-01-26,31.5,-25.0,26.838379
1981-01-27,31.5,-25.0,27.851593
1981-01-28,31.5,-25.0,25.687622
1981-01-29,31.5,-25.0,24.668
1981-01-30,31.5,-25.0,25.4234
1981-01-31,31.5,-25.0,23.003052
1981-02-01,31.5,-25.0,22.5849
1981-02-02,31.5,-25.0,22.951935
1981-02-03,31.5,-25.0,26.008484
1981-02-04,31.5,-25.0,26.765564
1981-02-05,31.5,-25.0,23.48465
1981-02-06,31.5,-25.0,20.92746
1981-02-07,31.5,-25.0,20.947968
1981-02-08,31.5,-25.0,20.964691
1981-02-09,31.5,-25.0,20.724518
1981-02-10,31.5,-25.0,22.850708
1981-02-11,31.5,-25.0,24.089478
1981-02-12,31.5,-25.0,24.091248
1981-02-13,31.5,-25.0,24.133636
1981-02-14,31.5,-25.0,23.765717
1981-02-15,31.5,-25.0,24.028778
1981-02-16,31.5,-25.0,24.916626
1981-02-17,31.5,-25.0,25.991364
1981-02-18,31.5,-25.0,25.592987
1981-02-19,31.5,-25.0,25.408936
1981-02-20,31.5,-25.0,25.746185
1981-02-21,31.5,-25.0,25.35675
1981-02-22,31.5,-25.0,22.827515
1981-02-23,31.5,-25.0,22.950775
1981-02-24,31.5,-25.0,23.3909
1981-02-25,31.5,-25.0,24.774933
1981-02-26,31.5,-25.0,26.077728
1981-02-27,31.5,-25.0,26.218872
1981-02-28,31.5,-25.0,26.112946
1981-03-01,31.5,-25.0,24.87085
1981-03-02,31.5,-25.0,26.91095
1981-03-03,31.5,-25.0,26.407867
1981-03-04,31.5,-25.0,19.71585
1981-03-05,31.5,-25.0,20.772339
1981-03-06,31.5,-25.0,20.154633
1981-03-07,31.5,-25.0,21.143188
1981-03-08,31.5,-25.0,23.673035
1981-03-09,31.5,-25.0,24.63684
1981-03-10,31.5,-25.0,22.61911
1981-03-11,31.5,-25.0,24.4003
1981-03-12,31.5,-25.0,25.60141
1981-03-13,31.5,-25.0,25.82727
1981-03-14,31.5,-25.0,24.882019
1981-03-15,31.5,-25.0,26.556
1981-03-16,31.5,-25.0,22.472443
1981-03-17,31.5,-25.0,21.816711
1981-03-18,31.5,-25.0,23.24054
1981-03-19,31.5,-25.0,24.3349
1981-03-20,31.5,-25.0,23.943909
1981-03-21,31.5,-25.0,24.148224
1981-03-22,31.5,-25.0,23.898468
1981-03-23,31.5,-25.0,24.476654
1981-03-24,31.5,-25.0,26.062866
1981-03-25,31.5,-25.0,26.53653
1981-03-26,31.5,-25.0,27.89328
1981-03-27,31.5,-25.0,21.025879
1981-03-28,31.5,-25.0,22.608337
1981-03-29,31.5,-25.0,22.288177
1981-03-30,31.5,-25.0,21.32547
1981-03-31,31.5,-25.0,20.560211
1981-04-01,31.5,-25.0,21.071838
1981-04-02,31.5,-25.0,21.015656
1981-04-03,31.5,-25.0,21.83606
1981-04-04,31.5,-25.0,22.269226
1981-04-05,31.5,-25.0,22.62799
1981-04-06,31.5,-25.0,22.42453
1981-04-07,31.5,-25.0,24.55597
1981-04-08,31.5,-25.0,22.760803
1981-04-09,31.5,-25.0,20.386444
1981-04-10,31.5,-25.0,20.552948
1981-04-11,31.5,-25.0,21.05246
1981-04-12,31.5,-25.0,22.139984
1981-04-13,31.5,-25.0,21.802216
1981-04-14,31.5,-25.0,22.079834
1981-04-15,31.5,-25.0,20.804413
1981-04-16,31.5,-25.0,22.375122
1981-04-17,31.5,-25.0,22.120514
1981-04-18,31.5,-25.0,20.978851
1981-04-19,31.5,-25.0,21.879883
1981-04-20,31.5,-25.0,22.685547
1981-04-21,31.5,-25.0,21.819733
1981-04-22,31.5,-25.0,21.09021
1981-04-23,31.5,-25.0,20.781158
1981-04-24,31.5,-25.0,22.89386
1981-04-25,31.5,-25.0,21.581879
1981-04-26,31.5,-25.0,23.423157
1981-04-27,31.5,-25.0,21.582031
1981-04-28,31.5,-25.0,19.803986
1981-04-29,31.5,-25.0,19.537323
1981-04-30,31.5,-25.0,17.604156
1981-05-01,31.5,-25.0,17.163788
1981-05-02,31.5,-25.0,18.910522
1981-05-03,31.5,-25.0,18.551544
1981-05-04,31.5,-25.0,17.932312
1981-05-05,31.5,-25.0,19.122711
1981-05-06,31.5,-25.0,19.646759
1981-05-07,31.5,-25.0,19.222229
1981-05-08,31.5,-25.0,17.88272
1981-05-09,31.5,-25.0,17.665436
1981-05-10,31.5,-25.0,18.303192
1981-05-11,31.5,-25.0,20.265839
1981-05-12,31.5,-25.0,22.018585
1981-05-13,31.5,-25.0,19.458893
1981-05-14,31.5,-25.0,19.043854
1981-05-15,31.5,-25.0,17.771729
1981-05-16,31.5,-25.0,18.891602
1981-05-17,31.5,-25.0,18.0159
1981-05-18,31.5,-25.0,17.782043
1981-05-19,31.5,-25.0,17.661499
1981-05-20,31.5,-25.0,17.661652
1981-05-21,31.5,-25.0,17.514069
1981-05-22,31.5,-25.0,17.75055
1981-05-23,31.5,-25.0,16.730164
1981-05-24,31.5,-25.0,15.928375
1981-05-25,31.5,-25.0,16.093292
1981-05-26,31.5,-25.0,18.014862
1981-05-27,31.5,-25.0,18.80478
1981-05-28,31.5,-25.0,17.70282
1981-05-29,31.5,-25.0,18.327362
1981-05-30,31.5,-25.0,19.082184
1981-05-31,31.5,-25.0,17.579773
1981-06-01,31.5,-25.0,16.858185
1981-06-02,31.5,-25.0,16.372223
1981-06-03,31.5,-25.0,18.414703
1981-06-04,31.5,-25.0,20.188568
1981-06-05,31.5,-25.0,16.879913
1981-06-06,31.5,-25.0,17.42041
1981-06-07,31.5,-25.0,15.592712
1981-06-08,31.5,-25.0,14.374664
1981-06-09,31.5,-25.0,12.4340515
1981-06-10,31.5,-25.0,13.0155945
1981-06-11,31.5,-25.0,13.777771
1981-06-12,31.5,-25.0,15.111023
1981-06-13,31.5,-25.0,14.954529
1981-06-14,31.5,-25.0,14.185638
1981-06-15,31.5,-25.0,15.982422
1981-06-16,31.5,-25.0,13.980621
1981-06-17,31.5,-25.0,12.450897
1981-06-18,31.5,-25.0,13.505341
1981-06-19,31.5,-25.0,13.9557495
1981-06-20,31.5,-25.0,14.7213745
1981-06-21,31.5,-25.0,15.680389
1981-06-22,31.5,-25.0,15.813446
1981-06-23,31.5,-25.0,15.9263
1981-06-24,31.5,-25.0,15.837189
1981-06-25,31.5,-25.0,16.823944
1981-06-26,31.5,-25.0,16.325714
1981-06-27,31.5,-25.0,17.48938
1981-06-28,31.5,-25.0,17.17923
1981-06-29,31.5,-25.0,16.827393
1981-06-30,31.5,-25.0,18.81137
1981-07-01,31.5,-25.0,16.908539
1981-07-02,31.5,-25.0,17.084564
1981-07-03,31.5,-25.0,15.728027
1981-07-04,31.5,-25.0,14.894287
1981-07-05,31.5,-25.0,15.807526
1981-07-06,31.5,-25.0,16.872894
1981-07-07,31.5,-25.0,17.683807
1981-07-08,31.5,-25.0,14.597443
1981-07-09,31.5,-25.0,13.390747
1981-07-10,31.5,-25.0,14.400574
1981-07-11,31.5,-25.0,17.320007
1981-07-12,31.5,-25.0,16.296265
1981-07-13,31.5,-25.0,20.343689
1981-07-14,31.5,-25.0,17.306732
1981-07-15,31.5,-25.0,16.353638
1981-07-16,31.5,-25.0,16.429688
1981-07-17,31.5,-25.0,18.984772
1981-07-18,31.5,-25.0,17.706543
1981-07-19,31.5,-25.0,18.626038
1981-07-20,31.5,-25.0,18.575684
1981-07-21,31.5,-25.0,16.249481
1981-07-22,31.5,-25.0,16.778778
1981-07-23,31.5,-25.0,17.474426
1981-07-24,31.5,-25.0,15.824768
1981-07-25,31.5,-25.0,15.0868225
1981-07-26,31.5,-25.0,14.473358
1981-07-27,31.5,-25.0,15.272614
1981-07-28,31.5,-25.0,16.494965
1981-07-29,31.5,-25.0,17.900177
1981-07-30,31.5,-25.0,17.707031
1981-07-31,31.5,-25.0,14.240906
1981-08-01,31.5,-25.0,15.58374
1981-08-02,31.5,-25.0,17.28125
1981-08-03,31.5,-25.0,19.534851
1981-08-04,31.5,-25.0,22.313751
1981-08-05,31.5,-25.0,16.922333
1981-08-06,31.5,-25.0,15.852539
1981-08-07,31.5,-25.0,17.075195
1981-08-08,31.5,-25.0,18.545502
1981-08-09,31.5,-25.0,17.950012
1981-08-10,31.5,-25.0,17.594757
1981-08-11,31.5,-25.0,19.505066
1981-08-12,31.5,-25.0,18.274841
1981-08-13,31.5,-25.0,18.347473
1981-08-14,31.5,-25.0,15.714447
1981-08-15,31.5,-25.0,14.001678
1981-08-16,31.5,-25.0,16.182892
1981-08-17,31.5,-25.0,15.744232
1981-08-18,31.5,-25.0,12.981262
1981-08-19,31.5,-25.0,12.864471
1981-08-20,31.5,-25.0,15.807037
1981-08-21,31.5,-25.0,15.672699
1981-08-22,31.5,-25.0,16.900482
1981-08-23,31.5,-25.0,16.59314
1981-08-24,31.5,-25.0,17.340973
1981-08-25,31.5,-25.0,19.675964
1981-08-26,31.5,-25.0,21.16983
1981-08-27,31.5,-25.0,23.073456
1981-08-28,31.5,-25.0,17.321533
1981-08-29,31.5,-25.0,15.176453
1981-08-30,31.5,-25.0,16.021637
1981-08-31,31.5,-25.0,16.522827
1981-09-01,31.5,-25.0,14.418854
1981-09-02,31.5,-25.0,13.46814
1981-09-03,31.5,-25.0,14.771149
1981-09-04,31.5,-25.0,15.767914
1981-09-05,31.5,-25.0,16.21283
1981-09-06,31.5,-25.0,16.93454
1981-09-07,31.5,-25.0,18.600769
1981-09-08,31.5,-25.0,21.96576
1981-09-09,31.5,-25.0,19.414642
1981-09-10,31.5,-25.0,14.179993
1981-09-11,31.5,-25.0,13.368866
1981-09-12,31.5,-25.0,15.039001
1981-09-13,31.5,-25.0,17.276428
1981-09-14,31.5,-25.0,20.964539
1981-09-15,31.5,-25.0,24.720612
1981-09-16,31.5,-25.0,25.50055
1981-09-17,31.5,-25.0,25.145996
1981-09-18,31.5,-25.0,20.385284
1981-09-19,31.5,-25.0,23.63919
1981-09-20,31.5,-25.0,20.701233
1981-09-21,31.5,-25.0,19.542023
1981-09-22,31.5,-25.0,20.21753
1981-09-23,31.5,-25.0,24.835907
1981-09-24,31.5,-25.0,19.770935
1981-09-25,31.5,-25.0,22.116425
1981-09-26,31.5,-25.0,26.499725
1981-09-27,31.5,-25.0,21.296356
1981-09-28,31.5,-25.0,19.980774
1981-09-29,31.5,-25.0,19.1586
1981-09-30,31.5,-25.0,17.98648
1981-10-01,31.5,-25.0,22.233948
1981-10-02,31.5,-25.0,24.07785
1981-10-03,31.5,-25.0,18.939484
1981-10-04,31.5,-25.0,14.977631
1981-10-05,31.5,-25.0,18.379822
1981-10-06,31.5,-25.0,18.193604
1981-10-07,31.5,-25.0,21.31662
1981-10-08,31.5,-25.0,19.684326
1981-10-09,31.5,-25.0,20.959473
1981-10-10,31.5,-25.0,18.627747
1981-10-11,31.5,-25.0,16.088654
1981-10-12,31.5,-25.0,16.964874
1981-10-13,31.5,-25.0,18.66333
1981-10-14,31.5,-25.0,21.276367
1981-10-15,31.5,-25.0,22.542145
1981-10-16,31.5,-25.0,24.470673
1981-10-17,31.5,-25.0,20.550385
1981-10-18,31.5,-25.0,17.267456
1981-10-19,31.5,-25.0,17.043854
1981-10-20,31.5,-25.0,17.772247
1981-10-21,31.5,-25.0,18.91507
1981-10-22,31.5,-25.0,22.020966
1981-10-23,31.5,-25.0,23.206207
1981-10-24,31.5,-25.0,16.263916
1981-10-25,31.5,-25.0,16.78183
1981-10-26,31.5,-25.0,17.568237
1981-10-27,31.5,-25.0,20.778442
1981-10-28,31.5,-25.0,20.482727
1981-10-29,31.5,-25.0,24.007751
1981-10-30,31.5,-25.0,19.454285
1981-10-31,31.5,-25.0,22.272614
1981-11-01,31.5,-25.0,23.805359
1981-11-02,31.5,-25.0,24.17746
1981-11-03,31.5,-25.0,26.634491
1981-11-04,31.5,-25.0,25.459412
1981-11-05,31.5,-25.0,29.153717
1981-11-06,31.5,-25.0,25.062988
1981-11-07,31.5,-25.0,24.631317
1981-11-08,31.5,-25.0,25.559784
1981-11-09,31.5,-25.0,20.731232
1981-11-10,31.5,-25.0,21.124603
1981-11-11,31.5,-25.0,24.483337
1981-11-12,31.5,-25.0,24.75644
1981-11-13,31.5,-25.0,25.158813
1981-11-14,31.5,-25.0,26.231476
1981-11-15,31.5,-25.0,28.01831
1981-11-16,31.5,-25.0,28.906036
1981-11-17,31.5,-25.0,28.789612
1981-11-18,31.5,-25.0,22.747711
1981-11-19,31.5,-25.0,25.60556
1981-11-20,31.5,-25.0,21.117828
1981-11-21,31.5,-25.0,24.176697
1981-11-22,31.5,-25.0,27.849213
1981-11-23,31.5,-25.0,23.942535
1981-11-24,31.5,-25.0,19.54898
1981-11-25,31.5,-25.0,20.533417
1981-11-26,31.5,-25.0,24.06662
1981-11-27,31.5,-25.0,23.315125
1981-11-28,31.5,-25.0,23.30075
1981-11-29,31.5,-25.0,26.262451
1981-11-30,31.5,-25.0,19.901733
1981-12-01,31.5,-25.0,19.98468
1981-12-02,31.5,-25.0,21.700378
1981-12-03,31.5,-25.0,21.098602
1981-12-04,31.5,-25.0,21.445892
1981-12-05,31.5,-25.0,21.645752
1981-12-06,31.5,-25.0,22.00589
1981-12-07,31.5,-25.0,24.629028
1981-12-08,31.5,-25.0,21.965607
1981-12-09,31.5,-25.0,19.220734
1981-12-10,31.5,-25.0,20.397675
1981-12-11,31.5,-25.0,22.130737
1981-12-12,31.5,-25.0,24.250397
1981-12-13,31.5,-25.0,25.686432
1981-12-14,31.5,-25.0,24.27243
1981-12-15,31.5,-25.0,27.318237
1981-12-16,31.5,-25.0,25.251709
1981-12-17,31.5,-25.0,25.658539
1981-12-18,31.5,-25.0,26.194
1981-12-19,31.5,-25.0,30.438263
1981-12-20,31.5,-25.0,30.947388
1981-12-21,31.5,-25.0,28.54718
1981-12-22,31.5,-25.0,25.878052
1981-12-23,31.5,-25.0,27.487244
1981-12-24,31.5,-25.0,28.789825
1981-12-25,31.5,-25.0,24.905823
1981-12-26,31.5,-25.0,23.40268
1981-12-27,31.5,-25.0,19.137451
1981-12-28,31.5,-25.0,22.855255
1981-12-29,31.5,-25.0,25.937683
1981-12-30,31.5,-25.0,27.060852
1981-12-31,31.5,-25.0,23.06662
1982-01-01,31.5,-25.0,27.284851
1982-01-02,31.5,-25.0,23.30362
1982-01-03,31.5,-25.0,23.062744
1982-01-04,31.5,-25.0,23.022675
1982-01-05,31.5,-25.0,24.850555
1982-01-06,31.5,-25.0,25.661163
1982-01-07,31.5,-25.0,26.632141
1982-01-08,31.5,-25.0,27.938812
1982-01-09,31.5,-25.0,25.353973
1982-01-10,31.5,-25.0,26.007416
1982-01-11,31.5,-25.0,27.32544
1982-01-12,31.5,-25.0,27.304138
1982-01-13,31.5,-25.0,26.746094
1982-01-14,31.5,-25.0,26.595673
1982-01-15,31.5,-25.0,29.496094
1982-01-16,31.5,-25.0,31.077545
1982-01-17,31.5,-25.0,24.373718
1982-01-18,31.5,-25.0,26.057861
1982-01-19,31.5,-25.0,27.685364
1982-01-20,31.5,-25.0,28.72229
1982-01-21,31.5,-25.0,29.636383
1982-01-22,31.5,-25.0,21.933563
1982-01-23,31.5,-25.0,22.342773
1982-01-24,31.5,-25.0,24.688538
1982-01-25,31.5,-25.0,25.19815
1982-01-26,31.5,-25.0,24.868744
1982-01-27,31.5,-25.0,23.501373
1982-01-28,31.5,-25.0,23.611877
1982-01-29,31.5,-25.0,23.858978
1982-01-30,31.5,-25.0,24.94278
1982-01-31,31.5,-25.0,24.872345
1982-02-01,31.5,-25.0,24.920807
1982-02-02,31.5,-25.0,26.142548
1982-02-03,31.5,-25.0,26.74414
1982-02-04,31.5,-25.0,27.77237
1982-02-05,31.5,-25.0,29.38324
1982-02-06,31.5,-25.0,26.89679
1982-02-07,31.5,-25.0,25.872528
1982-02-08,31.5,-25.0,27.416687
1982-02-09,31.5,-25.0,28.50064
1982-02-10,31.5,-25.0,30.363007
1982-02-11,31.5,-25.0,22.606354
1982-02-12,31.5,-25.0,23.388733
1982-02-13,31.5,-25.0,25.905365
1982-02-14,31.5,-25.0,25.023438
1982-02-15,31.5,-25.0,26.040894
1982-02-16,31.5,-25.0,27.668823
1982-02-17,31.5,-25.0,26.993744
1982-02-18,31.5,-25.0,25.788422
1982-02-19,31.5,-25.0,21.971222
1982-02-20,31.5,-25.0,21.094757
1982-02-21,31.5,-25.0,22.990448
1982-02-22,31.5,-25.0,24.916107
1982-02-23,31.5,-25.0,25.66983
1982-02-24,31.5,-25.0,25.40091
1982-02-25,31.5,-25.0,27.881897
1982-02-26,31.5,-25.0,26.341278
1982-02-27,31.5,-25.0,25.890472
1982-02-28,31.5,-25.0,25.595398
1982-03-01,31.5,-25.0,26.729279
1982-03-02,31.5,-25.0,27.171906
1982-03-03,31.5,-25.0,27.439453
1982-03-04,31.5,-25.0,23.967285
1982-03-05,31.5,-25.0,21.270416
1982-03-06,31.5,-25.0,21.332275
1982-03-07,31.5,-25.0,22.842682
1982-03-08,31.5,-25.0,23.610138
1982-03-09,31.5,-25.0,24.05774
1982-03-10,31.5,-25.0,24.276154
1982-03-11,31.5,-25.0,25.961823
1982-03-12,31.5,-25.0,25.37564
1982-03-13,31.5,-25.0,24.937714
1982-03-14,31.5,-25.0,25.919525
1982-03-15,31.5,-25.0,24.572083
1982-03-16,31.5,-25.0,25.983856
1982-03-17,31.5,-25.0,27.063904
1982-03-18,31.5,-25.0,26.30481
1982-03-19,31.5,-25.0,26.021759
1982-03-20,31.5,-25.0,27.049927
1982-03-21,31.5,-25.0,23.721588
1982-03-22,31.5,-25.0,25.141083
1982-03-23,31.5,-25.0,26.552338
1982-03-24,31.5,-25.0,25.06363
1982-03-25,31.5,-25.0,25.19513
1982-03-26,31.5,-25.0,26.01065
1982-03-27,31.5,-25.0,28.22876
1982-03-28,31.5,-25.0,28.432617
1982-03-29,31.5,-25.0,23.38379
1982-03-30,31.5,-25.0,26.997162
1982-03-31,31.5,-25.0,23.678192
1982-04-01,31.5,-25.0,25.772186
1982-04-02,31.5,-25.0,23.756683
1982-04-03,31.5,-25.0,21.70102
1982-04-04,31.5,-25.0,20.944763
1982-04-05,31.5,-25.0,22.32425
1982-04-06,31.5,-25.0,23.243927
1982-04-07,31.5,-25.0,24.48996
1982-04-08,31.5,-25.0,26.162231
1982-04-09,31.5,-25.0,22.845337
1982-04-10,31.5,-25.0,23.82486
1982-04-11,31.5,-25.0,25.4393
1982-04-12,31.5,-25.0,22.823212
1982-04-13,31.5,-25.0,20.929321
1982-04-14,31.5,-25.0,22.585724
1982-04-15,31.5,-25.0,23.650635
1982-04-16,31.5,-25.0,24.057709
1982-04-17,31.5,-25.0,25.02298
1982-04-18,31.5,-25.0,17.274414
1982-04-19,31.5,-25.0,19.39212
1982-04-20,31.5,-25.0,19.812164
1982-04-21,31.5,-25.0,20.411133
1982-04-22,31.5,-25.0,18.794495
1982-04-23,31.5,-25.0,18.453217
1982-04-24,31.5,-25.0,18.514801
1982-04-25,31.5,-25.0,19.35849
1982-04-26,31.5,-25.0,20.52417
1982-04-27,31.5,-25.0,21.617249
1982-04-28,31.5,-25.0,22.897644
1982-04-29,31.5,-25.0,21.737976
1982-04-30,31.5,-25.0,20.702332
1982-05-01,31.5,-25.0,18.16632
1982-05-02,31.5,-25.0,17.273682
1982-05-03,31.5,-25.0,17.41861
1982-05-04,31.5,-25.0,18.241425
1982-05-05,31.5,-25.0,18.531464
1982-05-06,31.5,-25.0,19.848663
1982-05-07,31.5,-25.0,19.881897
1982-05-08,31.5,-25.0,18.323456
1982-05-09,31.5,-25.0,17.509796
1982-05-10,31.5,-25.0,18.799622
1982-05-11,31.5,-25.0,20.238556
1982-05-12,31.5,-25.0,19.23993
1982-05-13,31.5,-25.0,20.92691
1982-05-14,31.5,-25.0,20.760254
1982-05-15,31.5,-25.0,20.494751
1982-05-16,31.5,-25.0,20.938324
1982-05-17,31.5,-25.0,22.835114
1982-05-18,31.5,-25.0,20.518127
1982-05-19,31.5,-25.0,18.777893
1982-05-20,31.5,-25.0,20.68399
1982-05-21,31.5,-25.0,21.28366
1982-05-22,31.5,-25.0,20.777344
1982-05-23,31.5,-25.0,18.943085
1982-05-24,31.5,-25.0,20.015717
1982-05-25,31.5,-25.0,18.170746
1982-05-26,31.5,-25.0,18.786407
1982-05-27,31.5,-25.0,16.683472
1982-05-28,31.5,-25.0,15.537415
1982-05-29,31.5,-25.0,16.605194
1982-05-30,31.5,-25.0,17.906952
1982-05-31,31.5,-25.0,18.09137
1982-06-01,31.5,-25.0,16.797455
1982-06-02,31.5,-25.0,15.59137
1982-06-03,31.5,-25.0,14.800415
1982-06-04,31.5,-25.0,15.757782
1982-06-05,31.5,-25.0,15.884247
1982-06-06,31.5,-25.0,17.31836
1982-06-07,31.5,-25.0,15.817322
1982-06-08,31.5,-25.0,13.422791
1982-06-09,31.5,-25.0,13.478851
1982-06-10,31.5,-25.0,15.553528
1982-06-11,31.5,-25.0,16.452515
1982-06-12,31.5,-25.0,16.356232
1982-06-13,31.5,-25.0,16.599915
1982-06-14,31.5,-25.0,16.807281
1982-06-15,31.5,-25.0,18.00113
1982-06-16,31.5,-25.0,14.942291
1982-06-17,31.5,-25.0,15.737946
1982-06-18,31.5,-25.0,14.4002075
1982-06-19,31.5,-25.0,13.416351
1982-06-20,31.5,-25.0,13.817322
1982-06-21,31.5,-25.0,15.208893
1982-06-22,31.5,-25.0,17.841217
1982-06-23,31.5,-25.0,16.966797
1982-06-24,31.5,-25.0,17.794586
1982-06-25,31.5,-25.0,18.111328
1982-06-26,31.5,-25.0,16.349426
1982-06-27,31.5,-25.0,15.61676
1982-06-28,31.5,-25.0,16.238129
1982-06-29,31.5,-25.0,14.944061
1982-06-30,31.5,-25.0,15.433594
1982-07-01,31.5,-25.0,18.63208
1982-07-02,31.5,-25.0,20.078552
1982-07-03,31.5,-25.0,14.506805
1982-07-04,31.5,-25.0,13.864563
1982-07-05,31.5,-25.0,15.44986
1982-07-06,31.5,-25.0,16.933899
1982-07-07,31.5,-25.0,15.226227
1982-07-08,31.5,-25.0,14.789276
1982-07-09,31.5,-25.0,14.915985
1982-07-10,31.5,-25.0,15.649628
1982-07-11,31.5,-25.0,16.543793
1982-07-12,31.5,-25.0,17.436066
1982-07-13,31.5,-25.0,16.778473
1982-07-14,31.5,-25.0,15.078827
1982-07-15,31.5,-25.0,15.271271
1982-07-16,31.5,-25.0,13.810486
1982-07-17,31.5,-25.0,14.758942
1982-07-18,31.5,-25.0,15.16748
1982-07-19,31.5,-25.0,16.589142
1982-07-20,31.5,-25.0,18.300537
1982-07-21,31.5,-25.0,17.344543
1982-07-22,31.5,-25.0,19.267822
1982-07-23,31.5,-25.0,21.340698
1982-07-24,31.5,-25.0,19.098633
1982-07-25,31.5,-25.0,18.96283
1982-07-26,31.5,-25.0,17.755005
1982-07-27,31.5,-25.0,17.708496
1982-07-28,31.5,-25.0,19.075714
1982-07-29,31.5,-25.0,21.562073
1982-07-30,31.5,-25.0,17.113953
1982-07-31,31.5,-25.0,17.978241
1982-08-01,31.5,-25.0,20.375916
1982-08-02,31.5,-25.0,17.831818
1982-08-03,31.5,-25.0,17.876556
1982-08-04,31.5,-25.0,18.30185
1982-08-05,31.5,-25.0,18.546967
1982-08-06,31.5,-25.0,17.042358
1982-08-07,31.5,-25.0,17.146484
1982-08-08,31.5,-25.0,17.808258
1982-08-09,31.5,-25.0,17.535797
1982-08-10,31.5,-25.0,18.264313
1982-08-11,31.5,-25.0,20.012054
1982-08-12,31.5,-25.0,18.28418
1982-08-13,31.5,-25.0,18.945953
1982-08-14,31.5,-25.0,18.197723
1982-08-15,31.5,-25.0,18.413116
1982-08-16,31.5,-25.0,18.658875
1982-08-17,31.5,-25.0,19.459106
1982-08-18,31.5,-25.0,19.658813
1982-08-19,31.5,-25.0,18.522919
1982-08-20,31.5,-25.0,20.460907
1982-08-21,31.5,-25.0,20.273102
1982-08-22,31.5,-25.0,15.445282
1982-08-23,31.5,-25.0,14.141541
1982-08-24,31.5,-25.0,16.34134
1982-08-25,31.5,-25.0,16.28418
1982-08-26,31.5,-25.0,18.38272
1982-08-27,31.5,-25.0,19.365143
1982-08-28,31.5,-25.0,22.927002
1982-08-29,31.5,-25.0,23.247894
1982-08-30,31.5,-25.0,21.845123
1982-08-31,31.5,-25.0,23.25824
1982-09-01,31.5,-25.0,21.546265
1982-09-02,31.5,-25.0,17.96939
1982-09-03,31.5,-25.0,18.615723
1982-09-04,31.5,-25.0,17.674713
1982-09-05,31.5,-25.0,15.291138
1982-09-06,31.5,-25.0,17.397552
1982-09-07,31.5,-25.0,18.213196
1982-09-08,31.5,-25.0,17.615997
1982-09-09,31.5,-25.0,17.818176
1982-09-10,31.5,-25.0,19.759338
1982-09-11,31.5,-25.0,20.904785
1982-09-12,31.5,-25.0,21.819763
1982-09-13,31.5,-25.0,22.754517
1982-09-14,31.5,-25.0,23.142975
1982-09-15,31.5,-25.0,22.800232
1982-09-16,31.5,-25.0,23.273407
1982-09-17,31.5,-25.0,23.1474
1982-09-18,31.5,-25.0,21.784729
1982-09-19,31.5,-25.0,22.176758
1982-09-20,31.5,-25.0,23.768707
1982-09-21,31.5,-25.0,22.844116
1982-09-22,31.5,-25.0,19.334534
1982-09-23,31.5,-25.0,20.763489
1982-09-24,31.5,-25.0,20.231262
1982-09-25,31.5,-25.0,20.988861
1982-09-26,31.5,-25.0,20.052002
1982-09-27,31.5,-25.0,21.346832
1982-09-28,31.5,-25.0,22.391113
1982-09-29,31.5,-25.0,21.82962
1982-09-30,31.5,-25.0,22.191284
1982-10-01,31.5,-25.0,21.34375
1982-10-02,31.5,-25.0,21.5094
1982-10-03,31.5,-25.0,21.699066
1982-10-04,31.5,-25.0,22.22113
1982-10-05,31.5,-25.0,23.394043
1982-10-06,31.5,-25.0,24.755707
1982-10-07,31.5,-25.0,26.943298
1982-10-08,31.5,-25.0,27.851196
1982-10-09,31.5,-25.0,18.01355
1982-10-10,31.5,-25.0,16.740875
1982-10-11,31.5,-25.0,21.683105
1982-10-12,31.5,-25.0,20.488861
1982-10-13,31.5,-25.0,23.6521
1982-10-14,31.5,-25.0,25.235382
1982-10-15,31.5,-25.0,26.660645
1982-10-16,31.5,-25.0,22.302124
1982-10-17,31.5,-25.0,21.941711
1982-10-18,31.5,-25.0,22.966888
1982-10-19,31.5,-25.0,21.828247
1982-10-20,31.5,-25.0,23.81778
1982-10-21,31.5,-25.0,18.072845
1982-10-22,31.5,-25.0,18.61853
1982-10-23,31.5,-25.0,19.073395
1982-10-24,31.5,-25.0,21.763
1982-10-25,31.5,-25.0,23.20694
1982-10-26,31.5,-25.0,25.158936
1982-10-27,31.5,-25.0,20.679565
1982-10-28,31.5,-25.0,16.89032
1982-10-29,31.5,-25.0,17.674255
1982-10-30,31.5,-25.0,22.55246
1982-10-31,31.5,-25.0,24.532074
1982-11-01,31.5,-25.0,17.597198
1982-11-02,31.5,-25.0,17.325714
1982-11-03,31.5,-25.0,21.272247
1982-11-04,31.5,-25.0,25.203552
1982-11-05,31.5,-25.0,26.520172
1982-11-06,31.5,-25.0,27.963348
1982-11-07,31.5,-25.0,24.789124
1982-11-08,31.5,-25.0,27.082062
1982-11-09,31.5,-25.0,27.346954
1982-11-10,31.5,-25.0,21.732208
1982-11-11,31.5,-25.0,26.461212
1982-11-12,31.5,-25.0,21.130432
1982-11-13,31.5,-25.0,19.853577
1982-11-14,31.5,-25.0,21.672577
1982-11-15,31.5,-25.0,21.85675
1982-11-16,31.5,-25.0,22.218506
1982-11-17,31.5,-25.0,22.21228
1982-11-18,31.5,-25.0,26.571259
1982-11-19,31.5,-25.0,28.034424
1982-11-20,31.5,-25.0,29.624329
1982-11-21,31.5,-25.0,21.520508
1982-11-22,31.5,-25.0,20.382141
1982-11-23,31.5,-25.0,20.848724
1982-11-24,31.5,-25.0,26.913452
1982-11-25,31.5,-25.0,23.491058
1982-11-26,31.5,-25.0,25.93686
1982-11-27,31.5,-25.0,19.104095
1982-11-28,31.5,-25.0,21.04486
1982-11-29,31.5,-25.0,25.018402
1982-11-30,31.5,-25.0,26.214722
1982-12-01,31.5,-25.0,24.00119
1982-12-02,31.5,-25.0,24.302643
1982-12-03,31.5,-25.0,24.899017
1982-12-04,31.5,-25.0,26.052094
1982-12-05,31.5,-25.0,28.03717
1982-12-06,31.5,-25.0,30.74768
1982-12-07,31.5,-25.0,26.659637
1982-12-08,31.5,-25.0,26.622925
1982-12-09,31.5,-25.0,21.137177
1982-12-10,31.5,-25.0,25.117157
1982-12-11,31.5,-25.0,23.866516
1982-12-12,31.5,-25.0,23.43576
1982-12-13,31.5,-25.0,27.177856
1982-12-14,31.5,-25.0,22.491364
1982-12-15,31.5,-25.0,23.645966
1982-12-16,31.5,-25.0,29.333618
1982-12-17,31.5,-25.0,27.684296
1982-12-18,31.5,-25.0,31.138885
1982-12-19,31.5,-25.0,26.368591
1982-12-20,31.5,-25.0,27.729248
1982-12-21,31.5,-25.0,29.22351
1982-12-22,31.5,-25.0,30.778412
1982-12-23,31.5,-25.0,28.97226
1982-12-24,31.5,-25.0,24.975555
1982-12-25,31.5,-25.0,29.555481
1982-12-26,31.5,-25.0,22.228607
1982-12-27,31.5,-25.0,28.857422
1982-12-28,31.5,-25.0,24.797363
1982-12-29,31.5,-25.0,27.479095
1982-12-30,31.5,-25.0,29.13556
1982-12-31,31.5,-25.0,24.626923
1983-01-01,31.5,-25.0,24.142914
1983-01-02,31.5,-25.0,27.071259
1983-01-03,31.5,-25.0,28.21103
1983-01-04,31.5,-25.0,29.94516
1983-01-05,31.5,-25.0,30.658386
1983-01-06,31.5,-25.0,24.447968
1983-01-07,31.5,-25.0,23.871552
1983-01-08,31.5,-25.0,27.499207
1983-01-09,31.5,-25.0,28.125946
1983-01-10,31.5,-25.0,28.715027
1983-01-11,31.5,-25.0,32.85312
1983-01-12,31.5,-25.0,29.292328
1983-01-13,31.5,-25.0,26.30951
1983-01-14,31.5,-25.0,23.736908
1983-01-15,31.5,-25.0,23.224945
1983-01-16,31.5,-25.0,25.112213
1983-01-17,31.5,-25.0,25.255432
1983-01-18,31.5,-25.0,25.39154
1983-01-19,31.5,-25.0,27.558533
1983-01-20,31.5,-25.0,28.041382
1983-01-21,31.5,-25.0,28.33487
1983-01-22,31.5,-25.0,28.672577
1983-01-23,31.5,-25.0,22.067139
1983-01-24,31.5,-25.0,24.13913
1983-01-25,31.5,-25.0,26.134186
1983-01-26,31.5,-25.0,26.796356
1983-01-27,31.5,-25.0,25.748596
1983-01-28,31.5,-25.0,26.470306
1983-01-29,31.5,-25.0,29.018707
1983-01-30,31.5,-25.0,28.03659
1983-01-31,31.5,-25.0,28.899048
1983-02-01,31.5,-25.0,29.993347
1983-02-02,31.5,-25.0,31.518219
1983-02-03,31.5,-25.0,25.000275
1983-02-04,31.5,-25.0,29.412628
1983-02-05,31.5,-25.0,22.318146
1983-02-06,31.5,-25.0,25.451385
1983-02-07,31.5,-25.0,29.804413
1983-02-08,31.5,-25.0,24.718445
1983-02-09,31.5,-25.0,26.357697
1983-02-10,31.5,-25.0,26.51355
1983-02-11,31.5,-25.0,29.33844
1983-02-12,31.5,-25.0,29.37616
1983-02-13,31.5,-25.0,21.80893
1983-02-14,31.5,-25.0,21.545837
1983-02-15,31.5,-25.0,22.573242
1983-02-16,31.5,-25.0,23.7854
1983-02-17,31.5,-25.0,24.523956
1983-02-18,31.5,-25.0,24.961884
1983-02-19,31.5,-25.0,25.926208
1983-02-20,31.5,-25.0,25.036133
1983-02-21,31.5,-25.0,25.395996
1983-02-22,31.5,-25.0,28.479095
1983-02-23,31.5,-25.0,25.372253
1983-02-24,31.5,-25.0,27.113373
1983-02-25,31.5,-25.0,29.07721
1983-02-26,31.5,-25.0,28.525024
1983-02-27,31.5,-25.0,29.069214
1983-02-28,31.5,-25.0,22.887024
1983-03-01,31.5,-25.0,23.416351
1983-03-02,31.5,-25.0,25.613037
1983-03-03,31.5,-25.0,28.484344
1983-03-04,31.5,-25.0,23.61731
1983-03-05,31.5,-25.0,28.055176
1983-03-06,31.5,-25.0,27.332489
1983-03-07,31.5,-25.0,28.428864
1983-03-08,31.5,-25.0,29.36148
1983-03-09,31.5,-25.0,21.826721
1983-03-10,31.5,-25.0,21.1268
1983-03-11,31.5,-25.0,21.81662
1983-03-12,31.5,-25.0,22.324219
1983-03-13,31.5,-25.0,22.903229
1983-03-14,31.5,-25.0,24.90207
1983-03-15,31.5,-25.0,25.097748
1983-03-16,31.5,-25.0,24.91446
1983-03-17,31.5,-25.0,24.793335
1983-03-18,31.5,-25.0,27.387543
1983-03-19,31.5,-25.0,20.921936
1983-03-20,31.5,-25.0,23.568848
1983-03-21,31.5,-25.0,26.296112
1983-03-22,31.5,-25.0,24.418823
1983-03-23,31.5,-25.0,26.371704
1983-03-24,31.5,-25.0,26.15149
1983-03-25,31.5,-25.0,26.217499
1983-03-26,31.5,-25.0,27.151642
1983-03-27,31.5,-25.0,25.332886
1983-03-28,31.5,-25.0,24.667084
1983-03-29,31.5,-25.0,23.909851
1983-03-30,31.5,-25.0,24.18103
1983-03-31,31.5,-25.0,25.054352
1983-04-01,31.5,-25.0,24.839844
1983-04-02,31.5,-25.0,24.634003
1983-04-03,31.5,-25.0,25.24643
1983-04-04,31.5,-25.0,27.078735
1983-04-05,31.5,-25.0,26.349945
1983-04-06,31.5,-25.0,23.510956
1983-04-07,31.5,-25.0,21.9823
1983-04-08,31.5,-25.0,22.215424
1983-04-09,31.5,-25.0,23.663239
1983-04-10,31.5,-25.0,24.233643
1983-04-11,31.5,-25.0,24.53949
1983-04-12,31.5,-25.0,23.960999
1983-04-13,31.5,-25.0,25.784515
1983-04-14,31.5,-25.0,26.654144
1983-04-15,31.5,-25.0,27.148804
1983-04-16,31.5,-25.0,27.572784
1983-04-17,31.5,-25.0,27.838837
1983-04-18,31.5,-25.0,26.078491
1983-04-19,31.5,-25.0,22.40857
1983-04-20,31.5,-25.0,21.005676
1983-04-21,31.5,-25.0,22.810791
1983-04-22,31.5,-25.0,24.478241
1983-04-23,31.5,-25.0,24.533325
1983-04-24,31.5,-25.0,21.460236
1983-04-25,31.5,-25.0,22.162262
1983-04-26,31.5,-25.0,22.686249
1983-04-27,31.5,-25.0,22.789185
1983-04-28,31.5,-25.0,23.96582
1983-04-29,31.5,-25.0,25.58783
1983-04-30,31.5,-25.0,25.351807
1983-05-01,31.5,-25.0,25.97226
1983-05-02,31.5,-25.0,24.283966
1983-05-03,31.5,-25.0,24.425385
1983-05-04,31.5,-25.0,21.846832
1983-05-05,31.5,-25.0,20.852936
1983-05-06,31.5,-25.0,20.025116
1983-05-07,31.5,-25.0,19.679626
1983-05-08,31.5,-25.0,20.202454
1983-05-09,31.5,-25.0,21.036163
1983-05-10,31.5,-25.0,23.05832
1983-05-11,31.5,-25.0,19.69809
1983-05-12,31.5,-25.0,17.806122
1983-05-13,31.5,-25.0,18.507019
1983-05-14,31.5,-25.0,19.926056
1983-05-15,31.5,-25.0,24.49411
1983-05-16,31.5,-25.0,18.399689
1983-05-17,31.5,-25.0,17.37436
1983-05-18,31.5,-25.0,19.821838
1983-05-19,31.5,-25.0,22.61679
1983-05-20,31.5,-25.0,25.681305
1983-05-21,31.5,-25.0,26.2706
1983-05-22,31.5,-25.0,21.003906
1983-05-23,31.5,-25.0,17.245697
1983-05-24,31.5,-25.0,15.724945
1983-05-25,31.5,-25.0,17.071075
1983-05-26,31.5,-25.0,19.134186
1983-05-27,31.5,-25.0,16.61676
1983-05-28,31.5,-25.0,16.262024
1983-05-29,31.5,-25.0,16.385742
1983-05-30,31.5,-25.0,18.499207
1983-05-31,31.5,-25.0,17.786713
1983-06-01,31.5,-25.0,17.05069
1983-06-02,31.5,-25.0,17.709747
1983-06-03,31.5,-25.0,18.982544
1983-06-04,31.5,-25.0,18.235931
1983-06-05,31.5,-25.0,17.852692
1983-06-06,31.5,-25.0,16.900665
1983-06-07,31.5,-25.0,16.842926
1983-06-08,31.5,-25.0,16.381561
1983-06-09,31.5,-25.0,17.591064
1983-06-10,31.5,-25.0,17.644348
1983-06-11,31.5,-25.0,16.133514
1983-06-12,31.5,-25.0,16.381134
1983-06-13,31.5,-25.0,17.512909
1983-06-14,31.5,-25.0,17.53769
1983-06-15,31.5,-25.0,19.083221
1983-06-16,31.5,-25.0,19.476624
1983-06-17,31.5,-25.0,19.201141
1983-06-18,31.5,-25.0,16.903473
1983-06-19,31.5,-25.0,16.721344
1983-06-20,31.5,-25.0,16.449615
1983-06-21,31.5,-25.0,15.785217
1983-06-22,31.5,-25.0,16.95636
1983-06-23,31.5,-25.0,17.658875
1983-06-24,31.5,-25.0,17.393066
1983-06-25,31.5,-25.0,19.11383
1983-06-26,31.5,-25.0,14.450623
1983-06-27,31.5,-25.0,13.8333435
1983-06-28,31.5,-25.0,16.280396
1983-06-29,31.5,-25.0,15.619415
1983-06-30,31.5,-25.0,15.416321
1983-07-01,31.5,-25.0,15.016815
1983-07-02,31.5,-25.0,16.89859
1983-07-03,31.5,-25.0,15.682465
1983-07-04,31.5,-25.0,14.717621
1983-07-05,31.5,-25.0,16.600647
1983-07-06,31.5,-25.0,14.805695
1983-07-07,31.5,-25.0,13.302063
1983-07-08,31.5,-25.0,16.466064
1983-07-09,31.5,-25.0,16.24347
1983-07-10,31.5,-25.0,17.00476
1983-07-11,31.5,-25.0,17.013336
1983-07-12,31.5,-25.0,18.523834
1983-07-13,31.5,-25.0,20.0755
1983-07-14,31.5,-25.0,20.39862
1983-07-15,31.5,-25.0,20.589813
1983-07-16,31.5,-25.0,17.16156
1983-07-17,31.5,-25.0,15.2908325
1983-07-18,31.5,-25.0,14.219147
1983-07-19,31.5,-25.0,15.244659
1983-07-20,31.5,-25.0,17.28656
1983-07-21,31.5,-25.0,17.646637
1983-07-22,31.5,-25.0,18.460846
1983-07-23,31.5,-25.0,17.694153
1983-07-24,31.5,-25.0,16.366852
1983-07-25,31.5,-25.0,17.752869
1983-07-26,31.5,-25.0,18.79953
1983-07-27,31.5,-25.0,17.726562
1983-07-28,31.5,-25.0,17.401978
1983-07-29,31.5,-25.0,16.733551
1983-07-30,31.5,-25.0,14.801788
1983-07-31,31.5,-25.0,14.305511
1983-08-01,31.5,-25.0,15.018738
1983-08-02,31.5,-25.0,16.792114
1983-08-03,31.5,-25.0,17.726746
1983-08-04,31.5,-25.0,18.129486
1983-08-05,31.5,-25.0,21.416443
1983-08-06,31.5,-25.0,21.397827
1983-08-07,31.5,-25.0,18.359894
1983-08-08,31.5,-25.0,14.052612
1983-08-09,31.5,-25.0,13.333984
1983-08-10,31.5,-25.0,13.852264
1983-08-11,31.5,-25.0,13.410339
1983-08-12,31.5,-25.0,14.794952
1983-08-13,31.5,-25.0,15.557434
1983-08-14,31.5,-25.0,17.188202
1983-08-15,31.5,-25.0,17.941772
1983-08-16,31.5,-25.0,18.189331
1983-08-17,31.5,-25.0,19.162903
1983-08-18,31.5,-25.0,18.26706
1983-08-19,31.5,-25.0,16.80072
1983-08-20,31.5,-25.0,17.061676
1983-08-21,31.5,-25.0,18.119873
1983-08-22,31.5,-25.0,18.2742
1983-08-23,31.5,-25.0,15.968536
1983-08-24,31.5,-25.0,16.077515
1983-08-25,31.5,-25.0,16.22931
1983-08-26,31.5,-25.0,18.757233
1983-08-27,31.5,-25.0,21.054535
1983-08-28,31.5,-25.0,22.623718
1983-08-29,31.5,-25.0,20.600555
1983-08-30,31.5,-25.0,18.939697
1983-08-31,31.5,-25.0,20.28476
1983-09-01,31.5,-25.0,20.460693
1983-09-02,31.5,-25.0,20.814056
1983-09-03,31.5,-25.0,22.14505
1983-09-04,31.5,-25.0,20.88385
1983-09-05,31.5,-25.0,18.632935
1983-09-06,31.5,-25.0,20.89032
1983-09-07,31.5,-25.0,22.727325
1983-09-08,31.5,-25.0,21.552765
1983-09-09,31.5,-25.0,21.629791
1983-09-10,31.5,-25.0,19.37558
1983-09-11,31.5,-25.0,20.828247
1983-09-12,31.5,-25.0,25.121704
1983-09-13,31.5,-25.0,27.055298
1983-09-14,31.5,-25.0,18.897827
1983-09-15,31.5,-25.0,19.331268
1983-09-16,31.5,-25.0,23.317596
1983-09-17,31.5,-25.0,21.117065
1983-09-18,31.5,-25.0,21.687012
1983-09-19,31.5,-25.0,19.056244
1983-09-20,31.5,-25.0,22.427643
1983-09-21,31.5,-25.0,24.468658
1983-09-22,31.5,-25.0,24.688019
1983-09-23,31.5,-25.0,23.733185
1983-09-24,31.5,-25.0,20.701843
1983-09-25,31.5,-25.0,22.309021
1983-09-26,31.5,-25.0,22.782532
1983-09-27,31.5,-25.0,26.322662
1983-09-28,31.5,-25.0,27.126465
1983-09-29,31.5,-25.0,27.236206
1983-09-30,31.5,-25.0,25.903534
1983-10-01,31.5,-25.0,26.509796
1983-10-02,31.5,-25.0,26.669983
1983-10-03,31.5,-25.0,27.40503
1983-10-04,31.5,-25.0,19.803131
1983-10-05,31.5,-25.0,19.377045
1983-10-06,31.5,-25.0,19.883606
1983-10-07,31.5,-25.0,18.402374
1983-10-08,31.5,-25.0,18.623901
1983-10-09,31.5,-25.0,20.078857
1983-10-10,31.5,-25.0,21.40625
1983-10-11,31.5,-25.0,21.900757
1983-10-12,31.5,-25.0,21.684448
1983-10-13,31.5,-25.0,22.28183
1983-10-14,31.5,-25.0,21.82898
1983-10-15,31.5,-25.0,23.02121
1983-10-16,31.5,-25.0,23.19812
1983-10-17,31.5,-25.0,23.617126
1983-10-18,31.5,-25.0,24.318573
1983-10-19,31.5,-25.0,20.553009
1983-10-20,31.5,-25.0,20.733551
1983-10-21,31.5,-25.0,20.563843
1983-10-22,31.5,-25.0,20.391144
1983-10-23,31.5,-25.0,23.880524
1983-10-24,31.5,-25.0,25.545898
1983-10-25,31.5,-25.0,17.159943
1983-10-26,31.5,-25.0,18.661407
1983-10-27,31.5,-25.0,19.346802
1983-10-28,31.5,-25.0,21.528717
1983-10-29,31.5,-25.0,26.864105
1983-10-30,31.5,-25.0,27.583588
1983-10-31,31.5,-25.0,20.816406
1983-11-01,31.5,-25.0,18.474426
1983-11-02,31.5,-25.0,23.007355
1983-11-03,31.5,-25.0,26.062195
1983-11-04,31.5,-25.0,25.38147
1983-11-05,31.5,-25.0,25.986908
1983-11-06,31.5,-25.0,22.22815
1983-11-07,31.5,-25.0,21.121399
1983-11-08,31.5,-25.0,25.11087
1983-11-09,31.5,-25.0,22.128937
1983-11-10,31.5,-25.0,24.738342
1983-11-11,31.5,-25.0,25.742035
1983-11-12,31.5,-25.0,21.201385
1983-11-13,31.5,-25.0,21.2948
1983-11-14,31.5,-25.0,23.152863
1983-11-15,31.5,-25.0,22.34616
1983-11-16,31.5,-25.0,23.079834
1983-11-17,31.5,-25.0,24.442871
1983-11-18,31.5,-25.0,23.766571
1983-11-19,31.5,-25.0,24.612244
1983-11-20,31.5,-25.0,24.707214
1983-11-21,31.5,-25.0,27.389069
1983-11-22,31.5,-25.0,24.581818
1983-11-23,31.5,-25.0,25.36493
1983-11-24,31.5,-25.0,27.31665
1983-11-25,31.5,-25.0,26.640564
1983-11-26,31.5,-25.0,25.672485
1983-11-27,31.5,-25.0,25.249695
1983-11-28,31.5,-25.0,23.923523
1983-11-29,31.5,-25.0,21.541199
1983-11-30,31.5,-25.0,22.702515
1983-12-01,31.5,-25.0,22.116669
1983-12-02,31.5,-25.0,24.490051
1983-12-03,31.5,-25.0,23.819061
1983-12-04,31.5,-25.0,24.241913
1983-12-05,31.5,-25.0,24.405426
1983-12-06,31.5,-25.0,25.692719
1983-12-07,31.5,-25.0,24.26355
1983-12-08,31.5,-25.0,24.59909
1983-12-09,31.5,-25.0,27.131104
1983-12-10,31.5,-25.0,24.670776
1983-12-11,31.5,-25.0,24.96695
1983-12-12,31.5,-25.0,25.18991
1983-12-13,31.5,-25.0,24.203918
1983-12-14,31.5,-25.0,24.783813
1983-12-15,31.5,-25.0,24.9151
1983-12-16,31.5,-25.0,27.969269
1983-12-17,31.5,-25.0,27.814575
1983-12-18,31.5,-25.0,22.2471
1983-12-19,31.5,-25.0,21.472687
1983-12-20,31.5,-25.0,22.680817
1983-12-21,31.5,-25.0,23.31778
1983-12-22,31.5,-25.0,24.269623
1983-12-23,31.5,-25.0,24.618988
1983-12-24,31.5,-25.0,25.56482
1983-12-25,31.5,-25.0,28.113098
1983-12-26,31.5,-25.0,26.383759
1983-12-27,31.5,-25.0,24.275177
1983-12-28,31.5,-25.0,23.709167
1983-12-29,31.5,-25.0,25.469757
1983-12-30,31.5,-25.0,25.246216
1983-12-31,31.5,-25.0,23.48822
1984-01-01,31.5,-25.0,26.53366
1984-01-02,31.5,-25.0,26.928406
1984-01-03,31.5,-25.0,23.355621
1984-01-04,31.5,-25.0,24.569733
1984-01-05,31.5,-25.0,25.009369
1984-01-06,31.5,-25.0,25.89618
1984-01-07,31.5,-25.0,27.227905
1984-01-08,31.5,-25.0,25.515564
1984-01-09,31.5,-25.0,25.343872
1984-01-10,31.5,-25.0,26.734985
1984-01-11,31.5,-25.0,28.901062
1984-01-12,31.5,-25.0,28.682617
1984-01-13,31.5,-25.0,22.297607
1984-01-14,31.5,-25.0,20.751587
1984-01-15,31.5,-25.0,22.524841
1984-01-16,31.5,-25.0,24.732117
1984-01-17,31.5,-25.0,25.247864
1984-01-18,31.5,-25.0,25.57306
1984-01-19,31.5,-25.0,25.748383
1984-01-20,31.5,-25.0,27.072906
1984-01-21,31.5,-25.0,27.687897
1984-01-22,31.5,-25.0,24.41977
1984-01-23,31.5,-25.0,25.428375
1984-01-24,31.5,-25.0,25.849457
1984-01-25,31.5,-25.0,25.178375
1984-01-26,31.5,-25.0,25.121948
1984-01-27,31.5,-25.0,25.728607
1984-01-28,31.5,-25.0,27.361694
1984-01-29,31.5,-25.0,23.986847
1984-01-30,31.5,-25.0,26.654114
1984-01-31,31.5,-25.0,24.919495
1984-02-01,31.5,-25.0,22.78949
1984-02-02,31.5,-25.0,25.770966
1984-02-03,31.5,-25.0,22.077301
1984-02-04,31.5,-25.0,21.943817
1984-02-05,31.5,-25.0,23.14795
1984-02-06,31.5,-25.0,23.359955
1984-02-07,31.5,-25.0,24.205658
1984-02-08,31.5,-25.0,26.490448
1984-02-09,31.5,-25.0,20.400513
1984-02-10,31.5,-25.0,20.445374
1984-02-11,31.5,-25.0,21.62442
1984-02-12,31.5,-25.0,22.924469
1984-02-13,31.5,-25.0,24.4823
1984-02-14,31.5,-25.0,24.841248
1984-02-15,31.5,-25.0,25.340668
1984-02-16,31.5,-25.0,25.448792
1984-02-17,31.5,-25.0,25.38498
1984-02-18,31.5,-25.0,26.223999
1984-02-19,31.5,-25.0,28.209473
1984-02-20,31.5,-25.0,26.17984
1984-02-21,31.5,-25.0,25.081726
1984-02-22,31.5,-25.0,23.727814
1984-02-23,31.5,-25.0,25.153015
1984-02-24,31.5,-25.0,24.900482
1984-02-25,31.5,-25.0,23.061127
1984-02-26,31.5,-25.0,24.072693
1984-02-27,31.5,-25.0,24.233887
1984-02-28,31.5,-25.0,24.095978
1984-02-29,31.5,-25.0,24.424591
1984-03-01,31.5,-25.0,25.293823
1984-03-02,31.5,-25.0,27.936737
1984-03-03,31.5,-25.0,28.428192
1984-03-04,31.5,-25.0,25.991302
1984-03-05,31.5,-25.0,26.448364
1984-03-06,31.5,-25.0,27.53653
1984-03-07,31.5,-25.0,25.650024
1984-03-08,31.5,-25.0,22.106567
1984-03-09,31.5,-25.0,21.059052
1984-03-10,31.5,-25.0,21.356201
1984-03-11,31.5,-25.0,21.985321
1984-03-12,31.5,-25.0,24.627167
1984-03-13,31.5,-25.0,23.114532
1984-03-14,31.5,-25.0,22.786438
1984-03-15,31.5,-25.0,21.966522
1984-03-16,31.5,-25.0,22.284119
1984-03-17,31.5,-25.0,23.240784
1984-03-18,31.5,-25.0,25.194122
1984-03-19,31.5,-25.0,26.640472
1984-03-20,31.5,-25.0,27.95514
1984-03-21,31.5,-25.0,27.298798
1984-03-22,31.5,-25.0,21.363586
1984-03-23,31.5,-25.0,20.206879
1984-03-24,31.5,-25.0,21.958313
1984-03-25,31.5,-25.0,23.031952
1984-03-26,31.5,-25.0,24.557251
1984-03-27,31.5,-25.0,22.618317
1984-03-28,31.5,-25.0,21.512756
1984-03-29,31.5,-25.0,20.60736
1984-03-30,31.5,-25.0,20.681274
1984-03-31,31.5,-25.0,20.775696
1984-04-01,31.5,-25.0,20.281433
1984-04-02,31.5,-25.0,19.822784
1984-04-03,31.5,-25.0,19.838715
1984-04-04,31.5,-25.0,19.971039
1984-04-05,31.5,-25.0,22.006683
1984-04-06,31.5,-25.0,23.309662
1984-04-07,31.5,-25.0,25.08899
1984-04-08,31.5,-25.0,25.996643
1984-04-09,31.5,-25.0,22.323792
1984-04-10,31.5,-25.0,21.10202
1984-04-11,31.5,-25.0,19.971039
1984-04-12,31.5,-25.0,20.64444
1984-04-13,31.5,-25.0,21.990234
1984-04-14,31.5,-25.0,21.58957
1984-04-15,31.5,-25.0,22.596832
1984-04-16,31.5,-25.0,22.63971
1984-04-17,31.5,-25.0,22.989105
1984-04-18,31.5,-25.0,21.197662
1984-04-19,31.5,-25.0,20.289581
1984-04-20,31.5,-25.0,19.397797
1984-04-21,31.5,-25.0,19.92508
1984-04-22,31.5,-25.0,20.205597
1984-04-23,31.5,-25.0,20.604156
1984-04-24,31.5,-25.0,21.115112
1984-04-25,31.5,-25.0,21.178314
1984-04-26,31.5,-25.0,23.196594
1984-04-27,31.5,-25.0,20.35617
1984-04-28,31.5,-25.0,18.20105
1984-04-29,31.5,-25.0,19.600952
1984-04-30,31.5,-25.0,20.10846
1984-05-01,31.5,-25.0,20.102905
1984-05-02,31.5,-25.0,20.657227
1984-05-03,31.5,-25.0,22.358032
1984-05-04,31.5,-25.0,23.442078
1984-05-05,31.5,-25.0,24.18042
1984-05-06,31.5,-25.0,24.661652
1984-05-07,31.5,-25.0,21.82071
1984-05-08,31.5,-25.0,19.197754
1984-05-09,31.5,-25.0,19.331573
1984-05-10,31.5,-25.0,20.446411
1984-05-11,31.5,-25.0,21.25476
1984-05-12,31.5,-25.0,22.657501
1984-05-13,31.5,-25.0,19.859497
1984-05-14,31.5,-25.0,21.706268
1984-05-15,31.5,-25.0,22.787506
1984-05-16,31.5,-25.0,24.368652
1984-05-17,31.5,-25.0,24.08191
1984-05-18,31.5,-25.0,21.042908
1984-05-19,31.5,-25.0,18.743591
1984-05-20,31.5,-25.0,18.834839
1984-05-21,31.5,-25.0,20.075623
1984-05-22,31.5,-25.0,18.909912
1984-05-23,31.5,-25.0,17.636627
1984-05-24,31.5,-25.0,16.74411
1984-05-25,31.5,-25.0,16.200378
1984-05-26,31.5,-25.0,16.263977
1984-05-27,31.5,-25.0,18.119873
1984-05-28,31.5,-25.0,16.65915
1984-05-29,31.5,-25.0,15.835602
1984-05-30,31.5,-25.0,14.31485
1984-05-31,31.5,-25.0,14.120209
1984-06-01,31.5,-25.0,13.939728
1984-06-02,31.5,-25.0,15.207977
1984-06-03,31.5,-25.0,14.767609
1984-06-04,31.5,-25.0,16.774933
1984-06-05,31.5,-25.0,17.603699
1984-06-06,31.5,-25.0,16.120514
1984-06-07,31.5,-25.0,16.249878
1984-06-08,31.5,-25.0,15.16153
1984-06-09,31.5,-25.0,16.358246
1984-06-10,31.5,-25.0,17.35022
1984-06-11,31.5,-25.0,16.503845
1984-06-12,31.5,-25.0,16.97116
1984-06-13,31.5,-25.0,17.242828
1984-06-14,31.5,-25.0,11.5971985
1984-06-15,31.5,-25.0,14.092255
1984-06-16,31.5,-25.0,14.12088
1984-06-17,31.5,-25.0,13.875
1984-06-18,31.5,-25.0,12.704987
1984-06-19,31.5,-25.0,13.464874
1984-06-20,31.5,-25.0,15.182434
1984-06-21,31.5,-25.0,17.160004
1984-06-22,31.5,-25.0,16.730347
1984-06-23,31.5,-25.0,16.153992
1984-06-24,31.5,-25.0,16.177887
1984-06-25,31.5,-25.0,16.065613
1984-06-26,31.5,-25.0,16.094055
1984-06-27,31.5,-25.0,15.682526
1984-06-28,31.5,-25.0,16.417877
1984-06-29,31.5,-25.0,16.997284
1984-06-30,31.5,-25.0,17.766876
1984-07-01,31.5,-25.0,18.510681
1984-07-02,31.5,-25.0,19.075958
1984-07-03,31.5,-25.0,17.036652
1984-07-04,31.5,-25.0,16.787079
1984-07-05,31.5,-25.0,16.665466
1984-07-06,31.5,-25.0,16.513184
1984-07-07,31.5,-25.0,15.784515
1984-07-08,31.5,-25.0,16.727234
1984-07-09,31.5,-25.0,16.756165
1984-07-10,31.5,-25.0,15.765106
1984-07-11,31.5,-25.0,15.545685
1984-07-12,31.5,-25.0,16.700287
1984-07-13,31.5,-25.0,17.423798
1984-07-14,31.5,-25.0,17.924042
1984-07-15,31.5,-25.0,16.89215
1984-07-16,31.5,-25.0,15.426758
1984-07-17,31.5,-25.0,14.688721
1984-07-18,31.5,-25.0,16.110474
1984-07-19,31.5,-25.0,16.542206
1984-07-20,31.5,-25.0,15.777527
1984-07-21,31.5,-25.0,16.828491
1984-07-22,31.5,-25.0,14.235596
1984-07-23,31.5,-25.0,15.32074
1984-07-24,31.5,-25.0,15.885284
1984-07-25,31.5,-25.0,16.088379
1984-07-26,31.5,-25.0,15.932831
1984-07-27,31.5,-25.0,16.770294
1984-07-28,31.5,-25.0,17.00708
1984-07-29,31.5,-25.0,18.627197
1984-07-30,31.5,-25.0,18.661041
1984-07-31,31.5,-25.0,17.118652
1984-08-01,31.5,-25.0,15.38443
1984-08-02,31.5,-25.0,14.111725
1984-08-03,31.5,-25.0,16.121368
1984-08-04,31.5,-25.0,17.73404
1984-08-05,31.5,-25.0,18.75595
1984-08-06,31.5,-25.0,17.153595
1984-08-07,31.5,-25.0,15.54126
1984-08-08,31.5,-25.0,15.980957
1984-08-09,31.5,-25.0,17.066406
1984-08-10,31.5,-25.0,17.441925
1984-08-11,31.5,-25.0,17.1008
1984-08-12,31.5,-25.0,16.30371
1984-08-13,31.5,-25.0,16.227203
1984-08-14,31.5,-25.0,17.088226
1984-08-15,31.5,-25.0,18.166138
1984-08-16,31.5,-25.0,18.211761
1984-08-17,31.5,-25.0,17.285217
1984-08-18,31.5,-25.0,17.238892
1984-08-19,31.5,-25.0,17.96637
1984-08-20,31.5,-25.0,19.063568
1984-08-21,31.5,-25.0,20.644226
1984-08-22,31.5,-25.0,18.983795
1984-08-23,31.5,-25.0,20.583893
1984-08-24,31.5,-25.0,20.031555
1984-08-25,31.5,-25.0,19.15213
1984-08-26,31.5,-25.0,16.345062
1984-08-27,31.5,-25.0,19.42685
1984-08-28,31.5,-25.0,16.505219
1984-08-29,31.5,-25.0,16.731018
1984-08-30,31.5,-25.0,16.270966
1984-08-31,31.5,-25.0,18.16391
1984-09-01,31.5,-25.0,19.841003
1984-09-02,31.5,-25.0,22.568512
1984-09-03,31.5,-25.0,24.809937
1984-09-04,31.5,-25.0,19.958496
1984-09-05,31.5,-25.0,19.962372
1984-09-06,31.5,-25.0,18.246033
1984-09-07,31.5,-25.0,19.692596
1984-09-08,31.5,-25.0,20.078217
1984-09-09,31.5,-25.0,20.983398
1984-09-10,31.5,-25.0,18.157745
1984-09-11,31.5,-25.0,19.050415
1984-09-12,31.5,-25.0,21.538727
1984-09-13,31.5,-25.0,19.32605
1984-09-14,31.5,-25.0,13.9201355
1984-09-15,31.5,-25.0,15.576935
1984-09-16,31.5,-25.0,18.876038
1984-09-17,31.5,-25.0,19.721588
1984-09-18,31.5,-25.0,21.061462
1984-09-19,31.5,-25.0,22.729736
1984-09-20,31.5,-25.0,21.148193
1984-09-21,31.5,-25.0,21.687286
1984-09-22,31.5,-25.0,24.231354
1984-09-23,31.5,-25.0,20.960114
1984-09-24,31.5,-25.0,18.972168
1984-09-25,31.5,-25.0,24.03653
1984-09-26,31.5,-25.0,23.49356
1984-09-27,31.5,-25.0,21.803741
1984-09-28,31.5,-25.0,21.871063
1984-09-29,31.5,-25.0,21.873596
1984-09-30,31.5,-25.0,23.722565
1984-10-01,31.5,-25.0,25.343903
1984-10-02,31.5,-25.0,24.315948
1984-10-03,31.5,-25.0,25.367706
1984-10-04,31.5,-25.0,24.852295
1984-10-05,31.5,-25.0,24.742096
1984-10-06,31.5,-25.0,20.77066
1984-10-07,31.5,-25.0,24.10608
1984-10-08,31.5,-25.0,24.624298
1984-10-09,31.5,-25.0,22.940216
1984-10-10,31.5,-25.0,19.284607
1984-10-11,31.5,-25.0,18.95224
1984-10-12,31.5,-25.0,21.683563
1984-10-13,31.5,-25.0,22.333374
1984-10-14,31.5,-25.0,24.709747
1984-10-15,31.5,-25.0,20.152039
1984-10-16,31.5,-25.0,17.205322
1984-10-17,31.5,-25.0,19.013275
1984-10-18,31.5,-25.0,20.153992
1984-10-19,31.5,-25.0,22.435425
1984-10-20,31.5,-25.0,18.157104
1984-10-21,31.5,-25.0,19.08609
1984-10-22,31.5,-25.0,21.882874
1984-10-23,31.5,-25.0,21.913757
1984-10-24,31.5,-25.0,21.25351
1984-10-25,31.5,-25.0,22.008148
1984-10-26,31.5,-25.0,21.63504
1984-10-27,31.5,-25.0,24.75351
1984-10-28,31.5,-25.0,26.05603
1984-10-29,31.5,-25.0,27.397278
1984-10-30,31.5,-25.0,22.737885
1984-10-31,31.5,-25.0,21.194305
1984-11-01,31.5,-25.0,24.45169
1984-11-02,31.5,-25.0,17.938293
1984-11-03,31.5,-25.0,18.699707
1984-11-04,31.5,-25.0,20.15857
1984-11-05,31.5,-25.0,22.276917
1984-11-06,31.5,-25.0,20.614136
1984-11-07,31.5,-25.0,20.718506
1984-11-08,31.5,-25.0,20.628754
1984-11-09,31.5,-25.0,21.788147
1984-11-10,31.5,-25.0,23.009094
1984-11-11,31.5,-25.0,23.80664
1984-11-12,31.5,-25.0,24.02475
1984-11-13,31.5,-25.0,17.716888
1984-11-14,31.5,-25.0,18.735565
1984-11-15,31.5,-25.0,19.791656
1984-11-16,31.5,-25.0,22.053864
1984-11-17,31.5,-25.0,22.497345
1984-11-18,31.5,-25.0,21.940552
1984-11-19,31.5,-25.0,18.372742
1984-11-20,31.5,-25.0,20.675629
1984-11-21,31.5,-25.0,24.180573
1984-11-22,31.5,-25.0,21.647827
1984-11-23,31.5,-25.0,24.719208
1984-11-24,31.5,-25.0,25.69812
1984-11-25,31.5,-25.0,23.098083
1984-11-26,31.5,-25.0,22.202057
1984-11-27,31.5,-25.0,24.646454
1984-11-28,31.5,-25.0,27.246552
1984-11-29,31.5,-25.0,22.596558
1984-11-30,31.5,-25.0,19.262238
1984-12-01,31.5,-25.0,21.586243
1984-12-02,31.5,-25.0,25.631805
1984-12-03,31.5,-25.0,24.879303
1984-12-04,31.5,-25.0,25.46817
1984-12-05,31.5,-25.0,25.558838
1984-12-06,31.5,-25.0,20.727692
1984-12-07,31.5,-25.0,21.723938
1984-12-08,31.5,-25.0,23.70871
1984-12-09,31.5,-25.0,26.255463
1984-12-10,31.5,-25.0,26.504791
1984-12-11,31.5,-25.0,22.761902
1984-12-12,31.5,-25.0,24.815094
1984-12-13,31.5,-25.0,27.35147
1984-12-14,31.5,-25.0,27.808197
1984-12-15,31.5,-25.0,23.848724
1984-12-16,31.5,-25.0,23.33191
1984-12-17,31.5,-25.0,25.519104
1984-12-18,31.5,-25.0,26.904541
1984-12-19,31.5,-25.0,27.767426
1984-12-20,31.5,-25.0,27.18106
1984-12-21,31.5,-25.0,22.975891
1984-12-22,31.5,-25.0,23.196777
1984-12-23,31.5,-25.0,25.921844
1984-12-24,31.5,-25.0,26.59674
1984-12-25,31.5,-25.0,20.895325
1984-12-26,31.5,-25.0,25.618866
1984-12-27,31.5,-25.0,24.8956
1984-12-28,31.5,-25.0,29.55484
1984-12-29,31.5,-25.0,22.764465
1984-12-30,31.5,-25.0,23.720947
1984-12-31,31.5,-25.0,26.706146
1985-01-01,31.5,-25.0,27.743225
1985-01-02,31.5,-25.0,27.247559
1985-01-03,31.5,-25.0,28.641907
1985-01-04,31.5,-25.0,29.947601
1985-01-05,31.5,-25.0,25.782928
1985-01-06,31.5,-25.0,26.578308
1985-01-07,31.5,-25.0,26.381836
1985-01-08,31.5,-25.0,23.817749
1985-01-09,31.5,-25.0,23.753326
1985-01-10,31.5,-25.0,25.48703
1985-01-11,31.5,-25.0,26.071777
1985-01-12,31.5,-25.0,27.676727
1985-01-13,31.5,-25.0,28.404205
1985-01-14,31.5,-25.0,28.80896
1985-01-15,31.5,-25.0,29.892487
1985-01-16,31.5,-25.0,24.165161
1985-01-17,31.5,-25.0,26.029114
1985-01-18,31.5,-25.0,27.798615
1985-01-19,31.5,-25.0,21.981812
1985-01-20,31.5,-25.0,21.95337
1985-01-21,31.5,-25.0,24.061798
1985-01-22,31.5,-25.0,25.51175
1985-01-23,31.5,-25.0,25.726227
1985-01-24,31.5,-25.0,25.113373
1985-01-25,31.5,-25.0,23.873383
1985-01-26,31.5,-25.0,24.5997
1985-01-27,31.5,-25.0,25.300537
1985-01-28,31.5,-25.0,25.293854
1985-01-29,31.5,-25.0,26.082428
1985-01-30,31.5,-25.0,26.49524
1985-01-31,31.5,-25.0,26.397064
1985-02-01,31.5,-25.0,26.909302
1985-02-02,31.5,-25.0,27.49118
1985-02-03,31.5,-25.0,27.019592
1985-02-04,31.5,-25.0,26.553406
1985-02-05,31.5,-25.0,27.328766
1985-02-06,31.5,-25.0,28.231628
1985-02-07,31.5,-25.0,28.588531
1985-02-08,31.5,-25.0,20.812561
1985-02-09,31.5,-25.0,20.67456
1985-02-10,31.5,-25.0,22.562103
1985-02-11,31.5,-25.0,23.638947
1985-02-12,31.5,-25.0,23.402588
1985-02-13,31.5,-25.0,23.387146
1985-02-14,31.5,-25.0,24.347382
1985-02-15,31.5,-25.0,25.481262
1985-02-16,31.5,-25.0,26.081726
1985-02-17,31.5,-25.0,25.234222
1985-02-18,31.5,-25.0,25.599823
1985-02-19,31.5,-25.0,24.644714
1985-02-20,31.5,-25.0,23.690094
1985-02-21,31.5,-25.0,24.50113
1985-02-22,31.5,-25.0,25.256073
1985-02-23,31.5,-25.0,25.245453
1985-02-24,31.5,-25.0,27.107391
1985-02-25,31.5,-25.0,26.178253
1985-02-26,31.5,-25.0,25.4122
1985-02-27,31.5,-25.0,25.617676
1985-02-28,31.5,-25.0,25.10315
1985-03-01,31.5,-25.0,28.390411
1985-03-02,31.5,-25.0,29.286896
1985-03-03,31.5,-25.0,27.067932
1985-03-04,31.5,-25.0,23.950226
1985-03-05,31.5,-25.0,25.416168
1985-03-06,31.5,-25.0,21.538788
1985-03-07,31.5,-25.0,20.807343
1985-03-08,31.5,-25.0,23.922943
1985-03-09,31.5,-25.0,23.792389
1985-03-10,31.5,-25.0,23.91986
1985-03-11,31.5,-25.0,24.633606
1985-03-12,31.5,-25.0,25.671295
1985-03-13,31.5,-25.0,25.85736
1985-03-14,31.5,-25.0,26.92395
1985-03-15,31.5,-25.0,28.606415
1985-03-16,31.5,-25.0,27.206848
1985-03-17,31.5,-25.0,22.896912
1985-03-18,31.5,-25.0,24.021881
1985-03-19,31.5,-25.0,24.890106
1985-03-20,31.5,-25.0,21.826904
1985-03-21,31.5,-25.0,23.551422
1985-03-22,31.5,-25.0,24.720459
1985-03-23,31.5,-25.0,25.250336
1985-03-24,31.5,-25.0,24.739471
1985-03-25,31.5,-25.0,24.272064
1985-03-26,31.5,-25.0,26.015442
1985-03-27,31.5,-25.0,23.212616
1985-03-28,31.5,-25.0,21.214813
1985-03-29,31.5,-25.0,21.178925
1985-03-30,31.5,-25.0,20.803741
1985-03-31,31.5,-25.0,21.720612
1985-04-01,31.5,-25.0,22.438873
1985-04-02,31.5,-25.0,22.604431
1985-04-03,31.5,-25.0,23.068024
1985-04-04,31.5,-25.0,23.809204
1985-04-05,31.5,-25.0,25.496765
1985-04-06,31.5,-25.0,26.581573
1985-04-07,31.5,-25.0,26.791046
1985-04-08,31.5,-25.0,19.576202
1985-04-09,31.5,-25.0,19.961517
1985-04-10,31.5,-25.0,20.757812
1985-04-11,31.5,-25.0,20.621704
1985-04-12,31.5,-25.0,21.032715
1985-04-13,31.5,-25.0,20.169312
1985-04-14,31.5,-25.0,20.186798
1985-04-15,31.5,-25.0,20.739899
1985-04-16,31.5,-25.0,21.132324
1985-04-17,31.5,-25.0,22.565704
1985-04-18,31.5,-25.0,22.812378
1985-04-19,31.5,-25.0,21.990509
1985-04-20,31.5,-25.0,22.843445
1985-04-21,31.5,-25.0,21.709686
1985-04-22,31.5,-25.0,21.725006
1985-04-23,31.5,-25.0,24.3833
1985-04-24,31.5,-25.0,22.467194
1985-04-25,31.5,-25.0,22.154053
1985-04-26,31.5,-25.0,22.780762
1985-04-27,31.5,-25.0,19.876282
1985-04-28,31.5,-25.0,22.77835
1985-04-29,31.5,-25.0,22.194641
1985-04-30,31.5,-25.0,22.450012
1985-05-01,31.5,-25.0,23.135712
1985-05-02,31.5,-25.0,21.448792
1985-05-03,31.5,-25.0,21.039948
1985-05-04,31.5,-25.0,20.286133
1985-05-05,31.5,-25.0,20.814087
1985-05-06,31.5,-25.0,20.361786
1985-05-07,31.5,-25.0,21.036652
1985-05-08,31.5,-25.0,20.479767
1985-05-09,31.5,-25.0,21.314667
1985-05-10,31.5,-25.0,20.848663
1985-05-11,31.5,-25.0,17.999512
1985-05-12,31.5,-25.0,17.32956
1985-05-13,31.5,-25.0,16.083527
1985-05-14,31.5,-25.0,17.232513
1985-05-15,31.5,-25.0,15.245453
1985-05-16,31.5,-25.0,14.988892
1985-05-17,31.5,-25.0,16.424591
1985-05-18,31.5,-25.0,15.909119
1985-05-19,31.5,-25.0,15.900757
1985-05-20,31.5,-25.0,17.46698
1985-05-21,31.5,-25.0,17.906067
1985-05-22,31.5,-25.0,18.636627
1985-05-23,31.5,-25.0,19.597137
1985-05-24,31.5,-25.0,18.668
1985-05-25,31.5,-25.0,18.394928
1985-05-26,31.5,-25.0,16.457977
1985-05-27,31.5,-25.0,16.41745
1985-05-28,31.5,-25.0,16.244324
1985-05-29,31.5,-25.0,17.012543
1985-05-30,31.5,-25.0,16.646454
1985-05-31,31.5,-25.0,17.284943
1985-06-01,31.5,-25.0,15.938934
1985-06-02,31.5,-25.0,14.49234
1985-06-03,31.5,-25.0,14.021637
1985-06-04,31.5,-25.0,14.932129
1985-06-05,31.5,-25.0,16.433105
1985-06-06,31.5,-25.0,16.633942
1985-06-07,31.5,-25.0,16.131256
1985-06-08,31.5,-25.0,16.269775
1985-06-09,31.5,-25.0,16.52298
1985-06-10,31.5,-25.0,16.70465
1985-06-11,31.5,-25.0,16.941132
1985-06-12,31.5,-25.0,16.677185
1985-06-13,31.5,-25.0,18.409088
1985-06-14,31.5,-25.0,18.754944
1985-06-15,31.5,-25.0,17.898987
1985-06-16,31.5,-25.0,19.121613
1985-06-17,31.5,-25.0,17.220062
1985-06-18,31.5,-25.0,16.745728
1985-06-19,31.5,-25.0,19.19101
1985-06-20,31.5,-25.0,17.566742
1985-06-21,31.5,-25.0,16.953156
1985-06-22,31.5,-25.0,16.386078
1985-06-23,31.5,-25.0,16.23642
1985-06-24,31.5,-25.0,17.294495
1985-06-25,31.5,-25.0,17.901001
1985-06-26,31.5,-25.0,18.579285
1985-06-27,31.5,-25.0,18.408783
1985-06-28,31.5,-25.0,17.932098
1985-06-29,31.5,-25.0,17.790009
1985-06-30,31.5,-25.0,17.53305
1985-07-01,31.5,-25.0,16.790161
1985-07-02,31.5,-25.0,16.262726
1985-07-03,31.5,-25.0,15.999817
1985-07-04,31.5,-25.0,16.220978
1985-07-05,31.5,-25.0,17.8479
1985-07-06,31.5,-25.0,19.29013
1985-07-07,31.5,-25.0,19.858368
1985-07-08,31.5,-25.0,19.998474
1985-07-09,31.5,-25.0,19.447998
1985-07-10,31.5,-25.0,18.691833
1985-07-11,31.5,-25.0,19.93872
1985-07-12,31.5,-25.0,13.213593
1985-07-13,31.5,-25.0,14.368622
1985-07-14,31.5,-25.0,16.900452
1985-07-15,31.5,-25.0,15.160034
1985-07-16,31.5,-25.0,15.168671
1985-07-17,31.5,-25.0,14.249359
1985-07-18,31.5,-25.0,14.878143
1985-07-19,31.5,-25.0,15.01828
1985-07-20,31.5,-25.0,14.882904
1985-07-21,31.5,-25.0,15.557983
1985-07-22,31.5,-25.0,17.825104
1985-07-23,31.5,-25.0,16.39804
1985-07-24,31.5,-25.0,16.54242
1985-07-25,31.5,-25.0,15.985504
1985-07-26,31.5,-25.0,18.046692
1985-07-27,31.5,-25.0,16.846863
1985-07-28,31.5,-25.0,16.703888
1985-07-29,31.5,-25.0,17.341614
1985-07-30,31.5,-25.0,18.785583
1985-07-31,31.5,-25.0,18.125702
1985-08-01,31.5,-25.0,18.194977
1985-08-02,31.5,-25.0,19.427032
1985-08-03,31.5,-25.0,20.560242
1985-08-04,31.5,-25.0,17.86972
1985-08-05,31.5,-25.0,17.9086
1985-08-06,31.5,-25.0,20.939972
1985-08-07,31.5,-25.0,22.048584
1985-08-08,31.5,-25.0,20.15738
1985-08-09,31.5,-25.0,22.793854
1985-08-10,31.5,-25.0,18.614685
1985-08-11,31.5,-25.0,18.145721
1985-08-12,31.5,-25.0,20.612457
1985-08-13,31.5,-25.0,19.25534
1985-08-14,31.5,-25.0,20.268402
1985-08-15,31.5,-25.0,18.295685
1985-08-16,31.5,-25.0,18.154755
1985-08-17,31.5,-25.0,18.63446
1985-08-18,31.5,-25.0,17.615051
1985-08-19,31.5,-25.0,18.225952
1985-08-20,31.5,-25.0,18.405914
1985-08-21,31.5,-25.0,18.686554
1985-08-22,31.5,-25.0,19.406586
1985-08-23,31.5,-25.0,18.923859
1985-08-24,31.5,-25.0,21.139496
1985-08-25,31.5,-25.0,16.818604
1985-08-26,31.5,-25.0,15.014679
1985-08-27,31.5,-25.0,15.05484
1985-08-28,31.5,-25.0,15.893463
1985-08-29,31.5,-25.0,17.486908
1985-08-30,31.5,-25.0,19.656708
1985-08-31,31.5,-25.0,20.095337
1985-09-01,31.5,-25.0,17.542389
1985-09-02,31.5,-25.0,19.73294
1985-09-03,31.5,-25.0,21.70935
1985-09-04,31.5,-25.0,21.339508
1985-09-05,31.5,-25.0,20.112152
1985-09-06,31.5,-25.0,21.303131
1985-09-07,31.5,-25.0,20.500488
1985-09-08,31.5,-25.0,20.082123
1985-09-09,31.5,-25.0,21.792267
1985-09-10,31.5,-25.0,24.081299
1985-09-11,31.5,-25.0,27.586151
1985-09-12,31.5,-25.0,26.099457
1985-09-13,31.5,-25.0,17.867401
1985-09-14,31.5,-25.0,16.900818
1985-09-15,31.5,-25.0,18.262848
1985-09-16,31.5,-25.0,18.729492
1985-09-17,31.5,-25.0,18.182678
1985-09-18,31.5,-25.0,19.845795
1985-09-19,31.5,-25.0,24.93808
1985-09-20,31.5,-25.0,19.011383
1985-09-21,31.5,-25.0,17.225586
1985-09-22,31.5,-25.0,18.233612
1985-09-23,31.5,-25.0,21.67862
1985-09-24,31.5,-25.0,25.680847
1985-09-25,31.5,-25.0,26.843597
1985-09-26,31.5,-25.0,20.874481
1985-09-27,31.5,-25.0,22.780792
1985-09-28,31.5,-25.0,26.145386
1985-09-29,31.5,-25.0,27.484344
1985-09-30,31.5,-25.0,25.50113
1985-10-01,31.5,-25.0,26.516144
1985-10-02,31.5,-25.0,28.203888
1985-10-03,31.5,-25.0,27.672821
1985-10-04,31.5,-25.0,25.774994
1985-10-05,31.5,-25.0,26.748352
1985-10-06,31.5,-25.0,20.449493
1985-10-07,31.5,-25.0,21.873932
1985-10-08,31.5,-25.0,24.682678
1985-10-09,31.5,-25.0,18.996735
1985-10-10,31.5,-25.0,20.0932
1985-10-11,31.5,-25.0,20.298676
1985-10-12,31.5,-25.0,21.465912
1985-10-13,31.5,-25.0,26.174255
1985-10-14,31.5,-25.0,24.962189
1985-10-15,31.5,-25.0,26.298798
1985-10-16,31.5,-25.0,26.376434
1985-10-17,31.5,-25.0,21.150452
1985-10-18,31.5,-25.0,22.043823
1985-10-19,31.5,-25.0,21.265137
1985-10-20,31.5,-25.0,22.28003
1985-10-21,31.5,-25.0,22.45343
1985-10-22,31.5,-25.0,22.84076
1985-10-23,31.5,-25.0,24.456879
1985-10-24,31.5,-25.0,25.706512
1985-10-25,31.5,-25.0,25.752686
1985-10-26,31.5,-25.0,25.234955
1985-10-27,31.5,-25.0,25.724213
1985-10-28,31.5,-25.0,26.250427
1985-10-29,31.5,-25.0,26.026093
1985-10-30,31.5,-25.0,19.994202
1985-10-31,31.5,-25.0,20.911957
1985-11-01,31.5,-25.0,20.89566
1985-11-02,31.5,-25.0,24.21698
1985-11-03,31.5,-25.0,25.174286
1985-11-04,31.5,-25.0,25.132996
1985-11-05,31.5,-25.0,26.351685
1985-11-06,31.5,-25.0,27.019836
1985-11-07,31.5,-25.0,27.404205
1985-11-08,31.5,-25.0,23.923431
1985-11-09,31.5,-25.0,21.18753
1985-11-10,31.5,-25.0,19.593384
1985-11-11,31.5,-25.0,20.205658
1985-11-12,31.5,-25.0,20.013885
1985-11-13,31.5,-25.0,20.760986
1985-11-14,31.5,-25.0,23.137238
1985-11-15,31.5,-25.0,24.115143
1985-11-16,31.5,-25.0,23.620178
1985-11-17,31.5,-25.0,23.298218
1985-11-18,31.5,-25.0,23.177979
1985-11-19,31.5,-25.0,23.054413
1985-11-20,31.5,-25.0,22.834625
1985-11-21,31.5,-25.0,24.756989
1985-11-22,31.5,-25.0,27.39682
1985-11-23,31.5,-25.0,28.142975
1985-11-24,31.5,-25.0,27.399323
1985-11-25,31.5,-25.0,26.460602
1985-11-26,31.5,-25.0,25.447876
1985-11-27,31.5,-25.0,23.60373
1985-11-28,31.5,-25.0,23.463745
1985-11-29,31.5,-25.0,23.851898
1985-11-30,31.5,-25.0,19.59616
1985-12-01,31.5,-25.0,21.278961
1985-12-02,31.5,-25.0,23.189117
1985-12-03,31.5,-25.0,26.46222
1985-12-04,31.5,-25.0,23.803741
1985-12-05,31.5,-25.0,23.741547
1985-12-06,31.5,-25.0,24.137909
1985-12-07,31.5,-25.0,24.669464
1985-12-08,31.5,-25.0,26.729889
1985-12-09,31.5,-25.0,27.611298
1985-12-10,31.5,-25.0,27.67871
1985-12-11,31.5,-25.0,22.311646
1985-12-12,31.5,-25.0,23.237274
1985-12-13,31.5,-25.0,25.733612
1985-12-14,31.5,-25.0,26.412872
1985-12-15,31.5,-25.0,22.392303
1985-12-16,31.5,-25.0,24.621155
1985-12-17,31.5,-25.0,24.876556
1985-12-18,31.5,-25.0,23.95465
1985-12-19,31.5,-25.0,22.376648
1985-12-20,31.5,-25.0,22.045837
1985-12-21,31.5,-25.0,23.714233
1985-12-22,31.5,-25.0,21.302307
1985-12-23,31.5,-25.0,22.27417
1985-12-24,31.5,-25.0,25.558044
1985-12-25,31.5,-25.0,27.075531
1985-12-26,31.5,-25.0,23.562622
1985-12-27,31.5,-25.0,25.72284
1985-12-28,31.5,-25.0,27.456665
1985-12-29,31.5,-25.0,28.015045
1985-12-30,31.5,-25.0,29.078491
1985-12-31,31.5,-25.0,26.10553
1986-01-01,31.5,-25.0,23.388947
1986-01-02,31.5,-25.0,24.722412
1986-01-03,31.5,-25.0,28.520416
1986-01-04,31.5,-25.0,24.85672
1986-01-05,31.5,-25.0,23.56717
1986-01-06,31.5,-25.0,24.35669
1986-01-07,31.5,-25.0,23.905914
1986-01-08,31.5,-25.0,22.976288
1986-01-09,31.5,-25.0,23.712952
1986-01-10,31.5,-25.0,24.00589
1986-01-11,31.5,-25.0,24.804138
1986-01-12,31.5,-25.0,25.910034
1986-01-13,31.5,-25.0,26.853455
1986-01-14,31.5,-25.0,28.967163
1986-01-15,31.5,-25.0,28.96045
1986-01-16,31.5,-25.0,22.843872
1986-01-17,31.5,-25.0,24.89743
1986-01-18,31.5,-25.0,24.399506
1986-01-19,31.5,-25.0,22.249695
1986-01-20,31.5,-25.0,23.743988
1986-01-21,31.5,-25.0,25.261505
1986-01-22,31.5,-25.0,23.300018
1986-01-23,31.5,-25.0,22.151947
1986-01-24,31.5,-25.0,23.981964
1986-01-25,31.5,-25.0,24.17038
1986-01-26,31.5,-25.0,25.819672
1986-01-27,31.5,-25.0,26.829834
1986-01-28,31.5,-25.0,27.890198
1986-01-29,31.5,-25.0,26.396454
1986-01-30,31.5,-25.0,23.410553
1986-01-31,31.5,-25.0,25.713745
1986-02-01,31.5,-25.0,25.736694
1986-02-02,31.5,-25.0,24.219238
1986-02-03,31.5,-25.0,23.641357
1986-02-04,31.5,-25.0,26.481445
1986-02-05,31.5,-25.0,27.303314
1986-02-06,31.5,-25.0,24.588715
1986-02-07,31.5,-25.0,26.718262
1986-02-08,31.5,-25.0,28.3331
1986-02-09,31.5,-25.0,26.88089
1986-02-10,31.5,-25.0,26.41446
1986-02-11,31.5,-25.0,26.646088
1986-02-12,31.5,-25.0,26.07724
1986-02-13,31.5,-25.0,22.872223
1986-02-14,31.5,-25.0,23.069122
1986-02-15,31.5,-25.0,24.268066
1986-02-16,31.5,-25.0,24.259583
1986-02-17,31.5,-25.0,24.442963
1986-02-18,31.5,-25.0,24.01593
1986-02-19,31.5,-25.0,24.982178
1986-02-20,31.5,-25.0,25.83667
1986-02-21,31.5,-25.0,27.073517
1986-02-22,31.5,-25.0,27.834656
1986-02-23,31.5,-25.0,27.533173
1986-02-24,31.5,-25.0,22.51352
1986-02-25,31.5,-25.0,23.643372
1986-02-26,31.5,-25.0,22.36435
1986-02-27,31.5,-25.0,22.332733
1986-02-28,31.5,-25.0,24.392242
1986-03-01,31.5,-25.0,24.31894
1986-03-02,31.5,-25.0,26.47229
1986-03-03,31.5,-25.0,27.174377
1986-03-04,31.5,-25.0,25.36615
1986-03-05,31.5,-25.0,25.997192
1986-03-06,31.5,-25.0,25.865417
1986-03-07,31.5,-25.0,25.983124
1986-03-08,31.5,-25.0,26.908295
1986-03-09,31.5,-25.0,27.75122
1986-03-10,31.5,-25.0,28.177216
1986-03-11,31.5,-25.0,27.855682
1986-03-12,31.5,-25.0,25.099396
1986-03-13,31.5,-25.0,26.089966
1986-03-14,31.5,-25.0,28.082031
1986-03-15,31.5,-25.0,29.67215
1986-03-16,31.5,-25.0,30.299652
1986-03-17,31.5,-25.0,23.506836
1986-03-18,31.5,-25.0,25.421844
1986-03-19,31.5,-25.0,25.407623
1986-03-20,31.5,-25.0,24.483276
1986-03-21,31.5,-25.0,25.052002
1986-03-22,31.5,-25.0,26.251617
1986-03-23,31.5,-25.0,27.805542
1986-03-24,31.5,-25.0,22.162079
1986-03-25,31.5,-25.0,19.096527
1986-03-26,31.5,-25.0,19.564148
1986-03-27,31.5,-25.0,20.151215
1986-03-28,31.5,-25.0,20.976837
1986-03-29,31.5,-25.0,22.845276
1986-03-30,31.5,-25.0,24.499817
1986-03-31,31.5,-25.0,21.00418
1986-04-01,31.5,-25.0,21.239105
1986-04-02,31.5,-25.0,21.500336
1986-04-03,31.5,-25.0,21.65033
1986-04-04,31.5,-25.0,22.473755
1986-04-05,31.5,-25.0,24.176178
1986-04-06,31.5,-25.0,25.563385
1986-04-07,31.5,-25.0,26.003906
1986-04-08,31.5,-25.0,25.932556
1986-04-09,31.5,-25.0,25.661102
1986-04-10,31.5,-25.0,25.948975
1986-04-11,31.5,-25.0,25.446167
1986-04-12,31.5,-25.0,22.129578
1986-04-13,31.5,-25.0,23.103668
1986-04-14,31.5,-25.0,22.235107
1986-04-15,31.5,-25.0,24.200195
1986-04-16,31.5,-25.0,21.359558
1986-04-17,31.5,-25.0,22.328735
1986-04-18,31.5,-25.0,24.643158
1986-04-19,31.5,-25.0,23.699493
1986-04-20,31.5,-25.0,21.061157
1986-04-21,31.5,-25.0,20.283508
1986-04-22,31.5,-25.0,19.378357
1986-04-23,31.5,-25.0,19.959717
1986-04-24,31.5,-25.0,19.944244
1986-04-25,31.5,-25.0,20.04245
1986-04-26,31.5,-25.0,20.292816
1986-04-27,31.5,-25.0,20.966675
1986-04-28,31.5,-25.0,20.64569
1986-04-29,31.5,-25.0,20.64328
1986-04-30,31.5,-25.0,22.018524
1986-05-01,31.5,-25.0,21.93988
1986-05-02,31.5,-25.0,20.978577
1986-05-03,31.5,-25.0,22.35019
1986-05-04,31.5,-25.0,19.511444
1986-05-05,31.5,-25.0,17.068085
1986-05-06,31.5,-25.0,16.337158
1986-05-07,31.5,-25.0,18.3609
1986-05-08,31.5,-25.0,19.811188
1986-05-09,31.5,-25.0,22.328339
1986-05-10,31.5,-25.0,21.031433
1986-05-11,31.5,-25.0,22.596283
1986-05-12,31.5,-25.0,22.239838
1986-05-13,31.5,-25.0,19.777557
1986-05-14,31.5,-25.0,21.120636
1986-05-15,31.5,-25.0,21.305542
1986-05-16,31.5,-25.0,18.901215
1986-05-17,31.5,-25.0,19.82965
1986-05-18,31.5,-25.0,18.615845
1986-05-19,31.5,-25.0,18.394714
1986-05-20,31.5,-25.0,17.930939
1986-05-21,31.5,-25.0,18.809357
1986-05-22,31.5,-25.0,19.352386
1986-05-23,31.5,-25.0,18.713226
1986-05-24,31.5,-25.0,19.243988
1986-05-25,31.5,-25.0,18.613281
1986-05-26,31.5,-25.0,17.219208
1986-05-27,31.5,-25.0,16.864685
1986-05-28,31.5,-25.0,18.55716
1986-05-29,31.5,-25.0,18.718933
1986-05-30,31.5,-25.0,19.247772
1986-05-31,31.5,-25.0,18.911316
1986-06-01,31.5,-25.0,19.543274
1986-06-02,31.5,-25.0,19.736572
1986-06-03,31.5,-25.0,18.714111
1986-06-04,31.5,-25.0,18.500702
1986-06-05,31.5,-25.0,15.746246
1986-06-06,31.5,-25.0,14.896576
1986-06-07,31.5,-25.0,14.97702
1986-06-08,31.5,-25.0,15.482574
1986-06-09,31.5,-25.0,14.371399
1986-06-10,31.5,-25.0,15.246796
1986-06-11,31.5,-25.0,16.056366
1986-06-12,31.5,-25.0,16.445099
1986-06-13,31.5,-25.0,17.217499
1986-06-14,31.5,-25.0,16.787048
1986-06-15,31.5,-25.0,16.786987
1986-06-16,31.5,-25.0,17.152344
1986-06-17,31.5,-25.0,17.60608
1986-06-18,31.5,-25.0,17.31604
1986-06-19,31.5,-25.0,16.728851
1986-06-20,31.5,-25.0,17.384491
1986-06-21,31.5,-25.0,18.847473
1986-06-22,31.5,-25.0,15.911743
1986-06-23,31.5,-25.0,14.969482
1986-06-24,31.5,-25.0,15.9843445
1986-06-25,31.5,-25.0,16.401703
1986-06-26,31.5,-25.0,15.372955
1986-06-27,31.5,-25.0,16.206512
1986-06-28,31.5,-25.0,16.052399
1986-06-29,31.5,-25.0,16.07843
1986-06-30,31.5,-25.0,15.725739
1986-07-01,31.5,-25.0,15.9826355
1986-07-02,31.5,-25.0,15.966919
1986-07-03,31.5,-25.0,15.897583
1986-07-04,31.5,-25.0,17.663483
1986-07-05,31.5,-25.0,16.016724
1986-07-06,31.5,-25.0,15.087616
1986-07-07,31.5,-25.0,14.562683
1986-07-08,31.5,-25.0,15.501923
1986-07-09,31.5,-25.0,16.49704
1986-07-10,31.5,-25.0,16.634277
1986-07-11,31.5,-25.0,18.347076
1986-07-12,31.5,-25.0,18.161774
1986-07-13,31.5,-25.0,17.387299
1986-07-14,31.5,-25.0,18.13919
1986-07-15,31.5,-25.0,19.962097
1986-07-16,31.5,-25.0,16.489746
1986-07-17,31.5,-25.0,17.164734
1986-07-18,31.5,-25.0,16.831543
1986-07-19,31.5,-25.0,15.290436
1986-07-20,31.5,-25.0,15.290192
1986-07-21,31.5,-25.0,15.165802
1986-07-22,31.5,-25.0,16.231506
1986-07-23,31.5,-25.0,16.396606
1986-07-24,31.5,-25.0,17.452362
1986-07-25,31.5,-25.0,17.336334
1986-07-26,31.5,-25.0,16.02768
1986-07-27,31.5,-25.0,16.349731
1986-07-28,31.5,-25.0,15.424805
1986-07-29,31.5,-25.0,15.30191
1986-07-30,31.5,-25.0,15.1521
1986-07-31,31.5,-25.0,15.847626
1986-08-01,31.5,-25.0,15.820343
1986-08-02,31.5,-25.0,15.855835
1986-08-03,31.5,-25.0,17.594238
1986-08-04,31.5,-25.0,18.927277
1986-08-05,31.5,-25.0,19.26352
1986-08-06,31.5,-25.0,19.696838
1986-08-07,31.5,-25.0,18.17807
1986-08-08,31.5,-25.0,17.513977
1986-08-09,31.5,-25.0,19.066803
1986-08-10,31.5,-25.0,20.796143
1986-08-11,31.5,-25.0,21.196259
1986-08-12,31.5,-25.0,18.675537
1986-08-13,31.5,-25.0,18.317413
1986-08-14,31.5,-25.0,20.54544
1986-08-15,31.5,-25.0,20.172913
1986-08-16,31.5,-25.0,19.561401
1986-08-17,31.5,-25.0,21.457062
1986-08-18,31.5,-25.0,18.433716
1986-08-19,31.5,-25.0,17.4133
1986-08-20,31.5,-25.0,18.19336
1986-08-21,31.5,-25.0,17.130707
1986-08-22,31.5,-25.0,16.521484
1986-08-23,31.5,-25.0,19.53772
1986-08-24,31.5,-25.0,21.928223
1986-08-25,31.5,-25.0,23.025421
1986-08-26,31.5,-25.0,24.087433
1986-08-27,31.5,-25.0,22.642365
1986-08-28,31.5,-25.0,22.480408
1986-08-29,31.5,-25.0,20.894531
1986-08-30,31.5,-25.0,21.458435
1986-08-31,31.5,-25.0,22.1138
1986-09-01,31.5,-25.0,18.768524
1986-09-02,31.5,-25.0,20.046082
1986-09-03,31.5,-25.0,18.874329
1986-09-04,31.5,-25.0,19.423553
1986-09-05,31.5,-25.0,21.609985
1986-09-06,31.5,-25.0,22.768799
1986-09-07,31.5,-25.0,21.444672
1986-09-08,31.5,-25.0,19.859741
1986-09-09,31.5,-25.0,18.759827
1986-09-10,31.5,-25.0,21.085785
1986-09-11,31.5,-25.0,23.307526
1986-09-12,31.5,-25.0,22.85971
1986-09-13,31.5,-25.0,19.717651
1986-09-14,31.5,-25.0,21.473358
1986-09-15,31.5,-25.0,24.369019
1986-09-16,31.5,-25.0,25.621796
1986-09-17,31.5,-25.0,19.478516
1986-09-18,31.5,-25.0,20.573181
1986-09-19,31.5,-25.0,23.264374
1986-09-20,31.5,-25.0,21.648651
1986-09-21,31.5,-25.0,22.334564
1986-09-22,31.5,-25.0,23.202332
1986-09-23,31.5,-25.0,24.451447
1986-09-24,31.5,-25.0,24.991241
1986-09-25,31.5,-25.0,18.649414
1986-09-26,31.5,-25.0,14.489075
1986-09-27,31.5,-25.0,16.503204
1986-09-28,31.5,-25.0,17.261414
1986-09-29,31.5,-25.0,18.544006
1986-09-30,31.5,-25.0,19.145844
1986-10-01,31.5,-25.0,20.97583
1986-10-02,31.5,-25.0,20.351624
1986-10-03,31.5,-25.0,18.976898
1986-10-04,31.5,-25.0,21.308594
1986-10-05,31.5,-25.0,25.183655
1986-10-06,31.5,-25.0,26.067932
1986-10-07,31.5,-25.0,20.786652
1986-10-08,31.5,-25.0,19.643219
1986-10-09,31.5,-25.0,22.665558
1986-10-10,31.5,-25.0,25.536499
1986-10-11,31.5,-25.0,21.500854
1986-10-12,31.5,-25.0,22.361938
1986-10-13,31.5,-25.0,22.553314
1986-10-14,31.5,-25.0,25.21814
1986-10-15,31.5,-25.0,22.795624
1986-10-16,31.5,-25.0,22.724976
1986-10-17,31.5,-25.0,22.434845
1986-10-18,31.5,-25.0,25.296326
1986-10-19,31.5,-25.0,25.5896
1986-10-20,31.5,-25.0,26.604034
1986-10-21,31.5,-25.0,26.701874
1986-10-22,31.5,-25.0,24.982117
1986-10-23,31.5,-25.0,25.360565
1986-10-24,31.5,-25.0,25.032715
1986-10-25,31.5,-25.0,21.744293
1986-10-26,31.5,-25.0,25.021362
1986-10-27,31.5,-25.0,27.93863
1986-10-28,31.5,-25.0,18.073486
1986-10-29,31.5,-25.0,16.858337
1986-10-30,31.5,-25.0,20.802612
1986-10-31,31.5,-25.0,22.703522
1986-11-01,31.5,-25.0,20.975769
1986-11-02,31.5,-25.0,20.34555
1986-11-03,31.5,-25.0,24.888214
1986-11-04,31.5,-25.0,23.812927
1986-11-05,31.5,-25.0,21.422394
1986-11-06,31.5,-25.0,20.567596
1986-11-07,31.5,-25.0,22.842407
1986-11-08,31.5,-25.0,26.252106
1986-11-09,31.5,-25.0,21.035217
1986-11-10,31.5,-25.0,20.118347
1986-11-11,31.5,-25.0,21.29718
1986-11-12,31.5,-25.0,22.359314
1986-11-13,31.5,-25.0,25.099823
1986-11-14,31.5,-25.0,27.45929
1986-11-15,31.5,-25.0,25.220062
1986-11-16,31.5,-25.0,21.760101
1986-11-17,31.5,-25.0,23.06363
1986-11-18,31.5,-25.0,24.832123
1986-11-19,31.5,-25.0,24.494171
1986-11-20,31.5,-25.0,22.317078
1986-11-21,31.5,-25.0,22.854034
1986-11-22,31.5,-25.0,26.804504
1986-11-23,31.5,-25.0,23.786499
1986-11-24,31.5,-25.0,24.945038
1986-11-25,31.5,-25.0,25.614838
1986-11-26,31.5,-25.0,25.997498
1986-11-27,31.5,-25.0,28.13266
1986-11-28,31.5,-25.0,22.12497
1986-11-29,31.5,-25.0,19.641632
1986-11-30,31.5,-25.0,22.807922
1986-12-01,31.5,-25.0,27.446838
1986-12-02,31.5,-25.0,29.240143
1986-12-03,31.5,-25.0,26.434143
1986-12-04,31.5,-25.0,26.671967
1986-12-05,31.5,-25.0,27.394012
1986-12-06,31.5,-25.0,26.933197
1986-12-07,31.5,-25.0,26.383026
1986-12-08,31.5,-25.0,25.568146
1986-12-09,31.5,-25.0,25.630066
1986-12-10,31.5,-25.0,22.649872
1986-12-11,31.5,-25.0,20.462616
1986-12-12,31.5,-25.0,22.683258
1986-12-13,31.5,-25.0,22.956757
1986-12-14,31.5,-25.0,23.75412
1986-12-15,31.5,-25.0,25.6521
1986-12-16,31.5,-25.0,28.844818
1986-12-17,31.5,-25.0,20.543427
1986-12-18,31.5,-25.0,22.344666
1986-12-19,31.5,-25.0,22.931702
1986-12-20,31.5,-25.0,22.884216
1986-12-21,31.5,-25.0,23.958221
1986-12-22,31.5,-25.0,26.902222
1986-12-23,31.5,-25.0,26.59671
1986-12-24,31.5,-25.0,29.286865
1986-12-25,31.5,-25.0,29.449097
1986-12-26,31.5,-25.0,29.138062
1986-12-27,31.5,-25.0,28.390076
1986-12-28,31.5,-25.0,26.089172
1986-12-29,31.5,-25.0,23.369873
1986-12-30,31.5,-25.0,23.666962
1986-12-31,31.5,-25.0,22.481018
1987-01-01,31.5,-25.0,25.030518
1987-01-02,31.5,-25.0,24.923279
1987-01-03,31.5,-25.0,22.402191
1987-01-04,31.5,-25.0,21.844025
1987-01-05,31.5,-25.0,24.797577
1987-01-06,31.5,-25.0,25.525818
1987-01-07,31.5,-25.0,25.243927
1987-01-08,31.5,-25.0,24.08609
1987-01-09,31.5,-25.0,24.766876
1987-01-10,31.5,-25.0,25.714294
1987-01-11,31.5,-25.0,26.539764
1987-01-12,31.5,-25.0,27.376587
1987-01-13,31.5,-25.0,25.73172
1987-01-14,31.5,-25.0,28.269348
1987-01-15,31.5,-25.0,25.56195
1987-01-16,31.5,-25.0,25.076202
1987-01-17,31.5,-25.0,25.620453
1987-01-18,31.5,-25.0,26.699982
1987-01-19,31.5,-25.0,27.73108
1987-01-20,31.5,-25.0,28.09201
1987-01-21,31.5,-25.0,24.194
1987-01-22,31.5,-25.0,24.887299
1987-01-23,31.5,-25.0,27.004059
1987-01-24,31.5,-25.0,27.078644
1987-01-25,31.5,-25.0,21.609314
1987-01-26,31.5,-25.0,22.806671
1987-01-27,31.5,-25.0,24.65158
1987-01-28,31.5,-25.0,26.68219
1987-01-29,31.5,-25.0,25.845886
1987-01-30,31.5,-25.0,27.664185
1987-01-31,31.5,-25.0,27.767212
1987-02-01,31.5,-25.0,27.660095
1987-02-02,31.5,-25.0,28.696808
1987-02-03,31.5,-25.0,28.82486
1987-02-04,31.5,-25.0,28.176575
1987-02-05,31.5,-25.0,27.07846
1987-02-06,31.5,-25.0,27.783264
1987-02-07,31.5,-25.0,26.579254
1987-02-08,31.5,-25.0,26.460175
1987-02-09,31.5,-25.0,27.247498
1987-02-10,31.5,-25.0,29.016937
1987-02-11,31.5,-25.0,24.663605
1987-02-12,31.5,-25.0,25.185883
1987-02-13,31.5,-25.0,27.421661
1987-02-14,31.5,-25.0,28.49701
1987-02-15,31.5,-25.0,28.077911
1987-02-16,31.5,-25.0,27.18338
1987-02-17,31.5,-25.0,27.458801
1987-02-18,31.5,-25.0,27.897552
1987-02-19,31.5,-25.0,28.964294
1987-02-20,31.5,-25.0,30.634308
1987-02-21,31.5,-25.0,27.263336
1987-02-22,31.5,-25.0,29.16092
1987-02-23,31.5,-25.0,29.68451
1987-02-24,31.5,-25.0,28.59076
1987-02-25,31.5,-25.0,28.903015
1987-02-26,31.5,-25.0,28.010864
1987-02-27,31.5,-25.0,28.195862
1987-02-28,31.5,-25.0,27.57306
1987-03-01,31.5,-25.0,26.985321
1987-03-02,31.5,-25.0,26.338745
1987-03-03,31.5,-25.0,27.467072
1987-03-04,31.5,-25.0,26.161957
1987-03-05,31.5,-25.0,27.223236
1987-03-06,31.5,-25.0,26.018219
1987-03-07,31.5,-25.0,25.055237
1987-03-08,31.5,-25.0,25.94873
1987-03-09,31.5,-25.0,25.43509
1987-03-10,31.5,-25.0,23.821564
1987-03-11,31.5,-25.0,24.253052
1987-03-12,31.5,-25.0,25.30783
1987-03-13,31.5,-25.0,26.775574
1987-03-14,31.5,-25.0,27.242157
1987-03-15,31.5,-25.0,27.91925
1987-03-16,31.5,-25.0,26.616547
1987-03-17,31.5,-25.0,25.561035
1987-03-18,31.5,-25.0,25.098785
1987-03-19,31.5,-25.0,26.39444
1987-03-20,31.5,-25.0,26.13031
1987-03-21,31.5,-25.0,24.519775
1987-03-22,31.5,-25.0,24.061707
1987-03-23,31.5,-25.0,23.707794
1987-03-24,31.5,-25.0,24.109467
1987-03-25,31.5,-25.0,24.326843
1987-03-26,31.5,-25.0,22.567078
1987-03-27,31.5,-25.0,21.996063
1987-03-28,31.5,-25.0,22.04721
1987-03-29,31.5,-25.0,24.590546
1987-03-30,31.5,-25.0,25.793732
1987-03-31,31.5,-25.0,24.947327
1987-04-01,31.5,-25.0,26.702362
1987-04-02,31.5,-25.0,26.62143
1987-04-03,31.5,-25.0,27.42865
1987-04-04,31.5,-25.0,27.989502
1987-04-05,31.5,-25.0,25.592102
1987-04-06,31.5,-25.0,27.044006
1987-04-07,31.5,-25.0,28.215973
1987-04-08,31.5,-25.0,26.707672
1987-04-09,31.5,-25.0,25.510712
1987-04-10,31.5,-25.0,27.716187
1987-04-11,31.5,-25.0,22.875183
1987-04-12,31.5,-25.0,22.462189
1987-04-13,31.5,-25.0,24.140411
1987-04-14,31.5,-25.0,26.250061
1987-04-15,31.5,-25.0,27.354462
1987-04-16,31.5,-25.0,19.90216
1987-04-17,31.5,-25.0,20.755493
1987-04-18,31.5,-25.0,20.590637
1987-04-19,31.5,-25.0,19.996063
1987-04-20,31.5,-25.0,20.819336
1987-04-21,31.5,-25.0,21.92575
1987-04-22,31.5,-25.0,22.146332
1987-04-23,31.5,-25.0,24.348633
1987-04-24,31.5,-25.0,22.291718
1987-04-25,31.5,-25.0,21.216095
1987-04-26,31.5,-25.0,21.549957
1987-04-27,31.5,-25.0,21.212646
1987-04-28,31.5,-25.0,23.336578
1987-04-29,31.5,-25.0,22.526978
1987-04-30,31.5,-25.0,21.225159
1987-05-01,31.5,-25.0,21.16388
1987-05-02,31.5,-25.0,20.638397
1987-05-03,31.5,-25.0,20.85202
1987-05-04,31.5,-25.0,19.946411
1987-05-05,31.5,-25.0,22.916077
1987-05-06,31.5,-25.0,22.3461
1987-05-07,31.5,-25.0,23.565674
1987-05-08,31.5,-25.0,22.930511
1987-05-09,31.5,-25.0,24.39151
1987-05-10,31.5,-25.0,23.65332
1987-05-11,31.5,-25.0,23.920319
1987-05-12,31.5,-25.0,24.26529
1987-05-13,31.5,-25.0,24.74646
1987-05-14,31.5,-25.0,24.776733
1987-05-15,31.5,-25.0,21.688934
1987-05-16,31.5,-25.0,23.10675
1987-05-17,31.5,-25.0,22.545746
1987-05-18,31.5,-25.0,22.517792
1987-05-19,31.5,-25.0,20.783813
1987-05-20,31.5,-25.0,21.133698
1987-05-21,31.5,-25.0,21.265808
1987-05-22,31.5,-25.0,19.67685
1987-05-23,31.5,-25.0,18.342987
1987-05-24,31.5,-25.0,17.253448
1987-05-25,31.5,-25.0,16.128448
1987-05-26,31.5,-25.0,18.139282
1987-05-27,31.5,-25.0,19.466736
1987-05-28,31.5,-25.0,18.198761
1987-05-29,31.5,-25.0,17.99234
1987-05-30,31.5,-25.0,18.186188
1987-05-31,31.5,-25.0,17.792114
1987-06-01,31.5,-25.0,18.974823
1987-06-02,31.5,-25.0,19.760315
1987-06-03,31.5,-25.0,18.451935
1987-06-04,31.5,-25.0,18.508423
1987-06-05,31.5,-25.0,20.017792
1987-06-06,31.5,-25.0,15.534332
1987-06-07,31.5,-25.0,13.7196045
1987-06-08,31.5,-25.0,14.494659
1987-06-09,31.5,-25.0,15.659424
1987-06-10,31.5,-25.0,17.409393
1987-06-11,31.5,-25.0,16.996155
1987-06-12,31.5,-25.0,17.065704
1987-06-13,31.5,-25.0,16.131042
1987-06-14,31.5,-25.0,16.241669
1987-06-15,31.5,-25.0,17.353638
1987-06-16,31.5,-25.0,17.679504
1987-06-17,31.5,-25.0,17.72644
1987-06-18,31.5,-25.0,13.119629
1987-06-19,31.5,-25.0,12.794556
1987-06-20,31.5,-25.0,13.59491
1987-06-21,31.5,-25.0,13.603485
1987-06-22,31.5,-25.0,13.598602
1987-06-23,31.5,-25.0,13.939423
1987-06-24,31.5,-25.0,15.980133
1987-06-25,31.5,-25.0,16.585602
1987-06-26,31.5,-25.0,13.269684
1987-06-27,31.5,-25.0,16.286682
1987-06-28,31.5,-25.0,14.923004
1987-06-29,31.5,-25.0,15.221771
1987-06-30,31.5,-25.0,14.11618
1987-07-01,31.5,-25.0,13.525238
1987-07-02,31.5,-25.0,14.784637
1987-07-03,31.5,-25.0,15.517883
1987-07-04,31.5,-25.0,14.6519165
1987-07-05,31.5,-25.0,13.648682
1987-07-06,31.5,-25.0,16.326752
1987-07-07,31.5,-25.0,14.92807
1987-07-08,31.5,-25.0,15.046509
1987-07-09,31.5,-25.0,14.9086
1987-07-10,31.5,-25.0,16.25061
1987-07-11,31.5,-25.0,17.564331
1987-07-12,31.5,-25.0,17.465668
1987-07-13,31.5,-25.0,16.314056
1987-07-14,31.5,-25.0,17.254883
1987-07-15,31.5,-25.0,16.840668
1987-07-16,31.5,-25.0,15.420746
1987-07-17,31.5,-25.0,14.373474
1987-07-18,31.5,-25.0,15.792175
1987-07-19,31.5,-25.0,17.20047
1987-07-20,31.5,-25.0,18.88327
1987-07-21,31.5,-25.0,14.791901
1987-07-22,31.5,-25.0,15.282593
1987-07-23,31.5,-25.0,16.932068
1987-07-24,31.5,-25.0,17.446045
1987-07-25,31.5,-25.0,16.745758
1987-07-26,31.5,-25.0,18.893097
1987-07-27,31.5,-25.0,18.300903
1987-07-28,31.5,-25.0,19.538544
1987-07-29,31.5,-25.0,18.288757
1987-07-30,31.5,-25.0,17.24649
1987-07-31,31.5,-25.0,17.41626
1987-08-01,31.5,-25.0,16.515778
1987-08-02,31.5,-25.0,16.401611
1987-08-03,31.5,-25.0,18.579742
1987-08-04,31.5,-25.0,20.817963
1987-08-05,31.5,-25.0,15.746307
1987-08-06,31.5,-25.0,14.486511
1987-08-07,31.5,-25.0,15.192657
1987-08-08,31.5,-25.0,16.022308
1987-08-09,31.5,-25.0,16.833496
1987-08-10,31.5,-25.0,17.897491
1987-08-11,31.5,-25.0,20.230377
1987-08-12,31.5,-25.0,22.136902
1987-08-13,31.5,-25.0,17.652252
1987-08-14,31.5,-25.0,16.501892
1987-08-15,31.5,-25.0,18.013367
1987-08-16,31.5,-25.0,16.501465
1987-08-17,31.5,-25.0,19.230164
1987-08-18,31.5,-25.0,17.934326
1987-08-19,31.5,-25.0,18.896149
1987-08-20,31.5,-25.0,17.45163
1987-08-21,31.5,-25.0,18.504547
1987-08-22,31.5,-25.0,21.23523
1987-08-23,31.5,-25.0,22.47821
1987-08-24,31.5,-25.0,19.312744
1987-08-25,31.5,-25.0,13.9001465
1987-08-26,31.5,-25.0,14.689087
1987-08-27,31.5,-25.0,15.547333
1987-08-28,31.5,-25.0,18.828766
1987-08-29,31.5,-25.0,17.444855
1987-08-30,31.5,-25.0,19.07315
1987-08-31,31.5,-25.0,22.85556
1987-09-01,31.5,-25.0,23.787445
1987-09-02,31.5,-25.0,20.570618
1987-09-03,31.5,-25.0,20.494995
1987-09-04,31.5,-25.0,20.900665
1987-09-05,31.5,-25.0,16.016998
1987-09-06,31.5,-25.0,17.099792
1987-09-07,31.5,-25.0,18.611328
1987-09-08,31.5,-25.0,19.981384
1987-09-09,31.5,-25.0,19.959106
1987-09-10,31.5,-25.0,20.253784
1987-09-11,31.5,-25.0,20.825287
1987-09-12,31.5,-25.0,21.721924
1987-09-13,31.5,-25.0,23.228302
1987-09-14,31.5,-25.0,22.908844
1987-09-15,31.5,-25.0,24.377625
1987-09-16,31.5,-25.0,20.226562
1987-09-17,31.5,-25.0,14.863068
1987-09-18,31.5,-25.0,16.987396
1987-09-19,31.5,-25.0,17.416046
1987-09-20,31.5,-25.0,21.613129
1987-09-21,31.5,-25.0,23.174805
1987-09-22,31.5,-25.0,21.958282
1987-09-23,31.5,-25.0,21.697906
1987-09-24,31.5,-25.0,21.86084
1987-09-25,31.5,-25.0,21.902649
1987-09-26,31.5,-25.0,16.65097
1987-09-27,31.5,-25.0,16.291565
1987-09-28,31.5,-25.0,17.472168
1987-09-29,31.5,-25.0,19.404663
1987-09-30,31.5,-25.0,20.995697
1987-10-01,31.5,-25.0,21.666351
1987-10-02,31.5,-25.0,14.123474
1987-10-03,31.5,-25.0,15.055511
1987-10-04,31.5,-25.0,15.495605
1987-10-05,31.5,-25.0,17.378662
1987-10-06,31.5,-25.0,20.309845
1987-10-07,31.5,-25.0,20.794586
1987-10-08,31.5,-25.0,21.350555
1987-10-09,31.5,-25.0,22.953827
1987-10-10,31.5,-25.0,22.323853
1987-10-11,31.5,-25.0,23.876373
1987-10-12,31.5,-25.0,22.156372
1987-10-13,31.5,-25.0,16.846466
1987-10-14,31.5,-25.0,19.292633
1987-10-15,31.5,-25.0,20.166779
1987-10-16,31.5,-25.0,18.439697
1987-10-17,31.5,-25.0,18.626526
1987-10-18,31.5,-25.0,19.837646
1987-10-19,31.5,-25.0,19.4346
1987-10-20,31.5,-25.0,21.138214
1987-10-21,31.5,-25.0,19.47351
1987-10-22,31.5,-25.0,20.994019
1987-10-23,31.5,-25.0,22.68924
1987-10-24,31.5,-25.0,22.733765
1987-10-25,31.5,-25.0,24.253479
1987-10-26,31.5,-25.0,22.026062
1987-10-27,31.5,-25.0,19.760712
1987-10-28,31.5,-25.0,24.701569
1987-10-29,31.5,-25.0,22.422821
1987-10-30,31.5,-25.0,22.318634
1987-10-31,31.5,-25.0,25.304596
1987-11-01,31.5,-25.0,24.513763
1987-11-02,31.5,-25.0,24.449463
1987-11-03,31.5,-25.0,28.305145
1987-11-04,31.5,-25.0,27.79129
1987-11-05,31.5,-25.0,28.601318
1987-11-06,31.5,-25.0,22.744476
1987-11-07,31.5,-25.0,23.920013
1987-11-08,31.5,-25.0,24.72638
1987-11-09,31.5,-25.0,24.792725
1987-11-10,31.5,-25.0,20.6604
1987-11-11,31.5,-25.0,18.627716
1987-11-12,31.5,-25.0,19.036438
1987-11-13,31.5,-25.0,20.705444
1987-11-14,31.5,-25.0,23.421967
1987-11-15,31.5,-25.0,25.508179
1987-11-16,31.5,-25.0,26.3208
1987-11-17,31.5,-25.0,22.05008
1987-11-18,31.5,-25.0,25.03955
1987-11-19,31.5,-25.0,27.184875
1987-11-20,31.5,-25.0,21.89914
1987-11-21,31.5,-25.0,21.743835
1987-11-22,31.5,-25.0,22.088287
1987-11-23,31.5,-25.0,25.155487
1987-11-24,31.5,-25.0,27.858368
1987-11-25,31.5,-25.0,27.816254
1987-11-26,31.5,-25.0,26.769226
1987-11-27,31.5,-25.0,23.63321
1987-11-28,31.5,-25.0,20.930695
1987-11-29,31.5,-25.0,24.348999
1987-11-30,31.5,-25.0,25.610657
1987-12-01,31.5,-25.0,24.94574
1987-12-02,31.5,-25.0,26.021637
1987-12-03,31.5,-25.0,28.829071
1987-12-04,31.5,-25.0,25.815887
1987-12-05,31.5,-25.0,26.7807
1987-12-06,31.5,-25.0,25.616608
1987-12-07,31.5,-25.0,27.42569
1987-12-08,31.5,-25.0,24.594604
1987-12-09,31.5,-25.0,25.791138
1987-12-10,31.5,-25.0,27.956543
1987-12-11,31.5,-25.0,26.152252
1987-12-12,31.5,-25.0,24.7854
1987-12-13,31.5,-25.0,22.534943
1987-12-14,31.5,-25.0,25.155853
1987-12-15,31.5,-25.0,25.3414
1987-12-16,31.5,-25.0,26.866669
1987-12-17,31.5,-25.0,25.062866
1987-12-18,31.5,-25.0,26.79181
1987-12-19,31.5,-25.0,27.156769
1987-12-20,31.5,-25.0,26.585083
1987-12-21,31.5,-25.0,25.270874
1987-12-22,31.5,-25.0,25.413177
1987-12-23,31.5,-25.0,25.523285
1987-12-24,31.5,-25.0,22.72882
1987-12-25,31.5,-25.0,27.229065
1987-12-26,31.5,-25.0,27.427307
1987-12-27,31.5,-25.0,27.935272
1987-12-28,31.5,-25.0,21.721008
1987-12-29,31.5,-25.0,21.530548
1987-12-30,31.5,-25.0,23.609375
1987-12-31,31.5,-25.0,25.426575
1988-01-01,31.5,-25.0,26.718628
1988-01-02,31.5,-25.0,25.86081
1988-01-03,31.5,-25.0,25.828888
1988-01-04,31.5,-25.0,28.210419
1988-01-05,31.5,-25.0,30.01007
1988-01-06,31.5,-25.0,30.466125
1988-01-07,31.5,-25.0,24.332825
1988-01-08,31.5,-25.0,24.781738
1988-01-09,31.5,-25.0,27.461945
1988-01-10,31.5,-25.0,23.25177
1988-01-11,31.5,-25.0,25.52655
1988-01-12,31.5,-25.0,27.631561
1988-01-13,31.5,-25.0,28.582092
1988-01-14,31.5,-25.0,28.560333
1988-01-15,31.5,-25.0,28.929932
1988-01-16,31.5,-25.0,28.990387
1988-01-17,31.5,-25.0,26.672028
1988-01-18,31.5,-25.0,29.124298
1988-01-19,31.5,-25.0,30.320282
1988-01-20,31.5,-25.0,28.45462
1988-01-21,31.5,-25.0,29.345642
1988-01-22,31.5,-25.0,23.049408
1988-01-23,31.5,-25.0,24.59143
1988-01-24,31.5,-25.0,28.64746
1988-01-25,31.5,-25.0,23.223145
1988-01-26,31.5,-25.0,24.834808
1988-01-27,31.5,-25.0,25.060577
1988-01-28,31.5,-25.0,25.150482
1988-01-29,31.5,-25.0,27.27237
1988-01-30,31.5,-25.0,29.647766
1988-01-31,31.5,-25.0,29.954895
1988-02-01,31.5,-25.0,24.589111
1988-02-02,31.5,-25.0,24.937225
1988-02-03,31.5,-25.0,26.718506
1988-02-04,31.5,-25.0,28.08908
1988-02-05,31.5,-25.0,28.298248
1988-02-06,31.5,-25.0,28.208374
1988-02-07,31.5,-25.0,27.883148
1988-02-08,31.5,-25.0,27.40921
1988-02-09,31.5,-25.0,24.474823
1988-02-10,31.5,-25.0,23.242249
1988-02-11,31.5,-25.0,24.233032
1988-02-12,31.5,-25.0,26.180267
1988-02-13,31.5,-25.0,27.078857
1988-02-14,31.5,-25.0,26.80484
1988-02-15,31.5,-25.0,29.39273
1988-02-16,31.5,-25.0,29.19577
1988-02-17,31.5,-25.0,26.912262
1988-02-18,31.5,-25.0,26.749512
1988-02-19,31.5,-25.0,27.745697
1988-02-20,31.5,-25.0,27.937286
1988-02-21,31.5,-25.0,26.361328
1988-02-22,31.5,-25.0,25.25705
1988-02-23,31.5,-25.0,25.37503
1988-02-24,31.5,-25.0,25.18274
1988-02-25,31.5,-25.0,23.597717
1988-02-26,31.5,-25.0,24.360413
1988-02-27,31.5,-25.0,25.922516
1988-02-28,31.5,-25.0,27.200867
1988-02-29,31.5,-25.0,27.08371
1988-03-01,31.5,-25.0,26.900238
1988-03-02,31.5,-25.0,26.578796
1988-03-03,31.5,-25.0,24.846924
1988-03-04,31.5,-25.0,22.959747
1988-03-05,31.5,-25.0,24.937103
1988-03-06,31.5,-25.0,26.034912
1988-03-07,31.5,-25.0,22.818542
1988-03-08,31.5,-25.0,25.028534
1988-03-09,31.5,-25.0,24.624084
1988-03-10,31.5,-25.0,22.137177
1988-03-11,31.5,-25.0,21.72702
1988-03-12,31.5,-25.0,23.045593
1988-03-13,31.5,-25.0,25.050385
1988-03-14,31.5,-25.0,25.91629
1988-03-15,31.5,-25.0,25.275787
1988-03-16,31.5,-25.0,27.002502
1988-03-17,31.5,-25.0,24.883728
1988-03-18,31.5,-25.0,25.360474
1988-03-19,31.5,-25.0,24.75473
1988-03-20,31.5,-25.0,25.535004
1988-03-21,31.5,-25.0,25.191315
1988-03-22,31.5,-25.0,26.17163
1988-03-23,31.5,-25.0,26.1669
1988-03-24,31.5,-25.0,24.804474
1988-03-25,31.5,-25.0,24.113037
1988-03-26,31.5,-25.0,25.217255
1988-03-27,31.5,-25.0,25.16272
1988-03-28,31.5,-25.0,24.579712
1988-03-29,31.5,-25.0,24.817047
1988-03-30,31.5,-25.0,24.811768
1988-03-31,31.5,-25.0,24.743073
1988-04-01,31.5,-25.0,26.350159
1988-04-02,31.5,-25.0,26.402954
1988-04-03,31.5,-25.0,26.743896
1988-04-04,31.5,-25.0,24.880676
1988-04-05,31.5,-25.0,23.579132
1988-04-06,31.5,-25.0,25.454865
1988-04-07,31.5,-25.0,27.058807
1988-04-08,31.5,-25.0,25.016754
1988-04-09,31.5,-25.0,20.012695
1988-04-10,31.5,-25.0,21.491241
1988-04-11,31.5,-25.0,22.527466
1988-04-12,31.5,-25.0,21.677643
1988-04-13,31.5,-25.0,21.58612
1988-04-14,31.5,-25.0,21.05716
1988-04-15,31.5,-25.0,22.606018
1988-04-16,31.5,-25.0,21.89853
1988-04-17,31.5,-25.0,21.661469
1988-04-18,31.5,-25.0,21.582092
1988-04-19,31.5,-25.0,23.263458
1988-04-20,31.5,-25.0,24.309784
1988-04-21,31.5,-25.0,24.134003
1988-04-22,31.5,-25.0,22.66452
1988-04-23,31.5,-25.0,22.080872
1988-04-24,31.5,-25.0,23.578827
1988-04-25,31.5,-25.0,23.56308
1988-04-26,31.5,-25.0,18.619476
1988-04-27,31.5,-25.0,19.410858
1988-04-28,31.5,-25.0,19.173859
1988-04-29,31.5,-25.0,19.585114
1988-04-30,31.5,-25.0,18.49472
1988-05-01,31.5,-25.0,17.486664
1988-05-02,31.5,-25.0,17.171814
1988-05-03,31.5,-25.0,18.623138
1988-05-04,31.5,-25.0,18.917328
1988-05-05,31.5,-25.0,19.40448
1988-05-06,31.5,-25.0,19.913025
1988-05-07,31.5,-25.0,18.864868
1988-05-08,31.5,-25.0,18.651886
1988-05-09,31.5,-25.0,20.13794
1988-05-10,31.5,-25.0,20.603271
1988-05-11,31.5,-25.0,19.337097
1988-05-12,31.5,-25.0,19.658325
1988-05-13,31.5,-25.0,18.643433
1988-05-14,31.5,-25.0,18.66446
1988-05-15,31.5,-25.0,18.160858
1988-05-16,31.5,-25.0,19.638885
1988-05-17,31.5,-25.0,21.226227
1988-05-18,31.5,-25.0,19.573395
1988-05-19,31.5,-25.0,21.025879
1988-05-20,31.5,-25.0,20.466064
1988-05-21,31.5,-25.0,19.916351
1988-05-22,31.5,-25.0,20.986359
1988-05-23,31.5,-25.0,20.86856
1988-05-24,31.5,-25.0,21.158356
1988-05-25,31.5,-25.0,20.02069
1988-05-26,31.5,-25.0,20.90445
1988-05-27,31.5,-25.0,21.67569
1988-05-28,31.5,-25.0,22.004395
1988-05-29,31.5,-25.0,17.576172
1988-05-30,31.5,-25.0,15.479889
1988-05-31,31.5,-25.0,15.46875
1988-06-01,31.5,-25.0,16.151306
1988-06-02,31.5,-25.0,16.892303
1988-06-03,31.5,-25.0,17.683136
1988-06-04,31.5,-25.0,20.520325
1988-06-05,31.5,-25.0,19.264801
1988-06-06,31.5,-25.0,21.16394
1988-06-07,31.5,-25.0,22.087585
1988-06-08,31.5,-25.0,18.000427
1988-06-09,31.5,-25.0,12.784454
1988-06-10,31.5,-25.0,13.503052
1988-06-11,31.5,-25.0,12.898468
1988-06-12,31.5,-25.0,13.372406
1988-06-13,31.5,-25.0,15.73288
1988-06-14,31.5,-25.0,15.919281
1988-06-15,31.5,-25.0,16.330719
1988-06-16,31.5,-25.0,15.529694
1988-06-17,31.5,-25.0,15.126984
1988-06-18,31.5,-25.0,14.9453125
1988-06-19,31.5,-25.0,15.41153
1988-06-20,31.5,-25.0,16.938965
1988-06-21,31.5,-25.0,18.623077
1988-06-22,31.5,-25.0,16.123047
1988-06-23,31.5,-25.0,15.057831
1988-06-24,31.5,-25.0,13.774475
1988-06-25,31.5,-25.0,13.969757
1988-06-26,31.5,-25.0,13.602875
1988-06-27,31.5,-25.0,14.951416
1988-06-28,31.5,-25.0,15.922302
1988-06-29,31.5,-25.0,15.531738
1988-06-30,31.5,-25.0,16.898804
1988-07-01,31.5,-25.0,17.078094
1988-07-02,31.5,-25.0,17.091797
1988-07-03,31.5,-25.0,18.106354
1988-07-04,31.5,-25.0,17.531769
1988-07-05,31.5,-25.0,17.810638
1988-07-06,31.5,-25.0,16.636993
1988-07-07,31.5,-25.0,16.95044
1988-07-08,31.5,-25.0,16.218842
1988-07-09,31.5,-25.0,17.185791
1988-07-10,31.5,-25.0,14.72467
1988-07-11,31.5,-25.0,13.468597
1988-07-12,31.5,-25.0,14.31955
1988-07-13,31.5,-25.0,13.707397
1988-07-14,31.5,-25.0,14.079926
1988-07-15,31.5,-25.0,14.577606
1988-07-16,31.5,-25.0,14.909149
1988-07-17,31.5,-25.0,16.880035
1988-07-18,31.5,-25.0,16.770447
1988-07-19,31.5,-25.0,16.563324
1988-07-20,31.5,-25.0,17.890686
1988-07-21,31.5,-25.0,17.621826
1988-07-22,31.5,-25.0,17.37674
1988-07-23,31.5,-25.0,16.98819
1988-07-24,31.5,-25.0,17.04419
1988-07-25,31.5,-25.0,17.302246
1988-07-26,31.5,-25.0,17.687958
1988-07-27,31.5,-25.0,17.411316
1988-07-28,31.5,-25.0,17.009521
1988-07-29,31.5,-25.0,16.639648
1988-07-30,31.5,-25.0,18.131805
1988-07-31,31.5,-25.0,19.029144
1988-08-01,31.5,-25.0,18.76474
1988-08-02,31.5,-25.0,19.259033
1988-08-03,31.5,-25.0,17.860535
1988-08-04,31.5,-25.0,18.887878
1988-08-05,31.5,-25.0,17.548126
1988-08-06,31.5,-25.0,19.330719
1988-08-07,31.5,-25.0,21.259308
1988-08-08,31.5,-25.0,20.563934
1988-08-09,31.5,-25.0,19.056244
1988-08-10,31.5,-25.0,17.434143
1988-08-11,31.5,-25.0,16.596985
1988-08-12,31.5,-25.0,15.566498
1988-08-13,31.5,-25.0,16.324402
1988-08-14,31.5,-25.0,17.1138
1988-08-15,31.5,-25.0,19.046204
1988-08-16,31.5,-25.0,18.723541
1988-08-17,31.5,-25.0,19.594788
1988-08-18,31.5,-25.0,17.631378
1988-08-19,31.5,-25.0,15.408722
1988-08-20,31.5,-25.0,16.52768
1988-08-21,31.5,-25.0,18.66278
1988-08-22,31.5,-25.0,18.585846
1988-08-23,31.5,-25.0,18.433868
1988-08-24,31.5,-25.0,18.641876
1988-08-25,31.5,-25.0,19.319214
1988-08-26,31.5,-25.0,21.81427
1988-08-27,31.5,-25.0,24.267975
1988-08-28,31.5,-25.0,20.084167
1988-08-29,31.5,-25.0,22.330353
1988-08-30,31.5,-25.0,25.022888
1988-08-31,31.5,-25.0,25.403503
1988-09-01,31.5,-25.0,20.229706
1988-09-02,31.5,-25.0,13.2847595
1988-09-03,31.5,-25.0,14.444122
1988-09-04,31.5,-25.0,17.650787
1988-09-05,31.5,-25.0,18.083221
1988-09-06,31.5,-25.0,20.503693
1988-09-07,31.5,-25.0,22.09665
1988-09-08,31.5,-25.0,21.556488
1988-09-09,31.5,-25.0,22.01178
1988-09-10,31.5,-25.0,25.10614
1988-09-11,31.5,-25.0,25.5047
1988-09-12,31.5,-25.0,18.105286
1988-09-13,31.5,-25.0,18.398926
1988-09-14,31.5,-25.0,19.283203
1988-09-15,31.5,-25.0,23.701172
1988-09-16,31.5,-25.0,24.50644
1988-09-17,31.5,-25.0,19.430939
1988-09-18,31.5,-25.0,18.034027
1988-09-19,31.5,-25.0,19.435333
1988-09-20,31.5,-25.0,22.837036
1988-09-21,31.5,-25.0,21.765717
1988-09-22,31.5,-25.0,22.843323
1988-09-23,31.5,-25.0,20.676605
1988-09-24,31.5,-25.0,21.454803
1988-09-25,31.5,-25.0,25.655182
1988-09-26,31.5,-25.0,28.228485
1988-09-27,31.5,-25.0,20.530426
1988-09-28,31.5,-25.0,19.835144
1988-09-29,31.5,-25.0,23.605743
1988-09-30,31.5,-25.0,27.014679
1988-10-01,31.5,-25.0,23.581299
1988-10-02,31.5,-25.0,23.7789
1988-10-03,31.5,-25.0,20.220825
1988-10-04,31.5,-25.0,24.370178
1988-10-05,31.5,-25.0,25.047638
1988-10-06,31.5,-25.0,25.867615
1988-10-07,31.5,-25.0,26.449097
1988-10-08,31.5,-25.0,26.699188
1988-10-09,31.5,-25.0,27.169556
1988-10-10,31.5,-25.0,27.292511
1988-10-11,31.5,-25.0,17.0065
1988-10-12,31.5,-25.0,14.73111
1988-10-13,31.5,-25.0,14.918579
1988-10-14,31.5,-25.0,16.57965
1988-10-15,31.5,-25.0,18.876556
1988-10-16,31.5,-25.0,22.99524
1988-10-17,31.5,-25.0,26.58075
1988-10-18,31.5,-25.0,19.118439
1988-10-19,31.5,-25.0,16.737518
1988-10-20,31.5,-25.0,16.925964
1988-10-21,31.5,-25.0,19.495605
1988-10-22,31.5,-25.0,22.836761
1988-10-23,31.5,-25.0,19.535309
1988-10-24,31.5,-25.0,19.477509
1988-10-25,31.5,-25.0,22.993622
1988-10-26,31.5,-25.0,17.91922
1988-10-27,31.5,-25.0,16.536652
1988-10-28,31.5,-25.0,23.926819
1988-10-29,31.5,-25.0,23.783203
1988-10-30,31.5,-25.0,17.510498
1988-10-31,31.5,-25.0,22.469788
1988-11-01,31.5,-25.0,23.96466
1988-11-02,31.5,-25.0,24.047882
1988-11-03,31.5,-25.0,25.506653
1988-11-04,31.5,-25.0,18.931183
1988-11-05,31.5,-25.0,21.680573
1988-11-06,31.5,-25.0,22.249542
1988-11-07,31.5,-25.0,23.719482
1988-11-08,31.5,-25.0,25.032898
1988-11-09,31.5,-25.0,23.656647
1988-11-10,31.5,-25.0,19.601044
1988-11-11,31.5,-25.0,19.6503
1988-11-12,31.5,-25.0,20.424255
1988-11-13,31.5,-25.0,21.203857
1988-11-14,31.5,-25.0,23.72754
1988-11-15,31.5,-25.0,22.85968
1988-11-16,31.5,-25.0,18.554077
1988-11-17,31.5,-25.0,18.293304
1988-11-18,31.5,-25.0,17.733856
1988-11-19,31.5,-25.0,21.04007
1988-11-20,31.5,-25.0,22.36905
1988-11-21,31.5,-25.0,23.111328
1988-11-22,31.5,-25.0,25.124512
1988-11-23,31.5,-25.0,25.954163
1988-11-24,31.5,-25.0,27.555725
1988-11-25,31.5,-25.0,27.454956
1988-11-26,31.5,-25.0,25.879272
1988-11-27,31.5,-25.0,27.300781
1988-11-28,31.5,-25.0,26.325806
1988-11-29,31.5,-25.0,19.612213
1988-11-30,31.5,-25.0,19.82135
1988-12-01,31.5,-25.0,21.690247
1988-12-02,31.5,-25.0,24.801453
1988-12-03,31.5,-25.0,24.072296
1988-12-04,31.5,-25.0,22.266022
1988-12-05,31.5,-25.0,22.148956
1988-12-06,31.5,-25.0,18.418915
1988-12-07,31.5,-25.0,19.12265
1988-12-08,31.5,-25.0,19.251617
1988-12-09,31.5,-25.0,19.74347
1988-12-10,31.5,-25.0,22.242401
1988-12-11,31.5,-25.0,24.124603
1988-12-12,31.5,-25.0,22.357086
1988-12-13,31.5,-25.0,23.368317
1988-12-14,31.5,-25.0,24.787537
1988-12-15,31.5,-25.0,24.940216
1988-12-16,31.5,-25.0,22.056854
1988-12-17,31.5,-25.0,21.261322
1988-12-18,31.5,-25.0,23.573853
1988-12-19,31.5,-25.0,23.287811
1988-12-20,31.5,-25.0,24.218506
1988-12-21,31.5,-25.0,24.76178
1988-12-22,31.5,-25.0,26.02414
1988-12-23,31.5,-25.0,28.725891
1988-12-24,31.5,-25.0,28.51233
1988-12-25,31.5,-25.0,29.036926
1988-12-26,31.5,-25.0,24.791992
1988-12-27,31.5,-25.0,20.655487
1988-12-28,31.5,-25.0,21.666107
1988-12-29,31.5,-25.0,24.449799
1988-12-30,31.5,-25.0,23.003204
1988-12-31,31.5,-25.0,22.7583
1989-01-01,31.5,-25.0,23.1557
1989-01-02,31.5,-25.0,24.870087
1989-01-03,31.5,-25.0,26.369232
1989-01-04,31.5,-25.0,24.195099
1989-01-05,31.5,-25.0,25.189423
1989-01-06,31.5,-25.0,25.716278
1989-01-07,31.5,-25.0,27.079712
1989-01-08,31.5,-25.0,21.68219
1989-01-09,31.5,-25.0,22.815002
1989-01-10,31.5,-25.0,23.271545
1989-01-11,31.5,-25.0,24.204437
1989-01-12,31.5,-25.0,23.746307
1989-01-13,31.5,-25.0,23.35852
1989-01-14,31.5,-25.0,24.155396
1989-01-15,31.5,-25.0,24.4581
1989-01-16,31.5,-25.0,25.633392
1989-01-17,31.5,-25.0,24.284851
1989-01-18,31.5,-25.0,25.035248
1989-01-19,31.5,-25.0,26.20105
1989-01-20,31.5,-25.0,28.235413
1989-01-21,31.5,-25.0,27.576263
1989-01-22,31.5,-25.0,27.562775
1989-01-23,31.5,-25.0,25.72763
1989-01-24,31.5,-25.0,25.654755
1989-01-25,31.5,-25.0,23.184265
1989-01-26,31.5,-25.0,25.053131
1989-01-27,31.5,-25.0,25.953705
1989-01-28,31.5,-25.0,25.579071
1989-01-29,31.5,-25.0,26.195404
1989-01-30,31.5,-25.0,26.940155
1989-01-31,31.5,-25.0,28.593353
1989-02-01,31.5,-25.0,30.381409
1989-02-02,31.5,-25.0,28.959778
1989-02-03,31.5,-25.0,24.250397
1989-02-04,31.5,-25.0,23.569214
1989-02-05,31.5,-25.0,23.882996
1989-02-06,31.5,-25.0,23.399445
1989-02-07,31.5,-25.0,22.735474
1989-02-08,31.5,-25.0,22.901917
1989-02-09,31.5,-25.0,25.40213
1989-02-10,31.5,-25.0,21.887115
1989-02-11,31.5,-25.0,23.571747
1989-02-12,31.5,-25.0,24.328705
1989-02-13,31.5,-25.0,25.493683
1989-02-14,31.5,-25.0,23.233002
1989-02-15,31.5,-25.0,22.706299
1989-02-16,31.5,-25.0,22.64212
1989-02-17,31.5,-25.0,24.247467
1989-02-18,31.5,-25.0,26.81955
1989-02-19,31.5,-25.0,25.472473
1989-02-20,31.5,-25.0,24.611572
1989-02-21,31.5,-25.0,26.73114
1989-02-22,31.5,-25.0,25.34674
1989-02-23,31.5,-25.0,23.11264
1989-02-24,31.5,-25.0,22.748718
1989-02-25,31.5,-25.0,24.213318
1989-02-26,31.5,-25.0,23.672333
1989-02-27,31.5,-25.0,23.912231
1989-02-28,31.5,-25.0,24.51239
1989-03-01,31.5,-25.0,26.255829
1989-03-02,31.5,-25.0,25.780396
1989-03-03,31.5,-25.0,22.53894
1989-03-04,31.5,-25.0,22.985077
1989-03-05,31.5,-25.0,23.467926
1989-03-06,31.5,-25.0,23.55606
1989-03-07,31.5,-25.0,24.22406
1989-03-08,31.5,-25.0,24.488617
1989-03-09,31.5,-25.0,25.63211
1989-03-10,31.5,-25.0,26.41684
1989-03-11,31.5,-25.0,27.382935
1989-03-12,31.5,-25.0,27.29712
1989-03-13,31.5,-25.0,27.768982
1989-03-14,31.5,-25.0,25.684174
1989-03-15,31.5,-25.0,25.83133
1989-03-16,31.5,-25.0,25.172638
1989-03-17,31.5,-25.0,26.023987
1989-03-18,31.5,-25.0,25.913269
1989-03-19,31.5,-25.0,25.609955
1989-03-20,31.5,-25.0,24.693726
1989-03-21,31.5,-25.0,24.847046
1989-03-22,31.5,-25.0,25.162262
1989-03-23,31.5,-25.0,25.295746
1989-03-24,31.5,-25.0,25.222656
1989-03-25,31.5,-25.0,24.623901
1989-03-26,31.5,-25.0,24.115753
1989-03-27,31.5,-25.0,24.453156
1989-03-28,31.5,-25.0,24.833038
1989-03-29,31.5,-25.0,25.73877
1989-03-30,31.5,-25.0,27.01059
1989-03-31,31.5,-25.0,24.008545
1989-04-01,31.5,-25.0,21.197021
1989-04-02,31.5,-25.0,21.203033
1989-04-03,31.5,-25.0,23.167145
1989-04-04,31.5,-25.0,22.831848
1989-04-05,31.5,-25.0,21.704132
1989-04-06,31.5,-25.0,22.697784
1989-04-07,31.5,-25.0,22.408813
1989-04-08,31.5,-25.0,22.456207
1989-04-09,31.5,-25.0,21.925568
1989-04-10,31.5,-25.0,22.124268
1989-04-11,31.5,-25.0,22.645569
1989-04-12,31.5,-25.0,21.887146
1989-04-13,31.5,-25.0,21.368591
1989-04-14,31.5,-25.0,21.16388
1989-04-15,31.5,-25.0,22.938934
1989-04-16,31.5,-25.0,21.942627
1989-04-17,31.5,-25.0,20.509125
1989-04-18,31.5,-25.0,19.496185
1989-04-19,31.5,-25.0,19.868378
1989-04-20,31.5,-25.0,22.24524
1989-04-21,31.5,-25.0,24.111786
1989-04-22,31.5,-25.0,21.788574
1989-04-23,31.5,-25.0,23.91092
1989-04-24,31.5,-25.0,22.053986
1989-04-25,31.5,-25.0,20.8768
1989-04-26,31.5,-25.0,20.254852
1989-04-27,31.5,-25.0,18.744263
1989-04-28,31.5,-25.0,20.489532
1989-04-29,31.5,-25.0,19.00119
1989-04-30,31.5,-25.0,18.697845
1989-05-01,31.5,-25.0,19.091095
1989-05-02,31.5,-25.0,18.870087
1989-05-03,31.5,-25.0,19.129486
1989-05-04,31.5,-25.0,20.095917
1989-05-05,31.5,-25.0,19.70935
1989-05-06,31.5,-25.0,19.908997
1989-05-07,31.5,-25.0,19.67453
1989-05-08,31.5,-25.0,19.678833
1989-05-09,31.5,-25.0,19.21341
1989-05-10,31.5,-25.0,20.094452
1989-05-11,31.5,-25.0,21.096985
1989-05-12,31.5,-25.0,23.454956
1989-05-13,31.5,-25.0,20.623077
1989-05-14,31.5,-25.0,17.7753
1989-05-15,31.5,-25.0,19.843323
1989-05-16,31.5,-25.0,20.632446
1989-05-17,31.5,-25.0,21.932251
1989-05-18,31.5,-25.0,23.382935
1989-05-19,31.5,-25.0,22.401672
1989-05-20,31.5,-25.0,21.385101
1989-05-21,31.5,-25.0,20.498291
1989-05-22,31.5,-25.0,21.209595
1989-05-23,31.5,-25.0,20.566711
1989-05-24,31.5,-25.0,21.82608
1989-05-25,31.5,-25.0,21.441223
1989-05-26,31.5,-25.0,21.689209
1989-05-27,31.5,-25.0,16.298187
1989-05-28,31.5,-25.0,15.5130005
1989-05-29,31.5,-25.0,17.001587
1989-05-30,31.5,-25.0,18.326752
1989-05-31,31.5,-25.0,19.615723
1989-06-01,31.5,-25.0,22.22757
1989-06-02,31.5,-25.0,23.417664
1989-06-03,31.5,-25.0,17.088531
1989-06-04,31.5,-25.0,14.199036
1989-06-05,31.5,-25.0,14.341919
1989-06-06,31.5,-25.0,15.234558
1989-06-07,31.5,-25.0,14.777832
1989-06-08,31.5,-25.0,16.047638
1989-06-09,31.5,-25.0,15.957062
1989-06-10,31.5,-25.0,15.957306
1989-06-11,31.5,-25.0,17.119568
1989-06-12,31.5,-25.0,14.488068
1989-06-13,31.5,-25.0,14.080078
1989-06-14,31.5,-25.0,14.882874
1989-06-15,31.5,-25.0,15.386658
1989-06-16,31.5,-25.0,14.353607
1989-06-17,31.5,-25.0,15.397766
1989-06-18,31.5,-25.0,16.704193
1989-06-19,31.5,-25.0,16.570679
1989-06-20,31.5,-25.0,16.581879
1989-06-21,31.5,-25.0,16.5654
1989-06-22,31.5,-25.0,17.7247
1989-06-23,31.5,-25.0,17.625732
1989-06-24,31.5,-25.0,18.118774
1989-06-25,31.5,-25.0,20.449951
1989-06-26,31.5,-25.0,21.582031
1989-06-27,31.5,-25.0,18.147888
1989-06-28,31.5,-25.0,19.983856
1989-06-29,31.5,-25.0,20.639069
1989-06-30,31.5,-25.0,20.61148
1989-07-01,31.5,-25.0,19.387054
1989-07-02,31.5,-25.0,17.775696
1989-07-03,31.5,-25.0,19.874115
1989-07-04,31.5,-25.0,17.33786
1989-07-05,31.5,-25.0,19.777191
1989-07-06,31.5,-25.0,17.174011
1989-07-07,31.5,-25.0,16.489685
1989-07-08,31.5,-25.0,16.108582
1989-07-09,31.5,-25.0,17.021393
1989-07-10,31.5,-25.0,17.160767
1989-07-11,31.5,-25.0,18.742584
1989-07-12,31.5,-25.0,18.527832
1989-07-13,31.5,-25.0,16.837555
1989-07-14,31.5,-25.0,15.907471
1989-07-15,31.5,-25.0,16.53592
1989-07-16,31.5,-25.0,18.596252
1989-07-17,31.5,-25.0,20.76419
1989-07-18,31.5,-25.0,19.926819
1989-07-19,31.5,-25.0,14.308044
1989-07-20,31.5,-25.0,13.884338
1989-07-21,31.5,-25.0,14.24527
1989-07-22,31.5,-25.0,13.596191
1989-07-23,31.5,-25.0,13.883118
1989-07-24,31.5,-25.0,13.962128
1989-07-25,31.5,-25.0,14.225739
1989-07-26,31.5,-25.0,16.040802
1989-07-27,31.5,-25.0,18.71402
1989-07-28,31.5,-25.0,16.397858
1989-07-29,31.5,-25.0,16.274353
1989-07-30,31.5,-25.0,18.97583
1989-07-31,31.5,-25.0,20.520447
1989-08-01,31.5,-25.0,17.47049
1989-08-02,31.5,-25.0,20.394684
1989-08-03,31.5,-25.0,16.725159
1989-08-04,31.5,-25.0,15.448822
1989-08-05,31.5,-25.0,14.950165
1989-08-06,31.5,-25.0,16.871246
1989-08-07,31.5,-25.0,17.85913
1989-08-08,31.5,-25.0,17.89624
1989-08-09,31.5,-25.0,20.554901
1989-08-10,31.5,-25.0,20.773163
1989-08-11,31.5,-25.0,20.7547
1989-08-12,31.5,-25.0,20.881195
1989-08-13,31.5,-25.0,20.582306
1989-08-14,31.5,-25.0,20.509796
1989-08-15,31.5,-25.0,22.471771
1989-08-16,31.5,-25.0,23.900085
1989-08-17,31.5,-25.0,18.51773
1989-08-18,31.5,-25.0,18.797089
1989-08-19,31.5,-25.0,20.034698
1989-08-20,31.5,-25.0,21.233185
1989-08-21,31.5,-25.0,21.356049
1989-08-22,31.5,-25.0,21.118958
1989-08-23,31.5,-25.0,20.799957
1989-08-24,31.5,-25.0,21.822693
1989-08-25,31.5,-25.0,23.981537
1989-08-26,31.5,-25.0,21.779694
1989-08-27,31.5,-25.0,24.804565
1989-08-28,31.5,-25.0,20.741547
1989-08-29,31.5,-25.0,23.050385
1989-08-30,31.5,-25.0,22.300446
1989-08-31,31.5,-25.0,19.071167
1989-09-01,31.5,-25.0,20.808685
1989-09-02,31.5,-25.0,23.404877
1989-09-03,31.5,-25.0,24.214325
1989-09-04,31.5,-25.0,26.70337
1989-09-05,31.5,-25.0,24.897217
1989-09-06,31.5,-25.0,14.810944
1989-09-07,31.5,-25.0,15.777161
1989-09-08,31.5,-25.0,15.944916
1989-09-09,31.5,-25.0,16.18277
1989-09-10,31.5,-25.0,17.235168
1989-09-11,31.5,-25.0,18.774597
1989-09-12,31.5,-25.0,20.165161
1989-09-13,31.5,-25.0,21.939117
1989-09-14,31.5,-25.0,22.909058
1989-09-15,31.5,-25.0,23.08664
1989-09-16,31.5,-25.0,23.759796
1989-09-17,31.5,-25.0,24.506409
1989-09-18,31.5,-25.0,26.687286
1989-09-19,31.5,-25.0,21.148895
1989-09-20,31.5,-25.0,19.684021
1989-09-21,31.5,-25.0,24.790497
1989-09-22,31.5,-25.0,19.326569
1989-09-23,31.5,-25.0,16.447601
1989-09-24,31.5,-25.0,21.359161
1989-09-25,31.5,-25.0,18.63507
1989-09-26,31.5,-25.0,18.065674
1989-09-27,31.5,-25.0,18.87497
1989-09-28,31.5,-25.0,22.072693
1989-09-29,31.5,-25.0,25.26535
1989-09-30,31.5,-25.0,24.671936
1989-10-01,31.5,-25.0,26.900024
1989-10-02,31.5,-25.0,28.006378
1989-10-03,31.5,-25.0,26.506409
1989-10-04,31.5,-25.0,21.375122
1989-10-05,31.5,-25.0,25.80365
1989-10-06,31.5,-25.0,20.066803
1989-10-07,31.5,-25.0,23.910126
1989-10-08,31.5,-25.0,28.652588
1989-10-09,31.5,-25.0,23.25061
1989-10-10,31.5,-25.0,15.02124
1989-10-11,31.5,-25.0,16.259369
1989-10-12,31.5,-25.0,18.505188
1989-10-13,31.5,-25.0,20.445404
1989-10-14,31.5,-25.0,23.509949
1989-10-15,31.5,-25.0,27.473877
1989-10-16,31.5,-25.0,22.7547
1989-10-17,31.5,-25.0,20.233826
1989-10-18,31.5,-25.0,26.068695
1989-10-19,31.5,-25.0,24.204315
1989-10-20,31.5,-25.0,23.652618
1989-10-21,31.5,-25.0,25.457275
1989-10-22,31.5,-25.0,18.598389
1989-10-23,31.5,-25.0,20.355988
1989-10-24,31.5,-25.0,18.96408
1989-10-25,31.5,-25.0,19.688507
1989-10-26,31.5,-25.0,20.489655
1989-10-27,31.5,-25.0,23.727875
1989-10-28,31.5,-25.0,24.594147
1989-10-29,31.5,-25.0,21.74878
1989-10-30,31.5,-25.0,22.12204
1989-10-31,31.5,-25.0,27.15158
1989-11-01,31.5,-25.0,22.320831
1989-11-02,31.5,-25.0,19.401337
1989-11-03,31.5,-25.0,20.873627
1989-11-04,31.5,-25.0,22.833923
1989-11-05,31.5,-25.0,20.546753
1989-11-06,31.5,-25.0,20.612701
1989-11-07,31.5,-25.0,23.843658
1989-11-08,31.5,-25.0,23.02707
1989-11-09,31.5,-25.0,26.389618
1989-11-10,31.5,-25.0,24.256226
1989-11-11,31.5,-25.0,21.595245
1989-11-12,31.5,-25.0,21.759186
1989-11-13,31.5,-25.0,21.745209
1989-11-14,31.5,-25.0,22.598297
1989-11-15,31.5,-25.0,26.302643
1989-11-16,31.5,-25.0,26.26883
1989-11-17,31.5,-25.0,22.27185
1989-11-18,31.5,-25.0,25.06601
1989-11-19,31.5,-25.0,21.898376
1989-11-20,31.5,-25.0,21.0654
1989-11-21,31.5,-25.0,22.923431
1989-11-22,31.5,-25.0,25.353973
1989-11-23,31.5,-25.0,26.866821
1989-11-24,31.5,-25.0,27.504303
1989-11-25,31.5,-25.0,23.127838
1989-11-26,31.5,-25.0,24.725433
1989-11-27,31.5,-25.0,24.257904
1989-11-28,31.5,-25.0,25.090393
1989-11-29,31.5,-25.0,22.248749
1989-11-30,31.5,-25.0,22.360992
1989-12-01,31.5,-25.0,22.855286
1989-12-02,31.5,-25.0,23.780457
1989-12-03,31.5,-25.0,25.135895
1989-12-04,31.5,-25.0,24.585815
1989-12-05,31.5,-25.0,26.186218
1989-12-06,31.5,-25.0,20.153076
1989-12-07,31.5,-25.0,22.463013
1989-12-08,31.5,-25.0,23.47232
1989-12-09,31.5,-25.0,22.83142
1989-12-10,31.5,-25.0,21.7341
1989-12-11,31.5,-25.0,21.4599
1989-12-12,31.5,-25.0,23.472443
1989-12-13,31.5,-25.0,25.74527
1989-12-14,31.5,-25.0,25.338074
1989-12-15,31.5,-25.0,22.742615
1989-12-16,31.5,-25.0,22.226013
1989-12-17,31.5,-25.0,22.059113
1989-12-18,31.5,-25.0,24.513062
1989-12-19,31.5,-25.0,27.246948
1989-12-20,31.5,-25.0,29.803986
1989-12-21,31.5,-25.0,24.340576
1989-12-22,31.5,-25.0,24.407776
1989-12-23,31.5,-25.0,24.822998
1989-12-24,31.5,-25.0,26.022095
1989-12-25,31.5,-25.0,23.723022
1989-12-26,31.5,-25.0,24.726196
1989-12-27,31.5,-25.0,26.772095
1989-12-28,31.5,-25.0,27.903137
1989-12-29,31.5,-25.0,28.09555
1989-12-30,31.5,-25.0,28.632599
1989-12-31,31.5,-25.0,21.736328
1990-01-01,31.5,-25.0,23.553772
1990-01-02,31.5,-25.0,24.84198
1990-01-03,31.5,-25.0,24.760864
1990-01-04,31.5,-25.0,25.293335
1990-01-05,31.5,-25.0,25.979004
1990-01-06,31.5,-25.0,29.80838
1990-01-07,31.5,-25.0,26.620972
1990-01-08,31.5,-25.0,21.06717
1990-01-09,31.5,-25.0,22.595367
1990-01-10,31.5,-25.0,26.413818
1990-01-11,31.5,-25.0,20.176727
1990-01-12,31.5,-25.0,23.584564
1990-01-13,31.5,-25.0,26.330994
1990-01-14,31.5,-25.0,26.408386
1990-01-15,31.5,-25.0,24.737
1990-01-16,31.5,-25.0,25.013733
1990-01-17,31.5,-25.0,25.588135
1990-01-18,31.5,-25.0,26.107178
1990-01-19,31.5,-25.0,26.054901
1990-01-20,31.5,-25.0,25.601654
1990-01-21,31.5,-25.0,24.696045
1990-01-22,31.5,-25.0,26.503357
1990-01-23,31.5,-25.0,29.086273
1990-01-24,31.5,-25.0,24.15216
1990-01-25,31.5,-25.0,24.102661
1990-01-26,31.5,-25.0,26.692505
1990-01-27,31.5,-25.0,27.50177
1990-01-28,31.5,-25.0,24.126404
1990-01-29,31.5,-25.0,22.917603
1990-01-30,31.5,-25.0,24.00824
1990-01-31,31.5,-25.0,25.625793
1990-02-01,31.5,-25.0,25.820679
1990-02-02,31.5,-25.0,25.397522
1990-02-03,31.5,-25.0,23.947052
1990-02-04,31.5,-25.0,22.795807
1990-02-05,31.5,-25.0,23.323853
1990-02-06,31.5,-25.0,23.360138
1990-02-07,31.5,-25.0,23.063751
1990-02-08,31.5,-25.0,22.94931
1990-02-09,31.5,-25.0,24.485565
1990-02-10,31.5,-25.0,23.45996
1990-02-11,31.5,-25.0,22.913147
1990-02-12,31.5,-25.0,23.295898
1990-02-13,31.5,-25.0,22.583557
1990-02-14,31.5,-25.0,23.232727
1990-02-15,31.5,-25.0,24.91925
1990-02-16,31.5,-25.0,24.993225
1990-02-17,31.5,-25.0,26.121033
1990-02-18,31.5,-25.0,27.729553
1990-02-19,31.5,-25.0,27.607666
1990-02-20,31.5,-25.0,29.765564
1990-02-21,31.5,-25.0,28.553955
1990-02-22,31.5,-25.0,24.283325
1990-02-23,31.5,-25.0,22.218048
1990-02-24,31.5,-25.0,23.72342
1990-02-25,31.5,-25.0,24.184479
1990-02-26,31.5,-25.0,23.552979
1990-02-27,31.5,-25.0,23.380432
1990-02-28,31.5,-25.0,24.562103
1990-03-01,31.5,-25.0,25.735992
1990-03-02,31.5,-25.0,26.595001
1990-03-03,31.5,-25.0,28.299103
1990-03-04,31.5,-25.0,25.44455
1990-03-05,31.5,-25.0,23.567932
1990-03-06,31.5,-25.0,24.024261
1990-03-07,31.5,-25.0,25.781311
1990-03-08,31.5,-25.0,23.77417
1990-03-09,31.5,-25.0,26.196808
1990-03-10,31.5,-25.0,27.979767
1990-03-11,31.5,-25.0,26.241241
1990-03-12,31.5,-25.0,24.617615
1990-03-13,31.5,-25.0,22.084717
1990-03-14,31.5,-25.0,24.306824
1990-03-15,31.5,-25.0,23.78949
1990-03-16,31.5,-25.0,23.810944
1990-03-17,31.5,-25.0,25.523132
1990-03-18,31.5,-25.0,25.95221
1990-03-19,31.5,-25.0,25.908356
1990-03-20,31.5,-25.0,24.83957
1990-03-21,31.5,-25.0,27.451874
1990-03-22,31.5,-25.0,26.726196
1990-03-23,31.5,-25.0,26.066132
1990-03-24,31.5,-25.0,26.865936
1990-03-25,31.5,-25.0,24.869019
1990-03-26,31.5,-25.0,23.60968
1990-03-27,31.5,-25.0,24.809753
1990-03-28,31.5,-25.0,20.025208
1990-03-29,31.5,-25.0,20.20343
1990-03-30,31.5,-25.0,22.666534
1990-03-31,31.5,-25.0,25.65689
1990-04-01,31.5,-25.0,27.17984
1990-04-02,31.5,-25.0,21.328217
1990-04-03,31.5,-25.0,21.272736
1990-04-04,31.5,-25.0,22.0932
1990-04-05,31.5,-25.0,24.556305
1990-04-06,31.5,-25.0,23.110413
1990-04-07,31.5,-25.0,23.59607
1990-04-08,31.5,-25.0,23.821442
1990-04-09,31.5,-25.0,23.40332
1990-04-10,31.5,-25.0,22.392883
1990-04-11,31.5,-25.0,22.215576
1990-04-12,31.5,-25.0,22.441254
1990-04-13,31.5,-25.0,23.624695
1990-04-14,31.5,-25.0,24.432007
1990-04-15,31.5,-25.0,23.690369
1990-04-16,31.5,-25.0,22.808899
1990-04-17,31.5,-25.0,22.247131
1990-04-18,31.5,-25.0,22.159576
1990-04-19,31.5,-25.0,22.075531
1990-04-20,31.5,-25.0,21.873077
1990-04-21,31.5,-25.0,21.246063
1990-04-22,31.5,-25.0,21.651398
1990-04-23,31.5,-25.0,22.77829
1990-04-24,31.5,-25.0,23.947357
1990-04-25,31.5,-25.0,23.619537
1990-04-26,31.5,-25.0,19.823029
1990-04-27,31.5,-25.0,21.015015
1990-04-28,31.5,-25.0,23.31424
1990-04-29,31.5,-25.0,20.708405
1990-04-30,31.5,-25.0,21.315521
1990-05-01,31.5,-25.0,19.270447
1990-05-02,31.5,-25.0,19.81015
1990-05-03,31.5,-25.0,21.379456
1990-05-04,31.5,-25.0,20.69281
1990-05-05,31.5,-25.0,20.84552
1990-05-06,31.5,-25.0,21.696625
1990-05-07,31.5,-25.0,21.276459
1990-05-08,31.5,-25.0,22.641937
1990-05-09,31.5,-25.0,21.293915
1990-05-10,31.5,-25.0,19.050385
1990-05-11,31.5,-25.0,18.075989
1990-05-12,31.5,-25.0,18.009857
1990-05-13,31.5,-25.0,18.356903
1990-05-14,31.5,-25.0,19.08545
1990-05-15,31.5,-25.0,18.997345
1990-05-16,31.5,-25.0,18.384735
1990-05-17,31.5,-25.0,17.790863
1990-05-18,31.5,-25.0,19.591553
1990-05-19,31.5,-25.0,18.492615
1990-05-20,31.5,-25.0,19.492096
1990-05-21,31.5,-25.0,21.248688
1990-05-22,31.5,-25.0,19.8302
1990-05-23,31.5,-25.0,16.19284
1990-05-24,31.5,-25.0,16.39148
1990-05-25,31.5,-25.0,18.166351
1990-05-26,31.5,-25.0,18.429932
1990-05-27,31.5,-25.0,18.30243
1990-05-28,31.5,-25.0,17.483246
1990-05-29,31.5,-25.0,17.367065
1990-05-30,31.5,-25.0,18.442902
1990-05-31,31.5,-25.0,18.441864
1990-06-01,31.5,-25.0,17.937561
1990-06-02,31.5,-25.0,17.701965
1990-06-03,31.5,-25.0,18.691772
1990-06-04,31.5,-25.0,20.825134
1990-06-05,31.5,-25.0,20.368683
1990-06-06,31.5,-25.0,17.870209
1990-06-07,31.5,-25.0,18.743378
1990-06-08,31.5,-25.0,19.059235
1990-06-09,31.5,-25.0,18.664337
1990-06-10,31.5,-25.0,18.469086
1990-06-11,31.5,-25.0,20.396576
1990-06-12,31.5,-25.0,17.26944
1990-06-13,31.5,-25.0,15.84491
1990-06-14,31.5,-25.0,15.362579
1990-06-15,31.5,-25.0,15.385376
1990-06-16,31.5,-25.0,18.1922
1990-06-17,31.5,-25.0,19.587341
1990-06-18,31.5,-25.0,16.675995
1990-06-19,31.5,-25.0,14.383087
1990-06-20,31.5,-25.0,15.030579
1990-06-21,31.5,-25.0,17.931305
1990-06-22,31.5,-25.0,17.834747
1990-06-23,31.5,-25.0,15.513336
1990-06-24,31.5,-25.0,14.570862
1990-06-25,31.5,-25.0,16.163605
1990-06-26,31.5,-25.0,17.960602
1990-06-27,31.5,-25.0,19.762054
1990-06-28,31.5,-25.0,18.488739
1990-06-29,31.5,-25.0,16.828705
1990-06-30,31.5,-25.0,14.728699
1990-07-01,31.5,-25.0,12.891663
1990-07-02,31.5,-25.0,12.974182
1990-07-03,31.5,-25.0,15.955566
1990-07-04,31.5,-25.0,17.556732
1990-07-05,31.5,-25.0,17.61496
1990-07-06,31.5,-25.0,17.383698
1990-07-07,31.5,-25.0,18.751862
1990-07-08,31.5,-25.0,18.451355
1990-07-09,31.5,-25.0,20.100555
1990-07-10,31.5,-25.0,19.748993
1990-07-11,31.5,-25.0,17.4729
1990-07-12,31.5,-25.0,19.748749
1990-07-13,31.5,-25.0,19.444824
1990-07-14,31.5,-25.0,17.578003
1990-07-15,31.5,-25.0,17.23764
1990-07-16,31.5,-25.0,18.844086
1990-07-17,31.5,-25.0,18.971527
1990-07-18,31.5,-25.0,20.605377
1990-07-19,31.5,-25.0,18.423218
1990-07-20,31.5,-25.0,18.349426
1990-07-21,31.5,-25.0,17.796783
1990-07-22,31.5,-25.0,16.294159
1990-07-23,31.5,-25.0,17.547913
1990-07-24,31.5,-25.0,19.722992
1990-07-25,31.5,-25.0,18.043549
1990-07-26,31.5,-25.0,16.822235
1990-07-27,31.5,-25.0,17.667877
1990-07-28,31.5,-25.0,18.160095
1990-07-29,31.5,-25.0,19.459442
1990-07-30,31.5,-25.0,18.38858
1990-07-31,31.5,-25.0,18.912842
1990-08-01,31.5,-25.0,19.208862
1990-08-02,31.5,-25.0,17.137024
1990-08-03,31.5,-25.0,19.70523
1990-08-04,31.5,-25.0,18.356323
1990-08-05,31.5,-25.0,17.129944
1990-08-06,31.5,-25.0,17.154205
1990-08-07,31.5,-25.0,17.632172
1990-08-08,31.5,-25.0,17.476013
1990-08-09,31.5,-25.0,18.361694
1990-08-10,31.5,-25.0,19.984314
1990-08-11,31.5,-25.0,21.905273
1990-08-12,31.5,-25.0,16.682434
1990-08-13,31.5,-25.0,15.489532
1990-08-14,31.5,-25.0,14.844818
1990-08-15,31.5,-25.0,14.481995
1990-08-16,31.5,-25.0,15.94519
1990-08-17,31.5,-25.0,16.861847
1990-08-18,31.5,-25.0,19.229218
1990-08-19,31.5,-25.0,20.91272
1990-08-20,31.5,-25.0,14.725983
1990-08-21,31.5,-25.0,15.414368
1990-08-22,31.5,-25.0,15.679108
1990-08-23,31.5,-25.0,17.216461
1990-08-24,31.5,-25.0,19.053925
1990-08-25,31.5,-25.0,19.232819
1990-08-26,31.5,-25.0,20.278748
1990-08-27,31.5,-25.0,22.55017
1990-08-28,31.5,-25.0,24.502228
1990-08-29,31.5,-25.0,18.899536
1990-08-30,31.5,-25.0,18.582153
1990-08-31,31.5,-25.0,16.625
1990-09-01,31.5,-25.0,15.833466
1990-09-02,31.5,-25.0,15.618286
1990-09-03,31.5,-25.0,18.098938
1990-09-04,31.5,-25.0,18.207336
1990-09-05,31.5,-25.0,15.861053
1990-09-06,31.5,-25.0,17.877594
1990-09-07,31.5,-25.0,21.809723
1990-09-08,31.5,-25.0,22.736145
1990-09-09,31.5,-25.0,21.860931
1990-09-10,31.5,-25.0,20.802307
1990-09-11,31.5,-25.0,22.685028
1990-09-12,31.5,-25.0,24.099854
1990-09-13,31.5,-25.0,22.096619
1990-09-14,31.5,-25.0,24.569885
1990-09-15,31.5,-25.0,23.35785
1990-09-16,31.5,-25.0,25.600586
1990-09-17,31.5,-25.0,23.70163
1990-09-18,31.5,-25.0,15.996155
1990-09-19,31.5,-25.0,15.234894
1990-09-20,31.5,-25.0,15.480682
1990-09-21,31.5,-25.0,17.263123
1990-09-22,31.5,-25.0,18.819763
1990-09-23,31.5,-25.0,20.872406
1990-09-24,31.5,-25.0,18.681763
1990-09-25,31.5,-25.0,19.885925
1990-09-26,31.5,-25.0,20.459259
1990-09-27,31.5,-25.0,23.275085
1990-09-28,31.5,-25.0,24.980927
1990-09-29,31.5,-25.0,26.747314
1990-09-30,31.5,-25.0,22.031708
1990-10-01,31.5,-25.0,21.9122
1990-10-02,31.5,-25.0,23.68103
1990-10-03,31.5,-25.0,27.024841
1990-10-04,31.5,-25.0,22.785583
1990-10-05,31.5,-25.0,26.285065
1990-10-06,31.5,-25.0,28.815948
1990-10-07,31.5,-25.0,25.913635
1990-10-08,31.5,-25.0,18.341156
1990-10-09,31.5,-25.0,20.598846
1990-10-10,31.5,-25.0,23.908478
1990-10-11,31.5,-25.0,26.05664
1990-10-12,31.5,-25.0,26.52652
1990-10-13,31.5,-25.0,25.192505
1990-10-14,31.5,-25.0,23.575073
1990-10-15,31.5,-25.0,26.279205
1990-10-16,31.5,-25.0,18.848236
1990-10-17,31.5,-25.0,20.572205
1990-10-18,31.5,-25.0,21.443481
1990-10-19,31.5,-25.0,19.211792
1990-10-20,31.5,-25.0,18.857208
1990-10-21,31.5,-25.0,20.02768
1990-10-22,31.5,-25.0,23.674622
1990-10-23,31.5,-25.0,27.294037
1990-10-24,31.5,-25.0,23.589905
1990-10-25,31.5,-25.0,20.868042
1990-10-26,31.5,-25.0,20.506805
1990-10-27,31.5,-25.0,19.386902
1990-10-28,31.5,-25.0,20.28009
1990-10-29,31.5,-25.0,23.506256
1990-10-30,31.5,-25.0,25.067139
1990-10-31,31.5,-25.0,24.82248
1990-11-01,31.5,-25.0,25.319366
1990-11-02,31.5,-25.0,27.287994
1990-11-03,31.5,-25.0,26.48114
1990-11-04,31.5,-25.0,27.417694
1990-11-05,31.5,-25.0,29.040405
1990-11-06,31.5,-25.0,16.345337
1990-11-07,31.5,-25.0,17.44284
1990-11-08,31.5,-25.0,19.172516
1990-11-09,31.5,-25.0,22.021667
1990-11-10,31.5,-25.0,24.595825
1990-11-11,31.5,-25.0,25.430237
1990-11-12,31.5,-25.0,28.327667
1990-11-13,31.5,-25.0,27.961456
1990-11-14,31.5,-25.0,31.351105
1990-11-15,31.5,-25.0,20.11264
1990-11-16,31.5,-25.0,18.539062
1990-11-17,31.5,-25.0,22.564697
1990-11-18,31.5,-25.0,26.115967
1990-11-19,31.5,-25.0,28.422668
1990-11-20,31.5,-25.0,24.120575
1990-11-21,31.5,-25.0,24.038605
1990-11-22,31.5,-25.0,22.752441
1990-11-23,31.5,-25.0,28.33957
1990-11-24,31.5,-25.0,23.802917
1990-11-25,31.5,-25.0,20.070557
1990-11-26,31.5,-25.0,20.199402
1990-11-27,31.5,-25.0,21.175323
1990-11-28,31.5,-25.0,24.13681
1990-11-29,31.5,-25.0,25.72287
1990-11-30,31.5,-25.0,27.573273
1990-12-01,31.5,-25.0,30.3461
1990-12-02,31.5,-25.0,22.275116
1990-12-03,31.5,-25.0,20.484009
1990-12-04,31.5,-25.0,24.106476
1990-12-05,31.5,-25.0,26.457764
1990-12-06,31.5,-25.0,22.17685
1990-12-07,31.5,-25.0,24.202057
1990-12-08,31.5,-25.0,26.03598
1990-12-09,31.5,-25.0,25.759216
1990-12-10,31.5,-25.0,23.652802
1990-12-11,31.5,-25.0,22.662354
1990-12-12,31.5,-25.0,24.242096
1990-12-13,31.5,-25.0,26.45691
1990-12-14,31.5,-25.0,26.61493
1990-12-15,31.5,-25.0,25.916168
1990-12-16,31.5,-25.0,26.886688
1990-12-17,31.5,-25.0,27.558685
1990-12-18,31.5,-25.0,23.011353
1990-12-19,31.5,-25.0,20.737213
1990-12-20,31.5,-25.0,20.768707
1990-12-21,31.5,-25.0,23.502441
1990-12-22,31.5,-25.0,27.314484
1990-12-23,31.5,-25.0,28.103088
1990-12-24,31.5,-25.0,28.63861
1990-12-25,31.5,-25.0,27.597504
1990-12-26,31.5,-25.0,21.918701
1990-12-27,31.5,-25.0,20.76712
1990-12-28,31.5,-25.0,21.970245
1990-12-29,31.5,-25.0,24.91986
1990-12-30,31.5,-25.0,24.081024
1990-12-31,31.5,-25.0,24.032776
1991-01-01,31.5,-25.0,27.104462
1991-01-02,31.5,-25.0,20.822876
1991-01-03,31.5,-25.0,25.388489
1991-01-04,31.5,-25.0,27.357239
1991-01-05,31.5,-25.0,25.698364
1991-01-06,31.5,-25.0,26.50531
1991-01-07,31.5,-25.0,28.773773
1991-01-08,31.5,-25.0,29.739075
1991-01-09,31.5,-25.0,17.683533
1991-01-10,31.5,-25.0,20.544617
1991-01-11,31.5,-25.0,22.317383
1991-01-12,31.5,-25.0,24.214447
1991-01-13,31.5,-25.0,24.686737
1991-01-14,31.5,-25.0,25.036377
1991-01-15,31.5,-25.0,26.4682
1991-01-16,31.5,-25.0,28.189789
1991-01-17,31.5,-25.0,23.873962
1991-01-18,31.5,-25.0,25.40448
1991-01-19,31.5,-25.0,28.31897
1991-01-20,31.5,-25.0,30.218658
1991-01-21,31.5,-25.0,29.93161
1991-01-22,31.5,-25.0,31.3544
1991-01-23,31.5,-25.0,28.053802
1991-01-24,31.5,-25.0,26.724792
1991-01-25,31.5,-25.0,25.20575
1991-01-26,31.5,-25.0,26.27533
1991-01-27,31.5,-25.0,27.466919
1991-01-28,31.5,-25.0,24.174072
1991-01-29,31.5,-25.0,26.663544
1991-01-30,31.5,-25.0,26.343628
1991-01-31,31.5,-25.0,27.306671
1991-02-01,31.5,-25.0,25.485474
1991-02-02,31.5,-25.0,26.520203
1991-02-03,31.5,-25.0,27.634827
1991-02-04,31.5,-25.0,27.518646
1991-02-05,31.5,-25.0,27.783539
1991-02-06,31.5,-25.0,29.898468
1991-02-07,31.5,-25.0,28.60904
1991-02-08,31.5,-25.0,25.638641
1991-02-09,31.5,-25.0,24.060913
1991-02-10,31.5,-25.0,25.322754
1991-02-11,31.5,-25.0,25.7406
1991-02-12,31.5,-25.0,26.346313
1991-02-13,31.5,-25.0,27.746185
1991-02-14,31.5,-25.0,27.15866
1991-02-15,31.5,-25.0,28.752808
1991-02-16,31.5,-25.0,25.74237
1991-02-17,31.5,-25.0,25.064728
1991-02-18,31.5,-25.0,22.656311
1991-02-19,31.5,-25.0,22.352081
1991-02-20,31.5,-25.0,23.891602
1991-02-21,31.5,-25.0,25.478577
1991-02-22,31.5,-25.0,26.270477
1991-02-23,31.5,-25.0,27.647156
1991-02-24,31.5,-25.0,28.584686
1991-02-25,31.5,-25.0,28.79129
1991-02-26,31.5,-25.0,27.749023
1991-02-27,31.5,-25.0,27.18042
1991-02-28,31.5,-25.0,26.996307
1991-03-01,31.5,-25.0,27.296967
1991-03-02,31.5,-25.0,28.896423
1991-03-03,31.5,-25.0,31.130219
1991-03-04,31.5,-25.0,28.264038
1991-03-05,31.5,-25.0,25.83316
1991-03-06,31.5,-25.0,24.940063
1991-03-07,31.5,-25.0,25.058533
1991-03-08,31.5,-25.0,25.976044
1991-03-09,31.5,-25.0,26.767334
1991-03-10,31.5,-25.0,29.292267
1991-03-11,31.5,-25.0,27.905945
1991-03-12,31.5,-25.0,22.226257
1991-03-13,31.5,-25.0,22.672913
1991-03-14,31.5,-25.0,25.699036
1991-03-15,31.5,-25.0,23.984894
1991-03-16,31.5,-25.0,20.740082
1991-03-17,31.5,-25.0,20.227448
1991-03-18,31.5,-25.0,20.99356
1991-03-19,31.5,-25.0,22.49588
1991-03-20,31.5,-25.0,25.417786
1991-03-21,31.5,-25.0,26.030518
1991-03-22,31.5,-25.0,23.217316
1991-03-23,31.5,-25.0,23.352081
1991-03-24,31.5,-25.0,21.893982
1991-03-25,31.5,-25.0,19.76178
1991-03-26,31.5,-25.0,19.570251
1991-03-27,31.5,-25.0,19.825134
1991-03-28,31.5,-25.0,20.288666
1991-03-29,31.5,-25.0,20.77356
1991-03-30,31.5,-25.0,21.307861
1991-03-31,31.5,-25.0,22.56131
1991-04-01,31.5,-25.0,22.84729
1991-04-02,31.5,-25.0,22.325928
1991-04-03,31.5,-25.0,23.309143
1991-04-04,31.5,-25.0,23.364838
1991-04-05,31.5,-25.0,22.820374
1991-04-06,31.5,-25.0,26.38205
1991-04-07,31.5,-25.0,20.863586
1991-04-08,31.5,-25.0,18.262787
1991-04-09,31.5,-25.0,19.243256
1991-04-10,31.5,-25.0,21.42221
1991-04-11,31.5,-25.0,21.01004
1991-04-12,31.5,-25.0,21.20935
1991-04-13,31.5,-25.0,21.866302
1991-04-14,31.5,-25.0,21.842682
1991-04-15,31.5,-25.0,22.77893
1991-04-16,31.5,-25.0,21.752014
1991-04-17,31.5,-25.0,21.524445
1991-04-18,31.5,-25.0,21.702545
1991-04-19,31.5,-25.0,22.184326
1991-04-20,31.5,-25.0,21.412018
1991-04-21,31.5,-25.0,21.830414
1991-04-22,31.5,-25.0,22.00174
1991-04-23,31.5,-25.0,22.669586
1991-04-24,31.5,-25.0,21.676361
1991-04-25,31.5,-25.0,21.729279
1991-04-26,31.5,-25.0,22.339783
1991-04-27,31.5,-25.0,22.482788
1991-04-28,31.5,-25.0,22.695068
1991-04-29,31.5,-25.0,21.766022
1991-04-30,31.5,-25.0,20.618713
1991-05-01,31.5,-25.0,21.369446
1991-05-02,31.5,-25.0,22.137756
1991-05-03,31.5,-25.0,22.818878
1991-05-04,31.5,-25.0,22.117981
1991-05-05,31.5,-25.0,21.969513
1991-05-06,31.5,-25.0,21.43045
1991-05-07,31.5,-25.0,22.55252
1991-05-08,31.5,-25.0,22.4422
1991-05-09,31.5,-25.0,20.959076
1991-05-10,31.5,-25.0,20.703674
1991-05-11,31.5,-25.0,18.577362
1991-05-12,31.5,-25.0,18.279297
1991-05-13,31.5,-25.0,17.81131
1991-05-14,31.5,-25.0,17.629059
1991-05-15,31.5,-25.0,18.894318
1991-05-16,31.5,-25.0,19.25241
1991-05-17,31.5,-25.0,19.38977
1991-05-18,31.5,-25.0,19.46643
1991-05-19,31.5,-25.0,19.175262
1991-05-20,31.5,-25.0,20.23938
1991-05-21,31.5,-25.0,20.27533
1991-05-22,31.5,-25.0,21.456787
1991-05-23,31.5,-25.0,21.061554
1991-05-24,31.5,-25.0,21.401154
1991-05-25,31.5,-25.0,22.439667
1991-05-26,31.5,-25.0,18.792023
1991-05-27,31.5,-25.0,19.515839
1991-05-28,31.5,-25.0,17.832458
1991-05-29,31.5,-25.0,16.373169
1991-05-30,31.5,-25.0,16.174988
1991-05-31,31.5,-25.0,17.716248
1991-06-01,31.5,-25.0,18.210663
1991-06-02,31.5,-25.0,17.002472
1991-06-03,31.5,-25.0,15.780945
1991-06-04,31.5,-25.0,15.81781
1991-06-05,31.5,-25.0,15.796204
1991-06-06,31.5,-25.0,17.29956
1991-06-07,31.5,-25.0,16.49707
1991-06-08,31.5,-25.0,16.078247
1991-06-09,31.5,-25.0,16.84665
1991-06-10,31.5,-25.0,16.817352
1991-06-11,31.5,-25.0,16.341614
1991-06-12,31.5,-25.0,15.498077
1991-06-13,31.5,-25.0,17.22107
1991-06-14,31.5,-25.0,15.393005
1991-06-15,31.5,-25.0,14.144257
1991-06-16,31.5,-25.0,13.299927
1991-06-17,31.5,-25.0,13.998383
1991-06-18,31.5,-25.0,14.913116
1991-06-19,31.5,-25.0,17.480713
1991-06-20,31.5,-25.0,15.778748
1991-06-21,31.5,-25.0,15.216797
1991-06-22,31.5,-25.0,15.2560425
1991-06-23,31.5,-25.0,16.442902
1991-06-24,31.5,-25.0,16.671692
1991-06-25,31.5,-25.0,18.680298
1991-06-26,31.5,-25.0,18.304138
1991-06-27,31.5,-25.0,18.19336
1991-06-28,31.5,-25.0,18.231323
1991-06-29,31.5,-25.0,18.2948
1991-06-30,31.5,-25.0,19.298828
1991-07-01,31.5,-25.0,18.605469
1991-07-02,31.5,-25.0,18.188507
1991-07-03,31.5,-25.0,16.938507
1991-07-04,31.5,-25.0,16.70755
1991-07-05,31.5,-25.0,17.576965
1991-07-06,31.5,-25.0,19.31253
1991-07-07,31.5,-25.0,16.220001
1991-07-08,31.5,-25.0,13.833862
1991-07-09,31.5,-25.0,14.617432
1991-07-10,31.5,-25.0,14.590729
1991-07-11,31.5,-25.0,15.037598
1991-07-12,31.5,-25.0,14.698639
1991-07-13,31.5,-25.0,17.453796
1991-07-14,31.5,-25.0,16.136444
1991-07-15,31.5,-25.0,16.015594
1991-07-16,31.5,-25.0,16.215515
1991-07-17,31.5,-25.0,14.12381
1991-07-18,31.5,-25.0,13.0416565
1991-07-19,31.5,-25.0,14.480255
1991-07-20,31.5,-25.0,15.5513
1991-07-21,31.5,-25.0,16.177704
1991-07-22,31.5,-25.0,16.756378
1991-07-23,31.5,-25.0,17.447144
1991-07-24,31.5,-25.0,19.402008
1991-07-25,31.5,-25.0,18.383392
1991-07-26,31.5,-25.0,19.742859
1991-07-27,31.5,-25.0,17.201172
1991-07-28,31.5,-25.0,14.450043
1991-07-29,31.5,-25.0,12.8013
1991-07-30,31.5,-25.0,14.020935
1991-07-31,31.5,-25.0,17.293182
1991-08-01,31.5,-25.0,21.386047
1991-08-02,31.5,-25.0,16.436646
1991-08-03,31.5,-25.0,18.985413
1991-08-04,31.5,-25.0,16.476776
1991-08-05,31.5,-25.0,15.077393
1991-08-06,31.5,-25.0,17.05246
1991-08-07,31.5,-25.0,16.7818
1991-08-08,31.5,-25.0,16.83435
1991-08-09,31.5,-25.0,16.336548
1991-08-10,31.5,-25.0,19.264038
1991-08-11,31.5,-25.0,17.464417
1991-08-12,31.5,-25.0,14.818298
1991-08-13,31.5,-25.0,14.548218
1991-08-14,31.5,-25.0,15.435486
1991-08-15,31.5,-25.0,15.681061
1991-08-16,31.5,-25.0,17.752808
1991-08-17,31.5,-25.0,17.490723
1991-08-18,31.5,-25.0,19.403412
1991-08-19,31.5,-25.0,21.78424
1991-08-20,31.5,-25.0,22.059937
1991-08-21,31.5,-25.0,19.414215
1991-08-22,31.5,-25.0,18.50122
1991-08-23,31.5,-25.0,20.692108
1991-08-24,31.5,-25.0,21.023193
1991-08-25,31.5,-25.0,20.912994
1991-08-26,31.5,-25.0,17.41211
1991-08-27,31.5,-25.0,19.933044
1991-08-28,31.5,-25.0,23.212646
1991-08-29,31.5,-25.0,25.422607
1991-08-30,31.5,-25.0,18.574097
1991-08-31,31.5,-25.0,19.774292
1991-09-01,31.5,-25.0,17.839996
1991-09-02,31.5,-25.0,16.927338
1991-09-03,31.5,-25.0,18.611969
1991-09-04,31.5,-25.0,22.45639
1991-09-05,31.5,-25.0,24.70874
1991-09-06,31.5,-25.0,19.990936
1991-09-07,31.5,-25.0,21.301727
1991-09-08,31.5,-25.0,25.454834
1991-09-09,31.5,-25.0,20.729218
1991-09-10,31.5,-25.0,21.387177
1991-09-11,31.5,-25.0,19.102814
1991-09-12,31.5,-25.0,20.512512
1991-09-13,31.5,-25.0,23.624878
1991-09-14,31.5,-25.0,21.00943
1991-09-15,31.5,-25.0,20.309937
1991-09-16,31.5,-25.0,26.791656
1991-09-17,31.5,-25.0,21.545685
1991-09-18,31.5,-25.0,25.221527
1991-09-19,31.5,-25.0,26.323853
1991-09-20,31.5,-25.0,21.791473
1991-09-21,31.5,-25.0,22.58844
1991-09-22,31.5,-25.0,22.9823
1991-09-23,31.5,-25.0,25.74054
1991-09-24,31.5,-25.0,24.526398
1991-09-25,31.5,-25.0,18.937805
1991-09-26,31.5,-25.0,19.238068
1991-09-27,31.5,-25.0,21.992035
1991-09-28,31.5,-25.0,24.161926
1991-09-29,31.5,-25.0,19.700653
1991-09-30,31.5,-25.0,19.05243
1991-10-01,31.5,-25.0,18.284424
1991-10-02,31.5,-25.0,20.888031
1991-10-03,31.5,-25.0,21.058014
1991-10-04,31.5,-25.0,22.309479
1991-10-05,31.5,-25.0,22.69635
1991-10-06,31.5,-25.0,26.026398
1991-10-07,31.5,-25.0,26.566528
1991-10-08,31.5,-25.0,26.677582
1991-10-09,31.5,-25.0,21.01651
1991-10-10,31.5,-25.0,21.68155
1991-10-11,31.5,-25.0,22.321838
1991-10-12,31.5,-25.0,22.562103
1991-10-13,31.5,-25.0,21.752472
1991-10-14,31.5,-25.0,22.37146
1991-10-15,31.5,-25.0,23.73941
1991-10-16,31.5,-25.0,18.895813
1991-10-17,31.5,-25.0,21.072815
1991-10-18,31.5,-25.0,25.836182
1991-10-19,31.5,-25.0,28.509766
1991-10-20,31.5,-25.0,23.554169
1991-10-21,31.5,-25.0,22.754333
1991-10-22,31.5,-25.0,23.615051
1991-10-23,31.5,-25.0,24.810333
1991-10-24,31.5,-25.0,21.923492
1991-10-25,31.5,-25.0,21.772339
1991-10-26,31.5,-25.0,25.116882
1991-10-27,31.5,-25.0,29.774384
1991-10-28,31.5,-25.0,28.875488
1991-10-29,31.5,-25.0,29.042969
1991-10-30,31.5,-25.0,29.856995
1991-10-31,31.5,-25.0,25.129242
1991-11-01,31.5,-25.0,22.373596
1991-11-02,31.5,-25.0,19.874237
1991-11-03,31.5,-25.0,23.17163
1991-11-04,31.5,-25.0,24.35254
1991-11-05,31.5,-25.0,26.135895
1991-11-06,31.5,-25.0,27.086548
1991-11-07,31.5,-25.0,26.536194
1991-11-08,31.5,-25.0,26.099243
1991-11-09,31.5,-25.0,25.560822
1991-11-10,31.5,-25.0,27.16043
1991-11-11,31.5,-25.0,29.425049
1991-11-12,31.5,-25.0,26.251526
1991-11-13,31.5,-25.0,23.650085
1991-11-14,31.5,-25.0,24.210693
1991-11-15,31.5,-25.0,23.106415
1991-11-16,31.5,-25.0,22.301117
1991-11-17,31.5,-25.0,24.465607
1991-11-18,31.5,-25.0,24.657166
1991-11-19,31.5,-25.0,27.101715
1991-11-20,31.5,-25.0,26.353455
1991-11-21,31.5,-25.0,20.480988
1991-11-22,31.5,-25.0,19.078827
1991-11-23,31.5,-25.0,19.568268
1991-11-24,31.5,-25.0,23.127289
1991-11-25,31.5,-25.0,26.298279
1991-11-26,31.5,-25.0,23.96463
1991-11-27,31.5,-25.0,26.083801
1991-11-28,31.5,-25.0,27.980164
1991-11-29,31.5,-25.0,26.47345
1991-11-30,31.5,-25.0,23.792694
1991-12-01,31.5,-25.0,26.10794
1991-12-02,31.5,-25.0,26.038116
1991-12-03,31.5,-25.0,27.040924
1991-12-04,31.5,-25.0,25.17337
1991-12-05,31.5,-25.0,19.332977
1991-12-06,31.5,-25.0,21.284729
1991-12-07,31.5,-25.0,25.619019
1991-12-08,31.5,-25.0,26.633331
1991-12-09,31.5,-25.0,22.317108
1991-12-10,31.5,-25.0,23.08313
1991-12-11,31.5,-25.0,24.88559
1991-12-12,31.5,-25.0,26.249817
1991-12-13,31.5,-25.0,25.87613
1991-12-14,31.5,-25.0,25.70758
1991-12-15,31.5,-25.0,27.804077
1991-12-16,31.5,-25.0,26.35614
1991-12-17,31.5,-25.0,26.335602
1991-12-18,31.5,-25.0,26.431824
1991-12-19,31.5,-25.0,26.225952
1991-12-20,31.5,-25.0,26.719788
1991-12-21,31.5,-25.0,19.094147
1991-12-22,31.5,-25.0,21.70465
1991-12-23,31.5,-25.0,23.632172
1991-12-24,31.5,-25.0,24.693542
1991-12-25,31.5,-25.0,26.261475
1991-12-26,31.5,-25.0,22.65332
1991-12-27,31.5,-25.0,23.061707
1991-12-28,31.5,-25.0,26.214905
1991-12-29,31.5,-25.0,28.42035
1991-12-30,31.5,-25.0,28.475433
1991-12-31,31.5,-25.0,26.188538
1992-01-01,31.5,-25.0,26.594238
1992-01-02,31.5,-25.0,25.927124
1992-01-03,31.5,-25.0,24.794006
1992-01-04,31.5,-25.0,24.933685
1992-01-05,31.5,-25.0,28.13501
1992-01-06,31.5,-25.0,28.593964
1992-01-07,31.5,-25.0,29.433777
1992-01-08,31.5,-25.0,29.286072
1992-01-09,31.5,-25.0,28.636719
1992-01-10,31.5,-25.0,25.838593
1992-01-11,31.5,-25.0,22.329346
1992-01-12,31.5,-25.0,26.507568
1992-01-13,31.5,-25.0,30.994354
1992-01-14,31.5,-25.0,29.723175
1992-01-15,31.5,-25.0,26.892395
1992-01-16,31.5,-25.0,28.871979
1992-01-17,31.5,-25.0,27.756744
1992-01-18,31.5,-25.0,29.591736
1992-01-19,31.5,-25.0,24.41043
1992-01-20,31.5,-25.0,26.57837
1992-01-21,31.5,-25.0,27.29837
1992-01-22,31.5,-25.0,25.915558
1992-01-23,31.5,-25.0,25.763855
1992-01-24,31.5,-25.0,29.339539
1992-01-25,31.5,-25.0,26.270172
1992-01-26,31.5,-25.0,26.424622
1992-01-27,31.5,-25.0,26.542877
1992-01-28,31.5,-25.0,27.703796
1992-01-29,31.5,-25.0,28.771912
1992-01-30,31.5,-25.0,28.019867
1992-01-31,31.5,-25.0,25.096558
1992-02-01,31.5,-25.0,27.812744
1992-02-02,31.5,-25.0,27.339142
1992-02-03,31.5,-25.0,27.259827
1992-02-04,31.5,-25.0,27.649994
1992-02-05,31.5,-25.0,26.793732
1992-02-06,31.5,-25.0,26.623627
1992-02-07,31.5,-25.0,27.33841
1992-02-08,31.5,-25.0,27.616608
1992-02-09,31.5,-25.0,27.628906
1992-02-10,31.5,-25.0,26.995422
1992-02-11,31.5,-25.0,26.411652
1992-02-12,31.5,-25.0,26.355743
1992-02-13,31.5,-25.0,27.470337
1992-02-14,31.5,-25.0,27.401978
1992-02-15,31.5,-25.0,26.90979
1992-02-16,31.5,-25.0,27.945099
1992-02-17,31.5,-25.0,26.916992
1992-02-18,31.5,-25.0,27.236176
1992-02-19,31.5,-25.0,26.016113
1992-02-20,31.5,-25.0,25.585754
1992-02-21,31.5,-25.0,26.006317
1992-02-22,31.5,-25.0,27.217163
1992-02-23,31.5,-25.0,27.975464
1992-02-24,31.5,-25.0,30.413757
1992-02-25,31.5,-25.0,32.983917
1992-02-26,31.5,-25.0,33.59247
1992-02-27,31.5,-25.0,27.55957
1992-02-28,31.5,-25.0,29.000488
1992-02-29,31.5,-25.0,29.423553
1992-03-01,31.5,-25.0,29.894897
1992-03-02,31.5,-25.0,24.697144
1992-03-03,31.5,-25.0,19.619293
1992-03-04,31.5,-25.0,21.227936
1992-03-05,31.5,-25.0,22.969116
1992-03-06,31.5,-25.0,23.738953
1992-03-07,31.5,-25.0,25.86493
1992-03-08,31.5,-25.0,27.351715
1992-03-09,31.5,-25.0,26.255615
1992-03-10,31.5,-25.0,27.259674
1992-03-11,31.5,-25.0,28.397339
1992-03-12,31.5,-25.0,27.781006
1992-03-13,31.5,-25.0,27.672882
1992-03-14,31.5,-25.0,27.54071
1992-03-15,31.5,-25.0,26.221252
1992-03-16,31.5,-25.0,25.3815
1992-03-17,31.5,-25.0,26.699524
1992-03-18,31.5,-25.0,26.478241
1992-03-19,31.5,-25.0,26.197632
1992-03-20,31.5,-25.0,27.297028
1992-03-21,31.5,-25.0,29.041138
1992-03-22,31.5,-25.0,26.308563
1992-03-23,31.5,-25.0,24.595367
1992-03-24,31.5,-25.0,23.488037
1992-03-25,31.5,-25.0,22.973694
1992-03-26,31.5,-25.0,24.212341
1992-03-27,31.5,-25.0,24.063293
1992-03-28,31.5,-25.0,24.421692
1992-03-29,31.5,-25.0,25.491516
1992-03-30,31.5,-25.0,26.595978
1992-03-31,31.5,-25.0,27.795471
1992-04-01,31.5,-25.0,27.969757
1992-04-02,31.5,-25.0,23.60669
1992-04-03,31.5,-25.0,24.658478
1992-04-04,31.5,-25.0,26.186066
1992-04-05,31.5,-25.0,24.568542
1992-04-06,31.5,-25.0,24.282196
1992-04-07,31.5,-25.0,23.659393
1992-04-08,31.5,-25.0,24.005554
1992-04-09,31.5,-25.0,25.141357
1992-04-10,31.5,-25.0,25.814697
1992-04-11,31.5,-25.0,25.348175
1992-04-12,31.5,-25.0,24.74939
1992-04-13,31.5,-25.0,23.568176
1992-04-14,31.5,-25.0,22.079468
1992-04-15,31.5,-25.0,23.74356
1992-04-16,31.5,-25.0,27.641296
1992-04-17,31.5,-25.0,28.780914
1992-04-18,31.5,-25.0,26.672546
1992-04-19,31.5,-25.0,24.926788
1992-04-20,31.5,-25.0,23.83258
1992-04-21,31.5,-25.0,25.879852
1992-04-22,31.5,-25.0,24.978302
1992-04-23,31.5,-25.0,24.73227
1992-04-24,31.5,-25.0,25.758759
1992-04-25,31.5,-25.0,25.25943
1992-04-26,31.5,-25.0,25.566711
1992-04-27,31.5,-25.0,26.681488
1992-04-28,31.5,-25.0,24.90329
1992-04-29,31.5,-25.0,21.742828
1992-04-30,31.5,-25.0,18.062042
1992-05-01,31.5,-25.0,19.174835
1992-05-02,31.5,-25.0,23.8479
1992-05-03,31.5,-25.0,20.233093
1992-05-04,31.5,-25.0,20.469727
1992-05-05,31.5,-25.0,21.071045
1992-05-06,31.5,-25.0,21.752716
1992-05-07,31.5,-25.0,22.21457
1992-05-08,31.5,-25.0,20.84201
1992-05-09,31.5,-25.0,21.767365
1992-05-10,31.5,-25.0,20.767548
1992-05-11,31.5,-25.0,21.720673
1992-05-12,31.5,-25.0,21.112427
1992-05-13,31.5,-25.0,20.00235
1992-05-14,31.5,-25.0,19.542603
1992-05-15,31.5,-25.0,20.378754
1992-05-16,31.5,-25.0,21.371796
1992-05-17,31.5,-25.0,20.962952
1992-05-18,31.5,-25.0,20.793396
1992-05-19,31.5,-25.0,20.113403
1992-05-20,31.5,-25.0,23.080933
1992-05-21,31.5,-25.0,21.811707
1992-05-22,31.5,-25.0,21.216156
1992-05-23,31.5,-25.0,21.214752
1992-05-24,31.5,-25.0,21.40799
1992-05-25,31.5,-25.0,21.385101
1992-05-26,31.5,-25.0,18.09137
1992-05-27,31.5,-25.0,19.81131
1992-05-28,31.5,-25.0,17.039276
1992-05-29,31.5,-25.0,17.199493
1992-05-30,31.5,-25.0,17.573181
1992-05-31,31.5,-25.0,19.812958
1992-06-01,31.5,-25.0,19.953247
1992-06-02,31.5,-25.0,22.31131
1992-06-03,31.5,-25.0,23.39038
1992-06-04,31.5,-25.0,19.989746
1992-06-05,31.5,-25.0,20.056519
1992-06-06,31.5,-25.0,18.14441
1992-06-07,31.5,-25.0,15.731049
1992-06-08,31.5,-25.0,15.0269165
1992-06-09,31.5,-25.0,14.821106
1992-06-10,31.5,-25.0,14.294952
1992-06-11,31.5,-25.0,15.735748
1992-06-12,31.5,-25.0,16.909546
1992-06-13,31.5,-25.0,17.059937
1992-06-14,31.5,-25.0,17.420532
1992-06-15,31.5,-25.0,16.774933
1992-06-16,31.5,-25.0,15.973633
1992-06-17,31.5,-25.0,17.467865
1992-06-18,31.5,-25.0,18.84134
1992-06-19,31.5,-25.0,18.872253
1992-06-20,31.5,-25.0,18.700287
1992-06-21,31.5,-25.0,17.5802
1992-06-22,31.5,-25.0,19.435364
1992-06-23,31.5,-25.0,17.322968
1992-06-24,31.5,-25.0,17.693695
1992-06-25,31.5,-25.0,18.87146
1992-06-26,31.5,-25.0,14.260681
1992-06-27,31.5,-25.0,13.854004
1992-06-28,31.5,-25.0,15.038361
1992-06-29,31.5,-25.0,18.236328
1992-06-30,31.5,-25.0,16.75644
1992-07-01,31.5,-25.0,16.674591
1992-07-02,31.5,-25.0,15.087433
1992-07-03,31.5,-25.0,13.548859
1992-07-04,31.5,-25.0,13.212982
1992-07-05,31.5,-25.0,14.370544
1992-07-06,31.5,-25.0,15.654816
1992-07-07,31.5,-25.0,16.466492
1992-07-08,31.5,-25.0,14.978394
1992-07-09,31.5,-25.0,15.484619
1992-07-10,31.5,-25.0,15.858398
1992-07-11,31.5,-25.0,17.813477
1992-07-12,31.5,-25.0,18.4263
1992-07-13,31.5,-25.0,17.644104
1992-07-14,31.5,-25.0,16.94342
1992-07-15,31.5,-25.0,18.036865
1992-07-16,31.5,-25.0,19.558441
1992-07-17,31.5,-25.0,16.96457
1992-07-18,31.5,-25.0,16.220398
1992-07-19,31.5,-25.0,17.342926
1992-07-20,31.5,-25.0,17.267761
1992-07-21,31.5,-25.0,18.114319
1992-07-22,31.5,-25.0,18.557007
1992-07-23,31.5,-25.0,17.511261
1992-07-24,31.5,-25.0,19.203796
1992-07-25,31.5,-25.0,18.040375
1992-07-26,31.5,-25.0,18.183044
1992-07-27,31.5,-25.0,20.994751
1992-07-28,31.5,-25.0,20.03061
1992-07-29,31.5,-25.0,20.601898
1992-07-30,31.5,-25.0,15.977234
1992-07-31,31.5,-25.0,14.908356
1992-08-01,31.5,-25.0,14.697937
1992-08-02,31.5,-25.0,15.664154
1992-08-03,31.5,-25.0,16.62915
1992-08-04,31.5,-25.0,17.79892
1992-08-05,31.5,-25.0,18.130493
1992-08-06,31.5,-25.0,17.475006
1992-08-07,31.5,-25.0,20.53592
1992-08-08,31.5,-25.0,22.257324
1992-08-09,31.5,-25.0,15.091797
1992-08-10,31.5,-25.0,13.99942
1992-08-11,31.5,-25.0,13.490234
1992-08-12,31.5,-25.0,12.979034
1992-08-13,31.5,-25.0,14.42807
1992-08-14,31.5,-25.0,17.095184
1992-08-15,31.5,-25.0,20.629517
1992-08-16,31.5,-25.0,19.32129
1992-08-17,31.5,-25.0,20.066498
1992-08-18,31.5,-25.0,19.282806
1992-08-19,31.5,-25.0,18.409271
1992-08-20,31.5,-25.0,18.809692
1992-08-21,31.5,-25.0,20.00418
1992-08-22,31.5,-25.0,22.416718
1992-08-23,31.5,-25.0,23.288239
1992-08-24,31.5,-25.0,21.176575
1992-08-25,31.5,-25.0,20.738525
1992-08-26,31.5,-25.0,17.64447
1992-08-27,31.5,-25.0,17.26175
1992-08-28,31.5,-25.0,17.357635
1992-08-29,31.5,-25.0,18.634338
1992-08-30,31.5,-25.0,18.391174
1992-08-31,31.5,-25.0,18.904938
1992-09-01,31.5,-25.0,20.777252
1992-09-02,31.5,-25.0,24.15744
1992-09-03,31.5,-25.0,26.35907
1992-09-04,31.5,-25.0,23.67099
1992-09-05,31.5,-25.0,23.854645
1992-09-06,31.5,-25.0,24.280792
1992-09-07,31.5,-25.0,21.553925
1992-09-08,31.5,-25.0,23.667694
1992-09-09,31.5,-25.0,24.719147
1992-09-10,31.5,-25.0,23.502655
1992-09-11,31.5,-25.0,24.081635
1992-09-12,31.5,-25.0,26.42984
1992-09-13,31.5,-25.0,20.446411
1992-09-14,31.5,-25.0,20.180267
1992-09-15,31.5,-25.0,24.736603
1992-09-16,31.5,-25.0,24.251038
1992-09-17,31.5,-25.0,20.398468
1992-09-18,31.5,-25.0,24.211578
1992-09-19,31.5,-25.0,28.020111
1992-09-20,31.5,-25.0,27.889526
1992-09-21,31.5,-25.0,26.135681
1992-09-22,31.5,-25.0,19.073792
1992-09-23,31.5,-25.0,15.151428
1992-09-24,31.5,-25.0,19.836151
1992-09-25,31.5,-25.0,23.733826
1992-09-26,31.5,-25.0,22.424011
1992-09-27,31.5,-25.0,21.426605
1992-09-28,31.5,-25.0,21.782593
1992-09-29,31.5,-25.0,21.016449
1992-09-30,31.5,-25.0,24.562561
1992-10-01,31.5,-25.0,22.755035
1992-10-02,31.5,-25.0,21.58667
1992-10-03,31.5,-25.0,24.545502
1992-10-04,31.5,-25.0,22.400208
1992-10-05,31.5,-25.0,20.443604
1992-10-06,31.5,-25.0,21.63681
1992-10-07,31.5,-25.0,24.636597
1992-10-08,31.5,-25.0,22.236694
1992-10-09,31.5,-25.0,18.792206
1992-10-10,31.5,-25.0,19.684692
1992-10-11,31.5,-25.0,23.420197
1992-10-12,31.5,-25.0,22.495697
1992-10-13,31.5,-25.0,22.997864
1992-10-14,31.5,-25.0,26.527985
1992-10-15,31.5,-25.0,26.7016
1992-10-16,31.5,-25.0,27.931793
1992-10-17,31.5,-25.0,26.582733
1992-10-18,31.5,-25.0,25.128967
1992-10-19,31.5,-25.0,29.081482
1992-10-20,31.5,-25.0,30.559296
1992-10-21,31.5,-25.0,26.27008
1992-10-22,31.5,-25.0,25.79712
1992-10-23,31.5,-25.0,29.479065
1992-10-24,31.5,-25.0,30.666718
1992-10-25,31.5,-25.0,25.894165
1992-10-26,31.5,-25.0,22.55426
1992-10-27,31.5,-25.0,21.422546
1992-10-28,31.5,-25.0,26.661072
1992-10-29,31.5,-25.0,28.141418
1992-10-30,31.5,-25.0,20.093658
1992-10-31,31.5,-25.0,22.460876
1992-11-01,31.5,-25.0,22.358185
1992-11-02,31.5,-25.0,25.131073
1992-11-03,31.5,-25.0,26.400177
1992-11-04,31.5,-25.0,22.819702
1992-11-05,31.5,-25.0,22.872253
1992-11-06,31.5,-25.0,24.445831
1992-11-07,31.5,-25.0,26.839966
1992-11-08,31.5,-25.0,25.776855
1992-11-09,31.5,-25.0,25.094604
1992-11-10,31.5,-25.0,29.528046
1992-11-11,31.5,-25.0,26.665771
1992-11-12,31.5,-25.0,28.16748
1992-11-13,31.5,-25.0,26.371826
1992-11-14,31.5,-25.0,25.680634
1992-11-15,31.5,-25.0,27.444885
1992-11-16,31.5,-25.0,26.130493
1992-11-17,31.5,-25.0,19.127472
1992-11-18,31.5,-25.0,19.951569
1992-11-19,31.5,-25.0,22.536163
1992-11-20,31.5,-25.0,27.597107
1992-11-21,31.5,-25.0,25.85968
1992-11-22,31.5,-25.0,23.590607
1992-11-23,31.5,-25.0,25.477295
1992-11-24,31.5,-25.0,29.682251
1992-11-25,31.5,-25.0,21.347076
1992-11-26,31.5,-25.0,20.7594
1992-11-27,31.5,-25.0,20.545837
1992-11-28,31.5,-25.0,21.450165
1992-11-29,31.5,-25.0,25.005219
1992-11-30,31.5,-25.0,28.176239
1992-12-01,31.5,-25.0,28.061829
1992-12-02,31.5,-25.0,30.00415
1992-12-03,31.5,-25.0,29.929535
1992-12-04,31.5,-25.0,32.424805
1992-12-05,31.5,-25.0,30.055786
1992-12-06,31.5,-25.0,30.40506
1992-12-07,31.5,-25.0,27.544586
1992-12-08,31.5,-25.0,28.883362
1992-12-09,31.5,-25.0,29.044098
1992-12-10,31.5,-25.0,29.278503
1992-12-11,31.5,-25.0,24.993011
1992-12-12,31.5,-25.0,21.150879
1992-12-13,31.5,-25.0,22.911469
1992-12-14,31.5,-25.0,27.480927
1992-12-15,31.5,-25.0,25.177612
1992-12-16,31.5,-25.0,27.588837
1992-12-17,31.5,-25.0,24.645996
1992-12-18,31.5,-25.0,27.196716
1992-12-19,31.5,-25.0,26.2099
1992-12-20,31.5,-25.0,27.276337
1992-12-21,31.5,-25.0,25.091309
1992-12-22,31.5,-25.0,25.190063
1992-12-23,31.5,-25.0,24.014496
1992-12-24,31.5,-25.0,20.28415
1992-12-25,31.5,-25.0,22.253906
1992-12-26,31.5,-25.0,21.794037
1992-12-27,31.5,-25.0,23.960663
1992-12-28,31.5,-25.0,25.917572
1992-12-29,31.5,-25.0,26.90506
1992-12-30,31.5,-25.0,27.414673
1992-12-31,31.5,-25.0,23.773743
1993-01-01,31.5,-25.0,25.53659
1993-01-02,31.5,-25.0,25.74585
1993-01-03,31.5,-25.0,25.461304
1993-01-04,31.5,-25.0,25.875824
1993-01-05,31.5,-25.0,25.855682
1993-01-06,31.5,-25.0,26.176758
1993-01-07,31.5,-25.0,27.399628
1993-01-08,31.5,-25.0,29.311829
1993-01-09,31.5,-25.0,25.558105
1993-01-10,31.5,-25.0,26.59616
1993-01-11,31.5,-25.0,26.681
1993-01-12,31.5,-25.0,23.686005
1993-01-13,31.5,-25.0,22.86377
1993-01-14,31.5,-25.0,23.473602
1993-01-15,31.5,-25.0,24.01883
1993-01-16,31.5,-25.0,25.68509
1993-01-17,31.5,-25.0,27.527039
1993-01-18,31.5,-25.0,26.543
1993-01-19,31.5,-25.0,27.971313
1993-01-20,31.5,-25.0,25.137573
1993-01-21,31.5,-25.0,27.700653
1993-01-22,31.5,-25.0,26.591827
1993-01-23,31.5,-25.0,27.207611
1993-01-24,31.5,-25.0,27.972046
1993-01-25,31.5,-25.0,21.785889
1993-01-26,31.5,-25.0,20.747406
1993-01-27,31.5,-25.0,21.94281
1993-01-28,31.5,-25.0,23.387207
1993-01-29,31.5,-25.0,23.875061
1993-01-30,31.5,-25.0,25.568024
1993-01-31,31.5,-25.0,27.213165
1993-02-01,31.5,-25.0,22.29715
1993-02-02,31.5,-25.0,25.050323
1993-02-03,31.5,-25.0,28.918549
1993-02-04,31.5,-25.0,25.27826
1993-02-05,31.5,-25.0,26.598114
1993-02-06,31.5,-25.0,27.281738
1993-02-07,31.5,-25.0,28.14389
1993-02-08,31.5,-25.0,25.338837
1993-02-09,31.5,-25.0,23.950562
1993-02-10,31.5,-25.0,25.21048
1993-02-11,31.5,-25.0,26.01596
1993-02-12,31.5,-25.0,26.28003
1993-02-13,31.5,-25.0,26.608612
1993-02-14,31.5,-25.0,26.749573
1993-02-15,31.5,-25.0,29.086517
1993-02-16,31.5,-25.0,23.520874
1993-02-17,31.5,-25.0,19.762878
1993-02-18,31.5,-25.0,22.59195
1993-02-19,31.5,-25.0,24.023407
1993-02-20,31.5,-25.0,25.246216
1993-02-21,31.5,-25.0,26.968292
1993-02-22,31.5,-25.0,27.050934
1993-02-23,31.5,-25.0,23.406708
1993-02-24,31.5,-25.0,21.967133
1993-02-25,31.5,-25.0,23.191132
1993-02-26,31.5,-25.0,23.978638
1993-02-27,31.5,-25.0,23.827667
1993-02-28,31.5,-25.0,22.40097
1993-03-01,31.5,-25.0,22.279236
1993-03-02,31.5,-25.0,23.512817
1993-03-03,31.5,-25.0,24.59964
1993-03-04,31.5,-25.0,24.180359
1993-03-05,31.5,-25.0,24.480865
1993-03-06,31.5,-25.0,24.595001
1993-03-07,31.5,-25.0,23.14331
1993-03-08,31.5,-25.0,23.371033
1993-03-09,31.5,-25.0,24.25769
1993-03-10,31.5,-25.0,23.540344
1993-03-11,31.5,-25.0,23.779999
1993-03-12,31.5,-25.0,24.468597
1993-03-13,31.5,-25.0,24.670258
1993-03-14,31.5,-25.0,24.280579
1993-03-15,31.5,-25.0,24.73877
1993-03-16,31.5,-25.0,22.1203
1993-03-17,31.5,-25.0,22.513733
1993-03-18,31.5,-25.0,22.894806
1993-03-19,31.5,-25.0,23.658081
1993-03-20,31.5,-25.0,23.837982
1993-03-21,31.5,-25.0,23.9516
1993-03-22,31.5,-25.0,25.065857
1993-03-23,31.5,-25.0,19.012024
1993-03-24,31.5,-25.0,20.359467
1993-03-25,31.5,-25.0,22.692108
1993-03-26,31.5,-25.0,23.696777
1993-03-27,31.5,-25.0,23.654388
1993-03-28,31.5,-25.0,23.94461
1993-03-29,31.5,-25.0,23.417969
1993-03-30,31.5,-25.0,23.713562
1993-03-31,31.5,-25.0,24.652252
1993-04-01,31.5,-25.0,24.315033
1993-04-02,31.5,-25.0,23.043823
1993-04-03,31.5,-25.0,22.094727
1993-04-04,31.5,-25.0,23.705414
1993-04-05,31.5,-25.0,22.463745
1993-04-06,31.5,-25.0,21.913422
1993-04-07,31.5,-25.0,23.877594
1993-04-08,31.5,-25.0,23.832916
1993-04-09,31.5,-25.0,25.952942
1993-04-10,31.5,-25.0,24.635742
1993-04-11,31.5,-25.0,26.456635
1993-04-12,31.5,-25.0,26.4169
1993-04-13,31.5,-25.0,22.006958
1993-04-14,31.5,-25.0,21.575958
1993-04-15,31.5,-25.0,21.760895
1993-04-16,31.5,-25.0,21.917175
1993-04-17,31.5,-25.0,25.071106
1993-04-18,31.5,-25.0,25.050354
1993-04-19,31.5,-25.0,21.492584
1993-04-20,31.5,-25.0,23.17569
1993-04-21,31.5,-25.0,23.285095
1993-04-22,31.5,-25.0,22.170624
1993-04-23,31.5,-25.0,22.259949
1993-04-24,31.5,-25.0,22.143646
1993-04-25,31.5,-25.0,22.176147
1993-04-26,31.5,-25.0,22.710083
1993-04-27,31.5,-25.0,23.986694
1993-04-28,31.5,-25.0,22.010376
1993-04-29,31.5,-25.0,18.14679
1993-04-30,31.5,-25.0,18.709259
1993-05-01,31.5,-25.0,19.007507
1993-05-02,31.5,-25.0,19.255554
1993-05-03,31.5,-25.0,21.367004
1993-05-04,31.5,-25.0,22.018066
1993-05-05,31.5,-25.0,22.908752
1993-05-06,31.5,-25.0,23.995087
1993-05-07,31.5,-25.0,23.476166
1993-05-08,31.5,-25.0,20.602936
1993-05-09,31.5,-25.0,22.331116
1993-05-10,31.5,-25.0,20.228424
1993-05-11,31.5,-25.0,19.196472
1993-05-12,31.5,-25.0,19.81958
1993-05-13,31.5,-25.0,20.19748
1993-05-14,31.5,-25.0,21.95694
1993-05-15,31.5,-25.0,19.211548
1993-05-16,31.5,-25.0,17.866364
1993-05-17,31.5,-25.0,17.774933
1993-05-18,31.5,-25.0,17.866852
1993-05-19,31.5,-25.0,18.041534
1993-05-20,31.5,-25.0,18.859833
1993-05-21,31.5,-25.0,19.98227
1993-05-22,31.5,-25.0,19.88733
1993-05-23,31.5,-25.0,21.624695
1993-05-24,31.5,-25.0,20.199402
1993-05-25,31.5,-25.0,22.653961
1993-05-26,31.5,-25.0,24.455841
1993-05-27,31.5,-25.0,20.703186
1993-05-28,31.5,-25.0,19.525818
1993-05-29,31.5,-25.0,18.215637
1993-05-30,31.5,-25.0,17.182861
1993-05-31,31.5,-25.0,18.765472
1993-06-01,31.5,-25.0,19.1409
1993-06-02,31.5,-25.0,19.351044
1993-06-03,31.5,-25.0,21.204071
1993-06-04,31.5,-25.0,16.54245
1993-06-05,31.5,-25.0,14.034088
1993-06-06,31.5,-25.0,15.107758
1993-06-07,31.5,-25.0,16.752747
1993-06-08,31.5,-25.0,16.365997
1993-06-09,31.5,-25.0,15.935547
1993-06-10,31.5,-25.0,17.23706
1993-06-11,31.5,-25.0,17.469696
1993-06-12,31.5,-25.0,14.983551
1993-06-13,31.5,-25.0,14.710175
1993-06-14,31.5,-25.0,15.087982
1993-06-15,31.5,-25.0,15.982727
1993-06-16,31.5,-25.0,16.307648
1993-06-17,31.5,-25.0,15.722839
1993-06-18,31.5,-25.0,15.085419
1993-06-19,31.5,-25.0,17.772522
1993-06-20,31.5,-25.0,15.447174
1993-06-21,31.5,-25.0,14.666077
1993-06-22,31.5,-25.0,14.807159
1993-06-23,31.5,-25.0,14.575928
1993-06-24,31.5,-25.0,15.731689
1993-06-25,31.5,-25.0,17.075195
1993-06-26,31.5,-25.0,16.306976
1993-06-27,31.5,-25.0,16.16214
1993-06-28,31.5,-25.0,16.60202
1993-06-29,31.5,-25.0,18.38034
1993-06-30,31.5,-25.0,17.724213
1993-07-01,31.5,-25.0,16.794281
1993-07-02,31.5,-25.0,16.872894
1993-07-03,31.5,-25.0,16.039978
1993-07-04,31.5,-25.0,15.513031
1993-07-05,31.5,-25.0,16.97232
1993-07-06,31.5,-25.0,16.122772
1993-07-07,31.5,-25.0,15.477692
1993-07-08,31.5,-25.0,17.672943
1993-07-09,31.5,-25.0,18.394104
1993-07-10,31.5,-25.0,18.799591
1993-07-11,31.5,-25.0,19.603668
1993-07-12,31.5,-25.0,18.256195
1993-07-13,31.5,-25.0,16.948486
1993-07-14,31.5,-25.0,16.644623
1993-07-15,31.5,-25.0,15.046814
1993-07-16,31.5,-25.0,15.77066
1993-07-17,31.5,-25.0,17.493835
1993-07-18,31.5,-25.0,20.141602
1993-07-19,31.5,-25.0,19.07721
1993-07-20,31.5,-25.0,18.9971
1993-07-21,31.5,-25.0,18.329529
1993-07-22,31.5,-25.0,16.990356
1993-07-23,31.5,-25.0,16.925262
1993-07-24,31.5,-25.0,16.629272
1993-07-25,31.5,-25.0,17.730927
1993-07-26,31.5,-25.0,18.437744
1993-07-27,31.5,-25.0,20.068542
1993-07-28,31.5,-25.0,18.032593
1993-07-29,31.5,-25.0,17.689056
1993-07-30,31.5,-25.0,18.75119
1993-07-31,31.5,-25.0,19.339203
1993-08-01,31.5,-25.0,19.286224
1993-08-02,31.5,-25.0,19.491333
1993-08-03,31.5,-25.0,20.153137
1993-08-04,31.5,-25.0,19.63971
1993-08-05,31.5,-25.0,21.062622
1993-08-06,31.5,-25.0,19.826324
1993-08-07,31.5,-25.0,21.533936
1993-08-08,31.5,-25.0,17.249573
1993-08-09,31.5,-25.0,16.185822
1993-08-10,31.5,-25.0,19.59552
1993-08-11,31.5,-25.0,20.755829
1993-08-12,31.5,-25.0,16.442505
1993-08-13,31.5,-25.0,14.281464
1993-08-14,31.5,-25.0,13.920105
1993-08-15,31.5,-25.0,15.130798
1993-08-16,31.5,-25.0,17.888
1993-08-17,31.5,-25.0,19.467407
1993-08-18,31.5,-25.0,18.690735
1993-08-19,31.5,-25.0,18.77774
1993-08-20,31.5,-25.0,21.532013
1993-08-21,31.5,-25.0,19.976288
1993-08-22,31.5,-25.0,15.332489
1993-08-23,31.5,-25.0,14.466095
1993-08-24,31.5,-25.0,14.248413
1993-08-25,31.5,-25.0,15.520538
1993-08-26,31.5,-25.0,16.639313
1993-08-27,31.5,-25.0,19.21576
1993-08-28,31.5,-25.0,19.623413
1993-08-29,31.5,-25.0,19.100769
1993-08-30,31.5,-25.0,17.598938
1993-08-31,31.5,-25.0,17.893524
1993-09-01,31.5,-25.0,18.907196
1993-09-02,31.5,-25.0,18.460968
1993-09-03,31.5,-25.0,18.562042
1993-09-04,31.5,-25.0,20.729858
1993-09-05,31.5,-25.0,22.847137
1993-09-06,31.5,-25.0,18.878998
1993-09-07,31.5,-25.0,18.483093
1993-09-08,31.5,-25.0,20.359833
1993-09-09,31.5,-25.0,21.705719
1993-09-10,31.5,-25.0,22.51413
1993-09-11,31.5,-25.0,23.364197
1993-09-12,31.5,-25.0,19.725159
1993-09-13,31.5,-25.0,22.967987
1993-09-14,31.5,-25.0,22.184021
1993-09-15,31.5,-25.0,21.664642
1993-09-16,31.5,-25.0,23.664612
1993-09-17,31.5,-25.0,23.596832
1993-09-18,31.5,-25.0,22.59726
1993-09-19,31.5,-25.0,23.633759
1993-09-20,31.5,-25.0,24.4505
1993-09-21,31.5,-25.0,26.41037
1993-09-22,31.5,-25.0,27.187958
1993-09-23,31.5,-25.0,23.169678
1993-09-24,31.5,-25.0,23.912445
1993-09-25,31.5,-25.0,24.933685
1993-09-26,31.5,-25.0,23.619781
1993-09-27,31.5,-25.0,24.3526
1993-09-28,31.5,-25.0,25.024292
1993-09-29,31.5,-25.0,25.05188
1993-09-30,31.5,-25.0,17.665619
1993-10-01,31.5,-25.0,16.579712
1993-10-02,31.5,-25.0,19.28714
1993-10-03,31.5,-25.0,22.412811
1993-10-04,31.5,-25.0,23.268738
1993-10-05,31.5,-25.0,23.30655
1993-10-06,31.5,-25.0,20.630524
1993-10-07,31.5,-25.0,18.193756
1993-10-08,31.5,-25.0,19.28772
1993-10-09,31.5,-25.0,24.56894
1993-10-10,31.5,-25.0,25.328247
1993-10-11,31.5,-25.0,23.77002
1993-10-12,31.5,-25.0,25.762878
1993-10-13,31.5,-25.0,27.226227
1993-10-14,31.5,-25.0,20.375732
1993-10-15,31.5,-25.0,21.711334
1993-10-16,31.5,-25.0,26.523132
1993-10-17,31.5,-25.0,25.803253
1993-10-18,31.5,-25.0,21.89682
1993-10-19,31.5,-25.0,23.256683
1993-10-20,31.5,-25.0,23.864319
1993-10-21,31.5,-25.0,24.245178
1993-10-22,31.5,-25.0,23.806213
1993-10-23,31.5,-25.0,24.990723
1993-10-24,31.5,-25.0,23.601807
1993-10-25,31.5,-25.0,21.061615
1993-10-26,31.5,-25.0,22.509674
1993-10-27,31.5,-25.0,24.947388
1993-10-28,31.5,-25.0,25.857544
1993-10-29,31.5,-25.0,23.228302
1993-10-30,31.5,-25.0,26.622498
1993-10-31,31.5,-25.0,25.74472
1993-11-01,31.5,-25.0,22.109314
1993-11-02,31.5,-25.0,23.216675
1993-11-03,31.5,-25.0,25.338165
1993-11-04,31.5,-25.0,22.076477
1993-11-05,31.5,-25.0,20.79013
1993-11-06,31.5,-25.0,19.22998
1993-11-07,31.5,-25.0,20.573944
1993-11-08,31.5,-25.0,22.264435
1993-11-09,31.5,-25.0,25.088013
1993-11-10,31.5,-25.0,27.618164
1993-11-11,31.5,-25.0,25.940338
1993-11-12,31.5,-25.0,18.34964
1993-11-13,31.5,-25.0,21.13498
1993-11-14,31.5,-25.0,23.07135
1993-11-15,31.5,-25.0,24.2052
1993-11-16,31.5,-25.0,25.575897
1993-11-17,31.5,-25.0,23.80429
1993-11-18,31.5,-25.0,27.270172
1993-11-19,31.5,-25.0,25.771301
1993-11-20,31.5,-25.0,26.98114
1993-11-21,31.5,-25.0,28.82837
1993-11-22,31.5,-25.0,30.250275
1993-11-23,31.5,-25.0,21.778534
1993-11-24,31.5,-25.0,18.803284
1993-11-25,31.5,-25.0,20.897156
1993-11-26,31.5,-25.0,21.700897
1993-11-27,31.5,-25.0,20.283386
1993-11-28,31.5,-25.0,21.586517
1993-11-29,31.5,-25.0,22.125793
1993-11-30,31.5,-25.0,24.856476
1993-12-01,31.5,-25.0,28.764923
1993-12-02,31.5,-25.0,31.32306
1993-12-03,31.5,-25.0,26.496887
1993-12-04,31.5,-25.0,23.975525
1993-12-05,31.5,-25.0,24.911499
1993-12-06,31.5,-25.0,25.116394
1993-12-07,31.5,-25.0,27.44809
1993-12-08,31.5,-25.0,27.244476
1993-12-09,31.5,-25.0,27.381226
1993-12-10,31.5,-25.0,22.84671
1993-12-11,31.5,-25.0,22.105286
1993-12-12,31.5,-25.0,23.305084
1993-12-13,31.5,-25.0,23.70105
1993-12-14,31.5,-25.0,24.128998
1993-12-15,31.5,-25.0,25.652222
1993-12-16,31.5,-25.0,26.542847
1993-12-17,31.5,-25.0,28.428528
1993-12-18,31.5,-25.0,30.467194
1993-12-19,31.5,-25.0,23.534027
1993-12-20,31.5,-25.0,24.045135
1993-12-21,31.5,-25.0,24.831268
1993-12-22,31.5,-25.0,26.60852
1993-12-23,31.5,-25.0,23.02951
1993-12-24,31.5,-25.0,24.240326
1993-12-25,31.5,-25.0,26.74121
1993-12-26,31.5,-25.0,29.988129
1993-12-27,31.5,-25.0,27.603607
1993-12-28,31.5,-25.0,27.163605
1993-12-29,31.5,-25.0,27.192352
1993-12-30,31.5,-25.0,23.777649
1993-12-31,31.5,-25.0,23.73227
1994-01-01,31.5,-25.0,27.543427
1994-01-02,31.5,-25.0,25.530731
1994-01-03,31.5,-25.0,25.668549
1994-01-04,31.5,-25.0,21.134613
1994-01-05,31.5,-25.0,21.005035
1994-01-06,31.5,-25.0,22.160522
1994-01-07,31.5,-25.0,22.891754
1994-01-08,31.5,-25.0,25.69754
1994-01-09,31.5,-25.0,24.323914
1994-01-10,31.5,-25.0,25.202393
1994-01-11,31.5,-25.0,24.732697
1994-01-12,31.5,-25.0,25.923157
1994-01-13,31.5,-25.0,27.78415
1994-01-14,31.5,-25.0,21.32788
1994-01-15,31.5,-25.0,23.866455
1994-01-16,31.5,-25.0,24.082306
1994-01-17,31.5,-25.0,24.291565
1994-01-18,31.5,-25.0,24.007599
1994-01-19,31.5,-25.0,25.928253
1994-01-20,31.5,-25.0,25.950836
1994-01-21,31.5,-25.0,27.750183
1994-01-22,31.5,-25.0,27.681091
1994-01-23,31.5,-25.0,23.325409
1994-01-24,31.5,-25.0,19.41446
1994-01-25,31.5,-25.0,19.547516
1994-01-26,31.5,-25.0,22.222565
1994-01-27,31.5,-25.0,24.121918
1994-01-28,31.5,-25.0,25.996948
1994-01-29,31.5,-25.0,24.517487
1994-01-30,31.5,-25.0,26.073181
1994-01-31,31.5,-25.0,27.344574
1994-02-01,31.5,-25.0,25.916107
1994-02-02,31.5,-25.0,28.164612
1994-02-03,31.5,-25.0,26.835327
1994-02-04,31.5,-25.0,27.901062
1994-02-05,31.5,-25.0,26.693909
1994-02-06,31.5,-25.0,27.51596
1994-02-07,31.5,-25.0,21.92157
1994-02-08,31.5,-25.0,21.3461
1994-02-09,31.5,-25.0,23.299683
1994-02-10,31.5,-25.0,24.055695
1994-02-11,31.5,-25.0,25.707703
1994-02-12,31.5,-25.0,25.19519
1994-02-13,31.5,-25.0,25.035126
1994-02-14,31.5,-25.0,25.253662
1994-02-15,31.5,-25.0,26.143127
1994-02-16,31.5,-25.0,25.859589
1994-02-17,31.5,-25.0,26.191925
1994-02-18,31.5,-25.0,26.392029
1994-02-19,31.5,-25.0,26.821503
1994-02-20,31.5,-25.0,22.556763
1994-02-21,31.5,-25.0,23.587189
1994-02-22,31.5,-25.0,24.014374
1994-02-23,31.5,-25.0,23.73996
1994-02-24,31.5,-25.0,25.376373
1994-02-25,31.5,-25.0,25.591675
1994-02-26,31.5,-25.0,24.625305
1994-02-27,31.5,-25.0,24.478882
1994-02-28,31.5,-25.0,24.585663
1994-03-01,31.5,-25.0,25.790009
1994-03-02,31.5,-25.0,24.993927
1994-03-03,31.5,-25.0,25.580322
1994-03-04,31.5,-25.0,24.2417
1994-03-05,31.5,-25.0,23.596954
1994-03-06,31.5,-25.0,24.919739
1994-03-07,31.5,-25.0,27.253113
1994-03-08,31.5,-25.0,26.868744
1994-03-09,31.5,-25.0,26.643982
1994-03-10,31.5,-25.0,27.149536
1994-03-11,31.5,-25.0,27.90448
1994-03-12,31.5,-25.0,25.050323
1994-03-13,31.5,-25.0,26.352783
1994-03-14,31.5,-25.0,25.319122
1994-03-15,31.5,-25.0,24.884918
1994-03-16,31.5,-25.0,23.374939
1994-03-17,31.5,-25.0,23.674103
1994-03-18,31.5,-25.0,24.065002
1994-03-19,31.5,-25.0,23.918701
1994-03-20,31.5,-25.0,23.242126
1994-03-21,31.5,-25.0,23.93274
1994-03-22,31.5,-25.0,24.751007
1994-03-23,31.5,-25.0,27.639832
1994-03-24,31.5,-25.0,27.725983
1994-03-25,31.5,-25.0,27.072906
1994-03-26,31.5,-25.0,27.016571
1994-03-27,31.5,-25.0,29.10141
1994-03-28,31.5,-25.0,23.486572
1994-03-29,31.5,-25.0,24.099426
1994-03-30,31.5,-25.0,24.54898
1994-03-31,31.5,-25.0,24.771637
1994-04-01,31.5,-25.0,25.547516
1994-04-02,31.5,-25.0,25.304535
1994-04-03,31.5,-25.0,24.27826
1994-04-04,31.5,-25.0,22.77002
1994-04-05,31.5,-25.0,22.935028
1994-04-06,31.5,-25.0,24.520477
1994-04-07,31.5,-25.0,23.802307
1994-04-08,31.5,-25.0,22.905518
1994-04-09,31.5,-25.0,24.175323
1994-04-10,31.5,-25.0,24.921265
1994-04-11,31.5,-25.0,23.236023
1994-04-12,31.5,-25.0,23.0784
1994-04-13,31.5,-25.0,22.543976
1994-04-14,31.5,-25.0,22.297272
1994-04-15,31.5,-25.0,22.237793
1994-04-16,31.5,-25.0,24.516785
1994-04-17,31.5,-25.0,25.907013
1994-04-18,31.5,-25.0,23.774567
1994-04-19,31.5,-25.0,24.629425
1994-04-20,31.5,-25.0,25.57434
1994-04-21,31.5,-25.0,24.598145
1994-04-22,31.5,-25.0,21.71283
1994-04-23,31.5,-25.0,20.872925
1994-04-24,31.5,-25.0,20.022614
1994-04-25,31.5,-25.0,18.903168
1994-04-26,31.5,-25.0,18.58139
1994-04-27,31.5,-25.0,19.233368
1994-04-28,31.5,-25.0,22.480011
1994-04-29,31.5,-25.0,20.248169
1994-04-30,31.5,-25.0,19.760803
1994-05-01,31.5,-25.0,20.512665
1994-05-02,31.5,-25.0,22.92453
1994-05-03,31.5,-25.0,20.920532
1994-05-04,31.5,-25.0,21.790619
1994-05-05,31.5,-25.0,22.201263
1994-05-06,31.5,-25.0,22.749512
1994-05-07,31.5,-25.0,21.125946
1994-05-08,31.5,-25.0,20.688538
1994-05-09,31.5,-25.0,20.553833
1994-05-10,31.5,-25.0,20.814789
1994-05-11,31.5,-25.0,22.199371
1994-05-12,31.5,-25.0,20.600891
1994-05-13,31.5,-25.0,21.069977
1994-05-14,31.5,-25.0,20.077545
1994-05-15,31.5,-25.0,20.02243
1994-05-16,31.5,-25.0,20.353607
1994-05-17,31.5,-25.0,19.824554
1994-05-18,31.5,-25.0,20.055145
1994-05-19,31.5,-25.0,20.73233
1994-05-20,31.5,-25.0,20.942413
1994-05-21,31.5,-25.0,21.740479
1994-05-22,31.5,-25.0,18.332947
1994-05-23,31.5,-25.0,15.597137
1994-05-24,31.5,-25.0,15.338715
1994-05-25,31.5,-25.0,16.05838
1994-05-26,31.5,-25.0,16.701965
1994-05-27,31.5,-25.0,17.74527
1994-05-28,31.5,-25.0,16.767242
1994-05-29,31.5,-25.0,15.726715
1994-05-30,31.5,-25.0,17.525421
1994-05-31,31.5,-25.0,17.36499
1994-06-01,31.5,-25.0,16.243896
1994-06-02,31.5,-25.0,16.49881
1994-06-03,31.5,-25.0,17.502808
1994-06-04,31.5,-25.0,17.502472
1994-06-05,31.5,-25.0,18.571564
1994-06-06,31.5,-25.0,17.903778
1994-06-07,31.5,-25.0,15.497833
1994-06-08,31.5,-25.0,15.436279
1994-06-09,31.5,-25.0,15.303314
1994-06-10,31.5,-25.0,16.138733
1994-06-11,31.5,-25.0,16.933563
1994-06-12,31.5,-25.0,16.253754
1994-06-13,31.5,-25.0,16.860474
1994-06-14,31.5,-25.0,17.264252
1994-06-15,31.5,-25.0,16.429993
1994-06-16,31.5,-25.0,16.511261
1994-06-17,31.5,-25.0,16.681305
1994-06-18,31.5,-25.0,17.729065
1994-06-19,31.5,-25.0,15.41214
1994-06-20,31.5,-25.0,16.17508
1994-06-21,31.5,-25.0,16.999084
1994-06-22,31.5,-25.0,17.395935
1994-06-23,31.5,-25.0,17.262482
1994-06-24,31.5,-25.0,18.464691
1994-06-25,31.5,-25.0,18.812836
1994-06-26,31.5,-25.0,19.352356
1994-06-27,31.5,-25.0,20.955353
1994-06-28,31.5,-25.0,20.264893
1994-06-29,31.5,-25.0,11.785889
1994-06-30,31.5,-25.0,11.371918
1994-07-01,31.5,-25.0,13.627472
1994-07-02,31.5,-25.0,14.777252
1994-07-03,31.5,-25.0,15.382721
1994-07-04,31.5,-25.0,14.540192
1994-07-05,31.5,-25.0,14.290588
1994-07-06,31.5,-25.0,13.670319
1994-07-07,31.5,-25.0,13.606506
1994-07-08,31.5,-25.0,14.733002
1994-07-09,31.5,-25.0,15.4999695
1994-07-10,31.5,-25.0,19.110321
1994-07-11,31.5,-25.0,13.620758
1994-07-12,31.5,-25.0,11.270538
1994-07-13,31.5,-25.0,12.79599
1994-07-14,31.5,-25.0,15.554993
1994-07-15,31.5,-25.0,15.533478
1994-07-16,31.5,-25.0,16.16742
1994-07-17,31.5,-25.0,14.982056
1994-07-18,31.5,-25.0,14.626343
1994-07-19,31.5,-25.0,15.508636
1994-07-20,31.5,-25.0,14.175629
1994-07-21,31.5,-25.0,15.314972
1994-07-22,31.5,-25.0,15.19809
1994-07-23,31.5,-25.0,17.927063
1994-07-24,31.5,-25.0,18.851532
1994-07-25,31.5,-25.0,18.982086
1994-07-26,31.5,-25.0,15.450165
1994-07-27,31.5,-25.0,15.854004
1994-07-28,31.5,-25.0,15.825378
1994-07-29,31.5,-25.0,16.317383
1994-07-30,31.5,-25.0,16.219696
1994-07-31,31.5,-25.0,14.268524
1994-08-01,31.5,-25.0,14.333618
1994-08-02,31.5,-25.0,15.122253
1994-08-03,31.5,-25.0,15.0581665
1994-08-04,31.5,-25.0,15.907715
1994-08-05,31.5,-25.0,16.779175
1994-08-06,31.5,-25.0,16.864624
1994-08-07,31.5,-25.0,19.48227
1994-08-08,31.5,-25.0,20.340057
1994-08-09,31.5,-25.0,17.565857
1994-08-10,31.5,-25.0,19.428955
1994-08-11,31.5,-25.0,17.943756
1994-08-12,31.5,-25.0,21.2659
1994-08-13,31.5,-25.0,22.0766
1994-08-14,31.5,-25.0,17.595886
1994-08-15,31.5,-25.0,15.032288
1994-08-16,31.5,-25.0,16.263184
1994-08-17,31.5,-25.0,17.156982
1994-08-18,31.5,-25.0,19.474182
1994-08-19,31.5,-25.0,21.664673
1994-08-20,31.5,-25.0,16.215149
1994-08-21,31.5,-25.0,13.064667
1994-08-22,31.5,-25.0,14.080475
1994-08-23,31.5,-25.0,13.295013
1994-08-24,31.5,-25.0,14.574371
1994-08-25,31.5,-25.0,15.221741
1994-08-26,31.5,-25.0,16.762512
1994-08-27,31.5,-25.0,18.686188
1994-08-28,31.5,-25.0,19.055908
1994-08-29,31.5,-25.0,18.930359
1994-08-30,31.5,-25.0,19.40329
1994-08-31,31.5,-25.0,22.217377
1994-09-01,31.5,-25.0,19.871979
1994-09-02,31.5,-25.0,20.237518
1994-09-03,31.5,-25.0,20.942932
1994-09-04,31.5,-25.0,19.170593
1994-09-05,31.5,-25.0,19.828949
1994-09-06,31.5,-25.0,19.701416
1994-09-07,31.5,-25.0,21.311432
1994-09-08,31.5,-25.0,18.488281
1994-09-09,31.5,-25.0,16.144012
1994-09-10,31.5,-25.0,16.037842
1994-09-11,31.5,-25.0,17.443756
1994-09-12,31.5,-25.0,21.20581
1994-09-13,31.5,-25.0,21.944275
1994-09-14,31.5,-25.0,15.832672
1994-09-15,31.5,-25.0,17.968353
1994-09-16,31.5,-25.0,22.314789
1994-09-17,31.5,-25.0,26.35785
1994-09-18,31.5,-25.0,25.157684
1994-09-19,31.5,-25.0,20.296844
1994-09-20,31.5,-25.0,21.218079
1994-09-21,31.5,-25.0,22.794434
1994-09-22,31.5,-25.0,22.678955
1994-09-23,31.5,-25.0,25.485443
1994-09-24,31.5,-25.0,24.642822
1994-09-25,31.5,-25.0,23.62732
1994-09-26,31.5,-25.0,25.873627
1994-09-27,31.5,-25.0,27.434479
1994-09-28,31.5,-25.0,27.906097
1994-09-29,31.5,-25.0,16.47409
1994-09-30,31.5,-25.0,14.500458
1994-10-01,31.5,-25.0,17.84079
1994-10-02,31.5,-25.0,19.375824
1994-10-03,31.5,-25.0,22.515198
1994-10-04,31.5,-25.0,17.182861
1994-10-05,31.5,-25.0,16.281769
1994-10-06,31.5,-25.0,16.341614
1994-10-07,31.5,-25.0,17.967102
1994-10-08,31.5,-25.0,18.912445
1994-10-09,31.5,-25.0,20.862915
1994-10-10,31.5,-25.0,23.485657
1994-10-11,31.5,-25.0,17.413269
1994-10-12,31.5,-25.0,18.723083
1994-10-13,31.5,-25.0,20.160492
1994-10-14,31.5,-25.0,16.55017
1994-10-15,31.5,-25.0,15.754852
1994-10-16,31.5,-25.0,17.96109
1994-10-17,31.5,-25.0,20.208618
1994-10-18,31.5,-25.0,21.076447
1994-10-19,31.5,-25.0,23.398132
1994-10-20,31.5,-25.0,27.067719
1994-10-21,31.5,-25.0,25.172943
1994-10-22,31.5,-25.0,21.370117
1994-10-23,31.5,-25.0,19.063019
1994-10-24,31.5,-25.0,21.66684
1994-10-25,31.5,-25.0,23.749634
1994-10-26,31.5,-25.0,23.18991
1994-10-27,31.5,-25.0,24.968658
1994-10-28,31.5,-25.0,22.13675
1994-10-29,31.5,-25.0,17.882385
1994-10-30,31.5,-25.0,22.600494
1994-10-31,31.5,-25.0,20.022614
1994-11-01,31.5,-25.0,20.807709
1994-11-02,31.5,-25.0,20.591217
1994-11-03,31.5,-25.0,21.62201
1994-11-04,31.5,-25.0,24.948029
1994-11-05,31.5,-25.0,24.251862
1994-11-06,31.5,-25.0,26.757233
1994-11-07,31.5,-25.0,27.207367
1994-11-08,31.5,-25.0,28.796356
1994-11-09,31.5,-25.0,28.693848
1994-11-10,31.5,-25.0,25.296387
1994-11-11,31.5,-25.0,25.479034
1994-11-12,31.5,-25.0,27.687073
1994-11-13,31.5,-25.0,28.790161
1994-11-14,31.5,-25.0,29.040192
1994-11-15,31.5,-25.0,22.388824
1994-11-16,31.5,-25.0,22.836304
1994-11-17,31.5,-25.0,24.14383
1994-11-18,31.5,-25.0,26.06308
1994-11-19,31.5,-25.0,27.907227
1994-11-20,31.5,-25.0,27.524902
1994-11-21,31.5,-25.0,28.088654
1994-11-22,31.5,-25.0,27.62027
1994-11-23,31.5,-25.0,26.25467
1994-11-24,31.5,-25.0,16.373383
1994-11-25,31.5,-25.0,20.539612
1994-11-26,31.5,-25.0,22.709747
1994-11-27,31.5,-25.0,27.316467
1994-11-28,31.5,-25.0,20.11618
1994-11-29,31.5,-25.0,19.777039
1994-11-30,31.5,-25.0,20.310944
1994-12-01,31.5,-25.0,23.041626
1994-12-02,31.5,-25.0,28.08252
1994-12-03,31.5,-25.0,23.736542
1994-12-04,31.5,-25.0,24.79602
1994-12-05,31.5,-25.0,27.29721
1994-12-06,31.5,-25.0,28.534546
1994-12-07,31.5,-25.0,24.533264
1994-12-08,31.5,-25.0,25.959625
1994-12-09,31.5,-25.0,27.30304
1994-12-10,31.5,-25.0,18.75586
1994-12-11,31.5,-25.0,17.743805
1994-12-12,31.5,-25.0,18.005524
1994-12-13,31.5,-25.0,21.859955
1994-12-14,31.5,-25.0,23.149231
1994-12-15,31.5,-25.0,20.269012
1994-12-16,31.5,-25.0,21.706879
1994-12-17,31.5,-25.0,25.354675
1994-12-18,31.5,-25.0,26.421356
1994-12-19,31.5,-25.0,26.15567
1994-12-20,31.5,-25.0,27.566406
1994-12-21,31.5,-25.0,28.585419
1994-12-22,31.5,-25.0,30.735199
1994-12-23,31.5,-25.0,28.064178
1994-12-24,31.5,-25.0,27.522736
1994-12-25,31.5,-25.0,25.334198
1994-12-26,31.5,-25.0,23.771423
1994-12-27,31.5,-25.0,22.721985
1994-12-28,31.5,-25.0,26.003845
1994-12-29,31.5,-25.0,23.045929
1994-12-30,31.5,-25.0,24.70868
1994-12-31,31.5,-25.0,28.030212
1995-01-01,31.5,-25.0,25.998688
1995-01-02,31.5,-25.0,26.093475
1995-01-03,31.5,-25.0,26.501495
1995-01-04,31.5,-25.0,26.660736
1995-01-05,31.5,-25.0,26.916443
1995-01-06,31.5,-25.0,28.449585
1995-01-07,31.5,-25.0,29.343597
1995-01-08,31.5,-25.0,25.951172
1995-01-09,31.5,-25.0,21.22528
1995-01-10,31.5,-25.0,22.080872
1995-01-11,31.5,-25.0,23.52243
1995-01-12,31.5,-25.0,26.674805
1995-01-13,31.5,-25.0,28.171387
1995-01-14,31.5,-25.0,27.10263
1995-01-15,31.5,-25.0,26.033508
1995-01-16,31.5,-25.0,25.709198
1995-01-17,31.5,-25.0,24.329895
1995-01-18,31.5,-25.0,25.315308
1995-01-19,31.5,-25.0,23.51883
1995-01-20,31.5,-25.0,22.595734
1995-01-21,31.5,-25.0,21.895874
1995-01-22,31.5,-25.0,23.653229
1995-01-23,31.5,-25.0,25.173706
1995-01-24,31.5,-25.0,26.577026
1995-01-25,31.5,-25.0,27.65384
1995-01-26,31.5,-25.0,29.387909
1995-01-27,31.5,-25.0,29.992859
1995-01-28,31.5,-25.0,31.457458
1995-01-29,31.5,-25.0,30.78598
1995-01-30,31.5,-25.0,27.595612
1995-01-31,31.5,-25.0,25.056824
1995-02-01,31.5,-25.0,29.572723
1995-02-02,31.5,-25.0,25.829895
1995-02-03,31.5,-25.0,26.768524
1995-02-04,31.5,-25.0,27.57254
1995-02-05,31.5,-25.0,27.86554
1995-02-06,31.5,-25.0,29.475616
1995-02-07,31.5,-25.0,31.327484
1995-02-08,31.5,-25.0,26.483551
1995-02-09,31.5,-25.0,23.444824
1995-02-10,31.5,-25.0,23.774597
1995-02-11,31.5,-25.0,25.018738
1995-02-12,31.5,-25.0,25.807312
1995-02-13,31.5,-25.0,25.860046
1995-02-14,31.5,-25.0,26.653046
1995-02-15,31.5,-25.0,25.877014
1995-02-16,31.5,-25.0,26.471893
1995-02-17,31.5,-25.0,24.028381
1995-02-18,31.5,-25.0,23.814331
1995-02-19,31.5,-25.0,24.746613
1995-02-20,31.5,-25.0,26.334503
1995-02-21,31.5,-25.0,26.233612
1995-02-22,31.5,-25.0,24.238556
1995-02-23,31.5,-25.0,24.240234
1995-02-24,31.5,-25.0,25.805511
1995-02-25,31.5,-25.0,24.807953
1995-02-26,31.5,-25.0,26.689026
1995-02-27,31.5,-25.0,26.612976
1995-02-28,31.5,-25.0,26.246185
1995-03-01,31.5,-25.0,26.397156
1995-03-02,31.5,-25.0,25.25592
1995-03-03,31.5,-25.0,25.4729
1995-03-04,31.5,-25.0,25.58081
1995-03-05,31.5,-25.0,24.921356
1995-03-06,31.5,-25.0,24.655579
1995-03-07,31.5,-25.0,24.133118
1995-03-08,31.5,-25.0,25.923096
1995-03-09,31.5,-25.0,24.866913
1995-03-10,31.5,-25.0,22.560944
1995-03-11,31.5,-25.0,22.665771
1995-03-12,31.5,-25.0,24.315216
1995-03-13,31.5,-25.0,24.89325
1995-03-14,31.5,-25.0,24.94571
1995-03-15,31.5,-25.0,23.175964
1995-03-16,31.5,-25.0,23.40747
1995-03-17,31.5,-25.0,26.089386
1995-03-18,31.5,-25.0,27.195984
1995-03-19,31.5,-25.0,28.204224
1995-03-20,31.5,-25.0,28.485016
1995-03-21,31.5,-25.0,23.498901
1995-03-22,31.5,-25.0,22.997742
1995-03-23,31.5,-25.0,24.992767
1995-03-24,31.5,-25.0,22.394714
1995-03-25,31.5,-25.0,21.217987
1995-03-26,31.5,-25.0,23.728363
1995-03-27,31.5,-25.0,24.757355
1995-03-28,31.5,-25.0,22.080261
1995-03-29,31.5,-25.0,22.663025
1995-03-30,31.5,-25.0,24.027222
1995-03-31,31.5,-25.0,22.513245
1995-04-01,31.5,-25.0,21.282501
1995-04-02,31.5,-25.0,21.211761
1995-04-03,31.5,-25.0,21.87149
1995-04-04,31.5,-25.0,23.005005
1995-04-05,31.5,-25.0,22.719147
1995-04-06,31.5,-25.0,22.841522
1995-04-07,31.5,-25.0,21.958527
1995-04-08,31.5,-25.0,22.960266
1995-04-09,31.5,-25.0,22.316803
1995-04-10,31.5,-25.0,21.364471
1995-04-11,31.5,-25.0,19.551575
1995-04-12,31.5,-25.0,18.24405
1995-04-13,31.5,-25.0,20.802734
1995-04-14,31.5,-25.0,22.772675
1995-04-15,31.5,-25.0,25.917358
1995-04-16,31.5,-25.0,21.12436
1995-04-17,31.5,-25.0,19.478455
1995-04-18,31.5,-25.0,21.081635
1995-04-19,31.5,-25.0,24.599426
1995-04-20,31.5,-25.0,25.684937
1995-04-21,31.5,-25.0,21.561066
1995-04-22,31.5,-25.0,22.420044
1995-04-23,31.5,-25.0,25.382324
1995-04-24,31.5,-25.0,26.513885
1995-04-25,31.5,-25.0,22.505798
1995-04-26,31.5,-25.0,23.596344
1995-04-27,31.5,-25.0,23.30017
1995-04-28,31.5,-25.0,17.930878
1995-04-29,31.5,-25.0,18.367493
1995-04-30,31.5,-25.0,18.987305
1995-05-01,31.5,-25.0,19.68457
1995-05-02,31.5,-25.0,19.585876
1995-05-03,31.5,-25.0,20.240204
1995-05-04,31.5,-25.0,20.062256
1995-05-05,31.5,-25.0,20.26764
1995-05-06,31.5,-25.0,20.740082
1995-05-07,31.5,-25.0,21.412903
1995-05-08,31.5,-25.0,22.140991
1995-05-09,31.5,-25.0,19.911102
1995-05-10,31.5,-25.0,18.207733
1995-05-11,31.5,-25.0,18.145782
1995-05-12,31.5,-25.0,17.882965
1995-05-13,31.5,-25.0,17.806946
1995-05-14,31.5,-25.0,17.228882
1995-05-15,31.5,-25.0,17.779602
1995-05-16,31.5,-25.0,18.31897
1995-05-17,31.5,-25.0,18.642914
1995-05-18,31.5,-25.0,19.295563
1995-05-19,31.5,-25.0,19.203522
1995-05-20,31.5,-25.0,20.825989
1995-05-21,31.5,-25.0,23.263977
1995-05-22,31.5,-25.0,16.116425
1995-05-23,31.5,-25.0,16.775757
1995-05-24,31.5,-25.0,16.402893
1995-05-25,31.5,-25.0,15.7196045
1995-05-26,31.5,-25.0,15.610291
1995-05-27,31.5,-25.0,16.231232
1995-05-28,31.5,-25.0,15.947998
1995-05-29,31.5,-25.0,14.536835
1995-05-30,31.5,-25.0,15.678986
1995-05-31,31.5,-25.0,16.974457
1995-06-01,31.5,-25.0,15.884369
1995-06-02,31.5,-25.0,15.907013
1995-06-03,31.5,-25.0,13.894104
1995-06-04,31.5,-25.0,15.287872
1995-06-05,31.5,-25.0,16.786713
1995-06-06,31.5,-25.0,14.608948
1995-06-07,31.5,-25.0,14.128326
1995-06-08,31.5,-25.0,13.289642
1995-06-09,31.5,-25.0,14.616241
1995-06-10,31.5,-25.0,16.54013
1995-06-11,31.5,-25.0,15.788605
1995-06-12,31.5,-25.0,16.774567
1995-06-13,31.5,-25.0,16.38092
1995-06-14,31.5,-25.0,15.855438
1995-06-15,31.5,-25.0,16.822144
1995-06-16,31.5,-25.0,13.998138
1995-06-17,31.5,-25.0,15.488007
1995-06-18,31.5,-25.0,17.286865
1995-06-19,31.5,-25.0,16.922821
1995-06-20,31.5,-25.0,15.52121
1995-06-21,31.5,-25.0,16.053894
1995-06-22,31.5,-25.0,15.674713
1995-06-23,31.5,-25.0,15.843109
1995-06-24,31.5,-25.0,15.016418
1995-06-25,31.5,-25.0,14.845703
1995-06-26,31.5,-25.0,15.991455
1995-06-27,31.5,-25.0,16.068298
1995-06-28,31.5,-25.0,16.22525
1995-06-29,31.5,-25.0,16.273865
1995-06-30,31.5,-25.0,17.398254
1995-07-01,31.5,-25.0,16.152802
1995-07-02,31.5,-25.0,15.147461
1995-07-03,31.5,-25.0,16.826935
1995-07-04,31.5,-25.0,16.62613
1995-07-05,31.5,-25.0,18.570526
1995-07-06,31.5,-25.0,15.07135
1995-07-07,31.5,-25.0,15.188568
1995-07-08,31.5,-25.0,16.002625
1995-07-09,31.5,-25.0,16.953064
1995-07-10,31.5,-25.0,17.553864
1995-07-11,31.5,-25.0,15.885376
1995-07-12,31.5,-25.0,16.487823
1995-07-13,31.5,-25.0,15.921234
1995-07-14,31.5,-25.0,13.845367
1995-07-15,31.5,-25.0,13.32196
1995-07-16,31.5,-25.0,14.589905
1995-07-17,31.5,-25.0,15.613953
1995-07-18,31.5,-25.0,16.652405
1995-07-19,31.5,-25.0,14.186401
1995-07-20,31.5,-25.0,15.219086
1995-07-21,31.5,-25.0,17.328186
1995-07-22,31.5,-25.0,18.988037
1995-07-23,31.5,-25.0,16.574005
1995-07-24,31.5,-25.0,16.747131
1995-07-25,31.5,-25.0,17.078094
1995-07-26,31.5,-25.0,19.061798
1995-07-27,31.5,-25.0,17.828186
1995-07-28,31.5,-25.0,16.39212
1995-07-29,31.5,-25.0,18.408783
1995-07-30,31.5,-25.0,18.295807
1995-07-31,31.5,-25.0,19.591644
1995-08-01,31.5,-25.0,17.761444
1995-08-02,31.5,-25.0,17.431183
1995-08-03,31.5,-25.0,16.27008
1995-08-04,31.5,-25.0,18.452484
1995-08-05,31.5,-25.0,22.014313
1995-08-06,31.5,-25.0,17.020447
1995-08-07,31.5,-25.0,13.9566345
1995-08-08,31.5,-25.0,14.968628
1995-08-09,31.5,-25.0,17.123657
1995-08-10,31.5,-25.0,17.960571
1995-08-11,31.5,-25.0,16.904907
1995-08-12,31.5,-25.0,17.65799
1995-08-13,31.5,-25.0,17.957458
1995-08-14,31.5,-25.0,19.114166
1995-08-15,31.5,-25.0,19.058868
1995-08-16,31.5,-25.0,18.350433
1995-08-17,31.5,-25.0,17.974182
1995-08-18,31.5,-25.0,18.454865
1995-08-19,31.5,-25.0,20.258026
1995-08-20,31.5,-25.0,21.860077
1995-08-21,31.5,-25.0,22.592255
1995-08-22,31.5,-25.0,24.338226
1995-08-23,31.5,-25.0,17.839996
1995-08-24,31.5,-25.0,18.36972
1995-08-25,31.5,-25.0,18.315155
1995-08-26,31.5,-25.0,19.465942
1995-08-27,31.5,-25.0,19.590088
1995-08-28,31.5,-25.0,18.016205
1995-08-29,31.5,-25.0,18.830963
1995-08-30,31.5,-25.0,21.40149
1995-08-31,31.5,-25.0,18.097656
1995-09-01,31.5,-25.0,17.738129
1995-09-02,31.5,-25.0,20.896088
1995-09-03,31.5,-25.0,21.07129
1995-09-04,31.5,-25.0,19.375854
1995-09-05,31.5,-25.0,16.942993
1995-09-06,31.5,-25.0,17.57843
1995-09-07,31.5,-25.0,20.530579
1995-09-08,31.5,-25.0,21.77417
1995-09-09,31.5,-25.0,23.19992
1995-09-10,31.5,-25.0,21.13272
1995-09-11,31.5,-25.0,21.785767
1995-09-12,31.5,-25.0,23.605133
1995-09-13,31.5,-25.0,22.500092
1995-09-14,31.5,-25.0,20.445068
1995-09-15,31.5,-25.0,20.06601
1995-09-16,31.5,-25.0,21.436798
1995-09-17,31.5,-25.0,24.039062
1995-09-18,31.5,-25.0,21.823944
1995-09-19,31.5,-25.0,17.035309
1995-09-20,31.5,-25.0,18.547699
1995-09-21,31.5,-25.0,23.375977
1995-09-22,31.5,-25.0,23.483063
1995-09-23,31.5,-25.0,24.337708
1995-09-24,31.5,-25.0,25.085114
1995-09-25,31.5,-25.0,22.990936
1995-09-26,31.5,-25.0,26.309631
1995-09-27,31.5,-25.0,25.87085
1995-09-28,31.5,-25.0,23.611053
1995-09-29,31.5,-25.0,22.478516
1995-09-30,31.5,-25.0,24.392029
1995-10-01,31.5,-25.0,22.771729
1995-10-02,31.5,-25.0,25.137054
1995-10-03,31.5,-25.0,24.510162
1995-10-04,31.5,-25.0,25.90979
1995-10-05,31.5,-25.0,26.739166
1995-10-06,31.5,-25.0,27.327057
1995-10-07,31.5,-25.0,23.36557
1995-10-08,31.5,-25.0,25.444672
1995-10-09,31.5,-25.0,25.211304
1995-10-10,31.5,-25.0,25.742004
1995-10-11,31.5,-25.0,26.365723
1995-10-12,31.5,-25.0,31.368286
1995-10-13,31.5,-25.0,25.221283
1995-10-14,31.5,-25.0,18.593445
1995-10-15,31.5,-25.0,19.69983
1995-10-16,31.5,-25.0,20.363678
1995-10-17,31.5,-25.0,25.531067
1995-10-18,31.5,-25.0,28.673279
1995-10-19,31.5,-25.0,24.726715
1995-10-20,31.5,-25.0,20.590607
1995-10-21,31.5,-25.0,21.789001
1995-10-22,31.5,-25.0,25.357697
1995-10-23,31.5,-25.0,26.385803
1995-10-24,31.5,-25.0,19.621521
1995-10-25,31.5,-25.0,24.507324
1995-10-26,31.5,-25.0,20.866089
1995-10-27,31.5,-25.0,22.30365
1995-10-28,31.5,-25.0,25.04831
1995-10-29,31.5,-25.0,17.937042
1995-10-30,31.5,-25.0,18.337341
1995-10-31,31.5,-25.0,18.90512
1995-11-01,31.5,-25.0,20.284912
1995-11-02,31.5,-25.0,24.212128
1995-11-03,31.5,-25.0,23.783905
1995-11-04,31.5,-25.0,26.18576
1995-11-05,31.5,-25.0,21.781555
1995-11-06,31.5,-25.0,20.877014
1995-11-07,31.5,-25.0,24.498016
1995-11-08,31.5,-25.0,27.264465
1995-11-09,31.5,-25.0,24.705688
1995-11-10,31.5,-25.0,25.862946
1995-11-11,31.5,-25.0,25.336975
1995-11-12,31.5,-25.0,25.49878
1995-11-13,31.5,-25.0,24.577454
1995-11-14,31.5,-25.0,25.659393
1995-11-15,31.5,-25.0,28.595032
1995-11-16,31.5,-25.0,29.000854
1995-11-17,31.5,-25.0,21.897736
1995-11-18,31.5,-25.0,17.396027
1995-11-19,31.5,-25.0,17.669495
1995-11-20,31.5,-25.0,19.600677
1995-11-21,31.5,-25.0,22.269653
1995-11-22,31.5,-25.0,22.909973
1995-11-23,31.5,-25.0,26.481812
1995-11-24,31.5,-25.0,21.884338
1995-11-25,31.5,-25.0,17.838806
1995-11-26,31.5,-25.0,19.3378
1995-11-27,31.5,-25.0,21.348877
1995-11-28,31.5,-25.0,24.124756
1995-11-29,31.5,-25.0,27.12503
1995-11-30,31.5,-25.0,28.239319
1995-12-01,31.5,-25.0,22.094269
1995-12-02,31.5,-25.0,22.776367
1995-12-03,31.5,-25.0,25.272247
1995-12-04,31.5,-25.0,24.028595
1995-12-05,31.5,-25.0,25.27475
1995-12-06,31.5,-25.0,26.765228
1995-12-07,31.5,-25.0,23.67685
1995-12-08,31.5,-25.0,21.851318
1995-12-09,31.5,-25.0,22.660583
1995-12-10,31.5,-25.0,23.911469
1995-12-11,31.5,-25.0,22.128265
1995-12-12,31.5,-25.0,21.967743
1995-12-13,31.5,-25.0,22.644836
1995-12-14,31.5,-25.0,24.531006
1995-12-15,31.5,-25.0,28.883545
1995-12-16,31.5,-25.0,25.39328
1995-12-17,31.5,-25.0,22.629822
1995-12-18,31.5,-25.0,24.194672
1995-12-19,31.5,-25.0,27.177124
1995-12-20,31.5,-25.0,28.710571
1995-12-21,31.5,-25.0,26.118622
1995-12-22,31.5,-25.0,22.327393
1995-12-23,31.5,-25.0,21.247955
1995-12-24,31.5,-25.0,21.907837
1995-12-25,31.5,-25.0,21.845642
1995-12-26,31.5,-25.0,23.542694
1995-12-27,31.5,-25.0,25.08545
1995-12-28,31.5,-25.0,25.112457
1995-12-29,31.5,-25.0,25.338898
1995-12-30,31.5,-25.0,25.231995
1995-12-31,31.5,-25.0,26.044647
1996-01-01,31.5,-25.0,25.932404
1996-01-02,31.5,-25.0,26.569641
1996-01-03,31.5,-25.0,27.743073
1996-01-04,31.5,-25.0,26.661743
1996-01-05,31.5,-25.0,25.856445
1996-01-06,31.5,-25.0,25.51825
1996-01-07,31.5,-25.0,28.00998
1996-01-08,31.5,-25.0,30.062927
1996-01-09,31.5,-25.0,29.791565
1996-01-10,31.5,-25.0,27.462738
1996-01-11,31.5,-25.0,26.846344
1996-01-12,31.5,-25.0,26.080902
1996-01-13,31.5,-25.0,25.871979
1996-01-14,31.5,-25.0,26.727112
1996-01-15,31.5,-25.0,26.118958
1996-01-16,31.5,-25.0,26.884644
1996-01-17,31.5,-25.0,22.886505
1996-01-18,31.5,-25.0,21.827637
1996-01-19,31.5,-25.0,22.669617
1996-01-20,31.5,-25.0,21.751831
1996-01-21,31.5,-25.0,22.914978
1996-01-22,31.5,-25.0,23.584778
1996-01-23,31.5,-25.0,25.3367
1996-01-24,31.5,-25.0,24.682922
1996-01-25,31.5,-25.0,24.724945
1996-01-26,31.5,-25.0,25.346588
1996-01-27,31.5,-25.0,21.891571
1996-01-28,31.5,-25.0,20.001495
1996-01-29,31.5,-25.0,20.507874
1996-01-30,31.5,-25.0,22.462067
1996-01-31,31.5,-25.0,24.806488
1996-02-01,31.5,-25.0,24.695618
1996-02-02,31.5,-25.0,24.411438
1996-02-03,31.5,-25.0,26.338531
1996-02-04,31.5,-25.0,25.18634
1996-02-05,31.5,-25.0,25.599579
1996-02-06,31.5,-25.0,24.71695
1996-02-07,31.5,-25.0,25.28595
1996-02-08,31.5,-25.0,27.058838
1996-02-09,31.5,-25.0,24.500885
1996-02-10,31.5,-25.0,25.029633
1996-02-11,31.5,-25.0,25.583282
1996-02-12,31.5,-25.0,24.66272
1996-02-13,31.5,-25.0,26.4292
1996-02-14,31.5,-25.0,23.893646
1996-02-15,31.5,-25.0,19.866547
1996-02-16,31.5,-25.0,20.996399
1996-02-17,31.5,-25.0,23.879272
1996-02-18,31.5,-25.0,24.571777
1996-02-19,31.5,-25.0,25.07425
1996-02-20,31.5,-25.0,26.065918
1996-02-21,31.5,-25.0,26.027466
1996-02-22,31.5,-25.0,26.619751
1996-02-23,31.5,-25.0,27.208893
1996-02-24,31.5,-25.0,23.819214
1996-02-25,31.5,-25.0,24.56491
1996-02-26,31.5,-25.0,24.741669
1996-02-27,31.5,-25.0,21.493958
1996-02-28,31.5,-25.0,21.92215
1996-02-29,31.5,-25.0,24.404968
1996-03-01,31.5,-25.0,24.698822
1996-03-02,31.5,-25.0,25.594452
1996-03-03,31.5,-25.0,25.313812
1996-03-04,31.5,-25.0,17.725372
1996-03-05,31.5,-25.0,19.845673
1996-03-06,31.5,-25.0,21.818848
1996-03-07,31.5,-25.0,24.446198
1996-03-08,31.5,-25.0,25.455505
1996-03-09,31.5,-25.0,24.923035
1996-03-10,31.5,-25.0,24.861206
1996-03-11,31.5,-25.0,24.753784
1996-03-12,31.5,-25.0,27.090027
1996-03-13,31.5,-25.0,19.420563
1996-03-14,31.5,-25.0,21.29663
1996-03-15,31.5,-25.0,22.67221
1996-03-16,31.5,-25.0,23.962677
1996-03-17,31.5,-25.0,22.765533
1996-03-18,31.5,-25.0,21.407501
1996-03-19,31.5,-25.0,22.080109
1996-03-20,31.5,-25.0,22.51358
1996-03-21,31.5,-25.0,22.183472
1996-03-22,31.5,-25.0,22.937073
1996-03-23,31.5,-25.0,24.193542
1996-03-24,31.5,-25.0,24.759796
1996-03-25,31.5,-25.0,22.278687
1996-03-26,31.5,-25.0,23.713562
1996-03-27,31.5,-25.0,24.029114
1996-03-28,31.5,-25.0,22.668427
1996-03-29,31.5,-25.0,22.307404
1996-03-30,31.5,-25.0,22.085602
1996-03-31,31.5,-25.0,22.713593
1996-04-01,31.5,-25.0,23.023132
1996-04-02,31.5,-25.0,22.632507
1996-04-03,31.5,-25.0,18.859741
1996-04-04,31.5,-25.0,20.048157
1996-04-05,31.5,-25.0,20.32138
1996-04-06,31.5,-25.0,19.889221
1996-04-07,31.5,-25.0,21.1503
1996-04-08,31.5,-25.0,21.990326
1996-04-09,31.5,-25.0,24.149872
1996-04-10,31.5,-25.0,19.369446
1996-04-11,31.5,-25.0,18.867218
1996-04-12,31.5,-25.0,18.748932
1996-04-13,31.5,-25.0,19.561493
1996-04-14,31.5,-25.0,19.710693
1996-04-15,31.5,-25.0,21.650879
1996-04-16,31.5,-25.0,22.279022
1996-04-17,31.5,-25.0,21.3143
1996-04-18,31.5,-25.0,22.493622
1996-04-19,31.5,-25.0,19.722412
1996-04-20,31.5,-25.0,19.004547
1996-04-21,31.5,-25.0,19.430847
1996-04-22,31.5,-25.0,19.618713
1996-04-23,31.5,-25.0,19.98822
1996-04-24,31.5,-25.0,20.209015
1996-04-25,31.5,-25.0,21.802673
1996-04-26,31.5,-25.0,21.128937
1996-04-27,31.5,-25.0,20.035187
1996-04-28,31.5,-25.0,20.026428
1996-04-29,31.5,-25.0,19.427582
1996-04-30,31.5,-25.0,18.432404
1996-05-01,31.5,-25.0,18.46698
1996-05-02,31.5,-25.0,19.551117
1996-05-03,31.5,-25.0,20.151733
1996-05-04,31.5,-25.0,21.730682
1996-05-05,31.5,-25.0,21.95517
1996-05-06,31.5,-25.0,20.028534
1996-05-07,31.5,-25.0,20.865875
1996-05-08,31.5,-25.0,20.37033
1996-05-09,31.5,-25.0,20.256317
1996-05-10,31.5,-25.0,20.562744
1996-05-11,31.5,-25.0,21.462036
1996-05-12,31.5,-25.0,20.971252
1996-05-13,31.5,-25.0,22.279572
1996-05-14,31.5,-25.0,19.130768
1996-05-15,31.5,-25.0,19.613983
1996-05-16,31.5,-25.0,19.577148
1996-05-17,31.5,-25.0,19.343414
1996-05-18,31.5,-25.0,18.733765
1996-05-19,31.5,-25.0,18.341766
1996-05-20,31.5,-25.0,18.126373
1996-05-21,31.5,-25.0,17.77353
1996-05-22,31.5,-25.0,17.68161
1996-05-23,31.5,-25.0,18.862518
1996-05-24,31.5,-25.0,18.674713
1996-05-25,31.5,-25.0,17.062134
1996-05-26,31.5,-25.0,16.534393
1996-05-27,31.5,-25.0,15.893463
1996-05-28,31.5,-25.0,14.827393
1996-05-29,31.5,-25.0,15.196747
1996-05-30,31.5,-25.0,16.284668
1996-05-31,31.5,-25.0,17.622375
1996-06-01,31.5,-25.0,19.025208
1996-06-02,31.5,-25.0,15.532623
1996-06-03,31.5,-25.0,16.779785
1996-06-04,31.5,-25.0,15.580475
1996-06-05,31.5,-25.0,13.549591
1996-06-06,31.5,-25.0,15.4157715
1996-06-07,31.5,-25.0,16.732117
1996-06-08,31.5,-25.0,18.46347
1996-06-09,31.5,-25.0,18.365082
1996-06-10,31.5,-25.0,17.571686
1996-06-11,31.5,-25.0,15.508331
1996-06-12,31.5,-25.0,16.748901
1996-06-13,31.5,-25.0,16.883728
1996-06-14,31.5,-25.0,17.627594
1996-06-15,31.5,-25.0,18.354126
1996-06-16,31.5,-25.0,17.719025
1996-06-17,31.5,-25.0,17.06659
1996-06-18,31.5,-25.0,18.130188
1996-06-19,31.5,-25.0,16.907288
1996-06-20,31.5,-25.0,15.198212
1996-06-21,31.5,-25.0,15.254547
1996-06-22,31.5,-25.0,15.173767
1996-06-23,31.5,-25.0,14.774811
1996-06-24,31.5,-25.0,14.056427
1996-06-25,31.5,-25.0,15.184753
1996-06-26,31.5,-25.0,14.468628
1996-06-27,31.5,-25.0,13.677551
1996-06-28,31.5,-25.0,14.272125
1996-06-29,31.5,-25.0,14.124542
1996-06-30,31.5,-25.0,15.25528
1996-07-01,31.5,-25.0,15.7742
1996-07-02,31.5,-25.0,14.467255
1996-07-03,31.5,-25.0,16.511566
1996-07-04,31.5,-25.0,16.204407
1996-07-05,31.5,-25.0,16.910553
1996-07-06,31.5,-25.0,13.130859
1996-07-07,31.5,-25.0,11.392242
1996-07-08,31.5,-25.0,13.598053
1996-07-09,31.5,-25.0,13.694305
1996-07-10,31.5,-25.0,14.409637
1996-07-11,31.5,-25.0,15.899567
1996-07-12,31.5,-25.0,14.823273
1996-07-13,31.5,-25.0,15.68158
1996-07-14,31.5,-25.0,17.54895
1996-07-15,31.5,-25.0,15.568359
1996-07-16,31.5,-25.0,13.777618
1996-07-17,31.5,-25.0,11.875977
1996-07-18,31.5,-25.0,13.466736
1996-07-19,31.5,-25.0,12.994934
1996-07-20,31.5,-25.0,13.87442
1996-07-21,31.5,-25.0,14.772797
1996-07-22,31.5,-25.0,14.954041
1996-07-23,31.5,-25.0,15.580414
1996-07-24,31.5,-25.0,14.408112
1996-07-25,31.5,-25.0,15.3637085
1996-07-26,31.5,-25.0,16.349731
1996-07-27,31.5,-25.0,18.126404
1996-07-28,31.5,-25.0,19.052795
1996-07-29,31.5,-25.0,19.912964
1996-07-30,31.5,-25.0,15.229248
1996-07-31,31.5,-25.0,17.512817
1996-08-01,31.5,-25.0,21.402313
1996-08-02,31.5,-25.0,19.91391
1996-08-03,31.5,-25.0,16.114807
1996-08-04,31.5,-25.0,14.52005
1996-08-05,31.5,-25.0,15.614929
1996-08-06,31.5,-25.0,17.03128
1996-08-07,31.5,-25.0,15.227783
1996-08-08,31.5,-25.0,15.702789
1996-08-09,31.5,-25.0,17.579681
1996-08-10,31.5,-25.0,20.178894
1996-08-11,31.5,-25.0,17.76767
1996-08-12,31.5,-25.0,19.986847
1996-08-13,31.5,-25.0,23.751648
1996-08-14,31.5,-25.0,17.939728
1996-08-15,31.5,-25.0,15.03009
1996-08-16,31.5,-25.0,18.25476
1996-08-17,31.5,-25.0,19.395477
1996-08-18,31.5,-25.0,17.990417
1996-08-19,31.5,-25.0,15.446716
1996-08-20,31.5,-25.0,12.056427
1996-08-21,31.5,-25.0,13.508575
1996-08-22,31.5,-25.0,14.314026
1996-08-23,31.5,-25.0,14.074524
1996-08-24,31.5,-25.0,16.420929
1996-08-25,31.5,-25.0,18.103668
1996-08-26,31.5,-25.0,21.777283
1996-08-27,31.5,-25.0,23.623352
1996-08-28,31.5,-25.0,18.716492
1996-08-29,31.5,-25.0,16.610443
1996-08-30,31.5,-25.0,16.782745
1996-08-31,31.5,-25.0,18.976715
1996-09-01,31.5,-25.0,19.376984
1996-09-02,31.5,-25.0,20.375061
1996-09-03,31.5,-25.0,19.953308
1996-09-04,31.5,-25.0,19.376984
1996-09-05,31.5,-25.0,21.597107
1996-09-06,31.5,-25.0,24.32077
1996-09-07,31.5,-25.0,21.045563
1996-09-08,31.5,-25.0,23.586182
1996-09-09,31.5,-25.0,25.249939
1996-09-10,31.5,-25.0,24.476898
1996-09-11,31.5,-25.0,24.741882
1996-09-12,31.5,-25.0,27.469818
1996-09-13,31.5,-25.0,26.100739
1996-09-14,31.5,-25.0,20.300323
1996-09-15,31.5,-25.0,18.861176
1996-09-16,31.5,-25.0,20.637238
1996-09-17,31.5,-25.0,23.803467
1996-09-18,31.5,-25.0,22.984467
1996-09-19,31.5,-25.0,17.779419
1996-09-20,31.5,-25.0,16.474335
1996-09-21,31.5,-25.0,19.990692
1996-09-22,31.5,-25.0,19.82663
1996-09-23,31.5,-25.0,20.19049
1996-09-24,31.5,-25.0,21.531921
1996-09-25,31.5,-25.0,25.601624
1996-09-26,31.5,-25.0,25.019989
1996-09-27,31.5,-25.0,19.212585
1996-09-28,31.5,-25.0,20.586761
1996-09-29,31.5,-25.0,23.355377
1996-09-30,31.5,-25.0,25.534637
1996-10-01,31.5,-25.0,26.450928
1996-10-02,31.5,-25.0,22.432587
1996-10-03,31.5,-25.0,23.128662
1996-10-04,31.5,-25.0,24.404633
1996-10-05,31.5,-25.0,25.253632
1996-10-06,31.5,-25.0,24.690094
1996-10-07,31.5,-25.0,25.87085
1996-10-08,31.5,-25.0,25.149933
1996-10-09,31.5,-25.0,24.386688
1996-10-10,31.5,-25.0,20.72699
1996-10-11,31.5,-25.0,23.294647
1996-10-12,31.5,-25.0,26.504791
1996-10-13,31.5,-25.0,22.821625
1996-10-14,31.5,-25.0,26.010223
1996-10-15,31.5,-25.0,24.942474
1996-10-16,31.5,-25.0,18.246735
1996-10-17,31.5,-25.0,18.551544
1996-10-18,31.5,-25.0,22.675537
1996-10-19,31.5,-25.0,24.828705
1996-10-20,31.5,-25.0,27.289917
1996-10-21,31.5,-25.0,19.8367
1996-10-22,31.5,-25.0,20.228058
1996-10-23,31.5,-25.0,19.52481
1996-10-24,31.5,-25.0,23.240326
1996-10-25,31.5,-25.0,22.35019
1996-10-26,31.5,-25.0,21.761383
1996-10-27,31.5,-25.0,23.620056
1996-10-28,31.5,-25.0,22.774841
1996-10-29,31.5,-25.0,24.16217
1996-10-30,31.5,-25.0,22.675903
1996-10-31,31.5,-25.0,25.414795
1996-11-01,31.5,-25.0,25.877716
1996-11-02,31.5,-25.0,27.583282
1996-11-03,31.5,-25.0,25.897247
1996-11-04,31.5,-25.0,29.7771
1996-11-05,31.5,-25.0,28.452087
1996-11-06,31.5,-25.0,24.48581
1996-11-07,31.5,-25.0,24.1091
1996-11-08,31.5,-25.0,27.100006
1996-11-09,31.5,-25.0,27.50531
1996-11-10,31.5,-25.0,25.610931
1996-11-11,31.5,-25.0,27.319519
1996-11-12,31.5,-25.0,29.21695
1996-11-13,31.5,-25.0,28.565033
1996-11-14,31.5,-25.0,16.668762
1996-11-15,31.5,-25.0,18.60794
1996-11-16,31.5,-25.0,21.529633
1996-11-17,31.5,-25.0,24.019623
1996-11-18,31.5,-25.0,24.690826
1996-11-19,31.5,-25.0,25.406586
1996-11-20,31.5,-25.0,27.140656
1996-11-21,31.5,-25.0,25.901276
1996-11-22,31.5,-25.0,27.146759
1996-11-23,31.5,-25.0,22.689545
1996-11-24,31.5,-25.0,23.679565
1996-11-25,31.5,-25.0,26.607605
1996-11-26,31.5,-25.0,22.850616
1996-11-27,31.5,-25.0,18.934814
1996-11-28,31.5,-25.0,20.832642
1996-11-29,31.5,-25.0,26.196991
1996-11-30,31.5,-25.0,25.865967
1996-12-01,31.5,-25.0,24.903442
1996-12-02,31.5,-25.0,30.66864
1996-12-03,31.5,-25.0,23.238678
1996-12-04,31.5,-25.0,23.487
1996-12-05,31.5,-25.0,22.364014
1996-12-06,31.5,-25.0,25.854279
1996-12-07,31.5,-25.0,25.723969
1996-12-08,31.5,-25.0,23.451935
1996-12-09,31.5,-25.0,25.604797
1996-12-10,31.5,-25.0,24.240631
1996-12-11,31.5,-25.0,26.581482
1996-12-12,31.5,-25.0,24.828949
1996-12-13,31.5,-25.0,25.778534
1996-12-14,31.5,-25.0,25.09842
1996-12-15,31.5,-25.0,25.965393
1996-12-16,31.5,-25.0,24.423553
1996-12-17,31.5,-25.0,28.084473
1996-12-18,31.5,-25.0,28.802551
1996-12-19,31.5,-25.0,20.313507
1996-12-20,31.5,-25.0,21.981659
1996-12-21,31.5,-25.0,25.037415
1996-12-22,31.5,-25.0,24.94522
1996-12-23,31.5,-25.0,25.657074
1996-12-24,31.5,-25.0,27.907959
1996-12-25,31.5,-25.0,28.432434
1996-12-26,31.5,-25.0,28.01361
1996-12-27,31.5,-25.0,28.175873
1996-12-28,31.5,-25.0,28.407013
1996-12-29,31.5,-25.0,28.186523
1996-12-30,31.5,-25.0,28.334076
1996-12-31,31.5,-25.0,28.951782
1997-01-01,31.5,-25.0,29.624146
1997-01-02,31.5,-25.0,25.31784
1997-01-03,31.5,-25.0,26.171722
1997-01-04,31.5,-25.0,26.400269
1997-01-05,31.5,-25.0,25.70517
1997-01-06,31.5,-25.0,27.03537
1997-01-07,31.5,-25.0,28.286346
1997-01-08,31.5,-25.0,30.17276
1997-01-09,31.5,-25.0,30.460999
1997-01-10,31.5,-25.0,21.976685
1997-01-11,31.5,-25.0,22.318726
1997-01-12,31.5,-25.0,21.93814
1997-01-13,31.5,-25.0,22.914032
1997-01-14,31.5,-25.0,21.87387
1997-01-15,31.5,-25.0,24.052307
1997-01-16,31.5,-25.0,25.788757
1997-01-17,31.5,-25.0,24.103912
1997-01-18,31.5,-25.0,22.89804
1997-01-19,31.5,-25.0,25.150238
1997-01-20,31.5,-25.0,26.436096
1997-01-21,31.5,-25.0,26.568146
1997-01-22,31.5,-25.0,27.51651
1997-01-23,31.5,-25.0,25.159637
1997-01-24,31.5,-25.0,25.971985
1997-01-25,31.5,-25.0,26.11612
1997-01-26,31.5,-25.0,27.352661
1997-01-27,31.5,-25.0,27.56363
1997-01-28,31.5,-25.0,27.36441
1997-01-29,31.5,-25.0,27.19345
1997-01-30,31.5,-25.0,27.088013
1997-01-31,31.5,-25.0,28.133514
1997-02-01,31.5,-25.0,27.990936
1997-02-02,31.5,-25.0,24.83139
1997-02-03,31.5,-25.0,25.370453
1997-02-04,31.5,-25.0,25.618347
1997-02-05,31.5,-25.0,26.034302
1997-02-06,31.5,-25.0,27.033813
1997-02-07,31.5,-25.0,27.832886
1997-02-08,31.5,-25.0,25.81424
1997-02-09,31.5,-25.0,25.242432
1997-02-10,31.5,-25.0,26.459473
1997-02-11,31.5,-25.0,28.03302
1997-02-12,31.5,-25.0,28.48352
1997-02-13,31.5,-25.0,23.116333
1997-02-14,31.5,-25.0,22.04309
1997-02-15,31.5,-25.0,23.300598
1997-02-16,31.5,-25.0,26.188599
1997-02-17,31.5,-25.0,24.828888
1997-02-18,31.5,-25.0,25.942596
1997-02-19,31.5,-25.0,26.7594
1997-02-20,31.5,-25.0,26.335754
1997-02-21,31.5,-25.0,27.51538
1997-02-22,31.5,-25.0,28.82077
1997-02-23,31.5,-25.0,24.533356
1997-02-24,31.5,-25.0,23.072784
1997-02-25,31.5,-25.0,24.907196
1997-02-26,31.5,-25.0,25.580933
1997-02-27,31.5,-25.0,21.097076
1997-02-28,31.5,-25.0,23.338959
1997-03-01,31.5,-25.0,24.089691
1997-03-02,31.5,-25.0,25.527222
1997-03-03,31.5,-25.0,28.844513
1997-03-04,31.5,-25.0,28.301453
1997-03-05,31.5,-25.0,25.011139
1997-03-06,31.5,-25.0,25.565674
1997-03-07,31.5,-25.0,26.576294
1997-03-08,31.5,-25.0,27.990204
1997-03-09,31.5,-25.0,25.45581
1997-03-10,31.5,-25.0,26.71814
1997-03-11,31.5,-25.0,25.958588
1997-03-12,31.5,-25.0,18.724945
1997-03-13,31.5,-25.0,20.860382
1997-03-14,31.5,-25.0,21.900269
1997-03-15,31.5,-25.0,21.512634
1997-03-16,31.5,-25.0,22.325684
1997-03-17,31.5,-25.0,21.84317
1997-03-18,31.5,-25.0,22.533783
1997-03-19,31.5,-25.0,23.841187
1997-03-20,31.5,-25.0,25.293121
1997-03-21,31.5,-25.0,22.48169
1997-03-22,31.5,-25.0,21.696198
1997-03-23,31.5,-25.0,22.643036
1997-03-24,31.5,-25.0,24.071869
1997-03-25,31.5,-25.0,23.867401
1997-03-26,31.5,-25.0,22.960632
1997-03-27,31.5,-25.0,20.96634
1997-03-28,31.5,-25.0,21.37732
1997-03-29,31.5,-25.0,23.641174
1997-03-30,31.5,-25.0,25.211365
1997-03-31,31.5,-25.0,22.853088
1997-04-01,31.5,-25.0,21.87912
1997-04-02,31.5,-25.0,20.266693
1997-04-03,31.5,-25.0,21.721832
1997-04-04,31.5,-25.0,22.579773
1997-04-05,31.5,-25.0,23.652496
1997-04-06,31.5,-25.0,24.19638
1997-04-07,31.5,-25.0,18.80661
1997-04-08,31.5,-25.0,19.654755
1997-04-09,31.5,-25.0,19.732758
1997-04-10,31.5,-25.0,20.205017
1997-04-11,31.5,-25.0,20.05957
1997-04-12,31.5,-25.0,20.145782
1997-04-13,31.5,-25.0,20.093842
1997-04-14,31.5,-25.0,20.299805
1997-04-15,31.5,-25.0,21.398071
1997-04-16,31.5,-25.0,21.299011
1997-04-17,31.5,-25.0,23.010406
1997-04-18,31.5,-25.0,24.789032
1997-04-19,31.5,-25.0,24.37442
1997-04-20,31.5,-25.0,22.735718
1997-04-21,31.5,-25.0,22.580017
1997-04-22,31.5,-25.0,21.361359
1997-04-23,31.5,-25.0,22.103027
1997-04-24,31.5,-25.0,20.80069
1997-04-25,31.5,-25.0,19.07138
1997-04-26,31.5,-25.0,20.16919
1997-04-27,31.5,-25.0,21.162628
1997-04-28,31.5,-25.0,21.945374
1997-04-29,31.5,-25.0,17.685059
1997-04-30,31.5,-25.0,17.391052
1997-05-01,31.5,-25.0,19.387726
1997-05-02,31.5,-25.0,21.690216
1997-05-03,31.5,-25.0,20.16742
1997-05-04,31.5,-25.0,19.462555
1997-05-05,31.5,-25.0,18.767792
1997-05-06,31.5,-25.0,17.641937
1997-05-07,31.5,-25.0,17.736084
1997-05-08,31.5,-25.0,19.638672
1997-05-09,31.5,-25.0,19.189056
1997-05-10,31.5,-25.0,18.866241
1997-05-11,31.5,-25.0,19.657104
1997-05-12,31.5,-25.0,18.375977
1997-05-13,31.5,-25.0,17.528137
1997-05-14,31.5,-25.0,18.186676
1997-05-15,31.5,-25.0,18.16269
1997-05-16,31.5,-25.0,18.171967
1997-05-17,31.5,-25.0,19.191956
1997-05-18,31.5,-25.0,18.546356
1997-05-19,31.5,-25.0,19.19577
1997-05-20,31.5,-25.0,18.832214
1997-05-21,31.5,-25.0,18.392944
1997-05-22,31.5,-25.0,19.053436
1997-05-23,31.5,-25.0,18.086456
1997-05-24,31.5,-25.0,19.482513
1997-05-25,31.5,-25.0,20.115143
1997-05-26,31.5,-25.0,18.5672
1997-05-27,31.5,-25.0,16.585876
1997-05-28,31.5,-25.0,13.007751
1997-05-29,31.5,-25.0,10.678741
1997-05-30,31.5,-25.0,11.968445
1997-05-31,31.5,-25.0,14.511963
1997-06-01,31.5,-25.0,14.970764
1997-06-02,31.5,-25.0,15.62561
1997-06-03,31.5,-25.0,14.544342
1997-06-04,31.5,-25.0,15.634003
1997-06-05,31.5,-25.0,15.838074
1997-06-06,31.5,-25.0,16.496246
1997-06-07,31.5,-25.0,17.263245
1997-06-08,31.5,-25.0,17.387817
1997-06-09,31.5,-25.0,19.925232
1997-06-10,31.5,-25.0,18.924103
1997-06-11,31.5,-25.0,18.697693
1997-06-12,31.5,-25.0,16.578827
1997-06-13,31.5,-25.0,15.585663
1997-06-14,31.5,-25.0,16.039337
1997-06-15,31.5,-25.0,16.29242
1997-06-16,31.5,-25.0,16.974426
1997-06-17,31.5,-25.0,15.961334
1997-06-18,31.5,-25.0,16.49353
1997-06-19,31.5,-25.0,15.43042
1997-06-20,31.5,-25.0,14.82782
1997-06-21,31.5,-25.0,16.82483
1997-06-22,31.5,-25.0,16.836731
1997-06-23,31.5,-25.0,17.771484
1997-06-24,31.5,-25.0,17.516327
1997-06-25,31.5,-25.0,18.80774
1997-06-26,31.5,-25.0,18.197998
1997-06-27,31.5,-25.0,19.557526
1997-06-28,31.5,-25.0,20.731659
1997-06-29,31.5,-25.0,20.152924
1997-06-30,31.5,-25.0,13.584656
1997-07-01,31.5,-25.0,15.730377
1997-07-02,31.5,-25.0,14.823273
1997-07-03,31.5,-25.0,14.917175
1997-07-04,31.5,-25.0,15.4583435
1997-07-05,31.5,-25.0,14.667023
1997-07-06,31.5,-25.0,14.314056
1997-07-07,31.5,-25.0,14.6059265
1997-07-08,31.5,-25.0,13.717102
1997-07-09,31.5,-25.0,14.831421
1997-07-10,31.5,-25.0,16.955261
1997-07-11,31.5,-25.0,16.197754
1997-07-12,31.5,-25.0,16.418793
1997-07-13,31.5,-25.0,16.424927
1997-07-14,31.5,-25.0,15.1987915
1997-07-15,31.5,-25.0,15.238586
1997-07-16,31.5,-25.0,15.313202
1997-07-17,31.5,-25.0,17.867401
1997-07-18,31.5,-25.0,18.345123
1997-07-19,31.5,-25.0,17.104248
1997-07-20,31.5,-25.0,18.090942
1997-07-21,31.5,-25.0,19.088898
1997-07-22,31.5,-25.0,17.932587
1997-07-23,31.5,-25.0,19.25534
1997-07-24,31.5,-25.0,19.512634
1997-07-25,31.5,-25.0,19.216705
1997-07-26,31.5,-25.0,17.058075
1997-07-27,31.5,-25.0,18.649384
1997-07-28,31.5,-25.0,19.460205
1997-07-29,31.5,-25.0,16.203735
1997-07-30,31.5,-25.0,16.716797
1997-07-31,31.5,-25.0,17.601166
1997-08-01,31.5,-25.0,15.5234375
1997-08-02,31.5,-25.0,17.577515
1997-08-03,31.5,-25.0,16.209015
1997-08-04,31.5,-25.0,17.632812
1997-08-05,31.5,-25.0,18.700043
1997-08-06,31.5,-25.0,15.522766
1997-08-07,31.5,-25.0,16.76883
1997-08-08,31.5,-25.0,15.95459
1997-08-09,31.5,-25.0,16.905762
1997-08-10,31.5,-25.0,17.735107
1997-08-11,31.5,-25.0,17.357391
1997-08-12,31.5,-25.0,19.521484
1997-08-13,31.5,-25.0,19.258728
1997-08-14,31.5,-25.0,20.556976
1997-08-15,31.5,-25.0,20.136566
1997-08-16,31.5,-25.0,20.850586
1997-08-17,31.5,-25.0,21.629486
1997-08-18,31.5,-25.0,19.563263
1997-08-19,31.5,-25.0,21.994171
1997-08-20,31.5,-25.0,19.486725
1997-08-21,31.5,-25.0,20.053497
1997-08-22,31.5,-25.0,19.637787
1997-08-23,31.5,-25.0,19.269989
1997-08-24,31.5,-25.0,19.212341
1997-08-25,31.5,-25.0,19.767181
1997-08-26,31.5,-25.0,20.577118
1997-08-27,31.5,-25.0,19.836487
1997-08-28,31.5,-25.0,19.852844
1997-08-29,31.5,-25.0,20.443604
1997-08-30,31.5,-25.0,21.407104
1997-08-31,31.5,-25.0,21.682281
1997-09-01,31.5,-25.0,19.900055
1997-09-02,31.5,-25.0,20.402954
1997-09-03,31.5,-25.0,23.672333
1997-09-04,31.5,-25.0,19.116364
1997-09-05,31.5,-25.0,18.597229
1997-09-06,31.5,-25.0,22.176666
1997-09-07,31.5,-25.0,22.565125
1997-09-08,31.5,-25.0,17.485199
1997-09-09,31.5,-25.0,17.52182
1997-09-10,31.5,-25.0,17.974976
1997-09-11,31.5,-25.0,18.313293
1997-09-12,31.5,-25.0,18.690186
1997-09-13,31.5,-25.0,18.375366
1997-09-14,31.5,-25.0,18.68396
1997-09-15,31.5,-25.0,17.873444
1997-09-16,31.5,-25.0,19.626617
1997-09-17,31.5,-25.0,20.00653
1997-09-18,31.5,-25.0,20.317047
1997-09-19,31.5,-25.0,20.800446
1997-09-20,31.5,-25.0,24.209747
1997-09-21,31.5,-25.0,22.98935
1997-09-22,31.5,-25.0,24.745483
1997-09-23,31.5,-25.0,28.44577
1997-09-24,31.5,-25.0,25.137756
1997-09-25,31.5,-25.0,21.88501
1997-09-26,31.5,-25.0,21.08487
1997-09-27,31.5,-25.0,23.653687
1997-09-28,31.5,-25.0,26.559052
1997-09-29,31.5,-25.0,27.684875
1997-09-30,31.5,-25.0,20.753357
1997-10-01,31.5,-25.0,22.257355
1997-10-02,31.5,-25.0,22.936523
1997-10-03,31.5,-25.0,25.597046
1997-10-04,31.5,-25.0,26.651093
1997-10-05,31.5,-25.0,28.396454
1997-10-06,31.5,-25.0,28.563416
1997-10-07,31.5,-25.0,23.320892
1997-10-08,31.5,-25.0,20.214386
1997-10-09,31.5,-25.0,15.762146
1997-10-10,31.5,-25.0,18.217285
1997-10-11,31.5,-25.0,23.823364
1997-10-12,31.5,-25.0,20.225128
1997-10-13,31.5,-25.0,20.329285
1997-10-14,31.5,-25.0,21.574402
1997-10-15,31.5,-25.0,18.864532
1997-10-16,31.5,-25.0,17.076569
1997-10-17,31.5,-25.0,17.19104
1997-10-18,31.5,-25.0,18.536713
1997-10-19,31.5,-25.0,18.812256
1997-10-20,31.5,-25.0,20.012512
1997-10-21,31.5,-25.0,22.518433
1997-10-22,31.5,-25.0,25.019653
1997-10-23,31.5,-25.0,26.928314
1997-10-24,31.5,-25.0,23.45932
1997-10-25,31.5,-25.0,22.472565
1997-10-26,31.5,-25.0,27.990265
1997-10-27,31.5,-25.0,21.840302
1997-10-28,31.5,-25.0,18.867554
1997-10-29,31.5,-25.0,19.478546
1997-10-30,31.5,-25.0,23.519867
1997-10-31,31.5,-25.0,22.461609
1997-11-01,31.5,-25.0,23.916473
1997-11-02,31.5,-25.0,24.149475
1997-11-03,31.5,-25.0,27.593048
1997-11-04,31.5,-25.0,24.5578
1997-11-05,31.5,-25.0,26.692383
1997-11-06,31.5,-25.0,29.012146
1997-11-07,31.5,-25.0,29.168335
1997-11-08,31.5,-25.0,28.589966
1997-11-09,31.5,-25.0,30.233276
1997-11-10,31.5,-25.0,23.226837
1997-11-11,31.5,-25.0,23.441223
1997-11-12,31.5,-25.0,23.166748
1997-11-13,31.5,-25.0,23.429718
1997-11-14,31.5,-25.0,26.666779
1997-11-15,31.5,-25.0,28.60907
1997-11-16,31.5,-25.0,25.578583
1997-11-17,31.5,-25.0,26.36795
1997-11-18,31.5,-25.0,21.318665
1997-11-19,31.5,-25.0,21.559845
1997-11-20,31.5,-25.0,24.301147
1997-11-21,31.5,-25.0,29.930145
1997-11-22,31.5,-25.0,24.486633
1997-11-23,31.5,-25.0,25.172607
1997-11-24,31.5,-25.0,29.701996
1997-11-25,31.5,-25.0,21.788544
1997-11-26,31.5,-25.0,17.429962
1997-11-27,31.5,-25.0,18.051056
1997-11-28,31.5,-25.0,17.274536
1997-11-29,31.5,-25.0,18.328278
1997-11-30,31.5,-25.0,16.90091
1997-12-01,31.5,-25.0,20.868866
1997-12-02,31.5,-25.0,27.21164
1997-12-03,31.5,-25.0,24.920563
1997-12-04,31.5,-25.0,22.591278
1997-12-05,31.5,-25.0,26.662659
1997-12-06,31.5,-25.0,28.016083
1997-12-07,31.5,-25.0,27.722229
1997-12-08,31.5,-25.0,23.916962
1997-12-09,31.5,-25.0,25.878662
1997-12-10,31.5,-25.0,27.112152
1997-12-11,31.5,-25.0,24.941772
1997-12-12,31.5,-25.0,24.443024
1997-12-13,31.5,-25.0,26.67331
1997-12-14,31.5,-25.0,24.52414
1997-12-15,31.5,-25.0,23.301239
1997-12-16,31.5,-25.0,28.707458
1997-12-17,31.5,-25.0,27.150208
1997-12-18,31.5,-25.0,19.396576
1997-12-19,31.5,-25.0,20.77893
1997-12-20,31.5,-25.0,22.488464
1997-12-21,31.5,-25.0,24.697083
1997-12-22,31.5,-25.0,23.735046
1997-12-23,31.5,-25.0,24.999084
1997-12-24,31.5,-25.0,24.842926
1997-12-25,31.5,-25.0,28.522736
1997-12-26,31.5,-25.0,28.33963
1997-12-27,31.5,-25.0,25.590271
1997-12-28,31.5,-25.0,26.593597
1997-12-29,31.5,-25.0,24.834381
1997-12-30,31.5,-25.0,25.180145
1997-12-31,31.5,-25.0,28.050812
1998-01-01,31.5,-25.0,25.21997
1998-01-02,31.5,-25.0,21.705994
1998-01-03,31.5,-25.0,23.076904
1998-01-04,31.5,-25.0,24.46811
1998-01-05,31.5,-25.0,26.229126
1998-01-06,31.5,-25.0,29.252258
1998-01-07,31.5,-25.0,28.634094
1998-01-08,31.5,-25.0,29.110596
1998-01-09,31.5,-25.0,29.432587
1998-01-10,31.5,-25.0,26.896942
1998-01-11,31.5,-25.0,23.25113
1998-01-12,31.5,-25.0,23.89093
1998-01-13,31.5,-25.0,27.060852
1998-01-14,31.5,-25.0,22.60205
1998-01-15,31.5,-25.0,24.836823
1998-01-16,31.5,-25.0,28.636902
1998-01-17,31.5,-25.0,30.035156
1998-01-18,31.5,-25.0,31.266632
1998-01-19,31.5,-25.0,28.43332
1998-01-20,31.5,-25.0,24.108887
1998-01-21,31.5,-25.0,27.206726
1998-01-22,31.5,-25.0,27.317871
1998-01-23,31.5,-25.0,29.17215
1998-01-24,31.5,-25.0,24.516571
1998-01-25,31.5,-25.0,22.232544
1998-01-26,31.5,-25.0,25.443481
1998-01-27,31.5,-25.0,27.09851
1998-01-28,31.5,-25.0,26.866364
1998-01-29,31.5,-25.0,26.465332
1998-01-30,31.5,-25.0,23.912048
1998-01-31,31.5,-25.0,22.386505
1998-02-01,31.5,-25.0,24.891693
1998-02-02,31.5,-25.0,26.619751
1998-02-03,31.5,-25.0,28.262451
1998-02-04,31.5,-25.0,26.911865
1998-02-05,31.5,-25.0,26.39621
1998-02-06,31.5,-25.0,26.370697
1998-02-07,31.5,-25.0,26.390778
1998-02-08,31.5,-25.0,26.402283
1998-02-09,31.5,-25.0,26.489258
1998-02-10,31.5,-25.0,26.687347
1998-02-11,31.5,-25.0,25.311157
1998-02-12,31.5,-25.0,25.075806
1998-02-13,31.5,-25.0,25.547699
1998-02-14,31.5,-25.0,26.160645
1998-02-15,31.5,-25.0,27.401733
1998-02-16,31.5,-25.0,26.113647
1998-02-17,31.5,-25.0,22.736237
1998-02-18,31.5,-25.0,21.245575
1998-02-19,31.5,-25.0,22.205933
1998-02-20,31.5,-25.0,25.299713
1998-02-21,31.5,-25.0,27.386322
1998-02-22,31.5,-25.0,28.38504
1998-02-23,31.5,-25.0,25.591187
1998-02-24,31.5,-25.0,26.119019
1998-02-25,31.5,-25.0,26.13272
1998-02-26,31.5,-25.0,27.164978
1998-02-27,31.5,-25.0,28.22699
1998-02-28,31.5,-25.0,28.466644
1998-03-01,31.5,-25.0,30.168976
1998-03-02,31.5,-25.0,29.815338
1998-03-03,31.5,-25.0,26.636444
1998-03-04,31.5,-25.0,27.996887
1998-03-05,31.5,-25.0,28.141205
1998-03-06,31.5,-25.0,29.273163
1998-03-07,31.5,-25.0,28.74823
1998-03-08,31.5,-25.0,27.562256
1998-03-09,31.5,-25.0,29.239227
1998-03-10,31.5,-25.0,28.457184
1998-03-11,31.5,-25.0,27.534393
1998-03-12,31.5,-25.0,25.483887
1998-03-13,31.5,-25.0,21.588226
1998-03-14,31.5,-25.0,21.965912
1998-03-15,31.5,-25.0,23.910004
1998-03-16,31.5,-25.0,26.005096
1998-03-17,31.5,-25.0,29.216614
1998-03-18,31.5,-25.0,26.517426
1998-03-19,31.5,-25.0,22.329712
1998-03-20,31.5,-25.0,24.138824
1998-03-21,31.5,-25.0,24.319458
1998-03-22,31.5,-25.0,25.871582
1998-03-23,31.5,-25.0,25.572815
1998-03-24,31.5,-25.0,26.552917
1998-03-25,31.5,-25.0,28.39618
1998-03-26,31.5,-25.0,24.460968
1998-03-27,31.5,-25.0,25.106415
1998-03-28,31.5,-25.0,26.851685
1998-03-29,31.5,-25.0,25.867706
1998-03-30,31.5,-25.0,24.565613
1998-03-31,31.5,-25.0,25.577362
1998-04-01,31.5,-25.0,26.318848
1998-04-02,31.5,-25.0,24.052002
1998-04-03,31.5,-25.0,25.067413
1998-04-04,31.5,-25.0,27.1604
1998-04-05,31.5,-25.0,29.679565
1998-04-06,31.5,-25.0,25.95169
1998-04-07,31.5,-25.0,27.306946
1998-04-08,31.5,-25.0,25.624695
1998-04-09,31.5,-25.0,20.755402
1998-04-10,31.5,-25.0,22.91919
1998-04-11,31.5,-25.0,22.953705
1998-04-12,31.5,-25.0,23.269043
1998-04-13,31.5,-25.0,23.82486
1998-04-14,31.5,-25.0,24.821564
1998-04-15,31.5,-25.0,23.031952
1998-04-16,31.5,-25.0,21.309967
1998-04-17,31.5,-25.0,20.937073
1998-04-18,31.5,-25.0,20.164673
1998-04-19,31.5,-25.0,20.309723
1998-04-20,31.5,-25.0,21.117554
1998-04-21,31.5,-25.0,21.551636
1998-04-22,31.5,-25.0,23.054901
1998-04-23,31.5,-25.0,23.336609
1998-04-24,31.5,-25.0,23.519623
1998-04-25,31.5,-25.0,22.171204
1998-04-26,31.5,-25.0,23.714325
1998-04-27,31.5,-25.0,22.5849
1998-04-28,31.5,-25.0,22.914948
1998-04-29,31.5,-25.0,22.200317
1998-04-30,31.5,-25.0,21.43457
1998-05-01,31.5,-25.0,21.255402
1998-05-02,31.5,-25.0,22.97818
1998-05-03,31.5,-25.0,22.530487
1998-05-04,31.5,-25.0,23.332886
1998-05-05,31.5,-25.0,23.85492
1998-05-06,31.5,-25.0,25.285095
1998-05-07,31.5,-25.0,27.67575
1998-05-08,31.5,-25.0,26.746246
1998-05-09,31.5,-25.0,25.039001
1998-05-10,31.5,-25.0,21.031555
1998-05-11,31.5,-25.0,18.727875
1998-05-12,31.5,-25.0,20.096588
1998-05-13,31.5,-25.0,17.302307
1998-05-14,31.5,-25.0,17.343964
1998-05-15,31.5,-25.0,17.73581
1998-05-16,31.5,-25.0,18.134521
1998-05-17,31.5,-25.0,18.24582
1998-05-18,31.5,-25.0,17.490326
1998-05-19,31.5,-25.0,18.84552
1998-05-20,31.5,-25.0,18.187988
1998-05-21,31.5,-25.0,18.53476
1998-05-22,31.5,-25.0,18.88028
1998-05-23,31.5,-25.0,18.65207
1998-05-24,31.5,-25.0,18.61612
1998-05-25,31.5,-25.0,19.032135
1998-05-26,31.5,-25.0,18.893982
1998-05-27,31.5,-25.0,19.82428
1998-05-28,31.5,-25.0,21.039246
1998-05-29,31.5,-25.0,18.163208
1998-05-30,31.5,-25.0,17.984833
1998-05-31,31.5,-25.0,17.388794
1998-06-01,31.5,-25.0,18.55606
1998-06-02,31.5,-25.0,20.179993
1998-06-03,31.5,-25.0,18.15036
1998-06-04,31.5,-25.0,19.357483
1998-06-05,31.5,-25.0,19.626831
1998-06-06,31.5,-25.0,20.453735
1998-06-07,31.5,-25.0,19.37082
1998-06-08,31.5,-25.0,16.15503
1998-06-09,31.5,-25.0,15.586914
1998-06-10,31.5,-25.0,17.363617
1998-06-11,31.5,-25.0,18.298615
1998-06-12,31.5,-25.0,18.155548
1998-06-13,31.5,-25.0,16.639282
1998-06-14,31.5,-25.0,17.663422
1998-06-15,31.5,-25.0,18.204193
1998-06-16,31.5,-25.0,18.577362
1998-06-17,31.5,-25.0,17.774597
1998-06-18,31.5,-25.0,16.932465
1998-06-19,31.5,-25.0,19.092712
1998-06-20,31.5,-25.0,18.008911
1998-06-21,31.5,-25.0,18.080475
1998-06-22,31.5,-25.0,17.727081
1998-06-23,31.5,-25.0,17.43396
1998-06-24,31.5,-25.0,17.318604
1998-06-25,31.5,-25.0,17.196808
1998-06-26,31.5,-25.0,17.018768
1998-06-27,31.5,-25.0,20.171906
1998-06-28,31.5,-25.0,17.709167
1998-06-29,31.5,-25.0,16.087097
1998-06-30,31.5,-25.0,16.007996
1998-07-01,31.5,-25.0,16.065094
1998-07-02,31.5,-25.0,17.208221
1998-07-03,31.5,-25.0,18.776764
1998-07-04,31.5,-25.0,16.006592
1998-07-05,31.5,-25.0,17.038147
1998-07-06,31.5,-25.0,17.502289
1998-07-07,31.5,-25.0,20.64389
1998-07-08,31.5,-25.0,19.036621
1998-07-09,31.5,-25.0,18.326813
1998-07-10,31.5,-25.0,18.973541
1998-07-11,31.5,-25.0,16.409637
1998-07-12,31.5,-25.0,16.75885
1998-07-13,31.5,-25.0,16.450623
1998-07-14,31.5,-25.0,15.636841
1998-07-15,31.5,-25.0,15.716858
1998-07-16,31.5,-25.0,16.86325
1998-07-17,31.5,-25.0,18.723206
1998-07-18,31.5,-25.0,18.256805
1998-07-19,31.5,-25.0,17.473572
1998-07-20,31.5,-25.0,18.426544
1998-07-21,31.5,-25.0,19.370392
1998-07-22,31.5,-25.0,17.02832
1998-07-23,31.5,-25.0,14.402344
1998-07-24,31.5,-25.0,15.203827
1998-07-25,31.5,-25.0,16.333954
1998-07-26,31.5,-25.0,17.591919
1998-07-27,31.5,-25.0,17.704987
1998-07-28,31.5,-25.0,19.018677
1998-07-29,31.5,-25.0,18.755829
1998-07-30,31.5,-25.0,16.003998
1998-07-31,31.5,-25.0,16.006775
1998-08-01,31.5,-25.0,15.54538
1998-08-02,31.5,-25.0,15.538757
1998-08-03,31.5,-25.0,17.092712
1998-08-04,31.5,-25.0,19.007446
1998-08-05,31.5,-25.0,20.01532
1998-08-06,31.5,-25.0,19.289734
1998-08-07,31.5,-25.0,20.622131
1998-08-08,31.5,-25.0,18.511688
1998-08-09,31.5,-25.0,18.209198
1998-08-10,31.5,-25.0,19.282867
1998-08-11,31.5,-25.0,19.152863
1998-08-12,31.5,-25.0,18.925385
1998-08-13,31.5,-25.0,20.976685
1998-08-14,31.5,-25.0,21.507141
1998-08-15,31.5,-25.0,20.160004
1998-08-16,31.5,-25.0,17.304321
1998-08-17,31.5,-25.0,18.26828
1998-08-18,31.5,-25.0,21.714417
1998-08-19,31.5,-25.0,19.966888
1998-08-20,31.5,-25.0,21.779114
1998-08-21,31.5,-25.0,23.330963
1998-08-22,31.5,-25.0,24.838867
1998-08-23,31.5,-25.0,18.84787
1998-08-24,31.5,-25.0,17.138214
1998-08-25,31.5,-25.0,16.273499
1998-08-26,31.5,-25.0,16.839813
1998-08-27,31.5,-25.0,16.421936
1998-08-28,31.5,-25.0,17.314636
1998-08-29,31.5,-25.0,18.27951
1998-08-30,31.5,-25.0,19.825653
1998-08-31,31.5,-25.0,19.728333
1998-09-01,31.5,-25.0,22.165527
1998-09-02,31.5,-25.0,20.019836
1998-09-03,31.5,-25.0,22.442902
1998-09-04,31.5,-25.0,27.037415
1998-09-05,31.5,-25.0,24.952545
1998-09-06,31.5,-25.0,23.042511
1998-09-07,31.5,-25.0,23.668182
1998-09-08,31.5,-25.0,22.721466
1998-09-09,31.5,-25.0,19.860046
1998-09-10,31.5,-25.0,23.531982
1998-09-11,31.5,-25.0,15.3862
1998-09-12,31.5,-25.0,14.814789
1998-09-13,31.5,-25.0,17.808533
1998-09-14,31.5,-25.0,21.266998
1998-09-15,31.5,-25.0,19.111023
1998-09-16,31.5,-25.0,19.901428
1998-09-17,31.5,-25.0,21.531494
1998-09-18,31.5,-25.0,21.003967
1998-09-19,31.5,-25.0,17.525482
1998-09-20,31.5,-25.0,19.673218
1998-09-21,31.5,-25.0,22.50644
1998-09-22,31.5,-25.0,24.55014
1998-09-23,31.5,-25.0,26.376923
1998-09-24,31.5,-25.0,27.908691
1998-09-25,31.5,-25.0,23.831482
1998-09-26,31.5,-25.0,21.348999
1998-09-27,31.5,-25.0,24.771515
1998-09-28,31.5,-25.0,23.651093
1998-09-29,31.5,-25.0,16.967255
1998-09-30,31.5,-25.0,20.620667
1998-10-01,31.5,-25.0,24.297668
1998-10-02,31.5,-25.0,23.925598
1998-10-03,31.5,-25.0,18.674927
1998-10-04,31.5,-25.0,20.325165
1998-10-05,31.5,-25.0,24.077118
1998-10-06,31.5,-25.0,25.106232
1998-10-07,31.5,-25.0,22.74649
1998-10-08,31.5,-25.0,17.025421
1998-10-09,31.5,-25.0,18.688416
1998-10-10,31.5,-25.0,19.637024
1998-10-11,31.5,-25.0,23.474579
1998-10-12,31.5,-25.0,24.24762
1998-10-13,31.5,-25.0,25.763
1998-10-14,31.5,-25.0,19.46756
1998-10-15,31.5,-25.0,22.313934
1998-10-16,31.5,-25.0,15.99762
1998-10-17,31.5,-25.0,16.210724
1998-10-18,31.5,-25.0,17.505768
1998-10-19,31.5,-25.0,19.628418
1998-10-20,31.5,-25.0,24.585022
1998-10-21,31.5,-25.0,21.34967
1998-10-22,31.5,-25.0,17.218628
1998-10-23,31.5,-25.0,19.532745
1998-10-24,31.5,-25.0,21.982208
1998-10-25,31.5,-25.0,23.782227
1998-10-26,31.5,-25.0,17.815338
1998-10-27,31.5,-25.0,18.931213
1998-10-28,31.5,-25.0,23.560669
1998-10-29,31.5,-25.0,26.734467
1998-10-30,31.5,-25.0,23.970062
1998-10-31,31.5,-25.0,26.305847
1998-11-01,31.5,-25.0,21.205078
1998-11-02,31.5,-25.0,23.077515
1998-11-03,31.5,-25.0,26.849976
1998-11-04,31.5,-25.0,21.456787
1998-11-05,31.5,-25.0,25.056
1998-11-06,31.5,-25.0,25.379883
1998-11-07,31.5,-25.0,15.165497
1998-11-08,31.5,-25.0,15.447235
1998-11-09,31.5,-25.0,18.514496
1998-11-10,31.5,-25.0,21.53189
1998-11-11,31.5,-25.0,22.670593
1998-11-12,31.5,-25.0,21.68097
1998-11-13,31.5,-25.0,22.105011
1998-11-14,31.5,-25.0,25.432098
1998-11-15,31.5,-25.0,25.499176
1998-11-16,31.5,-25.0,25.625702
1998-11-17,31.5,-25.0,26.696045
1998-11-18,31.5,-25.0,19.802643
1998-11-19,31.5,-25.0,22.039642
1998-11-20,31.5,-25.0,24.423584
1998-11-21,31.5,-25.0,22.940063
1998-11-22,31.5,-25.0,21.13501
1998-11-23,31.5,-25.0,23.796295
1998-11-24,31.5,-25.0,26.46463
1998-11-25,31.5,-25.0,25.198853
1998-11-26,31.5,-25.0,23.226501
1998-11-27,31.5,-25.0,24.453339
1998-11-28,31.5,-25.0,22.144836
1998-11-29,31.5,-25.0,23.084717
1998-11-30,31.5,-25.0,26.338135
1998-12-01,31.5,-25.0,22.498169
1998-12-02,31.5,-25.0,20.821472
1998-12-03,31.5,-25.0,17.771332
1998-12-04,31.5,-25.0,18.517975
1998-12-05,31.5,-25.0,19.787506
1998-12-06,31.5,-25.0,21.697266
1998-12-07,31.5,-25.0,24.102753
1998-12-08,31.5,-25.0,23.864105
1998-12-09,31.5,-25.0,22.422302
1998-12-10,31.5,-25.0,23.381622
1998-12-11,31.5,-25.0,23.87262
1998-12-12,31.5,-25.0,25.384064
1998-12-13,31.5,-25.0,24.861542
1998-12-14,31.5,-25.0,26.091461
1998-12-15,31.5,-25.0,24.822205
1998-12-16,31.5,-25.0,26.8154
1998-12-17,31.5,-25.0,23.86792
1998-12-18,31.5,-25.0,22.907867
1998-12-19,31.5,-25.0,23.639984
1998-12-20,31.5,-25.0,25.797577
1998-12-21,31.5,-25.0,22.96518
1998-12-22,31.5,-25.0,25.30008
1998-12-23,31.5,-25.0,20.6333
1998-12-24,31.5,-25.0,23.289825
1998-12-25,31.5,-25.0,26.105194
1998-12-26,31.5,-25.0,26.755463
1998-12-27,31.5,-25.0,24.95517
1998-12-28,31.5,-25.0,24.291779
1998-12-29,31.5,-25.0,24.528778
1998-12-30,31.5,-25.0,24.149109
1998-12-31,31.5,-25.0,24.639374
1999-01-01,31.5,-25.0,25.106659
1999-01-02,31.5,-25.0,25.456268
1999-01-03,31.5,-25.0,24.899658
1999-01-04,31.5,-25.0,24.92395
1999-01-05,31.5,-25.0,24.326721
1999-01-06,31.5,-25.0,25.945557
1999-01-07,31.5,-25.0,24.018402
1999-01-08,31.5,-25.0,23.554932
1999-01-09,31.5,-25.0,24.33725
1999-01-10,31.5,-25.0,25.466003
1999-01-11,31.5,-25.0,26.693909
1999-01-12,31.5,-25.0,22.58963
1999-01-13,31.5,-25.0,23.840515
1999-01-14,31.5,-25.0,25.132538
1999-01-15,31.5,-25.0,25.2435
1999-01-16,31.5,-25.0,25.259064
1999-01-17,31.5,-25.0,25.470093
1999-01-18,31.5,-25.0,26.42566
1999-01-19,31.5,-25.0,26.62918
1999-01-20,31.5,-25.0,26.958405
1999-01-21,31.5,-25.0,24.757507
1999-01-22,31.5,-25.0,24.228699
1999-01-23,31.5,-25.0,24.631958
1999-01-24,31.5,-25.0,24.83142
1999-01-25,31.5,-25.0,25.916382
1999-01-26,31.5,-25.0,25.191254
1999-01-27,31.5,-25.0,22.800537
1999-01-28,31.5,-25.0,25.667175
1999-01-29,31.5,-25.0,26.300446
1999-01-30,31.5,-25.0,24.74704
1999-01-31,31.5,-25.0,24.700928
1999-02-01,31.5,-25.0,24.31836
1999-02-02,31.5,-25.0,24.216309
1999-02-03,31.5,-25.0,24.122131
1999-02-04,31.5,-25.0,23.286621
1999-02-05,31.5,-25.0,23.794403
1999-02-06,31.5,-25.0,26.392426
1999-02-07,31.5,-25.0,22.743256
1999-02-08,31.5,-25.0,20.86847
1999-02-09,31.5,-25.0,22.353638
1999-02-10,31.5,-25.0,22.133759
1999-02-11,31.5,-25.0,23.19162
1999-02-12,31.5,-25.0,23.548248
1999-02-13,31.5,-25.0,23.473541
1999-02-14,31.5,-25.0,22.503143
1999-02-15,31.5,-25.0,22.26596
1999-02-16,31.5,-25.0,22.828674
1999-02-17,31.5,-25.0,23.545715
1999-02-18,31.5,-25.0,25.121368
1999-02-19,31.5,-25.0,27.194702
1999-02-20,31.5,-25.0,23.292847
1999-02-21,31.5,-25.0,23.65741
1999-02-22,31.5,-25.0,24.320618
1999-02-23,31.5,-25.0,23.111725
1999-02-24,31.5,-25.0,24.087433
1999-02-25,31.5,-25.0,24.764526
1999-02-26,31.5,-25.0,24.772247
1999-02-27,31.5,-25.0,24.629791
1999-02-28,31.5,-25.0,24.895142
1999-03-01,31.5,-25.0,24.805878
1999-03-02,31.5,-25.0,24.692719
1999-03-03,31.5,-25.0,24.89447
1999-03-04,31.5,-25.0,25.450134
1999-03-05,31.5,-25.0,24.869904
1999-03-06,31.5,-25.0,24.123108
1999-03-07,31.5,-25.0,23.917114
1999-03-08,31.5,-25.0,23.176483
1999-03-09,31.5,-25.0,23.989075
1999-03-10,31.5,-25.0,24.81311
1999-03-11,31.5,-25.0,24.89215
1999-03-12,31.5,-25.0,25.36441
1999-03-13,31.5,-25.0,24.972382
1999-03-14,31.5,-25.0,23.993958
1999-03-15,31.5,-25.0,24.699799
1999-03-16,31.5,-25.0,23.150421
1999-03-17,31.5,-25.0,23.774872
1999-03-18,31.5,-25.0,24.003082
1999-03-19,31.5,-25.0,23.568817
1999-03-20,31.5,-25.0,25.288818
1999-03-21,31.5,-25.0,25.721375
1999-03-22,31.5,-25.0,25.20868
1999-03-23,31.5,-25.0,24.077911
1999-03-24,31.5,-25.0,23.988007
1999-03-25,31.5,-25.0,22.574554
1999-03-26,31.5,-25.0,23.695312
1999-03-27,31.5,-25.0,23.255524
1999-03-28,31.5,-25.0,22.533813
1999-03-29,31.5,-25.0,22.773468
1999-03-30,31.5,-25.0,22.696075
1999-03-31,31.5,-25.0,21.796417
1999-04-01,31.5,-25.0,22.039795
1999-04-02,31.5,-25.0,21.62088
1999-04-03,31.5,-25.0,22.860199
1999-04-04,31.5,-25.0,22.88559
1999-04-05,31.5,-25.0,22.895233
1999-04-06,31.5,-25.0,22.196686
1999-04-07,31.5,-25.0,22.319183
1999-04-08,31.5,-25.0,22.752045
1999-04-09,31.5,-25.0,23.635681
1999-04-10,31.5,-25.0,24.478607
1999-04-11,31.5,-25.0,21.269379
1999-04-12,31.5,-25.0,20.705017
1999-04-13,31.5,-25.0,19.769928
1999-04-14,31.5,-25.0,19.330353
1999-04-15,31.5,-25.0,21.255493
1999-04-16,31.5,-25.0,22.474365
1999-04-17,31.5,-25.0,23.450104
1999-04-18,31.5,-25.0,25.144379
1999-04-19,31.5,-25.0,25.770203
1999-04-20,31.5,-25.0,23.31076
1999-04-21,31.5,-25.0,24.651642
1999-04-22,31.5,-25.0,20.988953
1999-04-23,31.5,-25.0,22.918182
1999-04-24,31.5,-25.0,21.29422
1999-04-25,31.5,-25.0,21.592743
1999-04-26,31.5,-25.0,21.166077
1999-04-27,31.5,-25.0,20.073639
1999-04-28,31.5,-25.0,19.304718
1999-04-29,31.5,-25.0,18.855316
1999-04-30,31.5,-25.0,18.914398
1999-05-01,31.5,-25.0,20.078949
1999-05-02,31.5,-25.0,22.207153
1999-05-03,31.5,-25.0,23.382172
1999-05-04,31.5,-25.0,24.034119
1999-05-05,31.5,-25.0,19.681763
1999-05-06,31.5,-25.0,17.792877
1999-05-07,31.5,-25.0,18.348969
1999-05-08,31.5,-25.0,19.5737
1999-05-09,31.5,-25.0,19.221558
1999-05-10,31.5,-25.0,19.229675
1999-05-11,31.5,-25.0,18.582245
1999-05-12,31.5,-25.0,19.441711
1999-05-13,31.5,-25.0,21.12732
1999-05-14,31.5,-25.0,20.487213
1999-05-15,31.5,-25.0,21.38675
1999-05-16,31.5,-25.0,20.740936
1999-05-17,31.5,-25.0,17.153656
1999-05-18,31.5,-25.0,16.65564
1999-05-19,31.5,-25.0,18.08905
1999-05-20,31.5,-25.0,20.493652
1999-05-21,31.5,-25.0,19.84018
1999-05-22,31.5,-25.0,20.315369
1999-05-23,31.5,-25.0,20.35379
1999-05-24,31.5,-25.0,18.269257
1999-05-25,31.5,-25.0,18.255768
1999-05-26,31.5,-25.0,19.88031
1999-05-27,31.5,-25.0,21.480652
1999-05-28,31.5,-25.0,18.595764
1999-05-29,31.5,-25.0,17.807037
1999-05-30,31.5,-25.0,18.953033
1999-05-31,31.5,-25.0,17.97461
1999-06-01,31.5,-25.0,17.91153
1999-06-02,31.5,-25.0,17.473633
1999-06-03,31.5,-25.0,17.797028
1999-06-04,31.5,-25.0,18.20639
1999-06-05,31.5,-25.0,18.874695
1999-06-06,31.5,-25.0,19.223877
1999-06-07,31.5,-25.0,16.075134
1999-06-08,31.5,-25.0,14.997711
1999-06-09,31.5,-25.0,14.359955
1999-06-10,31.5,-25.0,14.61087
1999-06-11,31.5,-25.0,15.426025
1999-06-12,31.5,-25.0,15.728516
1999-06-13,31.5,-25.0,16.080383
1999-06-14,31.5,-25.0,17.024597
1999-06-15,31.5,-25.0,17.516876
1999-06-16,31.5,-25.0,16.297668
1999-06-17,31.5,-25.0,18.024933
1999-06-18,31.5,-25.0,20.62259
1999-06-19,31.5,-25.0,19.582336
1999-06-20,31.5,-25.0,16.455902
1999-06-21,31.5,-25.0,14.704407
1999-06-22,31.5,-25.0,18.108887
1999-06-23,31.5,-25.0,17.82431
1999-06-24,31.5,-25.0,20.687592
1999-06-25,31.5,-25.0,19.02948
1999-06-26,31.5,-25.0,17.540741
1999-06-27,31.5,-25.0,15.184845
1999-06-28,31.5,-25.0,15.071686
1999-06-29,31.5,-25.0,16.28302
1999-06-30,31.5,-25.0,15.957825
1999-07-01,31.5,-25.0,16.405853
1999-07-02,31.5,-25.0,17.202667
1999-07-03,31.5,-25.0,17.807526
1999-07-04,31.5,-25.0,16.2081
1999-07-05,31.5,-25.0,17.840363
1999-07-06,31.5,-25.0,17.755402
1999-07-07,31.5,-25.0,17.774475
1999-07-08,31.5,-25.0,17.55484
1999-07-09,31.5,-25.0,16.720795
1999-07-10,31.5,-25.0,17.386078
1999-07-11,31.5,-25.0,16.915253
1999-07-12,31.5,-25.0,15.994171
1999-07-13,31.5,-25.0,15.292603
1999-07-14,31.5,-25.0,17.146973
1999-07-15,31.5,-25.0,19.998413
1999-07-16,31.5,-25.0,19.211609
1999-07-17,31.5,-25.0,19.662231
1999-07-18,31.5,-25.0,18.070435
1999-07-19,31.5,-25.0,15.963684
1999-07-20,31.5,-25.0,15.19754
1999-07-21,31.5,-25.0,15.100159
1999-07-22,31.5,-25.0,16.080048
1999-07-23,31.5,-25.0,16.580566
1999-07-24,31.5,-25.0,16.835358
1999-07-25,31.5,-25.0,17.057129
1999-07-26,31.5,-25.0,16.448547
1999-07-27,31.5,-25.0,17.489288
1999-07-28,31.5,-25.0,17.964172
1999-07-29,31.5,-25.0,18.685974
1999-07-30,31.5,-25.0,19.945862
1999-07-31,31.5,-25.0,20.054749
1999-08-01,31.5,-25.0,21.383698
1999-08-02,31.5,-25.0,23.21457
1999-08-03,31.5,-25.0,22.190704
1999-08-04,31.5,-25.0,20.125336
1999-08-05,31.5,-25.0,18.350739
1999-08-06,31.5,-25.0,18.084808
1999-08-07,31.5,-25.0,17.718658
1999-08-08,31.5,-25.0,19.227448
1999-08-09,31.5,-25.0,18.641083
1999-08-10,31.5,-25.0,18.580597
1999-08-11,31.5,-25.0,19.09372
1999-08-12,31.5,-25.0,17.993347
1999-08-13,31.5,-25.0,17.934845
1999-08-14,31.5,-25.0,19.494415
1999-08-15,31.5,-25.0,18.416962
1999-08-16,31.5,-25.0,17.45523
1999-08-17,31.5,-25.0,17.451294
1999-08-18,31.5,-25.0,17.06186
1999-08-19,31.5,-25.0,16.937592
1999-08-20,31.5,-25.0,18.712708
1999-08-21,31.5,-25.0,21.374603
1999-08-22,31.5,-25.0,23.606354
1999-08-23,31.5,-25.0,25.594238
1999-08-24,31.5,-25.0,11.894165
1999-08-25,31.5,-25.0,14.750305
1999-08-26,31.5,-25.0,16.01123
1999-08-27,31.5,-25.0,16.746582
1999-08-28,31.5,-25.0,17.765442
1999-08-29,31.5,-25.0,20.842285
1999-08-30,31.5,-25.0,21.756744
1999-08-31,31.5,-25.0,19.532745
1999-09-01,31.5,-25.0,19.628693
1999-09-02,31.5,-25.0,19.286957
1999-09-03,31.5,-25.0,19.057404
1999-09-04,31.5,-25.0,20.099854
1999-09-05,31.5,-25.0,19.16269
1999-09-06,31.5,-25.0,20.66211
1999-09-07,31.5,-25.0,18.87259
1999-09-08,31.5,-25.0,21.428894
1999-09-09,31.5,-25.0,24.808136
1999-09-10,31.5,-25.0,25.302307
1999-09-11,31.5,-25.0,15.034271
1999-09-12,31.5,-25.0,16.681885
1999-09-13,31.5,-25.0,16.737183
1999-09-14,31.5,-25.0,17.95102
1999-09-15,31.5,-25.0,20.416565
1999-09-16,31.5,-25.0,24.062897
1999-09-17,31.5,-25.0,25.449554
1999-09-18,31.5,-25.0,16.304443
1999-09-19,31.5,-25.0,16.895386
1999-09-20,31.5,-25.0,20.032013
1999-09-21,31.5,-25.0,21.00998
1999-09-22,31.5,-25.0,17.6875
1999-09-23,31.5,-25.0,19.498352
1999-09-24,31.5,-25.0,22.653625
1999-09-25,31.5,-25.0,27.684204
1999-09-26,31.5,-25.0,24.212555
1999-09-27,31.5,-25.0,24.12497
1999-09-28,31.5,-25.0,16.748108
1999-09-29,31.5,-25.0,16.81482
1999-09-30,31.5,-25.0,16.599915
1999-10-01,31.5,-25.0,17.610687
1999-10-02,31.5,-25.0,18.32013
1999-10-03,31.5,-25.0,19.508179
1999-10-04,31.5,-25.0,19.962006
1999-10-05,31.5,-25.0,19.95282
1999-10-06,31.5,-25.0,20.265656
1999-10-07,31.5,-25.0,20.265411
1999-10-08,31.5,-25.0,17.43161
1999-10-09,31.5,-25.0,18.885895
1999-10-10,31.5,-25.0,21.35492
1999-10-11,31.5,-25.0,24.489716
1999-10-12,31.5,-25.0,20.204193
1999-10-13,31.5,-25.0,17.728088
1999-10-14,31.5,-25.0,19.469116
1999-10-15,31.5,-25.0,22.604584
1999-10-16,31.5,-25.0,22.514404
1999-10-17,31.5,-25.0,20.820557
1999-10-18,31.5,-25.0,22.119385
1999-10-19,31.5,-25.0,23.384918
1999-10-20,31.5,-25.0,21.835358
1999-10-21,31.5,-25.0,20.69754
1999-10-22,31.5,-25.0,24.248993
1999-10-23,31.5,-25.0,25.295807
1999-10-24,31.5,-25.0,20.91507
1999-10-25,31.5,-25.0,19.746552
1999-10-26,31.5,-25.0,21.716522
1999-10-27,31.5,-25.0,22.692444
1999-10-28,31.5,-25.0,21.822906
1999-10-29,31.5,-25.0,20.644653
1999-10-30,31.5,-25.0,20.353241
1999-10-31,31.5,-25.0,20.385101
1999-11-01,31.5,-25.0,21.753448
1999-11-02,31.5,-25.0,21.588318
1999-11-03,31.5,-25.0,21.01947
1999-11-04,31.5,-25.0,26.50122
1999-11-05,31.5,-25.0,22.370361
1999-11-06,31.5,-25.0,19.935608
1999-11-07,31.5,-25.0,23.41156
1999-11-08,31.5,-25.0,26.505707
1999-11-09,31.5,-25.0,20.955566
1999-11-10,31.5,-25.0,25.748138
1999-11-11,31.5,-25.0,23.968231
1999-11-12,31.5,-25.0,24.824158
1999-11-13,31.5,-25.0,23.443542
1999-11-14,31.5,-25.0,24.141815
1999-11-15,31.5,-25.0,26.824554
1999-11-16,31.5,-25.0,25.563293
1999-11-17,31.5,-25.0,28.611786
1999-11-18,31.5,-25.0,28.911621
1999-11-19,31.5,-25.0,22.894226
1999-11-20,31.5,-25.0,20.957428
1999-11-21,31.5,-25.0,22.235779
1999-11-22,31.5,-25.0,22.183563
1999-11-23,31.5,-25.0,23.848175
1999-11-24,31.5,-25.0,24.26538
1999-11-25,31.5,-25.0,22.115479
1999-11-26,31.5,-25.0,25.652863
1999-11-27,31.5,-25.0,23.644928
1999-11-28,31.5,-25.0,25.494354
1999-11-29,31.5,-25.0,21.040558
1999-11-30,31.5,-25.0,20.725922
1999-12-01,31.5,-25.0,22.28003
1999-12-02,31.5,-25.0,22.67395
1999-12-03,31.5,-25.0,23.89795
1999-12-04,31.5,-25.0,24.83023
1999-12-05,31.5,-25.0,25.469666
1999-12-06,31.5,-25.0,24.80075
1999-12-07,31.5,-25.0,22.875763
1999-12-08,31.5,-25.0,24.35846
1999-12-09,31.5,-25.0,24.64627
1999-12-10,31.5,-25.0,24.608185
1999-12-11,31.5,-25.0,24.048767
1999-12-12,31.5,-25.0,23.042694
1999-12-13,31.5,-25.0,22.414001
1999-12-14,31.5,-25.0,23.75119
1999-12-15,31.5,-25.0,24.60254
1999-12-16,31.5,-25.0,23.785614
1999-12-17,31.5,-25.0,23.56781
1999-12-18,31.5,-25.0,25.416992
1999-12-19,31.5,-25.0,28.349426
1999-12-20,31.5,-25.0,29.69516
1999-12-21,31.5,-25.0,25.973236
1999-12-22,31.5,-25.0,26.055298
1999-12-23,31.5,-25.0,28.03543
1999-12-24,31.5,-25.0,30.286163
1999-12-25,31.5,-25.0,30.605103
1999-12-26,31.5,-25.0,29.466614
1999-12-27,31.5,-25.0,28.611359
1999-12-28,31.5,-25.0,26.69226
1999-12-29,31.5,-25.0,27.485443
1999-12-30,31.5,-25.0,28.796173
1999-12-31,31.5,-25.0,27.6109
2000-01-01,31.5,-25.0,25.884705
2000-01-02,31.5,-25.0,25.435364
2000-01-03,31.5,-25.0,22.801636
2000-01-04,31.5,-25.0,21.957
2000-01-05,31.5,-25.0,25.547852
2000-01-06,31.5,-25.0,25.750092
2000-01-07,31.5,-25.0,25.351196
2000-01-08,31.5,-25.0,23.014618
2000-01-09,31.5,-25.0,22.893341
2000-01-10,31.5,-25.0,25.037933
2000-01-11,31.5,-25.0,25.270721
2000-01-12,31.5,-25.0,25.778595
2000-01-13,31.5,-25.0,22.130432
2000-01-14,31.5,-25.0,21.050598
2000-01-15,31.5,-25.0,20.915344
2000-01-16,31.5,-25.0,19.904266
2000-01-17,31.5,-25.0,19.144196
2000-01-18,31.5,-25.0,20.473358
2000-01-19,31.5,-25.0,21.019257
2000-01-20,31.5,-25.0,21.765747
2000-01-21,31.5,-25.0,22.347717
2000-01-22,31.5,-25.0,23.58789
2000-01-23,31.5,-25.0,23.264465
2000-01-24,31.5,-25.0,23.660065
2000-01-25,31.5,-25.0,24.495453
2000-01-26,31.5,-25.0,25.763855
2000-01-27,31.5,-25.0,22.485413
2000-01-28,31.5,-25.0,25.007446
2000-01-29,31.5,-25.0,25.54889
2000-01-30,31.5,-25.0,24.465698
2000-01-31,31.5,-25.0,25.86728
2000-02-01,31.5,-25.0,26.203552
2000-02-02,31.5,-25.0,25.371033
2000-02-03,31.5,-25.0,24.935486
2000-02-04,31.5,-25.0,23.654358
2000-02-05,31.5,-25.0,22.557526
2000-02-06,31.5,-25.0,22.92749
2000-02-07,31.5,-25.0,23.373901
2000-02-08,31.5,-25.0,23.950165
2000-02-09,31.5,-25.0,23.577362
2000-02-10,31.5,-25.0,24.390442
2000-02-11,31.5,-25.0,25.429565
2000-02-12,31.5,-25.0,25.005798
2000-02-13,31.5,-25.0,25.679596
2000-02-14,31.5,-25.0,24.849548
2000-02-15,31.5,-25.0,26.620087
2000-02-16,31.5,-25.0,21.533813
2000-02-17,31.5,-25.0,21.110565
2000-02-18,31.5,-25.0,21.786072
2000-02-19,31.5,-25.0,23.729584
2000-02-20,31.5,-25.0,25.36676
2000-02-21,31.5,-25.0,25.271362
2000-02-22,31.5,-25.0,24.36618
2000-02-23,31.5,-25.0,23.679993
2000-02-24,31.5,-25.0,22.640259
2000-02-25,31.5,-25.0,23.984314
2000-02-26,31.5,-25.0,23.0607
2000-02-27,31.5,-25.0,23.819702
2000-02-28,31.5,-25.0,22.765991
2000-02-29,31.5,-25.0,24.061829
2000-03-01,31.5,-25.0,25.57019
2000-03-02,31.5,-25.0,25.013397
2000-03-03,31.5,-25.0,24.991486
2000-03-04,31.5,-25.0,24.543488
2000-03-05,31.5,-25.0,24.26175
2000-03-06,31.5,-25.0,24.739868
2000-03-07,31.5,-25.0,23.564026
2000-03-08,31.5,-25.0,22.947723
2000-03-09,31.5,-25.0,23.450989
2000-03-10,31.5,-25.0,24.273102
2000-03-11,31.5,-25.0,22.64795
2000-03-12,31.5,-25.0,23.10318
2000-03-13,31.5,-25.0,24.273254
2000-03-14,31.5,-25.0,24.872742
2000-03-15,31.5,-25.0,22.882233
2000-03-16,31.5,-25.0,23.848541
2000-03-17,31.5,-25.0,25.422028
2000-03-18,31.5,-25.0,23.939789
2000-03-19,31.5,-25.0,23.363068
2000-03-20,31.5,-25.0,23.436676
2000-03-21,31.5,-25.0,22.917206
2000-03-22,31.5,-25.0,24.45755
2000-03-23,31.5,-25.0,24.731903
2000-03-24,31.5,-25.0,24.522156
2000-03-25,31.5,-25.0,24.41101
2000-03-26,31.5,-25.0,23.185852
2000-03-27,31.5,-25.0,22.36322
2000-03-28,31.5,-25.0,23.092651
2000-03-29,31.5,-25.0,20.684448
2000-03-30,31.5,-25.0,22.368835
2000-03-31,31.5,-25.0,22.828339
2000-04-01,31.5,-25.0,21.962921
2000-04-02,31.5,-25.0,22.767365
2000-04-03,31.5,-25.0,23.40979
2000-04-04,31.5,-25.0,21.95044
2000-04-05,31.5,-25.0,16.121887
2000-04-06,31.5,-25.0,17.593048
2000-04-07,31.5,-25.0,19.29834
2000-04-08,31.5,-25.0,19.487701
2000-04-09,31.5,-25.0,20.872223
2000-04-10,31.5,-25.0,21.329742
2000-04-11,31.5,-25.0,21.026215
2000-04-12,31.5,-25.0,21.347229
2000-04-13,31.5,-25.0,22.106354
2000-04-14,31.5,-25.0,21.758118
2000-04-15,31.5,-25.0,20.68863
2000-04-16,31.5,-25.0,19.280548
2000-04-17,31.5,-25.0,20.61734
2000-04-18,31.5,-25.0,20.600677
2000-04-19,31.5,-25.0,20.381866
2000-04-20,31.5,-25.0,20.6091
2000-04-21,31.5,-25.0,20.274414
2000-04-22,31.5,-25.0,21.18283
2000-04-23,31.5,-25.0,22.087463
2000-04-24,31.5,-25.0,21.445343
2000-04-25,31.5,-25.0,22.03952
2000-04-26,31.5,-25.0,22.794647
2000-04-27,31.5,-25.0,19.478607
2000-04-28,31.5,-25.0,17.003723
2000-04-29,31.5,-25.0,18.477112
2000-04-30,31.5,-25.0,18.84729
2000-05-01,31.5,-25.0,19.071838
2000-05-02,31.5,-25.0,20.522247
2000-05-03,31.5,-25.0,18.578125
2000-05-04,31.5,-25.0,19.811249
2000-05-05,31.5,-25.0,17.390717
2000-05-06,31.5,-25.0,17.397766
2000-05-07,31.5,-25.0,17.404266
2000-05-08,31.5,-25.0,18.894928
2000-05-09,31.5,-25.0,18.040955
2000-05-10,31.5,-25.0,17.158813
2000-05-11,31.5,-25.0,17.414368
2000-05-12,31.5,-25.0,16.845917
2000-05-13,31.5,-25.0,13.910248
2000-05-14,31.5,-25.0,14.886017
2000-05-15,31.5,-25.0,15.178436
2000-05-16,31.5,-25.0,16.621948
2000-05-17,31.5,-25.0,17.050507
2000-05-18,31.5,-25.0,17.721954
2000-05-19,31.5,-25.0,16.859314
2000-05-20,31.5,-25.0,17.376923
2000-05-21,31.5,-25.0,17.540894
2000-05-22,31.5,-25.0,17.810944
2000-05-23,31.5,-25.0,18.006195
2000-05-24,31.5,-25.0,18.184784
2000-05-25,31.5,-25.0,17.555023
2000-05-26,31.5,-25.0,17.554382
2000-05-27,31.5,-25.0,16.194794
2000-05-28,31.5,-25.0,16.04422
2000-05-29,31.5,-25.0,16.422424
2000-05-30,31.5,-25.0,16.417816
2000-05-31,31.5,-25.0,16.275238
2000-06-01,31.5,-25.0,16.368622
2000-06-02,31.5,-25.0,16.647003
2000-06-03,31.5,-25.0,16.084259
2000-06-04,31.5,-25.0,17.289673
2000-06-05,31.5,-25.0,17.697327
2000-06-06,31.5,-25.0,16.981476
2000-06-07,31.5,-25.0,16.647095
2000-06-08,31.5,-25.0,17.773407
2000-06-09,31.5,-25.0,17.849854
2000-06-10,31.5,-25.0,17.669708
2000-06-11,31.5,-25.0,18.261902
2000-06-12,31.5,-25.0,17.081787
2000-06-13,31.5,-25.0,17.40509
2000-06-14,31.5,-25.0,17.731323
2000-06-15,31.5,-25.0,17.746216
2000-06-16,31.5,-25.0,19.475006
2000-06-17,31.5,-25.0,20.844849
2000-06-18,31.5,-25.0,19.487762
2000-06-19,31.5,-25.0,17.45755
2000-06-20,31.5,-25.0,16.959717
2000-06-21,31.5,-25.0,17.942871
2000-06-22,31.5,-25.0,18.165253
2000-06-23,31.5,-25.0,17.652222
2000-06-24,31.5,-25.0,16.013062
2000-06-25,31.5,-25.0,16.04303
2000-06-26,31.5,-25.0,16.04889
2000-06-27,31.5,-25.0,15.98877
2000-06-28,31.5,-25.0,14.682159
2000-06-29,31.5,-25.0,14.211212
2000-06-30,31.5,-25.0,14.802704
2000-07-01,31.5,-25.0,15.340149
2000-07-02,31.5,-25.0,15.880493
2000-07-03,31.5,-25.0,15.607697
2000-07-04,31.5,-25.0,15.45401
2000-07-05,31.5,-25.0,14.364777
2000-07-06,31.5,-25.0,16.1651
2000-07-07,31.5,-25.0,16.101013
2000-07-08,31.5,-25.0,16.156952
2000-07-09,31.5,-25.0,15.575317
2000-07-10,31.5,-25.0,16.010773
2000-07-11,31.5,-25.0,17.285492
2000-07-12,31.5,-25.0,17.697418
2000-07-13,31.5,-25.0,17.60144
2000-07-14,31.5,-25.0,19.054016
2000-07-15,31.5,-25.0,20.423248
2000-07-16,31.5,-25.0,13.862061
2000-07-17,31.5,-25.0,12.491608
2000-07-18,31.5,-25.0,15.880402
2000-07-19,31.5,-25.0,18.215027
2000-07-20,31.5,-25.0,17.155853
2000-07-21,31.5,-25.0,14.4392395
2000-07-22,31.5,-25.0,14.800629
2000-07-23,31.5,-25.0,14.537109
2000-07-24,31.5,-25.0,14.791718
2000-07-25,31.5,-25.0,17.027435
2000-07-26,31.5,-25.0,16.756195
2000-07-27,31.5,-25.0,15.065094
2000-07-28,31.5,-25.0,14.116608
2000-07-29,31.5,-25.0,15.388458
2000-07-30,31.5,-25.0,14.773834
2000-07-31,31.5,-25.0,16.230927
2000-08-01,31.5,-25.0,15.91571
2000-08-02,31.5,-25.0,15.849182
2000-08-03,31.5,-25.0,17.050293
2000-08-04,31.5,-25.0,18.669525
2000-08-05,31.5,-25.0,18.102783
2000-08-06,31.5,-25.0,17.08081
2000-08-07,31.5,-25.0,15.914551
2000-08-08,31.5,-25.0,15.754272
2000-08-09,31.5,-25.0,15.64444
2000-08-10,31.5,-25.0,15.882111
2000-08-11,31.5,-25.0,16.789246
2000-08-12,31.5,-25.0,17.862946
2000-08-13,31.5,-25.0,16.974396
2000-08-14,31.5,-25.0,17.447083
2000-08-15,31.5,-25.0,16.576538
2000-08-16,31.5,-25.0,16.441803
2000-08-17,31.5,-25.0,16.592285
2000-08-18,31.5,-25.0,17.432556
2000-08-19,31.5,-25.0,17.774841
2000-08-20,31.5,-25.0,16.510742
2000-08-21,31.5,-25.0,17.509949
2000-08-22,31.5,-25.0,19.225098
2000-08-23,31.5,-25.0,17.921844
2000-08-24,31.5,-25.0,18.026031
2000-08-25,31.5,-25.0,18.922302
2000-08-26,31.5,-25.0,19.115662
2000-08-27,31.5,-25.0,18.418488
2000-08-28,31.5,-25.0,18.259064
2000-08-29,31.5,-25.0,20.558044
2000-08-30,31.5,-25.0,22.434845
2000-08-31,31.5,-25.0,22.872925
2000-09-01,31.5,-25.0,20.904388
2000-09-02,31.5,-25.0,22.860199
2000-09-03,31.5,-25.0,25.154572
2000-09-04,31.5,-25.0,18.774445
2000-09-05,31.5,-25.0,20.957916
2000-09-06,31.5,-25.0,23.392822
2000-09-07,31.5,-25.0,21.302338
2000-09-08,31.5,-25.0,18.621918
2000-09-09,31.5,-25.0,20.588226
2000-09-10,31.5,-25.0,24.672394
2000-09-11,31.5,-25.0,17.925812
2000-09-12,31.5,-25.0,17.85971
2000-09-13,31.5,-25.0,24.413452
2000-09-14,31.5,-25.0,23.614166
2000-09-15,31.5,-25.0,16.194763
2000-09-16,31.5,-25.0,18.782074
2000-09-17,31.5,-25.0,23.692627
2000-09-18,31.5,-25.0,18.118011
2000-09-19,31.5,-25.0,14.591248
2000-09-20,31.5,-25.0,14.831848
2000-09-21,31.5,-25.0,15.717651
2000-09-22,31.5,-25.0,18.37265
2000-09-23,31.5,-25.0,19.54596
2000-09-24,31.5,-25.0,19.61679
2000-09-25,31.5,-25.0,22.887604
2000-09-26,31.5,-25.0,23.102234
2000-09-27,31.5,-25.0,19.805054
2000-09-28,31.5,-25.0,22.654877
2000-09-29,31.5,-25.0,24.42871
2000-09-30,31.5,-25.0,24.077606
2000-10-01,31.5,-25.0,25.39209
2000-10-02,31.5,-25.0,20.910614
2000-10-03,31.5,-25.0,19.71637
2000-10-04,31.5,-25.0,23.603607
2000-10-05,31.5,-25.0,24.383759
2000-10-06,31.5,-25.0,20.857513
2000-10-07,31.5,-25.0,21.097534
2000-10-08,31.5,-25.0,23.349274
2000-10-09,31.5,-25.0,26.261108
2000-10-10,31.5,-25.0,26.57959
2000-10-11,31.5,-25.0,17.685242
2000-10-12,31.5,-25.0,17.832703
2000-10-13,31.5,-25.0,21.736176
2000-10-14,31.5,-25.0,23.50293
2000-10-15,31.5,-25.0,22.108978
2000-10-16,31.5,-25.0,22.348724
2000-10-17,31.5,-25.0,24.165253
2000-10-18,31.5,-25.0,25.134491
2000-10-19,31.5,-25.0,25.035187
2000-10-20,31.5,-25.0,20.399597
2000-10-21,31.5,-25.0,20.144836
2000-10-22,31.5,-25.0,20.491302
2000-10-23,31.5,-25.0,22.262695
2000-10-24,31.5,-25.0,25.814758
2000-10-25,31.5,-25.0,24.50888
2000-10-26,31.5,-25.0,18.981384
2000-10-27,31.5,-25.0,18.5766
2000-10-28,31.5,-25.0,19.783722
2000-10-29,31.5,-25.0,21.547852
2000-10-30,31.5,-25.0,17.687286
2000-10-31,31.5,-25.0,15.878143
2000-11-01,31.5,-25.0,19.500885
2000-11-02,31.5,-25.0,23.279022
2000-11-03,31.5,-25.0,21.010223
2000-11-04,31.5,-25.0,24.332
2000-11-05,31.5,-25.0,23.112518
2000-11-06,31.5,-25.0,23.687195
2000-11-07,31.5,-25.0,24.113312
2000-11-08,31.5,-25.0,24.641327
2000-11-09,31.5,-25.0,24.173492
2000-11-10,31.5,-25.0,23.815338
2000-11-11,31.5,-25.0,24.727692
2000-11-12,31.5,-25.0,26.18338
2000-11-13,31.5,-25.0,25.222473
2000-11-14,31.5,-25.0,21.680786
2000-11-15,31.5,-25.0,21.712616
2000-11-16,31.5,-25.0,22.525085
2000-11-17,31.5,-25.0,22.605255
2000-11-18,31.5,-25.0,21.544464
2000-11-19,31.5,-25.0,19.220581
2000-11-20,31.5,-25.0,19.545135
2000-11-21,31.5,-25.0,20.41571
2000-11-22,31.5,-25.0,19.80954
2000-11-23,31.5,-25.0,21.126068
2000-11-24,31.5,-25.0,25.00058
2000-11-25,31.5,-25.0,20.596313
2000-11-26,31.5,-25.0,23.564178
2000-11-27,31.5,-25.0,23.45047
2000-11-28,31.5,-25.0,23.063934
2000-11-29,31.5,-25.0,23.6557
2000-11-30,31.5,-25.0,21.057953
2000-12-01,31.5,-25.0,21.126862
2000-12-02,31.5,-25.0,23.054352
2000-12-03,31.5,-25.0,24.85025
2000-12-04,31.5,-25.0,22.595978
2000-12-05,31.5,-25.0,24.126312
2000-12-06,31.5,-25.0,26.612152
2000-12-07,31.5,-25.0,26.976562
2000-12-08,31.5,-25.0,25.318604
2000-12-09,31.5,-25.0,22.150421
2000-12-10,31.5,-25.0,24.920807
2000-12-11,31.5,-25.0,24.9422
2000-12-12,31.5,-25.0,21.529846
2000-12-13,31.5,-25.0,20.583557
2000-12-14,31.5,-25.0,23.409332
2000-12-15,31.5,-25.0,22.124847
2000-12-16,31.5,-25.0,24.145935
2000-12-17,31.5,-25.0,26.882477
2000-12-18,31.5,-25.0,26.587341
2000-12-19,31.5,-25.0,27.152496
2000-12-20,31.5,-25.0,27.963959
2000-12-21,31.5,-25.0,23.6669
2000-12-22,31.5,-25.0,23.397614
2000-12-23,31.5,-25.0,24.679657
2000-12-24,31.5,-25.0,26.938934
2000-12-25,31.5,-25.0,24.61081
2000-12-26,31.5,-25.0,20.53247
2000-12-27,31.5,-25.0,22.073975
2000-12-28,31.5,-25.0,26.043274
2000-12-29,31.5,-25.0,26.065643
2000-12-30,31.5,-25.0,26.653778
2000-12-31,31.5,-25.0,26.431091
2001-01-01,31.5,-25.0,24.329376
2001-01-02,31.5,-25.0,20.298828
2001-01-03,31.5,-25.0,20.053864
2001-01-04,31.5,-25.0,20.46225
2001-01-05,31.5,-25.0,21.746948
2001-01-06,31.5,-25.0,22.755157
2001-01-07,31.5,-25.0,23.838684
2001-01-08,31.5,-25.0,24.70819
2001-01-09,31.5,-25.0,25.818176
2001-01-10,31.5,-25.0,29.11853
2001-01-11,31.5,-25.0,28.633606
2001-01-12,31.5,-25.0,26.034485
2001-01-13,31.5,-25.0,25.154144
2001-01-14,31.5,-25.0,26.613861
2001-01-15,31.5,-25.0,23.134888
2001-01-16,31.5,-25.0,22.413147
2001-01-17,31.5,-25.0,22.722076
2001-01-18,31.5,-25.0,23.548431
2001-01-19,31.5,-25.0,26.383423
2001-01-20,31.5,-25.0,26.58487
2001-01-21,31.5,-25.0,27.025208
2001-01-22,31.5,-25.0,24.363739
2001-01-23,31.5,-25.0,26.330658
2001-01-24,31.5,-25.0,26.060303
2001-01-25,31.5,-25.0,23.594696
2001-01-26,31.5,-25.0,24.989044
2001-01-27,31.5,-25.0,25.100983
2001-01-28,31.5,-25.0,25.821411
2001-01-29,31.5,-25.0,26.020752
2001-01-30,31.5,-25.0,27.067047
2001-01-31,31.5,-25.0,24.208557
2001-02-01,31.5,-25.0,24.841827
2001-02-02,31.5,-25.0,28.209442
2001-02-03,31.5,-25.0,29.319366
2001-02-04,31.5,-25.0,22.03894
2001-02-05,31.5,-25.0,21.310791
2001-02-06,31.5,-25.0,22.85138
2001-02-07,31.5,-25.0,24.253723
2001-02-08,31.5,-25.0,24.935944
2001-02-09,31.5,-25.0,23.844269
2001-02-10,31.5,-25.0,23.466675
2001-02-11,31.5,-25.0,23.138947
2001-02-12,31.5,-25.0,24.468506
2001-02-13,31.5,-25.0,26.099396
2001-02-14,31.5,-25.0,23.81845
2001-02-15,31.5,-25.0,21.614777
2001-02-16,31.5,-25.0,23.4346
2001-02-17,31.5,-25.0,25.782623
2001-02-18,31.5,-25.0,24.78534
2001-02-19,31.5,-25.0,23.134918
2001-02-20,31.5,-25.0,22.610626
2001-02-21,31.5,-25.0,22.779327
2001-02-22,31.5,-25.0,24.615967
2001-02-23,31.5,-25.0,26.015594
2001-02-24,31.5,-25.0,22.88678
2001-02-25,31.5,-25.0,23.457306
2001-02-26,31.5,-25.0,21.380188
2001-02-27,31.5,-25.0,22.426208
2001-02-28,31.5,-25.0,21.03717
2001-03-01,31.5,-25.0,21.524658
2001-03-02,31.5,-25.0,23.597473
2001-03-03,31.5,-25.0,24.483826
2001-03-04,31.5,-25.0,24.229034
2001-03-05,31.5,-25.0,24.398346
2001-03-06,31.5,-25.0,25.809814
2001-03-07,31.5,-25.0,25.708252
2001-03-08,31.5,-25.0,26.034882
2001-03-09,31.5,-25.0,25.956818
2001-03-10,31.5,-25.0,26.398926
2001-03-11,31.5,-25.0,26.203156
2001-03-12,31.5,-25.0,27.191925
2001-03-13,31.5,-25.0,20.217072
2001-03-14,31.5,-25.0,21.87033
2001-03-15,31.5,-25.0,23.12851
2001-03-16,31.5,-25.0,23.09079
2001-03-17,31.5,-25.0,23.480927
2001-03-18,31.5,-25.0,23.351227
2001-03-19,31.5,-25.0,19.507874
2001-03-20,31.5,-25.0,21.184784
2001-03-21,31.5,-25.0,21.957184
2001-03-22,31.5,-25.0,22.088104
2001-03-23,31.5,-25.0,23.063293
2001-03-24,31.5,-25.0,22.870056
2001-03-25,31.5,-25.0,23.235107
2001-03-26,31.5,-25.0,24.736725
2001-03-27,31.5,-25.0,24.12564
2001-03-28,31.5,-25.0,24.1315
2001-03-29,31.5,-25.0,24.124908
2001-03-30,31.5,-25.0,24.576813
2001-03-31,31.5,-25.0,25.450256
2001-04-01,31.5,-25.0,25.397217
2001-04-02,31.5,-25.0,26.608856
2001-04-03,31.5,-25.0,26.761078
2001-04-04,31.5,-25.0,20.928223
2001-04-05,31.5,-25.0,20.536285
2001-04-06,31.5,-25.0,19.851105
2001-04-07,31.5,-25.0,20.337952
2001-04-08,31.5,-25.0,20.526337
2001-04-09,31.5,-25.0,21.58612
2001-04-10,31.5,-25.0,22.11792
2001-04-11,31.5,-25.0,22.19217
2001-04-12,31.5,-25.0,21.788452
2001-04-13,31.5,-25.0,23.037048
2001-04-14,31.5,-25.0,21.816345
2001-04-15,31.5,-25.0,19.968872
2001-04-16,31.5,-25.0,21.929565
2001-04-17,31.5,-25.0,23.790802
2001-04-18,31.5,-25.0,22.100708
2001-04-19,31.5,-25.0,22.999176
2001-04-20,31.5,-25.0,23.046967
2001-04-21,31.5,-25.0,21.829193
2001-04-22,31.5,-25.0,23.196228
2001-04-23,31.5,-25.0,24.559265
2001-04-24,31.5,-25.0,24.270996
2001-04-25,31.5,-25.0,24.767883
2001-04-26,31.5,-25.0,22.6846
2001-04-27,31.5,-25.0,22.253296
2001-04-28,31.5,-25.0,23.615356
2001-04-29,31.5,-25.0,23.035309
2001-04-30,31.5,-25.0,22.799103
2001-05-01,31.5,-25.0,19.141144
2001-05-02,31.5,-25.0,18.179962
2001-05-03,31.5,-25.0,17.72821
2001-05-04,31.5,-25.0,19.29242
2001-05-05,31.5,-25.0,21.476227
2001-05-06,31.5,-25.0,17.402832
2001-05-07,31.5,-25.0,16.821442
2001-05-08,31.5,-25.0,18.166504
2001-05-09,31.5,-25.0,20.135925
2001-05-10,31.5,-25.0,20.506348
2001-05-11,31.5,-25.0,20.494019
2001-05-12,31.5,-25.0,20.534515
2001-05-13,31.5,-25.0,19.959259
2001-05-14,31.5,-25.0,19.182373
2001-05-15,31.5,-25.0,18.178864
2001-05-16,31.5,-25.0,18.614136
2001-05-17,31.5,-25.0,18.634491
2001-05-18,31.5,-25.0,18.193085
2001-05-19,31.5,-25.0,18.87912
2001-05-20,31.5,-25.0,19.515808
2001-05-21,31.5,-25.0,20.683563
2001-05-22,31.5,-25.0,20.81662
2001-05-23,31.5,-25.0,19.963318
2001-05-24,31.5,-25.0,20.111572
2001-05-25,31.5,-25.0,21.575623
2001-05-26,31.5,-25.0,22.708527
2001-05-27,31.5,-25.0,20.264832
2001-05-28,31.5,-25.0,19.222656
2001-05-29,31.5,-25.0,19.31543
2001-05-30,31.5,-25.0,20.06781
2001-05-31,31.5,-25.0,19.766632
2001-06-01,31.5,-25.0,20.18509
2001-06-02,31.5,-25.0,19.238708
2001-06-03,31.5,-25.0,19.945282
2001-06-04,31.5,-25.0,19.764557
2001-06-05,31.5,-25.0,18.388397
2001-06-06,31.5,-25.0,19.026855
2001-06-07,31.5,-25.0,18.478058
2001-06-08,31.5,-25.0,17.211212
2001-06-09,31.5,-25.0,16.715637
2001-06-10,31.5,-25.0,16.280396
2001-06-11,31.5,-25.0,16.609009
2001-06-12,31.5,-25.0,15.335999
2001-06-13,31.5,-25.0,16.97931
2001-06-14,31.5,-25.0,17.497559
2001-06-15,31.5,-25.0,17.694855
2001-06-16,31.5,-25.0,16.475739
2001-06-17,31.5,-25.0,16.937927
2001-06-18,31.5,-25.0,18.226624
2001-06-19,31.5,-25.0,16.975037
2001-06-20,31.5,-25.0,16.314545
2001-06-21,31.5,-25.0,15.191925
2001-06-22,31.5,-25.0,15.9496765
2001-06-23,31.5,-25.0,16.430817
2001-06-24,31.5,-25.0,17.70166
2001-06-25,31.5,-25.0,16.825195
2001-06-26,31.5,-25.0,17.01065
2001-06-27,31.5,-25.0,14.651398
2001-06-28,31.5,-25.0,15.630951
2001-06-29,31.5,-25.0,17.513275
2001-06-30,31.5,-25.0,19.10846
2001-07-01,31.5,-25.0,16.9086
2001-07-02,31.5,-25.0,17.65091
2001-07-03,31.5,-25.0,18.081635
2001-07-04,31.5,-25.0,19.301544
2001-07-05,31.5,-25.0,19.691772
2001-07-06,31.5,-25.0,17.374908
2001-07-07,31.5,-25.0,16.016968
2001-07-08,31.5,-25.0,16.516022
2001-07-09,31.5,-25.0,17.91397
2001-07-10,31.5,-25.0,19.901215
2001-07-11,31.5,-25.0,17.684662
2001-07-12,31.5,-25.0,16.84964
2001-07-13,31.5,-25.0,16.08783
2001-07-14,31.5,-25.0,15.242096
2001-07-15,31.5,-25.0,14.177948
2001-07-16,31.5,-25.0,16.48645
2001-07-17,31.5,-25.0,18.555267
2001-07-18,31.5,-25.0,22.253296
2001-07-19,31.5,-25.0,18.657288
2001-07-20,31.5,-25.0,15.006836
2001-07-21,31.5,-25.0,13.903748
2001-07-22,31.5,-25.0,15.26828
2001-07-23,31.5,-25.0,15.218201
2001-07-24,31.5,-25.0,13.0086975
2001-07-25,31.5,-25.0,14.414093
2001-07-26,31.5,-25.0,15.0017395
2001-07-27,31.5,-25.0,15.471466
2001-07-28,31.5,-25.0,15.534607
2001-07-29,31.5,-25.0,17.67572
2001-07-30,31.5,-25.0,17.700928
2001-07-31,31.5,-25.0,17.122986
2001-08-01,31.5,-25.0,15.765503
2001-08-02,31.5,-25.0,15.591522
2001-08-03,31.5,-25.0,15.17981
2001-08-04,31.5,-25.0,17.104156
2001-08-05,31.5,-25.0,18.308594
2001-08-06,31.5,-25.0,18.244781
2001-08-07,31.5,-25.0,17.882172
2001-08-08,31.5,-25.0,17.089935
2001-08-09,31.5,-25.0,17.849243
2001-08-10,31.5,-25.0,19.958313
2001-08-11,31.5,-25.0,18.824188
2001-08-12,31.5,-25.0,17.345917
2001-08-13,31.5,-25.0,18.415466
2001-08-14,31.5,-25.0,22.303528
2001-08-15,31.5,-25.0,19.080505
2001-08-16,31.5,-25.0,19.238434
2001-08-17,31.5,-25.0,20.512085
2001-08-18,31.5,-25.0,23.37082
2001-08-19,31.5,-25.0,20.307709
2001-08-20,31.5,-25.0,23.35321
2001-08-21,31.5,-25.0,22.780975
2001-08-22,31.5,-25.0,22.517975
2001-08-23,31.5,-25.0,20.826447
2001-08-24,31.5,-25.0,24.498138
2001-08-25,31.5,-25.0,19.25821
2001-08-26,31.5,-25.0,20.254913
2001-08-27,31.5,-25.0,19.978271
2001-08-28,31.5,-25.0,20.942291
2001-08-29,31.5,-25.0,22.855865
2001-08-30,31.5,-25.0,23.348541
2001-08-31,31.5,-25.0,23.203918
2001-09-01,31.5,-25.0,19.542023
2001-09-02,31.5,-25.0,19.619965
2001-09-03,31.5,-25.0,23.097382
2001-09-04,31.5,-25.0,26.12088
2001-09-05,31.5,-25.0,22.61731
2001-09-06,31.5,-25.0,22.864136
2001-09-07,31.5,-25.0,19.437927
2001-09-08,31.5,-25.0,20.660309
2001-09-09,31.5,-25.0,23.801392
2001-09-10,31.5,-25.0,27.96637
2001-09-11,31.5,-25.0,28.277649
2001-09-12,31.5,-25.0,17.191742
2001-09-13,31.5,-25.0,14.090942
2001-09-14,31.5,-25.0,14.429749
2001-09-15,31.5,-25.0,14.854523
2001-09-16,31.5,-25.0,18.363739
2001-09-17,31.5,-25.0,21.54132
2001-09-18,31.5,-25.0,21.666168
2001-09-19,31.5,-25.0,20.487091
2001-09-20,31.5,-25.0,20.763397
2001-09-21,31.5,-25.0,20.596893
2001-09-22,31.5,-25.0,20.790924
2001-09-23,31.5,-25.0,23.290741
2001-09-24,31.5,-25.0,28.4021
2001-09-25,31.5,-25.0,23.231476
2001-09-26,31.5,-25.0,21.980743
2001-09-27,31.5,-25.0,21.39856
2001-09-28,31.5,-25.0,19.488708
2001-09-29,31.5,-25.0,20.000214
2001-09-30,31.5,-25.0,19.792633
2001-10-01,31.5,-25.0,22.806915
2001-10-02,31.5,-25.0,21.503265
2001-10-03,31.5,-25.0,21.013428
2001-10-04,31.5,-25.0,22.927032
2001-10-05,31.5,-25.0,26.77887
2001-10-06,31.5,-25.0,24.452332
2001-10-07,31.5,-25.0,22.447937
2001-10-08,31.5,-25.0,19.062073
2001-10-09,31.5,-25.0,20.385284
2001-10-10,31.5,-25.0,22.478119
2001-10-11,31.5,-25.0,23.157593
2001-10-12,31.5,-25.0,25.223022
2001-10-13,31.5,-25.0,21.840057
2001-10-14,31.5,-25.0,20.057312
2001-10-15,31.5,-25.0,25.545807
2001-10-16,31.5,-25.0,26.23169
2001-10-17,31.5,-25.0,27.0419
2001-10-18,31.5,-25.0,26.012299
2001-10-19,31.5,-25.0,20.669312
2001-10-20,31.5,-25.0,20.69165
2001-10-21,31.5,-25.0,20.838898
2001-10-22,31.5,-25.0,24.409515
2001-10-23,31.5,-25.0,23.786926
2001-10-24,31.5,-25.0,24.744873
2001-10-25,31.5,-25.0,21.96405
2001-10-26,31.5,-25.0,21.330536
2001-10-27,31.5,-25.0,22.086365
2001-10-28,31.5,-25.0,20.87439
2001-10-29,31.5,-25.0,22.78711
2001-10-30,31.5,-25.0,25.243927
2001-10-31,31.5,-25.0,24.407043
2001-11-01,31.5,-25.0,21.857025
2001-11-02,31.5,-25.0,22.83725
2001-11-03,31.5,-25.0,24.456451
2001-11-04,31.5,-25.0,27.200165
2001-11-05,31.5,-25.0,23.068054
2001-11-06,31.5,-25.0,26.575562
2001-11-07,31.5,-25.0,24.739075
2001-11-08,31.5,-25.0,18.274994
2001-11-09,31.5,-25.0,17.31607
2001-11-10,31.5,-25.0,20.27356
2001-11-11,31.5,-25.0,24.375
2001-11-12,31.5,-25.0,22.379456
2001-11-13,31.5,-25.0,23.19635
2001-11-14,31.5,-25.0,24.202454
2001-11-15,31.5,-25.0,24.691711
2001-11-16,31.5,-25.0,20.300354
2001-11-17,31.5,-25.0,21.289795
2001-11-18,31.5,-25.0,22.657837
2001-11-19,31.5,-25.0,25.318237
2001-11-20,31.5,-25.0,26.392303
2001-11-21,31.5,-25.0,25.959564
2001-11-22,31.5,-25.0,22.762207
2001-11-23,31.5,-25.0,25.139832
2001-11-24,31.5,-25.0,27.322876
2001-11-25,31.5,-25.0,24.786774
2001-11-26,31.5,-25.0,26.407318
2001-11-27,31.5,-25.0,19.97705
2001-11-28,31.5,-25.0,18.703857
2001-11-29,31.5,-25.0,22.21576
2001-11-30,31.5,-25.0,25.802612
2001-12-01,31.5,-25.0,23.76654
2001-12-02,31.5,-25.0,25.256592
2001-12-03,31.5,-25.0,22.751648
2001-12-04,31.5,-25.0,21.625153
2001-12-05,31.5,-25.0,24.72702
2001-12-06,31.5,-25.0,24.676575
2001-12-07,31.5,-25.0,24.06424
2001-12-08,31.5,-25.0,25.208221
2001-12-09,31.5,-25.0,27.02597
2001-12-10,31.5,-25.0,28.176056
2001-12-11,31.5,-25.0,23.721588
2001-12-12,31.5,-25.0,19.558624
2001-12-13,31.5,-25.0,21.49588
2001-12-14,31.5,-25.0,25.443848
2001-12-15,31.5,-25.0,23.959686
2001-12-16,31.5,-25.0,26.556305
2001-12-17,31.5,-25.0,23.93515
2001-12-18,31.5,-25.0,24.952362
2001-12-19,31.5,-25.0,27.39383
2001-12-20,31.5,-25.0,23.149902
2001-12-21,31.5,-25.0,23.588531
2001-12-22,31.5,-25.0,25.30487
2001-12-23,31.5,-25.0,25.316345
2001-12-24,31.5,-25.0,26.139069
2001-12-25,31.5,-25.0,27.021332
2001-12-26,31.5,-25.0,21.890228
2001-12-27,31.5,-25.0,22.567657
2001-12-28,31.5,-25.0,22.630402
2001-12-29,31.5,-25.0,22.438751
2001-12-30,31.5,-25.0,23.074554
2001-12-31,31.5,-25.0,24.670532
2002-01-01,31.5,-25.0,24.937347
2002-01-02,31.5,-25.0,25.902618
2002-01-03,31.5,-25.0,23.652313
2002-01-04,31.5,-25.0,24.488892
2002-01-05,31.5,-25.0,24.169067
2002-01-06,31.5,-25.0,25.630096
2002-01-07,31.5,-25.0,28.813751
2002-01-08,31.5,-25.0,22.579773
2002-01-09,31.5,-25.0,25.148193
2002-01-10,31.5,-25.0,26.84732
2002-01-11,31.5,-25.0,27.106354
2002-01-12,31.5,-25.0,29.714233
2002-01-13,31.5,-25.0,23.648102
2002-01-14,31.5,-25.0,24.242157
2002-01-15,31.5,-25.0,26.138306
2002-01-16,31.5,-25.0,28.724945
2002-01-17,31.5,-25.0,30.33664
2002-01-18,31.5,-25.0,30.09076
2002-01-19,31.5,-25.0,24.462372
2002-01-20,31.5,-25.0,26.324524
2002-01-21,31.5,-25.0,28.716217
2002-01-22,31.5,-25.0,27.786804
2002-01-23,31.5,-25.0,28.66809
2002-01-24,31.5,-25.0,25.452484
2002-01-25,31.5,-25.0,24.389832
2002-01-26,31.5,-25.0,23.534485
2002-01-27,31.5,-25.0,24.279663
2002-01-28,31.5,-25.0,27.154938
2002-01-29,31.5,-25.0,28.375702
2002-01-30,31.5,-25.0,27.897003
2002-01-31,31.5,-25.0,24.97229
2002-02-01,31.5,-25.0,23.778625
2002-02-02,31.5,-25.0,25.576538
2002-02-03,31.5,-25.0,25.930084
2002-02-04,31.5,-25.0,26.512085
2002-02-05,31.5,-25.0,26.54544
2002-02-06,31.5,-25.0,28.626709
2002-02-07,31.5,-25.0,21.503845
2002-02-08,31.5,-25.0,20.746094
2002-02-09,31.5,-25.0,21.945343
2002-02-10,31.5,-25.0,24.11972
2002-02-11,31.5,-25.0,28.498322
2002-02-12,31.5,-25.0,26.800262
2002-02-13,31.5,-25.0,26.244385
2002-02-14,31.5,-25.0,27.728943
2002-02-15,31.5,-25.0,29.04715
2002-02-16,31.5,-25.0,25.553253
2002-02-17,31.5,-25.0,22.499634
2002-02-18,31.5,-25.0,22.446808
2002-02-19,31.5,-25.0,23.268341
2002-02-20,31.5,-25.0,23.963715
2002-02-21,31.5,-25.0,24.598846
2002-02-22,31.5,-25.0,26.212097
2002-02-23,31.5,-25.0,26.012543
2002-02-24,31.5,-25.0,26.266083
2002-02-25,31.5,-25.0,26.968384
2002-02-26,31.5,-25.0,24.220795
2002-02-27,31.5,-25.0,25.059998
2002-02-28,31.5,-25.0,26.223999
2002-03-01,31.5,-25.0,26.785706
2002-03-02,31.5,-25.0,26.95227
2002-03-03,31.5,-25.0,27.160217
2002-03-04,31.5,-25.0,24.933838
2002-03-05,31.5,-25.0,25.4198
2002-03-06,31.5,-25.0,26.406677
2002-03-07,31.5,-25.0,26.040771
2002-03-08,31.5,-25.0,22.970795
2002-03-09,31.5,-25.0,22.718018
2002-03-10,31.5,-25.0,23.487274
2002-03-11,31.5,-25.0,24.623444
2002-03-12,31.5,-25.0,24.014374
2002-03-13,31.5,-25.0,24.766754
2002-03-14,31.5,-25.0,25.306213
2002-03-15,31.5,-25.0,25.739563
2002-03-16,31.5,-25.0,24.964966
2002-03-17,31.5,-25.0,25.172577
2002-03-18,31.5,-25.0,25.075073
2002-03-19,31.5,-25.0,27.240875
2002-03-20,31.5,-25.0,27.174744
2002-03-21,31.5,-25.0,27.027863
2002-03-22,31.5,-25.0,28.598022
2002-03-23,31.5,-25.0,25.48053
2002-03-24,31.5,-25.0,24.469177
2002-03-25,31.5,-25.0,23.906342
2002-03-26,31.5,-25.0,23.488281
2002-03-27,31.5,-25.0,26.324127
2002-03-28,31.5,-25.0,28.123291
2002-03-29,31.5,-25.0,22.352448
2002-03-30,31.5,-25.0,23.552917
2002-03-31,31.5,-25.0,23.96933
2002-04-01,31.5,-25.0,22.973145
2002-04-02,31.5,-25.0,23.605988
2002-04-03,31.5,-25.0,24.295013
2002-04-04,31.5,-25.0,23.758148
2002-04-05,31.5,-25.0,25.541046
2002-04-06,31.5,-25.0,26.292236
2002-04-07,31.5,-25.0,21.363281
2002-04-08,31.5,-25.0,24.303223
2002-04-09,31.5,-25.0,27.219025
2002-04-10,31.5,-25.0,27.078064
2002-04-11,31.5,-25.0,24.250793
2002-04-12,31.5,-25.0,24.791077
2002-04-13,31.5,-25.0,22.960999
2002-04-14,31.5,-25.0,22.716675
2002-04-15,31.5,-25.0,22.309998
2002-04-16,31.5,-25.0,21.85083
2002-04-17,31.5,-25.0,22.330078
2002-04-18,31.5,-25.0,23.835083
2002-04-19,31.5,-25.0,20.811768
2002-04-20,31.5,-25.0,21.398193
2002-04-21,31.5,-25.0,21.698517
2002-04-22,31.5,-25.0,21.825714
2002-04-23,31.5,-25.0,21.482391
2002-04-24,31.5,-25.0,22.206726
2002-04-25,31.5,-25.0,22.573944
2002-04-26,31.5,-25.0,22.943207
2002-04-27,31.5,-25.0,23.019379
2002-04-28,31.5,-25.0,24.096375
2002-04-29,31.5,-25.0,24.40274
2002-04-30,31.5,-25.0,22.251007
2002-05-01,31.5,-25.0,22.04889
2002-05-02,31.5,-25.0,23.698517
2002-05-03,31.5,-25.0,24.639862
2002-05-04,31.5,-25.0,22.166443
2002-05-05,31.5,-25.0,22.766205
2002-05-06,31.5,-25.0,23.436523
2002-05-07,31.5,-25.0,18.660583
2002-05-08,31.5,-25.0,15.501373
2002-05-09,31.5,-25.0,17.10254
2002-05-10,31.5,-25.0,17.196075
2002-05-11,31.5,-25.0,18.181519
2002-05-12,31.5,-25.0,18.885468
2002-05-13,31.5,-25.0,19.002106
2002-05-14,31.5,-25.0,21.458588
2002-05-15,31.5,-25.0,20.191559
2002-05-16,31.5,-25.0,20.226654
2002-05-17,31.5,-25.0,19.992523
2002-05-18,31.5,-25.0,18.889618
2002-05-19,31.5,-25.0,18.150177
2002-05-20,31.5,-25.0,18.782806
2002-05-21,31.5,-25.0,19.601166
2002-05-22,31.5,-25.0,22.510498
2002-05-23,31.5,-25.0,23.699951
2002-05-24,31.5,-25.0,20.776123
2002-05-25,31.5,-25.0,20.778564
2002-05-26,31.5,-25.0,22.186798
2002-05-27,31.5,-25.0,18.5784
2002-05-28,31.5,-25.0,19.962738
2002-05-29,31.5,-25.0,21.482513
2002-05-30,31.5,-25.0,21.52359
2002-05-31,31.5,-25.0,18.672638
2002-06-01,31.5,-25.0,16.648285
2002-06-02,31.5,-25.0,15.30423
2002-06-03,31.5,-25.0,15.177643
2002-06-04,31.5,-25.0,15.009491
2002-06-05,31.5,-25.0,17.159851
2002-06-06,31.5,-25.0,17.588623
2002-06-07,31.5,-25.0,17.824982
2002-06-08,31.5,-25.0,18.654755
2002-06-09,31.5,-25.0,19.097565
2002-06-10,31.5,-25.0,18.060486
2002-06-11,31.5,-25.0,17.377838
2002-06-12,31.5,-25.0,17.505676
2002-06-13,31.5,-25.0,19.772614
2002-06-14,31.5,-25.0,19.088715
2002-06-15,31.5,-25.0,15.931122
2002-06-16,31.5,-25.0,16.552002
2002-06-17,31.5,-25.0,17.60025
2002-06-18,31.5,-25.0,19.37555
2002-06-19,31.5,-25.0,18.955322
2002-06-20,31.5,-25.0,17.088531
2002-06-21,31.5,-25.0,16.27362
2002-06-22,31.5,-25.0,14.765137
2002-06-23,31.5,-25.0,16.744629
2002-06-24,31.5,-25.0,18.086914
2002-06-25,31.5,-25.0,16.915955
2002-06-26,31.5,-25.0,17.000397
2002-06-27,31.5,-25.0,17.623413
2002-06-28,31.5,-25.0,18.034912
2002-06-29,31.5,-25.0,17.09729
2002-06-30,31.5,-25.0,17.199371
2002-07-01,31.5,-25.0,15.436279
2002-07-02,31.5,-25.0,15.247742
2002-07-03,31.5,-25.0,14.851379
2002-07-04,31.5,-25.0,15.162903
2002-07-05,31.5,-25.0,15.9687195
2002-07-06,31.5,-25.0,15.792053
2002-07-07,31.5,-25.0,16.329895
2002-07-08,31.5,-25.0,16.625458
2002-07-09,31.5,-25.0,19.449768
2002-07-10,31.5,-25.0,16.900879
2002-07-11,31.5,-25.0,14.340057
2002-07-12,31.5,-25.0,15.393951
2002-07-13,31.5,-25.0,15.902649
2002-07-14,31.5,-25.0,17.619812
2002-07-15,31.5,-25.0,19.715363
2002-07-16,31.5,-25.0,18.196655
2002-07-17,31.5,-25.0,16.893066
2002-07-18,31.5,-25.0,14.833313
2002-07-19,31.5,-25.0,15.611053
2002-07-20,31.5,-25.0,15.546722
2002-07-21,31.5,-25.0,15.615082
2002-07-22,31.5,-25.0,16.779633
2002-07-23,31.5,-25.0,19.31131
2002-07-24,31.5,-25.0,20.809174
2002-07-25,31.5,-25.0,18.166718
2002-07-26,31.5,-25.0,17.490051
2002-07-27,31.5,-25.0,21.064087
2002-07-28,31.5,-25.0,22.371674
2002-07-29,31.5,-25.0,24.110138
2002-07-30,31.5,-25.0,22.241577
2002-07-31,31.5,-25.0,16.487549
2002-08-01,31.5,-25.0,16.76236
2002-08-02,31.5,-25.0,18.226318
2002-08-03,31.5,-25.0,18.61795
2002-08-04,31.5,-25.0,17.172394
2002-08-05,31.5,-25.0,16.956543
2002-08-06,31.5,-25.0,20.194305
2002-08-07,31.5,-25.0,19.1622
2002-08-08,31.5,-25.0,18.822113
2002-08-09,31.5,-25.0,17.94101
2002-08-10,31.5,-25.0,17.66748
2002-08-11,31.5,-25.0,18.923065
2002-08-12,31.5,-25.0,20.857452
2002-08-13,31.5,-25.0,22.702576
2002-08-14,31.5,-25.0,21.118103
2002-08-15,31.5,-25.0,20.356415
2002-08-16,31.5,-25.0,22.849762
2002-08-17,31.5,-25.0,17.974457
2002-08-18,31.5,-25.0,17.884857
2002-08-19,31.5,-25.0,20.12976
2002-08-20,31.5,-25.0,19.190308
2002-08-21,31.5,-25.0,20.48941
2002-08-22,31.5,-25.0,21.421692
2002-08-23,31.5,-25.0,20.932953
2002-08-24,31.5,-25.0,22.977081
2002-08-25,31.5,-25.0,21.330719
2002-08-26,31.5,-25.0,21.89737
2002-08-27,31.5,-25.0,23.351166
2002-08-28,31.5,-25.0,23.31192
2002-08-29,31.5,-25.0,23.498505
2002-08-30,31.5,-25.0,23.455261
2002-08-31,31.5,-25.0,19.465881
2002-09-01,31.5,-25.0,21.229095
2002-09-02,31.5,-25.0,20.635925
2002-09-03,31.5,-25.0,23.968262
2002-09-04,31.5,-25.0,24.64569
2002-09-05,31.5,-25.0,19.9086
2002-09-06,31.5,-25.0,18.287354
2002-09-07,31.5,-25.0,17.236298
2002-09-08,31.5,-25.0,20.332031
2002-09-09,31.5,-25.0,23.03543
2002-09-10,31.5,-25.0,22.052948
2002-09-11,31.5,-25.0,18.660278
2002-09-12,31.5,-25.0,19.510742
2002-09-13,31.5,-25.0,18.821533
2002-09-14,31.5,-25.0,17.796661
2002-09-15,31.5,-25.0,18.872528
2002-09-16,31.5,-25.0,20.118744
2002-09-17,31.5,-25.0,20.269043
2002-09-18,31.5,-25.0,20.01477
2002-09-19,31.5,-25.0,20.95523
2002-09-20,31.5,-25.0,21.753723
2002-09-21,31.5,-25.0,21.55542
2002-09-22,31.5,-25.0,21.69806
2002-09-23,31.5,-25.0,24.412506
2002-09-24,31.5,-25.0,28.679382
2002-09-25,31.5,-25.0,25.789917
2002-09-26,31.5,-25.0,25.905548
2002-09-27,31.5,-25.0,22.816223
2002-09-28,31.5,-25.0,24.92508
2002-09-29,31.5,-25.0,22.431458
2002-09-30,31.5,-25.0,20.88562
2002-10-01,31.5,-25.0,25.648865
2002-10-02,31.5,-25.0,19.804993
2002-10-03,31.5,-25.0,25.193237
2002-10-04,31.5,-25.0,19.492249
2002-10-05,31.5,-25.0,21.901642
2002-10-06,31.5,-25.0,25.15561
2002-10-07,31.5,-25.0,19.329498
2002-10-08,31.5,-25.0,18.091736
2002-10-09,31.5,-25.0,18.681458
2002-10-10,31.5,-25.0,20.4859
2002-10-11,31.5,-25.0,22.74231
2002-10-12,31.5,-25.0,21.382874
2002-10-13,31.5,-25.0,21.893707
2002-10-14,31.5,-25.0,24.780945
2002-10-15,31.5,-25.0,24.57022
2002-10-16,31.5,-25.0,26.982788
2002-10-17,31.5,-25.0,29.04123
2002-10-18,31.5,-25.0,29.853638
2002-10-19,31.5,-25.0,24.303223
2002-10-20,31.5,-25.0,19.472565
2002-10-21,31.5,-25.0,24.474152
2002-10-22,31.5,-25.0,26.613678
2002-10-23,31.5,-25.0,28.378204
2002-10-24,31.5,-25.0,27.266022
2002-10-25,31.5,-25.0,22.238892
2002-10-26,31.5,-25.0,25.049286
2002-10-27,31.5,-25.0,28.54544
2002-10-28,31.5,-25.0,29.706879
2002-10-29,31.5,-25.0,25.268433
2002-10-30,31.5,-25.0,15.918335
2002-10-31,31.5,-25.0,16.690002
2002-11-01,31.5,-25.0,21.587128
2002-11-02,31.5,-25.0,24.014008
2002-11-03,31.5,-25.0,27.163177
2002-11-04,31.5,-25.0,29.88852
2002-11-05,31.5,-25.0,17.717224
2002-11-06,31.5,-25.0,14.483551
2002-11-07,31.5,-25.0,18.646973
2002-11-08,31.5,-25.0,22.947968
2002-11-09,31.5,-25.0,27.200165
2002-11-10,31.5,-25.0,20.206055
2002-11-11,31.5,-25.0,20.46112
2002-11-12,31.5,-25.0,22.258148
2002-11-13,31.5,-25.0,26.113556
2002-11-14,31.5,-25.0,21.00357
2002-11-15,31.5,-25.0,21.845612
2002-11-16,31.5,-25.0,26.408447
2002-11-17,31.5,-25.0,24.004578
2002-11-18,31.5,-25.0,24.370026
2002-11-19,31.5,-25.0,26.82962
2002-11-20,31.5,-25.0,28.298431
2002-11-21,31.5,-25.0,23.52066
2002-11-22,31.5,-25.0,25.603638
2002-11-23,31.5,-25.0,26.996277
2002-11-24,31.5,-25.0,18.33133
2002-11-25,31.5,-25.0,19.037567
2002-11-26,31.5,-25.0,20.12555
2002-11-27,31.5,-25.0,21.720795
2002-11-28,31.5,-25.0,26.387085
2002-11-29,31.5,-25.0,24.927277
2002-11-30,31.5,-25.0,21.090424
2002-12-01,31.5,-25.0,25.149109
2002-12-02,31.5,-25.0,27.686035
2002-12-03,31.5,-25.0,25.826294
2002-12-04,31.5,-25.0,22.355774
2002-12-05,31.5,-25.0,24.106537
2002-12-06,31.5,-25.0,23.344818
2002-12-07,31.5,-25.0,22.50293
2002-12-08,31.5,-25.0,24.955994
2002-12-09,31.5,-25.0,24.848145
2002-12-10,31.5,-25.0,23.963776
2002-12-11,31.5,-25.0,24.158936
2002-12-12,31.5,-25.0,26.20929
2002-12-13,31.5,-25.0,28.154724
2002-12-14,31.5,-25.0,27.175842
2002-12-15,31.5,-25.0,29.565613
2002-12-16,31.5,-25.0,26.629639
2002-12-17,31.5,-25.0,26.316742
2002-12-18,31.5,-25.0,22.545807
2002-12-19,31.5,-25.0,22.369019
2002-12-20,31.5,-25.0,23.261383
2002-12-21,31.5,-25.0,24.712433
2002-12-22,31.5,-25.0,25.677582
2002-12-23,31.5,-25.0,27.81128
2002-12-24,31.5,-25.0,26.590576
2002-12-25,31.5,-25.0,27.304718
2002-12-26,31.5,-25.0,24.24942
2002-12-27,31.5,-25.0,23.085754
2002-12-28,31.5,-25.0,26.37857
2002-12-29,31.5,-25.0,25.098206
2002-12-30,31.5,-25.0,25.09726
2002-12-31,31.5,-25.0,24.927246
2003-01-01,31.5,-25.0,24.477264
2003-01-02,31.5,-25.0,25.267212
2003-01-03,31.5,-25.0,26.671417
2003-01-04,31.5,-25.0,27.264618
2003-01-05,31.5,-25.0,24.679596
2003-01-06,31.5,-25.0,26.611145
2003-01-07,31.5,-25.0,29.479218
2003-01-08,31.5,-25.0,29.124908
2003-01-09,31.5,-25.0,22.807373
2003-01-10,31.5,-25.0,19.204956
2003-01-11,31.5,-25.0,21.576263
2003-01-12,31.5,-25.0,23.580994
2003-01-13,31.5,-25.0,27.346283
2003-01-14,31.5,-25.0,28.300842
2003-01-15,31.5,-25.0,26.473785
2003-01-16,31.5,-25.0,31.118286
2003-01-17,31.5,-25.0,25.711304
2003-01-18,31.5,-25.0,28.595642
2003-01-19,31.5,-25.0,30.598541
2003-01-20,31.5,-25.0,31.496246
2003-01-21,31.5,-25.0,26.97995
2003-01-22,31.5,-25.0,29.016052
2003-01-23,31.5,-25.0,29.86264
2003-01-24,31.5,-25.0,24.716095
2003-01-25,31.5,-25.0,27.768127
2003-01-26,31.5,-25.0,28.644165
2003-01-27,31.5,-25.0,24.717316
2003-01-28,31.5,-25.0,26.30008
2003-01-29,31.5,-25.0,26.88327
2003-01-30,31.5,-25.0,29.951538
2003-01-31,31.5,-25.0,27.453583
2003-02-01,31.5,-25.0,29.275238
2003-02-02,31.5,-25.0,31.104431
2003-02-03,31.5,-25.0,29.70816
2003-02-04,31.5,-25.0,30.08844
2003-02-05,31.5,-25.0,31.183685
2003-02-06,31.5,-25.0,27.277435
2003-02-07,31.5,-25.0,27.368896
2003-02-08,31.5,-25.0,28.90561
2003-02-09,31.5,-25.0,25.756561
2003-02-10,31.5,-25.0,23.578796
2003-02-11,31.5,-25.0,24.27353
2003-02-12,31.5,-25.0,26.67453
2003-02-13,31.5,-25.0,28.183655
2003-02-14,31.5,-25.0,28.810211
2003-02-15,31.5,-25.0,29.565094
2003-02-16,31.5,-25.0,28.208069
2003-02-17,31.5,-25.0,28.537079
2003-02-18,31.5,-25.0,26.666595
2003-02-19,31.5,-25.0,28.25296
2003-02-20,31.5,-25.0,27.799286
2003-02-21,31.5,-25.0,23.266693
2003-02-22,31.5,-25.0,24.522583
2003-02-23,31.5,-25.0,25.937653
2003-02-24,31.5,-25.0,26.569519
2003-02-25,31.5,-25.0,25.596924
2003-02-26,31.5,-25.0,24.232971
2003-02-27,31.5,-25.0,23.517365
2003-02-28,31.5,-25.0,24.625092
2003-03-01,31.5,-25.0,26.227264
2003-03-02,31.5,-25.0,26.037659
2003-03-03,31.5,-25.0,26.450867
2003-03-04,31.5,-25.0,25.931763
2003-03-05,31.5,-25.0,24.113708
2003-03-06,31.5,-25.0,25.465729
2003-03-07,31.5,-25.0,24.506348
2003-03-08,31.5,-25.0,23.978699
2003-03-09,31.5,-25.0,25.032349
2003-03-10,31.5,-25.0,24.175385
2003-03-11,31.5,-25.0,23.477142
2003-03-12,31.5,-25.0,23.865875
2003-03-13,31.5,-25.0,25.882782
2003-03-14,31.5,-25.0,25.533905
2003-03-15,31.5,-25.0,28.79245
2003-03-16,31.5,-25.0,28.26056
2003-03-17,31.5,-25.0,27.819885
2003-03-18,31.5,-25.0,28.033173
2003-03-19,31.5,-25.0,27.962677
2003-03-20,31.5,-25.0,25.041504
2003-03-21,31.5,-25.0,26.581635
2003-03-22,31.5,-25.0,28.683105
2003-03-23,31.5,-25.0,31.40628
2003-03-24,31.5,-25.0,27.672394
2003-03-25,31.5,-25.0,24.077576
2003-03-26,31.5,-25.0,23.519531
2003-03-27,31.5,-25.0,23.4039
2003-03-28,31.5,-25.0,23.678589
2003-03-29,31.5,-25.0,23.462982
2003-03-30,31.5,-25.0,23.659729
2003-03-31,31.5,-25.0,25.130157
2003-04-01,31.5,-25.0,25.383362
2003-04-02,31.5,-25.0,26.010925
2003-04-03,31.5,-25.0,27.712036
2003-04-04,31.5,-25.0,25.909088
2003-04-05,31.5,-25.0,24.51532
2003-04-06,31.5,-25.0,23.894073
2003-04-07,31.5,-25.0,23.266907
2003-04-08,31.5,-25.0,23.925323
2003-04-09,31.5,-25.0,25.583405
2003-04-10,31.5,-25.0,23.546082
2003-04-11,31.5,-25.0,22.846436
2003-04-12,31.5,-25.0,26.180603
2003-04-13,31.5,-25.0,24.364532
2003-04-14,31.5,-25.0,23.877747
2003-04-15,31.5,-25.0,23.25241
2003-04-16,31.5,-25.0,23.268127
2003-04-17,31.5,-25.0,22.823303
2003-04-18,31.5,-25.0,23.333221
2003-04-19,31.5,-25.0,22.556091
2003-04-20,31.5,-25.0,22.172302
2003-04-21,31.5,-25.0,22.128876
2003-04-22,31.5,-25.0,22.690521
2003-04-23,31.5,-25.0,24.572906
2003-04-24,31.5,-25.0,25.29013
2003-04-25,31.5,-25.0,25.164948
2003-04-26,31.5,-25.0,23.701874
2003-04-27,31.5,-25.0,23.005096
2003-04-28,31.5,-25.0,21.531403
2003-04-29,31.5,-25.0,21.414429
2003-04-30,31.5,-25.0,24.027771
2003-05-01,31.5,-25.0,23.770905
2003-05-02,31.5,-25.0,21.599548
2003-05-03,31.5,-25.0,22.23584
2003-05-04,31.5,-25.0,24.886902
2003-05-05,31.5,-25.0,19.350739
2003-05-06,31.5,-25.0,18.765106
2003-05-07,31.5,-25.0,20.654999
2003-05-08,31.5,-25.0,20.564728
2003-05-09,31.5,-25.0,21.799469
2003-05-10,31.5,-25.0,22.137695
2003-05-11,31.5,-25.0,21.990692
2003-05-12,31.5,-25.0,21.140778
2003-05-13,31.5,-25.0,21.380402
2003-05-14,31.5,-25.0,20.108795
2003-05-15,31.5,-25.0,18.573822
2003-05-16,31.5,-25.0,18.984253
2003-05-17,31.5,-25.0,18.976593
2003-05-18,31.5,-25.0,19.315552
2003-05-19,31.5,-25.0,19.14029
2003-05-20,31.5,-25.0,19.180573
2003-05-21,31.5,-25.0,19.923492
2003-05-22,31.5,-25.0,20.03659
2003-05-23,31.5,-25.0,20.268982
2003-05-24,31.5,-25.0,21.395966
2003-05-25,31.5,-25.0,22.491455
2003-05-26,31.5,-25.0,23.272186
2003-05-27,31.5,-25.0,19.11148
2003-05-28,31.5,-25.0,16.730408
2003-05-29,31.5,-25.0,18.10904
2003-05-30,31.5,-25.0,18.609894
2003-05-31,31.5,-25.0,18.800629
2003-06-01,31.5,-25.0,18.660736
2003-06-02,31.5,-25.0,20.079895
2003-06-03,31.5,-25.0,21.303406
2003-06-04,31.5,-25.0,19.463287
2003-06-05,31.5,-25.0,18.143433
2003-06-06,31.5,-25.0,17.085571
2003-06-07,31.5,-25.0,18.94168
2003-06-08,31.5,-25.0,18.421844
2003-06-09,31.5,-25.0,17.724304
2003-06-10,31.5,-25.0,15.329102
2003-06-11,31.5,-25.0,14.407745
2003-06-12,31.5,-25.0,16.571625
2003-06-13,31.5,-25.0,18.301178
2003-06-14,31.5,-25.0,18.069855
2003-06-15,31.5,-25.0,18.65033
2003-06-16,31.5,-25.0,17.738586
2003-06-17,31.5,-25.0,19.129242
2003-06-18,31.5,-25.0,18.868835
2003-06-19,31.5,-25.0,17.881714
2003-06-20,31.5,-25.0,16.869507
2003-06-21,31.5,-25.0,17.207397
2003-06-22,31.5,-25.0,18.489868
2003-06-23,31.5,-25.0,18.268005
2003-06-24,31.5,-25.0,17.517914
2003-06-25,31.5,-25.0,17.184235
2003-06-26,31.5,-25.0,16.768494
2003-06-27,31.5,-25.0,16.16986
2003-06-28,31.5,-25.0,16.655212
2003-06-29,31.5,-25.0,17.026337
2003-06-30,31.5,-25.0,16.00882
2003-07-01,31.5,-25.0,17.472809
2003-07-02,31.5,-25.0,18.016815
2003-07-03,31.5,-25.0,15.932617
2003-07-04,31.5,-25.0,16.189789
2003-07-05,31.5,-25.0,15.083496
2003-07-06,31.5,-25.0,13.637085
2003-07-07,31.5,-25.0,13.252075
2003-07-08,31.5,-25.0,13.110138
2003-07-09,31.5,-25.0,14.140198
2003-07-10,31.5,-25.0,16.377197
2003-07-11,31.5,-25.0,17.165741
2003-07-12,31.5,-25.0,16.434631
2003-07-13,31.5,-25.0,16.490631
2003-07-14,31.5,-25.0,15.191132
2003-07-15,31.5,-25.0,15.15509
2003-07-16,31.5,-25.0,17.465424
2003-07-17,31.5,-25.0,17.640503
2003-07-18,31.5,-25.0,19.139343
2003-07-19,31.5,-25.0,17.991394
2003-07-20,31.5,-25.0,17.55243
2003-07-21,31.5,-25.0,16.091675
2003-07-22,31.5,-25.0,17.081055
2003-07-23,31.5,-25.0,17.541473
2003-07-24,31.5,-25.0,18.584717
2003-07-25,31.5,-25.0,19.509705
2003-07-26,31.5,-25.0,18.56424
2003-07-27,31.5,-25.0,20.111328
2003-07-28,31.5,-25.0,20.662567
2003-07-29,31.5,-25.0,18.795013
2003-07-30,31.5,-25.0,18.399292
2003-07-31,31.5,-25.0,17.911285
2003-08-01,31.5,-25.0,16.19812
2003-08-02,31.5,-25.0,18.203705
2003-08-03,31.5,-25.0,16.897247
2003-08-04,31.5,-25.0,20.17627
2003-08-05,31.5,-25.0,18.20459
2003-08-06,31.5,-25.0,16.271729
2003-08-07,31.5,-25.0,16.82846
2003-08-08,31.5,-25.0,18.257538
2003-08-09,31.5,-25.0,19.41214
2003-08-10,31.5,-25.0,21.398438
2003-08-11,31.5,-25.0,21.880005
2003-08-12,31.5,-25.0,22.579132
2003-08-13,31.5,-25.0,20.612183
2003-08-14,31.5,-25.0,19.782013
2003-08-15,31.5,-25.0,16.554565
2003-08-16,31.5,-25.0,18.208008
2003-08-17,31.5,-25.0,22.015442
2003-08-18,31.5,-25.0,21.736023
2003-08-19,31.5,-25.0,25.012848
2003-08-20,31.5,-25.0,19.28305
2003-08-21,31.5,-25.0,14.238403
2003-08-22,31.5,-25.0,14.439575
2003-08-23,31.5,-25.0,18.520294
2003-08-24,31.5,-25.0,21.781342
2003-08-25,31.5,-25.0,21.413513
2003-08-26,31.5,-25.0,19.189758
2003-08-27,31.5,-25.0,16.872375
2003-08-28,31.5,-25.0,20.832153
2003-08-29,31.5,-25.0,22.579224
2003-08-30,31.5,-25.0,20.101288
2003-08-31,31.5,-25.0,21.307678
2003-09-01,31.5,-25.0,23.948029
2003-09-02,31.5,-25.0,24.08789
2003-09-03,31.5,-25.0,22.813385
2003-09-04,31.5,-25.0,23.459839
2003-09-05,31.5,-25.0,20.405304
2003-09-06,31.5,-25.0,16.777374
2003-09-07,31.5,-25.0,17.626923
2003-09-08,31.5,-25.0,22.181793
2003-09-09,31.5,-25.0,25.662903
2003-09-10,31.5,-25.0,22.351288
2003-09-11,31.5,-25.0,20.853943
2003-09-12,31.5,-25.0,24.5578
2003-09-13,31.5,-25.0,18.916168
2003-09-14,31.5,-25.0,14.775482
2003-09-15,31.5,-25.0,15.902618
2003-09-16,31.5,-25.0,18.13971
2003-09-17,31.5,-25.0,19.320282
2003-09-18,31.5,-25.0,21.676575
2003-09-19,31.5,-25.0,25.413483
2003-09-20,31.5,-25.0,27.328735
2003-09-21,31.5,-25.0,19.996582
2003-09-22,31.5,-25.0,15.735321
2003-09-23,31.5,-25.0,18.32962
2003-09-24,31.5,-25.0,22.297058
2003-09-25,31.5,-25.0,22.668762
2003-09-26,31.5,-25.0,24.80835
2003-09-27,31.5,-25.0,25.852905
2003-09-28,31.5,-25.0,26.179321
2003-09-29,31.5,-25.0,22.784332
2003-09-30,31.5,-25.0,24.268951
2003-10-01,31.5,-25.0,27.661041
2003-10-02,31.5,-25.0,29.126526
2003-10-03,31.5,-25.0,24.889832
2003-10-04,31.5,-25.0,24.521423
2003-10-05,31.5,-25.0,29.883392
2003-10-06,31.5,-25.0,26.505432
2003-10-07,31.5,-25.0,20.904816
2003-10-08,31.5,-25.0,19.796143
2003-10-09,31.5,-25.0,24.578674
2003-10-10,31.5,-25.0,28.89447
2003-10-11,31.5,-25.0,23.095367
2003-10-12,31.5,-25.0,20.518127
2003-10-13,31.5,-25.0,23.460815
2003-10-14,31.5,-25.0,27.409302
2003-10-15,31.5,-25.0,22.446655
2003-10-16,31.5,-25.0,27.478241
2003-10-17,31.5,-25.0,19.118073
2003-10-18,31.5,-25.0,15.743164
2003-10-19,31.5,-25.0,13.9028015
2003-10-20,31.5,-25.0,14.337921
2003-10-21,31.5,-25.0,16.723175
2003-10-22,31.5,-25.0,22.114563
2003-10-23,31.5,-25.0,25.936035
2003-10-24,31.5,-25.0,28.030487
2003-10-25,31.5,-25.0,31.243042
2003-10-26,31.5,-25.0,27.38205
2003-10-27,31.5,-25.0,21.450958
2003-10-28,31.5,-25.0,23.420502
2003-10-29,31.5,-25.0,25.621674
2003-10-30,31.5,-25.0,27.105225
2003-10-31,31.5,-25.0,28.538757
2003-11-01,31.5,-25.0,24.329834
2003-11-02,31.5,-25.0,21.543549
2003-11-03,31.5,-25.0,22.231232
2003-11-04,31.5,-25.0,25.652893
2003-11-05,31.5,-25.0,27.654907
2003-11-06,31.5,-25.0,18.92041
2003-11-07,31.5,-25.0,21.827393
2003-11-08,31.5,-25.0,26.213165
2003-11-09,31.5,-25.0,28.725677
2003-11-10,31.5,-25.0,26.838074
2003-11-11,31.5,-25.0,27.951416
2003-11-12,31.5,-25.0,20.121552
2003-11-13,31.5,-25.0,20.069061
2003-11-14,31.5,-25.0,22.955627
2003-11-15,31.5,-25.0,25.447906
2003-11-16,31.5,-25.0,22.723755
2003-11-17,31.5,-25.0,24.553802
2003-11-18,31.5,-25.0,27.05783
2003-11-19,31.5,-25.0,23.400085
2003-11-20,31.5,-25.0,27.45987
2003-11-21,31.5,-25.0,30.89038
2003-11-22,31.5,-25.0,29.403137
2003-11-23,31.5,-25.0,27.3844
2003-11-24,31.5,-25.0,26.412567
2003-11-25,31.5,-25.0,26.741028
2003-11-26,31.5,-25.0,27.942413
2003-11-27,31.5,-25.0,26.811768
2003-11-28,31.5,-25.0,25.679108
2003-11-29,31.5,-25.0,20.5177
2003-11-30,31.5,-25.0,21.149017
2003-12-01,31.5,-25.0,23.56488
2003-12-02,31.5,-25.0,23.207855
2003-12-03,31.5,-25.0,26.595459
2003-12-04,31.5,-25.0,24.122375
2003-12-05,31.5,-25.0,26.021149
2003-12-06,31.5,-25.0,27.352112
2003-12-07,31.5,-25.0,27.10498
2003-12-08,31.5,-25.0,31.318024
2003-12-09,31.5,-25.0,32.067993
2003-12-10,31.5,-25.0,22.826996
2003-12-11,31.5,-25.0,28.082306
2003-12-12,31.5,-25.0,29.448517
2003-12-13,31.5,-25.0,28.742767
2003-12-14,31.5,-25.0,30.839508
2003-12-15,31.5,-25.0,23.640076
2003-12-16,31.5,-25.0,24.768524
2003-12-17,31.5,-25.0,29.054718
2003-12-18,31.5,-25.0,24.815186
2003-12-19,31.5,-25.0,26.091248
2003-12-20,31.5,-25.0,29.04245
2003-12-21,31.5,-25.0,28.122986
2003-12-22,31.5,-25.0,24.79831
2003-12-23,31.5,-25.0,26.318298
2003-12-24,31.5,-25.0,30.035248
2003-12-25,31.5,-25.0,31.17212
2003-12-26,31.5,-25.0,30.59375
2003-12-27,31.5,-25.0,19.624115
2003-12-28,31.5,-25.0,22.47168
2003-12-29,31.5,-25.0,24.029572
2003-12-30,31.5,-25.0,27.253998
2003-12-31,31.5,-25.0,28.619507
2004-01-01,31.5,-25.0,23.225403
2004-01-02,31.5,-25.0,27.248901
2004-01-03,31.5,-25.0,24.881958
2004-01-04,31.5,-25.0,21.938934
2004-01-05,31.5,-25.0,22.799469
2004-01-06,31.5,-25.0,26.490967
2004-01-07,31.5,-25.0,27.396454
2004-01-08,31.5,-25.0,27.353088
2004-01-09,31.5,-25.0,29.001648
2004-01-10,31.5,-25.0,29.66922
2004-01-11,31.5,-25.0,27.097748
2004-01-12,31.5,-25.0,28.773712
2004-01-13,31.5,-25.0,29.037903
2004-01-14,31.5,-25.0,29.46289
2004-01-15,31.5,-25.0,31.877045
2004-01-16,31.5,-25.0,22.387482
2004-01-17,31.5,-25.0,23.411316
2004-01-18,31.5,-25.0,25.81012
2004-01-19,31.5,-25.0,25.975342
2004-01-20,31.5,-25.0,25.875092
2004-01-21,31.5,-25.0,24.853333
2004-01-22,31.5,-25.0,23.535553
2004-01-23,31.5,-25.0,24.570892
2004-01-24,31.5,-25.0,27.063751
2004-01-25,31.5,-25.0,27.006653
2004-01-26,31.5,-25.0,26.746552
2004-01-27,31.5,-25.0,26.162567
2004-01-28,31.5,-25.0,26.084503
2004-01-29,31.5,-25.0,25.427704
2004-01-30,31.5,-25.0,24.607117
2004-01-31,31.5,-25.0,25.327698
2004-02-01,31.5,-25.0,25.914612
2004-02-02,31.5,-25.0,25.559113
2004-02-03,31.5,-25.0,25.006165
2004-02-04,31.5,-25.0,25.276337
2004-02-05,31.5,-25.0,25.468018
2004-02-06,31.5,-25.0,24.312744
2004-02-07,31.5,-25.0,23.562286
2004-02-08,31.5,-25.0,23.266693
2004-02-09,31.5,-25.0,24.056793
2004-02-10,31.5,-25.0,24.463837
2004-02-11,31.5,-25.0,26.791718
2004-02-12,31.5,-25.0,27.101898
2004-02-13,31.5,-25.0,25.847656
2004-02-14,31.5,-25.0,27.082489
2004-02-15,31.5,-25.0,27.7146
2004-02-16,31.5,-25.0,26.192017
2004-02-17,31.5,-25.0,25.701324
2004-02-18,31.5,-25.0,25.046143
2004-02-19,31.5,-25.0,26.112518
2004-02-20,31.5,-25.0,25.982635
2004-02-21,31.5,-25.0,26.389069
2004-02-22,31.5,-25.0,27.482758
2004-02-23,31.5,-25.0,25.924194
2004-02-24,31.5,-25.0,23.59555
2004-02-25,31.5,-25.0,24.670044
2004-02-26,31.5,-25.0,24.072418
2004-02-27,31.5,-25.0,24.209686
2004-02-28,31.5,-25.0,25.628876
2004-02-29,31.5,-25.0,25.938232
2004-03-01,31.5,-25.0,23.503418
2004-03-02,31.5,-25.0,24.698395
2004-03-03,31.5,-25.0,22.730804
2004-03-04,31.5,-25.0,24.085693
2004-03-05,31.5,-25.0,23.95639
2004-03-06,31.5,-25.0,19.601288
2004-03-07,31.5,-25.0,20.57547
2004-03-08,31.5,-25.0,23.386139
2004-03-09,31.5,-25.0,24.916046
2004-03-10,31.5,-25.0,24.643219
2004-03-11,31.5,-25.0,25.468567
2004-03-12,31.5,-25.0,19.631989
2004-03-13,31.5,-25.0,17.961395
2004-03-14,31.5,-25.0,19.092468
2004-03-15,31.5,-25.0,20.73465
2004-03-16,31.5,-25.0,22.818512
2004-03-17,31.5,-25.0,24.664764
2004-03-18,31.5,-25.0,24.433655
2004-03-19,31.5,-25.0,25.12033
2004-03-20,31.5,-25.0,25.449463
2004-03-21,31.5,-25.0,25.063934
2004-03-22,31.5,-25.0,26.992188
2004-03-23,31.5,-25.0,25.665253
2004-03-24,31.5,-25.0,23.055573
2004-03-25,31.5,-25.0,25.05127
2004-03-26,31.5,-25.0,23.829254
2004-03-27,31.5,-25.0,24.27945
2004-03-28,31.5,-25.0,24.303986
2004-03-29,31.5,-25.0,25.637573
2004-03-30,31.5,-25.0,23.64151
2004-03-31,31.5,-25.0,23.57074
2004-04-01,31.5,-25.0,21.320282
2004-04-02,31.5,-25.0,21.694336
2004-04-03,31.5,-25.0,23.007019
2004-04-04,31.5,-25.0,24.903412
2004-04-05,31.5,-25.0,26.479706
2004-04-06,31.5,-25.0,22.428986
2004-04-07,31.5,-25.0,23.13272
2004-04-08,31.5,-25.0,22.945587
2004-04-09,31.5,-25.0,22.982758
2004-04-10,31.5,-25.0,21.316864
2004-04-11,31.5,-25.0,20.212738
2004-04-12,31.5,-25.0,21.00177
2004-04-13,31.5,-25.0,20.505432
2004-04-14,31.5,-25.0,20.582275
2004-04-15,31.5,-25.0,21.010468
2004-04-16,31.5,-25.0,23.936523
2004-04-17,31.5,-25.0,25.728058
2004-04-18,31.5,-25.0,23.498993
2004-04-19,31.5,-25.0,24.367767
2004-04-20,31.5,-25.0,23.002258
2004-04-21,31.5,-25.0,24.756775
2004-04-22,31.5,-25.0,25.036255
2004-04-23,31.5,-25.0,22.784271
2004-04-24,31.5,-25.0,21.428925
2004-04-25,31.5,-25.0,22.828613
2004-04-26,31.5,-25.0,21.270874
2004-04-27,31.5,-25.0,18.966827
2004-04-28,31.5,-25.0,18.260101
2004-04-29,31.5,-25.0,18.341858
2004-04-30,31.5,-25.0,19.997864
2004-05-01,31.5,-25.0,20.96878
2004-05-02,31.5,-25.0,20.39859
2004-05-03,31.5,-25.0,19.900879
2004-05-04,31.5,-25.0,18.877777
2004-05-05,31.5,-25.0,18.31842
2004-05-06,31.5,-25.0,17.395905
2004-05-07,31.5,-25.0,19.800873
2004-05-08,31.5,-25.0,20.164795
2004-05-09,31.5,-25.0,20.526611
2004-05-10,31.5,-25.0,19.78891
2004-05-11,31.5,-25.0,19.802307
2004-05-12,31.5,-25.0,21.217987
2004-05-13,31.5,-25.0,22.380676
2004-05-14,31.5,-25.0,19.945099
2004-05-15,31.5,-25.0,19.843018
2004-05-16,31.5,-25.0,18.932983
2004-05-17,31.5,-25.0,18.761627
2004-05-18,31.5,-25.0,19.271637
2004-05-19,31.5,-25.0,19.664429
2004-05-20,31.5,-25.0,19.170563
2004-05-21,31.5,-25.0,19.408875
2004-05-22,31.5,-25.0,18.781464
2004-05-23,31.5,-25.0,20.001678
2004-05-24,31.5,-25.0,19.457123
2004-05-25,31.5,-25.0,17.340118
2004-05-26,31.5,-25.0,16.752594
2004-05-27,31.5,-25.0,17.70227
2004-05-28,31.5,-25.0,19.792358
2004-05-29,31.5,-25.0,18.99939
2004-05-30,31.5,-25.0,16.237946
2004-05-31,31.5,-25.0,15.220154
2004-06-01,31.5,-25.0,15.766083
2004-06-02,31.5,-25.0,16.028625
2004-06-03,31.5,-25.0,14.981293
2004-06-04,31.5,-25.0,14.5503235
2004-06-05,31.5,-25.0,16.5596
2004-06-06,31.5,-25.0,17.586304
2004-06-07,31.5,-25.0,19.177917
2004-06-08,31.5,-25.0,18.531403
2004-06-09,31.5,-25.0,15.007782
2004-06-10,31.5,-25.0,15.171539
2004-06-11,31.5,-25.0,13.567383
2004-06-12,31.5,-25.0,13.663849
2004-06-13,31.5,-25.0,15.82959
2004-06-14,31.5,-25.0,17.439758
2004-06-15,31.5,-25.0,16.282562
2004-06-16,31.5,-25.0,17.127014
2004-06-17,31.5,-25.0,16.090576
2004-06-18,31.5,-25.0,15.975891
2004-06-19,31.5,-25.0,16.761475
2004-06-20,31.5,-25.0,16.773773
2004-06-21,31.5,-25.0,16.167114
2004-06-22,31.5,-25.0,15.91803
2004-06-23,31.5,-25.0,15.659912
2004-06-24,31.5,-25.0,15.848358
2004-06-25,31.5,-25.0,16.911438
2004-06-26,31.5,-25.0,17.678284
2004-06-27,31.5,-25.0,18.820984
2004-06-28,31.5,-25.0,17.836853
2004-06-29,31.5,-25.0,18.359161
2004-06-30,31.5,-25.0,18.747742
2004-07-01,31.5,-25.0,18.1568
2004-07-02,31.5,-25.0,21.299255
2004-07-03,31.5,-25.0,21.868896
2004-07-04,31.5,-25.0,19.417725
2004-07-05,31.5,-25.0,16.43631
2004-07-06,31.5,-25.0,14.62973
2004-07-07,31.5,-25.0,14.758057
2004-07-08,31.5,-25.0,15.540649
2004-07-09,31.5,-25.0,16.648865
2004-07-10,31.5,-25.0,16.848694
2004-07-11,31.5,-25.0,16.075043
2004-07-12,31.5,-25.0,17.430542
2004-07-13,31.5,-25.0,15.304352
2004-07-14,31.5,-25.0,14.407074
2004-07-15,31.5,-25.0,14.916138
2004-07-16,31.5,-25.0,13.531128
2004-07-17,31.5,-25.0,14.938995
2004-07-18,31.5,-25.0,14.711975
2004-07-19,31.5,-25.0,15.460968
2004-07-20,31.5,-25.0,15.25119
2004-07-21,31.5,-25.0,16.114899
2004-07-22,31.5,-25.0,17.207306
2004-07-23,31.5,-25.0,18.689026
2004-07-24,31.5,-25.0,20.105774
2004-07-25,31.5,-25.0,17.894623
2004-07-26,31.5,-25.0,18.290314
2004-07-27,31.5,-25.0,15.35202
2004-07-28,31.5,-25.0,14.052856
2004-07-29,31.5,-25.0,15.607056
2004-07-30,31.5,-25.0,17.312988
2004-07-31,31.5,-25.0,16.03421
2004-08-01,31.5,-25.0,14.948914
2004-08-02,31.5,-25.0,16.210388
2004-08-03,31.5,-25.0,18.394897
2004-08-04,31.5,-25.0,19.507263
2004-08-05,31.5,-25.0,19.209076
2004-08-06,31.5,-25.0,19.270752
2004-08-07,31.5,-25.0,19.279755
2004-08-08,31.5,-25.0,20.504547
2004-08-09,31.5,-25.0,20.499146
2004-08-10,31.5,-25.0,20.349274
2004-08-11,31.5,-25.0,16.32492
2004-08-12,31.5,-25.0,16.459686
2004-08-13,31.5,-25.0,19.239044
2004-08-14,31.5,-25.0,20.21756
2004-08-15,31.5,-25.0,20.919647
2004-08-16,31.5,-25.0,19.26764
2004-08-17,31.5,-25.0,18.78003
2004-08-18,31.5,-25.0,17.182343
2004-08-19,31.5,-25.0,18.246948
2004-08-20,31.5,-25.0,19.04367
2004-08-21,31.5,-25.0,19.438538
2004-08-22,31.5,-25.0,22.32016
2004-08-23,31.5,-25.0,21.345245
2004-08-24,31.5,-25.0,22.318176
2004-08-25,31.5,-25.0,21.194427
2004-08-26,31.5,-25.0,19.4917
2004-08-27,31.5,-25.0,18.760132
2004-08-28,31.5,-25.0,19.160309
2004-08-29,31.5,-25.0,19.832672
2004-08-30,31.5,-25.0,19.89624
2004-08-31,31.5,-25.0,21.384247
2004-09-01,31.5,-25.0,22.736237
2004-09-02,31.5,-25.0,22.518951
2004-09-03,31.5,-25.0,18.152924
2004-09-04,31.5,-25.0,17.30481
2004-09-05,31.5,-25.0,19.990082
2004-09-06,31.5,-25.0,17.730927
2004-09-07,31.5,-25.0,15.021515
2004-09-08,31.5,-25.0,17.857574
2004-09-09,31.5,-25.0,16.821716
2004-09-10,31.5,-25.0,14.389587
2004-09-11,31.5,-25.0,20.040741
2004-09-12,31.5,-25.0,23.461548
2004-09-13,31.5,-25.0,20.402008
2004-09-14,31.5,-25.0,21.816956
2004-09-15,31.5,-25.0,22.36966
2004-09-16,31.5,-25.0,23.232056
2004-09-17,31.5,-25.0,26.271484
2004-09-18,31.5,-25.0,26.36911
2004-09-19,31.5,-25.0,20.97876
2004-09-20,31.5,-25.0,17.85608
2004-09-21,31.5,-25.0,18.106995
2004-09-22,31.5,-25.0,20.041687
2004-09-23,31.5,-25.0,24.235077
2004-09-24,31.5,-25.0,24.759094
2004-09-25,31.5,-25.0,24.625092
2004-09-26,31.5,-25.0,23.322876
2004-09-27,31.5,-25.0,18.835266
2004-09-28,31.5,-25.0,18.75531
2004-09-29,31.5,-25.0,18.960175
2004-09-30,31.5,-25.0,19.425446
2004-10-01,31.5,-25.0,22.086395
2004-10-02,31.5,-25.0,19.602478
2004-10-03,31.5,-25.0,22.827667
2004-10-04,31.5,-25.0,26.604645
2004-10-05,31.5,-25.0,27.40213
2004-10-06,31.5,-25.0,28.96753
2004-10-07,31.5,-25.0,32.04956
2004-10-08,31.5,-25.0,21.05252
2004-10-09,31.5,-25.0,21.95169
2004-10-10,31.5,-25.0,20.001312
2004-10-11,31.5,-25.0,19.916412
2004-10-12,31.5,-25.0,19.220306
2004-10-13,31.5,-25.0,19.194427
2004-10-14,31.5,-25.0,21.95456
2004-10-15,31.5,-25.0,23.983551
2004-10-16,31.5,-25.0,25.497253
2004-10-17,31.5,-25.0,28.74997
2004-10-18,31.5,-25.0,23.784973
2004-10-19,31.5,-25.0,22.909943
2004-10-20,31.5,-25.0,23.411713
2004-10-21,31.5,-25.0,24.440826
2004-10-22,31.5,-25.0,21.9346
2004-10-23,31.5,-25.0,21.21872
2004-10-24,31.5,-25.0,21.7706
2004-10-25,31.5,-25.0,22.850922
2004-10-26,31.5,-25.0,25.559723
2004-10-27,31.5,-25.0,18.137207
2004-10-28,31.5,-25.0,22.47171
2004-10-29,31.5,-25.0,27.590698
2004-10-30,31.5,-25.0,20.621857
2004-10-31,31.5,-25.0,20.072693
2004-11-01,31.5,-25.0,22.236176
2004-11-02,31.5,-25.0,22.967133
2004-11-03,31.5,-25.0,23.55426
2004-11-04,31.5,-25.0,24.633331
2004-11-05,31.5,-25.0,26.712494
2004-11-06,31.5,-25.0,26.088196
2004-11-07,31.5,-25.0,25.939606
2004-11-08,31.5,-25.0,27.323639
2004-11-09,31.5,-25.0,28.080872
2004-11-10,31.5,-25.0,26.874634
2004-11-11,31.5,-25.0,22.832916
2004-11-12,31.5,-25.0,25.943909
2004-11-13,31.5,-25.0,27.96103
2004-11-14,31.5,-25.0,26.790985
2004-11-15,31.5,-25.0,25.683716
2004-11-16,31.5,-25.0,24.80362
2004-11-17,31.5,-25.0,24.479126
2004-11-18,31.5,-25.0,26.71045
2004-11-19,31.5,-25.0,28.461334
2004-11-20,31.5,-25.0,30.23346
2004-11-21,31.5,-25.0,30.590637
2004-11-22,31.5,-25.0,22.57602
2004-11-23,31.5,-25.0,22.3479
2004-11-24,31.5,-25.0,22.294647
2004-11-25,31.5,-25.0,26.169464
2004-11-26,31.5,-25.0,27.153229
2004-11-27,31.5,-25.0,26.676788
2004-11-28,31.5,-25.0,27.416992
2004-11-29,31.5,-25.0,27.871155
2004-11-30,31.5,-25.0,27.422852
2004-12-01,31.5,-25.0,27.062286
2004-12-02,31.5,-25.0,28.23761
2004-12-03,31.5,-25.0,25.259735
2004-12-04,31.5,-25.0,26.988037
2004-12-05,31.5,-25.0,27.79544
2004-12-06,31.5,-25.0,28.946045
2004-12-07,31.5,-25.0,28.411987
2004-12-08,31.5,-25.0,21.178192
2004-12-09,31.5,-25.0,18.867157
2004-12-10,31.5,-25.0,22.707672
2004-12-11,31.5,-25.0,23.681122
2004-12-12,31.5,-25.0,23.4971
2004-12-13,31.5,-25.0,26.019897
2004-12-14,31.5,-25.0,26.920288
2004-12-15,31.5,-25.0,23.73059
2004-12-16,31.5,-25.0,23.050354
2004-12-17,31.5,-25.0,24.86972
2004-12-18,31.5,-25.0,26.926361
2004-12-19,31.5,-25.0,22.882782
2004-12-20,31.5,-25.0,25.059814
2004-12-21,31.5,-25.0,25.593536
2004-12-22,31.5,-25.0,26.650421
2004-12-23,31.5,-25.0,26.79419
2004-12-24,31.5,-25.0,24.611145
2004-12-25,31.5,-25.0,26.763062
2004-12-26,31.5,-25.0,29.694
2004-12-27,31.5,-25.0,29.328796
2004-12-28,31.5,-25.0,27.188599
2004-12-29,31.5,-25.0,27.097076
2004-12-30,31.5,-25.0,28.912384
2004-12-31,31.5,-25.0,29.390106
2005-01-01,31.5,-25.0,27.628021
2005-01-02,31.5,-25.0,28.404938
2005-01-03,31.5,-25.0,28.633484
2005-01-04,31.5,-25.0,27.542328
2005-01-05,31.5,-25.0,28.233734
2005-01-06,31.5,-25.0,27.797089
2005-01-07,31.5,-25.0,28.374695
2005-01-08,31.5,-25.0,27.875397
2005-01-09,31.5,-25.0,25.197205
2005-01-10,31.5,-25.0,24.761719
2005-01-11,31.5,-25.0,26.936127
2005-01-12,31.5,-25.0,27.393707
2005-01-13,31.5,-25.0,25.222992
2005-01-14,31.5,-25.0,28.12027
2005-01-15,31.5,-25.0,26.777252
2005-01-16,31.5,-25.0,22.8862
2005-01-17,31.5,-25.0,23.637115
2005-01-18,31.5,-25.0,25.28183
2005-01-19,31.5,-25.0,23.69336
2005-01-20,31.5,-25.0,24.85431
2005-01-21,31.5,-25.0,27.051239
2005-01-22,31.5,-25.0,27.279388
2005-01-23,31.5,-25.0,25.756256
2005-01-24,31.5,-25.0,24.602081
2005-01-25,31.5,-25.0,26.549377
2005-01-26,31.5,-25.0,22.860748
2005-01-27,31.5,-25.0,24.87909
2005-01-28,31.5,-25.0,28.06717
2005-01-29,31.5,-25.0,27.404938
2005-01-30,31.5,-25.0,25.405365
2005-01-31,31.5,-25.0,26.547333
2005-02-01,31.5,-25.0,26.327362
2005-02-02,31.5,-25.0,26.834137
2005-02-03,31.5,-25.0,26.292847
2005-02-04,31.5,-25.0,27.963226
2005-02-05,31.5,-25.0,24.177338
2005-02-06,31.5,-25.0,24.124481
2005-02-07,31.5,-25.0,24.910065
2005-02-08,31.5,-25.0,27.20227
2005-02-09,31.5,-25.0,26.966278
2005-02-10,31.5,-25.0,28.854156
2005-02-11,31.5,-25.0,29.730377
2005-02-12,31.5,-25.0,24.212158
2005-02-13,31.5,-25.0,26.17981
2005-02-14,31.5,-25.0,27.60733
2005-02-15,31.5,-25.0,26.459381
2005-02-16,31.5,-25.0,26.003876
2005-02-17,31.5,-25.0,26.433014
2005-02-18,31.5,-25.0,27.504333
2005-02-19,31.5,-25.0,27.533447
2005-02-20,31.5,-25.0,28.081024
2005-02-21,31.5,-25.0,24.861572
2005-02-22,31.5,-25.0,26.130554
2005-02-23,31.5,-25.0,26.75763
2005-02-24,31.5,-25.0,27.436035
2005-02-25,31.5,-25.0,27.640686
2005-02-26,31.5,-25.0,26.806274
2005-02-27,31.5,-25.0,26.369995
2005-02-28,31.5,-25.0,26.860504
2005-03-01,31.5,-25.0,27.354523
2005-03-02,31.5,-25.0,26.1185
2005-03-03,31.5,-25.0,24.263031
2005-03-04,31.5,-25.0,23.308258
2005-03-05,31.5,-25.0,24.142029
2005-03-06,31.5,-25.0,26.484436
2005-03-07,31.5,-25.0,28.001282
2005-03-08,31.5,-25.0,28.427582
2005-03-09,31.5,-25.0,25.303772
2005-03-10,31.5,-25.0,28.819305
2005-03-11,31.5,-25.0,19.784637
2005-03-12,31.5,-25.0,21.82013
2005-03-13,31.5,-25.0,22.793854
2005-03-14,31.5,-25.0,24.12387
2005-03-15,31.5,-25.0,22.863495
2005-03-16,31.5,-25.0,23.192352
2005-03-17,31.5,-25.0,23.54776
2005-03-18,31.5,-25.0,23.72763
2005-03-19,31.5,-25.0,23.623993
2005-03-20,31.5,-25.0,23.918427
2005-03-21,31.5,-25.0,24.774933
2005-03-22,31.5,-25.0,23.06311
2005-03-23,31.5,-25.0,22.615906
2005-03-24,31.5,-25.0,22.732147
2005-03-25,31.5,-25.0,23.94751
2005-03-26,31.5,-25.0,25.273499
2005-03-27,31.5,-25.0,26.727356
2005-03-28,31.5,-25.0,25.803223
2005-03-29,31.5,-25.0,23.547241
2005-03-30,31.5,-25.0,26.222809
2005-03-31,31.5,-25.0,27.177582
2005-04-01,31.5,-25.0,27.391205
2005-04-02,31.5,-25.0,24.378448
2005-04-03,31.5,-25.0,20.780457
2005-04-04,31.5,-25.0,24.70993
2005-04-05,31.5,-25.0,23.924927
2005-04-06,31.5,-25.0,22.263977
2005-04-07,31.5,-25.0,22.500671
2005-04-08,31.5,-25.0,22.121399
2005-04-09,31.5,-25.0,22.110565
2005-04-10,31.5,-25.0,22.513
2005-04-11,31.5,-25.0,23.969177
2005-04-12,31.5,-25.0,26.496338
2005-04-13,31.5,-25.0,24.593903
2005-04-14,31.5,-25.0,22.084015
2005-04-15,31.5,-25.0,22.082062
2005-04-16,31.5,-25.0,23.940369
2005-04-17,31.5,-25.0,24.878784
2005-04-18,31.5,-25.0,26.157593
2005-04-19,31.5,-25.0,26.605865
2005-04-20,31.5,-25.0,24.997375
2005-04-21,31.5,-25.0,20.652832
2005-04-22,31.5,-25.0,22.322845
2005-04-23,31.5,-25.0,23.360626
2005-04-24,31.5,-25.0,24.893768
2005-04-25,31.5,-25.0,21.316498
2005-04-26,31.5,-25.0,18.83017
2005-04-27,31.5,-25.0,19.057129
2005-04-28,31.5,-25.0,19.120667
2005-04-29,31.5,-25.0,19.838226
2005-04-30,31.5,-25.0,19.334747
2005-05-01,31.5,-25.0,20.5831
2005-05-02,31.5,-25.0,21.814148
2005-05-03,31.5,-25.0,20.770905
2005-05-04,31.5,-25.0,21.282288
2005-05-05,31.5,-25.0,22.540802
2005-05-06,31.5,-25.0,25.299286
2005-05-07,31.5,-25.0,22.378937
2005-05-08,31.5,-25.0,22.69513
2005-05-09,31.5,-25.0,22.865356
2005-05-10,31.5,-25.0,20.90689
2005-05-11,31.5,-25.0,19.857758
2005-05-12,31.5,-25.0,20.254242
2005-05-13,31.5,-25.0,21.549286
2005-05-14,31.5,-25.0,21.21466
2005-05-15,31.5,-25.0,21.073456
2005-05-16,31.5,-25.0,21.753387
2005-05-17,31.5,-25.0,23.0654
2005-05-18,31.5,-25.0,23.932587
2005-05-19,31.5,-25.0,22.127167
2005-05-20,31.5,-25.0,19.774841
2005-05-21,31.5,-25.0,19.15747
2005-05-22,31.5,-25.0,18.91095
2005-05-23,31.5,-25.0,18.956177
2005-05-24,31.5,-25.0,19.141022
2005-05-25,31.5,-25.0,18.582947
2005-05-26,31.5,-25.0,17.075958
2005-05-27,31.5,-25.0,19.040375
2005-05-28,31.5,-25.0,21.136475
2005-05-29,31.5,-25.0,20.708313
2005-05-30,31.5,-25.0,21.643433
2005-05-31,31.5,-25.0,19.528534
2005-06-01,31.5,-25.0,23.016876
2005-06-02,31.5,-25.0,22.169952
2005-06-03,31.5,-25.0,22.272095
2005-06-04,31.5,-25.0,21.627502
2005-06-05,31.5,-25.0,20.549744
2005-06-06,31.5,-25.0,19.087982
2005-06-07,31.5,-25.0,21.628876
2005-06-08,31.5,-25.0,23.315216
2005-06-09,31.5,-25.0,19.681244
2005-06-10,31.5,-25.0,16.663849
2005-06-11,31.5,-25.0,18.346893
2005-06-12,31.5,-25.0,19.55716
2005-06-13,31.5,-25.0,21.788239
2005-06-14,31.5,-25.0,19.467285
2005-06-15,31.5,-25.0,18.774963
2005-06-16,31.5,-25.0,18.448456
2005-06-17,31.5,-25.0,17.578613
2005-06-18,31.5,-25.0,17.488342
2005-06-19,31.5,-25.0,18.10614
2005-06-20,31.5,-25.0,16.955475
2005-06-21,31.5,-25.0,16.968475
2005-06-22,31.5,-25.0,17.977844
2005-06-23,31.5,-25.0,17.846893
2005-06-24,31.5,-25.0,18.306305
2005-06-25,31.5,-25.0,18.956146
2005-06-26,31.5,-25.0,20.143463
2005-06-27,31.5,-25.0,20.314209
2005-06-28,31.5,-25.0,18.04068
2005-06-29,31.5,-25.0,17.387756
2005-06-30,31.5,-25.0,18.368378
2005-07-01,31.5,-25.0,18.524109
2005-07-02,31.5,-25.0,17.573944
2005-07-03,31.5,-25.0,15.896271
2005-07-04,31.5,-25.0,15.368439
2005-07-05,31.5,-25.0,14.6922
2005-07-06,31.5,-25.0,15.630493
2005-07-07,31.5,-25.0,15.870544
2005-07-08,31.5,-25.0,16.150543
2005-07-09,31.5,-25.0,16.516388
2005-07-10,31.5,-25.0,14.749329
2005-07-11,31.5,-25.0,15.512756
2005-07-12,31.5,-25.0,15.833191
2005-07-13,31.5,-25.0,16.611969
2005-07-14,31.5,-25.0,18.758942
2005-07-15,31.5,-25.0,20.41153
2005-07-16,31.5,-25.0,16.911987
2005-07-17,31.5,-25.0,16.784851
2005-07-18,31.5,-25.0,17.027985
2005-07-19,31.5,-25.0,18.809937
2005-07-20,31.5,-25.0,21.035278
2005-07-21,31.5,-25.0,19.190979
2005-07-22,31.5,-25.0,19.241547
2005-07-23,31.5,-25.0,19.059875
2005-07-24,31.5,-25.0,19.732117
2005-07-25,31.5,-25.0,21.447296
2005-07-26,31.5,-25.0,20.54123
2005-07-27,31.5,-25.0,18.937134
2005-07-28,31.5,-25.0,18.291443
2005-07-29,31.5,-25.0,18.09616
2005-07-30,31.5,-25.0,19.637878
2005-07-31,31.5,-25.0,19.991608
2005-08-01,31.5,-25.0,18.268219
2005-08-02,31.5,-25.0,19.875183
2005-08-03,31.5,-25.0,20.096436
2005-08-04,31.5,-25.0,18.238617
2005-08-05,31.5,-25.0,19.512848
2005-08-06,31.5,-25.0,19.560516
2005-08-07,31.5,-25.0,20.618683
2005-08-08,31.5,-25.0,21.954346
2005-08-09,31.5,-25.0,22.096802
2005-08-10,31.5,-25.0,17.925507
2005-08-11,31.5,-25.0,20.555023
2005-08-12,31.5,-25.0,19.311554
2005-08-13,31.5,-25.0,21.324768
2005-08-14,31.5,-25.0,21.87503
2005-08-15,31.5,-25.0,23.520477
2005-08-16,31.5,-25.0,17.593384
2005-08-17,31.5,-25.0,19.884644
2005-08-18,31.5,-25.0,22.614105
2005-08-19,31.5,-25.0,19.237762
2005-08-20,31.5,-25.0,23.955688
2005-08-21,31.5,-25.0,19.077332
2005-08-22,31.5,-25.0,20.673096
2005-08-23,31.5,-25.0,23.270142
2005-08-24,31.5,-25.0,20.643402
2005-08-25,31.5,-25.0,23.77417
2005-08-26,31.5,-25.0,25.545319
2005-08-27,31.5,-25.0,21.972382
2005-08-28,31.5,-25.0,17.21698
2005-08-29,31.5,-25.0,20.427094
2005-08-30,31.5,-25.0,24.616425
2005-08-31,31.5,-25.0,25.513092
2005-09-01,31.5,-25.0,24.105194
2005-09-02,31.5,-25.0,22.595398
2005-09-03,31.5,-25.0,24.082977
2005-09-04,31.5,-25.0,26.862549
2005-09-05,31.5,-25.0,26.694977
2005-09-06,31.5,-25.0,20.521759
2005-09-07,31.5,-25.0,19.889984
2005-09-08,31.5,-25.0,22.114166
2005-09-09,31.5,-25.0,21.284119
2005-09-10,31.5,-25.0,22.077332
2005-09-11,31.5,-25.0,20.70108
2005-09-12,31.5,-25.0,21.756897
2005-09-13,31.5,-25.0,21.77359
2005-09-14,31.5,-25.0,19.209534
2005-09-15,31.5,-25.0,19.215912
2005-09-16,31.5,-25.0,20.163513
2005-09-17,31.5,-25.0,22.220856
2005-09-18,31.5,-25.0,23.936798
2005-09-19,31.5,-25.0,23.394836
2005-09-20,31.5,-25.0,25.509735
2005-09-21,31.5,-25.0,27.266418
2005-09-22,31.5,-25.0,23.095032
2005-09-23,31.5,-25.0,24.52649
2005-09-24,31.5,-25.0,27.943115
2005-09-25,31.5,-25.0,31.214874
2005-09-26,31.5,-25.0,26.576141
2005-09-27,31.5,-25.0,26.729095
2005-09-28,31.5,-25.0,19.670715
2005-09-29,31.5,-25.0,18.790405
2005-09-30,31.5,-25.0,20.730652
2005-10-01,31.5,-25.0,26.455658
2005-10-02,31.5,-25.0,29.325195
2005-10-03,31.5,-25.0,24.865753
2005-10-04,31.5,-25.0,29.970459
2005-10-05,31.5,-25.0,24.094513
2005-10-06,31.5,-25.0,17.691132
2005-10-07,31.5,-25.0,18.382416
2005-10-08,31.5,-25.0,22.901093
2005-10-09,31.5,-25.0,26.802826
2005-10-10,31.5,-25.0,24.036194
2005-10-11,31.5,-25.0,28.68573
2005-10-12,31.5,-25.0,31.60199
2005-10-13,31.5,-25.0,22.969513
2005-10-14,31.5,-25.0,21.659363
2005-10-15,31.5,-25.0,23.12085
2005-10-16,31.5,-25.0,24.281036
2005-10-17,31.5,-25.0,23.275879
2005-10-18,31.5,-25.0,23.499023
2005-10-19,31.5,-25.0,26.817902
2005-10-20,31.5,-25.0,26.200653
2005-10-21,31.5,-25.0,20.15329
2005-10-22,31.5,-25.0,21.932892
2005-10-23,31.5,-25.0,24.679321
2005-10-24,31.5,-25.0,28.48706
2005-10-25,31.5,-25.0,26.457855
2005-10-26,31.5,-25.0,18.711456
2005-10-27,31.5,-25.0,19.920502
2005-10-28,31.5,-25.0,25.4122
2005-10-29,31.5,-25.0,20.746521
2005-10-30,31.5,-25.0,23.28241
2005-10-31,31.5,-25.0,26.026184
2005-11-01,31.5,-25.0,28.636597
2005-11-02,31.5,-25.0,32.044037
2005-11-03,31.5,-25.0,31.009125
2005-11-04,31.5,-25.0,26.591522
2005-11-05,31.5,-25.0,26.48291
2005-11-06,31.5,-25.0,20.925446
2005-11-07,31.5,-25.0,23.341827
2005-11-08,31.5,-25.0,20.16397
2005-11-09,31.5,-25.0,20.819672
2005-11-10,31.5,-25.0,21.396515
2005-11-11,31.5,-25.0,21.719086
2005-11-12,31.5,-25.0,22.467651
2005-11-13,31.5,-25.0,23.70459
2005-11-14,31.5,-25.0,24.799011
2005-11-15,31.5,-25.0,24.537811
2005-11-16,31.5,-25.0,28.98108
2005-11-17,31.5,-25.0,22.377167
2005-11-18,31.5,-25.0,22.634674
2005-11-19,31.5,-25.0,24.467255
2005-11-20,31.5,-25.0,24.122772
2005-11-21,31.5,-25.0,27.34549
2005-11-22,31.5,-25.0,26.819763
2005-11-23,31.5,-25.0,22.287598
2005-11-24,31.5,-25.0,25.535645
2005-11-25,31.5,-25.0,26.793152
2005-11-26,31.5,-25.0,26.552155
2005-11-27,31.5,-25.0,21.021881
2005-11-28,31.5,-25.0,23.949188
2005-11-29,31.5,-25.0,23.70578
2005-11-30,31.5,-25.0,24.819702
2005-12-01,31.5,-25.0,22.347748
2005-12-02,31.5,-25.0,23.148071
2005-12-03,31.5,-25.0,23.51596
2005-12-04,31.5,-25.0,22.177338
2005-12-05,31.5,-25.0,25.886963
2005-12-06,31.5,-25.0,23.599792
2005-12-07,31.5,-25.0,22.761993
2005-12-08,31.5,-25.0,24.61441
2005-12-09,31.5,-25.0,19.048859
2005-12-10,31.5,-25.0,21.430206
2005-12-11,31.5,-25.0,24.706573
2005-12-12,31.5,-25.0,20.82602
2005-12-13,31.5,-25.0,20.561218
2005-12-14,31.5,-25.0,24.56845
2005-12-15,31.5,-25.0,26.777954
2005-12-16,31.5,-25.0,27.435852
2005-12-17,31.5,-25.0,27.92273
2005-12-18,31.5,-25.0,19.212372
2005-12-19,31.5,-25.0,24.953674
2005-12-20,31.5,-25.0,25.524261
2005-12-21,31.5,-25.0,19.970306
2005-12-22,31.5,-25.0,24.264587
2005-12-23,31.5,-25.0,28.88559
2005-12-24,31.5,-25.0,28.063782
2005-12-25,31.5,-25.0,20.322723
2005-12-26,31.5,-25.0,19.898712
2005-12-27,31.5,-25.0,24.811768
2005-12-28,31.5,-25.0,25.072968
2005-12-29,31.5,-25.0,19.8732
2005-12-30,31.5,-25.0,20.320892
2005-12-31,31.5,-25.0,22.246521
2006-01-01,31.5,-25.0,24.208313
2006-01-02,31.5,-25.0,25.923431
2006-01-03,31.5,-25.0,26.52359
2006-01-04,31.5,-25.0,25.808441
2006-01-05,31.5,-25.0,26.601593
2006-01-06,31.5,-25.0,27.400879
2006-01-07,31.5,-25.0,24.35611
2006-01-08,31.5,-25.0,25.159546
2006-01-09,31.5,-25.0,20.229706
2006-01-10,31.5,-25.0,20.37442
2006-01-11,31.5,-25.0,22.79715
2006-01-12,31.5,-25.0,23.798492
2006-01-13,31.5,-25.0,26.713013
2006-01-14,31.5,-25.0,26.763214
2006-01-15,31.5,-25.0,26.844604
2006-01-16,31.5,-25.0,24.669495
2006-01-17,31.5,-25.0,25.067444
2006-01-18,31.5,-25.0,26.140808
2006-01-19,31.5,-25.0,26.11264
2006-01-20,31.5,-25.0,22.271606
2006-01-21,31.5,-25.0,23.907501
2006-01-22,31.5,-25.0,26.880249
2006-01-23,31.5,-25.0,26.804932
2006-01-24,31.5,-25.0,23.684021
2006-01-25,31.5,-25.0,27.104156
2006-01-26,31.5,-25.0,28.025269
2006-01-27,31.5,-25.0,24.82254
2006-01-28,31.5,-25.0,27.211365
2006-01-29,31.5,-25.0,24.990936
2006-01-30,31.5,-25.0,24.012665
2006-01-31,31.5,-25.0,25.491302
2006-02-01,31.5,-25.0,25.116486
2006-02-02,31.5,-25.0,23.907043
2006-02-03,31.5,-25.0,24.368164
2006-02-04,31.5,-25.0,24.368622
2006-02-05,31.5,-25.0,26.145996
2006-02-06,31.5,-25.0,23.924683
2006-02-07,31.5,-25.0,23.53424
2006-02-08,31.5,-25.0,24.720581
2006-02-09,31.5,-25.0,25.325928
2006-02-10,31.5,-25.0,24.0242
2006-02-11,31.5,-25.0,24.154327
2006-02-12,31.5,-25.0,25.598145
2006-02-13,31.5,-25.0,27.303802
2006-02-14,31.5,-25.0,25.282013
2006-02-15,31.5,-25.0,26.292267
2006-02-16,31.5,-25.0,25.318756
2006-02-17,31.5,-25.0,25.799805
2006-02-18,31.5,-25.0,26.456635
2006-02-19,31.5,-25.0,27.426788
2006-02-20,31.5,-25.0,28.211914
2006-02-21,31.5,-25.0,27.178131
2006-02-22,31.5,-25.0,25.165253
2006-02-23,31.5,-25.0,25.687103
2006-02-24,31.5,-25.0,26.616577
2006-02-25,31.5,-25.0,26.631226
2006-02-26,31.5,-25.0,24.994263
2006-02-27,31.5,-25.0,23.813416
2006-02-28,31.5,-25.0,25.911835
2006-03-01,31.5,-25.0,24.145233
2006-03-02,31.5,-25.0,25.568787
2006-03-03,31.5,-25.0,21.352234
2006-03-04,31.5,-25.0,18.817902
2006-03-05,31.5,-25.0,19.084595
2006-03-06,31.5,-25.0,19.520203
2006-03-07,31.5,-25.0,21.44516
2006-03-08,31.5,-25.0,22.207336
2006-03-09,31.5,-25.0,22.575989
2006-03-10,31.5,-25.0,23.295563
2006-03-11,31.5,-25.0,23.881927
2006-03-12,31.5,-25.0,26.481628
2006-03-13,31.5,-25.0,20.910309
2006-03-14,31.5,-25.0,21.605072
2006-03-15,31.5,-25.0,24.600067
2006-03-16,31.5,-25.0,26.880249
2006-03-17,31.5,-25.0,22.919525
2006-03-18,31.5,-25.0,23.883026
2006-03-19,31.5,-25.0,25.081512
2006-03-20,31.5,-25.0,25.518219
2006-03-21,31.5,-25.0,23.932861
2006-03-22,31.5,-25.0,23.817352
2006-03-23,31.5,-25.0,21.863739
2006-03-24,31.5,-25.0,21.648254
2006-03-25,31.5,-25.0,21.739807
2006-03-26,31.5,-25.0,23.353394
2006-03-27,31.5,-25.0,24.873444
2006-03-28,31.5,-25.0,16.992615
2006-03-29,31.5,-25.0,19.24115
2006-03-30,31.5,-25.0,20.453796
2006-03-31,31.5,-25.0,21.4776
2006-04-01,31.5,-25.0,22.347778
2006-04-02,31.5,-25.0,23.167267
2006-04-03,31.5,-25.0,22.500763
2006-04-04,31.5,-25.0,23.137634
2006-04-05,31.5,-25.0,23.541931
2006-04-06,31.5,-25.0,22.880524
2006-04-07,31.5,-25.0,22.126984
2006-04-08,31.5,-25.0,22.597992
2006-04-09,31.5,-25.0,20.752777
2006-04-10,31.5,-25.0,21.274628
2006-04-11,31.5,-25.0,22.1846
2006-04-12,31.5,-25.0,22.308258
2006-04-13,31.5,-25.0,22.079254
2006-04-14,31.5,-25.0,24.700134
2006-04-15,31.5,-25.0,22.402405
2006-04-16,31.5,-25.0,21.121216
2006-04-17,31.5,-25.0,22.670532
2006-04-18,31.5,-25.0,19.900879
2006-04-19,31.5,-25.0,19.947327
2006-04-20,31.5,-25.0,20.894257
2006-04-21,31.5,-25.0,21.844513
2006-04-22,31.5,-25.0,23.399689
2006-04-23,31.5,-25.0,22.10559
2006-04-24,31.5,-25.0,18.876282
2006-04-25,31.5,-25.0,18.431091
2006-04-26,31.5,-25.0,18.970276
2006-04-27,31.5,-25.0,18.414124
2006-04-28,31.5,-25.0,17.934052
2006-04-29,31.5,-25.0,19.608215
2006-04-30,31.5,-25.0,20.577057
2006-05-01,31.5,-25.0,18.246552
2006-05-02,31.5,-25.0,17.56369
2006-05-03,31.5,-25.0,19.212158
2006-05-04,31.5,-25.0,20.224945
2006-05-05,31.5,-25.0,20.641388
2006-05-06,31.5,-25.0,22.601898
2006-05-07,31.5,-25.0,17.88971
2006-05-08,31.5,-25.0,17.207428
2006-05-09,31.5,-25.0,15.537964
2006-05-10,31.5,-25.0,16.426819
2006-05-11,31.5,-25.0,16.478088
2006-05-12,31.5,-25.0,18.225647
2006-05-13,31.5,-25.0,18.927063
2006-05-14,31.5,-25.0,18.94815
2006-05-15,31.5,-25.0,18.740753
2006-05-16,31.5,-25.0,19.006927
2006-05-17,31.5,-25.0,21.024323
2006-05-18,31.5,-25.0,22.282715
2006-05-19,31.5,-25.0,20.252716
2006-05-20,31.5,-25.0,17.74768
2006-05-21,31.5,-25.0,14.926544
2006-05-22,31.5,-25.0,14.745148
2006-05-23,31.5,-25.0,15.360779
2006-05-24,31.5,-25.0,14.916229
2006-05-25,31.5,-25.0,14.575653
2006-05-26,31.5,-25.0,15.76239
2006-05-27,31.5,-25.0,16.819641
2006-05-28,31.5,-25.0,17.347992
2006-05-29,31.5,-25.0,18.202972
2006-05-30,31.5,-25.0,17.323242
2006-05-31,31.5,-25.0,16.161072
2006-06-01,31.5,-25.0,15.735321
2006-06-02,31.5,-25.0,17.486237
2006-06-03,31.5,-25.0,16.825348
2006-06-04,31.5,-25.0,14.778595
2006-06-05,31.5,-25.0,13.054993
2006-06-06,31.5,-25.0,13.440765
2006-06-07,31.5,-25.0,14.086578
2006-06-08,31.5,-25.0,17.72763
2006-06-09,31.5,-25.0,19.471771
2006-06-10,31.5,-25.0,18.838684
2006-06-11,31.5,-25.0,19.92572
2006-06-12,31.5,-25.0,22.18097
2006-06-13,31.5,-25.0,23.549591
2006-06-14,31.5,-25.0,18.568176
2006-06-15,31.5,-25.0,17.48285
2006-06-16,31.5,-25.0,16.473907
2006-06-17,31.5,-25.0,15.893188
2006-06-18,31.5,-25.0,16.008575
2006-06-19,31.5,-25.0,16.265472
2006-06-20,31.5,-25.0,16.587006
2006-06-21,31.5,-25.0,18.293884
2006-06-22,31.5,-25.0,18.969818
2006-06-23,31.5,-25.0,15.462769
2006-06-24,31.5,-25.0,14.130859
2006-06-25,31.5,-25.0,15.790924
2006-06-26,31.5,-25.0,13.971832
2006-06-27,31.5,-25.0,14.191345
2006-06-28,31.5,-25.0,12.613647
2006-06-29,31.5,-25.0,14.050018
2006-06-30,31.5,-25.0,15.629974
2006-07-01,31.5,-25.0,16.037567
2006-07-02,31.5,-25.0,16.354126
2006-07-03,31.5,-25.0,17.345032
2006-07-04,31.5,-25.0,15.526215
2006-07-05,31.5,-25.0,17.457886
2006-07-06,31.5,-25.0,18.215057
2006-07-07,31.5,-25.0,17.684418
2006-07-08,31.5,-25.0,14.887848
2006-07-09,31.5,-25.0,15.131378
2006-07-10,31.5,-25.0,15.154999
2006-07-11,31.5,-25.0,15.79538
2006-07-12,31.5,-25.0,17.239624
2006-07-13,31.5,-25.0,17.333313
2006-07-14,31.5,-25.0,18.181488
2006-07-15,31.5,-25.0,18.101105
2006-07-16,31.5,-25.0,16.868164
2006-07-17,31.5,-25.0,17.333221
2006-07-18,31.5,-25.0,19.535828
2006-07-19,31.5,-25.0,18.127228
2006-07-20,31.5,-25.0,18.386353
2006-07-21,31.5,-25.0,19.711975
2006-07-22,31.5,-25.0,20.351685
2006-07-23,31.5,-25.0,19.550476
2006-07-24,31.5,-25.0,19.912659
2006-07-25,31.5,-25.0,19.770996
2006-07-26,31.5,-25.0,18.400818
2006-07-27,31.5,-25.0,17.314545
2006-07-28,31.5,-25.0,15.741943
2006-07-29,31.5,-25.0,15.4765625
2006-07-30,31.5,-25.0,16.383667
2006-07-31,31.5,-25.0,19.939941
2006-08-01,31.5,-25.0,20.131927
2006-08-02,31.5,-25.0,16.0
2006-08-03,31.5,-25.0,16.605194
2006-08-04,31.5,-25.0,16.053345
2006-08-05,31.5,-25.0,14.787872
2006-08-06,31.5,-25.0,15.159393
2006-08-07,31.5,-25.0,17.659485
2006-08-08,31.5,-25.0,19.25824
2006-08-09,31.5,-25.0,18.446259
2006-08-10,31.5,-25.0,17.901398
2006-08-11,31.5,-25.0,18.87912
2006-08-12,31.5,-25.0,20.993134
2006-08-13,31.5,-25.0,17.71402
2006-08-14,31.5,-25.0,19.677612
2006-08-15,31.5,-25.0,22.492615
2006-08-16,31.5,-25.0,16.390045
2006-08-17,31.5,-25.0,16.140839
2006-08-18,31.5,-25.0,16.649689
2006-08-19,31.5,-25.0,19.053192
2006-08-20,31.5,-25.0,18.489471
2006-08-21,31.5,-25.0,18.526154
2006-08-22,31.5,-25.0,18.460419
2006-08-23,31.5,-25.0,19.372864
2006-08-24,31.5,-25.0,19.286407
2006-08-25,31.5,-25.0,18.161835
2006-08-26,31.5,-25.0,17.731659
2006-08-27,31.5,-25.0,17.737366
2006-08-28,31.5,-25.0,17.750275
2006-08-29,31.5,-25.0,22.053894
2006-08-30,31.5,-25.0,16.368256
2006-08-31,31.5,-25.0,14.581024
2006-09-01,31.5,-25.0,15.091888
2006-09-02,31.5,-25.0,17.818298
2006-09-03,31.5,-25.0,18.672333
2006-09-04,31.5,-25.0,18.418518
2006-09-05,31.5,-25.0,19.641907
2006-09-06,31.5,-25.0,21.805298
2006-09-07,31.5,-25.0,20.071228
2006-09-08,31.5,-25.0,19.02356
2006-09-09,31.5,-25.0,19.648102
2006-09-10,31.5,-25.0,20.339142
2006-09-11,31.5,-25.0,21.062744
2006-09-12,31.5,-25.0,22.192749
2006-09-13,31.5,-25.0,19.678497
2006-09-14,31.5,-25.0,20.764252
2006-09-15,31.5,-25.0,22.811401
2006-09-16,31.5,-25.0,26.2052
2006-09-17,31.5,-25.0,23.621246
2006-09-18,31.5,-25.0,17.209686
2006-09-19,31.5,-25.0,18.48108
2006-09-20,31.5,-25.0,18.6987
2006-09-21,31.5,-25.0,17.834625
2006-09-22,31.5,-25.0,19.410614
2006-09-23,31.5,-25.0,22.831757
2006-09-24,31.5,-25.0,21.236908
2006-09-25,31.5,-25.0,24.20282
2006-09-26,31.5,-25.0,21.492706
2006-09-27,31.5,-25.0,21.367157
2006-09-28,31.5,-25.0,23.459167
2006-09-29,31.5,-25.0,24.344757
2006-09-30,31.5,-25.0,25.13977
2006-10-01,31.5,-25.0,27.778137
2006-10-02,31.5,-25.0,23.397339
2006-10-03,31.5,-25.0,18.562988
2006-10-04,31.5,-25.0,21.135742
2006-10-05,31.5,-25.0,21.802246
2006-10-06,31.5,-25.0,21.272186
2006-10-07,31.5,-25.0,21.989319
2006-10-08,31.5,-25.0,22.290588
2006-10-09,31.5,-25.0,21.098572
2006-10-10,31.5,-25.0,18.8891
2006-10-11,31.5,-25.0,19.502106
2006-10-12,31.5,-25.0,19.822388
2006-10-13,31.5,-25.0,20.834137
2006-10-14,31.5,-25.0,21.692047
2006-10-15,31.5,-25.0,23.552795
2006-10-16,31.5,-25.0,25.716766
2006-10-17,31.5,-25.0,27.431244
2006-10-18,31.5,-25.0,22.335358
2006-10-19,31.5,-25.0,22.309814
2006-10-20,31.5,-25.0,26.309814
2006-10-21,31.5,-25.0,27.10086
2006-10-22,31.5,-25.0,24.932312
2006-10-23,31.5,-25.0,24.864075
2006-10-24,31.5,-25.0,28.213257
2006-10-25,31.5,-25.0,26.152527
2006-10-26,31.5,-25.0,27.176697
2006-10-27,31.5,-25.0,21.094025
2006-10-28,31.5,-25.0,23.062378
2006-10-29,31.5,-25.0,27.291473
2006-10-30,31.5,-25.0,28.036957
2006-10-31,31.5,-25.0,30.434357
2006-11-01,31.5,-25.0,25.425018
2006-11-02,31.5,-25.0,29.464996
2006-11-03,31.5,-25.0,30.477478
2006-11-04,31.5,-25.0,25.701935
2006-11-05,31.5,-25.0,22.776855
2006-11-06,31.5,-25.0,18.125305
2006-11-07,31.5,-25.0,19.516449
2006-11-08,31.5,-25.0,20.904968
2006-11-09,31.5,-25.0,25.111328
2006-11-10,31.5,-25.0,26.873322
2006-11-11,31.5,-25.0,26.88919
2006-11-12,31.5,-25.0,21.324097
2006-11-13,31.5,-25.0,21.109222
2006-11-14,31.5,-25.0,24.966248
2006-11-15,31.5,-25.0,26.290771
2006-11-16,31.5,-25.0,25.713959
2006-11-17,31.5,-25.0,26.296234
2006-11-18,31.5,-25.0,20.783325
2006-11-19,31.5,-25.0,19.237274
2006-11-20,31.5,-25.0,22.599915
2006-11-21,31.5,-25.0,26.386322
2006-11-22,31.5,-25.0,23.546997
2006-11-23,31.5,-25.0,22.699127
2006-11-24,31.5,-25.0,25.672089
2006-11-25,31.5,-25.0,21.769012
2006-11-26,31.5,-25.0,21.444672
2006-11-27,31.5,-25.0,25.237915
2006-11-28,31.5,-25.0,23.668701
2006-11-29,31.5,-25.0,24.298676
2006-11-30,31.5,-25.0,25.916748
2006-12-01,31.5,-25.0,26.770142
2006-12-02,31.5,-25.0,26.892395
2006-12-03,31.5,-25.0,29.446594
2006-12-04,31.5,-25.0,30.312164
2006-12-05,31.5,-25.0,23.19751
2006-12-06,31.5,-25.0,23.235596
2006-12-07,31.5,-25.0,26.419037
2006-12-08,31.5,-25.0,28.12149
2006-12-09,31.5,-25.0,27.107574
2006-12-10,31.5,-25.0,24.644928
2006-12-11,31.5,-25.0,18.437561
2006-12-12,31.5,-25.0,21.842133
2006-12-13,31.5,-25.0,23.766937
2006-12-14,31.5,-25.0,26.302734
2006-12-15,31.5,-25.0,27.900574
2006-12-16,31.5,-25.0,27.391418
2006-12-17,31.5,-25.0,28.867401
2006-12-18,31.5,-25.0,28.722015
2006-12-19,31.5,-25.0,26.383331
2006-12-20,31.5,-25.0,27.012207
2006-12-21,31.5,-25.0,26.14383
2006-12-22,31.5,-25.0,26.523071
2006-12-23,31.5,-25.0,27.382538
2006-12-24,31.5,-25.0,26.94809
2006-12-25,31.5,-25.0,25.364746
2006-12-26,31.5,-25.0,28.497467
2006-12-27,31.5,-25.0,29.882446
2006-12-28,31.5,-25.0,27.227844
2006-12-29,31.5,-25.0,29.388428
2006-12-30,31.5,-25.0,27.528076
2006-12-31,31.5,-25.0,23.31134
2007-01-01,31.5,-25.0,19.104828
2007-01-02,31.5,-25.0,21.157928
2007-01-03,31.5,-25.0,22.886993
2007-01-04,31.5,-25.0,25.053497
2007-01-05,31.5,-25.0,25.944
2007-01-06,31.5,-25.0,26.20877
2007-01-07,31.5,-25.0,27.775421
2007-01-08,31.5,-25.0,22.243195
2007-01-09,31.5,-25.0,23.942444
2007-01-10,31.5,-25.0,25.168243
2007-01-11,31.5,-25.0,25.649597
2007-01-12,31.5,-25.0,26.621277
2007-01-13,31.5,-25.0,27.004059
2007-01-14,31.5,-25.0,28.0802
2007-01-15,31.5,-25.0,30.195374
2007-01-16,31.5,-25.0,31.223724
2007-01-17,31.5,-25.0,25.259308
2007-01-18,31.5,-25.0,26.830292
2007-01-19,31.5,-25.0,26.124542
2007-01-20,31.5,-25.0,24.473938
2007-01-21,31.5,-25.0,23.798279
2007-01-22,31.5,-25.0,26.404419
2007-01-23,31.5,-25.0,27.58603
2007-01-24,31.5,-25.0,27.096222
2007-01-25,31.5,-25.0,26.494263
2007-01-26,31.5,-25.0,27.046295
2007-01-27,31.5,-25.0,28.981445
2007-01-28,31.5,-25.0,26.621857
2007-01-29,31.5,-25.0,27.237732
2007-01-30,31.5,-25.0,27.679901
2007-01-31,31.5,-25.0,25.346771
2007-02-01,31.5,-25.0,28.361542
2007-02-02,31.5,-25.0,26.505829
2007-02-03,31.5,-25.0,27.305267
2007-02-04,31.5,-25.0,28.918152
2007-02-05,31.5,-25.0,26.750427
2007-02-06,31.5,-25.0,27.47107
2007-02-07,31.5,-25.0,24.073425
2007-02-08,31.5,-25.0,26.481323
2007-02-09,31.5,-25.0,26.348206
2007-02-10,31.5,-25.0,26.74533
2007-02-11,31.5,-25.0,26.277435
2007-02-12,31.5,-25.0,24.010193
2007-02-13,31.5,-25.0,23.30838
2007-02-14,31.5,-25.0,23.892975
2007-02-15,31.5,-25.0,23.839783
2007-02-16,31.5,-25.0,26.27304
2007-02-17,31.5,-25.0,24.605286
2007-02-18,31.5,-25.0,25.419281
2007-02-19,31.5,-25.0,25.41806
2007-02-20,31.5,-25.0,26.332367
2007-02-21,31.5,-25.0,26.839294
2007-02-22,31.5,-25.0,27.079834
2007-02-23,31.5,-25.0,26.21222
2007-02-24,31.5,-25.0,26.582428
2007-02-25,31.5,-25.0,24.004242
2007-02-26,31.5,-25.0,25.014069
2007-02-27,31.5,-25.0,25.275848
2007-02-28,31.5,-25.0,25.113525
2007-03-01,31.5,-25.0,25.268555
2007-03-02,31.5,-25.0,25.247742
2007-03-03,31.5,-25.0,26.166138
2007-03-04,31.5,-25.0,27.29245
2007-03-05,31.5,-25.0,26.722778
2007-03-06,31.5,-25.0,25.342133
2007-03-07,31.5,-25.0,24.452026
2007-03-08,31.5,-25.0,23.658875
2007-03-09,31.5,-25.0,23.916504
2007-03-10,31.5,-25.0,23.990997
2007-03-11,31.5,-25.0,24.825378
2007-03-12,31.5,-25.0,26.764587
2007-03-13,31.5,-25.0,27.608093
2007-03-14,31.5,-25.0,26.318054
2007-03-15,31.5,-25.0,26.629791
2007-03-16,31.5,-25.0,27.976349
2007-03-17,31.5,-25.0,27.671844
2007-03-18,31.5,-25.0,21.2706
2007-03-19,31.5,-25.0,20.314117
2007-03-20,31.5,-25.0,24.046936
2007-03-21,31.5,-25.0,27.553955
2007-03-22,31.5,-25.0,29.612366
2007-03-23,31.5,-25.0,31.472198
2007-03-24,31.5,-25.0,26.333069
2007-03-25,31.5,-25.0,26.046417
2007-03-26,31.5,-25.0,27.745361
2007-03-27,31.5,-25.0,25.245697
2007-03-28,31.5,-25.0,22.772278
2007-03-29,31.5,-25.0,22.613739
2007-03-30,31.5,-25.0,20.386444
2007-03-31,31.5,-25.0,21.315155
2007-04-01,31.5,-25.0,22.697205
2007-04-02,31.5,-25.0,23.074402
2007-04-03,31.5,-25.0,22.485626
2007-04-04,31.5,-25.0,21.777222
2007-04-05,31.5,-25.0,22.158142
2007-04-06,31.5,-25.0,23.972595
2007-04-07,31.5,-25.0,22.940765
2007-04-08,31.5,-25.0,20.239075
2007-04-09,31.5,-25.0,20.866577
2007-04-10,31.5,-25.0,21.758026
2007-04-11,31.5,-25.0,24.549622
2007-04-12,31.5,-25.0,24.039368
2007-04-13,31.5,-25.0,19.409607
2007-04-14,31.5,-25.0,22.202026
2007-04-15,31.5,-25.0,23.756073
2007-04-16,31.5,-25.0,23.972137
2007-04-17,31.5,-25.0,23.997803
2007-04-18,31.5,-25.0,23.809967
2007-04-19,31.5,-25.0,23.255432
2007-04-20,31.5,-25.0,22.902802
2007-04-21,31.5,-25.0,23.245544
2007-04-22,31.5,-25.0,23.06659
2007-04-23,31.5,-25.0,21.552032
2007-04-24,31.5,-25.0,21.166473
2007-04-25,31.5,-25.0,21.866486
2007-04-26,31.5,-25.0,24.862427
2007-04-27,31.5,-25.0,27.578339
2007-04-28,31.5,-25.0,19.887756
2007-04-29,31.5,-25.0,16.48764
2007-04-30,31.5,-25.0,17.61972
2007-05-01,31.5,-25.0,18.729889
2007-05-02,31.5,-25.0,20.210724
2007-05-03,31.5,-25.0,20.72461
2007-05-04,31.5,-25.0,21.049042
2007-05-05,31.5,-25.0,20.043365
2007-05-06,31.5,-25.0,19.71811
2007-05-07,31.5,-25.0,19.271606
2007-05-08,31.5,-25.0,19.475311
2007-05-09,31.5,-25.0,20.338196
2007-05-10,31.5,-25.0,22.307861
2007-05-11,31.5,-25.0,20.54477
2007-05-12,31.5,-25.0,21.153656
2007-05-13,31.5,-25.0,22.572906
2007-05-14,31.5,-25.0,23.518433
2007-05-15,31.5,-25.0,25.24704
2007-05-16,31.5,-25.0,20.581543
2007-05-17,31.5,-25.0,21.572418
2007-05-18,31.5,-25.0,19.89627
2007-05-19,31.5,-25.0,22.19281
2007-05-20,31.5,-25.0,25.500427
2007-05-21,31.5,-25.0,19.897034
2007-05-22,31.5,-25.0,13.604889
2007-05-23,31.5,-25.0,12.5147705
2007-05-24,31.5,-25.0,13.097778
2007-05-25,31.5,-25.0,13.67218
2007-05-26,31.5,-25.0,14.047699
2007-05-27,31.5,-25.0,14.828522
2007-05-28,31.5,-25.0,15.4496765
2007-05-29,31.5,-25.0,17.9234
2007-05-30,31.5,-25.0,18.353516
2007-05-31,31.5,-25.0,18.55368
2007-06-01,31.5,-25.0,18.119781
2007-06-02,31.5,-25.0,18.644257
2007-06-03,31.5,-25.0,17.181091
2007-06-04,31.5,-25.0,18.595398
2007-06-05,31.5,-25.0,19.158966
2007-06-06,31.5,-25.0,18.187225
2007-06-07,31.5,-25.0,16.42868
2007-06-08,31.5,-25.0,16.325256
2007-06-09,31.5,-25.0,16.915222
2007-06-10,31.5,-25.0,16.398956
2007-06-11,31.5,-25.0,18.778809
2007-06-12,31.5,-25.0,18.361206
2007-06-13,31.5,-25.0,18.46231
2007-06-14,31.5,-25.0,19.987823
2007-06-15,31.5,-25.0,18.179413
2007-06-16,31.5,-25.0,16.573029
2007-06-17,31.5,-25.0,17.042542
2007-06-18,31.5,-25.0,18.730347
2007-06-19,31.5,-25.0,17.724518
2007-06-20,31.5,-25.0,16.296295
2007-06-21,31.5,-25.0,16.564117
2007-06-22,31.5,-25.0,16.926239
2007-06-23,31.5,-25.0,15.950989
2007-06-24,31.5,-25.0,16.87143
2007-06-25,31.5,-25.0,17.807648
2007-06-26,31.5,-25.0,19.520508
2007-06-27,31.5,-25.0,17.356476
2007-06-28,31.5,-25.0,17.183197
2007-06-29,31.5,-25.0,17.501892
2007-06-30,31.5,-25.0,17.79126
2007-07-01,31.5,-25.0,17.315216
2007-07-02,31.5,-25.0,14.903931
2007-07-03,31.5,-25.0,15.233551
2007-07-04,31.5,-25.0,14.833374
2007-07-05,31.5,-25.0,14.533569
2007-07-06,31.5,-25.0,15.058075
2007-07-07,31.5,-25.0,16.323029
2007-07-08,31.5,-25.0,18.34613
2007-07-09,31.5,-25.0,15.575043
2007-07-10,31.5,-25.0,14.493988
2007-07-11,31.5,-25.0,16.286316
2007-07-12,31.5,-25.0,17.431885
2007-07-13,31.5,-25.0,16.930511
2007-07-14,31.5,-25.0,14.973419
2007-07-15,31.5,-25.0,15.285706
2007-07-16,31.5,-25.0,15.369965
2007-07-17,31.5,-25.0,16.542297
2007-07-18,31.5,-25.0,16.751709
2007-07-19,31.5,-25.0,17.502625
2007-07-20,31.5,-25.0,17.396149
2007-07-21,31.5,-25.0,19.364319
2007-07-22,31.5,-25.0,18.279816
2007-07-23,31.5,-25.0,19.879364
2007-07-24,31.5,-25.0,20.969727
2007-07-25,31.5,-25.0,20.921387
2007-07-26,31.5,-25.0,19.251862
2007-07-27,31.5,-25.0,22.24466
2007-07-28,31.5,-25.0,17.83371
2007-07-29,31.5,-25.0,17.995483
2007-07-30,31.5,-25.0,17.850586
2007-07-31,31.5,-25.0,17.994354
2007-08-01,31.5,-25.0,20.130707
2007-08-02,31.5,-25.0,21.652832
2007-08-03,31.5,-25.0,22.098907
2007-08-04,31.5,-25.0,18.850311
2007-08-05,31.5,-25.0,15.857849
2007-08-06,31.5,-25.0,15.455261
2007-08-07,31.5,-25.0,17.291138
2007-08-08,31.5,-25.0,16.127869
2007-08-09,31.5,-25.0,15.539246
2007-08-10,31.5,-25.0,17.990631
2007-08-11,31.5,-25.0,20.852234
2007-08-12,31.5,-25.0,19.180603
2007-08-13,31.5,-25.0,20.728027
2007-08-14,31.5,-25.0,23.672333
2007-08-15,31.5,-25.0,24.85846
2007-08-16,31.5,-25.0,18.316986
2007-08-17,31.5,-25.0,16.854736
2007-08-18,31.5,-25.0,17.24887
2007-08-19,31.5,-25.0,19.269897
2007-08-20,31.5,-25.0,21.450714
2007-08-21,31.5,-25.0,22.462067
2007-08-22,31.5,-25.0,21.290436
2007-08-23,31.5,-25.0,22.819
2007-08-24,31.5,-25.0,20.791626
2007-08-25,31.5,-25.0,16.433228
2007-08-26,31.5,-25.0,18.723846
2007-08-27,31.5,-25.0,22.797821
2007-08-28,31.5,-25.0,18.673035
2007-08-29,31.5,-25.0,19.496735
2007-08-30,31.5,-25.0,24.236969
2007-08-31,31.5,-25.0,25.976715
2007-09-01,31.5,-25.0,25.115936
2007-09-02,31.5,-25.0,24.325958
2007-09-03,31.5,-25.0,22.674591
2007-09-04,31.5,-25.0,26.076782
2007-09-05,31.5,-25.0,26.4552
2007-09-06,31.5,-25.0,25.842133
2007-09-07,31.5,-25.0,21.620636
2007-09-08,31.5,-25.0,24.003479
2007-09-09,31.5,-25.0,24.312073
2007-09-10,31.5,-25.0,26.518036
2007-09-11,31.5,-25.0,24.18814
2007-09-12,31.5,-25.0,27.475616
2007-09-13,31.5,-25.0,25.833649
2007-09-14,31.5,-25.0,20.594849
2007-09-15,31.5,-25.0,23.248352
2007-09-16,31.5,-25.0,24.668
2007-09-17,31.5,-25.0,20.14508
2007-09-18,31.5,-25.0,20.108795
2007-09-19,31.5,-25.0,19.758331
2007-09-20,31.5,-25.0,22.138184
2007-09-21,31.5,-25.0,24.785309
2007-09-22,31.5,-25.0,28.751831
2007-09-23,31.5,-25.0,27.40979
2007-09-24,31.5,-25.0,22.143799
2007-09-25,31.5,-25.0,17.212036
2007-09-26,31.5,-25.0,18.967438
2007-09-27,31.5,-25.0,20.202362
2007-09-28,31.5,-25.0,20.964447
2007-09-29,31.5,-25.0,21.056488
2007-09-30,31.5,-25.0,19.216309
2007-10-01,31.5,-25.0,21.222687
2007-10-02,31.5,-25.0,22.684784
2007-10-03,31.5,-25.0,25.682129
2007-10-04,31.5,-25.0,24.906158
2007-10-05,31.5,-25.0,21.612396
2007-10-06,31.5,-25.0,19.775146
2007-10-07,31.5,-25.0,24.62143
2007-10-08,31.5,-25.0,20.574493
2007-10-09,31.5,-25.0,20.691559
2007-10-10,31.5,-25.0,18.604645
2007-10-11,31.5,-25.0,18.101135
2007-10-12,31.5,-25.0,21.550964
2007-10-13,31.5,-25.0,23.61853
2007-10-14,31.5,-25.0,24.853241
2007-10-15,31.5,-25.0,24.250397
2007-10-16,31.5,-25.0,22.6026
2007-10-17,31.5,-25.0,24.853455
2007-10-18,31.5,-25.0,22.980011
2007-10-19,31.5,-25.0,19.760223
2007-10-20,31.5,-25.0,19.123108
2007-10-21,31.5,-25.0,21.016266
2007-10-22,31.5,-25.0,22.430237
2007-10-23,31.5,-25.0,25.247864
2007-10-24,31.5,-25.0,23.057983
2007-10-25,31.5,-25.0,16.797058
2007-10-26,31.5,-25.0,17.107452
2007-10-27,31.5,-25.0,20.228271
2007-10-28,31.5,-25.0,23.914825
2007-10-29,31.5,-25.0,24.063385
2007-10-30,31.5,-25.0,23.552765
2007-10-31,31.5,-25.0,22.301727
2007-11-01,31.5,-25.0,23.648712
2007-11-02,31.5,-25.0,24.477722
2007-11-03,31.5,-25.0,24.966003
2007-11-04,31.5,-25.0,27.395416
2007-11-05,31.5,-25.0,28.453644
2007-11-06,31.5,-25.0,21.344757
2007-11-07,31.5,-25.0,20.950165
2007-11-08,31.5,-25.0,23.114044
2007-11-09,31.5,-25.0,20.667816
2007-11-10,31.5,-25.0,22.640533
2007-11-11,31.5,-25.0,20.415771
2007-11-12,31.5,-25.0,25.19928
2007-11-13,31.5,-25.0,24.496826
2007-11-14,31.5,-25.0,29.540588
2007-11-15,31.5,-25.0,29.928558
2007-11-16,31.5,-25.0,24.783722
2007-11-17,31.5,-25.0,24.514374
2007-11-18,31.5,-25.0,20.276031
2007-11-19,31.5,-25.0,27.404999
2007-11-20,31.5,-25.0,27.528229
2007-11-21,31.5,-25.0,27.485626
2007-11-22,31.5,-25.0,29.660828
2007-11-23,31.5,-25.0,25.731018
2007-11-24,31.5,-25.0,21.412933
2007-11-25,31.5,-25.0,20.383453
2007-11-26,31.5,-25.0,23.646576
2007-11-27,31.5,-25.0,22.1586
2007-11-28,31.5,-25.0,18.626465
2007-11-29,31.5,-25.0,21.179474
2007-11-30,31.5,-25.0,24.163757
2007-12-01,31.5,-25.0,26.169464
2007-12-02,31.5,-25.0,24.795624
2007-12-03,31.5,-25.0,26.874237
2007-12-04,31.5,-25.0,20.82367
2007-12-05,31.5,-25.0,26.010223
2007-12-06,31.5,-25.0,22.191772
2007-12-07,31.5,-25.0,20.464478
2007-12-08,31.5,-25.0,19.8331
2007-12-09,31.5,-25.0,21.997345
2007-12-10,31.5,-25.0,25.90274
2007-12-11,31.5,-25.0,25.722168
2007-12-12,31.5,-25.0,25.452057
2007-12-13,31.5,-25.0,25.190643
2007-12-14,31.5,-25.0,25.83432
2007-12-15,31.5,-25.0,27.194824
2007-12-16,31.5,-25.0,24.701965
2007-12-17,31.5,-25.0,24.158875
2007-12-18,31.5,-25.0,19.063202
2007-12-19,31.5,-25.0,18.56073
2007-12-20,31.5,-25.0,19.486176
2007-12-21,31.5,-25.0,21.856293
2007-12-22,31.5,-25.0,22.875
2007-12-23,31.5,-25.0,23.921906
2007-12-24,31.5,-25.0,23.523682
2007-12-25,31.5,-25.0,23.759003
2007-12-26,31.5,-25.0,27.368744
2007-12-27,31.5,-25.0,22.557373
2007-12-28,31.5,-25.0,23.99759
2007-12-29,31.5,-25.0,22.498657
2007-12-30,31.5,-25.0,23.043945
2007-12-31,31.5,-25.0,23.954193
2008-01-01,31.5,-25.0,25.672638
2008-01-02,31.5,-25.0,27.461761
2008-01-03,31.5,-25.0,28.167267
2008-01-04,31.5,-25.0,24.256317
2008-01-05,31.5,-25.0,25.88855
2008-01-06,31.5,-25.0,26.183868
2008-01-07,31.5,-25.0,27.984283
2008-01-08,31.5,-25.0,22.488403
2008-01-09,31.5,-25.0,17.548492
2008-01-10,31.5,-25.0,18.19867
2008-01-11,31.5,-25.0,22.239532
2008-01-12,31.5,-25.0,25.74527
2008-01-13,31.5,-25.0,27.736115
2008-01-14,31.5,-25.0,27.687225
2008-01-15,31.5,-25.0,27.639587
2008-01-16,31.5,-25.0,29.38327
2008-01-17,31.5,-25.0,22.642548
2008-01-18,31.5,-25.0,22.973816
2008-01-19,31.5,-25.0,22.076569
2008-01-20,31.5,-25.0,24.789368
2008-01-21,31.5,-25.0,25.233826
2008-01-22,31.5,-25.0,24.88266
2008-01-23,31.5,-25.0,24.12387
2008-01-24,31.5,-25.0,24.025757
2008-01-25,31.5,-25.0,24.365906
2008-01-26,31.5,-25.0,23.989197
2008-01-27,31.5,-25.0,23.638916
2008-01-28,31.5,-25.0,25.693634
2008-01-29,31.5,-25.0,25.878906
2008-01-30,31.5,-25.0,25.622192
2008-01-31,31.5,-25.0,26.276947
2008-02-01,31.5,-25.0,26.201355
2008-02-02,31.5,-25.0,26.715515
2008-02-03,31.5,-25.0,29.417969
2008-02-04,31.5,-25.0,26.974426
2008-02-05,31.5,-25.0,26.526764
2008-02-06,31.5,-25.0,26.546783
2008-02-07,31.5,-25.0,26.631683
2008-02-08,31.5,-25.0,25.61502
2008-02-09,31.5,-25.0,23.230377
2008-02-10,31.5,-25.0,23.252838
2008-02-11,31.5,-25.0,24.962982
2008-02-12,31.5,-25.0,27.257446
2008-02-13,31.5,-25.0,22.1893
2008-02-14,31.5,-25.0,24.474152
2008-02-15,31.5,-25.0,25.995117
2008-02-16,31.5,-25.0,25.590515
2008-02-17,31.5,-25.0,26.532654
2008-02-18,31.5,-25.0,27.638092
2008-02-19,31.5,-25.0,27.609802
2008-02-20,31.5,-25.0,26.839142
2008-02-21,31.5,-25.0,26.630219
2008-02-22,31.5,-25.0,27.037994
2008-02-23,31.5,-25.0,27.367126
2008-02-24,31.5,-25.0,26.967865
2008-02-25,31.5,-25.0,25.716217
2008-02-26,31.5,-25.0,27.602966
2008-02-27,31.5,-25.0,28.483826
2008-02-28,31.5,-25.0,27.784668
2008-02-29,31.5,-25.0,26.278076
2008-03-01,31.5,-25.0,26.987518
2008-03-02,31.5,-25.0,29.047089
2008-03-03,31.5,-25.0,27.46402
2008-03-04,31.5,-25.0,27.431427
2008-03-05,31.5,-25.0,26.354462
2008-03-06,31.5,-25.0,26.356812
2008-03-07,31.5,-25.0,26.452911
2008-03-08,31.5,-25.0,26.293945
2008-03-09,31.5,-25.0,26.563477
2008-03-10,31.5,-25.0,28.51944
2008-03-11,31.5,-25.0,29.06491
2008-03-12,31.5,-25.0,27.843506
2008-03-13,31.5,-25.0,24.830322
2008-03-14,31.5,-25.0,25.333405
2008-03-15,31.5,-25.0,25.062653
2008-03-16,31.5,-25.0,17.20102
2008-03-17,31.5,-25.0,19.544434
2008-03-18,31.5,-25.0,22.206665
2008-03-19,31.5,-25.0,25.166565
2008-03-20,31.5,-25.0,25.612335
2008-03-21,31.5,-25.0,24.71228
2008-03-22,31.5,-25.0,25.446259
2008-03-23,31.5,-25.0,22.084503
2008-03-24,31.5,-25.0,23.35202
2008-03-25,31.5,-25.0,25.36258
2008-03-26,31.5,-25.0,25.021667
2008-03-27,31.5,-25.0,23.998474
2008-03-28,31.5,-25.0,25.395844
2008-03-29,31.5,-25.0,24.561432
2008-03-30,31.5,-25.0,24.96811
2008-03-31,31.5,-25.0,24.130585
2008-04-01,31.5,-25.0,22.173004
2008-04-02,31.5,-25.0,20.711731
2008-04-03,31.5,-25.0,20.471191
2008-04-04,31.5,-25.0,21.448181
2008-04-05,31.5,-25.0,25.156982
2008-04-06,31.5,-25.0,26.898895
2008-04-07,31.5,-25.0,24.242554
2008-04-08,31.5,-25.0,21.663574
2008-04-09,31.5,-25.0,21.778412
2008-04-10,31.5,-25.0,23.256775
2008-04-11,31.5,-25.0,23.860382
2008-04-12,31.5,-25.0,22.831848
2008-04-13,31.5,-25.0,20.640625
2008-04-14,31.5,-25.0,21.094666
2008-04-15,31.5,-25.0,20.985382
2008-04-16,31.5,-25.0,23.97055
2008-04-17,31.5,-25.0,23.474121
2008-04-18,31.5,-25.0,24.021576
2008-04-19,31.5,-25.0,26.311035
2008-04-20,31.5,-25.0,24.805725
2008-04-21,31.5,-25.0,16.525787
2008-04-22,31.5,-25.0,18.050568
2008-04-23,31.5,-25.0,17.771515
2008-04-24,31.5,-25.0,18.589142
2008-04-25,31.5,-25.0,20.514862
2008-04-26,31.5,-25.0,23.82373
2008-04-27,31.5,-25.0,21.482635
2008-04-28,31.5,-25.0,21.73169
2008-04-29,31.5,-25.0,20.102203
2008-04-30,31.5,-25.0,20.540527
2008-05-01,31.5,-25.0,21.067078
2008-05-02,31.5,-25.0,18.57663
2008-05-03,31.5,-25.0,18.72702
2008-05-04,31.5,-25.0,20.710175
2008-05-05,31.5,-25.0,22.430847
2008-05-06,31.5,-25.0,21.932526
2008-05-07,31.5,-25.0,21.544708
2008-05-08,31.5,-25.0,20.652435
2008-05-09,31.5,-25.0,22.155151
2008-05-10,31.5,-25.0,24.37268
2008-05-11,31.5,-25.0,26.947205
2008-05-12,31.5,-25.0,22.787262
2008-05-13,31.5,-25.0,22.96759
2008-05-14,31.5,-25.0,21.071564
2008-05-15,31.5,-25.0,22.903687
2008-05-16,31.5,-25.0,23.790619
2008-05-17,31.5,-25.0,22.429626
2008-05-18,31.5,-25.0,21.33493
2008-05-19,31.5,-25.0,20.845673
2008-05-20,31.5,-25.0,19.192749
2008-05-21,31.5,-25.0,18.832245
2008-05-22,31.5,-25.0,18.88382
2008-05-23,31.5,-25.0,18.456512
2008-05-24,31.5,-25.0,18.832092
2008-05-25,31.5,-25.0,18.885254
2008-05-26,31.5,-25.0,19.401978
2008-05-27,31.5,-25.0,18.847687
2008-05-28,31.5,-25.0,19.155731
2008-05-29,31.5,-25.0,19.304932
2008-05-30,31.5,-25.0,20.138824
2008-05-31,31.5,-25.0,22.141113
2008-06-01,31.5,-25.0,19.809448
2008-06-02,31.5,-25.0,20.316193
2008-06-03,31.5,-25.0,19.910767
2008-06-04,31.5,-25.0,19.272186
2008-06-05,31.5,-25.0,16.513062
2008-06-06,31.5,-25.0,16.816895
2008-06-07,31.5,-25.0,18.207977
2008-06-08,31.5,-25.0,17.813202
2008-06-09,31.5,-25.0,16.33664
2008-06-10,31.5,-25.0,15.345306
2008-06-11,31.5,-25.0,17.00769
2008-06-12,31.5,-25.0,18.09967
2008-06-13,31.5,-25.0,18.152222
2008-06-14,31.5,-25.0,18.53183
2008-06-15,31.5,-25.0,18.202332
2008-06-16,31.5,-25.0,18.264587
2008-06-17,31.5,-25.0,18.77356
2008-06-18,31.5,-25.0,18.604279
2008-06-19,31.5,-25.0,17.360992
2008-06-20,31.5,-25.0,17.960846
2008-06-21,31.5,-25.0,18.407745
2008-06-22,31.5,-25.0,19.071747
2008-06-23,31.5,-25.0,19.638824
2008-06-24,31.5,-25.0,19.325867
2008-06-25,31.5,-25.0,17.409027
2008-06-26,31.5,-25.0,16.81549
2008-06-27,31.5,-25.0,17.558594
2008-06-28,31.5,-25.0,17.90384
2008-06-29,31.5,-25.0,16.64627
2008-06-30,31.5,-25.0,16.891998
2008-07-01,31.5,-25.0,17.644928
2008-07-02,31.5,-25.0,19.425293
2008-07-03,31.5,-25.0,20.073212
2008-07-04,31.5,-25.0,21.24295
2008-07-05,31.5,-25.0,22.449036
2008-07-06,31.5,-25.0,17.607422
2008-07-07,31.5,-25.0,17.1279
2008-07-08,31.5,-25.0,21.320892
2008-07-09,31.5,-25.0,23.995728
2008-07-10,31.5,-25.0,18.431702
2008-07-11,31.5,-25.0,16.128235
2008-07-12,31.5,-25.0,15.882843
2008-07-13,31.5,-25.0,13.89621
2008-07-14,31.5,-25.0,14.243713
2008-07-15,31.5,-25.0,15.59967
2008-07-16,31.5,-25.0,18.366425
2008-07-17,31.5,-25.0,17.828796
2008-07-18,31.5,-25.0,16.406647
2008-07-19,31.5,-25.0,17.485962
2008-07-20,31.5,-25.0,17.701843
2008-07-21,31.5,-25.0,18.066864
2008-07-22,31.5,-25.0,17.69458
2008-07-23,31.5,-25.0,18.81424
2008-07-24,31.5,-25.0,17.75238
2008-07-25,31.5,-25.0,18.380768
2008-07-26,31.5,-25.0,18.30539
2008-07-27,31.5,-25.0,20.001099
2008-07-28,31.5,-25.0,19.403229
2008-07-29,31.5,-25.0,17.491852
2008-07-30,31.5,-25.0,20.279327
2008-07-31,31.5,-25.0,22.147858
2008-08-01,31.5,-25.0,21.67279
2008-08-02,31.5,-25.0,19.229034
2008-08-03,31.5,-25.0,17.877258
2008-08-04,31.5,-25.0,17.751556
2008-08-05,31.5,-25.0,18.748444
2008-08-06,31.5,-25.0,19.120148
2008-08-07,31.5,-25.0,21.122498
2008-08-08,31.5,-25.0,18.549042
2008-08-09,31.5,-25.0,19.11148
2008-08-10,31.5,-25.0,17.32257
2008-08-11,31.5,-25.0,17.142303
2008-08-12,31.5,-25.0,19.092804
2008-08-13,31.5,-25.0,21.294525
2008-08-14,31.5,-25.0,21.681519
2008-08-15,31.5,-25.0,21.942291
2008-08-16,31.5,-25.0,23.129791
2008-08-17,31.5,-25.0,15.898041
2008-08-18,31.5,-25.0,15.716766
2008-08-19,31.5,-25.0,18.4935
2008-08-20,31.5,-25.0,20.233917
2008-08-21,31.5,-25.0,20.901947
2008-08-22,31.5,-25.0,21.162872
2008-08-23,31.5,-25.0,21.103424
2008-08-24,31.5,-25.0,21.730072
2008-08-25,31.5,-25.0,24.265411
2008-08-26,31.5,-25.0,21.181274
2008-08-27,31.5,-25.0,20.295532
2008-08-28,31.5,-25.0,25.272125
2008-08-29,31.5,-25.0,22.798248
2008-08-30,31.5,-25.0,24.585876
2008-08-31,31.5,-25.0,26.985352
2008-09-01,31.5,-25.0,19.521088
2008-09-02,31.5,-25.0,19.196991
2008-09-03,31.5,-25.0,21.224396
2008-09-04,31.5,-25.0,20.88855
2008-09-05,31.5,-25.0,25.713135
2008-09-06,31.5,-25.0,19.783936
2008-09-07,31.5,-25.0,22.63736
2008-09-08,31.5,-25.0,28.103394
2008-09-09,31.5,-25.0,28.147919
2008-09-10,31.5,-25.0,27.246124
2008-09-11,31.5,-25.0,18.126587
2008-09-12,31.5,-25.0,16.49826
2008-09-13,31.5,-25.0,17.948334
2008-09-14,31.5,-25.0,20.30838
2008-09-15,31.5,-25.0,24.722229
2008-09-16,31.5,-25.0,26.812408
2008-09-17,31.5,-25.0,18.810272
2008-09-18,31.5,-25.0,21.878052
2008-09-19,31.5,-25.0,24.632141
2008-09-20,31.5,-25.0,16.5542
2008-09-21,31.5,-25.0,17.558899
2008-09-22,31.5,-25.0,19.123566
2008-09-23,31.5,-25.0,26.516083
2008-09-24,31.5,-25.0,25.684998
2008-09-25,31.5,-25.0,21.508392
2008-09-26,31.5,-25.0,28.320374
2008-09-27,31.5,-25.0,19.166046
2008-09-28,31.5,-25.0,17.345764
2008-09-29,31.5,-25.0,22.471344
2008-09-30,31.5,-25.0,27.983368
2008-10-01,31.5,-25.0,22.912964
2008-10-02,31.5,-25.0,30.179443
2008-10-03,31.5,-25.0,21.632996
2008-10-04,31.5,-25.0,22.343964
2008-10-05,31.5,-25.0,20.311584
2008-10-06,31.5,-25.0,18.204346
2008-10-07,31.5,-25.0,20.712738
2008-10-08,31.5,-25.0,26.309174
2008-10-09,31.5,-25.0,27.329163
2008-10-10,31.5,-25.0,21.509155
2008-10-11,31.5,-25.0,22.468292
2008-10-12,31.5,-25.0,25.783752
2008-10-13,31.5,-25.0,29.078613
2008-10-14,31.5,-25.0,25.322815
2008-10-15,31.5,-25.0,22.37497
2008-10-16,31.5,-25.0,24.860687
2008-10-17,31.5,-25.0,25.666718
2008-10-18,31.5,-25.0,21.5755
2008-10-19,31.5,-25.0,24.744904
2008-10-20,31.5,-25.0,27.201324
2008-10-21,31.5,-25.0,25.926483
2008-10-22,31.5,-25.0,27.160706
2008-10-23,31.5,-25.0,18.633728
2008-10-24,31.5,-25.0,23.851654
2008-10-25,31.5,-25.0,18.388397
2008-10-26,31.5,-25.0,19.096832
2008-10-27,31.5,-25.0,25.782654
2008-10-28,31.5,-25.0,25.137573
2008-10-29,31.5,-25.0,24.132843
2008-10-30,31.5,-25.0,28.051056
2008-10-31,31.5,-25.0,23.732819
2008-11-01,31.5,-25.0,27.47168
2008-11-02,31.5,-25.0,30.890472
2008-11-03,31.5,-25.0,29.278168
2008-11-04,31.5,-25.0,18.95285
2008-11-05,31.5,-25.0,21.204895
2008-11-06,31.5,-25.0,24.12387
2008-11-07,31.5,-25.0,26.245667
2008-11-08,31.5,-25.0,17.379425
2008-11-09,31.5,-25.0,17.526459
2008-11-10,31.5,-25.0,23.695007
2008-11-11,31.5,-25.0,25.828522
2008-11-12,31.5,-25.0,22.973663
2008-11-13,31.5,-25.0,24.515808
2008-11-14,31.5,-25.0,24.835663
2008-11-15,31.5,-25.0,24.140228
2008-11-16,31.5,-25.0,22.5018
2008-11-17,31.5,-25.0,22.988464
2008-11-18,31.5,-25.0,20.130768
2008-11-19,31.5,-25.0,19.990936
2008-11-20,31.5,-25.0,22.382751
2008-11-21,31.5,-25.0,22.304596
2008-11-22,31.5,-25.0,23.864258
2008-11-23,31.5,-25.0,24.93045
2008-11-24,31.5,-25.0,25.551422
2008-11-25,31.5,-25.0,26.585388
2008-11-26,31.5,-25.0,25.454437
2008-11-27,31.5,-25.0,26.573608
2008-11-28,31.5,-25.0,28.36499
2008-11-29,31.5,-25.0,29.628479
2008-11-30,31.5,-25.0,29.236115
2008-12-01,31.5,-25.0,22.66977
2008-12-02,31.5,-25.0,27.968597
2008-12-03,31.5,-25.0,28.374603
2008-12-04,31.5,-25.0,26.572388
2008-12-05,31.5,-25.0,25.443512
2008-12-06,31.5,-25.0,23.958069
2008-12-07,31.5,-25.0,24.402985
2008-12-08,31.5,-25.0,25.255066
2008-12-09,31.5,-25.0,27.28952
2008-12-10,31.5,-25.0,27.793365
2008-12-11,31.5,-25.0,28.774933
2008-12-12,31.5,-25.0,26.315765
2008-12-13,31.5,-25.0,26.646027
2008-12-14,31.5,-25.0,29.048279
2008-12-15,31.5,-25.0,24.208466
2008-12-16,31.5,-25.0,20.825989
2008-12-17,31.5,-25.0,24.166534
2008-12-18,31.5,-25.0,25.229065
2008-12-19,31.5,-25.0,26.340332
2008-12-20,31.5,-25.0,27.504608
2008-12-21,31.5,-25.0,29.062805
2008-12-22,31.5,-25.0,29.41809
2008-12-23,31.5,-25.0,28.106842
2008-12-24,31.5,-25.0,26.852905
2008-12-25,31.5,-25.0,19.164581
2008-12-26,31.5,-25.0,21.77597
2008-12-27,31.5,-25.0,24.081299
2008-12-28,31.5,-25.0,23.148773
2008-12-29,31.5,-25.0,24.733185
2008-12-30,31.5,-25.0,24.06186
2008-12-31,31.5,-25.0,23.036316
2009-01-01,31.5,-25.0,24.57022
2009-01-02,31.5,-25.0,24.69989
2009-01-03,31.5,-25.0,25.336731
2009-01-04,31.5,-25.0,26.806305
2009-01-05,31.5,-25.0,23.696716
2009-01-06,31.5,-25.0,25.778748
2009-01-07,31.5,-25.0,28.907684
2009-01-08,31.5,-25.0,29.670105
2009-01-09,31.5,-25.0,30.80133
2009-01-10,31.5,-25.0,29.10492
2009-01-11,31.5,-25.0,23.126251
2009-01-12,31.5,-25.0,26.047363
2009-01-13,31.5,-25.0,24.553497
2009-01-14,31.5,-25.0,26.382446
2009-01-15,31.5,-25.0,24.772614
2009-01-16,31.5,-25.0,27.47583
2009-01-17,31.5,-25.0,29.979584
2009-01-18,31.5,-25.0,24.019318
2009-01-19,31.5,-25.0,25.1922
2009-01-20,31.5,-25.0,22.179443
2009-01-21,31.5,-25.0,24.305298
2009-01-22,31.5,-25.0,26.903748
2009-01-23,31.5,-25.0,26.655762
2009-01-24,31.5,-25.0,24.488129
2009-01-25,31.5,-25.0,27.803589
2009-01-26,31.5,-25.0,28.862762
2009-01-27,31.5,-25.0,29.069702
2009-01-28,31.5,-25.0,23.983612
2009-01-29,31.5,-25.0,24.809113
2009-01-30,31.5,-25.0,25.203247
2009-01-31,31.5,-25.0,24.63385
2009-02-01,31.5,-25.0,25.623291
2009-02-02,31.5,-25.0,26.932556
2009-02-03,31.5,-25.0,28.752594
2009-02-04,31.5,-25.0,20.819092
2009-02-05,31.5,-25.0,21.107147
2009-02-06,31.5,-25.0,22.1427
2009-02-07,31.5,-25.0,22.397552
2009-02-08,31.5,-25.0,23.355774
2009-02-09,31.5,-25.0,25.171997
2009-02-10,31.5,-25.0,25.823486
2009-02-11,31.5,-25.0,23.530853
2009-02-12,31.5,-25.0,20.113983
2009-02-13,31.5,-25.0,22.732544
2009-02-14,31.5,-25.0,25.12558
2009-02-15,31.5,-25.0,26.328735
2009-02-16,31.5,-25.0,25.199371
2009-02-17,31.5,-25.0,25.009491
2009-02-18,31.5,-25.0,27.266754
2009-02-19,31.5,-25.0,29.174408
2009-02-20,31.5,-25.0,27.226044
2009-02-21,31.5,-25.0,27.412903
2009-02-22,31.5,-25.0,27.726868
2009-02-23,31.5,-25.0,22.979889
2009-02-24,31.5,-25.0,22.688477
2009-02-25,31.5,-25.0,24.903748
2009-02-26,31.5,-25.0,26.254211
2009-02-27,31.5,-25.0,25.790619
2009-02-28,31.5,-25.0,26.189667
2009-03-01,31.5,-25.0,21.565247
2009-03-02,31.5,-25.0,23.05655
2009-03-03,31.5,-25.0,24.537964
2009-03-04,31.5,-25.0,24.37912
2009-03-05,31.5,-25.0,23.604645
2009-03-06,31.5,-25.0,23.589417
2009-03-07,31.5,-25.0,24.421783
2009-03-08,31.5,-25.0,25.69577
2009-03-09,31.5,-25.0,22.986359
2009-03-10,31.5,-25.0,23.041412
2009-03-11,31.5,-25.0,24.096985
2009-03-12,31.5,-25.0,23.614868
2009-03-13,31.5,-25.0,23.549255
2009-03-14,31.5,-25.0,23.845764
2009-03-15,31.5,-25.0,23.335236
2009-03-16,31.5,-25.0,24.397552
2009-03-17,31.5,-25.0,24.958405
2009-03-18,31.5,-25.0,20.366455
2009-03-19,31.5,-25.0,24.30539
2009-03-20,31.5,-25.0,23.139587
2009-03-21,31.5,-25.0,22.579773
2009-03-22,31.5,-25.0,21.958282
2009-03-23,31.5,-25.0,22.813995
2009-03-24,31.5,-25.0,22.580566
2009-03-25,31.5,-25.0,24.024597
2009-03-26,31.5,-25.0,24.520844
2009-03-27,31.5,-25.0,23.791748
2009-03-28,31.5,-25.0,24.538605
2009-03-29,31.5,-25.0,25.304749
2009-03-30,31.5,-25.0,24.344604
2009-03-31,31.5,-25.0,25.753693
2009-04-01,31.5,-25.0,25.068726
2009-04-02,31.5,-25.0,25.035187
2009-04-03,31.5,-25.0,23.667175
2009-04-04,31.5,-25.0,22.195892
2009-04-05,31.5,-25.0,22.751953
2009-04-06,31.5,-25.0,24.773376
2009-04-07,31.5,-25.0,23.149323
2009-04-08,31.5,-25.0,22.48175
2009-04-09,31.5,-25.0,22.600433
2009-04-10,31.5,-25.0,22.763306
2009-04-11,31.5,-25.0,21.783203
2009-04-12,31.5,-25.0,23.547028
2009-04-13,31.5,-25.0,21.822113
2009-04-14,31.5,-25.0,20.13095
2009-04-15,31.5,-25.0,20.436646
2009-04-16,31.5,-25.0,19.856323
2009-04-17,31.5,-25.0,19.635986
2009-04-18,31.5,-25.0,22.191223
2009-04-19,31.5,-25.0,24.12323
2009-04-20,31.5,-25.0,23.447937
2009-04-21,31.5,-25.0,17.754333
2009-04-22,31.5,-25.0,17.665375
2009-04-23,31.5,-25.0,18.124298
2009-04-24,31.5,-25.0,20.37503
2009-04-25,31.5,-25.0,22.318634
2009-04-26,31.5,-25.0,23.597046
2009-04-27,31.5,-25.0,20.70633
2009-04-28,31.5,-25.0,21.03888
2009-04-29,31.5,-25.0,21.917664
2009-04-30,31.5,-25.0,24.099121
2009-05-01,31.5,-25.0,24.85498
2009-05-02,31.5,-25.0,24.334473
2009-05-03,31.5,-25.0,23.1344
2009-05-04,31.5,-25.0,21.80133
2009-05-05,31.5,-25.0,22.951721
2009-05-06,31.5,-25.0,23.880249
2009-05-07,31.5,-25.0,22.369202
2009-05-08,31.5,-25.0,19.781464
2009-05-09,31.5,-25.0,19.061981
2009-05-10,31.5,-25.0,18.527344
2009-05-11,31.5,-25.0,18.018677
2009-05-12,31.5,-25.0,17.516296
2009-05-13,31.5,-25.0,17.04187
2009-05-14,31.5,-25.0,17.820984
2009-05-15,31.5,-25.0,19.08545
2009-05-16,31.5,-25.0,21.242432
2009-05-17,31.5,-25.0,22.901031
2009-05-18,31.5,-25.0,18.958405
2009-05-19,31.5,-25.0,19.169647
2009-05-20,31.5,-25.0,19.402527
2009-05-21,31.5,-25.0,18.92212
2009-05-22,31.5,-25.0,18.267242
2009-05-23,31.5,-25.0,19.600647
2009-05-24,31.5,-25.0,19.480774
2009-05-25,31.5,-25.0,21.33844
2009-05-26,31.5,-25.0,19.577698
2009-05-27,31.5,-25.0,19.217651
2009-05-28,31.5,-25.0,19.164948
2009-05-29,31.5,-25.0,20.56137
2009-05-30,31.5,-25.0,22.092773
2009-05-31,31.5,-25.0,20.440796
2009-06-01,31.5,-25.0,19.116821
2009-06-02,31.5,-25.0,18.087006
2009-06-03,31.5,-25.0,20.18518
2009-06-04,31.5,-25.0,21.270325
2009-06-05,31.5,-25.0,20.54477
2009-06-06,31.5,-25.0,22.853973
2009-06-07,31.5,-25.0,20.718903
2009-06-08,31.5,-25.0,17.628296
2009-06-09,31.5,-25.0,17.031036
2009-06-10,31.5,-25.0,17.35019
2009-06-11,31.5,-25.0,17.012512
2009-06-12,31.5,-25.0,18.519165
2009-06-13,31.5,-25.0,18.668274
2009-06-14,31.5,-25.0,19.926636
2009-06-15,31.5,-25.0,20.137115
2009-06-16,31.5,-25.0,22.56784
2009-06-17,31.5,-25.0,19.95169
2009-06-18,31.5,-25.0,20.763214
2009-06-19,31.5,-25.0,18.989319
2009-06-20,31.5,-25.0,18.580078
2009-06-21,31.5,-25.0,19.900452
2009-06-22,31.5,-25.0,21.54187
2009-06-23,31.5,-25.0,22.042664
2009-06-24,31.5,-25.0,18.62265
2009-06-25,31.5,-25.0,19.117218
2009-06-26,31.5,-25.0,15.051788
2009-06-27,31.5,-25.0,13.915558
2009-06-28,31.5,-25.0,16.548035
2009-06-29,31.5,-25.0,14.447174
2009-06-30,31.5,-25.0,13.682007
2009-07-01,31.5,-25.0,13.86087
2009-07-02,31.5,-25.0,14.474701
2009-07-03,31.5,-25.0,15.678925
2009-07-04,31.5,-25.0,16.527191
2009-07-05,31.5,-25.0,16.12326
2009-07-06,31.5,-25.0,16.611816
2009-07-07,31.5,-25.0,17.235687
2009-07-08,31.5,-25.0,16.162964
2009-07-09,31.5,-25.0,16.911835
2009-07-10,31.5,-25.0,16.67044
2009-07-11,31.5,-25.0,17.239105
2009-07-12,31.5,-25.0,20.124817
2009-07-13,31.5,-25.0,19.792572
2009-07-14,31.5,-25.0,20.790161
2009-07-15,31.5,-25.0,17.4328
2009-07-16,31.5,-25.0,16.0578
2009-07-17,31.5,-25.0,15.225616
2009-07-18,31.5,-25.0,14.805084
2009-07-19,31.5,-25.0,14.430481
2009-07-20,31.5,-25.0,14.678894
2009-07-21,31.5,-25.0,14.353424
2009-07-22,31.5,-25.0,16.364746
2009-07-23,31.5,-25.0,18.22934
2009-07-24,31.5,-25.0,14.019623
2009-07-25,31.5,-25.0,13.049469
2009-07-26,31.5,-25.0,13.841187
2009-07-27,31.5,-25.0,14.991058
2009-07-28,31.5,-25.0,15.919922
2009-07-29,31.5,-25.0,17.092926
2009-07-30,31.5,-25.0,17.978424
2009-07-31,31.5,-25.0,18.465424
2009-08-01,31.5,-25.0,18.371277
2009-08-02,31.5,-25.0,16.591095
2009-08-03,31.5,-25.0,17.273468
2009-08-04,31.5,-25.0,18.698883
2009-08-05,31.5,-25.0,21.2164
2009-08-06,31.5,-25.0,20.26297
2009-08-07,31.5,-25.0,20.346619
2009-08-08,31.5,-25.0,19.878052
2009-08-09,31.5,-25.0,19.488434
2009-08-10,31.5,-25.0,20.709381
2009-08-11,31.5,-25.0,20.995392
2009-08-12,31.5,-25.0,22.247711
2009-08-13,31.5,-25.0,19.392426
2009-08-14,31.5,-25.0,18.100098
2009-08-15,31.5,-25.0,18.098633
2009-08-16,31.5,-25.0,17.104675
2009-08-17,31.5,-25.0,18.329529
2009-08-18,31.5,-25.0,17.917572
2009-08-19,31.5,-25.0,19.595612
2009-08-20,31.5,-25.0,17.000092
2009-08-21,31.5,-25.0,16.847229
2009-08-22,31.5,-25.0,17.363739
2009-08-23,31.5,-25.0,18.780731
2009-08-24,31.5,-25.0,18.019714
2009-08-25,31.5,-25.0,17.308502
2009-08-26,31.5,-25.0,20.796692
2009-08-27,31.5,-25.0,19.323242
2009-08-28,31.5,-25.0,16.897797
2009-08-29,31.5,-25.0,18.564728
2009-08-30,31.5,-25.0,22.912018
2009-08-31,31.5,-25.0,23.985779
2009-09-01,31.5,-25.0,25.861511
2009-09-02,31.5,-25.0,26.563324
2009-09-03,31.5,-25.0,25.213379
2009-09-04,31.5,-25.0,22.914215
2009-09-05,31.5,-25.0,23.482727
2009-09-06,31.5,-25.0,22.622467
2009-09-07,31.5,-25.0,25.726837
2009-09-08,31.5,-25.0,27.24121
2009-09-09,31.5,-25.0,19.66388
2009-09-10,31.5,-25.0,19.22467
2009-09-11,31.5,-25.0,18.931854
2009-09-12,31.5,-25.0,19.462372
2009-09-13,31.5,-25.0,24.119476
2009-09-14,31.5,-25.0,26.6521
2009-09-15,31.5,-25.0,26.449066
2009-09-16,31.5,-25.0,23.569061
2009-09-17,31.5,-25.0,26.176239
2009-09-18,31.5,-25.0,20.55478
2009-09-19,31.5,-25.0,19.83078
2009-09-20,31.5,-25.0,19.187164
2009-09-21,31.5,-25.0,24.476807
2009-09-22,31.5,-25.0,19.97461
2009-09-23,31.5,-25.0,19.348358
2009-09-24,31.5,-25.0,21.802826
2009-09-25,31.5,-25.0,23.103088
2009-09-26,31.5,-25.0,25.56076
2009-09-27,31.5,-25.0,28.755829
2009-09-28,31.5,-25.0,20.0784
2009-09-29,31.5,-25.0,17.997253
2009-09-30,31.5,-25.0,20.157349
2009-10-01,31.5,-25.0,21.614624
2009-10-02,31.5,-25.0,20.458069
2009-10-03,31.5,-25.0,21.413116
2009-10-04,31.5,-25.0,20.682037
2009-10-05,31.5,-25.0,24.233917
2009-10-06,31.5,-25.0,26.13852
2009-10-07,31.5,-25.0,29.177246
2009-10-08,31.5,-25.0,27.03122
2009-10-09,31.5,-25.0,22.598206
2009-10-10,31.5,-25.0,22.95819
2009-10-11,31.5,-25.0,23.938416
2009-10-12,31.5,-25.0,26.50418
2009-10-13,31.5,-25.0,26.892975
2009-10-14,31.5,-25.0,21.800873
2009-10-15,31.5,-25.0,25.327423
2009-10-16,31.5,-25.0,29.424072
2009-10-17,31.5,-25.0,23.662842
2009-10-18,31.5,-25.0,20.778198
2009-10-19,31.5,-25.0,20.388306
2009-10-20,31.5,-25.0,21.946228
2009-10-21,31.5,-25.0,25.816284
2009-10-22,31.5,-25.0,20.999786
2009-10-23,31.5,-25.0,23.453705
2009-10-24,31.5,-25.0,27.924683
2009-10-25,31.5,-25.0,29.139862
2009-10-26,31.5,-25.0,22.130066
2009-10-27,31.5,-25.0,22.033112
2009-10-28,31.5,-25.0,24.81247
2009-10-29,31.5,-25.0,20.56604
2009-10-30,31.5,-25.0,17.413239
2009-10-31,31.5,-25.0,19.714447
2009-11-01,31.5,-25.0,22.092407
2009-11-02,31.5,-25.0,22.576355
2009-11-03,31.5,-25.0,21.975006
2009-11-04,31.5,-25.0,20.402496
2009-11-05,31.5,-25.0,24.809875
2009-11-06,31.5,-25.0,27.011658
2009-11-07,31.5,-25.0,24.783722
2009-11-08,31.5,-25.0,28.125
2009-11-09,31.5,-25.0,28.767883
2009-11-10,31.5,-25.0,25.114136
2009-11-11,31.5,-25.0,25.914703
2009-11-12,31.5,-25.0,28.73526
2009-11-13,31.5,-25.0,29.41983
2009-11-14,31.5,-25.0,27.009827
2009-11-15,31.5,-25.0,19.973358
2009-11-16,31.5,-25.0,17.366058
2009-11-17,31.5,-25.0,16.643494
2009-11-18,31.5,-25.0,19.472473
2009-11-19,31.5,-25.0,17.379303
2009-11-20,31.5,-25.0,16.354797
2009-11-21,31.5,-25.0,16.925293
2009-11-22,31.5,-25.0,22.698425
2009-11-23,31.5,-25.0,22.78894
2009-11-24,31.5,-25.0,23.441895
2009-11-25,31.5,-25.0,24.099152
2009-11-26,31.5,-25.0,26.551117
2009-11-27,31.5,-25.0,22.973541
2009-11-28,31.5,-25.0,21.977814
2009-11-29,31.5,-25.0,26.235962
2009-11-30,31.5,-25.0,26.103546
2009-12-01,31.5,-25.0,20.829926
2009-12-02,31.5,-25.0,23.37085
2009-12-03,31.5,-25.0,26.782776
2009-12-04,31.5,-25.0,27.339203
2009-12-05,31.5,-25.0,21.83731
2009-12-06,31.5,-25.0,23.954773
2009-12-07,31.5,-25.0,26.769379
2009-12-08,31.5,-25.0,27.018646
2009-12-09,31.5,-25.0,26.561981
2009-12-10,31.5,-25.0,26.294403
2009-12-11,31.5,-25.0,21.464386
2009-12-12,31.5,-25.0,22.444092
2009-12-13,31.5,-25.0,24.433716
2009-12-14,31.5,-25.0,19.270447
2009-12-15,31.5,-25.0,21.945343
2009-12-16,31.5,-25.0,25.379608
2009-12-17,31.5,-25.0,25.33136
2009-12-18,31.5,-25.0,26.917572
2009-12-19,31.5,-25.0,25.45578
2009-12-20,31.5,-25.0,28.819489
2009-12-21,31.5,-25.0,26.114044
2009-12-22,31.5,-25.0,29.280304
2009-12-23,31.5,-25.0,29.375793
2009-12-24,31.5,-25.0,28.894867
2009-12-25,31.5,-25.0,27.156738
2009-12-26,31.5,-25.0,29.466797
2009-12-27,31.5,-25.0,24.233887
2009-12-28,31.5,-25.0,26.226044
2009-12-29,31.5,-25.0,28.697327
2009-12-30,31.5,-25.0,24.353638
2009-12-31,31.5,-25.0,28.112946
2010-01-01,31.5,-25.0,29.103424
2010-01-02,31.5,-25.0,26.69983
2010-01-03,31.5,-25.0,25.497833
2010-01-04,31.5,-25.0,24.711243
2010-01-05,31.5,-25.0,20.564209
2010-01-06,31.5,-25.0,22.785461
2010-01-07,31.5,-25.0,24.704346
2010-01-08,31.5,-25.0,25.855713
2010-01-09,31.5,-25.0,25.670105
2010-01-10,31.5,-25.0,25.106384
2010-01-11,31.5,-25.0,27.077759
2010-01-12,31.5,-25.0,26.160278
2010-01-13,31.5,-25.0,25.756989
2010-01-14,31.5,-25.0,26.468445
2010-01-15,31.5,-25.0,28.607971
2010-01-16,31.5,-25.0,25.889038
2010-01-17,31.5,-25.0,23.736267
2010-01-18,31.5,-25.0,26.297852
2010-01-19,31.5,-25.0,30.476868
2010-01-20,31.5,-25.0,25.6109
2010-01-21,31.5,-25.0,26.65564
2010-01-22,31.5,-25.0,28.644836
2010-01-23,31.5,-25.0,29.082245
2010-01-24,31.5,-25.0,29.271027
2010-01-25,31.5,-25.0,27.789612
2010-01-26,31.5,-25.0,27.059387
2010-01-27,31.5,-25.0,24.5112
2010-01-28,31.5,-25.0,24.8591
2010-01-29,31.5,-25.0,21.24173
2010-01-30,31.5,-25.0,22.075104
2010-01-31,31.5,-25.0,25.513672
2010-02-01,31.5,-25.0,27.82846
2010-02-02,31.5,-25.0,24.473633
2010-02-03,31.5,-25.0,25.64151
2010-02-04,31.5,-25.0,25.955872
2010-02-05,31.5,-25.0,25.779327
2010-02-06,31.5,-25.0,26.689148
2010-02-07,31.5,-25.0,27.421753
2010-02-08,31.5,-25.0,26.094727
2010-02-09,31.5,-25.0,24.952972
2010-02-10,31.5,-25.0,25.158813
2010-02-11,31.5,-25.0,27.17749
2010-02-12,31.5,-25.0,29.557465
2010-02-13,31.5,-25.0,32.292175
2010-02-14,31.5,-25.0,26.84845
2010-02-15,31.5,-25.0,26.82132
2010-02-16,31.5,-25.0,28.208527
2010-02-17,31.5,-25.0,26.60022
2010-02-18,31.5,-25.0,22.779175
2010-02-19,31.5,-25.0,26.004333
2010-02-20,31.5,-25.0,25.019196
2010-02-21,31.5,-25.0,25.651306
2010-02-22,31.5,-25.0,25.95816
2010-02-23,31.5,-25.0,26.06601
2010-02-24,31.5,-25.0,25.591705
2010-02-25,31.5,-25.0,26.501556
2010-02-26,31.5,-25.0,25.69635
2010-02-27,31.5,-25.0,24.531555
2010-02-28,31.5,-25.0,24.568176
2010-03-01,31.5,-25.0,23.812622
2010-03-02,31.5,-25.0,26.682495
2010-03-03,31.5,-25.0,23.621613
2010-03-04,31.5,-25.0,24.230194
2010-03-05,31.5,-25.0,24.691864
2010-03-06,31.5,-25.0,24.891266
2010-03-07,31.5,-25.0,24.802307
2010-03-08,31.5,-25.0,25.572327
2010-03-09,31.5,-25.0,26.865784
2010-03-10,31.5,-25.0,27.8396
2010-03-11,31.5,-25.0,28.509857
2010-03-12,31.5,-25.0,29.671509
2010-03-13,31.5,-25.0,27.62027
2010-03-14,31.5,-25.0,25.676575
2010-03-15,31.5,-25.0,24.775574
2010-03-16,31.5,-25.0,25.997559
2010-03-17,31.5,-25.0,26.208374
2010-03-18,31.5,-25.0,23.995972
2010-03-19,31.5,-25.0,25.326508
2010-03-20,31.5,-25.0,26.200348
2010-03-21,31.5,-25.0,24.064087
2010-03-22,31.5,-25.0,25.578308
2010-03-23,31.5,-25.0,26.385956
2010-03-24,31.5,-25.0,26.457245
2010-03-25,31.5,-25.0,29.215607
2010-03-26,31.5,-25.0,30.135132
2010-03-27,31.5,-25.0,30.379486
2010-03-28,31.5,-25.0,25.47934
2010-03-29,31.5,-25.0,25.36737
2010-03-30,31.5,-25.0,28.528564
2010-03-31,31.5,-25.0,24.243347
2010-04-01,31.5,-25.0,25.994934
2010-04-02,31.5,-25.0,23.84378
2010-04-03,31.5,-25.0,23.258972
2010-04-04,31.5,-25.0,25.1492
2010-04-05,31.5,-25.0,22.555908
2010-04-06,31.5,-25.0,23.875519
2010-04-07,31.5,-25.0,25.281433
2010-04-08,31.5,-25.0,24.17334
2010-04-09,31.5,-25.0,25.506287
2010-04-10,31.5,-25.0,24.180511
2010-04-11,31.5,-25.0,20.893341
2010-04-12,31.5,-25.0,21.949158
2010-04-13,31.5,-25.0,21.531494
2010-04-14,31.5,-25.0,20.372559
2010-04-15,31.5,-25.0,22.617584
2010-04-16,31.5,-25.0,23.862823
2010-04-17,31.5,-25.0,23.91098
2010-04-18,31.5,-25.0,25.275818
2010-04-19,31.5,-25.0,23.125946
2010-04-20,31.5,-25.0,21.959747
2010-04-21,31.5,-25.0,19.125885
2010-04-22,31.5,-25.0,21.240814
2010-04-23,31.5,-25.0,19.19394
2010-04-24,31.5,-25.0,17.150177
2010-04-25,31.5,-25.0,17.212952
2010-04-26,31.5,-25.0,18.890778
2010-04-27,31.5,-25.0,19.594482
2010-04-28,31.5,-25.0,21.959259
2010-04-29,31.5,-25.0,22.7919
2010-04-30,31.5,-25.0,21.945374
2010-05-01,31.5,-25.0,22.006073
2010-05-02,31.5,-25.0,21.400757
2010-05-03,31.5,-25.0,22.134613
2010-05-04,31.5,-25.0,23.34375
2010-05-05,31.5,-25.0,23.106506
2010-05-06,31.5,-25.0,22.46054
2010-05-07,31.5,-25.0,24.503448
2010-05-08,31.5,-25.0,21.999786
2010-05-09,31.5,-25.0,23.856873
2010-05-10,31.5,-25.0,24.883911
2010-05-11,31.5,-25.0,24.293152
2010-05-12,31.5,-25.0,21.964325
2010-05-13,31.5,-25.0,21.239075
2010-05-14,31.5,-25.0,21.96225
2010-05-15,31.5,-25.0,20.545654
2010-05-16,31.5,-25.0,20.465057
2010-05-17,31.5,-25.0,19.903656
2010-05-18,31.5,-25.0,20.0083
2010-05-19,31.5,-25.0,18.944794
2010-05-20,31.5,-25.0,21.14502
2010-05-21,31.5,-25.0,20.862396
2010-05-22,31.5,-25.0,19.947632
2010-05-23,31.5,-25.0,18.971497
2010-05-24,31.5,-25.0,18.737915
2010-05-25,31.5,-25.0,18.664093
2010-05-26,31.5,-25.0,19.57666
2010-05-27,31.5,-25.0,19.783966
2010-05-28,31.5,-25.0,21.377686
2010-05-29,31.5,-25.0,19.00119
2010-05-30,31.5,-25.0,15.823456
2010-05-31,31.5,-25.0,17.37918
2010-06-01,31.5,-25.0,16.918121
2010-06-02,31.5,-25.0,16.22757
2010-06-03,31.5,-25.0,15.978088
2010-06-04,31.5,-25.0,16.886627
2010-06-05,31.5,-25.0,17.763428
2010-06-06,31.5,-25.0,17.149292
2010-06-07,31.5,-25.0,19.568756
2010-06-08,31.5,-25.0,20.539032
2010-06-09,31.5,-25.0,19.258118
2010-06-10,31.5,-25.0,19.082123
2010-06-11,31.5,-25.0,18.086243
2010-06-12,31.5,-25.0,18.142853
2010-06-13,31.5,-25.0,21.25467
2010-06-14,31.5,-25.0,23.04068
2010-06-15,31.5,-25.0,20.81363
2010-06-16,31.5,-25.0,13.042328
2010-06-17,31.5,-25.0,12.955261
2010-06-18,31.5,-25.0,14.512817
2010-06-19,31.5,-25.0,14.620697
2010-06-20,31.5,-25.0,14.57962
2010-06-21,31.5,-25.0,15.158356
2010-06-22,31.5,-25.0,15.905762
2010-06-23,31.5,-25.0,16.251099
2010-06-24,31.5,-25.0,17.190887
2010-06-25,31.5,-25.0,16.567535
2010-06-26,31.5,-25.0,17.365234
2010-06-27,31.5,-25.0,18.138367
2010-06-28,31.5,-25.0,17.974548
2010-06-29,31.5,-25.0,17.18924
2010-06-30,31.5,-25.0,18.971588
2010-07-01,31.5,-25.0,18.103271
2010-07-02,31.5,-25.0,17.183228
2010-07-03,31.5,-25.0,17.821594
2010-07-04,31.5,-25.0,18.69342
2010-07-05,31.5,-25.0,17.619202
2010-07-06,31.5,-25.0,17.552979
2010-07-07,31.5,-25.0,17.740631
2010-07-08,31.5,-25.0,18.571075
2010-07-09,31.5,-25.0,17.996033
2010-07-10,31.5,-25.0,17.898346
2010-07-11,31.5,-25.0,19.057251
2010-07-12,31.5,-25.0,17.445343
2010-07-13,31.5,-25.0,15.679565
2010-07-14,31.5,-25.0,15.462891
2010-07-15,31.5,-25.0,18.338013
2010-07-16,31.5,-25.0,17.063751
2010-07-17,31.5,-25.0,15.082336
2010-07-18,31.5,-25.0,15.826233
2010-07-19,31.5,-25.0,16.32257
2010-07-20,31.5,-25.0,16.610504
2010-07-21,31.5,-25.0,17.418915
2010-07-22,31.5,-25.0,18.471436
2010-07-23,31.5,-25.0,19.627808
2010-07-24,31.5,-25.0,18.837982
2010-07-25,31.5,-25.0,20.653229
2010-07-26,31.5,-25.0,19.431152
2010-07-27,31.5,-25.0,19.224884
2010-07-28,31.5,-25.0,17.848358
2010-07-29,31.5,-25.0,17.485779
2010-07-30,31.5,-25.0,17.041138
2010-07-31,31.5,-25.0,16.776428
2010-08-01,31.5,-25.0,16.678314
2010-08-02,31.5,-25.0,16.128479
2010-08-03,31.5,-25.0,17.505737
2010-08-04,31.5,-25.0,17.89209
2010-08-05,31.5,-25.0,17.17926
2010-08-06,31.5,-25.0,18.586334
2010-08-07,31.5,-25.0,18.75122
2010-08-08,31.5,-25.0,20.21576
2010-08-09,31.5,-25.0,21.052643
2010-08-10,31.5,-25.0,16.963226
2010-08-11,31.5,-25.0,14.618805
2010-08-12,31.5,-25.0,15.275848
2010-08-13,31.5,-25.0,15.860809
2010-08-14,31.5,-25.0,18.301666
2010-08-15,31.5,-25.0,22.72171
2010-08-16,31.5,-25.0,20.079315
2010-08-17,31.5,-25.0,18.969513
2010-08-18,31.5,-25.0,21.487457
2010-08-19,31.5,-25.0,20.878021
2010-08-20,31.5,-25.0,15.979736
2010-08-21,31.5,-25.0,17.706268
2010-08-22,31.5,-25.0,22.310394
2010-08-23,31.5,-25.0,20.618347
2010-08-24,31.5,-25.0,18.454803
2010-08-25,31.5,-25.0,17.054749
2010-08-26,31.5,-25.0,20.075073
2010-08-27,31.5,-25.0,20.876587
2010-08-28,31.5,-25.0,21.677277
2010-08-29,31.5,-25.0,23.744751
2010-08-30,31.5,-25.0,21.659698
2010-08-31,31.5,-25.0,22.575317
2010-09-01,31.5,-25.0,25.233551
2010-09-02,31.5,-25.0,25.61148
2010-09-03,31.5,-25.0,19.793213
2010-09-04,31.5,-25.0,21.89032
2010-09-05,31.5,-25.0,23.185333
2010-09-06,31.5,-25.0,22.774994
2010-09-07,31.5,-25.0,19.357056
2010-09-08,31.5,-25.0,18.139984
2010-09-09,31.5,-25.0,22.390747
2010-09-10,31.5,-25.0,22.244904
2010-09-11,31.5,-25.0,18.722992
2010-09-12,31.5,-25.0,21.290222
2010-09-13,31.5,-25.0,23.719452
2010-09-14,31.5,-25.0,25.105621
2010-09-15,31.5,-25.0,26.69458
2010-09-16,31.5,-25.0,23.084198
2010-09-17,31.5,-25.0,20.043488
2010-09-18,31.5,-25.0,22.450562
2010-09-19,31.5,-25.0,24.979248
2010-09-20,31.5,-25.0,25.138214
2010-09-21,31.5,-25.0,26.607452
2010-09-22,31.5,-25.0,25.247955
2010-09-23,31.5,-25.0,23.033081
2010-09-24,31.5,-25.0,25.69632
2010-09-25,31.5,-25.0,22.856018
2010-09-26,31.5,-25.0,25.655334
2010-09-27,31.5,-25.0,21.469849
2010-09-28,31.5,-25.0,18.302582
2010-09-29,31.5,-25.0,19.924622
2010-09-30,31.5,-25.0,23.607574
2010-10-01,31.5,-25.0,27.731445
2010-10-02,31.5,-25.0,28.750732
2010-10-03,31.5,-25.0,27.571106
2010-10-04,31.5,-25.0,22.179596
2010-10-05,31.5,-25.0,20.833282
2010-10-06,31.5,-25.0,21.276947
2010-10-07,31.5,-25.0,21.158997
2010-10-08,31.5,-25.0,24.6008
2010-10-09,31.5,-25.0,22.762695
2010-10-10,31.5,-25.0,28.540161
2010-10-11,31.5,-25.0,32.49768
2010-10-12,31.5,-25.0,22.846497
2010-10-13,31.5,-25.0,20.462708
2010-10-14,31.5,-25.0,22.87085
2010-10-15,31.5,-25.0,16.431671
2010-10-16,31.5,-25.0,18.426971
2010-10-17,31.5,-25.0,20.103058
2010-10-18,31.5,-25.0,21.31134
2010-10-19,31.5,-25.0,24.173584
2010-10-20,31.5,-25.0,26.273468
2010-10-21,31.5,-25.0,28.479858
2010-10-22,31.5,-25.0,28.852173
2010-10-23,31.5,-25.0,26.170044
2010-10-24,31.5,-25.0,27.544495
2010-10-25,31.5,-25.0,29.424896
2010-10-26,31.5,-25.0,21.47647
2010-10-27,31.5,-25.0,21.79892
2010-10-28,31.5,-25.0,22.47168
2010-10-29,31.5,-25.0,20.856201
2010-10-30,31.5,-25.0,24.83197
2010-10-31,31.5,-25.0,22.42566
2010-11-01,31.5,-25.0,24.302643
2010-11-02,31.5,-25.0,26.9646
2010-11-03,31.5,-25.0,30.996674
2010-11-04,31.5,-25.0,30.347076
2010-11-05,31.5,-25.0,26.598083
2010-11-06,31.5,-25.0,26.973541
2010-11-07,31.5,-25.0,21.074127
2010-11-08,31.5,-25.0,24.120544
2010-11-09,31.5,-25.0,27.249115
2010-11-10,31.5,-25.0,20.228973
2010-11-11,31.5,-25.0,20.639618
2010-11-12,31.5,-25.0,27.124725
2010-11-13,31.5,-25.0,23.557465
2010-11-14,31.5,-25.0,21.293457
2010-11-15,31.5,-25.0,20.194733
2010-11-16,31.5,-25.0,25.022125
2010-11-17,31.5,-25.0,19.239624
2010-11-18,31.5,-25.0,18.70456
2010-11-19,31.5,-25.0,20.406708
2010-11-20,31.5,-25.0,22.956696
2010-11-21,31.5,-25.0,24.924744
2010-11-22,31.5,-25.0,26.02359
2010-11-23,31.5,-25.0,27.103577
2010-11-24,31.5,-25.0,20.225739
2010-11-25,31.5,-25.0,21.318756
2010-11-26,31.5,-25.0,24.430237
2010-11-27,31.5,-25.0,27.193726
2010-11-28,31.5,-25.0,29.999695
2010-11-29,31.5,-25.0,20.8143
2010-11-30,31.5,-25.0,22.053345
2010-12-01,31.5,-25.0,26.596924
2010-12-02,31.5,-25.0,29.59134
2010-12-03,31.5,-25.0,27.00769
2010-12-04,31.5,-25.0,26.318481
2010-12-05,31.5,-25.0,23.204712
2010-12-06,31.5,-25.0,19.921204
2010-12-07,31.5,-25.0,19.359558
2010-12-08,31.5,-25.0,21.420563
2010-12-09,31.5,-25.0,23.405823
2010-12-10,31.5,-25.0,24.724152
2010-12-11,31.5,-25.0,26.61264
2010-12-12,31.5,-25.0,21.226562
2010-12-13,31.5,-25.0,25.138336
2010-12-14,31.5,-25.0,26.042816
2010-12-15,31.5,-25.0,20.970886
2010-12-16,31.5,-25.0,22.869965
2010-12-17,31.5,-25.0,28.714813
2010-12-18,31.5,-25.0,25.745636
2010-12-19,31.5,-25.0,23.322449
2010-12-20,31.5,-25.0,23.728424
2010-12-21,31.5,-25.0,23.492218
2010-12-22,31.5,-25.0,26.194702
2010-12-23,31.5,-25.0,30.589935
2010-12-24,31.5,-25.0,29.334808
2010-12-25,31.5,-25.0,25.520966
2010-12-26,31.5,-25.0,22.853363
2010-12-27,31.5,-25.0,25.669525
2010-12-28,31.5,-25.0,29.436981
2010-12-29,31.5,-25.0,30.545288
2010-12-30,31.5,-25.0,29.449188
2010-12-31,31.5,-25.0,27.50296
2011-01-01,31.5,-25.0,27.350616
2011-01-02,31.5,-25.0,28.029388
2011-01-03,31.5,-25.0,28.466156
2011-01-04,31.5,-25.0,25.952637
2011-01-05,31.5,-25.0,24.164978
2011-01-06,31.5,-25.0,21.770935
2011-01-07,31.5,-25.0,23.348938
2011-01-08,31.5,-25.0,25.139465
2011-01-09,31.5,-25.0,24.970062
2011-01-10,31.5,-25.0,26.078522
2011-01-11,31.5,-25.0,24.11377
2011-01-12,31.5,-25.0,23.685852
2011-01-13,31.5,-25.0,25.584473
2011-01-14,31.5,-25.0,26.881744
2011-01-15,31.5,-25.0,23.347717
2011-01-16,31.5,-25.0,25.287811
2011-01-17,31.5,-25.0,24.776001
2011-01-18,31.5,-25.0,24.591888
2011-01-19,31.5,-25.0,26.101746
2011-01-20,31.5,-25.0,27.255066
2011-01-21,31.5,-25.0,24.194336
2011-01-22,31.5,-25.0,27.076477
2011-01-23,31.5,-25.0,26.405273
2011-01-24,31.5,-25.0,24.83905
2011-01-25,31.5,-25.0,25.110168
2011-01-26,31.5,-25.0,22.560974
2011-01-27,31.5,-25.0,23.880646
2011-01-28,31.5,-25.0,24.031464
2011-01-29,31.5,-25.0,23.519287
2011-01-30,31.5,-25.0,23.690002
2011-01-31,31.5,-25.0,24.699615
2011-02-01,31.5,-25.0,25.005371
2011-02-02,31.5,-25.0,24.609741
2011-02-03,31.5,-25.0,24.235199
2011-02-04,31.5,-25.0,23.243988
2011-02-05,31.5,-25.0,24.099579
2011-02-06,31.5,-25.0,25.023651
2011-02-07,31.5,-25.0,25.677032
2011-02-08,31.5,-25.0,26.066193
2011-02-09,31.5,-25.0,26.688446
2011-02-10,31.5,-25.0,26.428986
2011-02-11,31.5,-25.0,26.86676
2011-02-12,31.5,-25.0,26.793701
2011-02-13,31.5,-25.0,26.584808
2011-02-14,31.5,-25.0,24.958221
2011-02-15,31.5,-25.0,23.475464
2011-02-16,31.5,-25.0,25.096191
2011-02-17,31.5,-25.0,24.389374
2011-02-18,31.5,-25.0,24.827911
2011-02-19,31.5,-25.0,27.273285
2011-02-20,31.5,-25.0,26.144226
2011-02-21,31.5,-25.0,26.09784
2011-02-22,31.5,-25.0,26.589417
2011-02-23,31.5,-25.0,24.82367
2011-02-24,31.5,-25.0,24.27649
2011-02-25,31.5,-25.0,24.845978
2011-02-26,31.5,-25.0,24.973145
2011-02-27,31.5,-25.0,25.07492
2011-02-28,31.5,-25.0,25.521027
2011-03-01,31.5,-25.0,24.342346
2011-03-02,31.5,-25.0,25.045898
2011-03-03,31.5,-25.0,27.420502
2011-03-04,31.5,-25.0,26.504059
2011-03-05,31.5,-25.0,25.407288
2011-03-06,31.5,-25.0,24.893799
2011-03-07,31.5,-25.0,26.095642
2011-03-08,31.5,-25.0,25.891846
2011-03-09,31.5,-25.0,27.138641
2011-03-10,31.5,-25.0,26.652252
2011-03-11,31.5,-25.0,27.037933
2011-03-12,31.5,-25.0,28.276306
2011-03-13,31.5,-25.0,29.72403
2011-03-14,31.5,-25.0,27.495972
2011-03-15,31.5,-25.0,25.382996
2011-03-16,31.5,-25.0,25.737427
2011-03-17,31.5,-25.0,25.414917
2011-03-18,31.5,-25.0,27.225769
2011-03-19,31.5,-25.0,25.43811
2011-03-20,31.5,-25.0,25.33841
2011-03-21,31.5,-25.0,27.285645
2011-03-22,31.5,-25.0,28.122162
2011-03-23,31.5,-25.0,28.009003
2011-03-24,31.5,-25.0,29.713074
2011-03-25,31.5,-25.0,28.31668
2011-03-26,31.5,-25.0,26.388947
2011-03-27,31.5,-25.0,24.654999
2011-03-28,31.5,-25.0,26.385101
2011-03-29,31.5,-25.0,28.200043
2011-03-30,31.5,-25.0,26.038208
2011-03-31,31.5,-25.0,25.997253
2011-04-01,31.5,-25.0,25.976196
2011-04-02,31.5,-25.0,27.63028
2011-04-03,31.5,-25.0,27.813416
2011-04-04,31.5,-25.0,22.040497
2011-04-05,31.5,-25.0,20.914154
2011-04-06,31.5,-25.0,22.139343
2011-04-07,31.5,-25.0,24.93518
2011-04-08,31.5,-25.0,20.984192
2011-04-09,31.5,-25.0,20.418762
2011-04-10,31.5,-25.0,20.32788
2011-04-11,31.5,-25.0,20.89035
2011-04-12,31.5,-25.0,21.711975
2011-04-13,31.5,-25.0,22.932037
2011-04-14,31.5,-25.0,21.58606
2011-04-15,31.5,-25.0,21.804749
2011-04-16,31.5,-25.0,22.047699
2011-04-17,31.5,-25.0,19.207794
2011-04-18,31.5,-25.0,19.197021
2011-04-19,31.5,-25.0,20.665314
2011-04-20,31.5,-25.0,22.10376
2011-04-21,31.5,-25.0,23.50055
2011-04-22,31.5,-25.0,20.03897
2011-04-23,31.5,-25.0,20.121979
2011-04-24,31.5,-25.0,22.989777
2011-04-25,31.5,-25.0,23.64917
2011-04-26,31.5,-25.0,25.713348
2011-04-27,31.5,-25.0,26.15387
2011-04-28,31.5,-25.0,21.43283
2011-04-29,31.5,-25.0,20.790222
2011-04-30,31.5,-25.0,22.12793
2011-05-01,31.5,-25.0,20.08963
2011-05-02,31.5,-25.0,19.578156
2011-05-03,31.5,-25.0,20.192474
2011-05-04,31.5,-25.0,19.762817
2011-05-05,31.5,-25.0,20.858734
2011-05-06,31.5,-25.0,22.336853
2011-05-07,31.5,-25.0,22.510162
2011-05-08,31.5,-25.0,21.490204
2011-05-09,31.5,-25.0,20.058044
2011-05-10,31.5,-25.0,19.279938
2011-05-11,31.5,-25.0,21.52658
2011-05-12,31.5,-25.0,23.099518
2011-05-13,31.5,-25.0,23.06369
2011-05-14,31.5,-25.0,22.795746
2011-05-15,31.5,-25.0,23.416412
2011-05-16,31.5,-25.0,23.59076
2011-05-17,31.5,-25.0,22.545532
2011-05-18,31.5,-25.0,22.994568
2011-05-19,31.5,-25.0,21.69458
2011-05-20,31.5,-25.0,18.499786
2011-05-21,31.5,-25.0,19.131592
2011-05-22,31.5,-25.0,20.67511
2011-05-23,31.5,-25.0,23.253082
2011-05-24,31.5,-25.0,23.894562
2011-05-25,31.5,-25.0,24.032349
2011-05-26,31.5,-25.0,18.277527
2011-05-27,31.5,-25.0,16.390839
2011-05-28,31.5,-25.0,16.30426
2011-05-29,31.5,-25.0,17.567932
2011-05-30,31.5,-25.0,21.13382
2011-05-31,31.5,-25.0,22.062225
2011-06-01,31.5,-25.0,16.222778
2011-06-02,31.5,-25.0,16.060364
2011-06-03,31.5,-25.0,17.180084
2011-06-04,31.5,-25.0,17.414978
2011-06-05,31.5,-25.0,17.851288
2011-06-06,31.5,-25.0,17.963287
2011-06-07,31.5,-25.0,17.331573
2011-06-08,31.5,-25.0,17.84317
2011-06-09,31.5,-25.0,15.4418335
2011-06-10,31.5,-25.0,17.029175
2011-06-11,31.5,-25.0,18.749573
2011-06-12,31.5,-25.0,18.0484
2011-06-13,31.5,-25.0,18.066803
2011-06-14,31.5,-25.0,16.473816
2011-06-15,31.5,-25.0,17.334412
2011-06-16,31.5,-25.0,19.710297
2011-06-17,31.5,-25.0,18.593628
2011-06-18,31.5,-25.0,15.360382
2011-06-19,31.5,-25.0,16.810883
2011-06-20,31.5,-25.0,19.453674
2011-06-21,31.5,-25.0,17.611786
2011-06-22,31.5,-25.0,17.42691
2011-06-23,31.5,-25.0,18.730438
2011-06-24,31.5,-25.0,19.300018
2011-06-25,31.5,-25.0,13.698181
2011-06-26,31.5,-25.0,13.988739
2011-06-27,31.5,-25.0,15.17923
2011-06-28,31.5,-25.0,17.224274
2011-06-29,31.5,-25.0,18.952545
2011-06-30,31.5,-25.0,19.595276
2011-07-01,31.5,-25.0,16.341827
2011-07-02,31.5,-25.0,16.484375
2011-07-03,31.5,-25.0,16.210419
2011-07-04,31.5,-25.0,16.185211
2011-07-05,31.5,-25.0,16.545746
2011-07-06,31.5,-25.0,16.013641
2011-07-07,31.5,-25.0,14.52533
2011-07-08,31.5,-25.0,15.348267
2011-07-09,31.5,-25.0,15.860474
2011-07-10,31.5,-25.0,15.559418
2011-07-11,31.5,-25.0,15.095856
2011-07-12,31.5,-25.0,14.986786
2011-07-13,31.5,-25.0,14.837372
2011-07-14,31.5,-25.0,15.21167
2011-07-15,31.5,-25.0,15.513855
2011-07-16,31.5,-25.0,17.228424
2011-07-17,31.5,-25.0,16.826447
2011-07-18,31.5,-25.0,15.64682
2011-07-19,31.5,-25.0,16.099548
2011-07-20,31.5,-25.0,17.956512
2011-07-21,31.5,-25.0,18.12445
2011-07-22,31.5,-25.0,17.1904
2011-07-23,31.5,-25.0,17.408142
2011-07-24,31.5,-25.0,18.701904
2011-07-25,31.5,-25.0,17.818604
2011-07-26,31.5,-25.0,12.916199
2011-07-27,31.5,-25.0,13.474884
2011-07-28,31.5,-25.0,16.591888
2011-07-29,31.5,-25.0,16.645782
2011-07-30,31.5,-25.0,15.726349
2011-07-31,31.5,-25.0,15.153687
2011-08-01,31.5,-25.0,15.485291
2011-08-02,31.5,-25.0,14.704193
2011-08-03,31.5,-25.0,15.2341
2011-08-04,31.5,-25.0,17.425201
2011-08-05,31.5,-25.0,19.56781
2011-08-06,31.5,-25.0,17.192444
2011-08-07,31.5,-25.0,15.026337
2011-08-08,31.5,-25.0,16.14093
2011-08-09,31.5,-25.0,16.38205
2011-08-10,31.5,-25.0,16.017853
2011-08-11,31.5,-25.0,17.391449
2011-08-12,31.5,-25.0,18.497742
2011-08-13,31.5,-25.0,21.143768
2011-08-14,31.5,-25.0,17.75064
2011-08-15,31.5,-25.0,14.139893
2011-08-16,31.5,-25.0,13.579926
2011-08-17,31.5,-25.0,14.870575
2011-08-18,31.5,-25.0,15.644989
2011-08-19,31.5,-25.0,16.54953
2011-08-20,31.5,-25.0,18.458923
2011-08-21,31.5,-25.0,20.815277
2011-08-22,31.5,-25.0,20.526886
2011-08-23,31.5,-25.0,19.934723
2011-08-24,31.5,-25.0,21.286163
2011-08-25,31.5,-25.0,19.794342
2011-08-26,31.5,-25.0,22.542328
2011-08-27,31.5,-25.0,18.857819
2011-08-28,31.5,-25.0,17.249054
2011-08-29,31.5,-25.0,18.864655
2011-08-30,31.5,-25.0,19.903961
2011-08-31,31.5,-25.0,21.301788
2011-09-01,31.5,-25.0,20.34024
2011-09-02,31.5,-25.0,26.264374
2011-09-03,31.5,-25.0,19.90097
2011-09-04,31.5,-25.0,22.218506
2011-09-05,31.5,-25.0,21.03363
2011-09-06,31.5,-25.0,24.600006
2011-09-07,31.5,-25.0,23.071045
2011-09-08,31.5,-25.0,24.281769
2011-09-09,31.5,-25.0,27.611847
2011-09-10,31.5,-25.0,26.066498
2011-09-11,31.5,-25.0,22.673462
2011-09-12,31.5,-25.0,24.197876
2011-09-13,31.5,-25.0,24.896759
2011-09-14,31.5,-25.0,21.33435
2011-09-15,31.5,-25.0,24.289825
2011-09-16,31.5,-25.0,20.758636
2011-09-17,31.5,-25.0,19.934784
2011-09-18,31.5,-25.0,25.798126
2011-09-19,31.5,-25.0,22.656525
2011-09-20,31.5,-25.0,17.650452
2011-09-21,31.5,-25.0,20.887024
2011-09-22,31.5,-25.0,17.435791
2011-09-23,31.5,-25.0,20.734955
2011-09-24,31.5,-25.0,18.625092
2011-09-25,31.5,-25.0,17.814362
2011-09-26,31.5,-25.0,20.96045
2011-09-27,31.5,-25.0,25.34314
2011-09-28,31.5,-25.0,21.77591
2011-09-29,31.5,-25.0,24.902374
2011-09-30,31.5,-25.0,22.293976
2011-10-01,31.5,-25.0,21.174988
2011-10-02,31.5,-25.0,24.092377
2011-10-03,31.5,-25.0,21.77475
2011-10-04,31.5,-25.0,19.886688
2011-10-05,31.5,-25.0,16.565063
2011-10-06,31.5,-25.0,18.116913
2011-10-07,31.5,-25.0,19.663116
2011-10-08,31.5,-25.0,22.650696
2011-10-09,31.5,-25.0,21.814636
2011-10-10,31.5,-25.0,21.063568
2011-10-11,31.5,-25.0,21.91977
2011-10-12,31.5,-25.0,22.669434
2011-10-13,31.5,-25.0,24.147491
2011-10-14,31.5,-25.0,24.698944
2011-10-15,31.5,-25.0,26.644745
2011-10-16,31.5,-25.0,21.80008
2011-10-17,31.5,-25.0,20.87024
2011-10-18,31.5,-25.0,22.89029
2011-10-19,31.5,-25.0,26.79425
2011-10-20,31.5,-25.0,24.424652
2011-10-21,31.5,-25.0,22.843506
2011-10-22,31.5,-25.0,26.63678
2011-10-23,31.5,-25.0,30.89746
2011-10-24,31.5,-25.0,27.71463
2011-10-25,31.5,-25.0,28.163666
2011-10-26,31.5,-25.0,22.344849
2011-10-27,31.5,-25.0,26.532532
2011-10-28,31.5,-25.0,27.442749
2011-10-29,31.5,-25.0,24.837738
2011-10-30,31.5,-25.0,27.7016
2011-10-31,31.5,-25.0,22.191406
2011-11-01,31.5,-25.0,17.793762
2011-11-02,31.5,-25.0,20.737244
2011-11-03,31.5,-25.0,22.803741
2011-11-04,31.5,-25.0,28.07901
2011-11-05,31.5,-25.0,24.98648
2011-11-06,31.5,-25.0,23.214142
2011-11-07,31.5,-25.0,22.8349
2011-11-08,31.5,-25.0,28.264557
2011-11-09,31.5,-25.0,31.729126
2011-11-10,31.5,-25.0,30.963867
2011-11-11,31.5,-25.0,26.05896
2011-11-12,31.5,-25.0,31.66211
2011-11-13,31.5,-25.0,29.004517
2011-11-14,31.5,-25.0,26.758667
2011-11-15,31.5,-25.0,21.281372
2011-11-16,31.5,-25.0,26.111298
2011-11-17,31.5,-25.0,30.852936
2011-11-18,31.5,-25.0,28.799988
2011-11-19,31.5,-25.0,25.122772
2011-11-20,31.5,-25.0,26.042358
2011-11-21,31.5,-25.0,27.620728
2011-11-22,31.5,-25.0,17.595123
2011-11-23,31.5,-25.0,20.159424
2011-11-24,31.5,-25.0,20.543335
2011-11-25,31.5,-25.0,20.592194
2011-11-26,31.5,-25.0,22.35965
2011-11-27,31.5,-25.0,22.34137
2011-11-28,31.5,-25.0,24.03299
2011-11-29,31.5,-25.0,23.849579
2011-11-30,31.5,-25.0,26.86026
2011-12-01,31.5,-25.0,28.549408
2011-12-02,31.5,-25.0,27.556427
2011-12-03,31.5,-25.0,21.538635
2011-12-04,31.5,-25.0,21.371033
2011-12-05,31.5,-25.0,22.728668
2011-12-06,31.5,-25.0,24.951447
2011-12-07,31.5,-25.0,25.44516
2011-12-08,31.5,-25.0,24.71756
2011-12-09,31.5,-25.0,21.384796
2011-12-10,31.5,-25.0,22.563019
2011-12-11,31.5,-25.0,24.73993
2011-12-12,31.5,-25.0,29.726715
2011-12-13,31.5,-25.0,27.434113
2011-12-14,31.5,-25.0,26.904419
2011-12-15,31.5,-25.0,26.259705
2011-12-16,31.5,-25.0,22.00122
2011-12-17,31.5,-25.0,22.69046
2011-12-18,31.5,-25.0,23.46997
2011-12-19,31.5,-25.0,23.9664
2011-12-20,31.5,-25.0,24.085571
2011-12-21,31.5,-25.0,26.802277
2011-12-22,31.5,-25.0,28.784546
2011-12-23,31.5,-25.0,26.385681
2011-12-24,31.5,-25.0,20.555298
2011-12-25,31.5,-25.0,24.016083
2011-12-26,31.5,-25.0,23.896362
2011-12-27,31.5,-25.0,24.696838
2011-12-28,31.5,-25.0,24.677612
2011-12-29,31.5,-25.0,23.736542
2011-12-30,31.5,-25.0,23.067505
2011-12-31,31.5,-25.0,24.050049
2012-01-01,31.5,-25.0,26.112885
2012-01-02,31.5,-25.0,27.46228
2012-01-03,31.5,-25.0,27.941437
2012-01-04,31.5,-25.0,27.077026
2012-01-05,31.5,-25.0,27.638062
2012-01-06,31.5,-25.0,27.155304
2012-01-07,31.5,-25.0,26.41977
2012-01-08,31.5,-25.0,27.299713
2012-01-09,31.5,-25.0,27.752014
2012-01-10,31.5,-25.0,26.954163
2012-01-11,31.5,-25.0,24.62259
2012-01-12,31.5,-25.0,26.257172
2012-01-13,31.5,-25.0,27.55835
2012-01-14,31.5,-25.0,25.813385
2012-01-15,31.5,-25.0,26.65866
2012-01-16,31.5,-25.0,24.838745
2012-01-17,31.5,-25.0,21.595978
2012-01-18,31.5,-25.0,21.281006
2012-01-19,31.5,-25.0,22.627686
2012-01-20,31.5,-25.0,23.241241
2012-01-21,31.5,-25.0,24.66153
2012-01-22,31.5,-25.0,25.282257
2012-01-23,31.5,-25.0,25.773285
2012-01-24,31.5,-25.0,26.262177
2012-01-25,31.5,-25.0,24.011383
2012-01-26,31.5,-25.0,24.88211
2012-01-27,31.5,-25.0,24.130219
2012-01-28,31.5,-25.0,24.066315
2012-01-29,31.5,-25.0,23.978333
2012-01-30,31.5,-25.0,24.930145
2012-01-31,31.5,-25.0,24.971283
2012-02-01,31.5,-25.0,25.245056
2012-02-02,31.5,-25.0,25.77655
2012-02-03,31.5,-25.0,27.372162
2012-02-04,31.5,-25.0,27.498535
2012-02-05,31.5,-25.0,26.002686
2012-02-06,31.5,-25.0,25.582336
2012-02-07,31.5,-25.0,25.723541
2012-02-08,31.5,-25.0,27.101257
2012-02-09,31.5,-25.0,28.37857
2012-02-10,31.5,-25.0,30.044525
2012-02-11,31.5,-25.0,29.334259
2012-02-12,31.5,-25.0,25.537628
2012-02-13,31.5,-25.0,26.495117
2012-02-14,31.5,-25.0,27.506958
2012-02-15,31.5,-25.0,28.51474
2012-02-16,31.5,-25.0,28.118073
2012-02-17,31.5,-25.0,29.938385
2012-02-18,31.5,-25.0,26.797546
2012-02-19,31.5,-25.0,24.573578
2012-02-20,31.5,-25.0,26.811249
2012-02-21,31.5,-25.0,28.510681
2012-02-22,31.5,-25.0,28.036621
2012-02-23,31.5,-25.0,27.377777
2012-02-24,31.5,-25.0,24.891846
2012-02-25,31.5,-25.0,27.48767
2012-02-26,31.5,-25.0,27.352142
2012-02-27,31.5,-25.0,25.319214
2012-02-28,31.5,-25.0,26.26648
2012-02-29,31.5,-25.0,26.100403
2012-03-01,31.5,-25.0,25.734436
2012-03-02,31.5,-25.0,25.991425
2012-03-03,31.5,-25.0,26.90509
2012-03-04,31.5,-25.0,29.041412
2012-03-05,31.5,-25.0,26.928253
2012-03-06,31.5,-25.0,22.938019
2012-03-07,31.5,-25.0,22.92566
2012-03-08,31.5,-25.0,24.186218
2012-03-09,31.5,-25.0,25.02948
2012-03-10,31.5,-25.0,26.82254
2012-03-11,31.5,-25.0,26.244446
2012-03-12,31.5,-25.0,25.12384
2012-03-13,31.5,-25.0,26.698944
2012-03-14,31.5,-25.0,24.739258
2012-03-15,31.5,-25.0,24.569122
2012-03-16,31.5,-25.0,25.178131
2012-03-17,31.5,-25.0,27.789307
2012-03-18,31.5,-25.0,21.952698
2012-03-19,31.5,-25.0,24.89331
2012-03-20,31.5,-25.0,24.925232
2012-03-21,31.5,-25.0,24.362854
2012-03-22,31.5,-25.0,26.016327
2012-03-23,31.5,-25.0,25.532776
2012-03-24,31.5,-25.0,25.263885
2012-03-25,31.5,-25.0,25.087036
2012-03-26,31.5,-25.0,26.291992
2012-03-27,31.5,-25.0,26.638458
2012-03-28,31.5,-25.0,25.185516
2012-03-29,31.5,-25.0,25.778625
2012-03-30,31.5,-25.0,27.568848
2012-03-31,31.5,-25.0,24.580322
2012-04-01,31.5,-25.0,20.690216
2012-04-02,31.5,-25.0,20.697327
2012-04-03,31.5,-25.0,20.847351
2012-04-04,31.5,-25.0,21.776672
2012-04-05,31.5,-25.0,22.19638
2012-04-06,31.5,-25.0,21.972046
2012-04-07,31.5,-25.0,22.422943
2012-04-08,31.5,-25.0,24.970215
2012-04-09,31.5,-25.0,27.126282
2012-04-10,31.5,-25.0,20.85727
2012-04-11,31.5,-25.0,21.161865
2012-04-12,31.5,-25.0,21.041534
2012-04-13,31.5,-25.0,19.956512
2012-04-14,31.5,-25.0,20.279602
2012-04-15,31.5,-25.0,21.98523
2012-04-16,31.5,-25.0,22.045044
2012-04-17,31.5,-25.0,21.89035
2012-04-18,31.5,-25.0,21.564148
2012-04-19,31.5,-25.0,21.198303
2012-04-20,31.5,-25.0,20.058594
2012-04-21,31.5,-25.0,21.170502
2012-04-22,31.5,-25.0,23.506165
2012-04-23,31.5,-25.0,19.322174
2012-04-24,31.5,-25.0,17.106781
2012-04-25,31.5,-25.0,18.46225
2012-04-26,31.5,-25.0,19.05069
2012-04-27,31.5,-25.0,22.556305
2012-04-28,31.5,-25.0,22.606598
2012-04-29,31.5,-25.0,25.675354
2012-04-30,31.5,-25.0,25.798859
2012-05-01,31.5,-25.0,27.491974
2012-05-02,31.5,-25.0,23.220947
2012-05-03,31.5,-25.0,25.517578
2012-05-04,31.5,-25.0,25.830292
2012-05-05,31.5,-25.0,23.69159
2012-05-06,31.5,-25.0,23.036926
2012-05-07,31.5,-25.0,22.939056
2012-05-08,31.5,-25.0,21.131714
2012-05-09,31.5,-25.0,20.956512
2012-05-10,31.5,-25.0,20.491333
2012-05-11,31.5,-25.0,19.811737
2012-05-12,31.5,-25.0,19.470123
2012-05-13,31.5,-25.0,20.164001
2012-05-14,31.5,-25.0,22.177704
2012-05-15,31.5,-25.0,21.292053
2012-05-16,31.5,-25.0,19.481323
2012-05-17,31.5,-25.0,20.06659
2012-05-18,31.5,-25.0,21.997894
2012-05-19,31.5,-25.0,21.440887
2012-05-20,31.5,-25.0,19.911957
2012-05-21,31.5,-25.0,17.800537
2012-05-22,31.5,-25.0,17.143616
2012-05-23,31.5,-25.0,20.127197
2012-05-24,31.5,-25.0,20.757904
2012-05-25,31.5,-25.0,19.35736
2012-05-26,31.5,-25.0,18.260712
2012-05-27,31.5,-25.0,19.370209
2012-05-28,31.5,-25.0,19.437195
2012-05-29,31.5,-25.0,19.464539
2012-05-30,31.5,-25.0,20.697601
2012-05-31,31.5,-25.0,18.826263
2012-06-01,31.5,-25.0,18.062866
2012-06-02,31.5,-25.0,18.698883
2012-06-03,31.5,-25.0,18.660095
2012-06-04,31.5,-25.0,16.523071
2012-06-05,31.5,-25.0,17.594116
2012-06-06,31.5,-25.0,18.942291
2012-06-07,31.5,-25.0,19.959381
2012-06-08,31.5,-25.0,21.994507
2012-06-09,31.5,-25.0,17.793945
2012-06-10,31.5,-25.0,14.848785
2012-06-11,31.5,-25.0,14.532623
2012-06-12,31.5,-25.0,15.743042
2012-06-13,31.5,-25.0,15.993347
2012-06-14,31.5,-25.0,17.124115
2012-06-15,31.5,-25.0,16.28769
2012-06-16,31.5,-25.0,17.50766
2012-06-17,31.5,-25.0,18.113586
2012-06-18,31.5,-25.0,19.421936
2012-06-19,31.5,-25.0,17.91269
2012-06-20,31.5,-25.0,18.606934
2012-06-21,31.5,-25.0,17.82019
2012-06-22,31.5,-25.0,17.539612
2012-06-23,31.5,-25.0,21.115479
2012-06-24,31.5,-25.0,20.299469
2012-06-25,31.5,-25.0,16.937317
2012-06-26,31.5,-25.0,16.652802
2012-06-27,31.5,-25.0,19.502258
2012-06-28,31.5,-25.0,18.607513
2012-06-29,31.5,-25.0,18.562347
2012-06-30,31.5,-25.0,19.54718
2012-07-01,31.5,-25.0,18.988708
2012-07-02,31.5,-25.0,19.892975
2012-07-03,31.5,-25.0,17.906067
2012-07-04,31.5,-25.0,19.665802
2012-07-05,31.5,-25.0,17.252228
2012-07-06,31.5,-25.0,17.98938
2012-07-07,31.5,-25.0,20.103973
2012-07-08,31.5,-25.0,18.401978
2012-07-09,31.5,-25.0,18.59552
2012-07-10,31.5,-25.0,20.151398
2012-07-11,31.5,-25.0,21.294006
2012-07-12,31.5,-25.0,18.24289
2012-07-13,31.5,-25.0,17.891937
2012-07-14,31.5,-25.0,19.117828
2012-07-15,31.5,-25.0,17.32602
2012-07-16,31.5,-25.0,14.133728
2012-07-17,31.5,-25.0,15.11908
2012-07-18,31.5,-25.0,15.0008545
2012-07-19,31.5,-25.0,14.630066
2012-07-20,31.5,-25.0,17.7323
2012-07-21,31.5,-25.0,20.077454
2012-07-22,31.5,-25.0,21.27475
2012-07-23,31.5,-25.0,17.512878
2012-07-24,31.5,-25.0,18.429596
2012-07-25,31.5,-25.0,17.719177
2012-07-26,31.5,-25.0,18.09134
2012-07-27,31.5,-25.0,19.70694
2012-07-28,31.5,-25.0,17.704529
2012-07-29,31.5,-25.0,16.226929
2012-07-30,31.5,-25.0,16.189209
2012-07-31,31.5,-25.0,19.677307
2012-08-01,31.5,-25.0,20.418213
2012-08-02,31.5,-25.0,15.345367
2012-08-03,31.5,-25.0,15.9800415
2012-08-04,31.5,-25.0,18.143982
2012-08-05,31.5,-25.0,20.1893
2012-08-06,31.5,-25.0,21.250671
2012-08-07,31.5,-25.0,15.300568
2012-08-08,31.5,-25.0,14.701691
2012-08-09,31.5,-25.0,16.984344
2012-08-10,31.5,-25.0,19.095673
2012-08-11,31.5,-25.0,22.465057
2012-08-12,31.5,-25.0,18.80014
2012-08-13,31.5,-25.0,15.942657
2012-08-14,31.5,-25.0,18.61673
2012-08-15,31.5,-25.0,21.919037
2012-08-16,31.5,-25.0,20.800629
2012-08-17,31.5,-25.0,17.764465
2012-08-18,31.5,-25.0,18.113434
2012-08-19,31.5,-25.0,20.701782
2012-08-20,31.5,-25.0,24.956635
2012-08-21,31.5,-25.0,21.657837
2012-08-22,31.5,-25.0,25.204102
2012-08-23,31.5,-25.0,22.144653
2012-08-24,31.5,-25.0,25.190979
2012-08-25,31.5,-25.0,27.208954
2012-08-26,31.5,-25.0,22.05835
2012-08-27,31.5,-25.0,19.596375
2012-08-28,31.5,-25.0,19.519257
2012-08-29,31.5,-25.0,23.697327
2012-08-30,31.5,-25.0,25.319336
2012-08-31,31.5,-25.0,26.183807
2012-09-01,31.5,-25.0,26.364716
2012-09-02,31.5,-25.0,17.980316
2012-09-03,31.5,-25.0,22.047394
2012-09-04,31.5,-25.0,17.204498
2012-09-05,31.5,-25.0,16.277924
2012-09-06,31.5,-25.0,15.8203125
2012-09-07,31.5,-25.0,17.642426
2012-09-08,31.5,-25.0,18.44867
2012-09-09,31.5,-25.0,21.295471
2012-09-10,31.5,-25.0,23.578064
2012-09-11,31.5,-25.0,19.644867
2012-09-12,31.5,-25.0,19.735687
2012-09-13,31.5,-25.0,23.695496
2012-09-14,31.5,-25.0,17.51886
2012-09-15,31.5,-25.0,15.469208
2012-09-16,31.5,-25.0,15.578033
2012-09-17,31.5,-25.0,18.229828
2012-09-18,31.5,-25.0,22.654114
2012-09-19,31.5,-25.0,23.1651
2012-09-20,31.5,-25.0,21.980072
2012-09-21,31.5,-25.0,26.103394
2012-09-22,31.5,-25.0,26.420715
2012-09-23,31.5,-25.0,19.209686
2012-09-24,31.5,-25.0,23.22583
2012-09-25,31.5,-25.0,19.862305
2012-09-26,31.5,-25.0,23.084045
2012-09-27,31.5,-25.0,27.266449
2012-09-28,31.5,-25.0,29.584106
2012-09-29,31.5,-25.0,22.19397
2012-09-30,31.5,-25.0,21.129547
2012-10-01,31.5,-25.0,22.338348
2012-10-02,31.5,-25.0,25.70288
2012-10-03,31.5,-25.0,27.421509
2012-10-04,31.5,-25.0,29.837372
2012-10-05,31.5,-25.0,23.981384
2012-10-06,31.5,-25.0,26.807709
2012-10-07,31.5,-25.0,27.700043
2012-10-08,31.5,-25.0,21.760468
2012-10-09,31.5,-25.0,23.69815
2012-10-10,31.5,-25.0,24.844238
2012-10-11,31.5,-25.0,19.424713
2012-10-12,31.5,-25.0,17.813568
2012-10-13,31.5,-25.0,19.557526
2012-10-14,31.5,-25.0,21.530273
2012-10-15,31.5,-25.0,23.693054
2012-10-16,31.5,-25.0,25.432373
2012-10-17,31.5,-25.0,21.818604
2012-10-18,31.5,-25.0,26.959412
2012-10-19,31.5,-25.0,22.048431
2012-10-20,31.5,-25.0,21.677582
2012-10-21,31.5,-25.0,23.402222
2012-10-22,31.5,-25.0,25.965088
2012-10-23,31.5,-25.0,18.270416
2012-10-24,31.5,-25.0,18.390686
2012-10-25,31.5,-25.0,19.69226
2012-10-26,31.5,-25.0,22.498169
2012-10-27,31.5,-25.0,20.187653
2012-10-28,31.5,-25.0,20.20221
2012-10-29,31.5,-25.0,22.25293
2012-10-30,31.5,-25.0,23.127197
2012-10-31,31.5,-25.0,21.015411
2012-11-01,31.5,-25.0,18.645844
2012-11-02,31.5,-25.0,17.71634
2012-11-03,31.5,-25.0,20.27951
2012-11-04,31.5,-25.0,25.968811
2012-11-05,31.5,-25.0,28.234009
2012-11-06,31.5,-25.0,25.72519
2012-11-07,31.5,-25.0,22.21341
2012-11-08,31.5,-25.0,18.57373
2012-11-09,31.5,-25.0,19.500763
2012-11-10,31.5,-25.0,24.069214
2012-11-11,31.5,-25.0,23.62857
2012-11-12,31.5,-25.0,25.259277
2012-11-13,31.5,-25.0,26.410034
2012-11-14,31.5,-25.0,22.728912
2012-11-15,31.5,-25.0,23.979645
2012-11-16,31.5,-25.0,27.91217
2012-11-17,31.5,-25.0,28.745178
2012-11-18,31.5,-25.0,22.212738
2012-11-19,31.5,-25.0,24.865784
2012-11-20,31.5,-25.0,26.208588
2012-11-21,31.5,-25.0,25.57663
2012-11-22,31.5,-25.0,22.062988
2012-11-23,31.5,-25.0,23.875732
2012-11-24,31.5,-25.0,26.204895
2012-11-25,31.5,-25.0,20.84256
2012-11-26,31.5,-25.0,20.312042
2012-11-27,31.5,-25.0,20.797913
2012-11-28,31.5,-25.0,20.493011
2012-11-29,31.5,-25.0,25.720184
2012-11-30,31.5,-25.0,23.993744
2012-12-01,31.5,-25.0,21.415588
2012-12-02,31.5,-25.0,22.079315
2012-12-03,31.5,-25.0,24.492828
2012-12-04,31.5,-25.0,23.425293
2012-12-05,31.5,-25.0,24.755371
2012-12-06,31.5,-25.0,23.120636
2012-12-07,31.5,-25.0,25.686798
2012-12-08,31.5,-25.0,24.75711
2012-12-09,31.5,-25.0,25.026642
2012-12-10,31.5,-25.0,24.073486
2012-12-11,31.5,-25.0,21.49881
2012-12-12,31.5,-25.0,20.38208
2012-12-13,31.5,-25.0,22.131287
2012-12-14,31.5,-25.0,22.532684
2012-12-15,31.5,-25.0,24.128632
2012-12-16,31.5,-25.0,24.096924
2012-12-17,31.5,-25.0,22.989258
2012-12-18,31.5,-25.0,22.253937
2012-12-19,31.5,-25.0,23.315094
2012-12-20,31.5,-25.0,24.98291
2012-12-21,31.5,-25.0,24.6604
2012-12-22,31.5,-25.0,25.08191
2012-12-23,31.5,-25.0,25.918365
2012-12-24,31.5,-25.0,27.384918
2012-12-25,31.5,-25.0,27.449005
2012-12-26,31.5,-25.0,23.424744
2012-12-27,31.5,-25.0,24.587372
2012-12-28,31.5,-25.0,27.362488
2012-12-29,31.5,-25.0,28.141266
2012-12-30,31.5,-25.0,29.06836
2012-12-31,31.5,-25.0,27.881409
2013-01-01,31.5,-25.0,24.333557
2013-01-02,31.5,-25.0,24.03897
2013-01-03,31.5,-25.0,27.751099
2013-01-04,31.5,-25.0,23.518768
2013-01-05,31.5,-25.0,22.450745
2013-01-06,31.5,-25.0,25.83966
2013-01-07,31.5,-25.0,25.974579
2013-01-08,31.5,-25.0,26.812012
2013-01-09,31.5,-25.0,30.217194
2013-01-10,31.5,-25.0,31.299835
2013-01-11,31.5,-25.0,23.468567
2013-01-12,31.5,-25.0,22.103882
2013-01-13,31.5,-25.0,23.132568
2013-01-14,31.5,-25.0,24.611755
2013-01-15,31.5,-25.0,23.643158
2013-01-16,31.5,-25.0,23.625824
2013-01-17,31.5,-25.0,25.830078
2013-01-18,31.5,-25.0,26.169403
2013-01-19,31.5,-25.0,22.459198
2013-01-20,31.5,-25.0,21.449646
2013-01-21,31.5,-25.0,22.962067
2013-01-22,31.5,-25.0,23.839447
2013-01-23,31.5,-25.0,23.830475
2013-01-24,31.5,-25.0,24.854889
2013-01-25,31.5,-25.0,26.11026
2013-01-26,31.5,-25.0,25.017792
2013-01-27,31.5,-25.0,25.71167
2013-01-28,31.5,-25.0,24.100006
2013-01-29,31.5,-25.0,24.144897
2013-01-30,31.5,-25.0,25.576324
2013-01-31,31.5,-25.0,25.05722
2013-02-01,31.5,-25.0,24.101105
2013-02-02,31.5,-25.0,24.671814
2013-02-03,31.5,-25.0,26.611603
2013-02-04,31.5,-25.0,24.650879
2013-02-05,31.5,-25.0,21.071259
2013-02-06,31.5,-25.0,23.114166
2013-02-07,31.5,-25.0,25.342377
2013-02-08,31.5,-25.0,25.902649
2013-02-09,31.5,-25.0,26.209381
2013-02-10,31.5,-25.0,25.905365
2013-02-11,31.5,-25.0,25.66681
2013-02-12,31.5,-25.0,24.740967
2013-02-13,31.5,-25.0,24.827057
2013-02-14,31.5,-25.0,25.82019
2013-02-15,31.5,-25.0,25.92044
2013-02-16,31.5,-25.0,25.261993
2013-02-17,31.5,-25.0,25.084656
2013-02-18,31.5,-25.0,25.682709
2013-02-19,31.5,-25.0,27.009552
2013-02-20,31.5,-25.0,26.665924
2013-02-21,31.5,-25.0,23.220886
2013-02-22,31.5,-25.0,23.15033
2013-02-23,31.5,-25.0,25.329254
2013-02-24,31.5,-25.0,23.980804
2013-02-25,31.5,-25.0,24.708221
2013-02-26,31.5,-25.0,24.60147
2013-02-27,31.5,-25.0,25.121613
2013-02-28,31.5,-25.0,26.886475
2013-03-01,31.5,-25.0,23.23645
2013-03-02,31.5,-25.0,23.660889
2013-03-03,31.5,-25.0,23.859161
2013-03-04,31.5,-25.0,24.114136
2013-03-05,31.5,-25.0,24.578339
2013-03-06,31.5,-25.0,26.549438
2013-03-07,31.5,-25.0,26.80191
2013-03-08,31.5,-25.0,27.08606
2013-03-09,31.5,-25.0,26.569733
2013-03-10,31.5,-25.0,22.226562
2013-03-11,31.5,-25.0,22.071259
2013-03-12,31.5,-25.0,22.268402
2013-03-13,31.5,-25.0,22.960907
2013-03-14,31.5,-25.0,22.556274
2013-03-15,31.5,-25.0,23.03122
2013-03-16,31.5,-25.0,25.404114
2013-03-17,31.5,-25.0,25.193512
2013-03-18,31.5,-25.0,25.167847
2013-03-19,31.5,-25.0,26.371155
2013-03-20,31.5,-25.0,22.643494
2013-03-21,31.5,-25.0,22.717499
2013-03-22,31.5,-25.0,23.131409
2013-03-23,31.5,-25.0,23.444061
2013-03-24,31.5,-25.0,23.817535
2013-03-25,31.5,-25.0,24.534332
2013-03-26,31.5,-25.0,23.709045
2013-03-27,31.5,-25.0,22.44278
2013-03-28,31.5,-25.0,23.92157
2013-03-29,31.5,-25.0,24.151215
2013-03-30,31.5,-25.0,24.043182
2013-03-31,31.5,-25.0,23.281982
2013-04-01,31.5,-25.0,23.288116
2013-04-02,31.5,-25.0,25.540527
2013-04-03,31.5,-25.0,19.82138
2013-04-04,31.5,-25.0,17.1669
2013-04-05,31.5,-25.0,18.87555
2013-04-06,31.5,-25.0,19.078156
2013-04-07,31.5,-25.0,19.776031
2013-04-08,31.5,-25.0,22.870453
2013-04-09,31.5,-25.0,23.805511
2013-04-10,31.5,-25.0,20.779388
2013-04-11,31.5,-25.0,18.123749
2013-04-12,31.5,-25.0,18.607178
2013-04-13,31.5,-25.0,19.73108
2013-04-14,31.5,-25.0,21.164398
2013-04-15,31.5,-25.0,21.09024
2013-04-16,31.5,-25.0,22.217224
2013-04-17,31.5,-25.0,23.792114
2013-04-18,31.5,-25.0,24.83551
2013-04-19,31.5,-25.0,20.873505
2013-04-20,31.5,-25.0,17.664154
2013-04-21,31.5,-25.0,19.656311
2013-04-22,31.5,-25.0,20.047485
2013-04-23,31.5,-25.0,19.62735
2013-04-24,31.5,-25.0,19.54483
2013-04-25,31.5,-25.0,19.404083
2013-04-26,31.5,-25.0,19.099762
2013-04-27,31.5,-25.0,18.873718
2013-04-28,31.5,-25.0,19.776428
2013-04-29,31.5,-25.0,21.567139
2013-04-30,31.5,-25.0,21.236603
2013-05-01,31.5,-25.0,20.02063
2013-05-02,31.5,-25.0,19.169586
2013-05-03,31.5,-25.0,20.08252
2013-05-04,31.5,-25.0,21.681427
2013-05-05,31.5,-25.0,17.765656
2013-05-06,31.5,-25.0,17.015564
2013-05-07,31.5,-25.0,17.007324
2013-05-08,31.5,-25.0,18.70642
2013-05-09,31.5,-25.0,20.857727
2013-05-10,31.5,-25.0,19.56961
2013-05-11,31.5,-25.0,19.070343
2013-05-12,31.5,-25.0,18.572754
2013-05-13,31.5,-25.0,18.863861
2013-05-14,31.5,-25.0,18.290375
2013-05-15,31.5,-25.0,19.11905
2013-05-16,31.5,-25.0,20.52298
2013-05-17,31.5,-25.0,19.798218
2013-05-18,31.5,-25.0,18.41095
2013-05-19,31.5,-25.0,17.328186
2013-05-20,31.5,-25.0,17.939117
2013-05-21,31.5,-25.0,17.5
2013-05-22,31.5,-25.0,17.750244
2013-05-23,31.5,-25.0,17.9086
2013-05-24,31.5,-25.0,18.193207
2013-05-25,31.5,-25.0,18.41681
2013-05-26,31.5,-25.0,21.197693
2013-05-27,31.5,-25.0,21.992676
2013-05-28,31.5,-25.0,19.817413
2013-05-29,31.5,-25.0,19.885406
2013-05-30,31.5,-25.0,22.047089
2013-05-31,31.5,-25.0,19.797089
2013-06-01,31.5,-25.0,20.558868
2013-06-02,31.5,-25.0,22.487946
2013-06-03,31.5,-25.0,22.443695
2013-06-04,31.5,-25.0,19.319153
2013-06-05,31.5,-25.0,19.963104
2013-06-06,31.5,-25.0,17.649597
2013-06-07,31.5,-25.0,19.292694
2013-06-08,31.5,-25.0,20.399506
2013-06-09,31.5,-25.0,18.809723
2013-06-10,31.5,-25.0,14.988464
2013-06-11,31.5,-25.0,13.7612
2013-06-12,31.5,-25.0,14.810577
2013-06-13,31.5,-25.0,15.659515
2013-06-14,31.5,-25.0,17.577148
2013-06-15,31.5,-25.0,18.411469
2013-06-16,31.5,-25.0,16.581482
2013-06-17,31.5,-25.0,14.766968
2013-06-18,31.5,-25.0,15.030945
2013-06-19,31.5,-25.0,15.841919
2013-06-20,31.5,-25.0,16.256073
2013-06-21,31.5,-25.0,15.787506
2013-06-22,31.5,-25.0,17.454895
2013-06-23,31.5,-25.0,16.746735
2013-06-24,31.5,-25.0,16.262177
2013-06-25,31.5,-25.0,17.668762
2013-06-26,31.5,-25.0,19.256683
2013-06-27,31.5,-25.0,17.134888
2013-06-28,31.5,-25.0,16.59314
2013-06-29,31.5,-25.0,17.924896
2013-06-30,31.5,-25.0,20.387115
2013-07-01,31.5,-25.0,20.177246
2013-07-02,31.5,-25.0,18.825928
2013-07-03,31.5,-25.0,20.397095
2013-07-04,31.5,-25.0,18.282715
2013-07-05,31.5,-25.0,16.950714
2013-07-06,31.5,-25.0,16.132568
2013-07-07,31.5,-25.0,16.667358
2013-07-08,31.5,-25.0,16.233002
2013-07-09,31.5,-25.0,15.954102
2013-07-10,31.5,-25.0,15.899872
2013-07-11,31.5,-25.0,16.159271
2013-07-12,31.5,-25.0,15.8697815
2013-07-13,31.5,-25.0,16.03003
2013-07-14,31.5,-25.0,17.009583
2013-07-15,31.5,-25.0,16.17035
2013-07-16,31.5,-25.0,16.441956
2013-07-17,31.5,-25.0,17.217255
2013-07-18,31.5,-25.0,16.646027
2013-07-19,31.5,-25.0,17.349182
2013-07-20,31.5,-25.0,19.055267
2013-07-21,31.5,-25.0,17.538422
2013-07-22,31.5,-25.0,15.59256
2013-07-23,31.5,-25.0,17.859955
2013-07-24,31.5,-25.0,19.68219
2013-07-25,31.5,-25.0,18.040771
2013-07-26,31.5,-25.0,20.11023
2013-07-27,31.5,-25.0,21.429993
2013-07-28,31.5,-25.0,21.588867
2013-07-29,31.5,-25.0,17.482483
2013-07-30,31.5,-25.0,16.42752
2013-07-31,31.5,-25.0,16.545502
2013-08-01,31.5,-25.0,17.071136
2013-08-02,31.5,-25.0,16.868622
2013-08-03,31.5,-25.0,17.069336
2013-08-04,31.5,-25.0,17.379944
2013-08-05,31.5,-25.0,17.239624
2013-08-06,31.5,-25.0,17.778442
2013-08-07,31.5,-25.0,19.640228
2013-08-08,31.5,-25.0,21.711609
2013-08-09,31.5,-25.0,18.061615
2013-08-10,31.5,-25.0,14.852051
2013-08-11,31.5,-25.0,16.937256
2013-08-12,31.5,-25.0,20.61792
2013-08-13,31.5,-25.0,19.858063
2013-08-14,31.5,-25.0,22.571075
2013-08-15,31.5,-25.0,18.486145
2013-08-16,31.5,-25.0,18.783325
2013-08-17,31.5,-25.0,21.756592
2013-08-18,31.5,-25.0,21.685577
2013-08-19,31.5,-25.0,17.897583
2013-08-20,31.5,-25.0,17.587128
2013-08-21,31.5,-25.0,21.129211
2013-08-22,31.5,-25.0,19.40863
2013-08-23,31.5,-25.0,16.944763
2013-08-24,31.5,-25.0,19.304993
2013-08-25,31.5,-25.0,17.987701
2013-08-26,31.5,-25.0,19.412842
2013-08-27,31.5,-25.0,21.336182
2013-08-28,31.5,-25.0,22.52478
2013-08-29,31.5,-25.0,22.440582
2013-08-30,31.5,-25.0,25.99179
2013-08-31,31.5,-25.0,20.434692
2013-09-01,31.5,-25.0,18.120514
2013-09-02,31.5,-25.0,18.573914
2013-09-03,31.5,-25.0,19.972382
2013-09-04,31.5,-25.0,20.462585
2013-09-05,31.5,-25.0,19.708221
2013-09-06,31.5,-25.0,21.740509
2013-09-07,31.5,-25.0,21.710907
2013-09-08,31.5,-25.0,26.197083
2013-09-09,31.5,-25.0,23.980682
2013-09-10,31.5,-25.0,21.724823
2013-09-11,31.5,-25.0,22.76706
2013-09-12,31.5,-25.0,18.978638
2013-09-13,31.5,-25.0,23.877533
2013-09-14,31.5,-25.0,27.309814
2013-09-15,31.5,-25.0,25.315826
2013-09-16,31.5,-25.0,24.405182
2013-09-17,31.5,-25.0,23.744995
2013-09-18,31.5,-25.0,27.815887
2013-09-19,31.5,-25.0,28.266266
2013-09-20,31.5,-25.0,28.81726
2013-09-21,31.5,-25.0,18.492432
2013-09-22,31.5,-25.0,15.029114
2013-09-23,31.5,-25.0,18.785614
2013-09-24,31.5,-25.0,25.137878
2013-09-25,31.5,-25.0,22.753693
2013-09-26,31.5,-25.0,24.371399
2013-09-27,31.5,-25.0,30.103638
2013-09-28,31.5,-25.0,23.869232
2013-09-29,31.5,-25.0,15.012787
2013-09-30,31.5,-25.0,15.913971
2013-10-01,31.5,-25.0,16.871918
2013-10-02,31.5,-25.0,19.251862
2013-10-03,31.5,-25.0,20.088593
2013-10-04,31.5,-25.0,22.27353
2013-10-05,31.5,-25.0,24.606201
2013-10-06,31.5,-25.0,25.488342
2013-10-07,31.5,-25.0,19.513702
2013-10-08,31.5,-25.0,19.062134
2013-10-09,31.5,-25.0,23.148956
2013-10-10,31.5,-25.0,25.199097
2013-10-11,31.5,-25.0,27.936096
2013-10-12,31.5,-25.0,31.874664
2013-10-13,31.5,-25.0,20.483704
2013-10-14,31.5,-25.0,18.197144
2013-10-15,31.5,-25.0,21.044739
2013-10-16,31.5,-25.0,25.225647
2013-10-17,31.5,-25.0,21.785065
2013-10-18,31.5,-25.0,19.318573
2013-10-19,31.5,-25.0,16.336914
2013-10-20,31.5,-25.0,18.429657
2013-10-21,31.5,-25.0,19.960358
2013-10-22,31.5,-25.0,16.70633
2013-10-23,31.5,-25.0,17.754211
2013-10-24,31.5,-25.0,18.248077
2013-10-25,31.5,-25.0,20.325104
2013-10-26,31.5,-25.0,22.849792
2013-10-27,31.5,-25.0,21.297028
2013-10-28,31.5,-25.0,20.77774
2013-10-29,31.5,-25.0,21.531067
2013-10-30,31.5,-25.0,23.90158
2013-10-31,31.5,-25.0,26.606506
2013-11-01,31.5,-25.0,23.961884
2013-11-02,31.5,-25.0,20.828033
2013-11-03,31.5,-25.0,21.283722
2013-11-04,31.5,-25.0,23.165009
2013-11-05,31.5,-25.0,26.685455
2013-11-06,31.5,-25.0,28.678833
2013-11-07,31.5,-25.0,28.723907
2013-11-08,31.5,-25.0,22.513672
2013-11-09,31.5,-25.0,24.48642
2013-11-10,31.5,-25.0,20.978424
2013-11-11,31.5,-25.0,19.824402
2013-11-12,31.5,-25.0,22.470917
2013-11-13,31.5,-25.0,28.561432
2013-11-14,31.5,-25.0,30.028198
2013-11-15,31.5,-25.0,29.381378
2013-11-16,31.5,-25.0,27.114563
2013-11-17,31.5,-25.0,28.360748
2013-11-18,31.5,-25.0,24.302063
2013-11-19,31.5,-25.0,23.752625
2013-11-20,31.5,-25.0,27.121002
2013-11-21,31.5,-25.0,20.361572
2013-11-22,31.5,-25.0,20.780304
2013-11-23,31.5,-25.0,23.251862
2013-11-24,31.5,-25.0,23.303528
2013-11-25,31.5,-25.0,24.061096
2013-11-26,31.5,-25.0,26.223785
2013-11-27,31.5,-25.0,25.00763
2013-11-28,31.5,-25.0,20.180511
2013-11-29,31.5,-25.0,19.927551
2013-11-30,31.5,-25.0,25.058105
2013-12-01,31.5,-25.0,22.798767
2013-12-02,31.5,-25.0,23.67804
2013-12-03,31.5,-25.0,25.415558
2013-12-04,31.5,-25.0,27.157959
2013-12-05,31.5,-25.0,20.881317
2013-12-06,31.5,-25.0,21.057404
2013-12-07,31.5,-25.0,20.204498
2013-12-08,31.5,-25.0,22.110596
2013-12-09,31.5,-25.0,22.946106
2013-12-10,31.5,-25.0,21.319458
2013-12-11,31.5,-25.0,20.92453
2013-12-12,31.5,-25.0,23.111938
2013-12-13,31.5,-25.0,23.78009
2013-12-14,31.5,-25.0,27.568268
2013-12-15,31.5,-25.0,29.932404
2013-12-16,31.5,-25.0,25.017273
2013-12-17,31.5,-25.0,21.389465
2013-12-18,31.5,-25.0,20.965729
2013-12-19,31.5,-25.0,21.35379
2013-12-20,31.5,-25.0,22.095947
2013-12-21,31.5,-25.0,24.493835
2013-12-22,31.5,-25.0,23.891418
2013-12-23,31.5,-25.0,24.73706
2013-12-24,31.5,-25.0,25.700531
2013-12-25,31.5,-25.0,27.084778
2013-12-26,31.5,-25.0,28.016571
2013-12-27,31.5,-25.0,23.266632
2013-12-28,31.5,-25.0,26.788239
2013-12-29,31.5,-25.0,20.60196
2013-12-30,31.5,-25.0,20.537079
2013-12-31,31.5,-25.0,24.02417
2014-01-01,31.5,-25.0,24.175507
2014-01-02,31.5,-25.0,25.347443
2014-01-03,31.5,-25.0,25.553986
2014-01-04,31.5,-25.0,24.943054
2014-01-05,31.5,-25.0,24.53778
2014-01-06,31.5,-25.0,25.032135
2014-01-07,31.5,-25.0,25.471802
2014-01-08,31.5,-25.0,24.385834
2014-01-09,31.5,-25.0,24.817719
2014-01-10,31.5,-25.0,26.936646
2014-01-11,31.5,-25.0,24.615967
2014-01-12,31.5,-25.0,25.572845
2014-01-13,31.5,-25.0,24.933167
2014-01-14,31.5,-25.0,22.940002
2014-01-15,31.5,-25.0,24.22113
2014-01-16,31.5,-25.0,24.952545
2014-01-17,31.5,-25.0,25.430664
2014-01-18,31.5,-25.0,25.226227
2014-01-19,31.5,-25.0,25.430511
2014-01-20,31.5,-25.0,26.142365
2014-01-21,31.5,-25.0,26.530731
2014-01-22,31.5,-25.0,25.967102
2014-01-23,31.5,-25.0,28.092224
2014-01-24,31.5,-25.0,29.238464
2014-01-25,31.5,-25.0,27.567413
2014-01-26,31.5,-25.0,22.322021
2014-01-27,31.5,-25.0,23.731964
2014-01-28,31.5,-25.0,25.463715
2014-01-29,31.5,-25.0,26.212189
2014-01-30,31.5,-25.0,27.533234
2014-01-31,31.5,-25.0,24.901245
2014-02-01,31.5,-25.0,25.692963
2014-02-02,31.5,-25.0,27.190582
2014-02-03,31.5,-25.0,24.537292
2014-02-04,31.5,-25.0,24.907135
2014-02-05,31.5,-25.0,26.6857
2014-02-06,31.5,-25.0,26.890442
2014-02-07,31.5,-25.0,24.812775
2014-02-08,31.5,-25.0,26.498169
2014-02-09,31.5,-25.0,26.33551
2014-02-10,31.5,-25.0,26.237946
2014-02-11,31.5,-25.0,26.052887
2014-02-12,31.5,-25.0,26.612762
2014-02-13,31.5,-25.0,25.465973
2014-02-14,31.5,-25.0,25.115326
2014-02-15,31.5,-25.0,24.894043
2014-02-16,31.5,-25.0,24.986938
2014-02-17,31.5,-25.0,24.322174
2014-02-18,31.5,-25.0,25.713837
2014-02-19,31.5,-25.0,26.162872
2014-02-20,31.5,-25.0,27.666199
2014-02-21,31.5,-25.0,25.61029
2014-02-22,31.5,-25.0,25.2818
2014-02-23,31.5,-25.0,25.923798
2014-02-24,31.5,-25.0,25.962097
2014-02-25,31.5,-25.0,27.157257
2014-02-26,31.5,-25.0,23.918
2014-02-27,31.5,-25.0,24.597748
2014-02-28,31.5,-25.0,27.90561
2014-03-01,31.5,-25.0,29.471375
2014-03-02,31.5,-25.0,27.127533
2014-03-03,31.5,-25.0,23.835693
2014-03-04,31.5,-25.0,25.020264
2014-03-05,31.5,-25.0,24.841278
2014-03-06,31.5,-25.0,25.17633
2014-03-07,31.5,-25.0,26.427063
2014-03-08,31.5,-25.0,26.852814
2014-03-09,31.5,-25.0,26.434479
2014-03-10,31.5,-25.0,22.55365
2014-03-11,31.5,-25.0,25.200531
2014-03-12,31.5,-25.0,27.26883
2014-03-13,31.5,-25.0,18.787811
2014-03-14,31.5,-25.0,20.956696
2014-03-15,31.5,-25.0,24.551666
2014-03-16,31.5,-25.0,26.215729
2014-03-17,31.5,-25.0,26.691711
2014-03-18,31.5,-25.0,23.713806
2014-03-19,31.5,-25.0,26.966278
2014-03-20,31.5,-25.0,24.076385
2014-03-21,31.5,-25.0,22.390533
2014-03-22,31.5,-25.0,22.640594
2014-03-23,31.5,-25.0,24.078949
2014-03-24,31.5,-25.0,24.868164
2014-03-25,31.5,-25.0,23.913086
2014-03-26,31.5,-25.0,23.99884
2014-03-27,31.5,-25.0,23.097992
2014-03-28,31.5,-25.0,20.927612
2014-03-29,31.5,-25.0,22.842072
2014-03-30,31.5,-25.0,23.906647
2014-03-31,31.5,-25.0,22.50766
2014-04-01,31.5,-25.0,23.86023
2014-04-02,31.5,-25.0,25.548279
2014-04-03,31.5,-25.0,26.702423
2014-04-04,31.5,-25.0,21.77066
2014-04-05,31.5,-25.0,20.340454
2014-04-06,31.5,-25.0,21.16272
2014-04-07,31.5,-25.0,20.53366
2014-04-08,31.5,-25.0,20.59433
2014-04-09,31.5,-25.0,20.40625
2014-04-10,31.5,-25.0,20.838867
2014-04-11,31.5,-25.0,20.605316
2014-04-12,31.5,-25.0,20.930847
2014-04-13,31.5,-25.0,21.1763
2014-04-14,31.5,-25.0,21.554443
2014-04-15,31.5,-25.0,23.641602
2014-04-16,31.5,-25.0,19.995422
2014-04-17,31.5,-25.0,19.813904
2014-04-18,31.5,-25.0,20.885254
2014-04-19,31.5,-25.0,22.963684
2014-04-20,31.5,-25.0,21.763
2014-04-21,31.5,-25.0,24.18518
2014-04-22,31.5,-25.0,24.708466
2014-04-23,31.5,-25.0,23.50586
2014-04-24,31.5,-25.0,23.111511
2014-04-25,31.5,-25.0,20.534119
2014-04-26,31.5,-25.0,21.125153
2014-04-27,31.5,-25.0,21.346252
2014-04-28,31.5,-25.0,18.361969
2014-04-29,31.5,-25.0,20.357544
2014-04-30,31.5,-25.0,20.94345
2014-05-01,31.5,-25.0,22.417572
2014-05-02,31.5,-25.0,21.086365
2014-05-03,31.5,-25.0,21.896454
2014-05-04,31.5,-25.0,22.28189
2014-05-05,31.5,-25.0,23.081696
2014-05-06,31.5,-25.0,19.45465
2014-05-07,31.5,-25.0,18.994568
2014-05-08,31.5,-25.0,20.276337
2014-05-09,31.5,-25.0,22.031952
2014-05-10,31.5,-25.0,21.753265
2014-05-11,31.5,-25.0,20.924622
2014-05-12,31.5,-25.0,21.012726
2014-05-13,31.5,-25.0,19.84961
2014-05-14,31.5,-25.0,19.844696
2014-05-15,31.5,-25.0,20.104858
2014-05-16,31.5,-25.0,22.283264
2014-05-17,31.5,-25.0,20.133148
2014-05-18,31.5,-25.0,18.577759
2014-05-19,31.5,-25.0,17.087097
2014-05-20,31.5,-25.0,18.507843
2014-05-21,31.5,-25.0,20.078705
2014-05-22,31.5,-25.0,18.126373
2014-05-23,31.5,-25.0,18.482971
2014-05-24,31.5,-25.0,18.4664
2014-05-25,31.5,-25.0,20.007782
2014-05-26,31.5,-25.0,20.186554
2014-05-27,31.5,-25.0,19.491333
2014-05-28,31.5,-25.0,21.072876
2014-05-29,31.5,-25.0,21.148651
2014-05-30,31.5,-25.0,21.764679
2014-05-31,31.5,-25.0,19.41449
2014-06-01,31.5,-25.0,22.259918
2014-06-02,31.5,-25.0,19.972534
2014-06-03,31.5,-25.0,20.57782
2014-06-04,31.5,-25.0,22.783234
2014-06-05,31.5,-25.0,24.463898
2014-06-06,31.5,-25.0,14.913635
2014-06-07,31.5,-25.0,13.780731
2014-06-08,31.5,-25.0,14.3638
2014-06-09,31.5,-25.0,16.146759
2014-06-10,31.5,-25.0,18.02649
2014-06-11,31.5,-25.0,16.992432
2014-06-12,31.5,-25.0,15.253601
2014-06-13,31.5,-25.0,15.684296
2014-06-14,31.5,-25.0,16.895355
2014-06-15,31.5,-25.0,20.088196
2014-06-16,31.5,-25.0,18.823517
2014-06-17,31.5,-25.0,17.616089
2014-06-18,31.5,-25.0,19.725677
2014-06-19,31.5,-25.0,20.547455
2014-06-20,31.5,-25.0,16.889557
2014-06-21,31.5,-25.0,15.233765
2014-06-22,31.5,-25.0,15.531982
2014-06-23,31.5,-25.0,16.910706
2014-06-24,31.5,-25.0,16.682983
2014-06-25,31.5,-25.0,17.185883
2014-06-26,31.5,-25.0,18.5737
2014-06-27,31.5,-25.0,19.791412
2014-06-28,31.5,-25.0,18.750305
2014-06-29,31.5,-25.0,18.509155
2014-06-30,31.5,-25.0,18.325958
2014-07-01,31.5,-25.0,16.25595
2014-07-02,31.5,-25.0,16.312988
2014-07-03,31.5,-25.0,17.617523
2014-07-04,31.5,-25.0,18.780457
2014-07-05,31.5,-25.0,20.687775
2014-07-06,31.5,-25.0,18.6857
2014-07-07,31.5,-25.0,15.311462
2014-07-08,31.5,-25.0,13.418701
2014-07-09,31.5,-25.0,12.541931
2014-07-10,31.5,-25.0,12.644775
2014-07-11,31.5,-25.0,13.789001
2014-07-12,31.5,-25.0,16.647766
2014-07-13,31.5,-25.0,16.8544
2014-07-14,31.5,-25.0,17.155487
2014-07-15,31.5,-25.0,16.508606
2014-07-16,31.5,-25.0,18.20929
2014-07-17,31.5,-25.0,20.43097
2014-07-18,31.5,-25.0,19.38501
2014-07-19,31.5,-25.0,20.170624
2014-07-20,31.5,-25.0,17.815796
2014-07-21,31.5,-25.0,17.184235
2014-07-22,31.5,-25.0,17.480621
2014-07-23,31.5,-25.0,18.518219
2014-07-24,31.5,-25.0,19.719788
2014-07-25,31.5,-25.0,20.892242
2014-07-26,31.5,-25.0,21.188293
2014-07-27,31.5,-25.0,19.285248
2014-07-28,31.5,-25.0,18.897125
2014-07-29,31.5,-25.0,16.584534
2014-07-30,31.5,-25.0,15.330597
2014-07-31,31.5,-25.0,18.217407
2014-08-01,31.5,-25.0,19.890808
2014-08-02,31.5,-25.0,17.72754
2014-08-03,31.5,-25.0,19.858643
2014-08-04,31.5,-25.0,19.963318
2014-08-05,31.5,-25.0,22.027222
2014-08-06,31.5,-25.0,20.335083
2014-08-07,31.5,-25.0,20.258179
2014-08-08,31.5,-25.0,19.192566
2014-08-09,31.5,-25.0,18.524109
2014-08-10,31.5,-25.0,19.149323
2014-08-11,31.5,-25.0,18.466644
2014-08-12,31.5,-25.0,18.208405
2014-08-13,31.5,-25.0,19.116241
2014-08-14,31.5,-25.0,21.17694
2014-08-15,31.5,-25.0,20.457245
2014-08-16,31.5,-25.0,18.43869
2014-08-17,31.5,-25.0,18.17685
2014-08-18,31.5,-25.0,20.065979
2014-08-19,31.5,-25.0,22.532959
2014-08-20,31.5,-25.0,23.674896
2014-08-21,31.5,-25.0,23.533844
2014-08-22,31.5,-25.0,20.726593
2014-08-23,31.5,-25.0,18.476196
2014-08-24,31.5,-25.0,17.983856
2014-08-25,31.5,-25.0,18.12146
2014-08-26,31.5,-25.0,19.737244
2014-08-27,31.5,-25.0,21.90921
2014-08-28,31.5,-25.0,24.678589
2014-08-29,31.5,-25.0,19.160553
2014-08-30,31.5,-25.0,16.210297
2014-08-31,31.5,-25.0,17.010742
2014-09-01,31.5,-25.0,17.499695
2014-09-02,31.5,-25.0,17.772186
2014-09-03,31.5,-25.0,18.160278
2014-09-04,31.5,-25.0,18.875458
2014-09-05,31.5,-25.0,18.85141
2014-09-06,31.5,-25.0,20.465332
2014-09-07,31.5,-25.0,22.446533
2014-09-08,31.5,-25.0,24.418213
2014-09-09,31.5,-25.0,23.11206
2014-09-10,31.5,-25.0,26.20868
2014-09-11,31.5,-25.0,23.65683
2014-09-12,31.5,-25.0,26.743958
2014-09-13,31.5,-25.0,23.4422
2014-09-14,31.5,-25.0,25.345001
2014-09-15,31.5,-25.0,25.657227
2014-09-16,31.5,-25.0,25.452148
2014-09-17,31.5,-25.0,26.383575
2014-09-18,31.5,-25.0,27.651794
2014-09-19,31.5,-25.0,22.02243
2014-09-20,31.5,-25.0,17.830658
2014-09-21,31.5,-25.0,19.590332
2014-09-22,31.5,-25.0,21.372314
2014-09-23,31.5,-25.0,21.401611
2014-09-24,31.5,-25.0,20.675934
2014-09-25,31.5,-25.0,22.713287
2014-09-26,31.5,-25.0,23.40686
2014-09-27,31.5,-25.0,26.315979
2014-09-28,31.5,-25.0,18.77298
2014-09-29,31.5,-25.0,21.876587
2014-09-30,31.5,-25.0,25.990234
2014-10-01,31.5,-25.0,22.93814
2014-10-02,31.5,-25.0,19.38916
2014-10-03,31.5,-25.0,17.885712
2014-10-04,31.5,-25.0,18.838898
2014-10-05,31.5,-25.0,20.330536
2014-10-06,31.5,-25.0,21.485352
2014-10-07,31.5,-25.0,26.312775
2014-10-08,31.5,-25.0,29.027649
2014-10-09,31.5,-25.0,24.02826
2014-10-10,31.5,-25.0,19.35022
2014-10-11,31.5,-25.0,19.799835
2014-10-12,31.5,-25.0,26.895142
2014-10-13,31.5,-25.0,22.551208
2014-10-14,31.5,-25.0,21.210175
2014-10-15,31.5,-25.0,22.332489
2014-10-16,31.5,-25.0,20.825165
2014-10-17,31.5,-25.0,19.804565
2014-10-18,31.5,-25.0,19.19696
2014-10-19,31.5,-25.0,20.726562
2014-10-20,31.5,-25.0,20.501312
2014-10-21,31.5,-25.0,20.926971
2014-10-22,31.5,-25.0,19.539978
2014-10-23,31.5,-25.0,20.013824
2014-10-24,31.5,-25.0,22.364044
2014-10-25,31.5,-25.0,21.362946
2014-10-26,31.5,-25.0,19.825745
2014-10-27,31.5,-25.0,19.507935
2014-10-28,31.5,-25.0,20.64151
2014-10-29,31.5,-25.0,22.541046
2014-10-30,31.5,-25.0,25.71518
2014-10-31,31.5,-25.0,22.84961
2014-11-01,31.5,-25.0,21.766022
2014-11-02,31.5,-25.0,23.80774
2014-11-03,31.5,-25.0,23.00235
2014-11-04,31.5,-25.0,24.071686
2014-11-05,31.5,-25.0,24.377563
2014-11-06,31.5,-25.0,22.349121
2014-11-07,31.5,-25.0,20.675568
2014-11-08,31.5,-25.0,22.184723
2014-11-09,31.5,-25.0,28.213104
2014-11-10,31.5,-25.0,27.176727
2014-11-11,31.5,-25.0,20.881165
2014-11-12,31.5,-25.0,23.89502
2014-11-13,31.5,-25.0,28.826477
2014-11-14,31.5,-25.0,22.989594
2014-11-15,31.5,-25.0,26.051483
2014-11-16,31.5,-25.0,17.598999
2014-11-17,31.5,-25.0,16.63559
2014-11-18,31.5,-25.0,19.895142
2014-11-19,31.5,-25.0,21.917023
2014-11-20,31.5,-25.0,26.234833
2014-11-21,31.5,-25.0,24.51297
2014-11-22,31.5,-25.0,25.184113
2014-11-23,31.5,-25.0,26.726044
2014-11-24,31.5,-25.0,26.824707
2014-11-25,31.5,-25.0,23.39563
2014-11-26,31.5,-25.0,21.97165
2014-11-27,31.5,-25.0,25.765656
2014-11-28,31.5,-25.0,27.587769
2014-11-29,31.5,-25.0,22.13205
2014-11-30,31.5,-25.0,21.537659
2014-12-01,31.5,-25.0,22.253296
2014-12-02,31.5,-25.0,22.500885
2014-12-03,31.5,-25.0,23.148285
2014-12-04,31.5,-25.0,26.482056
2014-12-05,31.5,-25.0,25.446991
2014-12-06,31.5,-25.0,23.368103
2014-12-07,31.5,-25.0,23.767181
2014-12-08,31.5,-25.0,23.55838
2014-12-09,31.5,-25.0,23.17044
2014-12-10,31.5,-25.0,26.82779
2014-12-11,31.5,-25.0,24.898651
2014-12-12,31.5,-25.0,26.7724
2014-12-13,31.5,-25.0,22.845306
2014-12-14,31.5,-25.0,25.235565
2014-12-15,31.5,-25.0,26.69513
2014-12-16,31.5,-25.0,21.058777
2014-12-17,31.5,-25.0,21.745056
2014-12-18,31.5,-25.0,24.816376
2014-12-19,31.5,-25.0,25.539429
2014-12-20,31.5,-25.0,26.977753
2014-12-21,31.5,-25.0,26.380096
2014-12-22,31.5,-25.0,25.493835
2014-12-23,31.5,-25.0,25.99292
2014-12-24,31.5,-25.0,29.20993
2014-12-25,31.5,-25.0,30.552856
2014-12-26,31.5,-25.0,26.787018
2014-12-27,31.5,-25.0,23.906769
2014-12-28,31.5,-25.0,24.825073
2014-12-29,31.5,-25.0,22.682495
2014-12-30,31.5,-25.0,23.158234
2014-12-31,31.5,-25.0,23.25882
2015-01-01,31.5,-25.0,22.68814
2015-01-02,31.5,-25.0,24.89853
2015-01-03,31.5,-25.0,25.368744
2015-01-04,31.5,-25.0,26.349365
2015-01-05,31.5,-25.0,26.66809
2015-01-06,31.5,-25.0,27.228668
2015-01-07,31.5,-25.0,25.194641
2015-01-08,31.5,-25.0,27.140015
2015-01-09,31.5,-25.0,26.87378
2015-01-10,31.5,-25.0,25.529419
2015-01-11,31.5,-25.0,26.502838
2015-01-12,31.5,-25.0,26.132416
2015-01-13,31.5,-25.0,28.258362
2015-01-14,31.5,-25.0,26.129639
2015-01-15,31.5,-25.0,26.56842
2015-01-16,31.5,-25.0,28.046509
2015-01-17,31.5,-25.0,21.948364
2015-01-18,31.5,-25.0,23.421295
2015-01-19,31.5,-25.0,23.65384
2015-01-20,31.5,-25.0,24.230011
2015-01-21,31.5,-25.0,26.464478
2015-01-22,31.5,-25.0,23.73529
2015-01-23,31.5,-25.0,24.663269
2015-01-24,31.5,-25.0,25.41336
2015-01-25,31.5,-25.0,27.572845
2015-01-26,31.5,-25.0,29.677155
2015-01-27,31.5,-25.0,31.034058
2015-01-28,31.5,-25.0,26.897278
2015-01-29,31.5,-25.0,25.980438
2015-01-30,31.5,-25.0,25.949036
2015-01-31,31.5,-25.0,28.47107
2015-02-01,31.5,-25.0,26.010468
2015-02-02,31.5,-25.0,24.104034
2015-02-03,31.5,-25.0,24.546844
2015-02-04,31.5,-25.0,26.357239
2015-02-05,31.5,-25.0,28.85608
2015-02-06,31.5,-25.0,26.467224
2015-02-07,31.5,-25.0,27.202118
2015-02-08,31.5,-25.0,26.931366
2015-02-09,31.5,-25.0,27.728271
2015-02-10,31.5,-25.0,28.553436
2015-02-11,31.5,-25.0,28.717316
2015-02-12,31.5,-25.0,28.152649
2015-02-13,31.5,-25.0,29.442352
2015-02-14,31.5,-25.0,29.669891
2015-02-15,31.5,-25.0,23.255798
2015-02-16,31.5,-25.0,23.167511
2015-02-17,31.5,-25.0,22.620026
2015-02-18,31.5,-25.0,24.322418
2015-02-19,31.5,-25.0,27.48758
2015-02-20,31.5,-25.0,26.748962
2015-02-21,31.5,-25.0,28.308594
2015-02-22,31.5,-25.0,23.518402
2015-02-23,31.5,-25.0,24.689545
2015-02-24,31.5,-25.0,25.549896
2015-02-25,31.5,-25.0,26.792175
2015-02-26,31.5,-25.0,27.999817
2015-02-27,31.5,-25.0,26.193298
2015-02-28,31.5,-25.0,24.92752
2015-03-01,31.5,-25.0,25.982666
2015-03-02,31.5,-25.0,23.037415
2015-03-03,31.5,-25.0,21.802185
2015-03-04,31.5,-25.0,22.60846
2015-03-05,31.5,-25.0,25.42517
2015-03-06,31.5,-25.0,25.128296
2015-03-07,31.5,-25.0,26.598938
2015-03-08,31.5,-25.0,26.470917
2015-03-09,31.5,-25.0,26.2706
2015-03-10,31.5,-25.0,26.967377
2015-03-11,31.5,-25.0,25.82135
2015-03-12,31.5,-25.0,26.072662
2015-03-13,31.5,-25.0,27.47873
2015-03-14,31.5,-25.0,26.999725
2015-03-15,31.5,-25.0,27.481323
2015-03-16,31.5,-25.0,27.956451
2015-03-17,31.5,-25.0,25.568665
2015-03-18,31.5,-25.0,25.884827
2015-03-19,31.5,-25.0,27.3891
2015-03-20,31.5,-25.0,26.90741
2015-03-21,31.5,-25.0,28.44806
2015-03-22,31.5,-25.0,28.178558
2015-03-23,31.5,-25.0,27.880768
2015-03-24,31.5,-25.0,27.376007
2015-03-25,31.5,-25.0,27.864197
2015-03-26,31.5,-25.0,29.618134
2015-03-27,31.5,-25.0,26.065887
2015-03-28,31.5,-25.0,23.08789
2015-03-29,31.5,-25.0,22.868378
2015-03-30,31.5,-25.0,25.060608
2015-03-31,31.5,-25.0,24.003448
2015-04-01,31.5,-25.0,24.668793
2015-04-02,31.5,-25.0,23.567322
2015-04-03,31.5,-25.0,23.92862
2015-04-04,31.5,-25.0,25.516357
2015-04-05,31.5,-25.0,26.608734
2015-04-06,31.5,-25.0,23.073944
2015-04-07,31.5,-25.0,22.556824
2015-04-08,31.5,-25.0,22.333221
2015-04-09,31.5,-25.0,22.156677
2015-04-10,31.5,-25.0,21.228455
2015-04-11,31.5,-25.0,22.396088
2015-04-12,31.5,-25.0,22.964447
2015-04-13,31.5,-25.0,23.41092
2015-04-14,31.5,-25.0,25.292053
2015-04-15,31.5,-25.0,24.295532
2015-04-16,31.5,-25.0,23.467133
2015-04-17,31.5,-25.0,19.659424
2015-04-18,31.5,-25.0,19.10968
2015-04-19,31.5,-25.0,21.251495
2015-04-20,31.5,-25.0,23.25235
2015-04-21,31.5,-25.0,21.557526
2015-04-22,31.5,-25.0,21.160248
2015-04-23,31.5,-25.0,23.243744
2015-04-24,31.5,-25.0,21.68097
2015-04-25,31.5,-25.0,23.07788
2015-04-26,31.5,-25.0,23.242035
2015-04-27,31.5,-25.0,22.250336
2015-04-28,31.5,-25.0,22.074158
2015-04-29,31.5,-25.0,24.415192
2015-04-30,31.5,-25.0,26.089539
2015-05-01,31.5,-25.0,22.248505
2015-05-02,31.5,-25.0,23.764954
2015-05-03,31.5,-25.0,22.055725
2015-05-04,31.5,-25.0,23.885925
2015-05-05,31.5,-25.0,25.06955
2015-05-06,31.5,-25.0,23.240631
2015-05-07,31.5,-25.0,21.086853
2015-05-08,31.5,-25.0,21.220367
2015-05-09,31.5,-25.0,21.986328
2015-05-10,31.5,-25.0,22.710876
2015-05-11,31.5,-25.0,20.655792
2015-05-12,31.5,-25.0,20.68103
2015-05-13,31.5,-25.0,22.63739
2015-05-14,31.5,-25.0,22.895813
2015-05-15,31.5,-25.0,21.419525
2015-05-16,31.5,-25.0,24.333038
2015-05-17,31.5,-25.0,21.662445
2015-05-18,31.5,-25.0,21.913025
2015-05-19,31.5,-25.0,22.362213
2015-05-20,31.5,-25.0,21.684418
2015-05-21,31.5,-25.0,20.763275
2015-05-22,31.5,-25.0,19.809174
2015-05-23,31.5,-25.0,20.628326
2015-05-24,31.5,-25.0,21.159058
2015-05-25,31.5,-25.0,21.004272
2015-05-26,31.5,-25.0,20.56363
2015-05-27,31.5,-25.0,21.727295
2015-05-28,31.5,-25.0,21.86856
2015-05-29,31.5,-25.0,20.97992
2015-05-30,31.5,-25.0,21.839478
2015-05-31,31.5,-25.0,20.763672
2015-06-01,31.5,-25.0,19.599426
2015-06-02,31.5,-25.0,20.365631
2015-06-03,31.5,-25.0,21.435455
2015-06-04,31.5,-25.0,22.422241
2015-06-05,31.5,-25.0,15.932495
2015-06-06,31.5,-25.0,14.6875305
2015-06-07,31.5,-25.0,15.514832
2015-06-08,31.5,-25.0,16.13556
2015-06-09,31.5,-25.0,16.652466
2015-06-10,31.5,-25.0,17.138336
2015-06-11,31.5,-25.0,16.380127
2015-06-12,31.5,-25.0,16.921783
2015-06-13,31.5,-25.0,17.00351
2015-06-14,31.5,-25.0,18.472992
2015-06-15,31.5,-25.0,19.582947
2015-06-16,31.5,-25.0,20.186005
2015-06-17,31.5,-25.0,17.45523
2015-06-18,31.5,-25.0,15.905151
2015-06-19,31.5,-25.0,16.3656
2015-06-20,31.5,-25.0,16.867065
2015-06-21,31.5,-25.0,17.133545
2015-06-22,31.5,-25.0,17.89447
2015-06-23,31.5,-25.0,18.468658
2015-06-24,31.5,-25.0,19.711456
2015-06-25,31.5,-25.0,20.054413
2015-06-26,31.5,-25.0,18.63852
2015-06-27,31.5,-25.0,17.188507
2015-06-28,31.5,-25.0,19.401794
2015-06-29,31.5,-25.0,19.947662
2015-06-30,31.5,-25.0,17.646301
2015-07-01,31.5,-25.0,19.293182
2015-07-02,31.5,-25.0,17.94339
2015-07-03,31.5,-25.0,16.914673
2015-07-04,31.5,-25.0,18.513763
2015-07-05,31.5,-25.0,19.324188
2015-07-06,31.5,-25.0,19.7482
2015-07-07,31.5,-25.0,18.716156
2015-07-08,31.5,-25.0,19.962463
2015-07-09,31.5,-25.0,18.618317
2015-07-10,31.5,-25.0,19.430511
2015-07-11,31.5,-25.0,19.408478
2015-07-12,31.5,-25.0,20.811737
2015-07-13,31.5,-25.0,19.37381
2015-07-14,31.5,-25.0,17.251892
2015-07-15,31.5,-25.0,18.853394
2015-07-16,31.5,-25.0,20.636658
2015-07-17,31.5,-25.0,20.022095
2015-07-18,31.5,-25.0,18.05014
2015-07-19,31.5,-25.0,19.032745
2015-07-20,31.5,-25.0,20.470093
2015-07-21,31.5,-25.0,19.624329
2015-07-22,31.5,-25.0,18.686249
2015-07-23,31.5,-25.0,18.111298
2015-07-24,31.5,-25.0,19.175507
2015-07-25,31.5,-25.0,19.531189
2015-07-26,31.5,-25.0,16.667328
2015-07-27,31.5,-25.0,16.800323
2015-07-28,31.5,-25.0,18.646301
2015-07-29,31.5,-25.0,20.772247
2015-07-30,31.5,-25.0,22.900574
2015-07-31,31.5,-25.0,19.496277
2015-08-01,31.5,-25.0,15.673767
2015-08-02,31.5,-25.0,16.17566
2015-08-03,31.5,-25.0,19.29181
2015-08-04,31.5,-25.0,21.359344
2015-08-05,31.5,-25.0,20.50235
2015-08-06,31.5,-25.0,17.367798
2015-08-07,31.5,-25.0,17.647278
2015-08-08,31.5,-25.0,19.610321
2015-08-09,31.5,-25.0,22.3143
2015-08-10,31.5,-25.0,18.925476
2015-08-11,31.5,-25.0,19.230011
2015-08-12,31.5,-25.0,19.805298
2015-08-13,31.5,-25.0,22.866425
2015-08-14,31.5,-25.0,22.384491
2015-08-15,31.5,-25.0,21.710632
2015-08-16,31.5,-25.0,22.506165
2015-08-17,31.5,-25.0,21.117401
2015-08-18,31.5,-25.0,20.353546
2015-08-19,31.5,-25.0,22.795624
2015-08-20,31.5,-25.0,20.995514
2015-08-21,31.5,-25.0,21.607574
2015-08-22,31.5,-25.0,21.592957
2015-08-23,31.5,-25.0,20.457977
2015-08-24,31.5,-25.0,20.799133
2015-08-25,31.5,-25.0,21.37555
2015-08-26,31.5,-25.0,21.41156
2015-08-27,31.5,-25.0,20.780975
2015-08-28,31.5,-25.0,22.675934
2015-08-29,31.5,-25.0,25.178467
2015-08-30,31.5,-25.0,24.533142
2015-08-31,31.5,-25.0,25.432648
2015-09-01,31.5,-25.0,25.596893
2015-09-02,31.5,-25.0,20.013062
2015-09-03,31.5,-25.0,18.041992
2015-09-04,31.5,-25.0,17.482483
2015-09-05,31.5,-25.0,14.935516
2015-09-06,31.5,-25.0,17.884033
2015-09-07,31.5,-25.0,21.062592
2015-09-08,31.5,-25.0,22.239838
2015-09-09,31.5,-25.0,20.861786
2015-09-10,31.5,-25.0,27.143188
2015-09-11,31.5,-25.0,21.627441
2015-09-12,31.5,-25.0,17.968292
2015-09-13,31.5,-25.0,17.409454
2015-09-14,31.5,-25.0,17.658234
2015-09-15,31.5,-25.0,20.354492
2015-09-16,31.5,-25.0,23.135193
2015-09-17,31.5,-25.0,24.189148
2015-09-18,31.5,-25.0,18.415894
2015-09-19,31.5,-25.0,16.49704
2015-09-20,31.5,-25.0,18.731537
2015-09-21,31.5,-25.0,23.09845
2015-09-22,31.5,-25.0,24.904724
2015-09-23,31.5,-25.0,24.1156
2015-09-24,31.5,-25.0,25.113495
2015-09-25,31.5,-25.0,24.972168
2015-09-26,31.5,-25.0,24.9794
2015-09-27,31.5,-25.0,23.78067
2015-09-28,31.5,-25.0,27.68637
2015-09-29,31.5,-25.0,27.445496
2015-09-30,31.5,-25.0,28.103577
2015-10-01,31.5,-25.0,26.709106
2015-10-02,31.5,-25.0,22.97293
2015-10-03,31.5,-25.0,25.335754
2015-10-04,31.5,-25.0,29.506073
2015-10-05,31.5,-25.0,29.645966
2015-10-06,31.5,-25.0,24.465973
2015-10-07,31.5,-25.0,27.853027
2015-10-08,31.5,-25.0,31.432556
2015-10-09,31.5,-25.0,25.723846
2015-10-10,31.5,-25.0,27.545715
2015-10-11,31.5,-25.0,24.742798
2015-10-12,31.5,-25.0,23.794464
2015-10-13,31.5,-25.0,29.355988
2015-10-14,31.5,-25.0,28.59967
2015-10-15,31.5,-25.0,23.28241
2015-10-16,31.5,-25.0,19.474762
2015-10-17,31.5,-25.0,20.252014
2015-10-18,31.5,-25.0,22.25888
2015-10-19,31.5,-25.0,23.105316
2015-10-20,31.5,-25.0,23.1091
2015-10-21,31.5,-25.0,24.867188
2015-10-22,31.5,-25.0,23.829681
2015-10-23,31.5,-25.0,24.170258
2015-10-24,31.5,-25.0,23.334167
2015-10-25,31.5,-25.0,26.732178
2015-10-26,31.5,-25.0,25.432861
2015-10-27,31.5,-25.0,21.925415
2015-10-28,31.5,-25.0,21.665771
2015-10-29,31.5,-25.0,22.610199
2015-10-30,31.5,-25.0,24.13678
2015-10-31,31.5,-25.0,27.997284
2015-11-01,31.5,-25.0,30.534576
2015-11-02,31.5,-25.0,27.387756
2015-11-03,31.5,-25.0,20.911133
2015-11-04,31.5,-25.0,20.164886
2015-11-05,31.5,-25.0,21.376953
2015-11-06,31.5,-25.0,24.528229
2015-11-07,31.5,-25.0,28.543854
2015-11-08,31.5,-25.0,29.202484
2015-11-09,31.5,-25.0,29.566956
2015-11-10,31.5,-25.0,28.625244
2015-11-11,31.5,-25.0,30.697693
2015-11-12,31.5,-25.0,28.64392
2015-11-13,31.5,-25.0,29.517426
2015-11-14,31.5,-25.0,25.701141
2015-11-15,31.5,-25.0,24.834625
2015-11-16,31.5,-25.0,18.883514
2015-11-17,31.5,-25.0,22.977295
2015-11-18,31.5,-25.0,23.119843
2015-11-19,31.5,-25.0,22.08197
2015-11-20,31.5,-25.0,27.77414
2015-11-21,31.5,-25.0,27.43454
2015-11-22,31.5,-25.0,21.859985
2015-11-23,31.5,-25.0,24.058868
2015-11-24,31.5,-25.0,24.755646
2015-11-25,31.5,-25.0,27.454773
2015-11-26,31.5,-25.0,30.363678
2015-11-27,31.5,-25.0,21.495117
2015-11-28,31.5,-25.0,20.209717
2015-11-29,31.5,-25.0,21.7117
2015-11-30,31.5,-25.0,27.654755
2015-12-01,31.5,-25.0,30.872528
2015-12-02,31.5,-25.0,32.96765
2015-12-03,31.5,-25.0,27.049194
2015-12-04,31.5,-25.0,26.84137
2015-12-05,31.5,-25.0,27.926666
2015-12-06,31.5,-25.0,28.071106
2015-12-07,31.5,-25.0,29.132782
2015-12-08,31.5,-25.0,28.728607
2015-12-09,31.5,-25.0,29.098206
2015-12-10,31.5,-25.0,28.795502
2015-12-11,31.5,-25.0,31.340057
2015-12-12,31.5,-25.0,33.21704
2015-12-13,31.5,-25.0,27.7518
2015-12-14,31.5,-25.0,21.686798
2015-12-15,31.5,-25.0,21.793915
2015-12-16,31.5,-25.0,28.195007
2015-12-17,31.5,-25.0,25.846527
2015-12-18,31.5,-25.0,28.571411
2015-12-19,31.5,-25.0,31.28894
2015-12-20,31.5,-25.0,29.997223
2015-12-21,31.5,-25.0,32.151337
2015-12-22,31.5,-25.0,26.847015
2015-12-23,31.5,-25.0,26.894623
2015-12-24,31.5,-25.0,33.05551
2015-12-25,31.5,-25.0,27.557556
2015-12-26,31.5,-25.0,25.375824
2015-12-27,31.5,-25.0,27.363861
2015-12-28,31.5,-25.0,27.249847
2015-12-29,31.5,-25.0,27.15976
2015-12-30,31.5,-25.0,26.890839
2015-12-31,31.5,-25.0,28.212097
2016-01-01,31.5,-25.0,28.69757
2016-01-02,31.5,-25.0,26.622192
2016-01-03,31.5,-25.0,27.779602
2016-01-04,31.5,-25.0,28.111908
2016-01-05,31.5,-25.0,29.157837
2016-01-06,31.5,-25.0,30.635101
2016-01-07,31.5,-25.0,32.855743
2016-01-08,31.5,-25.0,25.21048
2016-01-09,31.5,-25.0,24.89569
2016-01-10,31.5,-25.0,25.278717
2016-01-11,31.5,-25.0,25.746033
2016-01-12,31.5,-25.0,26.360931
2016-01-13,31.5,-25.0,26.866364
2016-01-14,31.5,-25.0,28.293945
2016-01-15,31.5,-25.0,24.095001
2016-01-16,31.5,-25.0,22.530273
2016-01-17,31.5,-25.0,22.430145
2016-01-18,31.5,-25.0,23.106201
2016-01-19,31.5,-25.0,25.666504
2016-01-20,31.5,-25.0,25.539215
2016-01-21,31.5,-25.0,26.733276
2016-01-22,31.5,-25.0,25.928345
2016-01-23,31.5,-25.0,27.172302
2016-01-24,31.5,-25.0,29.921295
2016-01-25,31.5,-25.0,27.907806
2016-01-26,31.5,-25.0,24.45523
2016-01-27,31.5,-25.0,27.38266
2016-01-28,31.5,-25.0,27.94571
2016-01-29,31.5,-25.0,27.069946
2016-01-30,31.5,-25.0,27.664337
2016-01-31,31.5,-25.0,28.374939
2016-02-01,31.5,-25.0,27.479645
2016-02-02,31.5,-25.0,29.27649
2016-02-03,31.5,-25.0,31.551422
2016-02-04,31.5,-25.0,26.973114
2016-02-05,31.5,-25.0,25.045563
2016-02-06,31.5,-25.0,26.713287
2016-02-07,31.5,-25.0,26.14029
2016-02-08,31.5,-25.0,27.243774
2016-02-09,31.5,-25.0,27.373688
2016-02-10,31.5,-25.0,27.216492
2016-02-11,31.5,-25.0,28.351257
2016-02-12,31.5,-25.0,26.924957
2016-02-13,31.5,-25.0,28.68454
2016-02-14,31.5,-25.0,28.652283
2016-02-15,31.5,-25.0,31.371796
2016-02-16,31.5,-25.0,30.223755
2016-02-17,31.5,-25.0,26.983337
2016-02-18,31.5,-25.0,28.44519
2016-02-19,31.5,-25.0,30.878601
2016-02-20,31.5,-25.0,33.526062
2016-02-21,31.5,-25.0,25.111938
2016-02-22,31.5,-25.0,24.50647
2016-02-23,31.5,-25.0,24.90094
2016-02-24,31.5,-25.0,28.568817
2016-02-25,31.5,-25.0,27.627594
2016-02-26,31.5,-25.0,26.166779
2016-02-27,31.5,-25.0,23.936005
2016-02-28,31.5,-25.0,23.54834
2016-02-29,31.5,-25.0,24.592163
2016-03-01,31.5,-25.0,26.459778
2016-03-02,31.5,-25.0,27.833374
2016-03-03,31.5,-25.0,27.390137
2016-03-04,31.5,-25.0,27.711365
2016-03-05,31.5,-25.0,28.411713
2016-03-06,31.5,-25.0,29.37143
2016-03-07,31.5,-25.0,30.782074
2016-03-08,31.5,-25.0,30.719238
2016-03-09,31.5,-25.0,21.414703
2016-03-10,31.5,-25.0,23.283081
2016-03-11,31.5,-25.0,23.289307
2016-03-12,31.5,-25.0,23.322113
2016-03-13,31.5,-25.0,26.194641
2016-03-14,31.5,-25.0,24.738403
2016-03-15,31.5,-25.0,25.110535
2016-03-16,31.5,-25.0,26.178253
2016-03-17,31.5,-25.0,26.593933
2016-03-18,31.5,-25.0,25.508698
2016-03-19,31.5,-25.0,26.335083
2016-03-20,31.5,-25.0,26.648071
2016-03-21,31.5,-25.0,25.768463
2016-03-22,31.5,-25.0,20.496582
2016-03-23,31.5,-25.0,21.879852
2016-03-24,31.5,-25.0,24.227325
2016-03-25,31.5,-25.0,23.362427
2016-03-26,31.5,-25.0,24.33963
2016-03-27,31.5,-25.0,26.63733
2016-03-28,31.5,-25.0,27.72699
2016-03-29,31.5,-25.0,25.335663
2016-03-30,31.5,-25.0,26.87732
2016-03-31,31.5,-25.0,27.942657
2016-04-01,31.5,-25.0,27.803131
2016-04-02,31.5,-25.0,28.355133
2016-04-03,31.5,-25.0,24.563934
2016-04-04,31.5,-25.0,24.938812
2016-04-05,31.5,-25.0,26.946259
2016-04-06,31.5,-25.0,19.077148
2016-04-07,31.5,-25.0,19.60025
2016-04-08,31.5,-25.0,20.009338
2016-04-09,31.5,-25.0,20.90091
2016-04-10,31.5,-25.0,22.558716
2016-04-11,31.5,-25.0,24.069244
2016-04-12,31.5,-25.0,25.177948
2016-04-13,31.5,-25.0,23.884064
2016-04-14,31.5,-25.0,23.497894
2016-04-15,31.5,-25.0,25.10025
2016-04-16,31.5,-25.0,25.206512
2016-04-17,31.5,-25.0,25.9859
2016-04-18,31.5,-25.0,25.418518
2016-04-19,31.5,-25.0,26.04306
2016-04-20,31.5,-25.0,28.283142
2016-04-21,31.5,-25.0,27.583344
2016-04-22,31.5,-25.0,26.805786
2016-04-23,31.5,-25.0,28.647064
2016-04-24,31.5,-25.0,22.700714
2016-04-25,31.5,-25.0,24.06131
2016-04-26,31.5,-25.0,22.756561
2016-04-27,31.5,-25.0,22.919281
2016-04-28,31.5,-25.0,24.943726
2016-04-29,31.5,-25.0,27.627441
2016-04-30,31.5,-25.0,21.265076
2016-05-01,31.5,-25.0,18.07837
2016-05-02,31.5,-25.0,20.253601
2016-05-03,31.5,-25.0,22.023163
2016-05-04,31.5,-25.0,21.065094
2016-05-05,31.5,-25.0,20.285309
2016-05-06,31.5,-25.0,21.840118
2016-05-07,31.5,-25.0,19.850403
2016-05-08,31.5,-25.0,20.32428
2016-05-09,31.5,-25.0,19.368286
2016-05-10,31.5,-25.0,20.189728
2016-05-11,31.5,-25.0,20.858093
2016-05-12,31.5,-25.0,22.447906
2016-05-13,31.5,-25.0,22.827148
2016-05-14,31.5,-25.0,22.261902
2016-05-15,31.5,-25.0,21.371979
2016-05-16,31.5,-25.0,21.35791
2016-05-17,31.5,-25.0,21.105103
2016-05-18,31.5,-25.0,21.02533
2016-05-19,31.5,-25.0,20.406494
2016-05-20,31.5,-25.0,18.005768
2016-05-21,31.5,-25.0,18.24353
2016-05-22,31.5,-25.0,17.882812
2016-05-23,31.5,-25.0,18.918121
2016-05-24,31.5,-25.0,20.587341
2016-05-25,31.5,-25.0,20.149963
2016-05-26,31.5,-25.0,18.074615
2016-05-27,31.5,-25.0,18.937744
2016-05-28,31.5,-25.0,18.00528
2016-05-29,31.5,-25.0,17.568481
2016-05-30,31.5,-25.0,17.391602
2016-05-31,31.5,-25.0,18.51007
2016-06-01,31.5,-25.0,19.441223
2016-06-02,31.5,-25.0,19.615479
2016-06-03,31.5,-25.0,20.06543
2016-06-04,31.5,-25.0,19.549438
2016-06-05,31.5,-25.0,19.16925
2016-06-06,31.5,-25.0,19.105652
2016-06-07,31.5,-25.0,18.23462
2016-06-08,31.5,-25.0,18.007599
2016-06-09,31.5,-25.0,18.51056
2016-06-10,31.5,-25.0,20.500977
2016-06-11,31.5,-25.0,18.222748
2016-06-12,31.5,-25.0,15.897919
2016-06-13,31.5,-25.0,15.568329
2016-06-14,31.5,-25.0,16.825989
2016-06-15,31.5,-25.0,19.048157
2016-06-16,31.5,-25.0,21.176422
2016-06-17,31.5,-25.0,18.448273
2016-06-18,31.5,-25.0,18.932617
2016-06-19,31.5,-25.0,22.827484
2016-06-20,31.5,-25.0,23.603577
2016-06-21,31.5,-25.0,19.605988
2016-06-22,31.5,-25.0,17.778534
2016-06-23,31.5,-25.0,18.00296
2016-06-24,31.5,-25.0,17.069519
2016-06-25,31.5,-25.0,15.453033
2016-06-26,31.5,-25.0,16.797546
2016-06-27,31.5,-25.0,19.208466
2016-06-28,31.5,-25.0,19.64975
2016-06-29,31.5,-25.0,18.754578
2016-06-30,31.5,-25.0,18.882233
2016-07-01,31.5,-25.0,20.412628
2016-07-02,31.5,-25.0,17.103119
2016-07-03,31.5,-25.0,15.623901
2016-07-04,31.5,-25.0,15.071381
2016-07-05,31.5,-25.0,15.50705
2016-07-06,31.5,-25.0,18.197021
2016-07-07,31.5,-25.0,16.93573
2016-07-08,31.5,-25.0,17.602142
2016-07-09,31.5,-25.0,17.211975
2016-07-10,31.5,-25.0,17.159851
2016-07-11,31.5,-25.0,16.360992
2016-07-12,31.5,-25.0,15.399109
2016-07-13,31.5,-25.0,15.93692
2016-07-14,31.5,-25.0,16.903381
2016-07-15,31.5,-25.0,17.51715
2016-07-16,31.5,-25.0,18.305298
2016-07-17,31.5,-25.0,18.207977
2016-07-18,31.5,-25.0,17.148773
2016-07-19,31.5,-25.0,16.242096
2016-07-20,31.5,-25.0,18.437378
2016-07-21,31.5,-25.0,20.564362
2016-07-22,31.5,-25.0,20.902802
2016-07-23,31.5,-25.0,19.281311
2016-07-24,31.5,-25.0,16.710419
2016-07-25,31.5,-25.0,18.096558
2016-07-26,31.5,-25.0,18.759216
2016-07-27,31.5,-25.0,19.59082
2016-07-28,31.5,-25.0,16.984283
2016-07-29,31.5,-25.0,17.999329
2016-07-30,31.5,-25.0,17.74646
2016-07-31,31.5,-25.0,17.919312
2016-08-01,31.5,-25.0,17.157043
2016-08-02,31.5,-25.0,16.846375
2016-08-03,31.5,-25.0,19.993347
2016-08-04,31.5,-25.0,16.429749
2016-08-05,31.5,-25.0,16.225372
2016-08-06,31.5,-25.0,18.240967
2016-08-07,31.5,-25.0,20.491272
2016-08-08,31.5,-25.0,20.153961
2016-08-09,31.5,-25.0,17.891602
2016-08-10,31.5,-25.0,16.643433
2016-08-11,31.5,-25.0,16.014679
2016-08-12,31.5,-25.0,18.184052
2016-08-13,31.5,-25.0,20.684418
2016-08-14,31.5,-25.0,22.969238
2016-08-15,31.5,-25.0,20.733765
2016-08-16,31.5,-25.0,20.707428
2016-08-17,31.5,-25.0,19.596954
2016-08-18,31.5,-25.0,19.766724
2016-08-19,31.5,-25.0,22.0654
2016-08-20,31.5,-25.0,21.751587
2016-08-21,31.5,-25.0,23.77826
2016-08-22,31.5,-25.0,23.136536
2016-08-23,31.5,-25.0,17.427307
2016-08-24,31.5,-25.0,18.590546
2016-08-25,31.5,-25.0,20.276245
2016-08-26,31.5,-25.0,21.39746
2016-08-27,31.5,-25.0,20.770233
2016-08-28,31.5,-25.0,22.449738
2016-08-29,31.5,-25.0,22.426483
2016-08-30,31.5,-25.0,23.16809
2016-08-31,31.5,-25.0,22.281342
2016-09-01,31.5,-25.0,21.352325
2016-09-02,31.5,-25.0,22.288696
2016-09-03,31.5,-25.0,22.843536
2016-09-04,31.5,-25.0,23.21521
2016-09-05,31.5,-25.0,25.6203
2016-09-06,31.5,-25.0,26.976318
2016-09-07,31.5,-25.0,26.067047
2016-09-08,31.5,-25.0,25.275818
2016-09-09,31.5,-25.0,27.711761
2016-09-10,31.5,-25.0,20.632141
2016-09-11,31.5,-25.0,22.861572
2016-09-12,31.5,-25.0,24.472992
2016-09-13,31.5,-25.0,21.272064
2016-09-14,31.5,-25.0,20.868866
2016-09-15,31.5,-25.0,24.43045
2016-09-16,31.5,-25.0,29.604675
2016-09-17,31.5,-25.0,21.676208
2016-09-18,31.5,-25.0,14.77243
2016-09-19,31.5,-25.0,18.59616
2016-09-20,31.5,-25.0,22.177826
2016-09-21,31.5,-25.0,26.305267
2016-09-22,31.5,-25.0,29.021057
2016-09-23,31.5,-25.0,21.261078
2016-09-24,31.5,-25.0,22.779907
2016-09-25,31.5,-25.0,21.053375
2016-09-26,31.5,-25.0,22.01709
2016-09-27,31.5,-25.0,27.863495
2016-09-28,31.5,-25.0,26.137878
2016-09-29,31.5,-25.0,19.092285
2016-09-30,31.5,-25.0,23.479065
2016-10-01,31.5,-25.0,19.871185
2016-10-02,31.5,-25.0,18.926605
2016-10-03,31.5,-25.0,19.001312
2016-10-04,31.5,-25.0,17.831299
2016-10-05,31.5,-25.0,19.055664
2016-10-06,31.5,-25.0,24.501831
2016-10-07,31.5,-25.0,23.549683
2016-10-08,31.5,-25.0,22.912537
2016-10-09,31.5,-25.0,23.3396
2016-10-10,31.5,-25.0,22.083008
2016-10-11,31.5,-25.0,28.21405
2016-10-12,31.5,-25.0,24.426086
2016-10-13,31.5,-25.0,20.075684
2016-10-14,31.5,-25.0,19.85791
2016-10-15,31.5,-25.0,25.81189
2016-10-16,31.5,-25.0,29.928375
2016-10-17,31.5,-25.0,20.223114
2016-10-18,31.5,-25.0,18.865112
2016-10-19,31.5,-25.0,20.699402
2016-10-20,31.5,-25.0,23.424866
2016-10-21,31.5,-25.0,23.911774
2016-10-22,31.5,-25.0,29.170166
2016-10-23,31.5,-25.0,28.011017
2016-10-24,31.5,-25.0,28.223297
2016-10-25,31.5,-25.0,25.597473
2016-10-26,31.5,-25.0,24.417145
2016-10-27,31.5,-25.0,29.164795
2016-10-28,31.5,-25.0,29.186584
2016-10-29,31.5,-25.0,31.05603
2016-10-30,31.5,-25.0,26.189209
2016-10-31,31.5,-25.0,26.230286
2016-11-01,31.5,-25.0,22.941772
2016-11-02,31.5,-25.0,22.818817
2016-11-03,31.5,-25.0,24.512726
2016-11-04,31.5,-25.0,29.172943
2016-11-05,31.5,-25.0,29.662811
2016-11-06,31.5,-25.0,28.840881
2016-11-07,31.5,-25.0,22.082397
2016-11-08,31.5,-25.0,27.46939
2016-11-09,31.5,-25.0,26.847076
2016-11-10,31.5,-25.0,23.998047
2016-11-11,31.5,-25.0,21.513153
2016-11-12,31.5,-25.0,26.434021
2016-11-13,31.5,-25.0,21.717499
2016-11-14,31.5,-25.0,18.74942
2016-11-15,31.5,-25.0,18.799896
2016-11-16,31.5,-25.0,23.428864
2016-11-17,31.5,-25.0,29.117981
2016-11-18,31.5,-25.0,20.918884
2016-11-19,31.5,-25.0,19.865936
2016-11-20,31.5,-25.0,22.364594
2016-11-21,31.5,-25.0,26.76184
2016-11-22,31.5,-25.0,27.792816
2016-11-23,31.5,-25.0,25.66333
2016-11-24,31.5,-25.0,26.629547
2016-11-25,31.5,-25.0,22.899292
2016-11-26,31.5,-25.0,21.111694
2016-11-27,31.5,-25.0,22.638184
2016-11-28,31.5,-25.0,26.461609
2016-11-29,31.5,-25.0,27.5448
2016-11-30,31.5,-25.0,28.365112
2016-12-01,31.5,-25.0,27.078674
2016-12-02,31.5,-25.0,22.83963
2016-12-03,31.5,-25.0,24.181122
2016-12-04,31.5,-25.0,28.876678
2016-12-05,31.5,-25.0,25.207977
2016-12-06,31.5,-25.0,24.823914
2016-12-07,31.5,-25.0,28.133362
2016-12-08,31.5,-25.0,29.615906
2016-12-09,31.5,-25.0,31.644257
2016-12-10,31.5,-25.0,24.775848
2016-12-11,31.5,-25.0,22.100525
2016-12-12,31.5,-25.0,22.687592
2016-12-13,31.5,-25.0,26.130524
2016-12-14,31.5,-25.0,23.103424
2016-12-15,31.5,-25.0,25.0448
2016-12-16,31.5,-25.0,25.318115
2016-12-17,31.5,-25.0,24.106598
2016-12-18,31.5,-25.0,25.35495
2016-12-19,31.5,-25.0,27.224945
2016-12-20,31.5,-25.0,27.936127
2016-12-21,31.5,-25.0,29.977234
2016-12-22,31.5,-25.0,32.23532
2016-12-23,31.5,-25.0,31.334229
2016-12-24,31.5,-25.0,30.163391
2016-12-25,31.5,-25.0,20.088562
2016-12-26,31.5,-25.0,22.026886
2016-12-27,31.5,-25.0,26.440369
2016-12-28,31.5,-25.0,27.71463
2016-12-29,31.5,-25.0,21.809174
2016-12-30,31.5,-25.0,21.81894
2016-12-31,31.5,-25.0,24.615082
2017-01-01,31.5,-25.0,26.202606
2017-01-02,31.5,-25.0,25.733215
2017-01-03,31.5,-25.0,25.811707
2017-01-04,31.5,-25.0,23.32492
2017-01-05,31.5,-25.0,24.079315
2017-01-06,31.5,-25.0,26.934143
2017-01-07,31.5,-25.0,23.199158
2017-01-08,31.5,-25.0,19.33612
2017-01-09,31.5,-25.0,20.937439
2017-01-10,31.5,-25.0,23.92752
2017-01-11,31.5,-25.0,23.985046
2017-01-12,31.5,-25.0,26.083374
2017-01-13,31.5,-25.0,25.189636
2017-01-14,31.5,-25.0,24.369354
2017-01-15,31.5,-25.0,23.265778
2017-01-16,31.5,-25.0,22.491577
2017-01-17,31.5,-25.0,20.944824
2017-01-18,31.5,-25.0,21.461792
2017-01-19,31.5,-25.0,24.101562
2017-01-20,31.5,-25.0,26.146912
2017-01-21,31.5,-25.0,22.5083
2017-01-22,31.5,-25.0,23.805725
2017-01-23,31.5,-25.0,26.582947
2017-01-24,31.5,-25.0,29.034912
2017-01-25,31.5,-25.0,28.44809
2017-01-26,31.5,-25.0,21.572388
2017-01-27,31.5,-25.0,24.545563
2017-01-28,31.5,-25.0,27.332886
2017-01-29,31.5,-25.0,22.606415
2017-01-30,31.5,-25.0,24.227478
2017-01-31,31.5,-25.0,24.508545
2017-02-01,31.5,-25.0,24.071167
2017-02-02,31.5,-25.0,25.653625
2017-02-03,31.5,-25.0,25.207062
2017-02-04,31.5,-25.0,24.835205
2017-02-05,31.5,-25.0,27.350006
2017-02-06,31.5,-25.0,25.33908
2017-02-07,31.5,-25.0,26.142548
2017-02-08,31.5,-25.0,27.137268
2017-02-09,31.5,-25.0,26.97107
2017-02-10,31.5,-25.0,26.94809
2017-02-11,31.5,-25.0,27.12973
2017-02-12,31.5,-25.0,29.053802
2017-02-13,31.5,-25.0,28.303741
2017-02-14,31.5,-25.0,27.856842
2017-02-15,31.5,-25.0,27.269379
2017-02-16,31.5,-25.0,23.352234
2017-02-17,31.5,-25.0,24.513123
2017-02-18,31.5,-25.0,26.119293
2017-02-19,31.5,-25.0,25.815857
2017-02-20,31.5,-25.0,23.535645
2017-02-21,31.5,-25.0,21.095093
2017-02-22,31.5,-25.0,21.236664
2017-02-23,31.5,-25.0,20.458588
2017-02-24,31.5,-25.0,22.298218
2017-02-25,31.5,-25.0,25.48053
2017-02-26,31.5,-25.0,22.406647
2017-02-27,31.5,-25.0,21.84552
2017-02-28,31.5,-25.0,22.613373
2017-03-01,31.5,-25.0,23.824371
2017-03-02,31.5,-25.0,25.290314
2017-03-03,31.5,-25.0,26.871124
2017-03-04,31.5,-25.0,26.329987
2017-03-05,31.5,-25.0,26.321564
2017-03-06,31.5,-25.0,24.60321
2017-03-07,31.5,-25.0,25.718048
2017-03-08,31.5,-25.0,25.040863
2017-03-09,31.5,-25.0,23.972443
2017-03-10,31.5,-25.0,20.532959
2017-03-11,31.5,-25.0,20.904694
2017-03-12,31.5,-25.0,24.456635
2017-03-13,31.5,-25.0,23.951172
2017-03-14,31.5,-25.0,23.371735
2017-03-15,31.5,-25.0,25.621765
2017-03-16,31.5,-25.0,23.769836
2017-03-17,31.5,-25.0,24.745026
2017-03-18,31.5,-25.0,25.577667
2017-03-19,31.5,-25.0,23.636261
2017-03-20,31.5,-25.0,23.880768
2017-03-21,31.5,-25.0,24.62738
2017-03-22,31.5,-25.0,25.320465
2017-03-23,31.5,-25.0,25.415253
2017-03-24,31.5,-25.0,25.925903
2017-03-25,31.5,-25.0,20.993652
2017-03-26,31.5,-25.0,19.837769
2017-03-27,31.5,-25.0,23.2471
2017-03-28,31.5,-25.0,25.653473
2017-03-29,31.5,-25.0,23.166565
2017-03-30,31.5,-25.0,24.084473
2017-03-31,31.5,-25.0,25.136536
2017-04-01,31.5,-25.0,24.734192
2017-04-02,31.5,-25.0,23.555878
2017-04-03,31.5,-25.0,25.36728
2017-04-04,31.5,-25.0,24.24295
2017-04-05,31.5,-25.0,25.643768
2017-04-06,31.5,-25.0,24.274567
2017-04-07,31.5,-25.0,23.707245
2017-04-08,31.5,-25.0,24.186737
2017-04-09,31.5,-25.0,24.495056
2017-04-10,31.5,-25.0,24.932526
2017-04-11,31.5,-25.0,25.30954
2017-04-12,31.5,-25.0,26.315155
2017-04-13,31.5,-25.0,27.346863
2017-04-14,31.5,-25.0,23.268982
2017-04-15,31.5,-25.0,19.018097
2017-04-16,31.5,-25.0,19.876068
2017-04-17,31.5,-25.0,21.64212
2017-04-18,31.5,-25.0,21.823303
2017-04-19,31.5,-25.0,22.31549
2017-04-20,31.5,-25.0,22.790833
2017-04-21,31.5,-25.0,22.316772
2017-04-22,31.5,-25.0,21.342468
2017-04-23,31.5,-25.0,20.623993
2017-04-24,31.5,-25.0,20.509216
2017-04-25,31.5,-25.0,19.746368
2017-04-26,31.5,-25.0,20.432983
2017-04-27,31.5,-25.0,20.951935
2017-04-28,31.5,-25.0,20.837158
2017-04-29,31.5,-25.0,20.285492
2017-04-30,31.5,-25.0,20.253326
2017-05-01,31.5,-25.0,19.962708
2017-05-02,31.5,-25.0,20.527191
2017-05-03,31.5,-25.0,20.711426
2017-05-04,31.5,-25.0,21.37085
2017-05-05,31.5,-25.0,22.90686
2017-05-06,31.5,-25.0,23.373413
2017-05-07,31.5,-25.0,23.679626
2017-05-08,31.5,-25.0,21.586609
2017-05-09,31.5,-25.0,20.791718
2017-05-10,31.5,-25.0,20.552551
2017-05-11,31.5,-25.0,21.845734
2017-05-12,31.5,-25.0,19.57669
2017-05-13,31.5,-25.0,16.419952
2017-05-14,31.5,-25.0,18.321869
2017-05-15,31.5,-25.0,18.216309
2017-05-16,31.5,-25.0,20.032288
2017-05-17,31.5,-25.0,19.682892
2017-05-18,31.5,-25.0,19.488556
2017-05-19,31.5,-25.0,19.402954
2017-05-20,31.5,-25.0,19.727234
2017-05-21,31.5,-25.0,18.861816
2017-05-22,31.5,-25.0,19.438019
2017-05-23,31.5,-25.0,20.56137
2017-05-24,31.5,-25.0,22.844086
2017-05-25,31.5,-25.0,20.604156
2017-05-26,31.5,-25.0,22.096252
2017-05-27,31.5,-25.0,19.815521
2017-05-28,31.5,-25.0,17.629791
2017-05-29,31.5,-25.0,17.015991
2017-05-30,31.5,-25.0,15.799011
2017-05-31,31.5,-25.0,17.652222
2017-06-01,31.5,-25.0,19.314087
2017-06-02,31.5,-25.0,18.03302
2017-06-03,31.5,-25.0,18.029053
2017-06-04,31.5,-25.0,19.078705
2017-06-05,31.5,-25.0,18.045807
2017-06-06,31.5,-25.0,17.242798
2017-06-07,31.5,-25.0,19.215118
2017-06-08,31.5,-25.0,21.3815
2017-06-09,31.5,-25.0,17.898651
2017-06-10,31.5,-25.0,17.993652
2017-06-11,31.5,-25.0,19.892517
2017-06-12,31.5,-25.0,21.210083
2017-06-13,31.5,-25.0,21.069855
2017-06-14,31.5,-25.0,19.650726
2017-06-15,31.5,-25.0,21.154724
2017-06-16,31.5,-25.0,18.02948
2017-06-17,31.5,-25.0,19.646576
2017-06-18,31.5,-25.0,18.317535
2017-06-19,31.5,-25.0,17.696472
2017-06-20,31.5,-25.0,19.01236
2017-06-21,31.5,-25.0,18.293854
2017-06-22,31.5,-25.0,20.494904
2017-06-23,31.5,-25.0,17.56253
2017-06-24,31.5,-25.0,17.270508
2017-06-25,31.5,-25.0,17.800873
2017-06-26,31.5,-25.0,17.307678
2017-06-27,31.5,-25.0,17.69107
2017-06-28,31.5,-25.0,19.803009
2017-06-29,31.5,-25.0,18.06955
2017-06-30,31.5,-25.0,17.757843
2017-07-01,31.5,-25.0,18.390778
2017-07-02,31.5,-25.0,17.697723
2017-07-03,31.5,-25.0,17.813171
2017-07-04,31.5,-25.0,18.325745
2017-07-05,31.5,-25.0,17.396362
2017-07-06,31.5,-25.0,18.023651
2017-07-07,31.5,-25.0,18.80481
2017-07-08,31.5,-25.0,18.809021
2017-07-09,31.5,-25.0,20.366516
2017-07-10,31.5,-25.0,21.217133
2017-07-11,31.5,-25.0,20.285248
2017-07-12,31.5,-25.0,19.683716
2017-07-13,31.5,-25.0,22.878235
2017-07-14,31.5,-25.0,19.338928
2017-07-15,31.5,-25.0,22.551147
2017-07-16,31.5,-25.0,23.487091
2017-07-17,31.5,-25.0,17.290405
2017-07-18,31.5,-25.0,17.703766
2017-07-19,31.5,-25.0,17.337952
2017-07-20,31.5,-25.0,19.751709
2017-07-21,31.5,-25.0,18.722595
2017-07-22,31.5,-25.0,20.014343
2017-07-23,31.5,-25.0,18.68222
2017-07-24,31.5,-25.0,18.884521
2017-07-25,31.5,-25.0,19.356964
2017-07-26,31.5,-25.0,18.976746
2017-07-27,31.5,-25.0,18.29184
2017-07-28,31.5,-25.0,18.25412
2017-07-29,31.5,-25.0,18.732635
2017-07-30,31.5,-25.0,19.251007
2017-07-31,31.5,-25.0,16.809723
2017-08-01,31.5,-25.0,17.887512
2017-08-02,31.5,-25.0,20.43985
2017-08-03,31.5,-25.0,19.013367
2017-08-04,31.5,-25.0,17.147125
2017-08-05,31.5,-25.0,19.20816
2017-08-06,31.5,-25.0,19.67984
2017-08-07,31.5,-25.0,19.327911
2017-08-08,31.5,-25.0,18.04486
2017-08-09,31.5,-25.0,18.446838
2017-08-10,31.5,-25.0,19.630402
2017-08-11,31.5,-25.0,21.77597
2017-08-12,31.5,-25.0,22.50293
2017-08-13,31.5,-25.0,20.397827
2017-08-14,31.5,-25.0,19.196838
2017-08-15,31.5,-25.0,23.496826
2017-08-16,31.5,-25.0,25.440186
2017-08-17,31.5,-25.0,19.46762
2017-08-18,31.5,-25.0,17.46231
2017-08-19,31.5,-25.0,16.352905
2017-08-20,31.5,-25.0,15.760986
2017-08-21,31.5,-25.0,17.809265
2017-08-22,31.5,-25.0,23.475342
2017-08-23,31.5,-25.0,17.88678
2017-08-24,31.5,-25.0,20.556427
2017-08-25,31.5,-25.0,18.364136
2017-08-26,31.5,-25.0,17.907135
2017-08-27,31.5,-25.0,20.959381
2017-08-28,31.5,-25.0,18.22754
2017-08-29,31.5,-25.0,20.261078
2017-08-30,31.5,-25.0,21.97232
2017-08-31,31.5,-25.0,19.946442
2017-09-01,31.5,-25.0,18.85495
2017-09-02,31.5,-25.0,17.771332
2017-09-03,31.5,-25.0,18.687775
2017-09-04,31.5,-25.0,18.936615
2017-09-05,31.5,-25.0,21.150726
2017-09-06,31.5,-25.0,23.875397
2017-09-07,31.5,-25.0,24.2146
2017-09-08,31.5,-25.0,25.649231
2017-09-09,31.5,-25.0,24.331055
2017-09-10,31.5,-25.0,23.67154
2017-09-11,31.5,-25.0,26.310577
2017-09-12,31.5,-25.0,26.035034
2017-09-13,31.5,-25.0,28.069763
2017-09-14,31.5,-25.0,24.418762
2017-09-15,31.5,-25.0,21.868896
2017-09-16,31.5,-25.0,26.637634
2017-09-17,31.5,-25.0,19.140106
2017-09-18,31.5,-25.0,18.55777
2017-09-19,31.5,-25.0,22.18158
2017-09-20,31.5,-25.0,22.452545
2017-09-21,31.5,-25.0,23.21936
2017-09-22,31.5,-25.0,25.905762
2017-09-23,31.5,-25.0,20.091736
2017-09-24,31.5,-25.0,18.970184
2017-09-25,31.5,-25.0,24.606537
2017-09-26,31.5,-25.0,23.678986
2017-09-27,31.5,-25.0,17.260315
2017-09-28,31.5,-25.0,17.421875
2017-09-29,31.5,-25.0,20.441925
2017-09-30,31.5,-25.0,20.944244
2017-10-01,31.5,-25.0,21.639801
2017-10-02,31.5,-25.0,21.701233
2017-10-03,31.5,-25.0,21.867218
2017-10-04,31.5,-25.0,24.245514
2017-10-05,31.5,-25.0,21.15097
2017-10-06,31.5,-25.0,19.549896
2017-10-07,31.5,-25.0,19.91455
2017-10-08,31.5,-25.0,23.565826
2017-10-09,31.5,-25.0,22.289276
2017-10-10,31.5,-25.0,21.032104
2017-10-11,31.5,-25.0,18.63919
2017-10-12,31.5,-25.0,21.933502
2017-10-13,31.5,-25.0,18.24054
2017-10-14,31.5,-25.0,18.276886
2017-10-15,31.5,-25.0,26.404694
2017-10-16,31.5,-25.0,25.935333
2017-10-17,31.5,-25.0,23.734344
2017-10-18,31.5,-25.0,19.523682
2017-10-19,31.5,-25.0,24.853546
2017-10-20,31.5,-25.0,20.458984
2017-10-21,31.5,-25.0,19.708954
2017-10-22,31.5,-25.0,24.824677
2017-10-23,31.5,-25.0,26.845612
2017-10-24,31.5,-25.0,27.7323
2017-10-25,31.5,-25.0,30.130371
2017-10-26,31.5,-25.0,26.388916
2017-10-27,31.5,-25.0,16.709625
2017-10-28,31.5,-25.0,15.761841
2017-10-29,31.5,-25.0,17.87854
2017-10-30,31.5,-25.0,22.168
2017-10-31,31.5,-25.0,22.11911
2017-11-01,31.5,-25.0,22.171875
2017-11-02,31.5,-25.0,23.989777
2017-11-03,31.5,-25.0,24.165924
2017-11-04,31.5,-25.0,23.892395
2017-11-05,31.5,-25.0,23.856903
2017-11-06,31.5,-25.0,25.99466
2017-11-07,31.5,-25.0,22.618286
2017-11-08,31.5,-25.0,17.378418
2017-11-09,31.5,-25.0,20.348572
2017-11-10,31.5,-25.0,22.857727
2017-11-11,31.5,-25.0,21.31076
2017-11-12,31.5,-25.0,21.064331
2017-11-13,31.5,-25.0,25.915894
2017-11-14,31.5,-25.0,28.305328
2017-11-15,31.5,-25.0,26.463593
2017-11-16,31.5,-25.0,19.134766
2017-11-17,31.5,-25.0,19.677002
2017-11-18,31.5,-25.0,22.223145
2017-11-19,31.5,-25.0,25.863434
2017-11-20,31.5,-25.0,26.886932
2017-11-21,31.5,-25.0,28.958374
2017-11-22,31.5,-25.0,28.182556
2017-11-23,31.5,-25.0,20.426422
2017-11-24,31.5,-25.0,23.658325
2017-11-25,31.5,-25.0,18.547638
2017-11-26,31.5,-25.0,21.96576
2017-11-27,31.5,-25.0,18.315277
2017-11-28,31.5,-25.0,19.870758
2017-11-29,31.5,-25.0,24.432343
2017-11-30,31.5,-25.0,22.922028
2017-12-01,31.5,-25.0,26.13153
2017-12-02,31.5,-25.0,27.557953
2017-12-03,31.5,-25.0,29.74234
2017-12-04,31.5,-25.0,25.84317
2017-12-05,31.5,-25.0,24.49237
2017-12-06,31.5,-25.0,22.168701
2017-12-07,31.5,-25.0,18.20932
2017-12-08,31.5,-25.0,21.357422
2017-12-09,31.5,-25.0,24.22821
2017-12-10,31.5,-25.0,21.818695
2017-12-11,31.5,-25.0,20.684479
2017-12-12,31.5,-25.0,27.487
2017-12-13,31.5,-25.0,24.257996
2017-12-14,31.5,-25.0,22.719452
2017-12-15,31.5,-25.0,19.899506
2017-12-16,31.5,-25.0,23.256409
2017-12-17,31.5,-25.0,27.49942
2017-12-18,31.5,-25.0,26.798828
2017-12-19,31.5,-25.0,24.65451
2017-12-20,31.5,-25.0,21.776062
2017-12-21,31.5,-25.0,24.83847
2017-12-22,31.5,-25.0,29.737946
2017-12-23,31.5,-25.0,27.566803
2017-12-24,31.5,-25.0,24.943298
2017-12-25,31.5,-25.0,27.343658
2017-12-26,31.5,-25.0,19.755981
2017-12-27,31.5,-25.0,21.99759
2017-12-28,31.5,-25.0,26.876343
2017-12-29,31.5,-25.0,24.474182
2017-12-30,31.5,-25.0,23.426392
2017-12-31,31.5,-25.0,25.45224
2018-01-01,31.5,-25.0,28.070618
2018-01-02,31.5,-25.0,20.552307
2018-01-03,31.5,-25.0,22.555084
2018-01-04,31.5,-25.0,23.030792
2018-01-05,31.5,-25.0,25.536224
2018-01-06,31.5,-25.0,26.61377
2018-01-07,31.5,-25.0,27.907043
2018-01-08,31.5,-25.0,29.81012
2018-01-09,31.5,-25.0,21.398163
2018-01-10,31.5,-25.0,20.15805
2018-01-11,31.5,-25.0,21.975616
2018-01-12,31.5,-25.0,23.581451
2018-01-13,31.5,-25.0,24.739563
2018-01-14,31.5,-25.0,26.166748
2018-01-15,31.5,-25.0,27.845642
2018-01-16,31.5,-25.0,25.483673
2018-01-17,31.5,-25.0,27.27066
2018-01-18,31.5,-25.0,26.68692
2018-01-19,31.5,-25.0,25.927917
2018-01-20,31.5,-25.0,26.874237
2018-01-21,31.5,-25.0,25.549103
2018-01-22,31.5,-25.0,25.253876
2018-01-23,31.5,-25.0,25.888824
2018-01-24,31.5,-25.0,28.059906
2018-01-25,31.5,-25.0,25.93808
2018-01-26,31.5,-25.0,25.3544
2018-01-27,31.5,-25.0,27.694336
2018-01-28,31.5,-25.0,26.042084
2018-01-29,31.5,-25.0,23.709229
2018-01-30,31.5,-25.0,26.182556
2018-01-31,31.5,-25.0,27.031616
2018-02-01,31.5,-25.0,25.843323
2018-02-02,31.5,-25.0,29.32727
2018-02-03,31.5,-25.0,24.172882
2018-02-04,31.5,-25.0,24.94983
2018-02-05,31.5,-25.0,25.296997
2018-02-06,31.5,-25.0,26.543549
2018-02-07,31.5,-25.0,24.962097
2018-02-08,31.5,-25.0,24.173523
2018-02-09,31.5,-25.0,25.187195
2018-02-10,31.5,-25.0,26.304382
2018-02-11,31.5,-25.0,24.879486
2018-02-12,31.5,-25.0,25.950256
2018-02-13,31.5,-25.0,25.76532
2018-02-14,31.5,-25.0,25.528473
2018-02-15,31.5,-25.0,27.97525
2018-02-16,31.5,-25.0,25.46054
2018-02-17,31.5,-25.0,25.388794
2018-02-18,31.5,-25.0,26.321442
2018-02-19,31.5,-25.0,25.499176
2018-02-20,31.5,-25.0,23.806274
2018-02-21,31.5,-25.0,24.258606
2018-02-22,31.5,-25.0,23.192444
2018-02-23,31.5,-25.0,24.20523
2018-02-24,31.5,-25.0,27.179688
2018-02-25,31.5,-25.0,23.729706
2018-02-26,31.5,-25.0,21.046204
2018-02-27,31.5,-25.0,23.264984
2018-02-28,31.5,-25.0,24.1427
2018-03-01,31.5,-25.0,24.479156
2018-03-02,31.5,-25.0,23.20108
2018-03-03,31.5,-25.0,24.600922
2018-03-04,31.5,-25.0,26.382416
2018-03-05,31.5,-25.0,26.786377
2018-03-06,31.5,-25.0,27.089417
2018-03-07,31.5,-25.0,27.795563
2018-03-08,31.5,-25.0,28.152771
2018-03-09,31.5,-25.0,24.264648
2018-03-10,31.5,-25.0,24.190552
2018-03-11,31.5,-25.0,27.13034
2018-03-12,31.5,-25.0,26.066254
2018-03-13,31.5,-25.0,25.667084
2018-03-14,31.5,-25.0,28.454193
2018-03-15,31.5,-25.0,30.301056
2018-03-16,31.5,-25.0,25.59732
2018-03-17,31.5,-25.0,21.115265
2018-03-18,31.5,-25.0,22.345245
2018-03-19,31.5,-25.0,25.374908
2018-03-20,31.5,-25.0,25.789825
2018-03-21,31.5,-25.0,27.212402
2018-03-22,31.5,-25.0,20.278107
2018-03-23,31.5,-25.0,18.520752
2018-03-24,31.5,-25.0,24.021759
2018-03-25,31.5,-25.0,26.915344
2018-03-26,31.5,-25.0,22.569
2018-03-27,31.5,-25.0,23.736786
2018-03-28,31.5,-25.0,23.976685
2018-03-29,31.5,-25.0,24.858002
2018-03-30,31.5,-25.0,27.358582
2018-03-31,31.5,-25.0,25.542725
2018-04-01,31.5,-25.0,24.193542
2018-04-02,31.5,-25.0,23.693329
2018-04-03,31.5,-25.0,24.400055
2018-04-04,31.5,-25.0,24.878448
2018-04-05,31.5,-25.0,25.9617
2018-04-06,31.5,-25.0,26.489624
2018-04-07,31.5,-25.0,26.117981
2018-04-08,31.5,-25.0,25.428894
2018-04-09,31.5,-25.0,23.704865
2018-04-10,31.5,-25.0,25.500671
2018-04-11,31.5,-25.0,19.799683
2018-04-12,31.5,-25.0,20.087128
2018-04-13,31.5,-25.0,22.007538
2018-04-14,31.5,-25.0,23.852875
2018-04-15,31.5,-25.0,22.805695
2018-04-16,31.5,-25.0,21.976349
2018-04-17,31.5,-25.0,21.631653
2018-04-18,31.5,-25.0,23.465668
2018-04-19,31.5,-25.0,25.317688
2018-04-20,31.5,-25.0,21.694519
2018-04-21,31.5,-25.0,21.828217
2018-04-22,31.5,-25.0,22.421112
2018-04-23,31.5,-25.0,23.417816
2018-04-24,31.5,-25.0,23.92038
2018-04-25,31.5,-25.0,22.55252
2018-04-26,31.5,-25.0,23.547943
2018-04-27,31.5,-25.0,22.411163
2018-04-28,31.5,-25.0,22.454285
2018-04-29,31.5,-25.0,21.317017
2018-04-30,31.5,-25.0,21.062988
2018-05-01,31.5,-25.0,21.791016
2018-05-02,31.5,-25.0,21.637238
2018-05-03,31.5,-25.0,23.119537
2018-05-04,31.5,-25.0,20.608063
2018-05-05,31.5,-25.0,20.309326
2018-05-06,31.5,-25.0,20.853912
2018-05-07,31.5,-25.0,20.491089
2018-05-08,31.5,-25.0,19.988525
2018-05-09,31.5,-25.0,22.173279
2018-05-10,31.5,-25.0,21.29422
2018-05-11,31.5,-25.0,23.368683
2018-05-12,31.5,-25.0,23.586761
2018-05-13,31.5,-25.0,20.367401
2018-05-14,31.5,-25.0,17.726593
2018-05-15,31.5,-25.0,18.32074
2018-05-16,31.5,-25.0,17.402313
2018-05-17,31.5,-25.0,18.252258
2018-05-18,31.5,-25.0,19.505035
2018-05-19,31.5,-25.0,19.540771
2018-05-20,31.5,-25.0,20.07727
2018-05-21,31.5,-25.0,21.08075
2018-05-22,31.5,-25.0,23.653107
2018-05-23,31.5,-25.0,22.501495
2018-05-24,31.5,-25.0,23.125336
2018-05-25,31.5,-25.0,21.811401
2018-05-26,31.5,-25.0,21.631012
2018-05-27,31.5,-25.0,20.861267
2018-05-28,31.5,-25.0,20.97586
2018-05-29,31.5,-25.0,22.758972
2018-05-30,31.5,-25.0,19.672241
2018-05-31,31.5,-25.0,21.224304
2018-06-01,31.5,-25.0,22.11673
2018-06-02,31.5,-25.0,19.680267
2018-06-03,31.5,-25.0,20.151947
2018-06-04,31.5,-25.0,18.301788
2018-06-05,31.5,-25.0,15.520538
2018-06-06,31.5,-25.0,15.323273
2018-06-07,31.5,-25.0,15.79303
2018-06-08,31.5,-25.0,17.349213
2018-06-09,31.5,-25.0,18.41983
2018-06-10,31.5,-25.0,19.027374
2018-06-11,31.5,-25.0,18.87442
2018-06-12,31.5,-25.0,18.436066
2018-06-13,31.5,-25.0,18.377716
2018-06-14,31.5,-25.0,19.726501
2018-06-15,31.5,-25.0,19.46222
2018-06-16,31.5,-25.0,19.175385
2018-06-17,31.5,-25.0,17.930023
2018-06-18,31.5,-25.0,19.702515
2018-06-19,31.5,-25.0,20.984924
2018-06-20,31.5,-25.0,18.11734
2018-06-21,31.5,-25.0,17.853638
2018-06-22,31.5,-25.0,19.902435
2018-06-23,31.5,-25.0,19.615356
2018-06-24,31.5,-25.0,20.378662
2018-06-25,31.5,-25.0,18.743347
2018-06-26,31.5,-25.0,17.329865
2018-06-27,31.5,-25.0,17.93573
2018-06-28,31.5,-25.0,18.370636
2018-06-29,31.5,-25.0,-9.538544
2018-06-30,31.5,-25.0,-11.761169
2018-07-01,31.5,-25.0,20.090118
2018-07-02,31.5,-25.0,21.288147
2018-07-03,31.5,-25.0,16.90268
2018-07-04,31.5,-25.0,16.431427
2018-07-05,31.5,-25.0,16.5094
2018-07-06,31.5,-25.0,17.3844
2018-07-07,31.5,-25.0,17.278107
2018-07-08,31.5,-25.0,18.640839
2018-07-09,31.5,-25.0,18.054443
2018-07-10,31.5,-25.0,18.294403
2018-07-11,31.5,-25.0,17.911804
2018-07-12,31.5,-25.0,18.047028
2018-07-13,31.5,-25.0,18.855804
2018-07-14,31.5,-25.0,20.413818
2018-07-15,31.5,-25.0,15.813629
2018-07-16,31.5,-25.0,14.421661
2018-07-17,31.5,-25.0,15.676666
2018-07-18,31.5,-25.0,15.910706
2018-07-19,31.5,-25.0,16.181885
2018-07-20,31.5,-25.0,16.229065
2018-07-21,31.5,-25.0,16.272614
2018-07-22,31.5,-25.0,17.846313
2018-07-23,31.5,-25.0,18.701324
2018-07-24,31.5,-25.0,17.23944
2018-07-25,31.5,-25.0,18.263153
2018-07-26,31.5,-25.0,17.981384
2018-07-27,31.5,-25.0,18.59552
2018-07-28,31.5,-25.0,18.94403
2018-07-29,31.5,-25.0,20.954468
2018-07-30,31.5,-25.0,20.188202
2018-07-31,31.5,-25.0,19.953735
2018-08-01,31.5,-25.0,23.56372
2018-08-02,31.5,-25.0,19.372742
2018-08-03,31.5,-25.0,18.794464
2018-08-04,31.5,-25.0,21.342133
2018-08-05,31.5,-25.0,22.610199
2018-08-06,31.5,-25.0,18.194824
2018-08-07,31.5,-25.0,24.131134
2018-08-08,31.5,-25.0,16.120087
2018-08-09,31.5,-25.0,15.272888
2018-08-10,31.5,-25.0,19.20642
2018-08-11,31.5,-25.0,18.136932
2018-08-12,31.5,-25.0,19.002808
2018-08-13,31.5,-25.0,25.144714
2018-08-14,31.5,-25.0,25.404327
2018-08-15,31.5,-25.0,23.185455
2018-08-16,31.5,-25.0,22.44571
2018-08-17,31.5,-25.0,24.754974
2018-08-18,31.5,-25.0,13.680359
2018-08-19,31.5,-25.0,17.879974
2018-08-20,31.5,-25.0,23.135254
2018-08-21,31.5,-25.0,24.259674
2018-08-22,31.5,-25.0,21.8862
2018-08-23,31.5,-25.0,23.14389
2018-08-24,31.5,-25.0,18.386322
2018-08-25,31.5,-25.0,21.773071
2018-08-26,31.5,-25.0,26.112885
2018-08-27,31.5,-25.0,18.811066
2018-08-28,31.5,-25.0,18.11612
2018-08-29,31.5,-25.0,18.50235
2018-08-30,31.5,-25.0,19.831055
2018-08-31,31.5,-25.0,21.351257
2018-09-01,31.5,-25.0,23.394745
2018-09-02,31.5,-25.0,25.077637
2018-09-03,31.5,-25.0,25.703735
2018-09-04,31.5,-25.0,22.713135
2018-09-05,31.5,-25.0,27.135803
2018-09-06,31.5,-25.0,28.144531
2018-09-07,31.5,-25.0,27.817413
2018-09-08,31.5,-25.0,23.39566
2018-09-09,31.5,-25.0,17.57071
2018-09-10,31.5,-25.0,16.750977
2018-09-11,31.5,-25.0,19.911285
2018-09-12,31.5,-25.0,25.000397
2018-09-13,31.5,-25.0,24.691193
2018-09-14,31.5,-25.0,23.541382
2018-09-15,31.5,-25.0,25.096039
2018-09-16,31.5,-25.0,21.998138
2018-09-17,31.5,-25.0,28.13211
2018-09-18,31.5,-25.0,32.289246
2018-09-19,31.5,-25.0,30.593872
2018-09-20,31.5,-25.0,18.647919
2018-09-21,31.5,-25.0,21.440521
2018-09-22,31.5,-25.0,22.681854
2018-09-23,31.5,-25.0,23.582062
2018-09-24,31.5,-25.0,25.538086
2018-09-25,31.5,-25.0,26.155426
2018-09-26,31.5,-25.0,27.808899
2018-09-27,31.5,-25.0,25.388885
2018-09-28,31.5,-25.0,28.893005
2018-09-29,31.5,-25.0,22.02002
2018-09-30,31.5,-25.0,20.105804
2018-10-01,31.5,-25.0,23.152466
2018-10-02,31.5,-25.0,28.525116
2018-10-03,31.5,-25.0,20.60849
2018-10-04,31.5,-25.0,15.727753
2018-10-05,31.5,-25.0,17.942108
2018-10-06,31.5,-25.0,20.059998
2018-10-07,31.5,-25.0,20.485321
2018-10-08,31.5,-25.0,20.838043
2018-10-09,31.5,-25.0,21.147888
2018-10-10,31.5,-25.0,23.866333
2018-10-11,31.5,-25.0,26.498932
2018-10-12,31.5,-25.0,25.132294
2018-10-13,31.5,-25.0,17.86206
2018-10-14,31.5,-25.0,17.985168
2018-10-15,31.5,-25.0,25.42398
2018-10-16,31.5,-25.0,23.584625
2018-10-17,31.5,-25.0,19.187561
2018-10-18,31.5,-25.0,18.236603
2018-10-19,31.5,-25.0,22.966675
2018-10-20,31.5,-25.0,17.566315
2018-10-21,31.5,-25.0,18.139343
2018-10-22,31.5,-25.0,17.805237
2018-10-23,31.5,-25.0,19.533997
2018-10-24,31.5,-25.0,21.311554
2018-10-25,31.5,-25.0,23.834137
2018-10-26,31.5,-25.0,24.750336
2018-10-27,31.5,-25.0,25.377258
2018-10-28,31.5,-25.0,24.208527
2018-10-29,31.5,-25.0,23.163483
2018-10-30,31.5,-25.0,28.046448
2018-10-31,31.5,-25.0,21.645966
2018-11-01,31.5,-25.0,19.639862
2018-11-02,31.5,-25.0,18.137299
2018-11-03,31.5,-25.0,19.610352
2018-11-04,31.5,-25.0,23.006195
2018-11-05,31.5,-25.0,28.655365
2018-11-06,31.5,-25.0,22.67694
2018-11-07,31.5,-25.0,15.7161255
2018-11-08,31.5,-25.0,18.178345
2018-11-09,31.5,-25.0,20.174866
2018-11-10,31.5,-25.0,20.753265
2018-11-11,31.5,-25.0,22.776459
2018-11-12,31.5,-25.0,22.205719
2018-11-13,31.5,-25.0,23.48825
2018-11-14,31.5,-25.0,23.333649
2018-11-15,31.5,-25.0,25.351776
2018-11-16,31.5,-25.0,27.64978
2018-11-17,31.5,-25.0,29.162079
2018-11-18,31.5,-25.0,24.411285
2018-11-19,31.5,-25.0,23.469421
2018-11-20,31.5,-25.0,29.512756
2018-11-21,31.5,-25.0,28.230469
2018-11-22,31.5,-25.0,22.650482
2018-11-23,31.5,-25.0,21.490479
2018-11-24,31.5,-25.0,24.97519
2018-11-25,31.5,-25.0,29.129059
2018-11-26,31.5,-25.0,30.409088
2018-11-27,31.5,-25.0,31.000702
2018-11-28,31.5,-25.0,25.769196
2018-11-29,31.5,-25.0,19.37909
2018-11-30,31.5,-25.0,21.846832
2018-12-01,31.5,-25.0,25.722229
2018-12-02,31.5,-25.0,28.30722
2018-12-03,31.5,-25.0,27.373505
2018-12-04,31.5,-25.0,28.54004
2018-12-05,31.5,-25.0,28.603973
2018-12-06,31.5,-25.0,28.795929
2018-12-07,31.5,-25.0,31.435333
2018-12-08,31.5,-25.0,29.026825
2018-12-09,31.5,-25.0,23.351776
2018-12-10,31.5,-25.0,20.655548
2018-12-11,31.5,-25.0,21.970154
2018-12-12,31.5,-25.0,25.76242
2018-12-13,31.5,-25.0,27.134003
2018-12-14,31.5,-25.0,26.391388
2018-12-15,31.5,-25.0,28.727814
2018-12-16,31.5,-25.0,27.95459
2018-12-17,31.5,-25.0,29.86856
2018-12-18,31.5,-25.0,31.689209
2018-12-19,31.5,-25.0,32.076843
2018-12-20,31.5,-25.0,24.634338
2018-12-21,31.5,-25.0,24.454407
2018-12-22,31.5,-25.0,26.174408
2018-12-23,31.5,-25.0,25.282654
2018-12-24,31.5,-25.0,26.805084
2018-12-25,31.5,-25.0,30.128815
2018-12-26,31.5,-25.0,32.089264
2018-12-27,31.5,-25.0,32.796967
2018-12-28,31.5,-25.0,24.933075
2018-12-29,31.5,-25.0,23.240997
2018-12-30,31.5,-25.0,27.354767
2018-12-31,31.5,-25.0,27.534912
2019-01-01,31.5,-25.0,27.433136
2019-01-02,31.5,-25.0,25.24823
2019-01-03,31.5,-25.0,21.629486
2019-01-04,31.5,-25.0,24.317108
2019-01-05,31.5,-25.0,27.302094
2019-01-06,31.5,-25.0,23.537018
2019-01-07,31.5,-25.0,24.735596
2019-01-08,31.5,-25.0,27.228943
2019-01-09,31.5,-25.0,26.44989
2019-01-10,31.5,-25.0,29.682617
2019-01-11,31.5,-25.0,30.632355
2019-01-12,31.5,-25.0,31.935608
2019-01-13,31.5,-25.0,30.202332
2019-01-14,31.5,-25.0,28.862732
2019-01-15,31.5,-25.0,28.386627
2019-01-16,31.5,-25.0,26.927063
2019-01-17,31.5,-25.0,27.173248
2019-01-18,31.5,-25.0,28.257477
2019-01-19,31.5,-25.0,25.007385
2019-01-20,31.5,-25.0,22.968536
2019-01-21,31.5,-25.0,23.119812
2019-01-22,31.5,-25.0,26.390778
2019-01-23,31.5,-25.0,27.75293
2019-01-24,31.5,-25.0,26.951324
2019-01-25,31.5,-25.0,26.468292
2019-01-26,31.5,-25.0,22.758362
2019-01-27,31.5,-25.0,21.183624
2019-01-28,31.5,-25.0,21.963959
2019-01-29,31.5,-25.0,23.927948
2019-01-30,31.5,-25.0,25.072327
2019-01-31,31.5,-25.0,26.503662
2019-02-01,31.5,-25.0,26.728943
2019-02-02,31.5,-25.0,26.233643
2019-02-03,31.5,-25.0,26.607117
2019-02-04,31.5,-25.0,27.44101
2019-02-05,31.5,-25.0,23.253754
2019-02-06,31.5,-25.0,25.789246
2019-02-07,31.5,-25.0,23.404877
2019-02-08,31.5,-25.0,25.49997
2019-02-09,31.5,-25.0,25.643402
2019-02-10,31.5,-25.0,26.899872
2019-02-11,31.5,-25.0,27.49295
2019-02-12,31.5,-25.0,28.73648
2019-02-13,31.5,-25.0,27.102264
2019-02-14,31.5,-25.0,23.19397
2019-02-15,31.5,-25.0,24.06366
2019-02-16,31.5,-25.0,24.959747
2019-02-17,31.5,-25.0,25.088623
2019-02-18,31.5,-25.0,24.556366
2019-02-19,31.5,-25.0,23.62088
2019-02-20,31.5,-25.0,25.369476
2019-02-21,31.5,-25.0,26.346344
2019-02-22,31.5,-25.0,25.10379
2019-02-23,31.5,-25.0,27.128448
2019-02-24,31.5,-25.0,26.528015
2019-02-25,31.5,-25.0,26.107086
2019-02-26,31.5,-25.0,27.963531
2019-02-27,31.5,-25.0,26.88794
2019-02-28,31.5,-25.0,28.026978
2019-03-01,31.5,-25.0,25.91983
2019-03-02,31.5,-25.0,28.689056
2019-03-03,31.5,-25.0,25.778961
2019-03-04,31.5,-25.0,27.748718
2019-03-05,31.5,-25.0,24.931793
2019-03-06,31.5,-25.0,25.98999
2019-03-07,31.5,-25.0,26.512177
2019-03-08,31.5,-25.0,26.54242
2019-03-09,31.5,-25.0,27.832184
2019-03-10,31.5,-25.0,27.697327
2019-03-11,31.5,-25.0,24.812744
2019-03-12,31.5,-25.0,24.32959
2019-03-13,31.5,-25.0,25.941956
2019-03-14,31.5,-25.0,25.835358
2019-03-15,31.5,-25.0,25.661377
2019-03-16,31.5,-25.0,25.097534
2019-03-17,31.5,-25.0,26.723053
2019-03-18,31.5,-25.0,29.245392
2019-03-19,31.5,-25.0,26.63211
2019-03-20,31.5,-25.0,29.009552
2019-03-21,31.5,-25.0,28.193054
2019-03-22,31.5,-25.0,24.696136
2019-03-23,31.5,-25.0,24.196991
2019-03-24,31.5,-25.0,24.641113
2019-03-25,31.5,-25.0,27.751984
2019-03-26,31.5,-25.0,23.88321
2019-03-27,31.5,-25.0,22.363556
2019-03-28,31.5,-25.0,25.103302
2019-03-29,31.5,-25.0,24.973602
2019-03-30,31.5,-25.0,24.763489
2019-03-31,31.5,-25.0,24.76358
2019-04-01,31.5,-25.0,26.383118
2019-04-02,31.5,-25.0,19.724518
2019-04-03,31.5,-25.0,20.840729
2019-04-04,31.5,-25.0,25.251892
2019-04-05,31.5,-25.0,23.292816
2019-04-06,31.5,-25.0,21.284424
2019-04-07,31.5,-25.0,22.799438
2019-04-08,31.5,-25.0,23.255707
2019-04-09,31.5,-25.0,24.821838
2019-04-10,31.5,-25.0,23.527618
2019-04-11,31.5,-25.0,22.892883
2019-04-12,31.5,-25.0,21.84726
2019-04-13,31.5,-25.0,23.085815
2019-04-14,31.5,-25.0,24.832397
2019-04-15,31.5,-25.0,27.250977
2019-04-16,31.5,-25.0,24.23584
2019-04-17,31.5,-25.0,22.905151
2019-04-18,31.5,-25.0,24.090057
2019-04-19,31.5,-25.0,23.983032
2019-04-20,31.5,-25.0,24.907074
2019-04-21,31.5,-25.0,22.716797
2019-04-22,31.5,-25.0,21.81308
2019-04-23,31.5,-25.0,22.380188
2019-04-24,31.5,-25.0,24.032562
2019-04-25,31.5,-25.0,24.51413
2019-04-26,31.5,-25.0,24.368713
2019-04-27,31.5,-25.0,23.883392
2019-04-28,31.5,-25.0,23.42572
2019-04-29,31.5,-25.0,22.494934
2019-04-30,31.5,-25.0,22.042572
2019-05-01,31.5,-25.0,22.949646
2019-05-02,31.5,-25.0,22.835602
2019-05-03,31.5,-25.0,25.248169
2019-05-04,31.5,-25.0,24.54541
2019-05-05,31.5,-25.0,23.152924
2019-05-06,31.5,-25.0,24.520752
2019-05-07,31.5,-25.0,22.82611
2019-05-08,31.5,-25.0,22.929352
2019-05-09,31.5,-25.0,23.429962
2019-05-10,31.5,-25.0,21.035828
2019-05-11,31.5,-25.0,20.564606
2019-05-12,31.5,-25.0,19.649628
2019-05-13,31.5,-25.0,20.06253
2019-05-14,31.5,-25.0,19.330475
2019-05-15,31.5,-25.0,19.21518
2019-05-16,31.5,-25.0,21.098785
2019-05-17,31.5,-25.0,20.55542
2019-05-18,31.5,-25.0,20.636902
2019-05-19,31.5,-25.0,21.006775
2019-05-20,31.5,-25.0,21.713806
2019-05-21,31.5,-25.0,21.766724
2019-05-22,31.5,-25.0,20.596466
2019-05-23,31.5,-25.0,21.032745
2019-05-24,31.5,-25.0,20.6167
2019-05-25,31.5,-25.0,19.008636
2019-05-26,31.5,-25.0,18.178802
2019-05-27,31.5,-25.0,17.756348
2019-05-28,31.5,-25.0,17.860321
2019-05-29,31.5,-25.0,18.860046
2019-05-30,31.5,-25.0,18.059937
2019-05-31,31.5,-25.0,16.792725
2019-06-01,31.5,-25.0,17.35611
2019-06-02,31.5,-25.0,18.32016
2019-06-03,31.5,-25.0,18.630035
2019-06-04,31.5,-25.0,19.105804
2019-06-05,31.5,-25.0,21.83316
2019-06-06,31.5,-25.0,21.355377
2019-06-07,31.5,-25.0,18.378082
2019-06-08,31.5,-25.0,19.196472
2019-06-09,31.5,-25.0,17.652649
2019-06-10,31.5,-25.0,18.398987
2019-06-11,31.5,-25.0,19.697052
2019-06-12,31.5,-25.0,20.693176
2019-06-13,31.5,-25.0,18.160553
2019-06-14,31.5,-25.0,16.309204
2019-06-15,31.5,-25.0,15.814941
2019-06-16,31.5,-25.0,16.94217
2019-06-17,31.5,-25.0,16.658691
2019-06-18,31.5,-25.0,16.758759
2019-06-19,31.5,-25.0,16.704224
2019-06-20,31.5,-25.0,17.774445
2019-06-21,31.5,-25.0,18.629028
2019-06-22,31.5,-25.0,20.078705
2019-06-23,31.5,-25.0,20.729736
2019-06-24,31.5,-25.0,18.786957
2019-06-25,31.5,-25.0,18.12851
2019-06-26,31.5,-25.0,17.16269
2019-06-27,31.5,-25.0,17.224487
2019-06-28,31.5,-25.0,19.51001
2019-06-29,31.5,-25.0,20.761108
2019-06-30,31.5,-25.0,20.059723
2019-07-01,31.5,-25.0,21.553192
2019-07-02,31.5,-25.0,17.641724
2019-07-03,31.5,-25.0,16.545837
2019-07-04,31.5,-25.0,17.58731
2019-07-05,31.5,-25.0,19.38205
2019-07-06,31.5,-25.0,18.569122
2019-07-07,31.5,-25.0,21.058838
2019-07-08,31.5,-25.0,18.85202
2019-07-09,31.5,-25.0,19.239563
2019-07-10,31.5,-25.0,19.335358
2019-07-11,31.5,-25.0,20.171295
2019-07-12,31.5,-25.0,21.717194
2019-07-13,31.5,-25.0,18.298706
2019-07-14,31.5,-25.0,18.293549
2019-07-15,31.5,-25.0,19.49057
2019-07-16,31.5,-25.0,19.238739
2019-07-17,31.5,-25.0,20.842773
2019-07-18,31.5,-25.0,21.648376
2019-07-19,31.5,-25.0,22.500824
2019-07-20,31.5,-25.0,19.722656
2019-07-21,31.5,-25.0,15.277832
2019-07-22,31.5,-25.0,15.880402
2019-07-23,31.5,-25.0,19.331635
2019-07-24,31.5,-25.0,21.146423
2019-07-25,31.5,-25.0,18.930176
2019-07-26,31.5,-25.0,19.836243
2019-07-27,31.5,-25.0,19.065186
2019-07-28,31.5,-25.0,19.11905
2019-07-29,31.5,-25.0,19.417786
2019-07-30,31.5,-25.0,20.956512
2019-07-31,31.5,-25.0,21.57196
2019-08-01,31.5,-25.0,20.58664
2019-08-02,31.5,-25.0,20.511444
2019-08-03,31.5,-25.0,23.14093
2019-08-04,31.5,-25.0,23.49292
2019-08-05,31.5,-25.0,26.52359
2019-08-06,31.5,-25.0,24.58841
2019-08-07,31.5,-25.0,23.88733
2019-08-08,31.5,-25.0,24.350739
2019-08-09,31.5,-25.0,18.494476
2019-08-10,31.5,-25.0,18.582794
2019-08-11,31.5,-25.0,22.506378
2019-08-12,31.5,-25.0,24.943878
2019-08-13,31.5,-25.0,19.835602
2019-08-14,31.5,-25.0,22.878082
2019-08-15,31.5,-25.0,20.389069
2019-08-16,31.5,-25.0,21.706146
2019-08-17,31.5,-25.0,20.33377
2019-08-18,31.5,-25.0,19.897705
2019-08-19,31.5,-25.0,23.078339
2019-08-20,31.5,-25.0,18.670471
2019-08-21,31.5,-25.0,18.212555
2019-08-22,31.5,-25.0,18.080322
2019-08-23,31.5,-25.0,19.771973
2019-08-24,31.5,-25.0,19.363495
2019-08-25,31.5,-25.0,23.335846
2019-08-26,31.5,-25.0,25.279022
2019-08-27,31.5,-25.0,24.47931
2019-08-28,31.5,-25.0,22.55539
2019-08-29,31.5,-25.0,21.331818
2019-08-30,31.5,-25.0,24.533478
2019-08-31,31.5,-25.0,23.661407
2019-09-01,31.5,-25.0,19.496002
2019-09-02,31.5,-25.0,21.24997
2019-09-03,31.5,-25.0,21.971466
2019-09-04,31.5,-25.0,26.375183
2019-09-05,31.5,-25.0,22.563293
2019-09-06,31.5,-25.0,15.665283
2019-09-07,31.5,-25.0,15.759644
2019-09-08,31.5,-25.0,15.866028
2019-09-09,31.5,-25.0,17.664886
2019-09-10,31.5,-25.0,20.08606
2019-09-11,31.5,-25.0,23.034027
2019-09-12,31.5,-25.0,25.768463
2019-09-13,31.5,-25.0,26.851532
2019-09-14,31.5,-25.0,20.434723
2019-09-15,31.5,-25.0,21.890778
2019-09-16,31.5,-25.0,23.867798
2019-09-17,31.5,-25.0,25.404297
2019-09-18,31.5,-25.0,27.308746
2019-09-19,31.5,-25.0,24.048279
2019-09-20,31.5,-25.0,24.69754
2019-09-21,31.5,-25.0,26.454895
2019-09-22,31.5,-25.0,26.958252
2019-09-23,31.5,-25.0,20.142365
2019-09-24,31.5,-25.0,17.577057
2019-09-25,31.5,-25.0,17.80539
2019-09-26,31.5,-25.0,17.11325
2019-09-27,31.5,-25.0,18.563293
2019-09-28,31.5,-25.0,21.446838
2019-09-29,31.5,-25.0,25.272583
2019-09-30,31.5,-25.0,25.083557
2019-10-01,31.5,-25.0,16.589508
2019-10-02,31.5,-25.0,19.038483
2019-10-03,31.5,-25.0,22.165558
2019-10-04,31.5,-25.0,27.443726
2019-10-05,31.5,-25.0,27.382416
2019-10-06,31.5,-25.0,26.942627
2019-10-07,31.5,-25.0,27.244568
2019-10-08,31.5,-25.0,26.867676
2019-10-09,31.5,-25.0,26.617462
2019-10-10,31.5,-25.0,18.185455
2019-10-11,31.5,-25.0,19.275513
2019-10-12,31.5,-25.0,23.137695
2019-10-13,31.5,-25.0,24.935364
2019-10-14,31.5,-25.0,22.938354
2019-10-15,31.5,-25.0,23.472626
2019-10-16,31.5,-25.0,22.37384
2019-10-17,31.5,-25.0,23.054382
2019-10-18,31.5,-25.0,25.775665
2019-10-19,31.5,-25.0,28.192078
2019-10-20,31.5,-25.0,30.806
2019-10-21,31.5,-25.0,29.893036
2019-10-22,31.5,-25.0,18.69342
2019-10-23,31.5,-25.0,23.48352
2019-10-24,31.5,-25.0,24.658447
2019-10-25,31.5,-25.0,28.725098
2019-10-26,31.5,-25.0,28.85205
2019-10-27,31.5,-25.0,31.516327
2019-10-28,31.5,-25.0,31.691376
2019-10-29,31.5,-25.0,21.016174
2019-10-30,31.5,-25.0,22.573547
2019-10-31,31.5,-25.0,22.501862
2019-11-01,31.5,-25.0,22.24115
2019-11-02,31.5,-25.0,25.614716
2019-11-03,31.5,-25.0,30.694061
2019-11-04,31.5,-25.0,24.29419
2019-11-05,31.5,-25.0,23.817902
2019-11-06,31.5,-25.0,29.134369
2019-11-07,31.5,-25.0,31.405212
2019-11-08,31.5,-25.0,22.869873
2019-11-09,31.5,-25.0,20.722046
2019-11-10,31.5,-25.0,23.944794
2019-11-11,31.5,-25.0,23.99237
2019-11-12,31.5,-25.0,23.358856
2019-11-13,31.5,-25.0,24.424103
2019-11-14,31.5,-25.0,24.898163
2019-11-15,31.5,-25.0,23.546753
2019-11-16,31.5,-25.0,24.697235
2019-11-17,31.5,-25.0,25.739136
2019-11-18,31.5,-25.0,20.829681
2019-11-19,31.5,-25.0,27.16858
2019-11-20,31.5,-25.0,20.667358
2019-11-21,31.5,-25.0,24.199707
2019-11-22,31.5,-25.0,26.084656
2019-11-23,31.5,-25.0,26.85373
2019-11-24,31.5,-25.0,28.419434
2019-11-25,31.5,-25.0,24.609863
2019-11-26,31.5,-25.0,25.610077
2019-11-27,31.5,-25.0,26.723602
2019-11-28,31.5,-25.0,29.1503
2019-11-29,31.5,-25.0,29.437958
2019-11-30,31.5,-25.0,30.304382
2019-12-01,31.5,-25.0,26.258453
2019-12-02,31.5,-25.0,28.986755
2019-12-03,31.5,-25.0,30.233765
2019-12-04,31.5,-25.0,17.042114
2019-12-05,31.5,-25.0,16.288025
2019-12-06,31.5,-25.0,22.288239
2019-12-07,31.5,-25.0,24.715271
2019-12-08,31.5,-25.0,20.475372
2019-12-09,31.5,-25.0,18.028809
2019-12-10,31.5,-25.0,17.628113
2019-12-11,31.5,-25.0,21.841522
2019-12-12,31.5,-25.0,23.131866
2019-12-13,31.5,-25.0,22.59433
2019-12-14,31.5,-25.0,23.569214
2019-12-15,31.5,-25.0,27.611298
2019-12-16,31.5,-25.0,20.02301
2019-12-17,31.5,-25.0,21.966644
2019-12-18,31.5,-25.0,26.460358
2019-12-19,31.5,-25.0,28.715607
2019-12-20,31.5,-25.0,28.725311
2019-12-21,31.5,-25.0,28.675323
2019-12-22,31.5,-25.0,25.183746
2019-12-23,31.5,-25.0,26.374939
2019-12-24,31.5,-25.0,29.600098
2019-12-25,31.5,-25.0,31.637604
2019-12-26,31.5,-25.0,32.13626
2019-12-27,31.5,-25.0,28.651733
2019-12-28,31.5,-25.0,22.8956
2019-12-29,31.5,-25.0,25.662811
2019-12-30,31.5,-25.0,27.754608
2019-12-31,31.5,-25.0,26.554626
2020-01-01,31.5,-25.0,26.467438
2020-01-02,31.5,-25.0,28.421844
2020-01-03,31.5,-25.0,29.171875
2020-01-04,31.5,-25.0,29.507141
2020-01-05,31.5,-25.0,29.819702
2020-01-06,31.5,-25.0,29.38971
2020-01-07,31.5,-25.0,28.462585
2020-01-08,31.5,-25.0,28.866852
2020-01-09,31.5,-25.0,29.704437
2020-01-10,31.5,-25.0,22.484955
2020-01-11,31.5,-25.0,23.12143
2020-01-12,31.5,-25.0,26.306152
2020-01-13,31.5,-25.0,25.177917
2020-01-14,31.5,-25.0,24.169647
2020-01-15,31.5,-25.0,25.611115
2020-01-16,31.5,-25.0,26.237152
2020-01-17,31.5,-25.0,27.217407
2020-01-18,31.5,-25.0,26.799164
2020-01-19,31.5,-25.0,23.274536
2020-01-20,31.5,-25.0,21.592865
2020-01-21,31.5,-25.0,22.564758
2020-01-22,31.5,-25.0,23.117004
2020-01-23,31.5,-25.0,24.093445
2020-01-24,31.5,-25.0,23.80957
2020-01-25,31.5,-25.0,25.411804
2020-01-26,31.5,-25.0,27.787994
2020-01-27,31.5,-25.0,23.146057
2020-01-28,31.5,-25.0,23.624786
2020-01-29,31.5,-25.0,26.415833
2020-01-30,31.5,-25.0,24.534454
2020-01-31,31.5,-25.0,25.05429
2020-02-01,31.5,-25.0,26.779114
2020-02-02,31.5,-25.0,25.772064
2020-02-03,31.5,-25.0,26.53003
2020-02-04,31.5,-25.0,28.235474
2020-02-05,31.5,-25.0,29.77182
2020-02-06,31.5,-25.0,30.47583
2020-02-07,31.5,-25.0,25.414764
2020-02-08,31.5,-25.0,25.91919
2020-02-09,31.5,-25.0,25.799774
2020-02-10,31.5,-25.0,21.822632
2020-02-11,31.5,-25.0,20.661469
2020-02-12,31.5,-25.0,21.190765
2020-02-13,31.5,-25.0,24.134186
2020-02-14,31.5,-25.0,26.763672
2020-02-15,31.5,-25.0,27.23465
2020-02-16,31.5,-25.0,25.674683
2020-02-17,31.5,-25.0,26.29004
2020-02-18,31.5,-25.0,26.895935
2020-02-19,31.5,-25.0,26.371521
2020-02-20,31.5,-25.0,26.970306
2020-02-21,31.5,-25.0,26.054138
2020-02-22,31.5,-25.0,27.001953
2020-02-23,31.5,-25.0,21.07373
2020-02-24,31.5,-25.0,21.270874
2020-02-25,31.5,-25.0,21.68753
2020-02-26,31.5,-25.0,22.634186
2020-02-27,31.5,-25.0,24.632172
2020-02-28,31.5,-25.0,22.262085
2020-02-29,31.5,-25.0,20.186462
2020-03-01,31.5,-25.0,21.22229
2020-03-02,31.5,-25.0,21.838562
2020-03-03,31.5,-25.0,21.94165
2020-03-04,31.5,-25.0,22.120148
2020-03-05,31.5,-25.0,22.233917
2020-03-06,31.5,-25.0,22.63327
2020-03-07,31.5,-25.0,22.650208
2020-03-08,31.5,-25.0,23.252289
2020-03-09,31.5,-25.0,24.125671
2020-03-10,31.5,-25.0,24.882812
2020-03-11,31.5,-25.0,25.752228
2020-03-12,31.5,-25.0,24.706696
2020-03-13,31.5,-25.0,26.138672
2020-03-14,31.5,-25.0,26.707764
2020-03-15,31.5,-25.0,26.541534
2020-03-16,31.5,-25.0,24.280487
2020-03-17,31.5,-25.0,21.611023
2020-03-18,31.5,-25.0,23.763794
2020-03-19,31.5,-25.0,24.988495
2020-03-20,31.5,-25.0,25.486176
2020-03-21,31.5,-25.0,25.490326
2020-03-22,31.5,-25.0,24.560791
2020-03-23,31.5,-25.0,25.379974
2020-03-24,31.5,-25.0,26.557037
2020-03-25,31.5,-25.0,26.858124
2020-03-26,31.5,-25.0,27.703522
2020-03-27,31.5,-25.0,20.417725
2020-03-28,31.5,-25.0,21.754547
2020-03-29,31.5,-25.0,23.946594
2020-03-30,31.5,-25.0,22.917358
2020-03-31,31.5,-25.0,24.505707
2020-04-01,31.5,-25.0,23.7482
2020-04-02,31.5,-25.0,21.18155
2020-04-03,31.5,-25.0,20.23471
2020-04-04,31.5,-25.0,21.052307
2020-04-05,31.5,-25.0,23.744202
2020-04-06,31.5,-25.0,26.465485
2020-04-07,31.5,-25.0,26.789795
2020-04-08,31.5,-25.0,18.809113
2020-04-09,31.5,-25.0,19.189392
2020-04-10,31.5,-25.0,21.390137
2020-04-11,31.5,-25.0,23.7948
2020-04-12,31.5,-25.0,27.066864
2020-04-13,31.5,-25.0,25.899109
2020-04-14,31.5,-25.0,25.944336
2020-04-15,31.5,-25.0,21.747772
2020-04-16,31.5,-25.0,23.350983
2020-04-17,31.5,-25.0,21.86026
2020-04-18,31.5,-25.0,22.71643
2020-04-19,31.5,-25.0,21.560455
2020-04-20,31.5,-25.0,21.614319
2020-04-21,31.5,-25.0,21.967987
2020-04-22,31.5,-25.0,22.525574
2020-04-23,31.5,-25.0,22.234436
2020-04-24,31.5,-25.0,22.088745
2020-04-25,31.5,-25.0,23.726074
2020-04-26,31.5,-25.0,20.40802
2020-04-27,31.5,-25.0,21.37262
2020-04-28,31.5,-25.0,20.183838
2020-04-29,31.5,-25.0,21.144348
2020-04-30,31.5,-25.0,21.326996
2020-05-01,31.5,-25.0,21.32837
2020-05-02,31.5,-25.0,21.452728
2020-05-03,31.5,-25.0,22.381561
2020-05-04,31.5,-25.0,20.902893
2020-05-05,31.5,-25.0,21.565948
2020-05-06,31.5,-25.0,20.717377
2020-05-07,31.5,-25.0,20.434174
2020-05-08,31.5,-25.0,20.265839
2020-05-09,31.5,-25.0,20.064758
2020-05-10,31.5,-25.0,20.220306
2020-05-11,31.5,-25.0,19.949799
2020-05-12,31.5,-25.0,20.277863
2020-05-13,31.5,-25.0,21.722748
2020-05-14,31.5,-25.0,19.485962
2020-05-15,31.5,-25.0,20.093658
2020-05-16,31.5,-25.0,19.839264
2020-05-17,31.5,-25.0,19.743164
2020-05-18,31.5,-25.0,21.369507
2020-05-19,31.5,-25.0,20.210236
2020-05-20,31.5,-25.0,19.609772
2020-05-21,31.5,-25.0,19.609375
2020-05-22,31.5,-25.0,19.458008
2020-05-23,31.5,-25.0,19.433746
2020-05-24,31.5,-25.0,18.674103
2020-05-25,31.5,-25.0,21.356873
2020-05-26,31.5,-25.0,23.048065
2020-05-27,31.5,-25.0,17.017303
2020-05-28,31.5,-25.0,16.852509
2020-05-29,31.5,-25.0,20.244568
2020-05-30,31.5,-25.0,19.349426
2020-05-31,31.5,-25.0,20.315216
2020-06-01,31.5,-25.0,20.298187
2020-06-02,31.5,-25.0,18.886871
2020-06-03,31.5,-25.0,18.550781
2020-06-04,31.5,-25.0,17.110535
2020-06-05,31.5,-25.0,17.264282
2020-06-06,31.5,-25.0,18.644073
2020-06-07,31.5,-25.0,18.23703
2020-06-08,31.5,-25.0,17.81186
2020-06-09,31.5,-25.0,18.079712
2020-06-10,31.5,-25.0,20.18042
2020-06-11,31.5,-25.0,22.601624
2020-06-12,31.5,-25.0,16.698212
2020-06-13,31.5,-25.0,14.101746
2020-06-14,31.5,-25.0,14.364746
2020-06-15,31.5,-25.0,15.584381
2020-06-16,31.5,-25.0,14.702301
2020-06-17,31.5,-25.0,14.462402
2020-06-18,31.5,-25.0,14.794312
2020-06-19,31.5,-25.0,14.522064
2020-06-20,31.5,-25.0,15.212585
2020-06-21,31.5,-25.0,16.467651
2020-06-22,31.5,-25.0,15.947723
2020-06-23,31.5,-25.0,15.792511
2020-06-24,31.5,-25.0,15.31958
2020-06-25,31.5,-25.0,16.414795
2020-06-26,31.5,-25.0,17.709656
2020-06-27,31.5,-25.0,19.288574
2020-06-28,31.5,-25.0,19.645752
2020-06-29,31.5,-25.0,18.106873
2020-06-30,31.5,-25.0,16.488464
2020-07-01,31.5,-25.0,16.51477
2020-07-02,31.5,-25.0,17.558624
2020-07-03,31.5,-25.0,18.183136
2020-07-04,31.5,-25.0,18.248016
2020-07-05,31.5,-25.0,18.41681
2020-07-06,31.5,-25.0,18.271423
2020-07-07,31.5,-25.0,20.954865
2020-07-08,31.5,-25.0,18.69516
2020-07-09,31.5,-25.0,19.65326
2020-07-10,31.5,-25.0,22.497864
2020-07-11,31.5,-25.0,22.630249
2020-07-12,31.5,-25.0,15.024445
2020-07-13,31.5,-25.0,16.701538
2020-07-14,31.5,-25.0,18.795258
2020-07-15,31.5,-25.0,14.9086
2020-07-16,31.5,-25.0,13.876892
2020-07-17,31.5,-25.0,14.356262
2020-07-18,31.5,-25.0,15.527344
2020-07-19,31.5,-25.0,16.534698
2020-07-20,31.5,-25.0,15.676178
2020-07-21,31.5,-25.0,16.164307
2020-07-22,31.5,-25.0,15.862457
2020-07-23,31.5,-25.0,16.690338
2020-07-24,31.5,-25.0,16.818756
2020-07-25,31.5,-25.0,16.569916
2020-07-26,31.5,-25.0,16.45633
2020-07-27,31.5,-25.0,15.55304
2020-07-28,31.5,-25.0,15.339203
2020-07-29,31.5,-25.0,17.81009
2020-07-30,31.5,-25.0,18.6073
2020-07-31,31.5,-25.0,18.35971
2020-08-01,31.5,-25.0,17.859528
2020-08-02,31.5,-25.0,17.551758
2020-08-03,31.5,-25.0,17.334564
2020-08-04,31.5,-25.0,19.815765
2020-08-05,31.5,-25.0,18.61081
2020-08-06,31.5,-25.0,20.262299
2020-08-07,31.5,-25.0,15.474121
2020-08-08,31.5,-25.0,15.969208
2020-08-09,31.5,-25.0,21.437073
2020-08-10,31.5,-25.0,19.732208
2020-08-11,31.5,-25.0,19.30597
2020-08-12,31.5,-25.0,22.215729
2020-08-13,31.5,-25.0,21.666199
2020-08-14,31.5,-25.0,18.764587
2020-08-15,31.5,-25.0,23.947815
2020-08-16,31.5,-25.0,21.751404
2020-08-17,31.5,-25.0,16.693756
2020-08-18,31.5,-25.0,21.505768
2020-08-19,31.5,-25.0,16.47293
2020-08-20,31.5,-25.0,16.445282
2020-08-21,31.5,-25.0,16.1828
2020-08-22,31.5,-25.0,17.192078
2020-08-23,31.5,-25.0,20.820648
2020-08-24,31.5,-25.0,24.304047
2020-08-25,31.5,-25.0,24.280334
2020-08-26,31.5,-25.0,22.672974
2020-08-27,31.5,-25.0,18.801086
2020-08-28,31.5,-25.0,26.546417
2020-08-29,31.5,-25.0,26.848663
2020-08-30,31.5,-25.0,16.736572
2020-08-31,31.5,-25.0,13.597046
2020-09-01,31.5,-25.0,14.140198
2020-09-02,31.5,-25.0,16.371094
2020-09-03,31.5,-25.0,18.5766
2020-09-04,31.5,-25.0,18.790344
2020-09-05,31.5,-25.0,18.874664
2020-09-06,31.5,-25.0,18.086426
2020-09-07,31.5,-25.0,18.51178
2020-09-08,31.5,-25.0,18.30008
2020-09-09,31.5,-25.0,19.387054
2020-09-10,31.5,-25.0,20.572083
2020-09-11,31.5,-25.0,21.367584
2020-09-12,31.5,-25.0,21.935852
2020-09-13,31.5,-25.0,23.054077
2020-09-14,31.5,-25.0,25.832275
2020-09-15,31.5,-25.0,22.935394
2020-09-16,31.5,-25.0,25.040527
2020-09-17,31.5,-25.0,20.780487
2020-09-18,31.5,-25.0,22.100067
2020-09-19,31.5,-25.0,25.509277
2020-09-20,31.5,-25.0,26.26477
2020-09-21,31.5,-25.0,22.724762
2020-09-22,31.5,-25.0,17.975342
2020-09-23,31.5,-25.0,20.899567
2020-09-24,31.5,-25.0,24.385406
2020-09-25,31.5,-25.0,28.372467
2020-09-26,31.5,-25.0,25.726715
2020-09-27,31.5,-25.0,19.656036
2020-09-28,31.5,-25.0,19.240509
2020-09-29,31.5,-25.0,20.262573
2020-09-30,31.5,-25.0,17.323639
2020-10-01,31.5,-25.0,20.382324
2020-10-02,31.5,-25.0,16.191223
2020-10-03,31.5,-25.0,18.42627
2020-10-04,31.5,-25.0,22.50946
2020-10-05,31.5,-25.0,20.213226
2020-10-06,31.5,-25.0,19.680817
2020-10-07,31.5,-25.0,19.704987
2020-10-08,31.5,-25.0,20.567413
2020-10-09,31.5,-25.0,24.418518
2020-10-10,31.5,-25.0,22.239319
2020-10-11,31.5,-25.0,14.92804
2020-10-12,31.5,-25.0,16.133514
2020-10-13,31.5,-25.0,22.444977
2020-10-14,31.5,-25.0,20.101135
2020-10-15,31.5,-25.0,21.789429
2020-10-16,31.5,-25.0,23.223938
2020-10-17,31.5,-25.0,23.694977
2020-10-18,31.5,-25.0,27.55899
2020-10-19,31.5,-25.0,27.465149
2020-10-20,31.5,-25.0,29.34314
2020-10-21,31.5,-25.0,21.593872
2020-10-22,31.5,-25.0,23.326141
2020-10-23,31.5,-25.0,23.837708
2020-10-24,31.5,-25.0,23.646698
2020-10-25,31.5,-25.0,25.776215
2020-10-26,31.5,-25.0,25.486603
2020-10-27,31.5,-25.0,26.095184
2020-10-28,31.5,-25.0,28.19635
2020-10-29,31.5,-25.0,27.269165
2020-10-30,31.5,-25.0,25.717072
2020-10-31,31.5,-25.0,22.799225
2020-11-01,31.5,-25.0,21.096527
2020-11-02,31.5,-25.0,23.472107
2020-11-03,31.5,-25.0,26.349945
2020-11-04,31.5,-25.0,25.83139
2020-11-05,31.5,-25.0,25.345306
2020-11-06,31.5,-25.0,29.685455
2020-11-07,31.5,-25.0,31.883942
2020-11-08,31.5,-25.0,33.555206
2020-11-09,31.5,-25.0,29.488739
2020-11-10,31.5,-25.0,22.92929
2020-11-11,31.5,-25.0,21.344574
2020-11-12,31.5,-25.0,21.862122
2020-11-13,31.5,-25.0,23.74112
2020-11-14,31.5,-25.0,26.157257
2020-11-15,31.5,-25.0,27.779266
2020-11-16,31.5,-25.0,26.673737
2020-11-17,31.5,-25.0,27.551605
2020-11-18,31.5,-25.0,28.662445
2020-11-19,31.5,-25.0,27.568146
2020-11-20,31.5,-25.0,21.522217
2020-11-21,31.5,-25.0,24.209595
2020-11-22,31.5,-25.0,26.780823
2020-11-23,31.5,-25.0,28.531067
2020-11-24,31.5,-25.0,32.11505
2020-11-25,31.5,-25.0,22.81778
2020-11-26,31.5,-25.0,25.102875
2020-11-27,31.5,-25.0,21.60147
2020-11-28,31.5,-25.0,23.430786
2020-11-29,31.5,-25.0,25.004822
2020-11-30,31.5,-25.0,25.191895
2020-12-01,31.5,-25.0,28.377045
2020-12-02,31.5,-25.0,21.258118
2020-12-03,31.5,-25.0,22.150604
2020-12-04,31.5,-25.0,23.775726
2020-12-05,31.5,-25.0,20.02353
2020-12-06,31.5,-25.0,23.653473
2020-12-07,31.5,-25.0,24.627197
2020-12-08,31.5,-25.0,25.186432
2020-12-09,31.5,-25.0,26.161163
2020-12-10,31.5,-25.0,29.63919
2020-12-11,31.5,-25.0,30.920868
2020-12-12,31.5,-25.0,31.14917
2020-12-13,31.5,-25.0,28.287933
2020-12-14,31.5,-25.0,30.100586
2020-12-15,31.5,-25.0,28.392029
2020-12-16,31.5,-25.0,23.50998
2020-12-17,31.5,-25.0,24.200562
2020-12-18,31.5,-25.0,22.11969
2020-12-19,31.5,-25.0,24.464233
2020-12-20,31.5,-25.0,26.25177
2020-12-21,31.5,-25.0,27.191803
2020-12-22,31.5,-25.0,28.393402
2020-12-23,31.5,-25.0,30.424927
2020-12-24,31.5,-25.0,23.512238
2020-12-25,31.5,-25.0,23.94397
2020-12-26,31.5,-25.0,25.672699
2020-12-27,31.5,-25.0,28.0466
2020-12-28,31.5,-25.0,26.799103
2020-12-29,31.5,-25.0,28.177002
2020-12-30,31.5,-25.0,29.608795
2020-12-31,31.5,-25.0,29.150757
2021-01-01,31.5,-25.0,26.577606
2021-01-02,31.5,-25.0,19.405975
2021-01-03,31.5,-25.0,22.851593
2021-01-04,31.5,-25.0,26.506287
2021-01-05,31.5,-25.0,28.6268
2021-01-06,31.5,-25.0,26.10553
2021-01-07,31.5,-25.0,22.967926
2021-01-08,31.5,-25.0,26.15628
2021-01-09,31.5,-25.0,25.541992
2021-01-10,31.5,-25.0,26.472809
2021-01-11,31.5,-25.0,26.294556
2021-01-12,31.5,-25.0,27.488556
2021-01-13,31.5,-25.0,28.106781
2021-01-14,31.5,-25.0,27.868866
2021-01-15,31.5,-25.0,29.0401
2021-01-16,31.5,-25.0,29.467926
2021-01-17,31.5,-25.0,24.030426
2021-01-18,31.5,-25.0,25.152039
2021-01-19,31.5,-25.0,26.141998
2021-01-20,31.5,-25.0,27.215668
2021-01-21,31.5,-25.0,26.176636
2021-01-22,31.5,-25.0,26.655792
2021-01-23,31.5,-25.0,25.48645
2021-01-24,31.5,-25.0,24.32846
2021-01-25,31.5,-25.0,21.603546
2021-01-26,31.5,-25.0,24.552673
2021-01-27,31.5,-25.0,27.343323
2021-01-28,31.5,-25.0,24.021606
2021-01-29,31.5,-25.0,25.053253
2021-01-30,31.5,-25.0,26.798492
2021-01-31,31.5,-25.0,27.03778
2021-02-01,31.5,-25.0,25.860077
2021-02-02,31.5,-25.0,19.9729
2021-02-03,31.5,-25.0,23.702606
2021-02-04,31.5,-25.0,26.678009
2021-02-05,31.5,-25.0,25.017944
2021-02-06,31.5,-25.0,24.761566
2021-02-07,31.5,-25.0,25.010223
2021-02-08,31.5,-25.0,26.262146
2021-02-09,31.5,-25.0,26.08493
2021-02-10,31.5,-25.0,26.03012
2021-02-11,31.5,-25.0,25.956604
2021-02-12,31.5,-25.0,23.682251
2021-02-13,31.5,-25.0,24.033447
2021-02-14,31.5,-25.0,24.090515
2021-02-15,31.5,-25.0,24.419495
2021-02-16,31.5,-25.0,21.36847
2021-02-17,31.5,-25.0,23.504791
2021-02-18,31.5,-25.0,25.103302
2021-02-19,31.5,-25.0,25.587189
2021-02-20,31.5,-25.0,27.371735
2021-02-21,31.5,-25.0,27.116455
2021-02-22,31.5,-25.0,23.742401
2021-02-23,31.5,-25.0,24.723785
2021-02-24,31.5,-25.0,25.602112
2021-02-25,31.5,-25.0,24.5737
2021-02-26,31.5,-25.0,22.361145
2021-02-27,31.5,-25.0,22.06491
2021-02-28,31.5,-25.0,21.267212
2021-03-01,31.5,-25.0,21.373108
2021-03-02,31.5,-25.0,22.620117
2021-03-03,31.5,-25.0,23.492859
2021-03-04,31.5,-25.0,24.18695
2021-03-05,31.5,-25.0,25.77713
2021-03-06,31.5,-25.0,24.924835
2021-03-07,31.5,-25.0,26.262299
2021-03-08,31.5,-25.0,26.890472
2021-03-09,31.5,-25.0,28.59491
2021-03-10,31.5,-25.0,29.441101
2021-03-11,31.5,-25.0,29.514008
2021-03-12,31.5,-25.0,24.850983
2021-03-13,31.5,-25.0,24.399384
2021-03-14,31.5,-25.0,24.256012
2021-03-15,31.5,-25.0,24.095154
2021-03-16,31.5,-25.0,25.374023
2021-03-17,31.5,-25.0,25.550873
2021-03-18,31.5,-25.0,26.444672
2021-03-19,31.5,-25.0,25.674377
2021-03-20,31.5,-25.0,25.266266
2021-03-21,31.5,-25.0,24.318604
2021-03-22,31.5,-25.0,22.691437
2021-03-23,31.5,-25.0,22.303223
2021-03-24,31.5,-25.0,22.665619
2021-03-25,31.5,-25.0,22.267181
2021-03-26,31.5,-25.0,24.063171
2021-03-27,31.5,-25.0,24.509644
2021-03-28,31.5,-25.0,22.749756
2021-03-29,31.5,-25.0,21.728271
2021-03-30,31.5,-25.0,21.55191
2021-03-31,31.5,-25.0,24.036407
2021-04-01,31.5,-25.0,24.703339
2021-04-02,31.5,-25.0,23.707245
2021-04-03,31.5,-25.0,22.631104
2021-04-04,31.5,-25.0,22.157257
2021-04-05,31.5,-25.0,21.375885
2021-04-06,31.5,-25.0,21.162567
2021-04-07,31.5,-25.0,22.788849
2021-04-08,31.5,-25.0,23.709717
2021-04-09,31.5,-25.0,23.900696
2021-04-10,31.5,-25.0,24.04126
2021-04-11,31.5,-25.0,24.639465
2021-04-12,31.5,-25.0,23.716736
2021-04-13,31.5,-25.0,23.793304
2021-04-14,31.5,-25.0,24.517761
2021-04-15,31.5,-25.0,24.440125
2021-04-16,31.5,-25.0,20.799042
2021-04-17,31.5,-25.0,17.999756
2021-04-18,31.5,-25.0,18.552551
2021-04-19,31.5,-25.0,19.937347
2021-04-20,31.5,-25.0,21.820343
2021-04-21,31.5,-25.0,21.39267
2021-04-22,31.5,-25.0,21.64444
2021-04-23,31.5,-25.0,20.063843
2021-04-24,31.5,-25.0,20.463776
2021-04-25,31.5,-25.0,21.777985
2021-04-26,31.5,-25.0,22.007935
2021-04-27,31.5,-25.0,23.76175
2021-04-28,31.5,-25.0,22.2471
2021-04-29,31.5,-25.0,23.549408
2021-04-30,31.5,-25.0,20.68808
2021-05-01,31.5,-25.0,17.397125
2021-05-02,31.5,-25.0,18.392853
2021-05-03,31.5,-25.0,18.297577
2021-05-04,31.5,-25.0,19.220184
2021-05-05,31.5,-25.0,20.043243
2021-05-06,31.5,-25.0,20.335754
2021-05-07,31.5,-25.0,19.936462
2021-05-08,31.5,-25.0,20.891205
2021-05-09,31.5,-25.0,19.559753
2021-05-10,31.5,-25.0,19.545532
2021-05-11,31.5,-25.0,19.575989
2021-05-12,31.5,-25.0,21.577698
2021-05-13,31.5,-25.0,19.61438
2021-05-14,31.5,-25.0,20.695099
2021-05-15,31.5,-25.0,22.180786
2021-05-16,31.5,-25.0,23.346008
2021-05-17,31.5,-25.0,20.984558
2021-05-18,31.5,-25.0,20.70346
2021-05-19,31.5,-25.0,20.963104
2021-05-20,31.5,-25.0,22.226257
2021-05-21,31.5,-25.0,22.86615
2021-05-22,31.5,-25.0,19.968842
2021-05-23,31.5,-25.0,18.435364
2021-05-24,31.5,-25.0,17.718079
2021-05-25,31.5,-25.0,18.553192
2021-05-26,31.5,-25.0,20.008118
2021-05-27,31.5,-25.0,20.08139
2021-05-28,31.5,-25.0,21.712738
2021-05-29,31.5,-25.0,19.290771
2021-05-30,31.5,-25.0,18.82257
2021-05-31,31.5,-25.0,17.542542
2021-06-01,31.5,-25.0,18.570526
2021-06-02,31.5,-25.0,15.404846
2021-06-03,31.5,-25.0,16.496033
2021-06-04,31.5,-25.0,15.573273
2021-06-05,31.5,-25.0,14.968414
2021-06-06,31.5,-25.0,15.797791
2021-06-07,31.5,-25.0,15.103607
2021-06-08,31.5,-25.0,15.589905
2021-06-09,31.5,-25.0,16.788727
2021-06-10,31.5,-25.0,16.730469
2021-06-11,31.5,-25.0,16.282196
2021-06-12,31.5,-25.0,16.813934
2021-06-13,31.5,-25.0,17.190247
2021-06-14,31.5,-25.0,17.993439
2021-06-15,31.5,-25.0,16.84433
2021-06-16,31.5,-25.0,17.940308
2021-06-17,31.5,-25.0,19.25055
2021-06-18,31.5,-25.0,18.037872
2021-06-19,31.5,-25.0,17.48413
2021-06-20,31.5,-25.0,16.437286
2021-06-21,31.5,-25.0,16.962708
2021-06-22,31.5,-25.0,17.972046
2021-06-23,31.5,-25.0,18.776398
2021-06-24,31.5,-25.0,18.979675
2021-06-25,31.5,-25.0,20.176483
2021-06-26,31.5,-25.0,21.65039
2021-06-27,31.5,-25.0,18.631317
2021-06-28,31.5,-25.0,21.266754
2021-06-29,31.5,-25.0,23.022675
2021-06-30,31.5,-25.0,23.78592
2021-07-01,31.5,-25.0,23.066772
2021-07-02,31.5,-25.0,20.336395
2021-07-03,31.5,-25.0,22.614746
2021-07-04,31.5,-25.0,20.428436
2021-07-05,31.5,-25.0,18.467896
2021-07-06,31.5,-25.0,17.58786
2021-07-07,31.5,-25.0,17.267517
2021-07-08,31.5,-25.0,17.56192
2021-07-09,31.5,-25.0,19.354004
2021-07-10,31.5,-25.0,17.840698
2021-07-11,31.5,-25.0,18.904663
2021-07-12,31.5,-25.0,19.913818
2021-07-13,31.5,-25.0,20.271454
2021-07-14,31.5,-25.0,16.038849
2021-07-15,31.5,-25.0,15.068726
2021-07-16,31.5,-25.0,15.184143
2021-07-17,31.5,-25.0,15.063293
2021-07-18,31.5,-25.0,14.335876
2021-07-19,31.5,-25.0,15.219086
2021-07-20,31.5,-25.0,17.826202
2021-07-21,31.5,-25.0,19.342346
2021-07-22,31.5,-25.0,16.80246
2021-07-23,31.5,-25.0,13.839325
2021-07-24,31.5,-25.0,13.440826
2021-07-25,31.5,-25.0,14.21756
2021-07-26,31.5,-25.0,14.467407
2021-07-27,31.5,-25.0,14.99411
2021-07-28,31.5,-25.0,17.417725
2021-07-29,31.5,-25.0,18.91336
2021-07-30,31.5,-25.0,18.099884
2021-07-31,31.5,-25.0,17.808014
2021-08-01,31.5,-25.0,20.03424
2021-08-02,31.5,-25.0,19.960052
2021-08-03,31.5,-25.0,18.151459
2021-08-04,31.5,-25.0,18.598114
2021-08-05,31.5,-25.0,20.051147
2021-08-06,31.5,-25.0,22.204865
2021-08-07,31.5,-25.0,19.636597
2021-08-08,31.5,-25.0,20.041595
2021-08-09,31.5,-25.0,23.015045
2021-08-10,31.5,-25.0,16.955444
2021-08-11,31.5,-25.0,18.737457
2021-08-12,31.5,-25.0,23.474762
2021-08-13,31.5,-25.0,15.064972
2021-08-14,31.5,-25.0,15.5755005
2021-08-15,31.5,-25.0,16.076477
2021-08-16,31.5,-25.0,16.813171
2021-08-17,31.5,-25.0,19.193237
2021-08-18,31.5,-25.0,22.583984
2021-08-19,31.5,-25.0,23.324371
2021-08-20,31.5,-25.0,18.823639
2021-08-21,31.5,-25.0,19.68869
2021-08-22,31.5,-25.0,17.132263
2021-08-23,31.5,-25.0,19.363647
2021-08-24,31.5,-25.0,23.972351
2021-08-25,31.5,-25.0,21.102692
2021-08-26,31.5,-25.0,22.928894
2021-08-27,31.5,-25.0,26.404602
2021-08-28,31.5,-25.0,19.671783
2021-08-29,31.5,-25.0,15.436249
2021-08-30,31.5,-25.0,18.904816
2021-08-31,31.5,-25.0,22.966492
2021-09-01,31.5,-25.0,19.946625
2021-09-02,31.5,-25.0,21.4711
2021-09-03,31.5,-25.0,23.785706
2021-09-04,31.5,-25.0,24.093384
2021-09-05,31.5,-25.0,25.370361
2021-09-06,31.5,-25.0,25.241302
2021-09-07,31.5,-25.0,18.907135
2021-09-08,31.5,-25.0,17.031036
2021-09-09,31.5,-25.0,18.986969
2021-09-10,31.5,-25.0,19.196228
2021-09-11,31.5,-25.0,18.620789
2021-09-12,31.5,-25.0,20.98056
2021-09-13,31.5,-25.0,23.393036
2021-09-14,31.5,-25.0,24.629822
2021-09-15,31.5,-25.0,26.965912
2021-09-16,31.5,-25.0,19.760742
2021-09-17,31.5,-25.0,17.599304
2021-09-18,31.5,-25.0,17.297699
2021-09-19,31.5,-25.0,19.772705
2021-09-20,31.5,-25.0,23.820251
2021-09-21,31.5,-25.0,18.007507
2021-09-22,31.5,-25.0,18.496094
2021-09-23,31.5,-25.0,18.934906
2021-09-24,31.5,-25.0,22.577515
2021-09-25,31.5,-25.0,23.52304
2021-09-26,31.5,-25.0,25.261719
2021-09-27,31.5,-25.0,25.36264
2021-09-28,31.5,-25.0,26.961456
2021-09-29,31.5,-25.0,22.235504
2021-09-30,31.5,-25.0,19.360474
2021-10-01,31.5,-25.0,21.777008
2021-10-02,31.5,-25.0,24.992096
2021-10-03,31.5,-25.0,16.67337
2021-10-04,31.5,-25.0,17.542389
2021-10-05,31.5,-25.0,19.309753
2021-10-06,31.5,-25.0,22.452606
2021-10-07,31.5,-25.0,20.374573
2021-10-08,31.5,-25.0,23.106506
2021-10-09,31.5,-25.0,26.963043
2021-10-10,31.5,-25.0,18.826202
2021-10-11,31.5,-25.0,18.096588
2021-10-12,31.5,-25.0,22.478912
2021-10-13,31.5,-25.0,27.678223
2021-10-14,31.5,-25.0,29.929962
2021-10-15,31.5,-25.0,27.797882
2021-10-16,31.5,-25.0,30.043762
2021-10-17,31.5,-25.0,18.283508
2021-10-18,31.5,-25.0,16.328094
2021-10-19,31.5,-25.0,16.913696
2021-10-20,31.5,-25.0,19.83606
2021-10-21,31.5,-25.0,24.670654
2021-10-22,31.5,-25.0,27.203705
2021-10-23,31.5,-25.0,31.837494
2021-10-24,31.5,-25.0,21.273224
2021-10-25,31.5,-25.0,16.596222
2021-10-26,31.5,-25.0,19.703125
2021-10-27,31.5,-25.0,20.473663
2021-10-28,31.5,-25.0,20.541443
2021-10-29,31.5,-25.0,22.87967
2021-10-30,31.5,-25.0,24.502563
2021-10-31,31.5,-25.0,21.872894
2021-11-01,31.5,-25.0,26.661255
2021-11-02,31.5,-25.0,27.271576
2021-11-03,31.5,-25.0,22.683136
2021-11-04,31.5,-25.0,24.269897
2021-11-05,31.5,-25.0,27.70279
2021-11-06,31.5,-25.0,28.017883
2021-11-07,31.5,-25.0,27.067627
2021-11-08,31.5,-25.0,25.82962
2021-11-09,31.5,-25.0,23.096008
2021-11-10,31.5,-25.0,22.64624
2021-11-11,31.5,-25.0,24.689606
2021-11-12,31.5,-25.0,26.700806
2021-11-13,31.5,-25.0,25.568787
2021-11-14,31.5,-25.0,24.480133
2021-11-15,31.5,-25.0,24.358337
2021-11-16,31.5,-25.0,29.424805
2021-11-17,31.5,-25.0,26.19983
2021-11-18,31.5,-25.0,27.747925
2021-11-19,31.5,-25.0,19.314697
2021-11-20,31.5,-25.0,19.231476
2021-11-21,31.5,-25.0,19.03897
2021-11-22,31.5,-25.0,20.573547
2021-11-23,31.5,-25.0,23.769318
2021-11-24,31.5,-25.0,20.423615
2021-11-25,31.5,-25.0,19.097626
2021-11-26,31.5,-25.0,18.853943
2021-11-27,31.5,-25.0,18.793915
2021-11-28,31.5,-25.0,22.417603
2021-11-29,31.5,-25.0,26.938416
2021-11-30,31.5,-25.0,25.580994
2021-12-01,31.5,-25.0,24.923645
2021-12-02,31.5,-25.0,27.105927
2021-12-03,31.5,-25.0,27.674835
2021-12-04,31.5,-25.0,26.38855
2021-12-05,31.5,-25.0,24.527466
2021-12-06,31.5,-25.0,26.180603
2021-12-07,31.5,-25.0,23.283356
2021-12-08,31.5,-25.0,23.101044
2021-12-09,31.5,-25.0,24.779083
2021-12-10,31.5,-25.0,26.889404
2021-12-11,31.5,-25.0,27.959564
2021-12-12,31.5,-25.0,28.934448
2021-12-13,31.5,-25.0,27.263306
2021-12-14,31.5,-25.0,25.665466
2021-12-15,31.5,-25.0,26.26065
2021-12-16,31.5,-25.0,25.554718
2021-12-17,31.5,-25.0,18.36023
2021-12-18,31.5,-25.0,18.885101
2021-12-19,31.5,-25.0,19.62326
2021-12-20,31.5,-25.0,22.664764
2021-12-21,31.5,-25.0,24.324219
2021-12-22,31.5,-25.0,26.206787
2021-12-23,31.5,-25.0,25.646301
2021-12-24,31.5,-25.0,23.98526
2021-12-25,31.5,-25.0,24.085999
2021-12-26,31.5,-25.0,24.57669
2021-12-27,31.5,-25.0,25.72519
2021-12-28,31.5,-25.0,28.186737
2021-12-29,31.5,-25.0,24.85614
2021-12-30,31.5,-25.0,27.078094
2021-12-31,31.5,-25.0,22.252075
2022-01-01,31.5,-25.0,26.724762
2022-01-02,31.5,-25.0,26.291412
2022-01-03,31.5,-25.0,25.195923
2022-01-04,31.5,-25.0,26.710602
2022-01-05,31.5,-25.0,28.695923
2022-01-06,31.5,-25.0,24.849213
2022-01-07,31.5,-25.0,25.32196
2022-01-08,31.5,-25.0,24.762115
2022-01-09,31.5,-25.0,23.979767
2022-01-10,31.5,-25.0,25.298462
2022-01-11,31.5,-25.0,26.989227
2022-01-12,31.5,-25.0,24.816864
2022-01-13,31.5,-25.0,25.696686
2022-01-14,31.5,-25.0,25.343597
2022-01-15,31.5,-25.0,24.759277
2022-01-16,31.5,-25.0,25.418182
2022-01-17,31.5,-25.0,24.015808
2022-01-18,31.5,-25.0,24.493866
2022-01-19,31.5,-25.0,25.37082
2022-01-20,31.5,-25.0,24.580261
2022-01-21,31.5,-25.0,24.553162
2022-01-22,31.5,-25.0,22.130829
2022-01-23,31.5,-25.0,23.499725
2022-01-24,31.5,-25.0,24.470215
2022-01-25,31.5,-25.0,25.601898
2022-01-26,31.5,-25.0,25.284302
2022-01-27,31.5,-25.0,25.891174
2022-01-28,31.5,-25.0,26.830597
2022-01-29,31.5,-25.0,22.878845
2022-01-30,31.5,-25.0,22.927551
2022-01-31,31.5,-25.0,24.82434
2022-02-01,31.5,-25.0,25.626862
2022-02-02,31.5,-25.0,26.391052
2022-02-03,31.5,-25.0,29.360443
2022-02-04,31.5,-25.0,26.552673
2022-02-05,31.5,-25.0,24.224335
2022-02-06,31.5,-25.0,23.118439
2022-02-07,31.5,-25.0,24.454529
2022-02-08,31.5,-25.0,25.655579
2022-02-09,31.5,-25.0,27.57611
2022-02-10,31.5,-25.0,27.495941
2022-02-11,31.5,-25.0,26.956299
2022-02-12,31.5,-25.0,26.45462
2022-02-13,31.5,-25.0,26.546295
2022-02-14,31.5,-25.0,26.116821
2022-02-15,31.5,-25.0,24.641235
2022-02-16,31.5,-25.0,26.247803
2022-02-17,31.5,-25.0,25.718536
2022-02-18,31.5,-25.0,24.352173
2022-02-19,31.5,-25.0,25.702332
2022-02-20,31.5,-25.0,29.020538
2022-02-21,31.5,-25.0,27.259247
2022-02-22,31.5,-25.0,26.718048
2022-02-23,31.5,-25.0,26.586945
2022-02-24,31.5,-25.0,27.472168
2022-02-25,31.5,-25.0,26.730103
2022-02-26,31.5,-25.0,25.914337
2022-02-27,31.5,-25.0,25.865295
2022-02-28,31.5,-25.0,26.829315
2022-03-01,31.5,-25.0,26.929993
2022-03-02,31.5,-25.0,26.455994
2022-03-03,31.5,-25.0,27.582703
2022-03-04,31.5,-25.0,26.557434
2022-03-05,31.5,-25.0,26.877533
2022-03-06,31.5,-25.0,25.798035
2022-03-07,31.5,-25.0,26.60791
2022-03-08,31.5,-25.0,25.875854
2022-03-09,31.5,-25.0,26.048523
2022-03-10,31.5,-25.0,27.277863
2022-03-11,31.5,-25.0,25.60559
2022-03-12,31.5,-25.0,25.574738
2022-03-13,31.5,-25.0,26.875275
2022-03-14,31.5,-25.0,28.904785
2022-03-15,31.5,-25.0,21.882446
2022-03-16,31.5,-25.0,22.163269
2022-03-17,31.5,-25.0,22.056671
2022-03-18,31.5,-25.0,22.595795
2022-03-19,31.5,-25.0,22.791779
2022-03-20,31.5,-25.0,22.902649
2022-03-21,31.5,-25.0,23.110657
2022-03-22,31.5,-25.0,23.208984
2022-03-23,31.5,-25.0,24.098602
2022-03-24,31.5,-25.0,26.935516
2022-03-25,31.5,-25.0,24.835052
2022-03-26,31.5,-25.0,21.896973
2022-03-27,31.5,-25.0,23.823883
2022-03-28,31.5,-25.0,24.21405
2022-03-29,31.5,-25.0,23.439758
2022-03-30,31.5,-25.0,23.414093
2022-03-31,31.5,-25.0,24.093353
2022-04-01,31.5,-25.0,25.042816
2022-04-02,31.5,-25.0,26.007202
2022-04-03,31.5,-25.0,26.394257
2022-04-04,31.5,-25.0,25.497406
2022-04-05,31.5,-25.0,27.391174
2022-04-06,31.5,-25.0,27.636566
2022-04-07,31.5,-25.0,24.620178
2022-04-08,31.5,-25.0,21.153015
2022-04-09,31.5,-25.0,18.996277
2022-04-10,31.5,-25.0,19.62442
2022-04-11,31.5,-25.0,21.135895
2022-04-12,31.5,-25.0,23.470673
2022-04-13,31.5,-25.0,25.713684
2022-04-14,31.5,-25.0,24.274384
2022-04-15,31.5,-25.0,26.543762
2022-04-16,31.5,-25.0,18.390656
2022-04-17,31.5,-25.0,16.7771
2022-04-18,31.5,-25.0,18.025208
2022-04-19,31.5,-25.0,18.887024
2022-04-20,31.5,-25.0,19.23645
2022-04-21,31.5,-25.0,20.700531
2022-04-22,31.5,-25.0,21.45224
2022-04-23,31.5,-25.0,22.184479
2022-04-24,31.5,-25.0,23.834656
2022-04-25,31.5,-25.0,22.504059
2022-04-26,31.5,-25.0,19.733978
2022-04-27,31.5,-25.0,19.12387
2022-04-28,31.5,-25.0,18.054108
2022-04-29,31.5,-25.0,19.974213
2022-04-30,31.5,-25.0,21.329895
2022-05-01,31.5,-25.0,19.779694
2022-05-02,31.5,-25.0,18.579773
2022-05-03,31.5,-25.0,19.133148
2022-05-04,31.5,-25.0,19.479523
2022-05-05,31.5,-25.0,20.262726
2022-05-06,31.5,-25.0,20.373322
2022-05-07,31.5,-25.0,21.652344
2022-05-08,31.5,-25.0,21.0177
2022-05-09,31.5,-25.0,18.847137
2022-05-10,31.5,-25.0,19.672821
2022-05-11,31.5,-25.0,21.180084
2022-05-12,31.5,-25.0,20.75122
2022-05-13,31.5,-25.0,22.121613
2022-05-14,31.5,-25.0,22.539062
2022-05-15,31.5,-25.0,19.025208
2022-05-16,31.5,-25.0,18.401031
2022-05-17,31.5,-25.0,18.954834
2022-05-18,31.5,-25.0,19.14087
2022-05-19,31.5,-25.0,20.100098
2022-05-20,31.5,-25.0,20.599823
2022-05-21,31.5,-25.0,16.799072
2022-05-22,31.5,-25.0,15.239349
2022-05-23,31.5,-25.0,16.0914
2022-05-24,31.5,-25.0,18.056213
2022-05-25,31.5,-25.0,19.315033
2022-05-26,31.5,-25.0,19.918945
2022-05-27,31.5,-25.0,19.91565
2022-05-28,31.5,-25.0,20.003632
2022-05-29,31.5,-25.0,20.283722
2022-05-30,31.5,-25.0,17.45456
2022-05-31,31.5,-25.0,17.607056
2022-06-01,31.5,-25.0,14.1138
2022-06-02,31.5,-25.0,14.339752
2022-06-03,31.5,-25.0,14.667267
2022-06-04,31.5,-25.0,15.262054
2022-06-05,31.5,-25.0,17.010345
2022-06-06,31.5,-25.0,16.765839
2022-06-07,31.5,-25.0,15.046631
2022-06-08,31.5,-25.0,14.916016
2022-06-09,31.5,-25.0,14.664001
2022-06-10,31.5,-25.0,16.285767
2022-06-11,31.5,-25.0,16.544403
2022-06-12,31.5,-25.0,16.017334
2022-06-13,31.5,-25.0,17.100311
2022-06-14,31.5,-25.0,18.725342
2022-06-15,31.5,-25.0,17.732147
2022-06-16,31.5,-25.0,13.999268
2022-06-17,31.5,-25.0,13.948669
2022-06-18,31.5,-25.0,16.87732
2022-06-19,31.5,-25.0,18.833862
2022-06-20,31.5,-25.0,19.497406
2022-06-21,31.5,-25.0,18.812927
2022-06-22,31.5,-25.0,17.13675
2022-06-23,31.5,-25.0,16.95523
2022-06-24,31.5,-25.0,18.554108
2022-06-25,31.5,-25.0,16.655273
2022-06-26,31.5,-25.0,15.824249
2022-06-27,31.5,-25.0,15.141113
2022-06-28,31.5,-25.0,15.696045
2022-06-29,31.5,-25.0,15.174835
2022-06-30,31.5,-25.0,13.748566
2022-07-01,31.5,-25.0,13.855896
2022-07-02,31.5,-25.0,15.730896
2022-07-03,31.5,-25.0,17.537476
2022-07-04,31.5,-25.0,19.367249
2022-07-05,31.5,-25.0,17.405334
2022-07-06,31.5,-25.0,18.70111
2022-07-07,31.5,-25.0,18.934052
2022-07-08,31.5,-25.0,17.182281
2022-07-09,31.5,-25.0,17.290527
2022-07-10,31.5,-25.0,18.405396
2022-07-11,31.5,-25.0,19.973358
2022-07-12,31.5,-25.0,18.852509
2022-07-13,31.5,-25.0,19.458038
2022-07-14,31.5,-25.0,19.53595
2022-07-15,31.5,-25.0,18.024689
2022-07-16,31.5,-25.0,17.161133
2022-07-17,31.5,-25.0,17.70575
2022-07-18,31.5,-25.0,17.786987
2022-07-19,31.5,-25.0,18.493408
2022-07-20,31.5,-25.0,20.136139
2022-07-21,31.5,-25.0,18.57666
2022-07-22,31.5,-25.0,16.786774
2022-07-23,31.5,-25.0,18.278107
2022-07-24,31.5,-25.0,18.455292
2022-07-25,31.5,-25.0,15.3888855
2022-07-26,31.5,-25.0,15.593262
2022-07-27,31.5,-25.0,18.033936
2022-07-28,31.5,-25.0,17.747894
2022-07-29,31.5,-25.0,17.137756
2022-07-30,31.5,-25.0,19.019745
2022-07-31,31.5,-25.0,19.278717
2022-08-01,31.5,-25.0,16.811493
2022-08-02,31.5,-25.0,17.433868
2022-08-03,31.5,-25.0,18.225006
2022-08-04,31.5,-25.0,20.310028
2022-08-05,31.5,-25.0,20.19519
2022-08-06,31.5,-25.0,22.20642
2022-08-07,31.5,-25.0,21.52417
2022-08-08,31.5,-25.0,22.564728
2022-08-09,31.5,-25.0,19.16809
2022-08-10,31.5,-25.0,20.019104
2022-08-11,31.5,-25.0,21.01941
2022-08-12,31.5,-25.0,23.490479
2022-08-13,31.5,-25.0,22.285828
2022-08-14,31.5,-25.0,23.31424
2022-08-15,31.5,-25.0,17.414337
2022-08-16,31.5,-25.0,18.197021
2022-08-17,31.5,-25.0,22.00528
2022-08-18,31.5,-25.0,23.165894
2022-08-19,31.5,-25.0,17.276703
2022-08-20,31.5,-25.0,18.860321
2022-08-21,31.5,-25.0,16.891235
2022-08-22,31.5,-25.0,17.019653
2022-08-23,31.5,-25.0,16.324005
2022-08-24,31.5,-25.0,17.946564
2022-08-25,31.5,-25.0,20.648346
2022-08-26,31.5,-25.0,20.298798
2022-08-27,31.5,-25.0,22.483826
2022-08-28,31.5,-25.0,21.76474
2022-08-29,31.5,-25.0,24.839478
2022-08-30,31.5,-25.0,17.051392
2022-08-31,31.5,-25.0,17.040253
2022-09-01,31.5,-25.0,16.483917
2022-09-02,31.5,-25.0,19.170898
2022-09-03,31.5,-25.0,22.305847
2022-09-04,31.5,-25.0,22.53714
2022-09-05,31.5,-25.0,25.78186
2022-09-06,31.5,-25.0,19.983154
2022-09-07,31.5,-25.0,19.466766
2022-09-08,31.5,-25.0,22.235718
2022-09-09,31.5,-25.0,25.616333
2022-09-10,31.5,-25.0,27.881592
2022-09-11,31.5,-25.0,28.562653
2022-09-12,31.5,-25.0,21.12616
2022-09-13,31.5,-25.0,18.861633
2022-09-14,31.5,-25.0,18.832611
2022-09-15,31.5,-25.0,22.254028
2022-09-16,31.5,-25.0,24.669586
2022-09-17,31.5,-25.0,26.57547
2022-09-18,31.5,-25.0,25.34787
2022-09-19,31.5,-25.0,26.78772
2022-09-20,31.5,-25.0,17.366455
2022-09-21,31.5,-25.0,16.61789
2022-09-22,31.5,-25.0,20.463226
2022-09-23,31.5,-25.0,24.62503
2022-09-24,31.5,-25.0,23.674927
2022-09-25,31.5,-25.0,25.345337
2022-09-26,31.5,-25.0,26.631775
2022-09-27,31.5,-25.0,25.011627
2022-09-28,31.5,-25.0,23.754517
2022-09-29,31.5,-25.0,22.7883
2022-09-30,31.5,-25.0,23.724518
2022-10-01,31.5,-25.0,25.636993
2022-10-02,31.5,-25.0,24.271423
2022-10-03,31.5,-25.0,28.463104
2022-10-04,31.5,-25.0,24.519867
2022-10-05,31.5,-25.0,24.931488
2022-10-06,31.5,-25.0,29.19223
2022-10-07,31.5,-25.0,25.553467
2022-10-08,31.5,-25.0,24.037842
2022-10-09,31.5,-25.0,29.4823
2022-10-10,31.5,-25.0,24.26828
2022-10-11,31.5,-25.0,25.86383
2022-10-12,31.5,-25.0,28.163544
2022-10-13,31.5,-25.0,28.249268
2022-10-14,31.5,-25.0,29.285248
2022-10-15,31.5,-25.0,23.731049
2022-10-16,31.5,-25.0,23.465057
2022-10-17,31.5,-25.0,24.070099
2022-10-18,31.5,-25.0,25.073639
2022-10-19,31.5,-25.0,23.929169
2022-10-20,31.5,-25.0,25.396057
2022-10-21,31.5,-25.0,24.893616
2022-10-22,31.5,-25.0,23.088043
2022-10-23,31.5,-25.0,23.383759
2022-10-24,31.5,-25.0,25.08731
2022-10-25,31.5,-25.0,26.327545
2022-10-26,31.5,-25.0,24.008514
2022-10-27,31.5,-25.0,22.701843
2022-10-28,31.5,-25.0,22.45514
2022-10-29,31.5,-25.0,21.652832
2022-10-30,31.5,-25.0,25.541626
2022-10-31,31.5,-25.0,21.333466
2022-11-01,31.5,-25.0,18.392761
2022-11-02,31.5,-25.0,19.532288
2022-11-03,31.5,-25.0,22.729431
2022-11-04,31.5,-25.0,24.068054
2022-11-05,31.5,-25.0,26.496979
2022-11-06,31.5,-25.0,23.56308
2022-11-07,31.5,-25.0,24.0802
2022-11-08,31.5,-25.0,24.833466
2022-11-09,31.5,-25.0,28.51184
2022-11-10,31.5,-25.0,22.939117
2022-11-11,31.5,-25.0,22.81311
2022-11-12,31.5,-25.0,24.99707
2022-11-13,31.5,-25.0,24.089447
2022-11-14,31.5,-25.0,22.125122
2022-11-15,31.5,-25.0,23.459625
2022-11-16,31.5,-25.0,27.575256
2022-11-17,31.5,-25.0,27.789062
2022-11-18,31.5,-25.0,29.495087
2022-11-19,31.5,-25.0,30.71753
2022-11-20,31.5,-25.0,21.993591
2022-11-21,31.5,-25.0,24.228882
2022-11-22,31.5,-25.0,27.263977
2022-11-23,31.5,-25.0,27.120087
2022-11-24,31.5,-25.0,28.912506
2022-11-25,31.5,-25.0,25.729645
2022-11-26,31.5,-25.0,23.223541
2022-11-27,31.5,-25.0,21.778381
2022-11-28,31.5,-25.0,22.833923
2022-11-29,31.5,-25.0,22.431
2022-11-30,31.5,-25.0,22.953125
2022-12-01,31.5,-25.0,24.07666
2022-12-02,31.5,-25.0,27.909088
2022-12-03,31.5,-25.0,26.903412
2022-12-04,31.5,-25.0,26.34433
2022-12-05,31.5,-25.0,28.662811
2022-12-06,31.5,-25.0,22.413422
2022-12-07,31.5,-25.0,25.726776
2022-12-08,31.5,-25.0,27.026154
2022-12-09,31.5,-25.0,25.5224
2022-12-10,31.5,-25.0,26.978088
2022-12-11,31.5,-25.0,26.586914
2022-12-12,31.5,-25.0,24.945648
2022-12-13,31.5,-25.0,24.80011
2022-12-14,31.5,-25.0,26.127258
2022-12-15,31.5,-25.0,27.476715
2022-12-16,31.5,-25.0,27.124634
2022-12-17,31.5,-25.0,27.82904
2022-12-18,31.5,-25.0,24.89914
2022-12-19,31.5,-25.0,24.47348
2022-12-20,31.5,-25.0,22.635803
2022-12-21,31.5,-25.0,20.897247
2022-12-22,31.5,-25.0,21.556152
2022-12-23,31.5,-25.0,23.374786
2022-12-24,31.5,-25.0,26.338226
2022-12-25,31.5,-25.0,27.569733
2022-12-26,31.5,-25.0,22.093872
2022-12-27,31.5,-25.0,23.981873
2022-12-28,31.5,-25.0,26.044434
2022-12-29,31.5,-25.0,27.500793
2022-12-30,31.5,-25.0,19.38559
2022-12-31,31.5,-25.0,18.544495
2023-01-01,31.5,-25.0,21.910126
2023-01-02,31.5,-25.0,23.660583
2023-01-03,31.5,-25.0,24.965057
2023-01-04,31.5,-25.0,27.693481
2023-01-05,31.5,-25.0,24.692871
2023-01-06,31.5,-25.0,20.558868
2023-01-07,31.5,-25.0,20.439362
2023-01-08,31.5,-25.0,21.805359
2023-01-09,31.5,-25.0,24.255524
2023-01-10,31.5,-25.0,26.61972
2023-01-11,31.5,-25.0,25.247498
2023-01-12,31.5,-25.0,24.37262
2023-01-13,31.5,-25.0,25.820648
2023-01-14,31.5,-25.0,26.74231
2023-01-15,31.5,-25.0,26.719757
2023-01-16,31.5,-25.0,26.440735
2023-01-17,31.5,-25.0,26.479126
2023-01-18,31.5,-25.0,27.67157
2023-01-19,31.5,-25.0,28.987823
2023-01-20,31.5,-25.0,27.947784
2023-01-21,31.5,-25.0,27.023254
2023-01-22,31.5,-25.0,27.137207
2023-01-23,31.5,-25.0,27.165222
2023-01-24,31.5,-25.0,27.695343
2023-01-25,31.5,-25.0,26.720093
2023-01-26,31.5,-25.0,25.646942
2023-01-27,31.5,-25.0,26.263428
2023-01-28,31.5,-25.0,28.463593
2023-01-29,31.5,-25.0,25.606628
2023-01-30,31.5,-25.0,24.204773
2023-01-31,31.5,-25.0,26.533722
2023-02-01,31.5,-25.0,24.322754
2023-02-02,31.5,-25.0,25.927887
2023-02-03,31.5,-25.0,24.126282
2023-02-04,31.5,-25.0,24.933502
2023-02-05,31.5,-25.0,26.114288
2023-02-06,31.5,-25.0,26.507385
2023-02-07,31.5,-25.0,25.60675
2023-02-08,31.5,-25.0,23.731659
2023-02-09,31.5,-25.0,24.25711
2023-02-10,31.5,-25.0,23.808228
2023-02-11,31.5,-25.0,24.246216
2023-02-12,31.5,-25.0,24.537659
2023-02-13,31.5,-25.0,25.423676
2023-02-14,31.5,-25.0,25.202545
2023-02-15,31.5,-25.0,26.286255
2023-02-16,31.5,-25.0,26.086395
2023-02-17,31.5,-25.0,24.967072
2023-02-18,31.5,-25.0,25.6474
2023-02-19,31.5,-25.0,25.802185
2023-02-20,31.5,-25.0,26.797821
2023-02-21,31.5,-25.0,26.533142
2023-02-22,31.5,-25.0,23.538818
2023-02-23,31.5,-25.0,23.528046
2023-02-24,31.5,-25.0,24.984741
2023-02-25,31.5,-25.0,25.091309
2023-02-26,31.5,-25.0,21.99347
2023-02-27,31.5,-25.0,23.15387
2023-02-28,31.5,-25.0,22.195465
2023-03-01,31.5,-25.0,24.553497
2023-03-02,31.5,-25.0,23.852814
2023-03-03,31.5,-25.0,23.653168
2023-03-04,31.5,-25.0,23.926147
2023-03-05,31.5,-25.0,25.024689
2023-03-06,31.5,-25.0,25.099823
2023-03-07,31.5,-25.0,24.673096
2023-03-08,31.5,-25.0,24.32254
2023-03-09,31.5,-25.0,25.826385
2023-03-10,31.5,-25.0,25.346222
2023-03-11,31.5,-25.0,25.836548
2023-03-12,31.5,-25.0,24.123535
2023-03-13,31.5,-25.0,23.735321
2023-03-14,31.5,-25.0,23.621338
2023-03-15,31.5,-25.0,23.86142
2023-03-16,31.5,-25.0,23.933624
2023-03-17,31.5,-25.0,24.085175
2023-03-18,31.5,-25.0,25.837524
2023-03-19,31.5,-25.0,27.125702
2023-03-20,31.5,-25.0,26.323029
2023-03-21,31.5,-25.0,25.025238
2023-03-22,31.5,-25.0,24.946747
2023-03-23,31.5,-25.0,24.68045
2023-03-24,31.5,-25.0,23.512695
2023-03-25,31.5,-25.0,24.332703
2023-03-26,31.5,-25.0,26.061768
2023-03-27,31.5,-25.0,20.604523
2023-03-28,31.5,-25.0,20.95459
2023-03-29,31.5,-25.0,25.005615
2023-03-30,31.5,-25.0,23.177643
2023-03-31,31.5,-25.0,21.602783
2023-04-01,31.5,-25.0,23.77539
2023-04-02,31.5,-25.0,24.112946
2023-04-03,31.5,-25.0,25.142914
2023-04-04,31.5,-25.0,21.901642
2023-04-05,31.5,-25.0,21.312378
2023-04-06,31.5,-25.0,21.660645
2023-04-07,31.5,-25.0,23.49292
2023-04-08,31.5,-25.0,25.480621
2023-04-09,31.5,-25.0,25.627228
2023-04-10,31.5,-25.0,24.65982
2023-04-11,31.5,-25.0,23.370605
2023-04-12,31.5,-25.0,22.041107
2023-04-13,31.5,-25.0,24.510773
2023-04-14,31.5,-25.0,26.480286
2023-04-15,31.5,-25.0,20.420166
2023-04-16,31.5,-25.0,20.051575
2023-04-17,31.5,-25.0,21.194855
2023-04-18,31.5,-25.0,21.91983
2023-04-19,31.5,-25.0,21.39148
2023-04-20,31.5,-25.0,22.351501
2023-04-21,31.5,-25.0,22.971283
2023-04-22,31.5,-25.0,23.587402
2023-04-23,31.5,-25.0,24.012268
2023-04-24,31.5,-25.0,23.133636
2023-04-25,31.5,-25.0,25.023682
2023-04-26,31.5,-25.0,23.343414
2023-04-27,31.5,-25.0,24.969543
2023-04-28,31.5,-25.0,25.484985
2023-04-29,31.5,-25.0,25.780273
2023-04-30,31.5,-25.0,23.288818
2023-05-01,31.5,-25.0,21.814392
2023-05-02,31.5,-25.0,23.958832
2023-05-03,31.5,-25.0,24.268188
2023-05-04,31.5,-25.0,24.180359
2023-05-05,31.5,-25.0,22.830902
2023-05-06,31.5,-25.0,23.967224
2023-05-07,31.5,-25.0,23.03415
2023-05-08,31.5,-25.0,19.950775
2023-05-09,31.5,-25.0,20.094421
2023-05-10,31.5,-25.0,20.02771
2023-05-11,31.5,-25.0,21.430511
2023-05-12,31.5,-25.0,21.746307
2023-05-13,31.5,-25.0,21.578491
2023-05-14,31.5,-25.0,21.582214
2023-05-15,31.5,-25.0,18.839386
2023-05-16,31.5,-25.0,17.364746
2023-05-17,31.5,-25.0,20.052765
2023-05-18,31.5,-25.0,21.334595
2023-05-19,31.5,-25.0,19.480835
2023-05-20,31.5,-25.0,17.81778
2023-05-21,31.5,-25.0,19.941772
2023-05-22,31.5,-25.0,18.761536
2023-05-23,31.5,-25.0,17.771942
2023-05-24,31.5,-25.0,19.993958
2023-05-25,31.5,-25.0,21.206238
2023-05-26,31.5,-25.0,22.60492
2023-05-27,31.5,-25.0,18.737183
2023-05-28,31.5,-25.0,19.189514
2023-05-29,31.5,-25.0,19.21521
2023-05-30,31.5,-25.0,20.004639
2023-05-31,31.5,-25.0,19.38272
2023-06-01,31.5,-25.0,20.588898
2023-06-02,31.5,-25.0,19.641083
2023-06-03,31.5,-25.0,21.937897
2023-06-04,31.5,-25.0,23.81134
2023-06-05,31.5,-25.0,21.933014
2023-06-06,31.5,-25.0,18.612518
2023-06-07,31.5,-25.0,21.305145
2023-06-08,31.5,-25.0,23.957916
2023-06-09,31.5,-25.0,21.57608
2023-06-10,31.5,-25.0,19.443634
2023-06-11,31.5,-25.0,18.746307
2023-06-12,31.5,-25.0,20.78363
2023-06-13,31.5,-25.0,19.361664
2023-06-14,31.5,-25.0,18.985535
2023-06-15,31.5,-25.0,19.52658
2023-06-16,31.5,-25.0,18.14093
2023-06-17,31.5,-25.0,18.92392
2023-06-18,31.5,-25.0,19.404999
2023-06-19,31.5,-25.0,19.809784
2023-06-20,31.5,-25.0,19.238434
2023-06-21,31.5,-25.0,19.44757
2023-06-22,31.5,-25.0,17.849304
2023-06-23,31.5,-25.0,17.11444
2023-06-24,31.5,-25.0,18.046783
2023-06-25,31.5,-25.0,18.166779
2023-06-26,31.5,-25.0,18.938324
2023-06-27,31.5,-25.0,17.46289
2023-06-28,31.5,-25.0,17.331085
2023-06-29,31.5,-25.0,19.397003
2023-06-30,31.5,-25.0,18.653046
2023-07-01,31.5,-25.0,16.972717
2023-07-02,31.5,-25.0,17.220734
2023-07-03,31.5,-25.0,17.231812
2023-07-04,31.5,-25.0,18.188171
2023-07-05,31.5,-25.0,18.37912
2023-07-06,31.5,-25.0,18.079468
2023-07-07,31.5,-25.0,19.636047
2023-07-08,31.5,-25.0,20.640778
2023-07-09,31.5,-25.0,18.889679
2023-07-10,31.5,-25.0,11.310028
2023-07-11,31.5,-25.0,14.304718
2023-07-12,31.5,-25.0,14.554504
2023-07-13,31.5,-25.0,14.34729
2023-07-14,31.5,-25.0,15.237183
2023-07-15,31.5,-25.0,15.690979
2023-07-16,31.5,-25.0,17.42337
2023-07-17,31.5,-25.0,17.329498
2023-07-18,31.5,-25.0,18.297607
2023-07-19,31.5,-25.0,20.128265
2023-07-20,31.5,-25.0,15.549316
2023-07-21,31.5,-25.0,13.069305
2023-07-22,31.5,-25.0,16.253815
2023-07-23,31.5,-25.0,18.804047
2023-07-24,31.5,-25.0,18.791626
2023-07-25,31.5,-25.0,16.449371
2023-07-26,31.5,-25.0,16.972809
2023-07-27,31.5,-25.0,18.058075
2023-07-28,31.5,-25.0,20.071533
2023-07-29,31.5,-25.0,21.425476
2023-07-30,31.5,-25.0,19.713928
2023-07-31,31.5,-25.0,16.915009
2023-08-01,31.5,-25.0,14.715149
2023-08-02,31.5,-25.0,16.019318
2023-08-03,31.5,-25.0,16.015686
2023-08-04,31.5,-25.0,16.435516
2023-08-05,31.5,-25.0,16.832489
2023-08-06,31.5,-25.0,17.701172
2023-08-07,31.5,-25.0,18.063232
2023-08-08,31.5,-25.0,17.773468
2023-08-09,31.5,-25.0,17.865204
2023-08-10,31.5,-25.0,18.639038
2023-08-11,31.5,-25.0,17.406677
2023-08-12,31.5,-25.0,17.739502
2023-08-13,31.5,-25.0,19.54364
2023-08-14,31.5,-25.0,22.404785
2023-08-15,31.5,-25.0,20.708862
2023-08-16,31.5,-25.0,17.323303
2023-08-17,31.5,-25.0,20.25476
2023-08-18,31.5,-25.0,23.663239
2023-08-19,31.5,-25.0,19.660156
2023-08-20,31.5,-25.0,22.586609
2023-08-21,31.5,-25.0,24.865723
2023-08-22,31.5,-25.0,24.327972
2023-08-23,31.5,-25.0,26.79123
2023-08-24,31.5,-25.0,19.215332
2023-08-25,31.5,-25.0,23.737488
2023-08-26,31.5,-25.0,23.542603
2023-08-27,31.5,-25.0,18.615326
2023-08-28,31.5,-25.0,16.978485
2023-08-29,31.5,-25.0,17.989777
2023-08-30,31.5,-25.0,18.344025
2023-08-31,31.5,-25.0,21.08667
2023-09-01,31.5,-25.0,24.161072
2023-09-02,31.5,-25.0,23.06009
2023-09-03,31.5,-25.0,23.874573
2023-09-04,31.5,-25.0,24.55719
2023-09-05,31.5,-25.0,24.386871
2023-09-06,31.5,-25.0,19.360504
2023-09-07,31.5,-25.0,20.799316
2023-09-08,31.5,-25.0,22.909668
2023-09-09,31.5,-25.0,24.240417
2023-09-10,31.5,-25.0,26.54712
2023-09-11,31.5,-25.0,27.141724
2023-09-12,31.5,-25.0,15.82547
2023-09-13,31.5,-25.0,16.532288
2023-09-14,31.5,-25.0,21.944519
2023-09-15,31.5,-25.0,26.914917
2023-09-16,31.5,-25.0,26.727478
2023-09-17,31.5,-25.0,19.735046
2023-09-18,31.5,-25.0,20.520416
2023-09-19,31.5,-25.0,24.328278
2023-09-20,31.5,-25.0,26.228424
2023-09-21,31.5,-25.0,24.429443
2023-09-22,31.5,-25.0,27.979858
2023-09-23,31.5,-25.0,26.647064
2023-09-24,31.5,-25.0,25.923676
2023-09-25,31.5,-25.0,25.01706
2023-09-26,31.5,-25.0,23.340881
2023-09-27,31.5,-25.0,15.832886
2023-09-28,31.5,-25.0,18.34076
2023-09-29,31.5,-25.0,23.208435
2023-09-30,31.5,-25.0,28.107605
2023-10-01,31.5,-25.0,19.645203
2023-10-02,31.5,-25.0,17.687073
2023-10-03,31.5,-25.0,19.962555
2023-10-04,31.5,-25.0,23.072113
2023-10-05,31.5,-25.0,24.009186
2023-10-06,31.5,-25.0,24.917847
2023-10-07,31.5,-25.0,27.448364
2023-10-08,31.5,-25.0,21.885925
2023-10-09,31.5,-25.0,19.618958
2023-10-10,31.5,-25.0,21.909332
2023-10-11,31.5,-25.0,24.904877
2023-10-12,31.5,-25.0,26.551727
2023-10-13,31.5,-25.0,25.03122
2023-10-14,31.5,-25.0,22.057404
2023-10-15,31.5,-25.0,20.869995
2023-10-16,31.5,-25.0,17.874542
2023-10-17,31.5,-25.0,19.705841
2023-10-18,31.5,-25.0,21.503235
2023-10-19,31.5,-25.0,22.288544
2023-10-20,31.5,-25.0,23.428436
2023-10-21,31.5,-25.0,27.303253
2023-10-22,31.5,-25.0,21.87564
2023-10-23,31.5,-25.0,21.54071
2023-10-24,31.5,-25.0,27.00058
2023-10-25,31.5,-25.0,21.847626
2023-10-26,31.5,-25.0,24.019226
2023-10-27,31.5,-25.0,27.168
2023-10-28,31.5,-25.0,25.852081
2023-10-29,31.5,-25.0,15.898193
2023-10-30,31.5,-25.0,13.633636
2023-10-31,31.5,-25.0,13.816406
2023-11-01,31.5,-25.0,17.960327
2023-11-02,31.5,-25.0,20.128204
2023-11-03,31.5,-25.0,20.4917
2023-11-04,31.5,-25.0,21.776306
2023-11-05,31.5,-25.0,24.855743
2023-11-06,31.5,-25.0,26.045227
2023-11-07,31.5,-25.0,24.435486
2023-11-08,31.5,-25.0,21.862915
2023-11-09,31.5,-25.0,21.863586
2023-11-10,31.5,-25.0,20.800537
2023-11-11,31.5,-25.0,25.92456
2023-11-12,31.5,-25.0,25.046295
2023-11-13,31.5,-25.0,19.513306
2023-11-14,31.5,-25.0,17.503448
2023-11-15,31.5,-25.0,19.000092
2023-11-16,31.5,-25.0,23.009613
2023-11-17,31.5,-25.0,25.346954
2023-11-18,31.5,-25.0,27.206757
2023-11-19,31.5,-25.0,27.42865
2023-11-20,31.5,-25.0,29.48996
2023-11-21,31.5,-25.0,30.15686
2023-11-22,31.5,-25.0,31.167572
2023-11-23,31.5,-25.0,31.73404
2023-11-24,31.5,-25.0,31.283966
2023-11-25,31.5,-25.0,29.266052
2023-11-26,31.5,-25.0,28.551056
2023-11-27,31.5,-25.0,28.87143
2023-11-28,31.5,-25.0,30.337769
2023-11-29,31.5,-25.0,24.815369
2023-11-30,31.5,-25.0,21.650757
2023-12-01,31.5,-25.0,23.259918
2023-12-02,31.5,-25.0,24.900482
2023-12-03,31.5,-25.0,24.667908
2023-12-04,31.5,-25.0,26.496674
2023-12-05,31.5,-25.0,26.121185
2023-12-06,31.5,-25.0,21.793182
2023-12-07,31.5,-25.0,22.841309
2023-12-08,31.5,-25.0,27.573914
2023-12-09,31.5,-25.0,28.35672
2023-12-10,31.5,-25.0,22.450134
2023-12-11,31.5,-25.0,20.903076
2023-12-12,31.5,-25.0,26.257904
2023-12-13,31.5,-25.0,22.449097
2023-12-14,31.5,-25.0,24.251251
2023-12-15,31.5,-25.0,25.108673
2023-12-16,31.5,-25.0,22.139038
2023-12-17,31.5,-25.0,24.272583
2023-12-18,31.5,-25.0,26.858765
2023-12-19,31.5,-25.0,24.554901
2023-12-20,31.5,-25.0,25.60846
2023-12-21,31.5,-25.0,27.342041
2023-12-22,31.5,-25.0,26.600983
2023-12-23,31.5,-25.0,27.734955
2023-12-24,31.5,-25.0,27.251404
2023-12-25,31.5,-25.0,25.013153
2023-12-26,31.5,-25.0,20.347687
2023-12-27,31.5,-25.0,17.60257
2023-12-28,31.5,-25.0,20.505371
2023-12-29,31.5,-25.0,22.209503
2023-12-30,31.5,-25.0,23.757751
2023-12-31,31.5,-25.0,25.130127
2024-01-01,31.5,-25.0,24.44812
2024-01-02,31.5,-25.0,23.50589
2024-01-03,31.5,-25.0,23.992157
2024-01-04,31.5,-25.0,22.991272
2024-01-05,31.5,-25.0,24.12796
2024-01-06,31.5,-25.0,25.208221
2024-01-07,31.5,-25.0,27.284698
2024-01-08,31.5,-25.0,25.959259
2024-01-09,31.5,-25.0,25.781158
2024-01-10,31.5,-25.0,26.556763
2024-01-11,31.5,-25.0,28.215485
2024-01-12,31.5,-25.0,27.349304
2024-01-13,31.5,-25.0,27.462372
2024-01-14,31.5,-25.0,26.41455
2024-01-15,31.5,-25.0,28.938538
2024-01-16,31.5,-25.0,26.800629
2024-01-17,31.5,-25.0,25.004791
2024-01-18,31.5,-25.0,21.169678
2024-01-19,31.5,-25.0,22.351898
2024-01-20,31.5,-25.0,22.87967
2024-01-21,31.5,-25.0,24.581848
2024-01-22,31.5,-25.0,25.66858
2024-01-23,31.5,-25.0,25.998932
2024-01-24,31.5,-25.0,24.170593
2024-01-25,31.5,-25.0,24.622955
2024-01-26,31.5,-25.0,25.35376
2024-01-27,31.5,-25.0,26.769836
2024-01-28,31.5,-25.0,27.049957
2024-01-29,31.5,-25.0,26.368927
2024-01-30,31.5,-25.0,26.516449
2024-01-31,31.5,-25.0,25.118652
2024-02-01,31.5,-25.0,24.779816
2024-02-02,31.5,-25.0,25.53598
2024-02-03,31.5,-25.0,26.124664
2024-02-04,31.5,-25.0,26.982605
2024-02-05,31.5,-25.0,27.603271
2024-02-06,31.5,-25.0,27.657196
2024-02-07,31.5,-25.0,30.33316
2024-02-08,31.5,-25.0,26.468536
2024-02-09,31.5,-25.0,26.914795
2024-02-10,31.5,-25.0,27.417206
2024-02-11,31.5,-25.0,24.12146
2024-02-12,31.5,-25.0,24.88379
2024-02-13,31.5,-25.0,25.527832
2024-02-14,31.5,-25.0,25.6651
2024-02-15,31.5,-25.0,28.393951
2024-02-16,31.5,-25.0,32.11148
2024-02-17,31.5,-25.0,30.295807
2024-02-18,31.5,-25.0,27.061584
2024-02-19,31.5,-25.0,26.501587
2024-02-20,31.5,-25.0,27.372314
2024-02-21,31.5,-25.0,27.761963
2024-02-22,31.5,-25.0,27.12088
2024-02-23,31.5,-25.0,28.165527
2024-02-24,31.5,-25.0,29.442627
2024-02-25,31.5,-25.0,31.812439
2024-02-26,31.5,-25.0,23.160126
2024-02-27,31.5,-25.0,21.981995
2024-02-28,31.5,-25.0,23.12497
2024-02-29,31.5,-25.0,23.185822
2024-03-01,31.5,-25.0,24.873322
2024-03-02,31.5,-25.0,26.554413
2024-03-03,31.5,-25.0,27.24939
2024-03-04,31.5,-25.0,28.906586
2024-03-05,31.5,-25.0,31.78778
2024-03-06,31.5,-25.0,29.484772
2024-03-07,31.5,-25.0,29.287811
2024-03-08,31.5,-25.0,30.56488
2024-03-09,31.5,-25.0,27.131744
2024-03-10,31.5,-25.0,28.288116
2024-03-11,31.5,-25.0,27.921265
2024-03-12,31.5,-25.0,24.021606
2024-03-13,31.5,-25.0,26.012451
2024-03-14,31.5,-25.0,22.628052
2024-03-15,31.5,-25.0,21.396027
2024-03-16,31.5,-25.0,27.201538
2024-03-17,31.5,-25.0,24.733612
2024-03-18,31.5,-25.0,23.449097
2024-03-19,31.5,-25.0,26.481903
2024-03-20,31.5,-25.0,25.898071
2024-03-21,31.5,-25.0,23.404388
2024-03-22,31.5,-25.0,23.372925
2024-03-23,31.5,-25.0,23.110565
2024-03-24,31.5,-25.0,21.823456
2024-03-25,31.5,-25.0,22.451141
2024-03-26,31.5,-25.0,22.775024
2024-03-27,31.5,-25.0,23.58847
2024-03-28,31.5,-25.0,23.356262
2024-03-29,31.5,-25.0,23.876038
2024-03-30,31.5,-25.0,22.786438
2024-03-31,31.5,-25.0,22.638397
2024-04-01,31.5,-25.0,22.823853
2024-04-02,31.5,-25.0,23.654358
2024-04-03,31.5,-25.0,23.766663
2024-04-04,31.5,-25.0,25.003174
2024-04-05,31.5,-25.0,25.565277
2024-04-06,31.5,-25.0,21.799957
2024-04-07,31.5,-25.0,20.30249
2024-04-08,31.5,-25.0,20.566772
2024-04-09,31.5,-25.0,22.559784
2024-04-10,31.5,-25.0,22.99701
2024-04-11,31.5,-25.0,20.038513
2024-04-12,31.5,-25.0,19.568787
2024-04-13,31.5,-25.0,19.97873
2024-04-14,31.5,-25.0,21.35434
2024-04-15,31.5,-25.0,21.587585
2024-04-16,31.5,-25.0,21.08957
2024-04-17,31.5,-25.0,20.674744
2024-04-18,31.5,-25.0,21.993042
2024-04-19,31.5,-25.0,23.399963
2024-04-20,31.5,-25.0,23.840973
2024-04-21,31.5,-25.0,24.669434
2024-04-22,31.5,-25.0,25.921143
2024-04-23,31.5,-25.0,24.715546
2024-04-24,31.5,-25.0,24.50061
2024-04-25,31.5,-25.0,24.317932
2024-04-26,31.5,-25.0,23.584198
2024-04-27,31.5,-25.0,21.317566
2024-04-28,31.5,-25.0,19.401398
2024-04-29,31.5,-25.0,20.077667
2024-04-30,31.5,-25.0,22.74942
2024-05-01,31.5,-25.0,24.726532
2024-05-02,31.5,-25.0,21.984375
2024-05-03,31.5,-25.0,22.13858
2024-05-04,31.5,-25.0,21.730743
2024-05-05,31.5,-25.0,22.29895
2024-05-06,31.5,-25.0,22.512878
2024-05-07,31.5,-25.0,21.718048
2024-05-08,31.5,-25.0,22.224152
2024-05-09,31.5,-25.0,21.64685
2024-05-10,31.5,-25.0,23.445496
2024-05-11,31.5,-25.0,23.717682
2024-05-12,31.5,-25.0,23.110565
2024-05-13,31.5,-25.0,21.298279
2024-05-14,31.5,-25.0,21.04126
2024-05-15,31.5,-25.0,20.925232
2024-05-16,31.5,-25.0,20.431976
2024-05-17,31.5,-25.0,22.245148
2024-05-18,31.5,-25.0,21.479889
2024-05-19,31.5,-25.0,21.81668
2024-05-20,31.5,-25.0,21.079498
2024-05-21,31.5,-25.0,20.674316
2024-05-22,31.5,-25.0,20.042816
2024-05-23,31.5,-25.0,20.567444
2024-05-24,31.5,-25.0,20.16214
2024-05-25,31.5,-25.0,20.529083
2024-05-26,31.5,-25.0,20.411469
2024-05-27,31.5,-25.0,19.106934
2024-05-28,31.5,-25.0,18.334656
2024-05-29,31.5,-25.0,18.602112
2024-05-30,31.5,-25.0,20.29007
2024-05-31,31.5,-25.0,21.110168
2024-06-01,31.5,-25.0,20.9375
2024-06-02,31.5,-25.0,21.46164
2024-06-03,31.5,-25.0,21.84082
2024-06-04,31.5,-25.0,16.803894
2024-06-05,31.5,-25.0,18.189667
2024-06-06,31.5,-25.0,21.598907
2024-06-07,31.5,-25.0,20.018097
2024-06-08,31.5,-25.0,16.874146
2024-06-09,31.5,-25.0,14.783295
2024-06-10,31.5,-25.0,14.909454
2024-06-11,31.5,-25.0,15.257233
2024-06-12,31.5,-25.0,16.028137
2024-06-13,31.5,-25.0,16.897827
2024-06-14,31.5,-25.0,17.326172
2024-06-15,31.5,-25.0,17.3526
2024-06-16,31.5,-25.0,16.440063
2024-06-17,31.5,-25.0,17.03305
2024-06-18,31.5,-25.0,19.174927
2024-06-19,31.5,-25.0,19.724487
2024-06-20,31.5,-25.0,19.711212
2024-06-21,31.5,-25.0,19.19751
2024-06-22,31.5,-25.0,19.765686
2024-06-23,31.5,-25.0,19.326904
2024-06-24,31.5,-25.0,18.433075
2024-06-25,31.5,-25.0,19.664215
2024-06-26,31.5,-25.0,18.331635
2024-06-27,31.5,-25.0,17.84436
2024-06-28,31.5,-25.0,17.324524
2024-06-29,31.5,-25.0,16.745361
2024-06-30,31.5,-25.0,18.65213
2024-07-01,31.5,-25.0,18.401245
2024-07-02,31.5,-25.0,17.147156
2024-07-03,31.5,-25.0,20.361938
2024-07-04,31.5,-25.0,22.129425
2024-07-05,31.5,-25.0,18.382843
2024-07-06,31.5,-25.0,15.467041
2024-07-07,31.5,-25.0,17.156525
2024-07-08,31.5,-25.0,19.050446
2024-07-09,31.5,-25.0,15.800201
2024-07-10,31.5,-25.0,18.44809
2024-07-11,31.5,-25.0,21.764893
2024-07-12,31.5,-25.0,20.656158
2024-07-13,31.5,-25.0,20.533966
2024-07-14,31.5,-25.0,21.767944
2024-07-15,31.5,-25.0,18.490143
2024-07-16,31.5,-25.0,19.260712
2024-07-17,31.5,-25.0,20.480072
2024-07-18,31.5,-25.0,21.629913
2024-07-19,31.5,-25.0,19.461456
2024-07-20,31.5,-25.0,18.406952
2024-07-21,31.5,-25.0,19.09253
2024-07-22,31.5,-25.0,20.616028
2024-07-23,31.5,-25.0,20.248077
2024-07-24,31.5,-25.0,23.275269
2024-07-25,31.5,-25.0,19.014313
2024-07-26,31.5,-25.0,19.086334
2024-07-27,31.5,-25.0,21.109161
2024-07-28,31.5,-25.0,22.41629
2024-07-29,31.5,-25.0,18.06488
2024-07-30,31.5,-25.0,19.13916
2024-07-31,31.5,-25.0,17.034088
2024-08-01,31.5,-25.0,16.826263
2024-08-02,31.5,-25.0,20.23819
2024-08-03,31.5,-25.0,19.641632
2024-08-04,31.5,-25.0,22.93985
2024-08-05,31.5,-25.0,18.433868
2024-08-06,31.5,-25.0,18.632599
2024-08-07,31.5,-25.0,18.964355
2024-08-08,31.5,-25.0,21.700745
2024-08-09,31.5,-25.0,25.899384
2024-08-10,31.5,-25.0,22.859924
2024-08-11,31.5,-25.0,25.405212
2024-08-12,31.5,-25.0,20.383759
2024-08-13,31.5,-25.0,21.30954
2024-08-14,31.5,-25.0,23.269135
2024-08-15,31.5,-25.0,20.107086
2024-08-16,31.5,-25.0,20.642029
2024-08-17,31.5,-25.0,22.018951
2024-08-18,31.5,-25.0,23.7742
2024-08-19,31.5,-25.0,20.062653
2024-08-20,31.5,-25.0,19.595886
2024-08-21,31.5,-25.0,21.48523
2024-08-22,31.5,-25.0,18.4198
2024-08-23,31.5,-25.0,17.215698
2024-08-24,31.5,-25.0,18.365692
2024-08-25,31.5,-25.0,21.207397
2024-08-26,31.5,-25.0,23.371246
2024-08-27,31.5,-25.0,27.648804
2024-08-28,31.5,-25.0,26.538513
2024-08-29,31.5,-25.0,17.025574
2024-08-30,31.5,-25.0,14.298279
2024-08-31,31.5,-25.0,16.152374
2024-09-01,31.5,-25.0,16.772003
2024-09-02,31.5,-25.0,18.30716
2024-09-03,31.5,-25.0,19.191803
2024-09-04,31.5,-25.0,20.76944
2024-09-05,31.5,-25.0,23.024994
2024-09-06,31.5,-25.0,21.970795
2024-09-07,31.5,-25.0,23.239899
2024-09-08,31.5,-25.0,27.108398
2024-09-09,31.5,-25.0,18.45462
2024-09-10,31.5,-25.0,15.63797
2024-09-11,31.5,-25.0,19.906708
2024-09-12,31.5,-25.0,25.557007
2024-09-13,31.5,-25.0,28.379639
2024-09-14,31.5,-25.0,27.160126
2024-09-15,31.5,-25.0,24.033508
2024-09-16,31.5,-25.0,22.91446
2024-09-17,31.5,-25.0,24.767792
2024-09-18,31.5,-25.0,27.322968
2024-09-19,31.5,-25.0,24.507782
2024-09-20,31.5,-25.0,15.229706
2024-09-21,31.5,-25.0,13.006958
2024-09-22,31.5,-25.0,16.462128
2024-09-23,31.5,-25.0,17.49414
2024-09-24,31.5,-25.0,20.794037
2024-09-25,31.5,-25.0,26.983276
2024-09-26,31.5,-25.0,29.243103
2024-09-27,31.5,-25.0,22.902832
2024-09-28,31.5,-25.0,24.69403
2024-09-29,31.5,-25.0,30.438507
2024-09-30,31.5,-25.0,18.127533
2024-10-01,31.5,-25.0,19.08432
2024-10-02,31.5,-25.0,18.122162
2024-10-03,31.5,-25.0,18.485962
2024-10-04,31.5,-25.0,19.414154
2024-10-05,31.5,-25.0,20.810608
2024-10-06,31.5,-25.0,23.289368
2024-10-07,31.5,-25.0,26.51767
2024-10-08,31.5,-25.0,23.695923
2024-10-09,31.5,-25.0,24.383911
2024-10-10,31.5,-25.0,26.404907
2024-10-11,31.5,-25.0,27.20697
2024-10-12,31.5,-25.0,27.571686
2024-10-13,31.5,-25.0,27.845184
2024-10-14,31.5,-25.0,27.702667
2024-10-15,31.5,-25.0,18.268585
2024-10-16,31.5,-25.0,18.787903
2024-10-17,31.5,-25.0,21.841248
2024-10-18,31.5,-25.0,25.867859
2024-10-19,31.5,-25.0,25.003815
2024-10-20,31.5,-25.0,23.372711
2024-10-21,31.5,-25.0,22.30014
2024-10-22,31.5,-25.0,24.641785
2024-10-23,31.5,-25.0,21.779663
2024-10-24,31.5,-25.0,22.96344
2024-10-25,31.5,-25.0,26.284363
2024-10-26,31.5,-25.0,21.283813
2024-10-27,31.5,-25.0,25.469543
2024-10-28,31.5,-25.0,26.721191
2024-10-29,31.5,-25.0,25.050812
2024-10-30,31.5,-25.0,23.183807
2024-10-31,31.5,-25.0,22.05893
2024-11-01,31.5,-25.0,23.891937
2024-11-02,31.5,-25.0,28.411377
2024-11-03,31.5,-25.0,31.529205
2024-11-04,31.5,-25.0,29.577423
2024-11-05,31.5,-25.0,24.31018
2024-11-06,31.5,-25.0,19.838348
2024-11-07,31.5,-25.0,18.998444
2024-11-08,31.5,-25.0,20.654572
2024-11-09,31.5,-25.0,26.592255
2024-11-10,31.5,-25.0,26.507019
2024-11-11,31.5,-25.0,21.63266
2024-11-12,31.5,-25.0,19.57016
2024-11-13,31.5,-25.0,23.147583
2024-11-14,31.5,-25.0,21.317627
2024-11-15,31.5,-25.0,21.812225
2024-11-16,31.5,-25.0,25.83377
2024-11-17,31.5,-25.0,26.661316
2024-11-18,31.5,-25.0,26.987213
2024-11-19,31.5,-25.0,26.729645
2024-11-20,31.5,-25.0,26.34082
2024-11-21,31.5,-25.0,26.325714
2024-11-22,31.5,-25.0,26.093964
2024-11-23,31.5,-25.0,28.453888
2024-11-24,31.5,-25.0,27.521881
2024-11-25,31.5,-25.0,29.165894
2024-11-26,31.5,-25.0,30.93576
2024-11-27,31.5,-25.0,30.262787
2024-11-28,31.5,-25.0,20.743134
2024-11-29,31.5,-25.0,22.246246
2024-11-30,31.5,-25.0,23.115295
2024-12-01,31.5,-25.0,25.239685
2024-12-02,31.5,-25.0,26.908936
2024-12-03,31.5,-25.0,29.392426
2024-12-04,31.5,-25.0,30.764496
2024-12-05,31.5,-25.0,31.716644
2024-12-06,31.5,-25.0,31.060852
2024-12-07,31.5,-25.0,25.338318
2024-12-08,31.5,-25.0,27.20633
2024-12-09,31.5,-25.0,28.963531
2024-12-10,31.5,-25.0,31.799377
2024-12-11,31.5,-25.0,32.39508
2024-12-12,31.5,-25.0,32.862427
2024-12-13,31.5,-25.0,34.4104
2024-12-14,31.5,-25.0,23.910492
2024-12-15,31.5,-25.0,27.474762
2024-12-16,31.5,-25.0,32.012238
2024-12-17,31.5,-25.0,29.756592
2024-12-18,31.5,-25.0,28.721436
2024-12-19,31.5,-25.0,25.487946
2024-12-20,31.5,-25.0,23.018463
2024-12-21,31.5,-25.0,25.484161
2024-12-22,31.5,-25.0,27.590332
2024-12-23,31.5,-25.0,28.346863
2024-12-24,31.5,-25.0,23.522491
2024-12-25,31.5,-25.0,22.948792
2024-12-26,31.5,-25.0,24.810669
2024-12-27,31.5,-25.0,26.6109
2024-12-28,31.5,-25.0,26.53061
2024-12-29,31.5,-25.0,25.899353
2024-12-30,31.5,-25.0,27.107697
2024-12-31,31.5,-25.0,29.098633
