time,longitude,latitude,tasmax
1959-01-01,31.5,-25.0,36.840332
1959-01-02,31.5,-25.0,33.613617
1959-01-03,31.5,-25.0,28.05133
1959-01-04,31.5,-25.0,34.28955
1959-01-05,31.5,-25.0,28.195923
1959-01-06,31.5,-25.0,31.104858
1959-01-07,31.5,-25.0,25.347534
1959-01-08,31.5,-25.0,27.55191
1959-01-09,31.5,-25.0,31.293182
1959-01-10,31.5,-25.0,32.754364
1959-01-11,31.5,-25.0,34.23407
1959-01-12,31.5,-25.0,36.90088
1959-01-13,31.5,-25.0,24.759003
1959-01-14,31.5,-25.0,26.443848
1959-01-15,31.5,-25.0,28.064758
1959-01-16,31.5,-25.0,33.32608
1959-01-17,31.5,-25.0,37.28424
1959-01-18,31.5,-25.0,30.438995
1959-01-19,31.5,-25.0,34.953735
1959-01-20,31.5,-25.0,38.155243
1959-01-21,31.5,-25.0,28.148834
1959-01-22,31.5,-25.0,32.92755
1959-01-23,31.5,-25.0,32.48535
1959-01-24,31.5,-25.0,33.137756
1959-01-25,31.5,-25.0,31.854797
1959-01-26,31.5,-25.0,35.431274
1959-01-27,31.5,-25.0,34.718323
1959-01-28,31.5,-25.0,36.80838
1959-01-29,31.5,-25.0,35.204254
1959-01-30,31.5,-25.0,26.290833
1959-01-31,31.5,-25.0,29.672241
1959-02-01,31.5,-25.0,32.480164
1959-02-02,31.5,-25.0,33.294434
1959-02-03,31.5,-25.0,36.3909
1959-02-04,31.5,-25.0,28.20163
1959-02-05,31.5,-25.0,36.504944
1959-02-06,31.5,-25.0,38.294098
1959-02-07,31.5,-25.0,37.405945
1959-02-08,31.5,-25.0,34.776825
1959-02-09,31.5,-25.0,29.170074
1959-02-10,31.5,-25.0,28.966095
1959-02-11,31.5,-25.0,30.162628
1959-02-12,31.5,-25.0,29.330688
1959-02-13,31.5,-25.0,30.890167
1959-02-14,31.5,-25.0,34.690094
1959-02-15,31.5,-25.0,34.083008
1959-02-16,31.5,-25.0,33.326538
1959-02-17,31.5,-25.0,34.943848
1959-02-18,31.5,-25.0,25.195068
1959-02-19,31.5,-25.0,30.957611
1959-02-20,31.5,-25.0,31.159973
1959-02-21,31.5,-25.0,23.903809
1959-02-22,31.5,-25.0,26.137848
1959-02-23,31.5,-25.0,27.816162
1959-02-24,31.5,-25.0,28.020142
1959-02-25,31.5,-25.0,30.069458
1959-02-26,31.5,-25.0,32.90738
1959-02-27,31.5,-25.0,32.6745
1959-02-28,31.5,-25.0,31.821686
1959-03-01,31.5,-25.0,31.951447
1959-03-02,31.5,-25.0,31.384369
1959-03-03,31.5,-25.0,32.641724
1959-03-04,31.5,-25.0,35.35559
1959-03-05,31.5,-25.0,35.826477
1959-03-06,31.5,-25.0,30.851044
1959-03-07,31.5,-25.0,31.630798
1959-03-08,31.5,-25.0,34.795288
1959-03-09,31.5,-25.0,38.136993
1959-03-10,31.5,-25.0,27.431702
1959-03-11,31.5,-25.0,28.147308
1959-03-12,31.5,-25.0,27.136353
1959-03-13,31.5,-25.0,26.949036
1959-03-14,31.5,-25.0,28.528748
1959-03-15,31.5,-25.0,29.460358
1959-03-16,31.5,-25.0,30.736298
1959-03-17,31.5,-25.0,34.476288
1959-03-18,31.5,-25.0,35.40625
1959-03-19,31.5,-25.0,26.614838
1959-03-20,31.5,-25.0,26.643555
1959-03-21,31.5,-25.0,28.277252
1959-03-22,31.5,-25.0,29.192017
1959-03-23,31.5,-25.0,29.08905
1959-03-24,31.5,-25.0,31.271301
1959-03-25,31.5,-25.0,32.59955
1959-03-26,31.5,-25.0,28.2182
1959-03-27,31.5,-25.0,31.148102
1959-03-28,31.5,-25.0,33.84845
1959-03-29,31.5,-25.0,35.683014
1959-03-30,31.5,-25.0,32.959015
1959-03-31,31.5,-25.0,30.253601
1959-04-01,31.5,-25.0,31.066803
1959-04-02,31.5,-25.0,31.082764
1959-04-03,31.5,-25.0,33.76242
1959-04-04,31.5,-25.0,35.26529
1959-04-05,31.5,-25.0,29.267975
1959-04-06,31.5,-25.0,29.588745
1959-04-07,31.5,-25.0,34.41107
1959-04-08,31.5,-25.0,34.0513
1959-04-09,31.5,-25.0,26.05133
1959-04-10,31.5,-25.0,31.040222
1959-04-11,31.5,-25.0,30.469574
1959-04-12,31.5,-25.0,32.81427
1959-04-13,31.5,-25.0,31.89801
1959-04-14,31.5,-25.0,28.530731
1959-04-15,31.5,-25.0,29.305206
1959-04-16,31.5,-25.0,29.064178
1959-04-17,31.5,-25.0,26.255127
1959-04-18,31.5,-25.0,25.863464
1959-04-19,31.5,-25.0,28.755798
1959-04-20,31.5,-25.0,31.25644
1959-04-21,31.5,-25.0,32.79831
1959-04-22,31.5,-25.0,24.699097
1959-04-23,31.5,-25.0,23.708405
1959-04-24,31.5,-25.0,31.742035
1959-04-25,31.5,-25.0,35.430115
1959-04-26,31.5,-25.0,26.848846
1959-04-27,31.5,-25.0,27.55066
1959-04-28,31.5,-25.0,30.099152
1959-04-29,31.5,-25.0,29.168732
1959-04-30,31.5,-25.0,30.63971
1959-05-01,31.5,-25.0,27.863892
1959-05-02,31.5,-25.0,27.298584
1959-05-03,31.5,-25.0,29.743225
1959-05-04,31.5,-25.0,25.523254
1959-05-05,31.5,-25.0,24.901245
1959-05-06,31.5,-25.0,28.67688
1959-05-07,31.5,-25.0,33.571808
1959-05-08,31.5,-25.0,35.296112
1959-05-09,31.5,-25.0,30.3974
1959-05-10,31.5,-25.0,28.692017
1959-05-11,31.5,-25.0,31.182007
1959-05-12,31.5,-25.0,20.569733
1959-05-13,31.5,-25.0,22.997345
1959-05-14,31.5,-25.0,29.497437
1959-05-15,31.5,-25.0,31.095062
1959-05-16,31.5,-25.0,22.337494
1959-05-17,31.5,-25.0,23.611786
1959-05-18,31.5,-25.0,22.840424
1959-05-19,31.5,-25.0,21.953674
1959-05-20,31.5,-25.0,27.387451
1959-05-21,31.5,-25.0,30.730164
1959-05-22,31.5,-25.0,31.556366
1959-05-23,31.5,-25.0,25.735016
1959-05-24,31.5,-25.0,28.296875
1959-05-25,31.5,-25.0,31.94397
1959-05-26,31.5,-25.0,24.579834
1959-05-27,31.5,-25.0,26.905334
1959-05-28,31.5,-25.0,28.769531
1959-05-29,31.5,-25.0,29.943634
1959-05-30,31.5,-25.0,31.792694
1959-05-31,31.5,-25.0,32.286163
1959-06-01,31.5,-25.0,28.749176
1959-06-02,31.5,-25.0,29.775482
1959-06-03,31.5,-25.0,30.194092
1959-06-04,31.5,-25.0,23.814453
1959-06-05,31.5,-25.0,28.102905
1959-06-06,31.5,-25.0,25.923004
1959-06-07,31.5,-25.0,26.137146
1959-06-08,31.5,-25.0,28.000671
1959-06-09,31.5,-25.0,23.363037
1959-06-10,31.5,-25.0,24.52246
1959-06-11,31.5,-25.0,24.815674
1959-06-12,31.5,-25.0,24.481934
1959-06-13,31.5,-25.0,26.173798
1959-06-14,31.5,-25.0,27.038025
1959-06-15,31.5,-25.0,27.26181
1959-06-16,31.5,-25.0,25.876709
1959-06-17,31.5,-25.0,23.59842
1959-06-18,31.5,-25.0,25.00473
1959-06-19,31.5,-25.0,24.744293
1959-06-20,31.5,-25.0,25.525604
1959-06-21,31.5,-25.0,27.178864
1959-06-22,31.5,-25.0,27.047699
1959-06-23,31.5,-25.0,27.803894
1959-06-24,31.5,-25.0,28.178162
1959-06-25,31.5,-25.0,22.238373
1959-06-26,31.5,-25.0,23.465302
1959-06-27,31.5,-25.0,24.94107
1959-06-28,31.5,-25.0,23.20871
1959-06-29,31.5,-25.0,22.664703
1959-06-30,31.5,-25.0,23.148926
1959-07-01,31.5,-25.0,24.400146
1959-07-02,31.5,-25.0,23.88556
1959-07-03,31.5,-25.0,25.692474
1959-07-04,31.5,-25.0,23.19751
1959-07-05,31.5,-25.0,16.488403
1959-07-06,31.5,-25.0,23.45868
1959-07-07,31.5,-25.0,27.937927
1959-07-08,31.5,-25.0,28.78778
1959-07-09,31.5,-25.0,20.41211
1959-07-10,31.5,-25.0,25.990692
1959-07-11,31.5,-25.0,29.130829
1959-07-12,31.5,-25.0,28.528534
1959-07-13,31.5,-25.0,29.070404
1959-07-14,31.5,-25.0,27.54419
1959-07-15,31.5,-25.0,25.93222
1959-07-16,31.5,-25.0,21.632294
1959-07-17,31.5,-25.0,25.975098
1959-07-18,31.5,-25.0,29.63565
1959-07-19,31.5,-25.0,25.669067
1959-07-20,31.5,-25.0,24.105835
1959-07-21,31.5,-25.0,24.91278
1959-07-22,31.5,-25.0,26.975037
1959-07-23,31.5,-25.0,27.20697
1959-07-24,31.5,-25.0,26.591034
1959-07-25,31.5,-25.0,24.44107
1959-07-26,31.5,-25.0,23.22284
1959-07-27,31.5,-25.0,23.135132
1959-07-28,31.5,-25.0,26.585175
1959-07-29,31.5,-25.0,25.865936
1959-07-30,31.5,-25.0,24.425476
1959-07-31,31.5,-25.0,25.778229
1959-08-01,31.5,-25.0,26.389984
1959-08-02,31.5,-25.0,27.73816
1959-08-03,31.5,-25.0,26.174744
1959-08-04,31.5,-25.0,25.622955
1959-08-05,31.5,-25.0,31.082123
1959-08-06,31.5,-25.0,28.859314
1959-08-07,31.5,-25.0,26.254974
1959-08-08,31.5,-25.0,20.744934
1959-08-09,31.5,-25.0,21.68808
1959-08-10,31.5,-25.0,22.909027
1959-08-11,31.5,-25.0,24.202423
1959-08-12,31.5,-25.0,26.652191
1959-08-13,31.5,-25.0,28.3956
1959-08-14,31.5,-25.0,28.614746
1959-08-15,31.5,-25.0,30.696655
1959-08-16,31.5,-25.0,29.293701
1959-08-17,31.5,-25.0,25.491882
1959-08-18,31.5,-25.0,23.345398
1959-08-19,31.5,-25.0,21.887665
1959-08-20,31.5,-25.0,20.694061
1959-08-21,31.5,-25.0,23.464752
1959-08-22,31.5,-25.0,26.949615
1959-08-23,31.5,-25.0,27.814453
1959-08-24,31.5,-25.0,28.861298
1959-08-25,31.5,-25.0,26.955475
1959-08-26,31.5,-25.0,26.83023
1959-08-27,31.5,-25.0,30.878632
1959-08-28,31.5,-25.0,31.352142
1959-08-29,31.5,-25.0,33.428192
1959-08-30,31.5,-25.0,36.37497
1959-08-31,31.5,-25.0,22.22226
1959-09-01,31.5,-25.0,22.279846
1959-09-02,31.5,-25.0,26.760895
1959-09-03,31.5,-25.0,26.597229
1959-09-04,31.5,-25.0,28.808533
1959-09-05,31.5,-25.0,26.250458
1959-09-06,31.5,-25.0,29.96582
1959-09-07,31.5,-25.0,31.736786
1959-09-08,31.5,-25.0,34.302673
1959-09-09,31.5,-25.0,35.60022
1959-09-10,31.5,-25.0,18.659973
1959-09-11,31.5,-25.0,25.537384
1959-09-12,31.5,-25.0,31.351044
1959-09-13,31.5,-25.0,18.985321
1959-09-14,31.5,-25.0,20.432892
1959-09-15,31.5,-25.0,24.71521
1959-09-16,31.5,-25.0,25.88028
1959-09-17,31.5,-25.0,24.691833
1959-09-18,31.5,-25.0,27.136902
1959-09-19,31.5,-25.0,30.628235
1959-09-20,31.5,-25.0,32.0719
1959-09-21,31.5,-25.0,35.021576
1959-09-22,31.5,-25.0,28.580597
1959-09-23,31.5,-25.0,25.498413
1959-09-24,31.5,-25.0,24.245667
1959-09-25,31.5,-25.0,30.49768
1959-09-26,31.5,-25.0,30.978912
1959-09-27,31.5,-25.0,26.071198
1959-09-28,31.5,-25.0,32.938873
1959-09-29,31.5,-25.0,34.78778
1959-09-30,31.5,-25.0,33.78247
1959-10-01,31.5,-25.0,35.637787
1959-10-02,31.5,-25.0,35.2417
1959-10-03,31.5,-25.0,36.22763
1959-10-04,31.5,-25.0,35.63266
1959-10-05,31.5,-25.0,19.897491
1959-10-06,31.5,-25.0,25.163116
1959-10-07,31.5,-25.0,25.691223
1959-10-08,31.5,-25.0,28.861572
1959-10-09,31.5,-25.0,26.14389
1959-10-10,31.5,-25.0,29.497711
1959-10-11,31.5,-25.0,34.099762
1959-10-12,31.5,-25.0,32.450287
1959-10-13,31.5,-25.0,32.721222
1959-10-14,31.5,-25.0,30.607086
1959-10-15,31.5,-25.0,28.539246
1959-10-16,31.5,-25.0,37.350708
1959-10-17,31.5,-25.0,38.27661
1959-10-18,31.5,-25.0,34.634735
1959-10-19,31.5,-25.0,19.95752
1959-10-20,31.5,-25.0,18.078278
1959-10-21,31.5,-25.0,22.321991
1959-10-22,31.5,-25.0,25.164856
1959-10-23,31.5,-25.0,26.435394
1959-10-24,31.5,-25.0,25.907288
1959-10-25,31.5,-25.0,26.020447
1959-10-26,31.5,-25.0,32.493164
1959-10-27,31.5,-25.0,33.46878
1959-10-28,31.5,-25.0,32.55661
1959-10-29,31.5,-25.0,34.821625
1959-10-30,31.5,-25.0,36.704285
1959-10-31,31.5,-25.0,41.11261
1959-11-01,31.5,-25.0,27.038147
1959-11-02,31.5,-25.0,18.00467
1959-11-03,31.5,-25.0,18.670746
1959-11-04,31.5,-25.0,28.7771
1959-11-05,31.5,-25.0,34.619537
1959-11-06,31.5,-25.0,32.875732
1959-11-07,31.5,-25.0,29.40915
1959-11-08,31.5,-25.0,30.629517
1959-11-09,31.5,-25.0,28.015411
1959-11-10,31.5,-25.0,35.330994
1959-11-11,31.5,-25.0,23.991333
1959-11-12,31.5,-25.0,30.631134
1959-11-13,31.5,-25.0,32.63748
1959-11-14,31.5,-25.0,35.202972
1959-11-15,31.5,-25.0,31.409027
1959-11-16,31.5,-25.0,28.328186
1959-11-17,31.5,-25.0,24.659058
1959-11-18,31.5,-25.0,31.246979
1959-11-19,31.5,-25.0,22.599213
1959-11-20,31.5,-25.0,23.038391
1959-11-21,31.5,-25.0,28.012177
1959-11-22,31.5,-25.0,28.268219
1959-11-23,31.5,-25.0,28.3833
1959-11-24,31.5,-25.0,31.806091
1959-11-25,31.5,-25.0,29.71222
1959-11-26,31.5,-25.0,31.290741
1959-11-27,31.5,-25.0,38.889954
1959-11-28,31.5,-25.0,29.851593
1959-11-29,31.5,-25.0,36.01654
1959-11-30,31.5,-25.0,37.142883
1959-12-01,31.5,-25.0,31.381989
1959-12-02,31.5,-25.0,33.718475
1959-12-03,31.5,-25.0,25.637878
1959-12-04,31.5,-25.0,31.041565
1959-12-05,31.5,-25.0,26.121124
1959-12-06,31.5,-25.0,24.61493
1959-12-07,31.5,-25.0,20.611176
1959-12-08,31.5,-25.0,29.784454
1959-12-09,31.5,-25.0,33.565704
1959-12-10,31.5,-25.0,30.573273
1959-12-11,31.5,-25.0,30.252777
1959-12-12,31.5,-25.0,31.460052
1959-12-13,31.5,-25.0,34.160217
1959-12-14,31.5,-25.0,36.377136
1959-12-15,31.5,-25.0,35.55017
1959-12-16,31.5,-25.0,38.374878
1959-12-17,31.5,-25.0,40.7446
1959-12-18,31.5,-25.0,23.902527
1959-12-19,31.5,-25.0,20.930023
1959-12-20,31.5,-25.0,24.988586
1959-12-21,31.5,-25.0,30.777527
1959-12-22,31.5,-25.0,34.52722
1959-12-23,31.5,-25.0,26.36026
1959-12-24,31.5,-25.0,27.359955
1959-12-25,31.5,-25.0,32.678925
1959-12-26,31.5,-25.0,34.070557
1959-12-27,31.5,-25.0,25.42865
1959-12-28,31.5,-25.0,29.198273
1959-12-29,31.5,-25.0,22.069214
1959-12-30,31.5,-25.0,27.494476
1959-12-31,31.5,-25.0,25.901917
1960-01-01,31.5,-25.0,29.131287
1960-01-02,31.5,-25.0,34.056152
1960-01-03,31.5,-25.0,38.03943
1960-01-04,31.5,-25.0,36.15793
1960-01-05,31.5,-25.0,25.531494
1960-01-06,31.5,-25.0,25.621246
1960-01-07,31.5,-25.0,26.03244
1960-01-08,31.5,-25.0,33.95822
1960-01-09,31.5,-25.0,33.26306
1960-01-10,31.5,-25.0,35.407288
1960-01-11,31.5,-25.0,36.94449
1960-01-12,31.5,-25.0,34.397186
1960-01-13,31.5,-25.0,32.21872
1960-01-14,31.5,-25.0,32.613617
1960-01-15,31.5,-25.0,34.327026
1960-01-16,31.5,-25.0,36.16446
1960-01-17,31.5,-25.0,35.59659
1960-01-18,31.5,-25.0,36.203613
1960-01-19,31.5,-25.0,34.49185
1960-01-20,31.5,-25.0,29.333649
1960-01-21,31.5,-25.0,33.11133
1960-01-22,31.5,-25.0,35.82666
1960-01-23,31.5,-25.0,33.062347
1960-01-24,31.5,-25.0,32.82901
1960-01-25,31.5,-25.0,34.222595
1960-01-26,31.5,-25.0,25.117004
1960-01-27,31.5,-25.0,25.138214
1960-01-28,31.5,-25.0,30.289886
1960-01-29,31.5,-25.0,32.64789
1960-01-30,31.5,-25.0,34.08551
1960-01-31,31.5,-25.0,33.55844
1960-02-01,31.5,-25.0,33.94867
1960-02-02,31.5,-25.0,34.126984
1960-02-03,31.5,-25.0,34.20804
1960-02-04,31.5,-25.0,22.646088
1960-02-05,31.5,-25.0,28.644287
1960-02-06,31.5,-25.0,32.017883
1960-02-07,31.5,-25.0,35.2099
1960-02-08,31.5,-25.0,29.97525
1960-02-09,31.5,-25.0,32.50421
1960-02-10,31.5,-25.0,32.805756
1960-02-11,31.5,-25.0,26.955078
1960-02-12,31.5,-25.0,26.457397
1960-02-13,31.5,-25.0,28.044464
1960-02-14,31.5,-25.0,29.130646
1960-02-15,31.5,-25.0,29.924988
1960-02-16,31.5,-25.0,33.627655
1960-02-17,31.5,-25.0,34.391235
1960-02-18,31.5,-25.0,36.654327
1960-02-19,31.5,-25.0,36.150146
1960-02-20,31.5,-25.0,28.978241
1960-02-21,31.5,-25.0,30.878235
1960-02-22,31.5,-25.0,26.18341
1960-02-23,31.5,-25.0,27.026398
1960-02-24,31.5,-25.0,29.223053
1960-02-25,31.5,-25.0,31.533173
1960-02-26,31.5,-25.0,32.030853
1960-02-27,31.5,-25.0,31.692047
1960-02-28,31.5,-25.0,28.401123
1960-02-29,31.5,-25.0,25.290161
1960-03-01,31.5,-25.0,25.717194
1960-03-02,31.5,-25.0,29.97876
1960-03-03,31.5,-25.0,30.481873
1960-03-04,31.5,-25.0,30.464111
1960-03-05,31.5,-25.0,33.71228
1960-03-06,31.5,-25.0,35.10968
1960-03-07,31.5,-25.0,34.471436
1960-03-08,31.5,-25.0,31.893524
1960-03-09,31.5,-25.0,30.076538
1960-03-10,31.5,-25.0,32.362885
1960-03-11,31.5,-25.0,34.617218
1960-03-12,31.5,-25.0,33.975403
1960-03-13,31.5,-25.0,33.417145
1960-03-14,31.5,-25.0,28.396454
1960-03-15,31.5,-25.0,31.436615
1960-03-16,31.5,-25.0,32.3042
1960-03-17,31.5,-25.0,31.758392
1960-03-18,31.5,-25.0,28.853363
1960-03-19,31.5,-25.0,25.90387
1960-03-20,31.5,-25.0,27.903961
1960-03-21,31.5,-25.0,30.039185
1960-03-22,31.5,-25.0,30.472992
1960-03-23,31.5,-25.0,30.005432
1960-03-24,31.5,-25.0,30.91214
1960-03-25,31.5,-25.0,33.042023
1960-03-26,31.5,-25.0,31.020569
1960-03-27,31.5,-25.0,33.60028
1960-03-28,31.5,-25.0,22.550812
1960-03-29,31.5,-25.0,26.965271
1960-03-30,31.5,-25.0,30.003632
1960-03-31,31.5,-25.0,32.17798
1960-04-01,31.5,-25.0,32.17209
1960-04-02,31.5,-25.0,24.894928
1960-04-03,31.5,-25.0,32.862976
1960-04-04,31.5,-25.0,25.602905
1960-04-05,31.5,-25.0,29.49582
1960-04-06,31.5,-25.0,31.85321
1960-04-07,31.5,-25.0,33.007233
1960-04-08,31.5,-25.0,32.93509
1960-04-09,31.5,-25.0,31.942413
1960-04-10,31.5,-25.0,24.386261
1960-04-11,31.5,-25.0,24.65387
1960-04-12,31.5,-25.0,25.318207
1960-04-13,31.5,-25.0,28.990936
1960-04-14,31.5,-25.0,31.502075
1960-04-15,31.5,-25.0,26.208374
1960-04-16,31.5,-25.0,26.832855
1960-04-17,31.5,-25.0,30.66504
1960-04-18,31.5,-25.0,28.022919
1960-04-19,31.5,-25.0,29.36676
1960-04-20,31.5,-25.0,29.047882
1960-04-21,31.5,-25.0,30.684021
1960-04-22,31.5,-25.0,27.696472
1960-04-23,31.5,-25.0,19.441803
1960-04-24,31.5,-25.0,17.120483
1960-04-25,31.5,-25.0,19.345001
1960-04-26,31.5,-25.0,19.546204
1960-04-27,31.5,-25.0,20.100433
1960-04-28,31.5,-25.0,22.94751
1960-04-29,31.5,-25.0,25.430176
1960-04-30,31.5,-25.0,22.199677
1960-05-01,31.5,-25.0,24.939453
1960-05-02,31.5,-25.0,21.77951
1960-05-03,31.5,-25.0,22.591675
1960-05-04,31.5,-25.0,24.706818
1960-05-05,31.5,-25.0,27.218231
1960-05-06,31.5,-25.0,27.649933
1960-05-07,31.5,-25.0,28.020538
1960-05-08,31.5,-25.0,25.92508
1960-05-09,31.5,-25.0,28.410828
1960-05-10,31.5,-25.0,28.253143
1960-05-11,31.5,-25.0,24.192322
1960-05-12,31.5,-25.0,23.49057
1960-05-13,31.5,-25.0,26.731323
1960-05-14,31.5,-25.0,27.852966
1960-05-15,31.5,-25.0,23.86905
1960-05-16,31.5,-25.0,23.356506
1960-05-17,31.5,-25.0,24.825104
1960-05-18,31.5,-25.0,25.89746
1960-05-19,31.5,-25.0,26.685974
1960-05-20,31.5,-25.0,24.974915
1960-05-21,31.5,-25.0,25.950684
1960-05-22,31.5,-25.0,26.376495
1960-05-23,31.5,-25.0,27.91211
1960-05-24,31.5,-25.0,27.60852
1960-05-25,31.5,-25.0,21.76767
1960-05-26,31.5,-25.0,22.871582
1960-05-27,31.5,-25.0,20.886505
1960-05-28,31.5,-25.0,22.331451
1960-05-29,31.5,-25.0,22.909027
1960-05-30,31.5,-25.0,24.40918
1960-05-31,31.5,-25.0,23.522095
1960-06-01,31.5,-25.0,22.989319
1960-06-02,31.5,-25.0,21.493622
1960-06-03,31.5,-25.0,21.354218
1960-06-04,31.5,-25.0,21.264587
1960-06-05,31.5,-25.0,23.63861
1960-06-06,31.5,-25.0,27.0383
1960-06-07,31.5,-25.0,24.598572
1960-06-08,31.5,-25.0,24.875397
1960-06-09,31.5,-25.0,26.152008
1960-06-10,31.5,-25.0,21.997498
1960-06-11,31.5,-25.0,23.309967
1960-06-12,31.5,-25.0,23.68042
1960-06-13,31.5,-25.0,24.911255
1960-06-14,31.5,-25.0,20.929993
1960-06-15,31.5,-25.0,20.356415
1960-06-16,31.5,-25.0,21.86206
1960-06-17,31.5,-25.0,23.925385
1960-06-18,31.5,-25.0,25.474884
1960-06-19,31.5,-25.0,25.883148
1960-06-20,31.5,-25.0,26.273499
1960-06-21,31.5,-25.0,26.85904
1960-06-22,31.5,-25.0,18.579895
1960-06-23,31.5,-25.0,24.040894
1960-06-24,31.5,-25.0,24.799713
1960-06-25,31.5,-25.0,23.08493
1960-06-26,31.5,-25.0,24.33368
1960-06-27,31.5,-25.0,21.50357
1960-06-28,31.5,-25.0,23.047089
1960-06-29,31.5,-25.0,25.496765
1960-06-30,31.5,-25.0,21.52948
1960-07-01,31.5,-25.0,22.355713
1960-07-02,31.5,-25.0,24.136963
1960-07-03,31.5,-25.0,21.589508
1960-07-04,31.5,-25.0,17.241089
1960-07-05,31.5,-25.0,20.809479
1960-07-06,31.5,-25.0,20.971405
1960-07-07,31.5,-25.0,23.242401
1960-07-08,31.5,-25.0,21.842285
1960-07-09,31.5,-25.0,22.2471
1960-07-10,31.5,-25.0,22.711182
1960-07-11,31.5,-25.0,21.808716
1960-07-12,31.5,-25.0,22.403107
1960-07-13,31.5,-25.0,22.22342
1960-07-14,31.5,-25.0,24.445038
1960-07-15,31.5,-25.0,24.98413
1960-07-16,31.5,-25.0,26.449402
1960-07-17,31.5,-25.0,23.187103
1960-07-18,31.5,-25.0,27.306458
1960-07-19,31.5,-25.0,15.254486
1960-07-20,31.5,-25.0,20.426392
1960-07-21,31.5,-25.0,21.366364
1960-07-22,31.5,-25.0,20.100555
1960-07-23,31.5,-25.0,20.546844
1960-07-24,31.5,-25.0,21.26764
1960-07-25,31.5,-25.0,22.541351
1960-07-26,31.5,-25.0,21.372284
1960-07-27,31.5,-25.0,22.950134
1960-07-28,31.5,-25.0,24.656311
1960-07-29,31.5,-25.0,24.911072
1960-07-30,31.5,-25.0,25.977448
1960-07-31,31.5,-25.0,28.487366
1960-08-01,31.5,-25.0,24.216217
1960-08-02,31.5,-25.0,27.427307
1960-08-03,31.5,-25.0,26.140045
1960-08-04,31.5,-25.0,21.52774
1960-08-05,31.5,-25.0,22.762177
1960-08-06,31.5,-25.0,25.10083
1960-08-07,31.5,-25.0,29.442657
1960-08-08,31.5,-25.0,24.071838
1960-08-09,31.5,-25.0,29.233185
1960-08-10,31.5,-25.0,30.538788
1960-08-11,31.5,-25.0,25.78415
1960-08-12,31.5,-25.0,26.026154
1960-08-13,31.5,-25.0,25.841095
1960-08-14,31.5,-25.0,28.798004
1960-08-15,31.5,-25.0,30.235779
1960-08-16,31.5,-25.0,20.543457
1960-08-17,31.5,-25.0,24.391113
1960-08-18,31.5,-25.0,19.459534
1960-08-19,31.5,-25.0,24.090118
1960-08-20,31.5,-25.0,28.214325
1960-08-21,31.5,-25.0,21.253204
1960-08-22,31.5,-25.0,21.399628
1960-08-23,31.5,-25.0,20.854614
1960-08-24,31.5,-25.0,22.06665
1960-08-25,31.5,-25.0,25.582825
1960-08-26,31.5,-25.0,29.151855
1960-08-27,31.5,-25.0,28.120789
1960-08-28,31.5,-25.0,21.741272
1960-08-29,31.5,-25.0,21.973114
1960-08-30,31.5,-25.0,30.066986
1960-08-31,31.5,-25.0,19.123993
1960-09-01,31.5,-25.0,25.909119
1960-09-02,31.5,-25.0,33.355194
1960-09-03,31.5,-25.0,29.948456
1960-09-04,31.5,-25.0,28.174469
1960-09-05,31.5,-25.0,27.932678
1960-09-06,31.5,-25.0,24.502716
1960-09-07,31.5,-25.0,31.331665
1960-09-08,31.5,-25.0,24.885742
1960-09-09,31.5,-25.0,24.852875
1960-09-10,31.5,-25.0,25.069519
1960-09-11,31.5,-25.0,28.727753
1960-09-12,31.5,-25.0,26.561066
1960-09-13,31.5,-25.0,27.99649
1960-09-14,31.5,-25.0,27.023438
1960-09-15,31.5,-25.0,23.614746
1960-09-16,31.5,-25.0,24.775482
1960-09-17,31.5,-25.0,25.971039
1960-09-18,31.5,-25.0,25.6557
1960-09-19,31.5,-25.0,28.60202
1960-09-20,31.5,-25.0,31.467072
1960-09-21,31.5,-25.0,35.309113
1960-09-22,31.5,-25.0,18.083862
1960-09-23,31.5,-25.0,17.963928
1960-09-24,31.5,-25.0,22.808044
1960-09-25,31.5,-25.0,29.203674
1960-09-26,31.5,-25.0,30.579132
1960-09-27,31.5,-25.0,32.074524
1960-09-28,31.5,-25.0,30.499817
1960-09-29,31.5,-25.0,27.269104
1960-09-30,31.5,-25.0,20.602661
1960-10-01,31.5,-25.0,22.254822
1960-10-02,31.5,-25.0,26.417755
1960-10-03,31.5,-25.0,31.422638
1960-10-04,31.5,-25.0,24.90625
1960-10-05,31.5,-25.0,24.405426
1960-10-06,31.5,-25.0,24.633392
1960-10-07,31.5,-25.0,34.603638
1960-10-08,31.5,-25.0,27.327911
1960-10-09,31.5,-25.0,34.468994
1960-10-10,31.5,-25.0,26.88092
1960-10-11,31.5,-25.0,25.802032
1960-10-12,31.5,-25.0,24.351562
1960-10-13,31.5,-25.0,30.94513
1960-10-14,31.5,-25.0,24.365906
1960-10-15,31.5,-25.0,19.199493
1960-10-16,31.5,-25.0,32.03656
1960-10-17,31.5,-25.0,33.43857
1960-10-18,31.5,-25.0,32.668457
1960-10-19,31.5,-25.0,33.912506
1960-10-20,31.5,-25.0,33.80478
1960-10-21,31.5,-25.0,34.61621
1960-10-22,31.5,-25.0,35.224762
1960-10-23,31.5,-25.0,38.140076
1960-10-24,31.5,-25.0,27.774902
1960-10-25,31.5,-25.0,35.09372
1960-10-26,31.5,-25.0,31.964783
1960-10-27,31.5,-25.0,32.8031
1960-10-28,31.5,-25.0,38.447052
1960-10-29,31.5,-25.0,26.579346
1960-10-30,31.5,-25.0,29.516205
1960-10-31,31.5,-25.0,34.2482
1960-11-01,31.5,-25.0,31.44983
1960-11-02,31.5,-25.0,33.53763
1960-11-03,31.5,-25.0,31.27243
1960-11-04,31.5,-25.0,32.512726
1960-11-05,31.5,-25.0,37.18097
1960-11-06,31.5,-25.0,33.135284
1960-11-07,31.5,-25.0,35.56366
1960-11-08,31.5,-25.0,30.763916
1960-11-09,31.5,-25.0,19.64856
1960-11-10,31.5,-25.0,22.000885
1960-11-11,31.5,-25.0,21.202515
1960-11-12,31.5,-25.0,25.134155
1960-11-13,31.5,-25.0,31.967834
1960-11-14,31.5,-25.0,24.74765
1960-11-15,31.5,-25.0,20.600555
1960-11-16,31.5,-25.0,22.683624
1960-11-17,31.5,-25.0,29.198883
1960-11-18,31.5,-25.0,22.789734
1960-11-19,31.5,-25.0,27.206116
1960-11-20,31.5,-25.0,29.899017
1960-11-21,31.5,-25.0,27.964874
1960-11-22,31.5,-25.0,22.910126
1960-11-23,31.5,-25.0,22.785004
1960-11-24,31.5,-25.0,26.216095
1960-11-25,31.5,-25.0,27.437408
1960-11-26,31.5,-25.0,31.367462
1960-11-27,31.5,-25.0,28.050415
1960-11-28,31.5,-25.0,25.789978
1960-11-29,31.5,-25.0,29.148193
1960-11-30,31.5,-25.0,31.524292
1960-12-01,31.5,-25.0,33.042633
1960-12-02,31.5,-25.0,30.07843
1960-12-03,31.5,-25.0,28.566162
1960-12-04,31.5,-25.0,31.923096
1960-12-05,31.5,-25.0,32.889465
1960-12-06,31.5,-25.0,32.82263
1960-12-07,31.5,-25.0,31.484741
1960-12-08,31.5,-25.0,26.969177
1960-12-09,31.5,-25.0,32.13983
1960-12-10,31.5,-25.0,33.386475
1960-12-11,31.5,-25.0,28.60202
1960-12-12,31.5,-25.0,27.519958
1960-12-13,31.5,-25.0,29.299469
1960-12-14,31.5,-25.0,29.437988
1960-12-15,31.5,-25.0,30.036041
1960-12-16,31.5,-25.0,32.92694
1960-12-17,31.5,-25.0,36.22357
1960-12-18,31.5,-25.0,31.839996
1960-12-19,31.5,-25.0,25.377075
1960-12-20,31.5,-25.0,28.523804
1960-12-21,31.5,-25.0,31.691711
1960-12-22,31.5,-25.0,34.002472
1960-12-23,31.5,-25.0,29.40866
1960-12-24,31.5,-25.0,28.240234
1960-12-25,31.5,-25.0,30.287018
1960-12-26,31.5,-25.0,23.509552
1960-12-27,31.5,-25.0,28.483063
1960-12-28,31.5,-25.0,26.419983
1960-12-29,31.5,-25.0,28.331512
1960-12-30,31.5,-25.0,22.450317
1960-12-31,31.5,-25.0,21.85553
1961-01-01,31.5,-25.0,20.575775
1961-01-02,31.5,-25.0,23.14624
1961-01-03,31.5,-25.0,27.591309
1961-01-04,31.5,-25.0,31.98236
1961-01-05,31.5,-25.0,31.525574
1961-01-06,31.5,-25.0,29.860535
1961-01-07,31.5,-25.0,31.980743
1961-01-08,31.5,-25.0,29.993134
1961-01-09,31.5,-25.0,33.43625
1961-01-10,31.5,-25.0,31.987274
1961-01-11,31.5,-25.0,33.80133
1961-01-12,31.5,-25.0,35.01779
1961-01-13,31.5,-25.0,33.410034
1961-01-14,31.5,-25.0,35.33542
1961-01-15,31.5,-25.0,33.005646
1961-01-16,31.5,-25.0,34.862274
1961-01-17,31.5,-25.0,33.73584
1961-01-18,31.5,-25.0,32.984375
1961-01-19,31.5,-25.0,33.44934
1961-01-20,31.5,-25.0,33.88974
1961-01-21,31.5,-25.0,27.537292
1961-01-22,31.5,-25.0,29.647675
1961-01-23,31.5,-25.0,27.92694
1961-01-24,31.5,-25.0,29.536346
1961-01-25,31.5,-25.0,29.886719
1961-01-26,31.5,-25.0,32.640533
1961-01-27,31.5,-25.0,36.83841
1961-01-28,31.5,-25.0,37.83383
1961-01-29,31.5,-25.0,38.5231
1961-01-30,31.5,-25.0,35.711975
1961-01-31,31.5,-25.0,33.953613
1961-02-01,31.5,-25.0,35.195374
1961-02-02,31.5,-25.0,37.23764
1961-02-03,31.5,-25.0,36.561157
1961-02-04,31.5,-25.0,37.82617
1961-02-05,31.5,-25.0,37.397583
1961-02-06,31.5,-25.0,34.178253
1961-02-07,31.5,-25.0,34.000732
1961-02-08,31.5,-25.0,34.109497
1961-02-09,31.5,-25.0,35.093018
1961-02-10,31.5,-25.0,35.204987
1961-02-11,31.5,-25.0,24.264374
1961-02-12,31.5,-25.0,21.923065
1961-02-13,31.5,-25.0,20.66922
1961-02-14,31.5,-25.0,24.673798
1961-02-15,31.5,-25.0,25.03363
1961-02-16,31.5,-25.0,24.65622
1961-02-17,31.5,-25.0,24.990448
1961-02-18,31.5,-25.0,27.071106
1961-02-19,31.5,-25.0,28.33133
1961-02-20,31.5,-25.0,28.835083
1961-02-21,31.5,-25.0,29.068573
1961-02-22,31.5,-25.0,30.156097
1961-02-23,31.5,-25.0,28.867065
1961-02-24,31.5,-25.0,30.56549
1961-02-25,31.5,-25.0,33.51776
1961-02-26,31.5,-25.0,29.783447
1961-02-27,31.5,-25.0,30.751007
1961-02-28,31.5,-25.0,33.59131
1961-03-01,31.5,-25.0,32.14261
1961-03-02,31.5,-25.0,33.041138
1961-03-03,31.5,-25.0,32.273132
1961-03-04,31.5,-25.0,30.793152
1961-03-05,31.5,-25.0,31.537384
1961-03-06,31.5,-25.0,32.35962
1961-03-07,31.5,-25.0,30.018372
1961-03-08,31.5,-25.0,28.828278
1961-03-09,31.5,-25.0,30.038727
1961-03-10,31.5,-25.0,31.861176
1961-03-11,31.5,-25.0,31.14917
1961-03-12,31.5,-25.0,30.526978
1961-03-13,31.5,-25.0,31.988342
1961-03-14,31.5,-25.0,33.503937
1961-03-15,31.5,-25.0,31.077942
1961-03-16,31.5,-25.0,28.207794
1961-03-17,31.5,-25.0,28.412933
1961-03-18,31.5,-25.0,28.136597
1961-03-19,31.5,-25.0,29.76239
1961-03-20,31.5,-25.0,29.670837
1961-03-21,31.5,-25.0,31.023712
1961-03-22,31.5,-25.0,31.796753
1961-03-23,31.5,-25.0,33.341187
1961-03-24,31.5,-25.0,36.27408
1961-03-25,31.5,-25.0,23.325287
1961-03-26,31.5,-25.0,25.893677
1961-03-27,31.5,-25.0,29.033417
1961-03-28,31.5,-25.0,30.813477
1961-03-29,31.5,-25.0,26.659973
1961-03-30,31.5,-25.0,29.567413
1961-03-31,31.5,-25.0,28.006042
1961-04-01,31.5,-25.0,26.55133
1961-04-02,31.5,-25.0,30.624603
1961-04-03,31.5,-25.0,29.472534
1961-04-04,31.5,-25.0,31.521027
1961-04-05,31.5,-25.0,33.790466
1961-04-06,31.5,-25.0,29.061737
1961-04-07,31.5,-25.0,26.573242
1961-04-08,31.5,-25.0,28.608948
1961-04-09,31.5,-25.0,22.932678
1961-04-10,31.5,-25.0,20.47705
1961-04-11,31.5,-25.0,27.896912
1961-04-12,31.5,-25.0,27.840332
1961-04-13,31.5,-25.0,28.110535
1961-04-14,31.5,-25.0,28.950378
1961-04-15,31.5,-25.0,31.502777
1961-04-16,31.5,-25.0,29.211456
1961-04-17,31.5,-25.0,31.334808
1961-04-18,31.5,-25.0,27.849457
1961-04-19,31.5,-25.0,22.421478
1961-04-20,31.5,-25.0,25.196625
1961-04-21,31.5,-25.0,28.231018
1961-04-22,31.5,-25.0,23.009369
1961-04-23,31.5,-25.0,26.708344
1961-04-24,31.5,-25.0,29.023407
1961-04-25,31.5,-25.0,26.093079
1961-04-26,31.5,-25.0,27.579224
1961-04-27,31.5,-25.0,27.347351
1961-04-28,31.5,-25.0,26.839813
1961-04-29,31.5,-25.0,28.400818
1961-04-30,31.5,-25.0,28.767792
1961-05-01,31.5,-25.0,27.901062
1961-05-02,31.5,-25.0,30.437683
1961-05-03,31.5,-25.0,31.222992
1961-05-04,31.5,-25.0,26.826721
1961-05-05,31.5,-25.0,24.271088
1961-05-06,31.5,-25.0,27.59494
1961-05-07,31.5,-25.0,30.074493
1961-05-08,31.5,-25.0,31.055664
1961-05-09,31.5,-25.0,29.582
1961-05-10,31.5,-25.0,29.31958
1961-05-11,31.5,-25.0,31.976013
1961-05-12,31.5,-25.0,33.37741
1961-05-13,31.5,-25.0,20.865509
1961-05-14,31.5,-25.0,25.065918
1961-05-15,31.5,-25.0,25.87027
1961-05-16,31.5,-25.0,28.401154
1961-05-17,31.5,-25.0,28.838501
1961-05-18,31.5,-25.0,28.520966
1961-05-19,31.5,-25.0,22.24408
1961-05-20,31.5,-25.0,20.869293
1961-05-21,31.5,-25.0,26.68222
1961-05-22,31.5,-25.0,32.147125
1961-05-23,31.5,-25.0,29.697998
1961-05-24,31.5,-25.0,23.991577
1961-05-25,31.5,-25.0,23.523804
1961-05-26,31.5,-25.0,27.785065
1961-05-27,31.5,-25.0,30.34259
1961-05-28,31.5,-25.0,29.977509
1961-05-29,31.5,-25.0,28.435394
1961-05-30,31.5,-25.0,27.21463
1961-05-31,31.5,-25.0,25.634491
1961-06-01,31.5,-25.0,27.681396
1961-06-02,31.5,-25.0,24.583801
1961-06-03,31.5,-25.0,25.796234
1961-06-04,31.5,-25.0,27.498962
1961-06-05,31.5,-25.0,25.993866
1961-06-06,31.5,-25.0,21.343689
1961-06-07,31.5,-25.0,20.822998
1961-06-08,31.5,-25.0,20.555054
1961-06-09,31.5,-25.0,23.359985
1961-06-10,31.5,-25.0,25.22232
1961-06-11,31.5,-25.0,24.384277
1961-06-12,31.5,-25.0,23.493011
1961-06-13,31.5,-25.0,24.648407
1961-06-14,31.5,-25.0,21.972717
1961-06-15,31.5,-25.0,25.220428
1961-06-16,31.5,-25.0,24.389984
1961-06-17,31.5,-25.0,25.857056
1961-06-18,31.5,-25.0,23.515808
1961-06-19,31.5,-25.0,21.505219
1961-06-20,31.5,-25.0,23.73056
1961-06-21,31.5,-25.0,21.577454
1961-06-22,31.5,-25.0,25.114014
1961-06-23,31.5,-25.0,27.68518
1961-06-24,31.5,-25.0,22.227356
1961-06-25,31.5,-25.0,21.788391
1961-06-26,31.5,-25.0,22.662537
1961-06-27,31.5,-25.0,22.79367
1961-06-28,31.5,-25.0,23.462585
1961-06-29,31.5,-25.0,25.437073
1961-06-30,31.5,-25.0,23.27826
1961-07-01,31.5,-25.0,22.653198
1961-07-02,31.5,-25.0,26.548706
1961-07-03,31.5,-25.0,23.598236
1961-07-04,31.5,-25.0,27.776245
1961-07-05,31.5,-25.0,22.092133
1961-07-06,31.5,-25.0,20.61789
1961-07-07,31.5,-25.0,21.246582
1961-07-08,31.5,-25.0,21.966797
1961-07-09,31.5,-25.0,22.655182
1961-07-10,31.5,-25.0,24.304504
1961-07-11,31.5,-25.0,23.840942
1961-07-12,31.5,-25.0,23.369415
1961-07-13,31.5,-25.0,24.298553
1961-07-14,31.5,-25.0,27.302734
1961-07-15,31.5,-25.0,24.55719
1961-07-16,31.5,-25.0,19.515686
1961-07-17,31.5,-25.0,19.863861
1961-07-18,31.5,-25.0,24.807861
1961-07-19,31.5,-25.0,22.625336
1961-07-20,31.5,-25.0,22.581573
1961-07-21,31.5,-25.0,23.594238
1961-07-22,31.5,-25.0,22.774567
1961-07-23,31.5,-25.0,23.761353
1961-07-24,31.5,-25.0,27.34253
1961-07-25,31.5,-25.0,28.160248
1961-07-26,31.5,-25.0,28.478577
1961-07-27,31.5,-25.0,24.885468
1961-07-28,31.5,-25.0,25.241577
1961-07-29,31.5,-25.0,24.614868
1961-07-30,31.5,-25.0,23.928497
1961-07-31,31.5,-25.0,24.463684
1961-08-01,31.5,-25.0,26.614044
1961-08-02,31.5,-25.0,30.21695
1961-08-03,31.5,-25.0,22.102417
1961-08-04,31.5,-25.0,25.74121
1961-08-05,31.5,-25.0,26.185577
1961-08-06,31.5,-25.0,18.198578
1961-08-07,31.5,-25.0,16.743835
1961-08-08,31.5,-25.0,19.621399
1961-08-09,31.5,-25.0,20.599854
1961-08-10,31.5,-25.0,21.917084
1961-08-11,31.5,-25.0,23.043
1961-08-12,31.5,-25.0,23.43158
1961-08-13,31.5,-25.0,21.494598
1961-08-14,31.5,-25.0,22.311646
1961-08-15,31.5,-25.0,23.969635
1961-08-16,31.5,-25.0,26.462585
1961-08-17,31.5,-25.0,30.208984
1961-08-18,31.5,-25.0,20.017975
1961-08-19,31.5,-25.0,20.743347
1961-08-20,31.5,-25.0,20.565979
1961-08-21,31.5,-25.0,21.388977
1961-08-22,31.5,-25.0,22.283752
1961-08-23,31.5,-25.0,23.36383
1961-08-24,31.5,-25.0,21.578308
1961-08-25,31.5,-25.0,23.497345
1961-08-26,31.5,-25.0,29.595215
1961-08-27,31.5,-25.0,25.308777
1961-08-28,31.5,-25.0,27.793762
1961-08-29,31.5,-25.0,31.40863
1961-08-30,31.5,-25.0,33.463196
1961-08-31,31.5,-25.0,33.658478
1961-09-01,31.5,-25.0,35.045868
1961-09-02,31.5,-25.0,23.322235
1961-09-03,31.5,-25.0,19.266205
1961-09-04,31.5,-25.0,23.677856
1961-09-05,31.5,-25.0,23.770447
1961-09-06,31.5,-25.0,23.851929
1961-09-07,31.5,-25.0,31.64917
1961-09-08,31.5,-25.0,34.477295
1961-09-09,31.5,-25.0,28.261719
1961-09-10,31.5,-25.0,30.741669
1961-09-11,31.5,-25.0,34.612488
1961-09-12,31.5,-25.0,32.243683
1961-09-13,31.5,-25.0,32.865997
1961-09-14,31.5,-25.0,29.552612
1961-09-15,31.5,-25.0,35.65152
1961-09-16,31.5,-25.0,32.58078
1961-09-17,31.5,-25.0,21.840576
1961-09-18,31.5,-25.0,24.064941
1961-09-19,31.5,-25.0,32.128876
1961-09-20,31.5,-25.0,35.314423
1961-09-21,31.5,-25.0,37.168365
1961-09-22,31.5,-25.0,25.818848
1961-09-23,31.5,-25.0,29.906372
1961-09-24,31.5,-25.0,33.05304
1961-09-25,31.5,-25.0,24.722412
1961-09-26,31.5,-25.0,27.552399
1961-09-27,31.5,-25.0,31.56955
1961-09-28,31.5,-25.0,24.777985
1961-09-29,31.5,-25.0,18.743927
1961-09-30,31.5,-25.0,22.14804
1961-10-01,31.5,-25.0,31.213684
1961-10-02,31.5,-25.0,29.504425
1961-10-03,31.5,-25.0,34.17035
1961-10-04,31.5,-25.0,25.264557
1961-10-05,31.5,-25.0,19.833496
1961-10-06,31.5,-25.0,24.876007
1961-10-07,31.5,-25.0,28.809143
1961-10-08,31.5,-25.0,34.894592
1961-10-09,31.5,-25.0,27.362335
1961-10-10,31.5,-25.0,27.110138
1961-10-11,31.5,-25.0,31.66867
1961-10-12,31.5,-25.0,37.24118
1961-10-13,31.5,-25.0,35.65805
1961-10-14,31.5,-25.0,31.675507
1961-10-15,31.5,-25.0,31.782867
1961-10-16,31.5,-25.0,20.80487
1961-10-17,31.5,-25.0,26.931213
1961-10-18,31.5,-25.0,28.558655
1961-10-19,31.5,-25.0,32.759308
1961-10-20,31.5,-25.0,35.808014
1961-10-21,31.5,-25.0,37.975647
1961-10-22,31.5,-25.0,24.494293
1961-10-23,31.5,-25.0,33.606262
1961-10-24,31.5,-25.0,35.779022
1961-10-25,31.5,-25.0,23.424103
1961-10-26,31.5,-25.0,31.91919
1961-10-27,31.5,-25.0,39.21115
1961-10-28,31.5,-25.0,33.23477
1961-10-29,31.5,-25.0,20.871307
1961-10-30,31.5,-25.0,17.05066
1961-10-31,31.5,-25.0,20.539001
1961-11-01,31.5,-25.0,26.359497
1961-11-02,31.5,-25.0,33.582764
1961-11-03,31.5,-25.0,31.430817
1961-11-04,31.5,-25.0,35.683563
1961-11-05,31.5,-25.0,27.770355
1961-11-06,31.5,-25.0,24.868011
1961-11-07,31.5,-25.0,28.917633
1961-11-08,31.5,-25.0,32.092834
1961-11-09,31.5,-25.0,29.472687
1961-11-10,31.5,-25.0,26.499023
1961-11-11,31.5,-25.0,24.809082
1961-11-12,31.5,-25.0,23.505219
1961-11-13,31.5,-25.0,30.030823
1961-11-14,31.5,-25.0,31.351746
1961-11-15,31.5,-25.0,19.854034
1961-11-16,31.5,-25.0,30.91919
1961-11-17,31.5,-25.0,32.694397
1961-11-18,31.5,-25.0,32.167267
1961-11-19,31.5,-25.0,35.79364
1961-11-20,31.5,-25.0,36.897522
1961-11-21,31.5,-25.0,36.928528
1961-11-22,31.5,-25.0,37.53784
1961-11-23,31.5,-25.0,33.257202
1961-11-24,31.5,-25.0,27.930023
1961-11-25,31.5,-25.0,27.857178
1961-11-26,31.5,-25.0,25.610657
1961-11-27,31.5,-25.0,27.551727
1961-11-28,31.5,-25.0,35.188995
1961-11-29,31.5,-25.0,29.982758
1961-11-30,31.5,-25.0,32.54712
1961-12-01,31.5,-25.0,27.001923
1961-12-02,31.5,-25.0,18.441467
1961-12-03,31.5,-25.0,20.742676
1961-12-04,31.5,-25.0,30.836212
1961-12-05,31.5,-25.0,28.012573
1961-12-06,31.5,-25.0,25.450928
1961-12-07,31.5,-25.0,27.80426
1961-12-08,31.5,-25.0,30.736938
1961-12-09,31.5,-25.0,33.622437
1961-12-10,31.5,-25.0,30.963165
1961-12-11,31.5,-25.0,32.10562
1961-12-12,31.5,-25.0,35.48587
1961-12-13,31.5,-25.0,34.958588
1961-12-14,31.5,-25.0,21.881897
1961-12-15,31.5,-25.0,20.011963
1961-12-16,31.5,-25.0,26.061249
1961-12-17,31.5,-25.0,32.626434
1961-12-18,31.5,-25.0,35.3573
1961-12-19,31.5,-25.0,33.845398
1961-12-20,31.5,-25.0,37.214233
1961-12-21,31.5,-25.0,36.610443
1961-12-22,31.5,-25.0,35.27594
1961-12-23,31.5,-25.0,27.636627
1961-12-24,31.5,-25.0,34.42801
1961-12-25,31.5,-25.0,35.3573
1961-12-26,31.5,-25.0,18.963867
1961-12-27,31.5,-25.0,23.755127
1961-12-28,31.5,-25.0,26.788696
1961-12-29,31.5,-25.0,28.544739
1961-12-30,31.5,-25.0,27.599182
1961-12-31,31.5,-25.0,31.316315
1962-01-01,31.5,-25.0,34.59903
1962-01-02,31.5,-25.0,26.9003
1962-01-03,31.5,-25.0,31.485596
1962-01-04,31.5,-25.0,36.5007
1962-01-05,31.5,-25.0,32.11841
1962-01-06,31.5,-25.0,35.450745
1962-01-07,31.5,-25.0,36.147003
1962-01-08,31.5,-25.0,38.554657
1962-01-09,31.5,-25.0,35.480865
1962-01-10,31.5,-25.0,24.54184
1962-01-11,31.5,-25.0,24.865387
1962-01-12,31.5,-25.0,28.841614
1962-01-13,31.5,-25.0,32.05658
1962-01-14,31.5,-25.0,32.77664
1962-01-15,31.5,-25.0,31.9487
1962-01-16,31.5,-25.0,27.320587
1962-01-17,31.5,-25.0,28.202454
1962-01-18,31.5,-25.0,29.878906
1962-01-19,31.5,-25.0,28.42926
1962-01-20,31.5,-25.0,30.878113
1962-01-21,31.5,-25.0,23.986694
1962-01-22,31.5,-25.0,28.76233
1962-01-23,31.5,-25.0,29.767883
1962-01-24,31.5,-25.0,26.326141
1962-01-25,31.5,-25.0,27.463348
1962-01-26,31.5,-25.0,34.95746
1962-01-27,31.5,-25.0,25.756744
1962-01-28,31.5,-25.0,23.43634
1962-01-29,31.5,-25.0,28.407043
1962-01-30,31.5,-25.0,29.028778
1962-01-31,31.5,-25.0,26.192902
1962-02-01,31.5,-25.0,28.25653
1962-02-02,31.5,-25.0,30.95227
1962-02-03,31.5,-25.0,35.69635
1962-02-04,31.5,-25.0,35.611755
1962-02-05,31.5,-25.0,30.763123
1962-02-06,31.5,-25.0,35.070465
1962-02-07,31.5,-25.0,32.35321
1962-02-08,31.5,-25.0,37.32025
1962-02-09,31.5,-25.0,38.58893
1962-02-10,31.5,-25.0,36.22995
1962-02-11,31.5,-25.0,35.333435
1962-02-12,31.5,-25.0,38.790375
1962-02-13,31.5,-25.0,34.76291
1962-02-14,31.5,-25.0,35.99466
1962-02-15,31.5,-25.0,29.469849
1962-02-16,31.5,-25.0,27.443054
1962-02-17,31.5,-25.0,32.665375
1962-02-18,31.5,-25.0,35.46875
1962-02-19,31.5,-25.0,29.482147
1962-02-20,31.5,-25.0,31.218323
1962-02-21,31.5,-25.0,30.915375
1962-02-22,31.5,-25.0,33.25589
1962-02-23,31.5,-25.0,32.19635
1962-02-24,31.5,-25.0,32.602325
1962-02-25,31.5,-25.0,34.289276
1962-02-26,31.5,-25.0,28.727112
1962-02-27,31.5,-25.0,35.862427
1962-02-28,31.5,-25.0,27.687561
1962-03-01,31.5,-25.0,27.948975
1962-03-02,31.5,-25.0,32.32083
1962-03-03,31.5,-25.0,29.731293
1962-03-04,31.5,-25.0,32.799072
1962-03-05,31.5,-25.0,34.617004
1962-03-06,31.5,-25.0,35.846497
1962-03-07,31.5,-25.0,34.93582
1962-03-08,31.5,-25.0,32.441254
1962-03-09,31.5,-25.0,29.990753
1962-03-10,31.5,-25.0,36.01947
1962-03-11,31.5,-25.0,34.891724
1962-03-12,31.5,-25.0,21.148651
1962-03-13,31.5,-25.0,21.350464
1962-03-14,31.5,-25.0,29.98059
1962-03-15,31.5,-25.0,29.251373
1962-03-16,31.5,-25.0,30.435059
1962-03-17,31.5,-25.0,27.02472
1962-03-18,31.5,-25.0,27.83194
1962-03-19,31.5,-25.0,29.085175
1962-03-20,31.5,-25.0,29.403992
1962-03-21,31.5,-25.0,30.492737
1962-03-22,31.5,-25.0,32.302185
1962-03-23,31.5,-25.0,37.545715
1962-03-24,31.5,-25.0,27.14853
1962-03-25,31.5,-25.0,35.72946
1962-03-26,31.5,-25.0,25.601929
1962-03-27,31.5,-25.0,27.72342
1962-03-28,31.5,-25.0,28.532349
1962-03-29,31.5,-25.0,30.11795
1962-03-30,31.5,-25.0,32.4209
1962-03-31,31.5,-25.0,31.671326
1962-04-01,31.5,-25.0,28.694702
1962-04-02,31.5,-25.0,29.69516
1962-04-03,31.5,-25.0,28.642242
1962-04-04,31.5,-25.0,27.122803
1962-04-05,31.5,-25.0,26.081146
1962-04-06,31.5,-25.0,25.208069
1962-04-07,31.5,-25.0,25.833832
1962-04-08,31.5,-25.0,27.709229
1962-04-09,31.5,-25.0,29.672668
1962-04-10,31.5,-25.0,28.762146
1962-04-11,31.5,-25.0,31.465607
1962-04-12,31.5,-25.0,35.79904
1962-04-13,31.5,-25.0,31.051575
1962-04-14,31.5,-25.0,36.928772
1962-04-15,31.5,-25.0,26.120483
1962-04-16,31.5,-25.0,26.298462
1962-04-17,31.5,-25.0,26.71814
1962-04-18,31.5,-25.0,26.142975
1962-04-19,31.5,-25.0,30.944794
1962-04-20,31.5,-25.0,29.56961
1962-04-21,31.5,-25.0,29.768219
1962-04-22,31.5,-25.0,32.668396
1962-04-23,31.5,-25.0,36.627136
1962-04-24,31.5,-25.0,23.027313
1962-04-25,31.5,-25.0,18.354767
1962-04-26,31.5,-25.0,23.216553
1962-04-27,31.5,-25.0,26.856781
1962-04-28,31.5,-25.0,24.050262
1962-04-29,31.5,-25.0,24.531738
1962-04-30,31.5,-25.0,25.775757
1962-05-01,31.5,-25.0,26.374939
1962-05-02,31.5,-25.0,27.44284
1962-05-03,31.5,-25.0,21.29895
1962-05-04,31.5,-25.0,23.124695
1962-05-05,31.5,-25.0,25.06668
1962-05-06,31.5,-25.0,22.58783
1962-05-07,31.5,-25.0,23.097534
1962-05-08,31.5,-25.0,24.700378
1962-05-09,31.5,-25.0,25.78769
1962-05-10,31.5,-25.0,25.057007
1962-05-11,31.5,-25.0,25.374847
1962-05-12,31.5,-25.0,28.700714
1962-05-13,31.5,-25.0,24.820557
1962-05-14,31.5,-25.0,19.128235
1962-05-15,31.5,-25.0,20.897766
1962-05-16,31.5,-25.0,21.965668
1962-05-17,31.5,-25.0,26.188873
1962-05-18,31.5,-25.0,27.78009
1962-05-19,31.5,-25.0,26.671478
1962-05-20,31.5,-25.0,26.845917
1962-05-21,31.5,-25.0,24.737213
1962-05-22,31.5,-25.0,22.260284
1962-05-23,31.5,-25.0,23.956146
1962-05-24,31.5,-25.0,25.318665
1962-05-25,31.5,-25.0,26.14624
1962-05-26,31.5,-25.0,28.243317
1962-05-27,31.5,-25.0,24.504639
1962-05-28,31.5,-25.0,20.273682
1962-05-29,31.5,-25.0,21.407501
1962-05-30,31.5,-25.0,22.915375
1962-05-31,31.5,-25.0,23.946442
1962-06-01,31.5,-25.0,23.771027
1962-06-02,31.5,-25.0,25.871277
1962-06-03,31.5,-25.0,27.029327
1962-06-04,31.5,-25.0,26.856659
1962-06-05,31.5,-25.0,27.701263
1962-06-06,31.5,-25.0,25.439575
1962-06-07,31.5,-25.0,25.784943
1962-06-08,31.5,-25.0,28.444519
1962-06-09,31.5,-25.0,27.956512
1962-06-10,31.5,-25.0,21.918518
1962-06-11,31.5,-25.0,24.66629
1962-06-12,31.5,-25.0,26.434357
1962-06-13,31.5,-25.0,25.81308
1962-06-14,31.5,-25.0,17.427094
1962-06-15,31.5,-25.0,20.103546
1962-06-16,31.5,-25.0,25.29132
1962-06-17,31.5,-25.0,28.491425
1962-06-18,31.5,-25.0,28.401337
1962-06-19,31.5,-25.0,26.072113
1962-06-20,31.5,-25.0,28.328125
1962-06-21,31.5,-25.0,25.4133
1962-06-22,31.5,-25.0,25.940704
1962-06-23,31.5,-25.0,31.113464
1962-06-24,31.5,-25.0,24.345337
1962-06-25,31.5,-25.0,27.337128
1962-06-26,31.5,-25.0,31.501984
1962-06-27,31.5,-25.0,31.34433
1962-06-28,31.5,-25.0,29.283478
1962-06-29,31.5,-25.0,30.118713
1962-06-30,31.5,-25.0,30.73056
1962-07-01,31.5,-25.0,22.499939
1962-07-02,31.5,-25.0,27.137604
1962-07-03,31.5,-25.0,24.247925
1962-07-04,31.5,-25.0,25.359344
1962-07-05,31.5,-25.0,26.561707
1962-07-06,31.5,-25.0,25.818054
1962-07-07,31.5,-25.0,28.57843
1962-07-08,31.5,-25.0,28.853241
1962-07-09,31.5,-25.0,20.208405
1962-07-10,31.5,-25.0,23.477997
1962-07-11,31.5,-25.0,25.137054
1962-07-12,31.5,-25.0,26.628387
1962-07-13,31.5,-25.0,24.033722
1962-07-14,31.5,-25.0,26.230286
1962-07-15,31.5,-25.0,22.124084
1962-07-16,31.5,-25.0,23.090027
1962-07-17,31.5,-25.0,25.00772
1962-07-18,31.5,-25.0,24.488373
1962-07-19,31.5,-25.0,28.079285
1962-07-20,31.5,-25.0,21.808838
1962-07-21,31.5,-25.0,24.779388
1962-07-22,31.5,-25.0,26.41217
1962-07-23,31.5,-25.0,26.404083
1962-07-24,31.5,-25.0,27.365967
1962-07-25,31.5,-25.0,31.91269
1962-07-26,31.5,-25.0,24.237823
1962-07-27,31.5,-25.0,23.401215
1962-07-28,31.5,-25.0,26.53946
1962-07-29,31.5,-25.0,24.047852
1962-07-30,31.5,-25.0,22.1362
1962-07-31,31.5,-25.0,24.947113
1962-08-01,31.5,-25.0,24.380585
1962-08-02,31.5,-25.0,29.45819
1962-08-03,31.5,-25.0,32.111176
1962-08-04,31.5,-25.0,19.319092
1962-08-05,31.5,-25.0,20.363739
1962-08-06,31.5,-25.0,25.73233
1962-08-07,31.5,-25.0,27.724579
1962-08-08,31.5,-25.0,28.193329
1962-08-09,31.5,-25.0,25.663605
1962-08-10,31.5,-25.0,29.353119
1962-08-11,31.5,-25.0,26.92041
1962-08-12,31.5,-25.0,28.870209
1962-08-13,31.5,-25.0,31.49289
1962-08-14,31.5,-25.0,25.213043
1962-08-15,31.5,-25.0,27.698303
1962-08-16,31.5,-25.0,26.613281
1962-08-17,31.5,-25.0,28.85205
1962-08-18,31.5,-25.0,28.621704
1962-08-19,31.5,-25.0,26.393036
1962-08-20,31.5,-25.0,30.514954
1962-08-21,31.5,-25.0,33.84076
1962-08-22,31.5,-25.0,27.85794
1962-08-23,31.5,-25.0,31.363586
1962-08-24,31.5,-25.0,28.878296
1962-08-25,31.5,-25.0,32.687042
1962-08-26,31.5,-25.0,33.44272
1962-08-27,31.5,-25.0,22.135742
1962-08-28,31.5,-25.0,19.636322
1962-08-29,31.5,-25.0,25.14029
1962-08-30,31.5,-25.0,26.003082
1962-08-31,31.5,-25.0,28.83789
1962-09-01,31.5,-25.0,33.364685
1962-09-02,31.5,-25.0,34.23996
1962-09-03,31.5,-25.0,34.684296
1962-09-04,31.5,-25.0,27.170746
1962-09-05,31.5,-25.0,31.600739
1962-09-06,31.5,-25.0,29.191345
1962-09-07,31.5,-25.0,32.6369
1962-09-08,31.5,-25.0,30.668
1962-09-09,31.5,-25.0,31.943573
1962-09-10,31.5,-25.0,29.756348
1962-09-11,31.5,-25.0,30.38263
1962-09-12,31.5,-25.0,25.60788
1962-09-13,31.5,-25.0,30.294525
1962-09-14,31.5,-25.0,33.173157
1962-09-15,31.5,-25.0,21.484344
1962-09-16,31.5,-25.0,28.044098
1962-09-17,31.5,-25.0,35.942627
1962-09-18,31.5,-25.0,36.425262
1962-09-19,31.5,-25.0,23.095062
1962-09-20,31.5,-25.0,28.132202
1962-09-21,31.5,-25.0,23.535583
1962-09-22,31.5,-25.0,29.767822
1962-09-23,31.5,-25.0,35.881348
1962-09-24,31.5,-25.0,38.256256
1962-09-25,31.5,-25.0,36.37549
1962-09-26,31.5,-25.0,36.386963
1962-09-27,31.5,-25.0,37.70468
1962-09-28,31.5,-25.0,23.474304
1962-09-29,31.5,-25.0,30.574158
1962-09-30,31.5,-25.0,34.322327
1962-10-01,31.5,-25.0,31.22763
1962-10-02,31.5,-25.0,34.261322
1962-10-03,31.5,-25.0,36.989044
1962-10-04,31.5,-25.0,32.002808
1962-10-05,31.5,-25.0,33.27643
1962-10-06,31.5,-25.0,35.332123
1962-10-07,31.5,-25.0,37.513275
1962-10-08,31.5,-25.0,39.152985
1962-10-09,31.5,-25.0,35.809937
1962-10-10,31.5,-25.0,22.20227
1962-10-11,31.5,-25.0,26.47345
1962-10-12,31.5,-25.0,28.967438
1962-10-13,31.5,-25.0,31.170929
1962-10-14,31.5,-25.0,35.531494
1962-10-15,31.5,-25.0,32.922363
1962-10-16,31.5,-25.0,37.961884
1962-10-17,31.5,-25.0,40.7446
1962-10-18,31.5,-25.0,40.1774
1962-10-19,31.5,-25.0,21.057556
1962-10-20,31.5,-25.0,21.29303
1962-10-21,31.5,-25.0,24.44873
1962-10-22,31.5,-25.0,29.42978
1962-10-23,31.5,-25.0,34.9368
1962-10-24,31.5,-25.0,30.937164
1962-10-25,31.5,-25.0,28.575531
1962-10-26,31.5,-25.0,31.341095
1962-10-27,31.5,-25.0,34.342102
1962-10-28,31.5,-25.0,33.63394
1962-10-29,31.5,-25.0,36.32901
1962-10-30,31.5,-25.0,38.529083
1962-10-31,31.5,-25.0,29.761505
1962-11-01,31.5,-25.0,30.107544
1962-11-02,31.5,-25.0,32.471375
1962-11-03,31.5,-25.0,32.384064
1962-11-04,31.5,-25.0,29.77893
1962-11-05,31.5,-25.0,30.358398
1962-11-06,31.5,-25.0,29.147095
1962-11-07,31.5,-25.0,30.567932
1962-11-08,31.5,-25.0,32.341217
1962-11-09,31.5,-25.0,32.803192
1962-11-10,31.5,-25.0,34.287506
1962-11-11,31.5,-25.0,38.388092
1962-11-12,31.5,-25.0,39.789886
1962-11-13,31.5,-25.0,40.869415
1962-11-14,31.5,-25.0,29.459839
1962-11-15,31.5,-25.0,21.11261
1962-11-16,31.5,-25.0,24.159088
1962-11-17,31.5,-25.0,21.155487
1962-11-18,31.5,-25.0,22.315979
1962-11-19,31.5,-25.0,24.208313
1962-11-20,31.5,-25.0,29.034393
1962-11-21,31.5,-25.0,33.806488
1962-11-22,31.5,-25.0,26.102234
1962-11-23,31.5,-25.0,21.782562
1962-11-24,31.5,-25.0,26.399078
1962-11-25,31.5,-25.0,30.660004
1962-11-26,31.5,-25.0,30.991821
1962-11-27,31.5,-25.0,23.08432
1962-11-28,31.5,-25.0,23.844757
1962-11-29,31.5,-25.0,26.178436
1962-11-30,31.5,-25.0,28.472412
1962-12-01,31.5,-25.0,29.842865
1962-12-02,31.5,-25.0,28.85794
1962-12-03,31.5,-25.0,28.654266
1962-12-04,31.5,-25.0,30.31546
1962-12-05,31.5,-25.0,30.625732
1962-12-06,31.5,-25.0,30.371155
1962-12-07,31.5,-25.0,34.6196
1962-12-08,31.5,-25.0,25.961975
1962-12-09,31.5,-25.0,31.927307
1962-12-10,31.5,-25.0,35.53772
1962-12-11,31.5,-25.0,31.876404
1962-12-12,31.5,-25.0,31.811157
1962-12-13,31.5,-25.0,27.088531
1962-12-14,31.5,-25.0,29.203217
1962-12-15,31.5,-25.0,30.924866
1962-12-16,31.5,-25.0,32.46991
1962-12-17,31.5,-25.0,30.853271
1962-12-18,31.5,-25.0,27.102844
1962-12-19,31.5,-25.0,27.382904
1962-12-20,31.5,-25.0,25.876068
1962-12-21,31.5,-25.0,23.199677
1962-12-22,31.5,-25.0,29.52304
1962-12-23,31.5,-25.0,30.797577
1962-12-24,31.5,-25.0,29.675812
1962-12-25,31.5,-25.0,25.295288
1962-12-26,31.5,-25.0,26.200653
1962-12-27,31.5,-25.0,25.530762
1962-12-28,31.5,-25.0,27.833221
1962-12-29,31.5,-25.0,26.458435
1962-12-30,31.5,-25.0,26.144958
1962-12-31,31.5,-25.0,27.408356
1963-01-01,31.5,-25.0,26.384674
1963-01-02,31.5,-25.0,27.36261
1963-01-03,31.5,-25.0,28.527496
1963-01-04,31.5,-25.0,31.410156
1963-01-05,31.5,-25.0,33.891724
1963-01-06,31.5,-25.0,21.69638
1963-01-07,31.5,-25.0,31.419739
1963-01-08,31.5,-25.0,35.654236
1963-01-09,31.5,-25.0,28.246277
1963-01-10,31.5,-25.0,31.430939
1963-01-11,31.5,-25.0,33.928497
1963-01-12,31.5,-25.0,26.335144
1963-01-13,31.5,-25.0,27.64383
1963-01-14,31.5,-25.0,33.15509
1963-01-15,31.5,-25.0,33.610504
1963-01-16,31.5,-25.0,30.854065
1963-01-17,31.5,-25.0,32.402466
1963-01-18,31.5,-25.0,34.324768
1963-01-19,31.5,-25.0,32.335358
1963-01-20,31.5,-25.0,29.90332
1963-01-21,31.5,-25.0,29.700378
1963-01-22,31.5,-25.0,34.59323
1963-01-23,31.5,-25.0,36.01538
1963-01-24,31.5,-25.0,30.46579
1963-01-25,31.5,-25.0,21.325653
1963-01-26,31.5,-25.0,20.75998
1963-01-27,31.5,-25.0,25.721527
1963-01-28,31.5,-25.0,27.87555
1963-01-29,31.5,-25.0,26.538086
1963-01-30,31.5,-25.0,27.647034
1963-01-31,31.5,-25.0,29.024445
1963-02-01,31.5,-25.0,30.972809
1963-02-02,31.5,-25.0,31.633179
1963-02-03,31.5,-25.0,25.571198
1963-02-04,31.5,-25.0,25.835663
1963-02-05,31.5,-25.0,30.748413
1963-02-06,31.5,-25.0,31.827118
1963-02-07,31.5,-25.0,27.752686
1963-02-08,31.5,-25.0,33.46524
1963-02-09,31.5,-25.0,35.43994
1963-02-10,31.5,-25.0,32.102814
1963-02-11,31.5,-25.0,35.15143
1963-02-12,31.5,-25.0,34.026245
1963-02-13,31.5,-25.0,32.52597
1963-02-14,31.5,-25.0,34.85492
1963-02-15,31.5,-25.0,35.50244
1963-02-16,31.5,-25.0,34.840485
1963-02-17,31.5,-25.0,34.915802
1963-02-18,31.5,-25.0,32.832123
1963-02-19,31.5,-25.0,33.309753
1963-02-20,31.5,-25.0,30.820526
1963-02-21,31.5,-25.0,32.585266
1963-02-22,31.5,-25.0,34.106384
1963-02-23,31.5,-25.0,34.37564
1963-02-24,31.5,-25.0,26.68039
1963-02-25,31.5,-25.0,25.096771
1963-02-26,31.5,-25.0,25.508698
1963-02-27,31.5,-25.0,28.203094
1963-02-28,31.5,-25.0,30.661865
1963-03-01,31.5,-25.0,34.571655
1963-03-02,31.5,-25.0,36.54648
1963-03-03,31.5,-25.0,36.23053
1963-03-04,31.5,-25.0,32.68808
1963-03-05,31.5,-25.0,32.28784
1963-03-06,31.5,-25.0,34.971893
1963-03-07,31.5,-25.0,35.574005
1963-03-08,31.5,-25.0,35.45639
1963-03-09,31.5,-25.0,25.469788
1963-03-10,31.5,-25.0,25.597961
1963-03-11,31.5,-25.0,25.22052
1963-03-12,31.5,-25.0,25.863007
1963-03-13,31.5,-25.0,28.002869
1963-03-14,31.5,-25.0,29.52658
1963-03-15,31.5,-25.0,30.60617
1963-03-16,31.5,-25.0,32.974213
1963-03-17,31.5,-25.0,31.004639
1963-03-18,31.5,-25.0,25.76648
1963-03-19,31.5,-25.0,22.006348
1963-03-20,31.5,-25.0,26.317657
1963-03-21,31.5,-25.0,28.499664
1963-03-22,31.5,-25.0,33.211212
1963-03-23,31.5,-25.0,31.792816
1963-03-24,31.5,-25.0,23.823212
1963-03-25,31.5,-25.0,27.467468
1963-03-26,31.5,-25.0,32.36508
1963-03-27,31.5,-25.0,31.53125
1963-03-28,31.5,-25.0,29.617859
1963-03-29,31.5,-25.0,30.804504
1963-03-30,31.5,-25.0,32.279083
1963-03-31,31.5,-25.0,29.14917
1963-04-01,31.5,-25.0,30.84085
1963-04-02,31.5,-25.0,33.211975
1963-04-03,31.5,-25.0,22.694641
1963-04-04,31.5,-25.0,29.120575
1963-04-05,31.5,-25.0,27.089508
1963-04-06,31.5,-25.0,26.96701
1963-04-07,31.5,-25.0,27.40213
1963-04-08,31.5,-25.0,19.431396
1963-04-09,31.5,-25.0,23.41858
1963-04-10,31.5,-25.0,25.7641
1963-04-11,31.5,-25.0,25.722046
1963-04-12,31.5,-25.0,28.158966
1963-04-13,31.5,-25.0,29.522766
1963-04-14,31.5,-25.0,24.162659
1963-04-15,31.5,-25.0,23.20288
1963-04-16,31.5,-25.0,23.921326
1963-04-17,31.5,-25.0,25.967041
1963-04-18,31.5,-25.0,28.031006
1963-04-19,31.5,-25.0,28.999908
1963-04-20,31.5,-25.0,31.771393
1963-04-21,31.5,-25.0,21.753143
1963-04-22,31.5,-25.0,22.753143
1963-04-23,31.5,-25.0,25.043823
1963-04-24,31.5,-25.0,26.460632
1963-04-25,31.5,-25.0,27.681824
1963-04-26,31.5,-25.0,26.754944
1963-04-27,31.5,-25.0,26.868317
1963-04-28,31.5,-25.0,26.570312
1963-04-29,31.5,-25.0,29.014557
1963-04-30,31.5,-25.0,24.988983
1963-05-01,31.5,-25.0,24.822845
1963-05-02,31.5,-25.0,26.091217
1963-05-03,31.5,-25.0,23.732727
1963-05-04,31.5,-25.0,23.967804
1963-05-05,31.5,-25.0,25.632416
1963-05-06,31.5,-25.0,25.95282
1963-05-07,31.5,-25.0,24.00763
1963-05-08,31.5,-25.0,23.220825
1963-05-09,31.5,-25.0,22.073822
1963-05-10,31.5,-25.0,23.04071
1963-05-11,31.5,-25.0,25.340424
1963-05-12,31.5,-25.0,28.263885
1963-05-13,31.5,-25.0,24.331818
1963-05-14,31.5,-25.0,24.839935
1963-05-15,31.5,-25.0,27.960571
1963-05-16,31.5,-25.0,28.6734
1963-05-17,31.5,-25.0,23.598114
1963-05-18,31.5,-25.0,23.535553
1963-05-19,31.5,-25.0,22.945923
1963-05-20,31.5,-25.0,26.493134
1963-05-21,31.5,-25.0,28.157745
1963-05-22,31.5,-25.0,30.569305
1963-05-23,31.5,-25.0,24.559326
1963-05-24,31.5,-25.0,23.194275
1963-05-25,31.5,-25.0,25.135681
1963-05-26,31.5,-25.0,26.963318
1963-05-27,31.5,-25.0,26.117737
1963-05-28,31.5,-25.0,23.36493
1963-05-29,31.5,-25.0,22.544006
1963-05-30,31.5,-25.0,24.688263
1963-05-31,31.5,-25.0,24.288208
1963-06-01,31.5,-25.0,24.762299
1963-06-02,31.5,-25.0,26.628052
1963-06-03,31.5,-25.0,24.355865
1963-06-04,31.5,-25.0,22.96817
1963-06-05,31.5,-25.0,21.99466
1963-06-06,31.5,-25.0,23.392029
1963-06-07,31.5,-25.0,23.144287
1963-06-08,31.5,-25.0,22.952698
1963-06-09,31.5,-25.0,25.724213
1963-06-10,31.5,-25.0,28.377655
1963-06-11,31.5,-25.0,23.724915
1963-06-12,31.5,-25.0,18.170288
1963-06-13,31.5,-25.0,15.106537
1963-06-14,31.5,-25.0,19.021881
1963-06-15,31.5,-25.0,19.608307
1963-06-16,31.5,-25.0,20.879852
1963-06-17,31.5,-25.0,20.012787
1963-06-18,31.5,-25.0,19.1109
1963-06-19,31.5,-25.0,19.00058
1963-06-20,31.5,-25.0,21.025024
1963-06-21,31.5,-25.0,23.508148
1963-06-22,31.5,-25.0,26.124817
1963-06-23,31.5,-25.0,21.723694
1963-06-24,31.5,-25.0,15.520721
1963-06-25,31.5,-25.0,17.941925
1963-06-26,31.5,-25.0,20.510193
1963-06-27,31.5,-25.0,21.619202
1963-06-28,31.5,-25.0,21.338562
1963-06-29,31.5,-25.0,18.894135
1963-06-30,31.5,-25.0,21.26889
1963-07-01,31.5,-25.0,17.343414
1963-07-02,31.5,-25.0,20.900238
1963-07-03,31.5,-25.0,18.73822
1963-07-04,31.5,-25.0,18.580841
1963-07-05,31.5,-25.0,17.939514
1963-07-06,31.5,-25.0,19.350037
1963-07-07,31.5,-25.0,20.675964
1963-07-08,31.5,-25.0,20.675964
1963-07-09,31.5,-25.0,22.411102
1963-07-10,31.5,-25.0,23.819672
1963-07-11,31.5,-25.0,19.721863
1963-07-12,31.5,-25.0,20.990723
1963-07-13,31.5,-25.0,20.485138
1963-07-14,31.5,-25.0,21.22287
1963-07-15,31.5,-25.0,22.184875
1963-07-16,31.5,-25.0,23.593445
1963-07-17,31.5,-25.0,23.197998
1963-07-18,31.5,-25.0,24.738373
1963-07-19,31.5,-25.0,26.054474
1963-07-20,31.5,-25.0,19.192657
1963-07-21,31.5,-25.0,19.338226
1963-07-22,31.5,-25.0,20.986816
1963-07-23,31.5,-25.0,20.95337
1963-07-24,31.5,-25.0,19.068726
1963-07-25,31.5,-25.0,26.798096
1963-07-26,31.5,-25.0,22.12387
1963-07-27,31.5,-25.0,18.580841
1963-07-28,31.5,-25.0,19.420868
1963-07-29,31.5,-25.0,24.236725
1963-07-30,31.5,-25.0,25.727905
1963-07-31,31.5,-25.0,24.641998
1963-08-01,31.5,-25.0,20.840088
1963-08-02,31.5,-25.0,21.683167
1963-08-03,31.5,-25.0,22.967133
1963-08-04,31.5,-25.0,22.95169
1963-08-05,31.5,-25.0,23.595581
1963-08-06,31.5,-25.0,25.48288
1963-08-07,31.5,-25.0,26.028168
1963-08-08,31.5,-25.0,29.628693
1963-08-09,31.5,-25.0,31.357422
1963-08-10,31.5,-25.0,25.48288
1963-08-11,31.5,-25.0,22.88205
1963-08-12,31.5,-25.0,26.07071
1963-08-13,31.5,-25.0,29.321259
1963-08-14,31.5,-25.0,21.832062
1963-08-15,31.5,-25.0,29.491425
1963-08-16,31.5,-25.0,22.375427
1963-08-17,31.5,-25.0,22.510803
1963-08-18,31.5,-25.0,25.246979
1963-08-19,31.5,-25.0,23.071564
1963-08-20,31.5,-25.0,26.364624
1963-08-21,31.5,-25.0,30.676758
1963-08-22,31.5,-25.0,30.984222
1963-08-23,31.5,-25.0,25.79419
1963-08-24,31.5,-25.0,25.811615
1963-08-25,31.5,-25.0,33.066803
1963-08-26,31.5,-25.0,23.570465
1963-08-27,31.5,-25.0,25.904419
1963-08-28,31.5,-25.0,27.099426
1963-08-29,31.5,-25.0,27.40689
1963-08-30,31.5,-25.0,27.002747
1963-08-31,31.5,-25.0,31.552734
1963-09-01,31.5,-25.0,22.75827
1963-09-02,31.5,-25.0,24.378296
1963-09-03,31.5,-25.0,29.283722
1963-09-04,31.5,-25.0,29.846985
1963-09-05,31.5,-25.0,32.7836
1963-09-06,31.5,-25.0,34.10019
1963-09-07,31.5,-25.0,33.463684
1963-09-08,31.5,-25.0,31.690216
1963-09-09,31.5,-25.0,29.705719
1963-09-10,31.5,-25.0,30.425934
1963-09-11,31.5,-25.0,32.58307
1963-09-12,31.5,-25.0,31.545471
1963-09-13,31.5,-25.0,25.18045
1963-09-14,31.5,-25.0,24.31726
1963-09-15,31.5,-25.0,30.314331
1963-09-16,31.5,-25.0,31.557678
1963-09-17,31.5,-25.0,33.168976
1963-09-18,31.5,-25.0,29.369171
1963-09-19,31.5,-25.0,28.975037
1963-09-20,31.5,-25.0,29.4581
1963-09-21,31.5,-25.0,31.50711
1963-09-22,31.5,-25.0,32.110474
1963-09-23,31.5,-25.0,36.009705
1963-09-24,31.5,-25.0,29.08142
1963-09-25,31.5,-25.0,30.77295
1963-09-26,31.5,-25.0,28.903564
1963-09-27,31.5,-25.0,30.6474
1963-09-28,31.5,-25.0,34.26062
1963-09-29,31.5,-25.0,28.359467
1963-09-30,31.5,-25.0,32.225555
1963-10-01,31.5,-25.0,35.943726
1963-10-02,31.5,-25.0,34.590637
1963-10-03,31.5,-25.0,32.71466
1963-10-04,31.5,-25.0,33.93872
1963-10-05,31.5,-25.0,36.85373
1963-10-06,31.5,-25.0,32.444702
1963-10-07,31.5,-25.0,28.176605
1963-10-08,31.5,-25.0,33.00836
1963-10-09,31.5,-25.0,26.881256
1963-10-10,31.5,-25.0,25.864319
1963-10-11,31.5,-25.0,30.704529
1963-10-12,31.5,-25.0,29.860779
1963-10-13,31.5,-25.0,32.48886
1963-10-14,31.5,-25.0,33.246033
1963-10-15,31.5,-25.0,26.48227
1963-10-16,31.5,-25.0,28.949097
1963-10-17,31.5,-25.0,31.327606
1963-10-18,31.5,-25.0,29.487274
1963-10-19,31.5,-25.0,25.784515
1963-10-20,31.5,-25.0,25.105438
1963-10-21,31.5,-25.0,23.781189
1963-10-22,31.5,-25.0,21.95105
1963-10-23,31.5,-25.0,30.283508
1963-10-24,31.5,-25.0,22.735382
1963-10-25,31.5,-25.0,25.120697
1963-10-26,31.5,-25.0,27.70465
1963-10-27,31.5,-25.0,29.572144
1963-10-28,31.5,-25.0,30.310669
1963-10-29,31.5,-25.0,28.303955
1963-10-30,31.5,-25.0,27.132507
1963-10-31,31.5,-25.0,28.573883
1963-11-01,31.5,-25.0,28.643372
1963-11-02,31.5,-25.0,26.976013
1963-11-03,31.5,-25.0,30.368988
1963-11-04,31.5,-25.0,34.98578
1963-11-05,31.5,-25.0,27.152466
1963-11-06,31.5,-25.0,28.28238
1963-11-07,31.5,-25.0,30.067902
1963-11-08,31.5,-25.0,34.833588
1963-11-09,31.5,-25.0,31.730408
1963-11-10,31.5,-25.0,33.616272
1963-11-11,31.5,-25.0,35.30304
1963-11-12,31.5,-25.0,29.397736
1963-11-13,31.5,-25.0,30.556763
1963-11-14,31.5,-25.0,29.944885
1963-11-15,31.5,-25.0,34.76239
1963-11-16,31.5,-25.0,31.644592
1963-11-17,31.5,-25.0,28.750214
1963-11-18,31.5,-25.0,27.301392
1963-11-19,31.5,-25.0,32.56729
1963-11-20,31.5,-25.0,30.760742
1963-11-21,31.5,-25.0,29.009216
1963-11-22,31.5,-25.0,29.263367
1963-11-23,31.5,-25.0,28.476654
1963-11-24,31.5,-25.0,26.37384
1963-11-25,31.5,-25.0,23.72876
1963-11-26,31.5,-25.0,32.870026
1963-11-27,31.5,-25.0,35.845337
1963-11-28,31.5,-25.0,32.01367
1963-11-29,31.5,-25.0,26.645782
1963-11-30,31.5,-25.0,30.022583
1963-12-01,31.5,-25.0,33.947174
1963-12-02,31.5,-25.0,28.89975
1963-12-03,31.5,-25.0,27.483276
1963-12-04,31.5,-25.0,31.652588
1963-12-05,31.5,-25.0,30.338684
1963-12-06,31.5,-25.0,34.525635
1963-12-07,31.5,-25.0,33.658752
1963-12-08,31.5,-25.0,32.49704
1963-12-09,31.5,-25.0,35.57196
1963-12-10,31.5,-25.0,34.399048
1963-12-11,31.5,-25.0,30.854645
1963-12-12,31.5,-25.0,33.578644
1963-12-13,31.5,-25.0,26.390472
1963-12-14,31.5,-25.0,29.891602
1963-12-15,31.5,-25.0,33.748474
1963-12-16,31.5,-25.0,23.499817
1963-12-17,31.5,-25.0,33.464874
1963-12-18,31.5,-25.0,32.62683
1963-12-19,31.5,-25.0,37.799225
1963-12-20,31.5,-25.0,37.02368
1963-12-21,31.5,-25.0,38.699768
1963-12-22,31.5,-25.0,21.900665
1963-12-23,31.5,-25.0,21.488861
1963-12-24,31.5,-25.0,26.302338
1963-12-25,31.5,-25.0,32.835144
1963-12-26,31.5,-25.0,32.421722
1963-12-27,31.5,-25.0,31.36258
1963-12-28,31.5,-25.0,33.82541
1963-12-29,31.5,-25.0,36.222504
1963-12-30,31.5,-25.0,32.306366
1963-12-31,31.5,-25.0,34.28528
1964-01-01,31.5,-25.0,33.77112
1964-01-02,31.5,-25.0,27.722748
1964-01-03,31.5,-25.0,27.422302
1964-01-04,31.5,-25.0,32.9256
1964-01-05,31.5,-25.0,36.74768
1964-01-06,31.5,-25.0,34.766052
1964-01-07,31.5,-25.0,35.243805
1964-01-08,31.5,-25.0,31.961853
1964-01-09,31.5,-25.0,25.629486
1964-01-10,31.5,-25.0,27.069336
1964-01-11,31.5,-25.0,27.166199
1964-01-12,31.5,-25.0,28.571564
1964-01-13,31.5,-25.0,27.946045
1964-01-14,31.5,-25.0,29.791412
1964-01-15,31.5,-25.0,27.458435
1964-01-16,31.5,-25.0,29.499176
1964-01-17,31.5,-25.0,31.364258
1964-01-18,31.5,-25.0,27.625885
1964-01-19,31.5,-25.0,32.282013
1964-01-20,31.5,-25.0,33.20468
1964-01-21,31.5,-25.0,26.956055
1964-01-22,31.5,-25.0,29.551697
1964-01-23,31.5,-25.0,33.414856
1964-01-24,31.5,-25.0,35.327545
1964-01-25,31.5,-25.0,30.377533
1964-01-26,31.5,-25.0,29.61737
1964-01-27,31.5,-25.0,30.426788
1964-01-28,31.5,-25.0,26.706482
1964-01-29,31.5,-25.0,32.506927
1964-01-30,31.5,-25.0,26.47992
1964-01-31,31.5,-25.0,30.758423
1964-02-01,31.5,-25.0,34.598206
1964-02-02,31.5,-25.0,29.841003
1964-02-03,31.5,-25.0,29.169739
1964-02-04,31.5,-25.0,29.184296
1964-02-05,31.5,-25.0,31.316223
1964-02-06,31.5,-25.0,32.49539
1964-02-07,31.5,-25.0,30.182312
1964-02-08,31.5,-25.0,36.597504
1964-02-09,31.5,-25.0,35.14331
1964-02-10,31.5,-25.0,22.659119
1964-02-11,31.5,-25.0,24.92691
1964-02-12,31.5,-25.0,28.754028
1964-02-13,31.5,-25.0,33.375336
1964-02-14,31.5,-25.0,33.496674
1964-02-15,31.5,-25.0,37.314056
1964-02-16,31.5,-25.0,36.595886
1964-02-17,31.5,-25.0,34.15338
1964-02-18,31.5,-25.0,34.874817
1964-02-19,31.5,-25.0,26.643127
1964-02-20,31.5,-25.0,26.170807
1964-02-21,31.5,-25.0,31.092987
1964-02-22,31.5,-25.0,32.312622
1964-02-23,31.5,-25.0,27.36618
1964-02-24,31.5,-25.0,29.920288
1964-02-25,31.5,-25.0,30.12085
1964-02-26,31.5,-25.0,31.503845
1964-02-27,31.5,-25.0,31.408417
1964-02-28,31.5,-25.0,33.77649
1964-02-29,31.5,-25.0,34.84732
1964-03-01,31.5,-25.0,33.46579
1964-03-02,31.5,-25.0,32.44818
1964-03-03,31.5,-25.0,34.46759
1964-03-04,31.5,-25.0,36.65219
1964-03-05,31.5,-25.0,34.256683
1964-03-06,31.5,-25.0,36.03003
1964-03-07,31.5,-25.0,33.230286
1964-03-08,31.5,-25.0,31.597534
1964-03-09,31.5,-25.0,31.45166
1964-03-10,31.5,-25.0,31.465729
1964-03-11,31.5,-25.0,32.571198
1964-03-12,31.5,-25.0,33.256653
1964-03-13,31.5,-25.0,28.16156
1964-03-14,31.5,-25.0,27.52182
1964-03-15,31.5,-25.0,33.237305
1964-03-16,31.5,-25.0,32.708282
1964-03-17,31.5,-25.0,27.991089
1964-03-18,31.5,-25.0,30.950775
1964-03-19,31.5,-25.0,32.771576
1964-03-20,31.5,-25.0,29.242432
1964-03-21,31.5,-25.0,34.404327
1964-03-22,31.5,-25.0,32.44641
1964-03-23,31.5,-25.0,30.695923
1964-03-24,31.5,-25.0,31.671356
1964-03-25,31.5,-25.0,31.015778
1964-03-26,31.5,-25.0,33.810272
1964-03-27,31.5,-25.0,35.147766
1964-03-28,31.5,-25.0,34.91928
1964-03-29,31.5,-25.0,33.00006
1964-03-30,31.5,-25.0,34.611694
1964-03-31,31.5,-25.0,32.80847
1964-04-01,31.5,-25.0,32.774994
1964-04-02,31.5,-25.0,32.673096
1964-04-03,31.5,-25.0,34.673035
1964-04-04,31.5,-25.0,28.880768
1964-04-05,31.5,-25.0,29.733582
1964-04-06,31.5,-25.0,33.28253
1964-04-07,31.5,-25.0,34.9787
1964-04-08,31.5,-25.0,31.624084
1964-04-09,31.5,-25.0,32.314636
1964-04-10,31.5,-25.0,27.4393
1964-04-11,31.5,-25.0,27.690247
1964-04-12,31.5,-25.0,29.3732
1964-04-13,31.5,-25.0,30.773163
1964-04-14,31.5,-25.0,30.812775
1964-04-15,31.5,-25.0,21.509308
1964-04-16,31.5,-25.0,23.93753
1964-04-17,31.5,-25.0,26.841217
1964-04-18,31.5,-25.0,32.812714
1964-04-19,31.5,-25.0,25.848785
1964-04-20,31.5,-25.0,22.928131
1964-04-21,31.5,-25.0,23.89035
1964-04-22,31.5,-25.0,24.886536
1964-04-23,31.5,-25.0,26.656311
1964-04-24,31.5,-25.0,27.50534
1964-04-25,31.5,-25.0,29.652435
1964-04-26,31.5,-25.0,29.463776
1964-04-27,31.5,-25.0,24.22052
1964-04-28,31.5,-25.0,19.241425
1964-04-29,31.5,-25.0,21.224396
1964-04-30,31.5,-25.0,23.09793
1964-05-01,31.5,-25.0,23.679535
1964-05-02,31.5,-25.0,25.990204
1964-05-03,31.5,-25.0,24.97818
1964-05-04,31.5,-25.0,25.421051
1964-05-05,31.5,-25.0,27.238739
1964-05-06,31.5,-25.0,30.082489
1964-05-07,31.5,-25.0,27.242737
1964-05-08,31.5,-25.0,29.84198
1964-05-09,31.5,-25.0,26.000244
1964-05-10,31.5,-25.0,27.573425
1964-05-11,31.5,-25.0,28.521332
1964-05-12,31.5,-25.0,27.823914
1964-05-13,31.5,-25.0,20.306732
1964-05-14,31.5,-25.0,24.268738
1964-05-15,31.5,-25.0,26.769775
1964-05-16,31.5,-25.0,28.286865
1964-05-17,31.5,-25.0,28.4151
1964-05-18,31.5,-25.0,29.419128
1964-05-19,31.5,-25.0,24.429047
1964-05-20,31.5,-25.0,28.020325
1964-05-21,31.5,-25.0,30.264862
1964-05-22,31.5,-25.0,22.621399
1964-05-23,31.5,-25.0,26.238708
1964-05-24,31.5,-25.0,27.835938
1964-05-25,31.5,-25.0,26.262756
1964-05-26,31.5,-25.0,24.076355
1964-05-27,31.5,-25.0,21.972107
1964-05-28,31.5,-25.0,22.356873
1964-05-29,31.5,-25.0,24.040283
1964-05-30,31.5,-25.0,25.50122
1964-05-31,31.5,-25.0,22.940063
1964-06-01,31.5,-25.0,22.821777
1964-06-02,31.5,-25.0,24.498962
1964-06-03,31.5,-25.0,25.524231
1964-06-04,31.5,-25.0,26.367676
1964-06-05,31.5,-25.0,26.76233
1964-06-06,31.5,-25.0,30.132202
1964-06-07,31.5,-25.0,30.987244
1964-06-08,31.5,-25.0,25.22052
1964-06-09,31.5,-25.0,22.523865
1964-06-10,31.5,-25.0,23.589752
1964-06-11,31.5,-25.0,26.139404
1964-06-12,31.5,-25.0,22.636047
1964-06-13,31.5,-25.0,23.804474
1964-06-14,31.5,-25.0,23.839294
1964-06-15,31.5,-25.0,23.556885
1964-06-16,31.5,-25.0,24.481567
1964-06-17,31.5,-25.0,24.20105
1964-06-18,31.5,-25.0,26.423798
1964-06-19,31.5,-25.0,19.370636
1964-06-20,31.5,-25.0,14.814911
1964-06-21,31.5,-25.0,19.906494
1964-06-22,31.5,-25.0,22.225952
1964-06-23,31.5,-25.0,23.802551
1964-06-24,31.5,-25.0,25.690613
1964-06-25,31.5,-25.0,18.999207
1964-06-26,31.5,-25.0,18.415009
1964-06-27,31.5,-25.0,20.482971
1964-06-28,31.5,-25.0,20.163788
1964-06-29,31.5,-25.0,21.08847
1964-06-30,31.5,-25.0,23.943756
1964-07-01,31.5,-25.0,25.363556
1964-07-02,31.5,-25.0,24.35968
1964-07-03,31.5,-25.0,27.705963
1964-07-04,31.5,-25.0,26.847992
1964-07-05,31.5,-25.0,20.715698
1964-07-06,31.5,-25.0,18.5484
1964-07-07,31.5,-25.0,20.869415
1964-07-08,31.5,-25.0,21.046448
1964-07-09,31.5,-25.0,19.735168
1964-07-10,31.5,-25.0,20.70404
1964-07-11,31.5,-25.0,21.425812
1964-07-12,31.5,-25.0,21.0484
1964-07-13,31.5,-25.0,20.844116
1964-07-14,31.5,-25.0,22.60675
1964-07-15,31.5,-25.0,23.99585
1964-07-16,31.5,-25.0,22.35382
1964-07-17,31.5,-25.0,21.60675
1964-07-18,31.5,-25.0,24.51532
1964-07-19,31.5,-25.0,26.268219
1964-07-20,31.5,-25.0,21.102875
1964-07-21,31.5,-25.0,21.178741
1964-07-22,31.5,-25.0,23.05423
1964-07-23,31.5,-25.0,24.641754
1964-07-24,31.5,-25.0,25.507538
1964-07-25,31.5,-25.0,22.311035
1964-07-26,31.5,-25.0,20.72934
1964-07-27,31.5,-25.0,22.15149
1964-07-28,31.5,-25.0,22.49585
1964-07-29,31.5,-25.0,23.425812
1964-07-30,31.5,-25.0,26.822693
1964-07-31,31.5,-25.0,24.435547
1964-08-01,31.5,-25.0,25.264343
1964-08-02,31.5,-25.0,24.47107
1964-08-03,31.5,-25.0,23.534119
1964-08-04,31.5,-25.0,23.65866
1964-08-05,31.5,-25.0,24.817902
1964-08-06,31.5,-25.0,22.229248
1964-08-07,31.5,-25.0,20.822815
1964-08-08,31.5,-25.0,22.394012
1964-08-09,31.5,-25.0,26.180237
1964-08-10,31.5,-25.0,25.168549
1964-08-11,31.5,-25.0,27.987122
1964-08-12,31.5,-25.0,30.184875
1964-08-13,31.5,-25.0,22.125763
1964-08-14,31.5,-25.0,20.560333
1964-08-15,31.5,-25.0,23.21988
1964-08-16,31.5,-25.0,27.797424
1964-08-17,31.5,-25.0,23.649078
1964-08-18,31.5,-25.0,21.49347
1964-08-19,31.5,-25.0,20.6044
1964-08-20,31.5,-25.0,28.590698
1964-08-21,31.5,-25.0,24.651184
1964-08-22,31.5,-25.0,25.015259
1964-08-23,31.5,-25.0,28.690338
1964-08-24,31.5,-25.0,28.811035
1964-08-25,31.5,-25.0,21.878601
1964-08-26,31.5,-25.0,23.371246
1964-08-27,31.5,-25.0,26.364197
1964-08-28,31.5,-25.0,30.85553
1964-08-29,31.5,-25.0,19.579285
1964-08-30,31.5,-25.0,28.496796
1964-08-31,31.5,-25.0,28.786133
1964-09-01,31.5,-25.0,29.27829
1964-09-02,31.5,-25.0,20.897797
1964-09-03,31.5,-25.0,18.896393
1964-09-04,31.5,-25.0,28.618988
1964-09-05,31.5,-25.0,25.964172
1964-09-06,31.5,-25.0,26.231018
1964-09-07,31.5,-25.0,19.500732
1964-09-08,31.5,-25.0,25.660034
1964-09-09,31.5,-25.0,29.319489
1964-09-10,31.5,-25.0,31.681976
1964-09-11,31.5,-25.0,32.21765
1964-09-12,31.5,-25.0,29.52356
1964-09-13,31.5,-25.0,27.781158
1964-09-14,31.5,-25.0,29.982727
1964-09-15,31.5,-25.0,28.287384
1964-09-16,31.5,-25.0,24.523926
1964-09-17,31.5,-25.0,30.645935
1964-09-18,31.5,-25.0,21.625793
1964-09-19,31.5,-25.0,29.759033
1964-09-20,31.5,-25.0,31.381744
1964-09-21,31.5,-25.0,31.838928
1964-09-22,31.5,-25.0,24.600433
1964-09-23,31.5,-25.0,32.364807
1964-09-24,31.5,-25.0,35.30612
1964-09-25,31.5,-25.0,32.435455
1964-09-26,31.5,-25.0,22.614716
1964-09-27,31.5,-25.0,33.139862
1964-09-28,31.5,-25.0,37.99823
1964-09-29,31.5,-25.0,25.540344
1964-09-30,31.5,-25.0,30.783295
1964-10-01,31.5,-25.0,39.72531
1964-10-02,31.5,-25.0,18.200073
1964-10-03,31.5,-25.0,19.173645
1964-10-04,31.5,-25.0,21.707764
1964-10-05,31.5,-25.0,25.891327
1964-10-06,31.5,-25.0,29.200531
1964-10-07,31.5,-25.0,26.546661
1964-10-08,31.5,-25.0,31.89032
1964-10-09,31.5,-25.0,31.614838
1964-10-10,31.5,-25.0,35.76248
1964-10-11,31.5,-25.0,35.59308
1964-10-12,31.5,-25.0,34.826508
1964-10-13,31.5,-25.0,27.545929
1964-10-14,31.5,-25.0,30.008148
1964-10-15,31.5,-25.0,36.58548
1964-10-16,31.5,-25.0,33.25232
1964-10-17,31.5,-25.0,33.26602
1964-10-18,31.5,-25.0,34.338867
1964-10-19,31.5,-25.0,31.55838
1964-10-20,31.5,-25.0,30.725067
1964-10-21,31.5,-25.0,24.40097
1964-10-22,31.5,-25.0,20.314941
1964-10-23,31.5,-25.0,27.340576
1964-10-24,31.5,-25.0,33.88199
1964-10-25,31.5,-25.0,37.068024
1964-10-26,31.5,-25.0,25.34378
1964-10-27,31.5,-25.0,19.047028
1964-10-28,31.5,-25.0,22.595795
1964-10-29,31.5,-25.0,27.070251
1964-10-30,31.5,-25.0,25.259918
1964-10-31,31.5,-25.0,28.913055
1964-11-01,31.5,-25.0,34.103027
1964-11-02,31.5,-25.0,34.077972
1964-11-03,31.5,-25.0,29.497131
1964-11-04,31.5,-25.0,28.05368
1964-11-05,31.5,-25.0,26.56955
1964-11-06,31.5,-25.0,30.940582
1964-11-07,31.5,-25.0,34.425537
1964-11-08,31.5,-25.0,38.26117
1964-11-09,31.5,-25.0,39.151978
1964-11-10,31.5,-25.0,26.472473
1964-11-11,31.5,-25.0,29.027466
1964-11-12,31.5,-25.0,33.84784
1964-11-13,31.5,-25.0,29.677185
1964-11-14,31.5,-25.0,36.669006
1964-11-15,31.5,-25.0,33.27484
1964-11-16,31.5,-25.0,38.2377
1964-11-17,31.5,-25.0,29.569153
1964-11-18,31.5,-25.0,31.870544
1964-11-19,31.5,-25.0,20.847382
1964-11-20,31.5,-25.0,33.641205
1964-11-21,31.5,-25.0,19.82196
1964-11-22,31.5,-25.0,19.68106
1964-11-23,31.5,-25.0,24.238403
1964-11-24,31.5,-25.0,27.02356
1964-11-25,31.5,-25.0,31.280334
1964-11-26,31.5,-25.0,35.712433
1964-11-27,31.5,-25.0,26.50534
1964-11-28,31.5,-25.0,20.387115
1964-11-29,31.5,-25.0,25.96994
1964-11-30,31.5,-25.0,31.820435
1964-12-01,31.5,-25.0,31.216675
1964-12-02,31.5,-25.0,26.914978
1964-12-03,31.5,-25.0,27.31665
1964-12-04,31.5,-25.0,30.358276
1964-12-05,31.5,-25.0,30.759949
1964-12-06,31.5,-25.0,28.790497
1964-12-07,31.5,-25.0,24.25235
1964-12-08,31.5,-25.0,30.768066
1964-12-09,31.5,-25.0,32.285645
1964-12-10,31.5,-25.0,26.32544
1964-12-11,31.5,-25.0,27.170898
1964-12-12,31.5,-25.0,26.647766
1964-12-13,31.5,-25.0,27.245392
1964-12-14,31.5,-25.0,30.231964
1964-12-15,31.5,-25.0,26.872894
1964-12-16,31.5,-25.0,28.761353
1964-12-17,31.5,-25.0,23.857178
1964-12-18,31.5,-25.0,24.798157
1964-12-19,31.5,-25.0,27.204895
1964-12-20,31.5,-25.0,22.733154
1964-12-21,31.5,-25.0,24.767395
1964-12-22,31.5,-25.0,28.351593
1964-12-23,31.5,-25.0,26.054993
1964-12-24,31.5,-25.0,23.946228
1964-12-25,31.5,-25.0,24.083923
1964-12-26,31.5,-25.0,28.72409
1964-12-27,31.5,-25.0,33.725464
1964-12-28,31.5,-25.0,25.374725
1964-12-29,31.5,-25.0,26.28009
1964-12-30,31.5,-25.0,26.842102
1964-12-31,31.5,-25.0,26.693115
1965-01-01,31.5,-25.0,29.334808
1965-01-02,31.5,-25.0,30.108795
1965-01-03,31.5,-25.0,29.104553
1965-01-04,31.5,-25.0,31.149841
1965-01-05,31.5,-25.0,32.302826
1965-01-06,31.5,-25.0,33.463776
1965-01-07,31.5,-25.0,25.394531
1965-01-08,31.5,-25.0,29.021393
1965-01-09,31.5,-25.0,32.66101
1965-01-10,31.5,-25.0,33.686066
1965-01-11,31.5,-25.0,34.957397
1965-01-12,31.5,-25.0,32.329987
1965-01-13,31.5,-25.0,26.884949
1965-01-14,31.5,-25.0,26.873749
1965-01-15,31.5,-25.0,27.622131
1965-01-16,31.5,-25.0,28.885468
1965-01-17,31.5,-25.0,31.536835
1965-01-18,31.5,-25.0,29.419556
1965-01-19,31.5,-25.0,30.36145
1965-01-20,31.5,-25.0,29.565094
1965-01-21,31.5,-25.0,32.29001
1965-01-22,31.5,-25.0,35.43872
1965-01-23,31.5,-25.0,34.851837
1965-01-24,31.5,-25.0,36.36142
1965-01-25,31.5,-25.0,30.901978
1965-01-26,31.5,-25.0,32.01657
1965-01-27,31.5,-25.0,28.280975
1965-01-28,31.5,-25.0,30.13919
1965-01-29,31.5,-25.0,32.11093
1965-01-30,31.5,-25.0,32.425934
1965-01-31,31.5,-25.0,29.664246
1965-02-01,31.5,-25.0,30.575989
1965-02-02,31.5,-25.0,30.842712
1965-02-03,31.5,-25.0,28.200653
1965-02-04,31.5,-25.0,28.727814
1965-02-05,31.5,-25.0,29.331848
1965-02-06,31.5,-25.0,30.157104
1965-02-07,31.5,-25.0,32.811676
1965-02-08,31.5,-25.0,32.56378
1965-02-09,31.5,-25.0,31.64441
1965-02-10,31.5,-25.0,34.9093
1965-02-11,31.5,-25.0,33.01877
1965-02-12,31.5,-25.0,33.922485
1965-02-13,31.5,-25.0,33.65262
1965-02-14,31.5,-25.0,34.620636
1965-02-15,31.5,-25.0,35.436462
1965-02-16,31.5,-25.0,34.0119
1965-02-17,31.5,-25.0,35.263885
1965-02-18,31.5,-25.0,33.974243
1965-02-19,31.5,-25.0,29.233002
1965-02-20,31.5,-25.0,29.444794
1965-02-21,31.5,-25.0,33.29178
1965-02-22,31.5,-25.0,30.762695
1965-02-23,31.5,-25.0,30.743866
1965-02-24,31.5,-25.0,32.40689
1965-02-25,31.5,-25.0,34.93286
1965-02-26,31.5,-25.0,33.982086
1965-02-27,31.5,-25.0,30.892914
1965-02-28,31.5,-25.0,34.57669
1965-03-01,31.5,-25.0,32.86554
1965-03-02,31.5,-25.0,35.786285
1965-03-03,31.5,-25.0,29.050476
1965-03-04,31.5,-25.0,30.837341
1965-03-05,31.5,-25.0,33.575317
1965-03-06,31.5,-25.0,34.96118
1965-03-07,31.5,-25.0,39.04242
1965-03-08,31.5,-25.0,23.082977
1965-03-09,31.5,-25.0,24.6232
1965-03-10,31.5,-25.0,24.928406
1965-03-11,31.5,-25.0,27.529755
1965-03-12,31.5,-25.0,28.92804
1965-03-13,31.5,-25.0,29.582794
1965-03-14,31.5,-25.0,30.62619
1965-03-15,31.5,-25.0,30.739746
1965-03-16,31.5,-25.0,32.006714
1965-03-17,31.5,-25.0,32.262238
1965-03-18,31.5,-25.0,31.531158
1965-03-19,31.5,-25.0,31.00415
1965-03-20,31.5,-25.0,31.036072
1965-03-21,31.5,-25.0,29.30777
1965-03-22,31.5,-25.0,27.62027
1965-03-23,31.5,-25.0,28.209381
1965-03-24,31.5,-25.0,30.920746
1965-03-25,31.5,-25.0,25.0065
1965-03-26,31.5,-25.0,28.477325
1965-03-27,31.5,-25.0,30.310333
1965-03-28,31.5,-25.0,32.189484
1965-03-29,31.5,-25.0,33.0625
1965-03-30,31.5,-25.0,31.591492
1965-03-31,31.5,-25.0,32.52484
1965-04-01,31.5,-25.0,27.423157
1965-04-02,31.5,-25.0,29.404053
1965-04-03,31.5,-25.0,26.942627
1965-04-04,31.5,-25.0,25.845795
1965-04-05,31.5,-25.0,25.900818
1965-04-06,31.5,-25.0,31.559174
1965-04-07,31.5,-25.0,29.484741
1965-04-08,31.5,-25.0,31.621521
1965-04-09,31.5,-25.0,33.21173
1965-04-10,31.5,-25.0,33.868378
1965-04-11,31.5,-25.0,33.73999
1965-04-12,31.5,-25.0,36.148224
1965-04-13,31.5,-25.0,21.339294
1965-04-14,31.5,-25.0,19.754578
1965-04-15,31.5,-25.0,22.7901
1965-04-16,31.5,-25.0,25.326721
1965-04-17,31.5,-25.0,28.298065
1965-04-18,31.5,-25.0,28.956512
1965-04-19,31.5,-25.0,30.020325
1965-04-20,31.5,-25.0,31.392273
1965-04-21,31.5,-25.0,31.621521
1965-04-22,31.5,-25.0,24.226227
1965-04-23,31.5,-25.0,26.623474
1965-04-24,31.5,-25.0,30.042328
1965-04-25,31.5,-25.0,25.7229
1965-04-26,31.5,-25.0,25.246033
1965-04-27,31.5,-25.0,25.359741
1965-04-28,31.5,-25.0,26.68216
1965-04-29,31.5,-25.0,29.139923
1965-04-30,31.5,-25.0,23.367859
1965-05-01,31.5,-25.0,30.349152
1965-05-02,31.5,-25.0,28.198242
1965-05-03,31.5,-25.0,30.551544
1965-05-04,31.5,-25.0,28.303131
1965-05-05,31.5,-25.0,26.884521
1965-05-06,31.5,-25.0,27.123718
1965-05-07,31.5,-25.0,24.31778
1965-05-08,31.5,-25.0,27.633362
1965-05-09,31.5,-25.0,29.607635
1965-05-10,31.5,-25.0,21.820953
1965-05-11,31.5,-25.0,26.755707
1965-05-12,31.5,-25.0,30.216675
1965-05-13,31.5,-25.0,23.5542
1965-05-14,31.5,-25.0,22.551422
1965-05-15,31.5,-25.0,25.81549
1965-05-16,31.5,-25.0,25.69223
1965-05-17,31.5,-25.0,25.261658
1965-05-18,31.5,-25.0,22.354523
1965-05-19,31.5,-25.0,22.534851
1965-05-20,31.5,-25.0,24.297516
1965-05-21,31.5,-25.0,26.31781
1965-05-22,31.5,-25.0,26.934174
1965-05-23,31.5,-25.0,27.574493
1965-05-24,31.5,-25.0,28.580963
1965-05-25,31.5,-25.0,26.507324
1965-05-26,31.5,-25.0,24.799835
1965-05-27,31.5,-25.0,30.043701
1965-05-28,31.5,-25.0,31.592957
1965-05-29,31.5,-25.0,28.04184
1965-05-30,31.5,-25.0,28.097046
1965-05-31,31.5,-25.0,23.552338
1965-06-01,31.5,-25.0,17.377441
1965-06-02,31.5,-25.0,20.218536
1965-06-03,31.5,-25.0,20.642609
1965-06-04,31.5,-25.0,21.872345
1965-06-05,31.5,-25.0,22.20578
1965-06-06,31.5,-25.0,22.967163
1965-06-07,31.5,-25.0,21.899323
1965-06-08,31.5,-25.0,19.378174
1965-06-09,31.5,-25.0,19.401306
1965-06-10,31.5,-25.0,20.891235
1965-06-11,31.5,-25.0,21.974487
1965-06-12,31.5,-25.0,23.5242
1965-06-13,31.5,-25.0,25.010284
1965-06-14,31.5,-25.0,26.25351
1965-06-15,31.5,-25.0,29.343292
1965-06-16,31.5,-25.0,25.482513
1965-06-17,31.5,-25.0,20.203125
1965-06-18,31.5,-25.0,17.435242
1965-06-19,31.5,-25.0,21.257477
1965-06-20,31.5,-25.0,21.529236
1965-06-21,31.5,-25.0,20.949066
1965-06-22,31.5,-25.0,21.5466
1965-06-23,31.5,-25.0,20.332275
1965-06-24,31.5,-25.0,20.287933
1965-06-25,31.5,-25.0,21.66803
1965-06-26,31.5,-25.0,23.055817
1965-06-27,31.5,-25.0,26.05307
1965-06-28,31.5,-25.0,22.63562
1965-06-29,31.5,-25.0,23.628296
1965-06-30,31.5,-25.0,21.960999
1965-07-01,31.5,-25.0,22.102081
1965-07-02,31.5,-25.0,22.211395
1965-07-03,31.5,-25.0,23.276215
1965-07-04,31.5,-25.0,23.972595
1965-07-05,31.5,-25.0,24.391663
1965-07-06,31.5,-25.0,25.745941
1965-07-07,31.5,-25.0,22.859222
1965-07-08,31.5,-25.0,24.215546
1965-07-09,31.5,-25.0,24.330933
1965-07-10,31.5,-25.0,24.116333
1965-07-11,31.5,-25.0,25.183197
1965-07-12,31.5,-25.0,22.865295
1965-07-13,31.5,-25.0,25.719635
1965-07-14,31.5,-25.0,21.842987
1965-07-15,31.5,-25.0,23.444244
1965-07-16,31.5,-25.0,23.863281
1965-07-17,31.5,-25.0,22.183075
1965-07-18,31.5,-25.0,24.168976
1965-07-19,31.5,-25.0,24.782349
1965-07-20,31.5,-25.0,22.39563
1965-07-21,31.5,-25.0,24.492859
1965-07-22,31.5,-25.0,25.442291
1965-07-23,31.5,-25.0,26.414001
1965-07-24,31.5,-25.0,24.67102
1965-07-25,31.5,-25.0,22.88147
1965-07-26,31.5,-25.0,23.749939
1965-07-27,31.5,-25.0,26.017212
1965-07-28,31.5,-25.0,28.51529
1965-07-29,31.5,-25.0,28.337158
1965-07-30,31.5,-25.0,26.816833
1965-07-31,31.5,-25.0,25.59616
1965-08-01,31.5,-25.0,23.7146
1965-08-02,31.5,-25.0,26.700531
1965-08-03,31.5,-25.0,24.237274
1965-08-04,31.5,-25.0,26.640076
1965-08-05,31.5,-25.0,28.779572
1965-08-06,31.5,-25.0,31.248688
1965-08-07,31.5,-25.0,25.411377
1965-08-08,31.5,-25.0,22.809631
1965-08-09,31.5,-25.0,24.455719
1965-08-10,31.5,-25.0,25.551788
1965-08-11,31.5,-25.0,27.394836
1965-08-12,31.5,-25.0,27.127655
1965-08-13,31.5,-25.0,28.63916
1965-08-14,31.5,-25.0,26.918976
1965-08-15,31.5,-25.0,26.922852
1965-08-16,31.5,-25.0,26.220764
1965-08-17,31.5,-25.0,25.200745
1965-08-18,31.5,-25.0,26.673218
1965-08-19,31.5,-25.0,30.181854
1965-08-20,31.5,-25.0,27.911682
1965-08-21,31.5,-25.0,32.253082
1965-08-22,31.5,-25.0,35.23123
1965-08-23,31.5,-25.0,31.020477
1965-08-24,31.5,-25.0,30.8703
1965-08-25,31.5,-25.0,33.00006
1965-08-26,31.5,-25.0,34.193665
1965-08-27,31.5,-25.0,22.234283
1965-08-28,31.5,-25.0,13.990295
1965-08-29,31.5,-25.0,18.60086
1965-08-30,31.5,-25.0,19.673523
1965-08-31,31.5,-25.0,20.562866
1965-09-01,31.5,-25.0,21.914398
1965-09-02,31.5,-25.0,24.100372
1965-09-03,31.5,-25.0,23.438538
1965-09-04,31.5,-25.0,26.420624
1965-09-05,31.5,-25.0,28.368347
1965-09-06,31.5,-25.0,24.378357
1965-09-07,31.5,-25.0,27.638428
1965-09-08,31.5,-25.0,28.678467
1965-09-09,31.5,-25.0,28.765442
1965-09-10,31.5,-25.0,30.667786
1965-09-11,31.5,-25.0,29.334625
1965-09-12,31.5,-25.0,30.637543
1965-09-13,31.5,-25.0,28.241638
1965-09-14,31.5,-25.0,28.66333
1965-09-15,31.5,-25.0,31.77591
1965-09-16,31.5,-25.0,34.07724
1965-09-17,31.5,-25.0,35.535187
1965-09-18,31.5,-25.0,30.195038
1965-09-19,31.5,-25.0,26.37146
1965-09-20,31.5,-25.0,27.402039
1965-09-21,31.5,-25.0,28.99237
1965-09-22,31.5,-25.0,31.422302
1965-09-23,31.5,-25.0,35.141876
1965-09-24,31.5,-25.0,28.888367
1965-09-25,31.5,-25.0,14.596252
1965-09-26,31.5,-25.0,21.23175
1965-09-27,31.5,-25.0,23.05655
1965-09-28,31.5,-25.0,27.245087
1965-09-29,31.5,-25.0,29.606934
1965-09-30,31.5,-25.0,28.400482
1965-10-01,31.5,-25.0,22.991638
1965-10-02,31.5,-25.0,29.414642
1965-10-03,31.5,-25.0,32.92798
1965-10-04,31.5,-25.0,25.235992
1965-10-05,31.5,-25.0,23.046051
1965-10-06,31.5,-25.0,27.958923
1965-10-07,31.5,-25.0,31.52301
1965-10-08,31.5,-25.0,33.44464
1965-10-09,31.5,-25.0,34.60669
1965-10-10,31.5,-25.0,26.572083
1965-10-11,31.5,-25.0,23.4068
1965-10-12,31.5,-25.0,21.10083
1965-10-13,31.5,-25.0,26.479614
1965-10-14,31.5,-25.0,27.576385
1965-10-15,31.5,-25.0,29.055695
1965-10-16,31.5,-25.0,32.68869
1965-10-17,31.5,-25.0,36.617188
1965-10-18,31.5,-25.0,20.232452
1965-10-19,31.5,-25.0,16.429077
1965-10-20,31.5,-25.0,22.215729
1965-10-21,31.5,-25.0,23.36148
1965-10-22,31.5,-25.0,28.51004
1965-10-23,31.5,-25.0,31.671661
1965-10-24,31.5,-25.0,33.339508
1965-10-25,31.5,-25.0,34.90039
1965-10-26,31.5,-25.0,26.187744
1965-10-27,31.5,-25.0,32.627045
1965-10-28,31.5,-25.0,37.295197
1965-10-29,31.5,-25.0,34.226013
1965-10-30,31.5,-25.0,37.636017
1965-10-31,31.5,-25.0,37.724854
1965-11-01,31.5,-25.0,32.211
1965-11-02,31.5,-25.0,36.04074
1965-11-03,31.5,-25.0,36.80832
1965-11-04,31.5,-25.0,35.946594
1965-11-05,31.5,-25.0,24.765259
1965-11-06,31.5,-25.0,23.365814
1965-11-07,31.5,-25.0,29.033875
1965-11-08,31.5,-25.0,25.049316
1965-11-09,31.5,-25.0,29.96579
1965-11-10,31.5,-25.0,34.251923
1965-11-11,31.5,-25.0,35.381714
1965-11-12,31.5,-25.0,32.95459
1965-11-13,31.5,-25.0,21.436554
1965-11-14,31.5,-25.0,18.39508
1965-11-15,31.5,-25.0,17.013184
1965-11-16,31.5,-25.0,22.499329
1965-11-17,31.5,-25.0,30.771637
1965-11-18,31.5,-25.0,35.533325
1965-11-19,31.5,-25.0,35.99768
1965-11-20,31.5,-25.0,24.907288
1965-11-21,31.5,-25.0,24.12378
1965-11-22,31.5,-25.0,28.365265
1965-11-23,31.5,-25.0,34.078003
1965-11-24,31.5,-25.0,28.577484
1965-11-25,31.5,-25.0,29.517365
1965-11-26,31.5,-25.0,30.966309
1965-11-27,31.5,-25.0,30.816315
1965-11-28,31.5,-25.0,32.566833
1965-11-29,31.5,-25.0,32.056183
1965-11-30,31.5,-25.0,29.619507
1965-12-01,31.5,-25.0,33.768646
1965-12-02,31.5,-25.0,35.940247
1965-12-03,31.5,-25.0,33.689423
1965-12-04,31.5,-25.0,29.915436
1965-12-05,31.5,-25.0,30.322906
1965-12-06,31.5,-25.0,36.468994
1965-12-07,31.5,-25.0,32.509033
1965-12-08,31.5,-25.0,32.727325
1965-12-09,31.5,-25.0,35.665344
1965-12-10,31.5,-25.0,22.2753
1965-12-11,31.5,-25.0,29.926758
1965-12-12,31.5,-25.0,34.548035
1965-12-13,31.5,-25.0,37.35022
1965-12-14,31.5,-25.0,38.47885
1965-12-15,31.5,-25.0,34.809967
1965-12-16,31.5,-25.0,36.771362
1965-12-17,31.5,-25.0,38.469177
1965-12-18,31.5,-25.0,30.423157
1965-12-19,31.5,-25.0,29.588806
1965-12-20,31.5,-25.0,31.522705
1965-12-21,31.5,-25.0,29.02127
1965-12-22,31.5,-25.0,34.5448
1965-12-23,31.5,-25.0,38.3786
1965-12-24,31.5,-25.0,29.786072
1965-12-25,31.5,-25.0,32.916534
1965-12-26,31.5,-25.0,35.537598
1965-12-27,31.5,-25.0,36.831177
1965-12-28,31.5,-25.0,38.64218
1965-12-29,31.5,-25.0,27.494843
1965-12-30,31.5,-25.0,28.60733
1965-12-31,31.5,-25.0,28.87735
1966-01-01,31.5,-25.0,32.794373
1966-01-02,31.5,-25.0,33.763947
1966-01-03,31.5,-25.0,33.365997
1966-01-04,31.5,-25.0,36.927338
1966-01-05,31.5,-25.0,35.69638
1966-01-06,31.5,-25.0,37.617004
1966-01-07,31.5,-25.0,29.160522
1966-01-08,31.5,-25.0,27.769379
1966-01-09,31.5,-25.0,25.346252
1966-01-10,31.5,-25.0,25.02417
1966-01-11,31.5,-25.0,32.585266
1966-01-12,31.5,-25.0,29.637726
1966-01-13,31.5,-25.0,31.791046
1966-01-14,31.5,-25.0,31.162079
1966-01-15,31.5,-25.0,35.90042
1966-01-16,31.5,-25.0,38.097595
1966-01-17,31.5,-25.0,36.716553
1966-01-18,31.5,-25.0,37.896942
1966-01-19,31.5,-25.0,37.714813
1966-01-20,31.5,-25.0,33.63748
1966-01-21,31.5,-25.0,29.104889
1966-01-22,31.5,-25.0,32.145172
1966-01-23,31.5,-25.0,27.150513
1966-01-24,31.5,-25.0,32.53131
1966-01-25,31.5,-25.0,34.71164
1966-01-26,31.5,-25.0,34.912292
1966-01-27,31.5,-25.0,28.985168
1966-01-28,31.5,-25.0,28.664764
1966-01-29,31.5,-25.0,28.566956
1966-01-30,31.5,-25.0,28.612488
1966-01-31,31.5,-25.0,30.544922
1966-02-01,31.5,-25.0,32.916473
1966-02-02,31.5,-25.0,24.86148
1966-02-03,31.5,-25.0,32.306824
1966-02-04,31.5,-25.0,24.828308
1966-02-05,31.5,-25.0,27.143738
1966-02-06,31.5,-25.0,32.5011
1966-02-07,31.5,-25.0,22.192291
1966-02-08,31.5,-25.0,21.693176
1966-02-09,31.5,-25.0,24.351318
1966-02-10,31.5,-25.0,27.371155
1966-02-11,31.5,-25.0,28.457794
1966-02-12,31.5,-25.0,26.308228
1966-02-13,31.5,-25.0,25.94339
1966-02-14,31.5,-25.0,28.539917
1966-02-15,31.5,-25.0,27.84024
1966-02-16,31.5,-25.0,29.980347
1966-02-17,31.5,-25.0,28.088226
1966-02-18,31.5,-25.0,29.733948
1966-02-19,31.5,-25.0,29.530212
1966-02-20,31.5,-25.0,29.168518
1966-02-21,31.5,-25.0,32.000427
1966-02-22,31.5,-25.0,27.657043
1966-02-23,31.5,-25.0,28.475159
1966-02-24,31.5,-25.0,28.314056
1966-02-25,31.5,-25.0,25.644867
1966-02-26,31.5,-25.0,29.647095
1966-02-27,31.5,-25.0,35.200287
1966-02-28,31.5,-25.0,25.463226
1966-03-01,31.5,-25.0,27.37732
1966-03-02,31.5,-25.0,29.82196
1966-03-03,31.5,-25.0,31.607605
1966-03-04,31.5,-25.0,29.176514
1966-03-05,31.5,-25.0,31.141724
1966-03-06,31.5,-25.0,31.351776
1966-03-07,31.5,-25.0,32.879913
1966-03-08,31.5,-25.0,35.700684
1966-03-09,31.5,-25.0,24.397308
1966-03-10,31.5,-25.0,27.409515
1966-03-11,31.5,-25.0,33.362732
1966-03-12,31.5,-25.0,28.546265
1966-03-13,31.5,-25.0,29.203613
1966-03-14,31.5,-25.0,28.693665
1966-03-15,31.5,-25.0,31.102753
1966-03-16,31.5,-25.0,30.696167
1966-03-17,31.5,-25.0,28.141388
1966-03-18,31.5,-25.0,31.377197
1966-03-19,31.5,-25.0,31.958282
1966-03-20,31.5,-25.0,30.492859
1966-03-21,31.5,-25.0,32.424194
1966-03-22,31.5,-25.0,32.45639
1966-03-23,31.5,-25.0,32.491943
1966-03-24,31.5,-25.0,32.85788
1966-03-25,31.5,-25.0,34.3013
1966-03-26,31.5,-25.0,33.15268
1966-03-27,31.5,-25.0,29.503479
1966-03-28,31.5,-25.0,34.54358
1966-03-29,31.5,-25.0,33.17639
1966-03-30,31.5,-25.0,25.234222
1966-03-31,31.5,-25.0,28.266754
1966-04-01,31.5,-25.0,25.248108
1966-04-02,31.5,-25.0,24.786896
1966-04-03,31.5,-25.0,26.793335
1966-04-04,31.5,-25.0,30.010925
1966-04-05,31.5,-25.0,31.203888
1966-04-06,31.5,-25.0,27.811981
1966-04-07,31.5,-25.0,27.920929
1966-04-08,31.5,-25.0,31.774048
1966-04-09,31.5,-25.0,32.676483
1966-04-10,31.5,-25.0,34.70111
1966-04-11,31.5,-25.0,32.627472
1966-04-12,31.5,-25.0,26.148743
1966-04-13,31.5,-25.0,27.81018
1966-04-14,31.5,-25.0,32.87079
1966-04-15,31.5,-25.0,28.253235
1966-04-16,31.5,-25.0,29.736725
1966-04-17,31.5,-25.0,29.956451
1966-04-18,31.5,-25.0,31.399994
1966-04-19,31.5,-25.0,33.00879
1966-04-20,31.5,-25.0,20.536133
1966-04-21,31.5,-25.0,23.86084
1966-04-22,31.5,-25.0,24.118683
1966-04-23,31.5,-25.0,25.45691
1966-04-24,31.5,-25.0,28.267761
1966-04-25,31.5,-25.0,25.841858
1966-04-26,31.5,-25.0,26.366638
1966-04-27,31.5,-25.0,26.998535
1966-04-28,31.5,-25.0,23.577576
1966-04-29,31.5,-25.0,23.868103
1966-04-30,31.5,-25.0,25.090118
1966-05-01,31.5,-25.0,23.765045
1966-05-02,31.5,-25.0,24.618042
1966-05-03,31.5,-25.0,27.854797
1966-05-04,31.5,-25.0,27.603485
1966-05-05,31.5,-25.0,27.317902
1966-05-06,31.5,-25.0,29.446533
1966-05-07,31.5,-25.0,30.350922
1966-05-08,31.5,-25.0,30.221466
1966-05-09,31.5,-25.0,29.886353
1966-05-10,31.5,-25.0,30.459473
1966-05-11,31.5,-25.0,26.681946
1966-05-12,31.5,-25.0,28.860107
1966-05-13,31.5,-25.0,28.39746
1966-05-14,31.5,-25.0,24.65802
1966-05-15,31.5,-25.0,28.58783
1966-05-16,31.5,-25.0,25.28064
1966-05-17,31.5,-25.0,29.644562
1966-05-18,31.5,-25.0,29.680725
1966-05-19,31.5,-25.0,28.898193
1966-05-20,31.5,-25.0,18.746155
1966-05-21,31.5,-25.0,18.024536
1966-05-22,31.5,-25.0,23.292877
1966-05-23,31.5,-25.0,23.963074
1966-05-24,31.5,-25.0,25.170197
1966-05-25,31.5,-25.0,25.889893
1966-05-26,31.5,-25.0,23.548004
1966-05-27,31.5,-25.0,25.128296
1966-05-28,31.5,-25.0,28.427917
1966-05-29,31.5,-25.0,26.37732
1966-05-30,31.5,-25.0,29.063843
1966-05-31,31.5,-25.0,24.054474
1966-06-01,31.5,-25.0,26.941376
1966-06-02,31.5,-25.0,27.31894
1966-06-03,31.5,-25.0,22.636322
1966-06-04,31.5,-25.0,21.700195
1966-06-05,31.5,-25.0,23.603607
1966-06-06,31.5,-25.0,26.867432
1966-06-07,31.5,-25.0,22.90686
1966-06-08,31.5,-25.0,23.562744
1966-06-09,31.5,-25.0,26.013031
1966-06-10,31.5,-25.0,27.241089
1966-06-11,31.5,-25.0,28.165558
1966-06-12,31.5,-25.0,30.89804
1966-06-13,31.5,-25.0,25.507019
1966-06-14,31.5,-25.0,24.78302
1966-06-15,31.5,-25.0,23.698975
1966-06-16,31.5,-25.0,23.38562
1966-06-17,31.5,-25.0,24.650665
1966-06-18,31.5,-25.0,22.14392
1966-06-19,31.5,-25.0,23.263
1966-06-20,31.5,-25.0,24.358734
1966-06-21,31.5,-25.0,22.96524
1966-06-22,31.5,-25.0,22.529297
1966-06-23,31.5,-25.0,21.003448
1966-06-24,31.5,-25.0,20.172424
1966-06-25,31.5,-25.0,17.873932
1966-06-26,31.5,-25.0,22.827057
1966-06-27,31.5,-25.0,25.890411
1966-06-28,31.5,-25.0,26.585205
1966-06-29,31.5,-25.0,26.97641
1966-06-30,31.5,-25.0,29.21457
1966-07-01,31.5,-25.0,28.574768
1966-07-02,31.5,-25.0,31.743958
1966-07-03,31.5,-25.0,21.302979
1966-07-04,31.5,-25.0,25.592987
1966-07-05,31.5,-25.0,25.937256
1966-07-06,31.5,-25.0,26.293
1966-07-07,31.5,-25.0,26.509125
1966-07-08,31.5,-25.0,27.13263
1966-07-09,31.5,-25.0,28.534607
1966-07-10,31.5,-25.0,25.535614
1966-07-11,31.5,-25.0,25.133942
1966-07-12,31.5,-25.0,25.126312
1966-07-13,31.5,-25.0,27.421448
1966-07-14,31.5,-25.0,30.313324
1966-07-15,31.5,-25.0,24.397583
1966-07-16,31.5,-25.0,27.077179
1966-07-17,31.5,-25.0,27.312439
1966-07-18,31.5,-25.0,27.220612
1966-07-19,31.5,-25.0,30.225342
1966-07-20,31.5,-25.0,24.743774
1966-07-21,31.5,-25.0,16.15039
1966-07-22,31.5,-25.0,23.177338
1966-07-23,31.5,-25.0,28.008636
1966-07-24,31.5,-25.0,30.850769
1966-07-25,31.5,-25.0,18.766846
1966-07-26,31.5,-25.0,19.080505
1966-07-27,31.5,-25.0,22.73935
1966-07-28,31.5,-25.0,25.612122
1966-07-29,31.5,-25.0,23.23471
1966-07-30,31.5,-25.0,25.21811
1966-07-31,31.5,-25.0,27.432922
1966-08-01,31.5,-25.0,23.403717
1966-08-02,31.5,-25.0,28.22165
1966-08-03,31.5,-25.0,30.066864
1966-08-04,31.5,-25.0,25.558777
1966-08-05,31.5,-25.0,27.659882
1966-08-06,31.5,-25.0,31.082428
1966-08-07,31.5,-25.0,24.94104
1966-08-08,31.5,-25.0,23.757568
1966-08-09,31.5,-25.0,26.190521
1966-08-10,31.5,-25.0,30.498688
1966-08-11,31.5,-25.0,27.22409
1966-08-12,31.5,-25.0,28.907349
1966-08-13,31.5,-25.0,27.53595
1966-08-14,31.5,-25.0,26.17453
1966-08-15,31.5,-25.0,23.593628
1966-08-16,31.5,-25.0,23.705566
1966-08-17,31.5,-25.0,27.471985
1966-08-18,31.5,-25.0,32.243927
1966-08-19,31.5,-25.0,23.537659
1966-08-20,31.5,-25.0,14.567474
1966-08-21,31.5,-25.0,21.360565
1966-08-22,31.5,-25.0,23.14383
1966-08-23,31.5,-25.0,24.381287
1966-08-24,31.5,-25.0,28.899353
1966-08-25,31.5,-25.0,29.731018
1966-08-26,31.5,-25.0,29.631042
1966-08-27,31.5,-25.0,29.407135
1966-08-28,31.5,-25.0,28.763428
1966-08-29,31.5,-25.0,28.389587
1966-08-30,31.5,-25.0,24.753143
1966-08-31,31.5,-25.0,21.84436
1966-09-01,31.5,-25.0,29.130432
1966-09-02,31.5,-25.0,26.674713
1966-09-03,31.5,-25.0,29.928253
1966-09-04,31.5,-25.0,31.953918
1966-09-05,31.5,-25.0,25.111115
1966-09-06,31.5,-25.0,20.054474
1966-09-07,31.5,-25.0,27.191498
1966-09-08,31.5,-25.0,26.508728
1966-09-09,31.5,-25.0,26.885956
1966-09-10,31.5,-25.0,31.40506
1966-09-11,31.5,-25.0,26.882172
1966-09-12,31.5,-25.0,26.61435
1966-09-13,31.5,-25.0,31.316437
1966-09-14,31.5,-25.0,36.216553
1966-09-15,31.5,-25.0,31.216461
1966-09-16,31.5,-25.0,24.743347
1966-09-17,31.5,-25.0,16.691528
1966-09-18,31.5,-25.0,17.37619
1966-09-19,31.5,-25.0,22.487549
1966-09-20,31.5,-25.0,27.315979
1966-09-21,31.5,-25.0,26.469116
1966-09-22,31.5,-25.0,30.743042
1966-09-23,31.5,-25.0,35.262177
1966-09-24,31.5,-25.0,30.248901
1966-09-25,31.5,-25.0,36.50699
1966-09-26,31.5,-25.0,33.560883
1966-09-27,31.5,-25.0,32.161407
1966-09-28,31.5,-25.0,30.818481
1966-09-29,31.5,-25.0,22.959076
1966-09-30,31.5,-25.0,24.750885
1966-10-01,31.5,-25.0,30.99997
1966-10-02,31.5,-25.0,34.24225
1966-10-03,31.5,-25.0,35.193085
1966-10-04,31.5,-25.0,36.06424
1966-10-05,31.5,-25.0,38.284515
1966-10-06,31.5,-25.0,25.054352
1966-10-07,31.5,-25.0,29.667816
1966-10-08,31.5,-25.0,30.79657
1966-10-09,31.5,-25.0,33.259216
1966-10-10,31.5,-25.0,37.65912
1966-10-11,31.5,-25.0,24.944214
1966-10-12,31.5,-25.0,24.176422
1966-10-13,31.5,-25.0,21.129059
1966-10-14,31.5,-25.0,33.865997
1966-10-15,31.5,-25.0,20.368042
1966-10-16,31.5,-25.0,23.46289
1966-10-17,31.5,-25.0,30.155914
1966-10-18,31.5,-25.0,18.74945
1966-10-19,31.5,-25.0,17.834229
1966-10-20,31.5,-25.0,23.245941
1966-10-21,31.5,-25.0,26.579742
1966-10-22,31.5,-25.0,20.862946
1966-10-23,31.5,-25.0,24.708618
1966-10-24,31.5,-25.0,30.53897
1966-10-25,31.5,-25.0,32.967712
1966-10-26,31.5,-25.0,27.530579
1966-10-27,31.5,-25.0,32.41519
1966-10-28,31.5,-25.0,34.867676
1966-10-29,31.5,-25.0,33.318542
1966-10-30,31.5,-25.0,33.682953
1966-10-31,31.5,-25.0,35.53714
1966-11-01,31.5,-25.0,36.90497
1966-11-02,31.5,-25.0,37.538208
1966-11-03,31.5,-25.0,37.6474
1966-11-04,31.5,-25.0,32.71408
1966-11-05,31.5,-25.0,34.053864
1966-11-06,31.5,-25.0,28.008453
1966-11-07,31.5,-25.0,29.619629
1966-11-08,31.5,-25.0,31.539612
1966-11-09,31.5,-25.0,25.291473
1966-11-10,31.5,-25.0,26.342712
1966-11-11,31.5,-25.0,27.169342
1966-11-12,31.5,-25.0,30.510223
1966-11-13,31.5,-25.0,31.174652
1966-11-14,31.5,-25.0,36.519745
1966-11-15,31.5,-25.0,21.981781
1966-11-16,31.5,-25.0,26.322418
1966-11-17,31.5,-25.0,33.740356
1966-11-18,31.5,-25.0,34.325226
1966-11-19,31.5,-25.0,22.708588
1966-11-20,31.5,-25.0,23.945435
1966-11-21,31.5,-25.0,27.663757
1966-11-22,31.5,-25.0,25.762482
1966-11-23,31.5,-25.0,26.943176
1966-11-24,31.5,-25.0,31.704956
1966-11-25,31.5,-25.0,34.84619
1966-11-26,31.5,-25.0,28.317291
1966-11-27,31.5,-25.0,33.863556
1966-11-28,31.5,-25.0,36.27954
1966-11-29,31.5,-25.0,39.891815
1966-11-30,31.5,-25.0,23.664703
1966-12-01,31.5,-25.0,35.644806
1966-12-02,31.5,-25.0,28.972076
1966-12-03,31.5,-25.0,35.64801
1966-12-04,31.5,-25.0,33.099792
1966-12-05,31.5,-25.0,37.30545
1966-12-06,31.5,-25.0,35.024475
1966-12-07,31.5,-25.0,30.513397
1966-12-08,31.5,-25.0,29.224976
1966-12-09,31.5,-25.0,33.850586
1966-12-10,31.5,-25.0,31.130554
1966-12-11,31.5,-25.0,31.695251
1966-12-12,31.5,-25.0,34.483643
1966-12-13,31.5,-25.0,36.38446
1966-12-14,31.5,-25.0,34.38504
1966-12-15,31.5,-25.0,21.05542
1966-12-16,31.5,-25.0,22.035248
1966-12-17,31.5,-25.0,19.647705
1966-12-18,31.5,-25.0,23.306183
1966-12-19,31.5,-25.0,22.405884
1966-12-20,31.5,-25.0,22.727173
1966-12-21,31.5,-25.0,26.532013
1966-12-22,31.5,-25.0,28.39624
1966-12-23,31.5,-25.0,29.82306
1966-12-24,31.5,-25.0,26.37613
1966-12-25,31.5,-25.0,29.846924
1966-12-26,31.5,-25.0,29.484253
1966-12-27,31.5,-25.0,26.955109
1966-12-28,31.5,-25.0,30.97467
1966-12-29,31.5,-25.0,32.756195
1966-12-30,31.5,-25.0,33.276337
1966-12-31,31.5,-25.0,28.296051
1967-01-01,31.5,-25.0,32.5076
1967-01-02,31.5,-25.0,27.73526
1967-01-03,31.5,-25.0,29.085419
1967-01-04,31.5,-25.0,34.30725
1967-01-05,31.5,-25.0,27.04013
1967-01-06,31.5,-25.0,30.539185
1967-01-07,31.5,-25.0,35.44687
1967-01-08,31.5,-25.0,40.302765
1967-01-09,31.5,-25.0,32.9003
1967-01-10,31.5,-25.0,28.214844
1967-01-11,31.5,-25.0,35.32321
1967-01-12,31.5,-25.0,31.503326
1967-01-13,31.5,-25.0,33.324707
1967-01-14,31.5,-25.0,34.110077
1967-01-15,31.5,-25.0,32.853516
1967-01-16,31.5,-25.0,33.93631
1967-01-17,31.5,-25.0,28.686035
1967-01-18,31.5,-25.0,34.434265
1967-01-19,31.5,-25.0,34.546204
1967-01-20,31.5,-25.0,34.302246
1967-01-21,31.5,-25.0,36.08185
1967-01-22,31.5,-25.0,25.425934
1967-01-23,31.5,-25.0,30.136475
1967-01-24,31.5,-25.0,29.441345
1967-01-25,31.5,-25.0,30.367065
1967-01-26,31.5,-25.0,29.895844
1967-01-27,31.5,-25.0,30.712952
1967-01-28,31.5,-25.0,30.435577
1967-01-29,31.5,-25.0,30.975311
1967-01-30,31.5,-25.0,32.98886
1967-01-31,31.5,-25.0,34.405853
1967-02-01,31.5,-25.0,28.734436
1967-02-02,31.5,-25.0,28.055145
1967-02-03,31.5,-25.0,32.793976
1967-02-04,31.5,-25.0,25.508667
1967-02-05,31.5,-25.0,28.546112
1967-02-06,31.5,-25.0,32.114716
1967-02-07,31.5,-25.0,31.725159
1967-02-08,31.5,-25.0,33.424957
1967-02-09,31.5,-25.0,28.557373
1967-02-10,31.5,-25.0,25.47165
1967-02-11,31.5,-25.0,26.831818
1967-02-12,31.5,-25.0,27.448303
1967-02-13,31.5,-25.0,29.957764
1967-02-14,31.5,-25.0,31.630188
1967-02-15,31.5,-25.0,29.011292
1967-02-16,31.5,-25.0,29.090149
1967-02-17,31.5,-25.0,32.581512
1967-02-18,31.5,-25.0,32.586334
1967-02-19,31.5,-25.0,19.734833
1967-02-20,31.5,-25.0,23.269653
1967-02-21,31.5,-25.0,27.358185
1967-02-22,31.5,-25.0,29.81128
1967-02-23,31.5,-25.0,31.012085
1967-02-24,31.5,-25.0,29.196411
1967-02-25,31.5,-25.0,21.565002
1967-02-26,31.5,-25.0,24.28534
1967-02-27,31.5,-25.0,29.170654
1967-02-28,31.5,-25.0,29.207672
1967-03-01,31.5,-25.0,29.490417
1967-03-02,31.5,-25.0,29.726318
1967-03-03,31.5,-25.0,26.869385
1967-03-04,31.5,-25.0,26.172058
1967-03-05,31.5,-25.0,27.202423
1967-03-06,31.5,-25.0,26.126953
1967-03-07,31.5,-25.0,27.408844
1967-03-08,31.5,-25.0,30.432312
1967-03-09,31.5,-25.0,30.458344
1967-03-10,31.5,-25.0,32.158295
1967-03-11,31.5,-25.0,31.677795
1967-03-12,31.5,-25.0,31.69513
1967-03-13,31.5,-25.0,22.792969
1967-03-14,31.5,-25.0,24.364563
1967-03-15,31.5,-25.0,25.913574
1967-03-16,31.5,-25.0,25.637787
1967-03-17,31.5,-25.0,27.429657
1967-03-18,31.5,-25.0,29.976105
1967-03-19,31.5,-25.0,29.108795
1967-03-20,31.5,-25.0,24.890137
1967-03-21,31.5,-25.0,25.95694
1967-03-22,31.5,-25.0,28.038513
1967-03-23,31.5,-25.0,28.990845
1967-03-24,31.5,-25.0,27.714142
1967-03-25,31.5,-25.0,28.439209
1967-03-26,31.5,-25.0,27.891083
1967-03-27,31.5,-25.0,29.119202
1967-03-28,31.5,-25.0,29.776611
1967-03-29,31.5,-25.0,29.492157
1967-03-30,31.5,-25.0,29.823456
1967-03-31,31.5,-25.0,32.55899
1967-04-01,31.5,-25.0,31.763
1967-04-02,31.5,-25.0,20.97757
1967-04-03,31.5,-25.0,19.884247
1967-04-04,31.5,-25.0,24.769989
1967-04-05,31.5,-25.0,26.321594
1967-04-06,31.5,-25.0,25.026184
1967-04-07,31.5,-25.0,25.749664
1967-04-08,31.5,-25.0,28.656189
1967-04-09,31.5,-25.0,26.895325
1967-04-10,31.5,-25.0,24.849365
1967-04-11,31.5,-25.0,25.296814
1967-04-12,31.5,-25.0,26.594025
1967-04-13,31.5,-25.0,28.795135
1967-04-14,31.5,-25.0,26.294525
1967-04-15,31.5,-25.0,27.499725
1967-04-16,31.5,-25.0,28.29535
1967-04-17,31.5,-25.0,25.55841
1967-04-18,31.5,-25.0,23.182312
1967-04-19,31.5,-25.0,23.72174
1967-04-20,31.5,-25.0,29.284058
1967-04-21,31.5,-25.0,29.92633
1967-04-22,31.5,-25.0,21.800293
1967-04-23,31.5,-25.0,23.47998
1967-04-24,31.5,-25.0,26.170044
1967-04-25,31.5,-25.0,27.312073
1967-04-26,31.5,-25.0,27.968811
1967-04-27,31.5,-25.0,26.234985
1967-04-28,31.5,-25.0,28.105927
1967-04-29,31.5,-25.0,19.736298
1967-04-30,31.5,-25.0,25.417694
1967-05-01,31.5,-25.0,21.049347
1967-05-02,31.5,-25.0,23.630676
1967-05-03,31.5,-25.0,27.720276
1967-05-04,31.5,-25.0,25.650665
1967-05-05,31.5,-25.0,27.840576
1967-05-06,31.5,-25.0,28.14795
1967-05-07,31.5,-25.0,26.494537
1967-05-08,31.5,-25.0,24.157623
1967-05-09,31.5,-25.0,23.44928
1967-05-10,31.5,-25.0,23.983887
1967-05-11,31.5,-25.0,25.793854
1967-05-12,31.5,-25.0,25.778564
1967-05-13,31.5,-25.0,26.485016
1967-05-14,31.5,-25.0,26.695007
1967-05-15,31.5,-25.0,23.323273
1967-05-16,31.5,-25.0,24.354279
1967-05-17,31.5,-25.0,23.644043
1967-05-18,31.5,-25.0,23.68222
1967-05-19,31.5,-25.0,23.439728
1967-05-20,31.5,-25.0,25.419647
1967-05-21,31.5,-25.0,28.081146
1967-05-22,31.5,-25.0,23.936157
1967-05-23,31.5,-25.0,22.865051
1967-05-24,31.5,-25.0,22.368652
1967-05-25,31.5,-25.0,23.403473
1967-05-26,31.5,-25.0,26.74466
1967-05-27,31.5,-25.0,27.31363
1967-05-28,31.5,-25.0,19.758698
1967-05-29,31.5,-25.0,21.398743
1967-05-30,31.5,-25.0,24.730408
1967-05-31,31.5,-25.0,27.034851
1967-06-01,31.5,-25.0,24.760681
1967-06-02,31.5,-25.0,21.321869
1967-06-03,31.5,-25.0,21.256622
1967-06-04,31.5,-25.0,23.85492
1967-06-05,31.5,-25.0,25.382416
1967-06-06,31.5,-25.0,23.407806
1967-06-07,31.5,-25.0,22.872406
1967-06-08,31.5,-25.0,24.490112
1967-06-09,31.5,-25.0,26.39563
1967-06-10,31.5,-25.0,28.947876
1967-06-11,31.5,-25.0,23.709076
1967-06-12,31.5,-25.0,19.562195
1967-06-13,31.5,-25.0,19.681152
1967-06-14,31.5,-25.0,18.487549
1967-06-15,31.5,-25.0,20.918884
1967-06-16,31.5,-25.0,23.070068
1967-06-17,31.5,-25.0,23.499908
1967-06-18,31.5,-25.0,23.630402
1967-06-19,31.5,-25.0,25.071533
1967-06-20,31.5,-25.0,23.567078
1967-06-21,31.5,-25.0,23.102692
1967-06-22,31.5,-25.0,24.156189
1967-06-23,31.5,-25.0,26.142334
1967-06-24,31.5,-25.0,22.70929
1967-06-25,31.5,-25.0,18.493317
1967-06-26,31.5,-25.0,23.810791
1967-06-27,31.5,-25.0,24.482422
1967-06-28,31.5,-25.0,25.0466
1967-06-29,31.5,-25.0,23.64383
1967-06-30,31.5,-25.0,24.257904
1967-07-01,31.5,-25.0,26.203735
1967-07-02,31.5,-25.0,21.482422
1967-07-03,31.5,-25.0,25.055817
1967-07-04,31.5,-25.0,23.596252
1967-07-05,31.5,-25.0,21.449524
1967-07-06,31.5,-25.0,21.114624
1967-07-07,31.5,-25.0,23.880829
1967-07-08,31.5,-25.0,22.67871
1967-07-09,31.5,-25.0,18.74527
1967-07-10,31.5,-25.0,19.031769
1967-07-11,31.5,-25.0,20.512604
1967-07-12,31.5,-25.0,21.4534
1967-07-13,31.5,-25.0,22.723236
1967-07-14,31.5,-25.0,15.926819
1967-07-15,31.5,-25.0,15.806793
1967-07-16,31.5,-25.0,21.381775
1967-07-17,31.5,-25.0,21.674072
1967-07-18,31.5,-25.0,20.772003
1967-07-19,31.5,-25.0,22.77356
1967-07-20,31.5,-25.0,25.22229
1967-07-21,31.5,-25.0,19.281464
1967-07-22,31.5,-25.0,20.20871
1967-07-23,31.5,-25.0,23.63498
1967-07-24,31.5,-25.0,25.841736
1967-07-25,31.5,-25.0,21.848297
1967-07-26,31.5,-25.0,20.806854
1967-07-27,31.5,-25.0,23.166534
1967-07-28,31.5,-25.0,22.003143
1967-07-29,31.5,-25.0,23.62918
1967-07-30,31.5,-25.0,25.291992
1967-07-31,31.5,-25.0,25.96756
1967-08-01,31.5,-25.0,21.399658
1967-08-02,31.5,-25.0,25.018707
1967-08-03,31.5,-25.0,24.916992
1967-08-04,31.5,-25.0,26.15335
1967-08-05,31.5,-25.0,25.805115
1967-08-06,31.5,-25.0,27.820068
1967-08-07,31.5,-25.0,20.315887
1967-08-08,31.5,-25.0,23.09375
1967-08-09,31.5,-25.0,27.671387
1967-08-10,31.5,-25.0,27.59314
1967-08-11,31.5,-25.0,22.254517
1967-08-12,31.5,-25.0,23.92517
1967-08-13,31.5,-25.0,28.111542
1967-08-14,31.5,-25.0,24.512054
1967-08-15,31.5,-25.0,21.176636
1967-08-16,31.5,-25.0,25.32779
1967-08-17,31.5,-25.0,30.35733
1967-08-18,31.5,-25.0,20.554535
1967-08-19,31.5,-25.0,18.314636
1967-08-20,31.5,-25.0,19.423828
1967-08-21,31.5,-25.0,21.7948
1967-08-22,31.5,-25.0,23.398926
1967-08-23,31.5,-25.0,24.073853
1967-08-24,31.5,-25.0,23.273743
1967-08-25,31.5,-25.0,23.59848
1967-08-26,31.5,-25.0,22.144989
1967-08-27,31.5,-25.0,25.288666
1967-08-28,31.5,-25.0,26.967133
1967-08-29,31.5,-25.0,25.055878
1967-08-30,31.5,-25.0,25.82663
1967-08-31,31.5,-25.0,29.776306
1967-09-01,31.5,-25.0,27.434753
1967-09-02,31.5,-25.0,27.191925
1967-09-03,31.5,-25.0,30.618866
1967-09-04,31.5,-25.0,33.337433
1967-09-05,31.5,-25.0,27.679382
1967-09-06,31.5,-25.0,24.635834
1967-09-07,31.5,-25.0,24.102722
1967-09-08,31.5,-25.0,27.613678
1967-09-09,31.5,-25.0,25.616272
1967-09-10,31.5,-25.0,23.973083
1967-09-11,31.5,-25.0,27.345276
1967-09-12,31.5,-25.0,25.433716
1967-09-13,31.5,-25.0,29.222168
1967-09-14,31.5,-25.0,28.805878
1967-09-15,31.5,-25.0,30.595154
1967-09-16,31.5,-25.0,28.56308
1967-09-17,31.5,-25.0,28.283722
1967-09-18,31.5,-25.0,29.360931
1967-09-19,31.5,-25.0,29.393799
1967-09-20,31.5,-25.0,27.792603
1967-09-21,31.5,-25.0,28.256348
1967-09-22,31.5,-25.0,28.077423
1967-09-23,31.5,-25.0,22.826508
1967-09-24,31.5,-25.0,25.097778
1967-09-25,31.5,-25.0,30.753998
1967-09-26,31.5,-25.0,28.842407
1967-09-27,31.5,-25.0,32.87918
1967-09-28,31.5,-25.0,33.14209
1967-09-29,31.5,-25.0,33.983765
1967-09-30,31.5,-25.0,29.463165
1967-10-01,31.5,-25.0,35.796204
1967-10-02,31.5,-25.0,28.125183
1967-10-03,31.5,-25.0,23.370605
1967-10-04,31.5,-25.0,33.2778
1967-10-05,31.5,-25.0,28.80545
1967-10-06,31.5,-25.0,22.37735
1967-10-07,31.5,-25.0,32.34967
1967-10-08,31.5,-25.0,26.00299
1967-10-09,31.5,-25.0,25.058594
1967-10-10,31.5,-25.0,27.522736
1967-10-11,31.5,-25.0,26.498718
1967-10-12,31.5,-25.0,30.569427
1967-10-13,31.5,-25.0,26.638031
1967-10-14,31.5,-25.0,31.801483
1967-10-15,31.5,-25.0,26.985382
1967-10-16,31.5,-25.0,28.295258
1967-10-17,31.5,-25.0,29.031586
1967-10-18,31.5,-25.0,31.995056
1967-10-19,31.5,-25.0,29.594269
1967-10-20,31.5,-25.0,30.17862
1967-10-21,31.5,-25.0,31.095886
1967-10-22,31.5,-25.0,31.379944
1967-10-23,31.5,-25.0,32.48535
1967-10-24,31.5,-25.0,39.33499
1967-10-25,31.5,-25.0,21.680817
1967-10-26,31.5,-25.0,18.17096
1967-10-27,31.5,-25.0,20.361908
1967-10-28,31.5,-25.0,17.798248
1967-10-29,31.5,-25.0,22.428009
1967-10-30,31.5,-25.0,23.790344
1967-10-31,31.5,-25.0,24.982605
1967-11-01,31.5,-25.0,29.876862
1967-11-02,31.5,-25.0,26.84378
1967-11-03,31.5,-25.0,27.796814
1967-11-04,31.5,-25.0,28.513153
1967-11-05,31.5,-25.0,31.862885
1967-11-06,31.5,-25.0,30.56186
1967-11-07,31.5,-25.0,34.207855
1967-11-08,31.5,-25.0,32.303345
1967-11-09,31.5,-25.0,33.720367
1967-11-10,31.5,-25.0,29.925476
1967-11-11,31.5,-25.0,35.129517
1967-11-12,31.5,-25.0,33.97586
1967-11-13,31.5,-25.0,26.517761
1967-11-14,31.5,-25.0,30.817383
1967-11-15,31.5,-25.0,33.587128
1967-11-16,31.5,-25.0,37.48233
1967-11-17,31.5,-25.0,29.188751
1967-11-18,31.5,-25.0,18.805725
1967-11-19,31.5,-25.0,19.738373
1967-11-20,31.5,-25.0,24.025452
1967-11-21,31.5,-25.0,30.670013
1967-11-22,31.5,-25.0,29.174652
1967-11-23,31.5,-25.0,31.850342
1967-11-24,31.5,-25.0,34.25174
1967-11-25,31.5,-25.0,24.276245
1967-11-26,31.5,-25.0,27.660461
1967-11-27,31.5,-25.0,31.31427
1967-11-28,31.5,-25.0,34.902252
1967-11-29,31.5,-25.0,35.098175
1967-11-30,31.5,-25.0,30.776611
1967-12-01,31.5,-25.0,34.82617
1967-12-02,31.5,-25.0,30.837708
1967-12-03,31.5,-25.0,26.697968
1967-12-04,31.5,-25.0,32.716522
1967-12-05,31.5,-25.0,27.885742
1967-12-06,31.5,-25.0,30.2677
1967-12-07,31.5,-25.0,30.054352
1967-12-08,31.5,-25.0,30.043182
1967-12-09,31.5,-25.0,35.5968
1967-12-10,31.5,-25.0,35.03955
1967-12-11,31.5,-25.0,27.952637
1967-12-12,31.5,-25.0,25.01181
1967-12-13,31.5,-25.0,31.11795
1967-12-14,31.5,-25.0,32.444244
1967-12-15,31.5,-25.0,33.45688
1967-12-16,31.5,-25.0,32.7818
1967-12-17,31.5,-25.0,30.713501
1967-12-18,31.5,-25.0,28.016327
1967-12-19,31.5,-25.0,31.69751
1967-12-20,31.5,-25.0,29.681763
1967-12-21,31.5,-25.0,31.32016
1967-12-22,31.5,-25.0,28.970062
1967-12-23,31.5,-25.0,34.335785
1967-12-24,31.5,-25.0,29.18341
1967-12-25,31.5,-25.0,30.778809
1967-12-26,31.5,-25.0,26.52124
1967-12-27,31.5,-25.0,27.16449
1967-12-28,31.5,-25.0,29.048065
1967-12-29,31.5,-25.0,30.99533
1967-12-30,31.5,-25.0,32.214966
1967-12-31,31.5,-25.0,34.053955
1968-01-01,31.5,-25.0,34.697144
1968-01-02,31.5,-25.0,32.61441
1968-01-03,31.5,-25.0,36.915436
1968-01-04,31.5,-25.0,31.178558
1968-01-05,31.5,-25.0,26.735413
1968-01-06,31.5,-25.0,33.999634
1968-01-07,31.5,-25.0,30.569275
1968-01-08,31.5,-25.0,32.95746
1968-01-09,31.5,-25.0,32.01819
1968-01-10,31.5,-25.0,30.961304
1968-01-11,31.5,-25.0,30.338928
1968-01-12,31.5,-25.0,36.369843
1968-01-13,31.5,-25.0,23.922516
1968-01-14,31.5,-25.0,26.062408
1968-01-15,31.5,-25.0,31.487305
1968-01-16,31.5,-25.0,35.791595
1968-01-17,31.5,-25.0,37.465942
1968-01-18,31.5,-25.0,35.641296
1968-01-19,31.5,-25.0,37.42511
1968-01-20,31.5,-25.0,32.228912
1968-01-21,31.5,-25.0,25.838623
1968-01-22,31.5,-25.0,29.017426
1968-01-23,31.5,-25.0,30.717896
1968-01-24,31.5,-25.0,26.246979
1968-01-25,31.5,-25.0,26.705994
1968-01-26,31.5,-25.0,31.108307
1968-01-27,31.5,-25.0,29.7966
1968-01-28,31.5,-25.0,25.974182
1968-01-29,31.5,-25.0,28.67929
1968-01-30,31.5,-25.0,25.103546
1968-01-31,31.5,-25.0,34.326324
1968-02-01,31.5,-25.0,30.972107
1968-02-02,31.5,-25.0,25.293823
1968-02-03,31.5,-25.0,28.479156
1968-02-04,31.5,-25.0,26.473999
1968-02-05,31.5,-25.0,26.701538
1968-02-06,31.5,-25.0,32.625336
1968-02-07,31.5,-25.0,31.51065
1968-02-08,31.5,-25.0,29.985077
1968-02-09,31.5,-25.0,33.0231
1968-02-10,31.5,-25.0,22.818878
1968-02-11,31.5,-25.0,28.282745
1968-02-12,31.5,-25.0,26.72116
1968-02-13,31.5,-25.0,22.779602
1968-02-14,31.5,-25.0,28.127228
1968-02-15,31.5,-25.0,29.657715
1968-02-16,31.5,-25.0,28.297455
1968-02-17,31.5,-25.0,27.732758
1968-02-18,31.5,-25.0,22.052826
1968-02-19,31.5,-25.0,23.858276
1968-02-20,31.5,-25.0,25.696503
1968-02-21,31.5,-25.0,26.46582
1968-02-22,31.5,-25.0,19.92981
1968-02-23,31.5,-25.0,26.29068
1968-02-24,31.5,-25.0,29.950714
1968-02-25,31.5,-25.0,29.43509
1968-02-26,31.5,-25.0,26.660614
1968-02-27,31.5,-25.0,31.633392
1968-02-28,31.5,-25.0,23.228088
1968-02-29,31.5,-25.0,27.832611
1968-03-01,31.5,-25.0,32.81967
1968-03-02,31.5,-25.0,21.772034
1968-03-03,31.5,-25.0,28.236694
1968-03-04,31.5,-25.0,29.186066
1968-03-05,31.5,-25.0,29.143402
1968-03-06,31.5,-25.0,28.977753
1968-03-07,31.5,-25.0,22.900726
1968-03-08,31.5,-25.0,28.180359
1968-03-09,31.5,-25.0,26.48819
1968-03-10,31.5,-25.0,24.022552
1968-03-11,31.5,-25.0,28.499664
1968-03-12,31.5,-25.0,31.388763
1968-03-13,31.5,-25.0,22.883636
1968-03-14,31.5,-25.0,19.180054
1968-03-15,31.5,-25.0,22.90924
1968-03-16,31.5,-25.0,26.814331
1968-03-17,31.5,-25.0,27.854218
1968-03-18,31.5,-25.0,22.308197
1968-03-19,31.5,-25.0,26.706757
1968-03-20,31.5,-25.0,27.695404
1968-03-21,31.5,-25.0,27.516113
1968-03-22,31.5,-25.0,28.665283
1968-03-23,31.5,-25.0,32.845276
1968-03-24,31.5,-25.0,26.144989
1968-03-25,31.5,-25.0,21.92743
1968-03-26,31.5,-25.0,21.410065
1968-03-27,31.5,-25.0,22.33725
1968-03-28,31.5,-25.0,20.983185
1968-03-29,31.5,-25.0,25.762512
1968-03-30,31.5,-25.0,25.255371
1968-03-31,31.5,-25.0,27.794464
1968-04-01,31.5,-25.0,27.753479
1968-04-02,31.5,-25.0,29.722076
1968-04-03,31.5,-25.0,28.335022
1968-04-04,31.5,-25.0,30.469788
1968-04-05,31.5,-25.0,23.194977
1968-04-06,31.5,-25.0,22.37503
1968-04-07,31.5,-25.0,28.457825
1968-04-08,31.5,-25.0,30.168182
1968-04-09,31.5,-25.0,31.242767
1968-04-10,31.5,-25.0,30.951996
1968-04-11,31.5,-25.0,28.456024
1968-04-12,31.5,-25.0,23.057709
1968-04-13,31.5,-25.0,28.652893
1968-04-14,31.5,-25.0,21.560486
1968-04-15,31.5,-25.0,19.22165
1968-04-16,31.5,-25.0,22.842804
1968-04-17,31.5,-25.0,22.810272
1968-04-18,31.5,-25.0,20.388367
1968-04-19,31.5,-25.0,23.881287
1968-04-20,31.5,-25.0,27.238739
1968-04-21,31.5,-25.0,19.382385
1968-04-22,31.5,-25.0,18.060364
1968-04-23,31.5,-25.0,26.458527
1968-04-24,31.5,-25.0,18.93811
1968-04-25,31.5,-25.0,21.278748
1968-04-26,31.5,-25.0,24.786102
1968-04-27,31.5,-25.0,29.799744
1968-04-28,31.5,-25.0,25.454346
1968-04-29,31.5,-25.0,24.638031
1968-04-30,31.5,-25.0,27.377808
1968-05-01,31.5,-25.0,31.257416
1968-05-02,31.5,-25.0,27.274506
1968-05-03,31.5,-25.0,23.370758
1968-05-04,31.5,-25.0,25.687988
1968-05-05,31.5,-25.0,26.181244
1968-05-06,31.5,-25.0,28.741425
1968-05-07,31.5,-25.0,23.856659
1968-05-08,31.5,-25.0,29.138977
1968-05-09,31.5,-25.0,27.93341
1968-05-10,31.5,-25.0,29.284363
1968-05-11,31.5,-25.0,30.769684
1968-05-12,31.5,-25.0,22.824097
1968-05-13,31.5,-25.0,18.58905
1968-05-14,31.5,-25.0,18.752869
1968-05-15,31.5,-25.0,24.401428
1968-05-16,31.5,-25.0,24.93335
1968-05-17,31.5,-25.0,26.819885
1968-05-18,31.5,-25.0,24.579987
1968-05-19,31.5,-25.0,23.981812
1968-05-20,31.5,-25.0,24.305725
1968-05-21,31.5,-25.0,21.94986
1968-05-22,31.5,-25.0,21.94986
1968-05-23,31.5,-25.0,22.058441
1968-05-24,31.5,-25.0,22.023468
1968-05-25,31.5,-25.0,21.013031
1968-05-26,31.5,-25.0,17.698242
1968-05-27,31.5,-25.0,21.34433
1968-05-28,31.5,-25.0,21.596466
1968-05-29,31.5,-25.0,21.17868
1968-05-30,31.5,-25.0,22.640045
1968-05-31,31.5,-25.0,25.55362
1968-06-01,31.5,-25.0,27.863464
1968-06-02,31.5,-25.0,16.580475
1968-06-03,31.5,-25.0,15.31778
1968-06-04,31.5,-25.0,18.621948
1968-06-05,31.5,-25.0,19.606781
1968-06-06,31.5,-25.0,21.145447
1968-06-07,31.5,-25.0,22.62741
1968-06-08,31.5,-25.0,26.542145
1968-06-09,31.5,-25.0,23.185059
1968-06-10,31.5,-25.0,20.793854
1968-06-11,31.5,-25.0,25.062073
1968-06-12,31.5,-25.0,21.727661
1968-06-13,31.5,-25.0,18.996216
1968-06-14,31.5,-25.0,18.856354
1968-06-15,31.5,-25.0,21.374176
1968-06-16,31.5,-25.0,22.812653
1968-06-17,31.5,-25.0,25.11502
1968-06-18,31.5,-25.0,21.888336
1968-06-19,31.5,-25.0,17.138092
1968-06-20,31.5,-25.0,21.067963
1968-06-21,31.5,-25.0,17.43866
1968-06-22,31.5,-25.0,19.024567
1968-06-23,31.5,-25.0,22.650116
1968-06-24,31.5,-25.0,23.275787
1968-06-25,31.5,-25.0,23.542297
1968-06-26,31.5,-25.0,23.530975
1968-06-27,31.5,-25.0,19.442322
1968-06-28,31.5,-25.0,18.094574
1968-06-29,31.5,-25.0,18.281708
1968-06-30,31.5,-25.0,21.086853
1968-07-01,31.5,-25.0,23.514221
1968-07-02,31.5,-25.0,25.644745
1968-07-03,31.5,-25.0,25.316956
1968-07-04,31.5,-25.0,28.127014
1968-07-05,31.5,-25.0,17.350464
1968-07-06,31.5,-25.0,13.551086
1968-07-07,31.5,-25.0,17.842133
1968-07-08,31.5,-25.0,22.974579
1968-07-09,31.5,-25.0,26.87387
1968-07-10,31.5,-25.0,28.898499
1968-07-11,31.5,-25.0,28.410828
1968-07-12,31.5,-25.0,18.787476
1968-07-13,31.5,-25.0,20.51828
1968-07-14,31.5,-25.0,24.109802
1968-07-15,31.5,-25.0,25.550812
1968-07-16,31.5,-25.0,27.099731
1968-07-17,31.5,-25.0,27.789246
1968-07-18,31.5,-25.0,27.467468
1968-07-19,31.5,-25.0,26.757965
1968-07-20,31.5,-25.0,28.968445
1968-07-21,31.5,-25.0,20.02063
1968-07-22,31.5,-25.0,22.263062
1968-07-23,31.5,-25.0,23.622131
1968-07-24,31.5,-25.0,25.27298
1968-07-25,31.5,-25.0,27.693329
1968-07-26,31.5,-25.0,29.470093
1968-07-27,31.5,-25.0,30.813171
1968-07-28,31.5,-25.0,29.514069
1968-07-29,31.5,-25.0,26.660034
1968-07-30,31.5,-25.0,20.536255
1968-07-31,31.5,-25.0,19.850739
1968-08-01,31.5,-25.0,25.361084
1968-08-02,31.5,-25.0,21.69342
1968-08-03,31.5,-25.0,26.15857
1968-08-04,31.5,-25.0,29.756042
1968-08-05,31.5,-25.0,24.146332
1968-08-06,31.5,-25.0,22.79898
1968-08-07,31.5,-25.0,27.825714
1968-08-08,31.5,-25.0,32.528748
1968-08-09,31.5,-25.0,23.703705
1968-08-10,31.5,-25.0,14.289795
1968-08-11,31.5,-25.0,21.24884
1968-08-12,31.5,-25.0,25.684753
1968-08-13,31.5,-25.0,29.447968
1968-08-14,31.5,-25.0,21.233246
1968-08-15,31.5,-25.0,27.398682
1968-08-16,31.5,-25.0,32.614532
1968-08-17,31.5,-25.0,16.49704
1968-08-18,31.5,-25.0,17.87558
1968-08-19,31.5,-25.0,24.05664
1968-08-20,31.5,-25.0,29.446045
1968-08-21,31.5,-25.0,27.234894
1968-08-22,31.5,-25.0,18.754974
1968-08-23,31.5,-25.0,24.986725
1968-08-24,31.5,-25.0,27.285583
1968-08-25,31.5,-25.0,21.93518
1968-08-26,31.5,-25.0,25.59311
1968-08-27,31.5,-25.0,28.389221
1968-08-28,31.5,-25.0,30.705627
1968-08-29,31.5,-25.0,32.13684
1968-08-30,31.5,-25.0,30.124573
1968-08-31,31.5,-25.0,35.28195
1968-09-01,31.5,-25.0,30.628235
1968-09-02,31.5,-25.0,32.53299
1968-09-03,31.5,-25.0,26.158356
1968-09-04,31.5,-25.0,23.154266
1968-09-05,31.5,-25.0,21.93814
1968-09-06,31.5,-25.0,25.332825
1968-09-07,31.5,-25.0,29.37387
1968-09-08,31.5,-25.0,33.318237
1968-09-09,31.5,-25.0,23.707977
1968-09-10,31.5,-25.0,28.967133
1968-09-11,31.5,-25.0,34.34308
1968-09-12,31.5,-25.0,30.138977
1968-09-13,31.5,-25.0,20.659576
1968-09-14,31.5,-25.0,30.322205
1968-09-15,31.5,-25.0,31.07724
1968-09-16,31.5,-25.0,33.684692
1968-09-17,31.5,-25.0,28.914795
1968-09-18,31.5,-25.0,32.54306
1968-09-19,31.5,-25.0,31.556458
1968-09-20,31.5,-25.0,22.032776
1968-09-21,31.5,-25.0,31.115509
1968-09-22,31.5,-25.0,30.31012
1968-09-23,31.5,-25.0,31.181946
1968-09-24,31.5,-25.0,31.065155
1968-09-25,31.5,-25.0,23.35965
1968-09-26,31.5,-25.0,25.441559
1968-09-27,31.5,-25.0,33.058502
1968-09-28,31.5,-25.0,34.866577
1968-09-29,31.5,-25.0,18.954193
1968-09-30,31.5,-25.0,16.948792
1968-10-01,31.5,-25.0,27.378662
1968-10-02,31.5,-25.0,36.713654
1968-10-03,31.5,-25.0,31.01242
1968-10-04,31.5,-25.0,20.329498
1968-10-05,31.5,-25.0,23.77353
1968-10-06,31.5,-25.0,26.750366
1968-10-07,31.5,-25.0,29.997467
1968-10-08,31.5,-25.0,33.319763
1968-10-09,31.5,-25.0,35.45169
1968-10-10,31.5,-25.0,35.118744
1968-10-11,31.5,-25.0,35.179596
1968-10-12,31.5,-25.0,22.858826
1968-10-13,31.5,-25.0,29.494476
1968-10-14,31.5,-25.0,35.69873
1968-10-15,31.5,-25.0,40.39038
1968-10-16,31.5,-25.0,32.487396
1968-10-17,31.5,-25.0,36.20172
1968-10-18,31.5,-25.0,29.030853
1968-10-19,31.5,-25.0,35.329987
1968-10-20,31.5,-25.0,24.713287
1968-10-21,31.5,-25.0,21.199463
1968-10-22,31.5,-25.0,22.803345
1968-10-23,31.5,-25.0,29.392426
1968-10-24,31.5,-25.0,32.80783
1968-10-25,31.5,-25.0,33.239227
1968-10-26,31.5,-25.0,34.486877
1968-10-27,31.5,-25.0,28.633453
1968-10-28,31.5,-25.0,22.699524
1968-10-29,31.5,-25.0,18.963715
1968-10-30,31.5,-25.0,29.025482
1968-10-31,31.5,-25.0,29.453308
1968-11-01,31.5,-25.0,27.238922
1968-11-02,31.5,-25.0,30.209106
1968-11-03,31.5,-25.0,30.036469
1968-11-04,31.5,-25.0,32.319366
1968-11-05,31.5,-25.0,32.748535
1968-11-06,31.5,-25.0,35.33957
1968-11-07,31.5,-25.0,37.37564
1968-11-08,31.5,-25.0,36.915833
1968-11-09,31.5,-25.0,31.953125
1968-11-10,31.5,-25.0,17.052185
1968-11-11,31.5,-25.0,17.224792
1968-11-12,31.5,-25.0,16.835999
1968-11-13,31.5,-25.0,21.350159
1968-11-14,31.5,-25.0,28.319855
1968-11-15,31.5,-25.0,30.226837
1968-11-16,31.5,-25.0,14.546631
1968-11-17,31.5,-25.0,17.155426
1968-11-18,31.5,-25.0,26.03534
1968-11-19,31.5,-25.0,25.480347
1968-11-20,31.5,-25.0,25.351288
1968-11-21,31.5,-25.0,29.279816
1968-11-22,31.5,-25.0,31.361023
1968-11-23,31.5,-25.0,34.621643
1968-11-24,31.5,-25.0,26.724243
1968-11-25,31.5,-25.0,22.876404
1968-11-26,31.5,-25.0,25.47873
1968-11-27,31.5,-25.0,29.654114
1968-11-28,31.5,-25.0,33.211548
1968-11-29,31.5,-25.0,32.014435
1968-11-30,31.5,-25.0,26.630676
1968-12-01,31.5,-25.0,33.451294
1968-12-02,31.5,-25.0,35.160645
1968-12-03,31.5,-25.0,36.856903
1968-12-04,31.5,-25.0,34.2128
1968-12-05,31.5,-25.0,32.86624
1968-12-06,31.5,-25.0,21.990814
1968-12-07,31.5,-25.0,27.731659
1968-12-08,31.5,-25.0,32.304108
1968-12-09,31.5,-25.0,27.58133
1968-12-10,31.5,-25.0,30.687897
1968-12-11,31.5,-25.0,26.406342
1968-12-12,31.5,-25.0,31.001648
1968-12-13,31.5,-25.0,27.8526
1968-12-14,31.5,-25.0,27.592773
1968-12-15,31.5,-25.0,27.174408
1968-12-16,31.5,-25.0,32.442993
1968-12-17,31.5,-25.0,34.85013
1968-12-18,31.5,-25.0,36.556213
1968-12-19,31.5,-25.0,32.384186
1968-12-20,31.5,-25.0,34.404022
1968-12-21,31.5,-25.0,37.278534
1968-12-22,31.5,-25.0,36.29312
1968-12-23,31.5,-25.0,36.242462
1968-12-24,31.5,-25.0,38.786865
1968-12-25,31.5,-25.0,32.358032
1968-12-26,31.5,-25.0,35.773438
1968-12-27,31.5,-25.0,23.272003
1968-12-28,31.5,-25.0,31.075195
1968-12-29,31.5,-25.0,34.32068
1968-12-30,31.5,-25.0,22.293121
1968-12-31,31.5,-25.0,22.360138
1969-01-01,31.5,-25.0,27.705261
1969-01-02,31.5,-25.0,31.525726
1969-01-03,31.5,-25.0,33.161133
1969-01-04,31.5,-25.0,31.132874
1969-01-05,31.5,-25.0,31.41275
1969-01-06,31.5,-25.0,34.258698
1969-01-07,31.5,-25.0,28.792725
1969-01-08,31.5,-25.0,27.290497
1969-01-09,31.5,-25.0,33.34323
1969-01-10,31.5,-25.0,25.026215
1969-01-11,31.5,-25.0,27.948029
1969-01-12,31.5,-25.0,34.38852
1969-01-13,31.5,-25.0,31.390839
1969-01-14,31.5,-25.0,34.343018
1969-01-15,31.5,-25.0,23.749908
1969-01-16,31.5,-25.0,29.895355
1969-01-17,31.5,-25.0,31.267761
1969-01-18,31.5,-25.0,32.25238
1969-01-19,31.5,-25.0,31.05194
1969-01-20,31.5,-25.0,34.18454
1969-01-21,31.5,-25.0,36.108246
1969-01-22,31.5,-25.0,28.130127
1969-01-23,31.5,-25.0,27.025787
1969-01-24,31.5,-25.0,33.5607
1969-01-25,31.5,-25.0,34.34134
1969-01-26,31.5,-25.0,36.70172
1969-01-27,31.5,-25.0,35.966614
1969-01-28,31.5,-25.0,32.4682
1969-01-29,31.5,-25.0,33.33142
1969-01-30,31.5,-25.0,33.35501
1969-01-31,31.5,-25.0,33.04312
1969-02-01,31.5,-25.0,34.17975
1969-02-02,31.5,-25.0,32.986633
1969-02-03,31.5,-25.0,36.319733
1969-02-04,31.5,-25.0,33.95337
1969-02-05,31.5,-25.0,26.98642
1969-02-06,31.5,-25.0,31.48288
1969-02-07,31.5,-25.0,35.085327
1969-02-08,31.5,-25.0,33.386566
1969-02-09,31.5,-25.0,27.204529
1969-02-10,31.5,-25.0,34.22769
1969-02-11,31.5,-25.0,25.689209
1969-02-12,31.5,-25.0,27.021118
1969-02-13,31.5,-25.0,31.970367
1969-02-14,31.5,-25.0,35.495148
1969-02-15,31.5,-25.0,29.2305
1969-02-16,31.5,-25.0,32.158752
1969-02-17,31.5,-25.0,31.54898
1969-02-18,31.5,-25.0,31.220123
1969-02-19,31.5,-25.0,32.94864
1969-02-20,31.5,-25.0,29.318085
1969-02-21,31.5,-25.0,35.94464
1969-02-22,31.5,-25.0,28.088623
1969-02-23,31.5,-25.0,31.099487
1969-02-24,31.5,-25.0,33.41794
1969-02-25,31.5,-25.0,36.51474
1969-02-26,31.5,-25.0,30.185669
1969-02-27,31.5,-25.0,35.790955
1969-02-28,31.5,-25.0,38.279602
1969-03-01,31.5,-25.0,38.205597
1969-03-02,31.5,-25.0,27.181091
1969-03-03,31.5,-25.0,30.59195
1969-03-04,31.5,-25.0,34.237274
1969-03-05,31.5,-25.0,33.851715
1969-03-06,31.5,-25.0,34.59848
1969-03-07,31.5,-25.0,36.974274
1969-03-08,31.5,-25.0,36.96039
1969-03-09,31.5,-25.0,38.757874
1969-03-10,31.5,-25.0,37.80789
1969-03-11,31.5,-25.0,20.329865
1969-03-12,31.5,-25.0,21.764374
1969-03-13,31.5,-25.0,24.484009
1969-03-14,31.5,-25.0,25.312408
1969-03-15,31.5,-25.0,26.640991
1969-03-16,31.5,-25.0,26.557617
1969-03-17,31.5,-25.0,23.94217
1969-03-18,31.5,-25.0,26.957062
1969-03-19,31.5,-25.0,28.58609
1969-03-20,31.5,-25.0,29.673248
1969-03-21,31.5,-25.0,27.226257
1969-03-22,31.5,-25.0,25.869904
1969-03-23,31.5,-25.0,25.779572
1969-03-24,31.5,-25.0,28.263062
1969-03-25,31.5,-25.0,29.0654
1969-03-26,31.5,-25.0,27.62741
1969-03-27,31.5,-25.0,24.407593
1969-03-28,31.5,-25.0,25.303741
1969-03-29,31.5,-25.0,25.249908
1969-03-30,31.5,-25.0,27.144623
1969-03-31,31.5,-25.0,29.657623
1969-04-01,31.5,-25.0,29.563751
1969-04-02,31.5,-25.0,29.810669
1969-04-03,31.5,-25.0,21.901978
1969-04-04,31.5,-25.0,26.131683
1969-04-05,31.5,-25.0,28.085754
1969-04-06,31.5,-25.0,20.850342
1969-04-07,31.5,-25.0,26.149445
1969-04-08,31.5,-25.0,25.872314
1969-04-09,31.5,-25.0,25.636047
1969-04-10,31.5,-25.0,27.355652
1969-04-11,31.5,-25.0,31.2052
1969-04-12,31.5,-25.0,27.414276
1969-04-13,31.5,-25.0,30.970703
1969-04-14,31.5,-25.0,32.809296
1969-04-15,31.5,-25.0,22.179108
1969-04-16,31.5,-25.0,28.796326
1969-04-17,31.5,-25.0,32.535736
1969-04-18,31.5,-25.0,29.245789
1969-04-19,31.5,-25.0,29.81778
1969-04-20,31.5,-25.0,34.061707
1969-04-21,31.5,-25.0,33.13263
1969-04-22,31.5,-25.0,36.31601
1969-04-23,31.5,-25.0,22.76712
1969-04-24,31.5,-25.0,18.299377
1969-04-25,31.5,-25.0,22.463348
1969-04-26,31.5,-25.0,24.934357
1969-04-27,31.5,-25.0,26.760529
1969-04-28,31.5,-25.0,26.902649
1969-04-29,31.5,-25.0,30.061157
1969-04-30,31.5,-25.0,31.194519
1969-05-01,31.5,-25.0,31.261261
1969-05-02,31.5,-25.0,29.840332
1969-05-03,31.5,-25.0,24.587067
1969-05-04,31.5,-25.0,29.477356
1969-05-05,31.5,-25.0,31.996857
1969-05-06,31.5,-25.0,27.913544
1969-05-07,31.5,-25.0,17.449524
1969-05-08,31.5,-25.0,24.679749
1969-05-09,31.5,-25.0,26.571777
1969-05-10,31.5,-25.0,23.845703
1969-05-11,31.5,-25.0,19.256592
1969-05-12,31.5,-25.0,20.1138
1969-05-13,31.5,-25.0,23.432556
1969-05-14,31.5,-25.0,26.197235
1969-05-15,31.5,-25.0,22.733673
1969-05-16,31.5,-25.0,23.729889
1969-05-17,31.5,-25.0,26.668304
1969-05-18,31.5,-25.0,28.04483
1969-05-19,31.5,-25.0,29.27658
1969-05-20,31.5,-25.0,25.08133
1969-05-21,31.5,-25.0,22.349487
1969-05-22,31.5,-25.0,24.031067
1969-05-23,31.5,-25.0,22.866882
1969-05-24,31.5,-25.0,24.789795
1969-05-25,31.5,-25.0,24.341888
1969-05-26,31.5,-25.0,24.37085
1969-05-27,31.5,-25.0,25.075531
1969-05-28,31.5,-25.0,26.664429
1969-05-29,31.5,-25.0,25.965546
1969-05-30,31.5,-25.0,24.07547
1969-05-31,31.5,-25.0,24.365051
1969-06-01,31.5,-25.0,28.064209
1969-06-02,31.5,-25.0,31.040436
1969-06-03,31.5,-25.0,28.141113
1969-06-04,31.5,-25.0,29.951721
1969-06-05,31.5,-25.0,26.604675
1969-06-06,31.5,-25.0,16.681915
1969-06-07,31.5,-25.0,18.518158
1969-06-08,31.5,-25.0,23.496307
1969-06-09,31.5,-25.0,27.314728
1969-06-10,31.5,-25.0,24.525848
1969-06-11,31.5,-25.0,24.512054
1969-06-12,31.5,-25.0,24.285217
1969-06-13,31.5,-25.0,21.115692
1969-06-14,31.5,-25.0,22.687653
1969-06-15,31.5,-25.0,24.460754
1969-06-16,31.5,-25.0,26.713165
1969-06-17,31.5,-25.0,18.9935
1969-06-18,31.5,-25.0,20.957916
1969-06-19,31.5,-25.0,21.873077
1969-06-20,31.5,-25.0,20.524017
1969-06-21,31.5,-25.0,21.821808
1969-06-22,31.5,-25.0,21.449036
1969-06-23,31.5,-25.0,22.184692
1969-06-24,31.5,-25.0,24.920319
1969-06-25,31.5,-25.0,24.247772
1969-06-26,31.5,-25.0,24.237885
1969-06-27,31.5,-25.0,23.910492
1969-06-28,31.5,-25.0,24.4292
1969-06-29,31.5,-25.0,26.941956
1969-06-30,31.5,-25.0,28.634216
1969-07-01,31.5,-25.0,25.876892
1969-07-02,31.5,-25.0,21.946564
1969-07-03,31.5,-25.0,27.010773
1969-07-04,31.5,-25.0,28.532928
1969-07-05,31.5,-25.0,27.372223
1969-07-06,31.5,-25.0,24.018097
1969-07-07,31.5,-25.0,28.621735
1969-07-08,31.5,-25.0,21.940369
1969-07-09,31.5,-25.0,21.907318
1969-07-10,31.5,-25.0,23.326202
1969-07-11,31.5,-25.0,26.49237
1969-07-12,31.5,-25.0,27.050018
1969-07-13,31.5,-25.0,24.99707
1969-07-14,31.5,-25.0,22.00232
1969-07-15,31.5,-25.0,27.1409
1969-07-16,31.5,-25.0,28.136383
1969-07-17,31.5,-25.0,29.941498
1969-07-18,31.5,-25.0,29.968353
1969-07-19,31.5,-25.0,19.07782
1969-07-20,31.5,-25.0,19.78003
1969-07-21,31.5,-25.0,21.019226
1969-07-22,31.5,-25.0,23.664917
1969-07-23,31.5,-25.0,24.055267
1969-07-24,31.5,-25.0,24.358887
1969-07-25,31.5,-25.0,21.731781
1969-07-26,31.5,-25.0,22.037445
1969-07-27,31.5,-25.0,22.985443
1969-07-28,31.5,-25.0,22.570282
1969-07-29,31.5,-25.0,19.52185
1969-07-30,31.5,-25.0,22.853241
1969-07-31,31.5,-25.0,26.541931
1969-08-01,31.5,-25.0,26.81601
1969-08-02,31.5,-25.0,27.884308
1969-08-03,31.5,-25.0,30.926697
1969-08-04,31.5,-25.0,28.310455
1969-08-05,31.5,-25.0,23.726074
1969-08-06,31.5,-25.0,21.975983
1969-08-07,31.5,-25.0,23.64087
1969-08-08,31.5,-25.0,25.666473
1969-08-09,31.5,-25.0,26.175842
1969-08-10,31.5,-25.0,22.20987
1969-08-11,31.5,-25.0,22.493286
1969-08-12,31.5,-25.0,19.137756
1969-08-13,31.5,-25.0,21.807526
1969-08-14,31.5,-25.0,24.788452
1969-08-15,31.5,-25.0,24.873657
1969-08-16,31.5,-25.0,24.015472
1969-08-17,31.5,-25.0,24.810242
1969-08-18,31.5,-25.0,24.554565
1969-08-19,31.5,-25.0,26.584137
1969-08-20,31.5,-25.0,30.940552
1969-08-21,31.5,-25.0,22.899597
1969-08-22,31.5,-25.0,23.658691
1969-08-23,31.5,-25.0,25.228455
1969-08-24,31.5,-25.0,26.847748
1969-08-25,31.5,-25.0,28.706848
1969-08-26,31.5,-25.0,23.706268
1969-08-27,31.5,-25.0,24.285004
1969-08-28,31.5,-25.0,28.272797
1969-08-29,31.5,-25.0,27.94577
1969-08-30,31.5,-25.0,31.89389
1969-08-31,31.5,-25.0,33.34076
1969-09-01,31.5,-25.0,22.0784
1969-09-02,31.5,-25.0,19.686096
1969-09-03,31.5,-25.0,31.192963
1969-09-04,31.5,-25.0,25.982971
1969-09-05,31.5,-25.0,21.42276
1969-09-06,31.5,-25.0,22.48233
1969-09-07,31.5,-25.0,32.939392
1969-09-08,31.5,-25.0,25.586853
1969-09-09,31.5,-25.0,31.21054
1969-09-10,31.5,-25.0,27.202545
1969-09-11,31.5,-25.0,22.404266
1969-09-12,31.5,-25.0,29.795837
1969-09-13,31.5,-25.0,18.101624
1969-09-14,31.5,-25.0,19.649017
1969-09-15,31.5,-25.0,25.25122
1969-09-16,31.5,-25.0,28.759674
1969-09-17,31.5,-25.0,30.790985
1969-09-18,31.5,-25.0,27.056183
1969-09-19,31.5,-25.0,25.740997
1969-09-20,31.5,-25.0,31.116852
1969-09-21,31.5,-25.0,28.375275
1969-09-22,31.5,-25.0,22.50769
1969-09-23,31.5,-25.0,28.19574
1969-09-24,31.5,-25.0,30.97052
1969-09-25,31.5,-25.0,33.456482
1969-09-26,31.5,-25.0,34.039917
1969-09-27,31.5,-25.0,34.447754
1969-09-28,31.5,-25.0,28.857239
1969-09-29,31.5,-25.0,21.690094
1969-09-30,31.5,-25.0,19.643158
1969-10-01,31.5,-25.0,18.942627
1969-10-02,31.5,-25.0,24.793182
1969-10-03,31.5,-25.0,22.433746
1969-10-04,31.5,-25.0,22.896729
1969-10-05,31.5,-25.0,25.846008
1969-10-06,31.5,-25.0,26.507874
1969-10-07,31.5,-25.0,29.707489
1969-10-08,31.5,-25.0,33.335815
1969-10-09,31.5,-25.0,34.53952
1969-10-10,31.5,-25.0,23.700928
1969-10-11,31.5,-25.0,29.412567
1969-10-12,31.5,-25.0,27.145752
1969-10-13,31.5,-25.0,24.302765
1969-10-14,31.5,-25.0,31.132416
1969-10-15,31.5,-25.0,34.683563
1969-10-16,31.5,-25.0,36.14618
1969-10-17,31.5,-25.0,33.618713
1969-10-18,31.5,-25.0,16.572937
1969-10-19,31.5,-25.0,17.320526
1969-10-20,31.5,-25.0,18.887756
1969-10-21,31.5,-25.0,22.33603
1969-10-22,31.5,-25.0,23.949554
1969-10-23,31.5,-25.0,26.56961
1969-10-24,31.5,-25.0,24.25821
1969-10-25,31.5,-25.0,17.541718
1969-10-26,31.5,-25.0,21.557556
1969-10-27,31.5,-25.0,26.842255
1969-10-28,31.5,-25.0,29.914978
1969-10-29,31.5,-25.0,31.519928
1969-10-30,31.5,-25.0,22.478333
1969-10-31,31.5,-25.0,23.856964
1969-11-01,31.5,-25.0,22.878113
1969-11-02,31.5,-25.0,27.01059
1969-11-03,31.5,-25.0,30.142273
1969-11-04,31.5,-25.0,25.766632
1969-11-05,31.5,-25.0,21.858643
1969-11-06,31.5,-25.0,28.022278
1969-11-07,31.5,-25.0,32.075226
1969-11-08,31.5,-25.0,34.280975
1969-11-09,31.5,-25.0,34.220184
1969-11-10,31.5,-25.0,33.62314
1969-11-11,31.5,-25.0,20.221893
1969-11-12,31.5,-25.0,15.791687
1969-11-13,31.5,-25.0,22.46347
1969-11-14,31.5,-25.0,26.109589
1969-11-15,31.5,-25.0,30.43222
1969-11-16,31.5,-25.0,31.138367
1969-11-17,31.5,-25.0,33.116516
1969-11-18,31.5,-25.0,35.03232
1969-11-19,31.5,-25.0,33.74005
1969-11-20,31.5,-25.0,36.56778
1969-11-21,31.5,-25.0,27.116577
1969-11-22,31.5,-25.0,32.60678
1969-11-23,31.5,-25.0,36.45865
1969-11-24,31.5,-25.0,35.32538
1969-11-25,31.5,-25.0,37.12738
1969-11-26,31.5,-25.0,29.188263
1969-11-27,31.5,-25.0,33.080658
1969-11-28,31.5,-25.0,36.810944
1969-11-29,31.5,-25.0,20.904663
1969-11-30,31.5,-25.0,24.408905
1969-12-01,31.5,-25.0,29.232635
1969-12-02,31.5,-25.0,32.443146
1969-12-03,31.5,-25.0,22.039032
1969-12-04,31.5,-25.0,26.182404
1969-12-05,31.5,-25.0,33.707794
1969-12-06,31.5,-25.0,31.332367
1969-12-07,31.5,-25.0,25.081238
1969-12-08,31.5,-25.0,24.369568
1969-12-09,31.5,-25.0,18.868591
1969-12-10,31.5,-25.0,23.02478
1969-12-11,31.5,-25.0,25.001099
1969-12-12,31.5,-25.0,27.770844
1969-12-13,31.5,-25.0,30.963715
1969-12-14,31.5,-25.0,29.909027
1969-12-15,31.5,-25.0,24.643677
1969-12-16,31.5,-25.0,27.193817
1969-12-17,31.5,-25.0,25.773682
1969-12-18,31.5,-25.0,30.256866
1969-12-19,31.5,-25.0,35.131134
1969-12-20,31.5,-25.0,27.06076
1969-12-21,31.5,-25.0,32.311707
1969-12-22,31.5,-25.0,30.78421
1969-12-23,31.5,-25.0,21.367432
1969-12-24,31.5,-25.0,24.166016
1969-12-25,31.5,-25.0,26.525421
1969-12-26,31.5,-25.0,27.312408
1969-12-27,31.5,-25.0,29.686249
1969-12-28,31.5,-25.0,32.040833
1969-12-29,31.5,-25.0,28.325409
1969-12-30,31.5,-25.0,34.767303
1969-12-31,31.5,-25.0,36.310852
1970-01-01,31.5,-25.0,38.257355
1970-01-02,31.5,-25.0,38.712646
1970-01-03,31.5,-25.0,33.26715
1970-01-04,31.5,-25.0,37.41086
1970-01-05,31.5,-25.0,36.904602
1970-01-06,31.5,-25.0,26.626678
1970-01-07,31.5,-25.0,29.39627
1970-01-08,31.5,-25.0,30.86081
1970-01-09,31.5,-25.0,34.81714
1970-01-10,31.5,-25.0,33.355896
1970-01-11,31.5,-25.0,38.142303
1970-01-12,31.5,-25.0,33.78656
1970-01-13,31.5,-25.0,29.964996
1970-01-14,31.5,-25.0,37.51114
1970-01-15,31.5,-25.0,31.056396
1970-01-16,31.5,-25.0,26.8042
1970-01-17,31.5,-25.0,29.486694
1970-01-18,31.5,-25.0,35.60446
1970-01-19,31.5,-25.0,37.92206
1970-01-20,31.5,-25.0,32.320374
1970-01-21,31.5,-25.0,35.615967
1970-01-22,31.5,-25.0,38.309967
1970-01-23,31.5,-25.0,33.418365
1970-01-24,31.5,-25.0,30.933105
1970-01-25,31.5,-25.0,35.425293
1970-01-26,31.5,-25.0,33.58603
1970-01-27,31.5,-25.0,34.516357
1970-01-28,31.5,-25.0,37.708374
1970-01-29,31.5,-25.0,32.53241
1970-01-30,31.5,-25.0,33.503845
1970-01-31,31.5,-25.0,36.339172
1970-02-01,31.5,-25.0,38.519653
1970-02-02,31.5,-25.0,22.41272
1970-02-03,31.5,-25.0,25.775848
1970-02-04,31.5,-25.0,29.770294
1970-02-05,31.5,-25.0,34.01825
1970-02-06,31.5,-25.0,35.76361
1970-02-07,31.5,-25.0,35.799103
1970-02-08,31.5,-25.0,29.026001
1970-02-09,31.5,-25.0,31.941895
1970-02-10,31.5,-25.0,34.10382
1970-02-11,31.5,-25.0,28.375305
1970-02-12,31.5,-25.0,29.90271
1970-02-13,31.5,-25.0,31.386505
1970-02-14,31.5,-25.0,29.13739
1970-02-15,31.5,-25.0,33.446686
1970-02-16,31.5,-25.0,32.566742
1970-02-17,31.5,-25.0,24.581085
1970-02-18,31.5,-25.0,29.534576
1970-02-19,31.5,-25.0,34.312103
1970-02-20,31.5,-25.0,34.434814
1970-02-21,31.5,-25.0,34.358917
1970-02-22,31.5,-25.0,34.41382
1970-02-23,31.5,-25.0,33.5484
1970-02-24,31.5,-25.0,35.090332
1970-02-25,31.5,-25.0,36.722656
1970-02-26,31.5,-25.0,35.629578
1970-02-27,31.5,-25.0,35.57309
1970-02-28,31.5,-25.0,36.51599
1970-03-01,31.5,-25.0,38.631775
1970-03-02,31.5,-25.0,32.60327
1970-03-03,31.5,-25.0,33.128967
1970-03-04,31.5,-25.0,36.872955
1970-03-05,31.5,-25.0,37.453888
1970-03-06,31.5,-25.0,35.413483
1970-03-07,31.5,-25.0,25.62677
1970-03-08,31.5,-25.0,28.786255
1970-03-09,31.5,-25.0,32.492798
1970-03-10,31.5,-25.0,23.730743
1970-03-11,31.5,-25.0,24.520142
1970-03-12,31.5,-25.0,28.410248
1970-03-13,31.5,-25.0,27.016724
1970-03-14,31.5,-25.0,27.8703
1970-03-15,31.5,-25.0,30.156616
1970-03-16,31.5,-25.0,26.612213
1970-03-17,31.5,-25.0,30.74466
1970-03-18,31.5,-25.0,31.922577
1970-03-19,31.5,-25.0,33.86673
1970-03-20,31.5,-25.0,29.376099
1970-03-21,31.5,-25.0,30.324127
1970-03-22,31.5,-25.0,32.630005
1970-03-23,31.5,-25.0,30.840881
1970-03-24,31.5,-25.0,30.049683
1970-03-25,31.5,-25.0,29.039307
1970-03-26,31.5,-25.0,31.680206
1970-03-27,31.5,-25.0,33.22699
1970-03-28,31.5,-25.0,23.643402
1970-03-29,31.5,-25.0,25.14386
1970-03-30,31.5,-25.0,27.369568
1970-03-31,31.5,-25.0,33.184204
1970-04-01,31.5,-25.0,33.707672
1970-04-02,31.5,-25.0,29.899017
1970-04-03,31.5,-25.0,29.46582
1970-04-04,31.5,-25.0,31.459167
1970-04-05,31.5,-25.0,31.492218
1970-04-06,31.5,-25.0,30.66809
1970-04-07,31.5,-25.0,32.621063
1970-04-08,31.5,-25.0,28.612335
1970-04-09,31.5,-25.0,29.85495
1970-04-10,31.5,-25.0,32.173187
1970-04-11,31.5,-25.0,34.07843
1970-04-12,31.5,-25.0,31.872162
1970-04-13,31.5,-25.0,34.017883
1970-04-14,31.5,-25.0,35.060425
1970-04-15,31.5,-25.0,29.146454
1970-04-16,31.5,-25.0,35.9635
1970-04-17,31.5,-25.0,21.338226
1970-04-18,31.5,-25.0,26.773163
1970-04-19,31.5,-25.0,27.299927
1970-04-20,31.5,-25.0,31.011322
1970-04-21,31.5,-25.0,27.204498
1970-04-22,31.5,-25.0,26.60611
1970-04-23,31.5,-25.0,22.388153
1970-04-24,31.5,-25.0,23.14621
1970-04-25,31.5,-25.0,27.652344
1970-04-26,31.5,-25.0,24.436554
1970-04-27,31.5,-25.0,25.537872
1970-04-28,31.5,-25.0,28.792206
1970-04-29,31.5,-25.0,29.291443
1970-04-30,31.5,-25.0,25.800323
1970-05-01,31.5,-25.0,30.247406
1970-05-02,31.5,-25.0,30.792847
1970-05-03,31.5,-25.0,29.700043
1970-05-04,31.5,-25.0,31.652435
1970-05-05,31.5,-25.0,30.549988
1970-05-06,31.5,-25.0,24.365173
1970-05-07,31.5,-25.0,28.121552
1970-05-08,31.5,-25.0,30.771637
1970-05-09,31.5,-25.0,24.74292
1970-05-10,31.5,-25.0,26.498718
1970-05-11,31.5,-25.0,25.673828
1970-05-12,31.5,-25.0,22.428192
1970-05-13,31.5,-25.0,17.725494
1970-05-14,31.5,-25.0,19.303986
1970-05-15,31.5,-25.0,22.36267
1970-05-16,31.5,-25.0,27.578033
1970-05-17,31.5,-25.0,29.200867
1970-05-18,31.5,-25.0,26.716522
1970-05-19,31.5,-25.0,25.413635
1970-05-20,31.5,-25.0,26.329132
1970-05-21,31.5,-25.0,26.758911
1970-05-22,31.5,-25.0,29.065948
1970-05-23,31.5,-25.0,30.037323
1970-05-24,31.5,-25.0,33.078674
1970-05-25,31.5,-25.0,34.7381
1970-05-26,31.5,-25.0,30.86029
1970-05-27,31.5,-25.0,24.328552
1970-05-28,31.5,-25.0,27.63971
1970-05-29,31.5,-25.0,30.297516
1970-05-30,31.5,-25.0,32.305786
1970-05-31,31.5,-25.0,17.9953
1970-06-01,31.5,-25.0,16.115753
1970-06-02,31.5,-25.0,23.053741
1970-06-03,31.5,-25.0,22.782135
1970-06-04,31.5,-25.0,26.887115
1970-06-05,31.5,-25.0,28.045715
1970-06-06,31.5,-25.0,24.706665
1970-06-07,31.5,-25.0,25.595642
1970-06-08,31.5,-25.0,28.370056
1970-06-09,31.5,-25.0,22.29956
1970-06-10,31.5,-25.0,27.04538
1970-06-11,31.5,-25.0,28.356384
1970-06-12,31.5,-25.0,22.700104
1970-06-13,31.5,-25.0,25.533112
1970-06-14,31.5,-25.0,20.55481
1970-06-15,31.5,-25.0,21.494598
1970-06-16,31.5,-25.0,23.143616
1970-06-17,31.5,-25.0,22.291748
1970-06-18,31.5,-25.0,19.343445
1970-06-19,31.5,-25.0,22.13739
1970-06-20,31.5,-25.0,27.180176
1970-06-21,31.5,-25.0,23.313599
1970-06-22,31.5,-25.0,21.56491
1970-06-23,31.5,-25.0,23.59494
1970-06-24,31.5,-25.0,23.981781
1970-06-25,31.5,-25.0,24.31784
1970-06-26,31.5,-25.0,21.90097
1970-06-27,31.5,-25.0,15.508118
1970-06-28,31.5,-25.0,21.68216
1970-06-29,31.5,-25.0,23.126007
1970-06-30,31.5,-25.0,25.150177
1970-07-01,31.5,-25.0,26.341705
1970-07-02,31.5,-25.0,19.996155
1970-07-03,31.5,-25.0,24.979126
1970-07-04,31.5,-25.0,28.361816
1970-07-05,31.5,-25.0,23.313507
1970-07-06,31.5,-25.0,29.19757
1970-07-07,31.5,-25.0,23.424408
1970-07-08,31.5,-25.0,23.313507
1970-07-09,31.5,-25.0,26.985352
1970-07-10,31.5,-25.0,29.148071
1970-07-11,31.5,-25.0,24.923645
1970-07-12,31.5,-25.0,28.100372
1970-07-13,31.5,-25.0,30.282898
1970-07-14,31.5,-25.0,19.471344
1970-07-15,31.5,-25.0,19.909027
1970-07-16,31.5,-25.0,19.08316
1970-07-17,31.5,-25.0,20.509125
1970-07-18,31.5,-25.0,25.492065
1970-07-19,31.5,-25.0,21.94696
1970-07-20,31.5,-25.0,24.450317
1970-07-21,31.5,-25.0,28.254852
1970-07-22,31.5,-25.0,25.127655
1970-07-23,31.5,-25.0,16.769928
1970-07-24,31.5,-25.0,20.404144
1970-07-25,31.5,-25.0,21.954895
1970-07-26,31.5,-25.0,24.074036
1970-07-27,31.5,-25.0,25.095947
1970-07-28,31.5,-25.0,25.999084
1970-07-29,31.5,-25.0,26.92398
1970-07-30,31.5,-25.0,24.198792
1970-07-31,31.5,-25.0,22.661926
1970-08-01,31.5,-25.0,24.957458
1970-08-02,31.5,-25.0,27.27002
1970-08-03,31.5,-25.0,27.96399
1970-08-04,31.5,-25.0,26.820862
1970-08-05,31.5,-25.0,27.526947
1970-08-06,31.5,-25.0,31.848572
1970-08-07,31.5,-25.0,27.375214
1970-08-08,31.5,-25.0,30.110626
1970-08-09,31.5,-25.0,32.315918
1970-08-10,31.5,-25.0,23.322693
1970-08-11,31.5,-25.0,25.33783
1970-08-12,31.5,-25.0,21.099182
1970-08-13,31.5,-25.0,30.513245
1970-08-14,31.5,-25.0,24.417267
1970-08-15,31.5,-25.0,31.3367
1970-08-16,31.5,-25.0,24.872498
1970-08-17,31.5,-25.0,28.10965
1970-08-18,31.5,-25.0,25.054596
1970-08-19,31.5,-25.0,25.813293
1970-08-20,31.5,-25.0,27.181
1970-08-21,31.5,-25.0,25.995392
1970-08-22,31.5,-25.0,31.828339
1970-08-23,31.5,-25.0,24.997925
1970-08-24,31.5,-25.0,29.19815
1970-08-25,31.5,-25.0,27.941711
1970-08-26,31.5,-25.0,27.773804
1970-08-27,31.5,-25.0,24.374786
1970-08-28,31.5,-25.0,28.819794
1970-08-29,31.5,-25.0,27.618011
1970-08-30,31.5,-25.0,31.66446
1970-08-31,31.5,-25.0,33.430725
1970-09-01,31.5,-25.0,36.260345
1970-09-02,31.5,-25.0,21.313599
1970-09-03,31.5,-25.0,32.92917
1970-09-04,31.5,-25.0,18.873901
1970-09-05,31.5,-25.0,31.070526
1970-09-06,31.5,-25.0,23.128723
1970-09-07,31.5,-25.0,24.480103
1970-09-08,31.5,-25.0,30.04657
1970-09-09,31.5,-25.0,33.56891
1970-09-10,31.5,-25.0,35.81366
1970-09-11,31.5,-25.0,23.760864
1970-09-12,31.5,-25.0,22.065002
1970-09-13,31.5,-25.0,29.170258
1970-09-14,31.5,-25.0,32.153168
1970-09-15,31.5,-25.0,26.953888
1970-09-16,31.5,-25.0,32.06421
1970-09-17,31.5,-25.0,34.10077
1970-09-18,31.5,-25.0,33.763855
1970-09-19,31.5,-25.0,34.30139
1970-09-20,31.5,-25.0,29.069946
1970-09-21,31.5,-25.0,32.10962
1970-09-22,31.5,-25.0,34.51526
1970-09-23,31.5,-25.0,36.66159
1970-09-24,31.5,-25.0,34.65155
1970-09-25,31.5,-25.0,34.784027
1970-09-26,31.5,-25.0,34.167023
1970-09-27,31.5,-25.0,34.62503
1970-09-28,31.5,-25.0,34.059113
1970-09-29,31.5,-25.0,29.624512
1970-09-30,31.5,-25.0,20.454315
1970-10-01,31.5,-25.0,26.46634
1970-10-02,31.5,-25.0,22.43332
1970-10-03,31.5,-25.0,30.633636
1970-10-04,31.5,-25.0,30.21045
1970-10-05,31.5,-25.0,30.421173
1970-10-06,31.5,-25.0,35.980408
1970-10-07,31.5,-25.0,37.53717
1970-10-08,31.5,-25.0,34.217957
1970-10-09,31.5,-25.0,18.408813
1970-10-10,31.5,-25.0,17.453644
1970-10-11,31.5,-25.0,18.15387
1970-10-12,31.5,-25.0,22.910889
1970-10-13,31.5,-25.0,25.416016
1970-10-14,31.5,-25.0,28.680847
1970-10-15,31.5,-25.0,26.476532
1970-10-16,31.5,-25.0,19.996185
1970-10-17,31.5,-25.0,17.572632
1970-10-18,31.5,-25.0,22.63556
1970-10-19,31.5,-25.0,25.159393
1970-10-20,31.5,-25.0,29.45755
1970-10-21,31.5,-25.0,28.378326
1970-10-22,31.5,-25.0,30.567352
1970-10-23,31.5,-25.0,31.964355
1970-10-24,31.5,-25.0,22.994171
1970-10-25,31.5,-25.0,25.4823
1970-10-26,31.5,-25.0,28.996979
1970-10-27,31.5,-25.0,31.853912
1970-10-28,31.5,-25.0,35.45352
1970-10-29,31.5,-25.0,31.310059
1970-10-30,31.5,-25.0,30.392303
1970-10-31,31.5,-25.0,33.584045
1970-11-01,31.5,-25.0,33.848663
1970-11-02,31.5,-25.0,36.42401
1970-11-03,31.5,-25.0,37.8627
1970-11-04,31.5,-25.0,26.567688
1970-11-05,31.5,-25.0,21.661804
1970-11-06,31.5,-25.0,25.529602
1970-11-07,31.5,-25.0,29.34018
1970-11-08,31.5,-25.0,34.63556
1970-11-09,31.5,-25.0,22.248413
1970-11-10,31.5,-25.0,29.785309
1970-11-11,31.5,-25.0,21.633179
1970-11-12,31.5,-25.0,28.972961
1970-11-13,31.5,-25.0,29.637451
1970-11-14,31.5,-25.0,31.289185
1970-11-15,31.5,-25.0,33.753265
1970-11-16,31.5,-25.0,31.921906
1970-11-17,31.5,-25.0,33.454407
1970-11-18,31.5,-25.0,27.457947
1970-11-19,31.5,-25.0,38.18225
1970-11-20,31.5,-25.0,25.632935
1970-11-21,31.5,-25.0,24.04004
1970-11-22,31.5,-25.0,29.10492
1970-11-23,31.5,-25.0,33.52594
1970-11-24,31.5,-25.0,35.49243
1970-11-25,31.5,-25.0,30.952179
1970-11-26,31.5,-25.0,34.486115
1970-11-27,31.5,-25.0,38.26651
1970-11-28,31.5,-25.0,32.622955
1970-11-29,31.5,-25.0,35.47336
1970-11-30,31.5,-25.0,36.951782
1970-12-01,31.5,-25.0,26.95816
1970-12-02,31.5,-25.0,33.423737
1970-12-03,31.5,-25.0,35.332
1970-12-04,31.5,-25.0,35.96048
1970-12-05,31.5,-25.0,36.55316
1970-12-06,31.5,-25.0,35.12033
1970-12-07,31.5,-25.0,34.21341
1970-12-08,31.5,-25.0,32.546143
1970-12-09,31.5,-25.0,35.86441
1970-12-10,31.5,-25.0,28.421906
1970-12-11,31.5,-25.0,37.84268
1970-12-12,31.5,-25.0,37.793854
1970-12-13,31.5,-25.0,38.095062
1970-12-14,31.5,-25.0,36.006073
1970-12-15,31.5,-25.0,29.03247
1970-12-16,31.5,-25.0,32.484283
1970-12-17,31.5,-25.0,33.192535
1970-12-18,31.5,-25.0,33.078552
1970-12-19,31.5,-25.0,33.690765
1970-12-20,31.5,-25.0,33.744507
1970-12-21,31.5,-25.0,36.317047
1970-12-22,31.5,-25.0,22.705292
1970-12-23,31.5,-25.0,27.334259
1970-12-24,31.5,-25.0,27.194244
1970-12-25,31.5,-25.0,30.242249
1970-12-26,31.5,-25.0,32.35565
1970-12-27,31.5,-25.0,33.40909
1970-12-28,31.5,-25.0,32.578705
1970-12-29,31.5,-25.0,30.354584
1970-12-30,31.5,-25.0,29.971954
1970-12-31,31.5,-25.0,30.781158
1971-01-01,31.5,-25.0,22.104279
1971-01-02,31.5,-25.0,27.916534
1971-01-03,31.5,-25.0,24.166992
1971-01-04,31.5,-25.0,22.57837
1971-01-05,31.5,-25.0,24.890625
1971-01-06,31.5,-25.0,27.67035
1971-01-07,31.5,-25.0,29.7547
1971-01-08,31.5,-25.0,28.98285
1971-01-09,31.5,-25.0,29.431976
1971-01-10,31.5,-25.0,32.076935
1971-01-11,31.5,-25.0,37.624725
1971-01-12,31.5,-25.0,24.08551
1971-01-13,31.5,-25.0,32.897064
1971-01-14,31.5,-25.0,35.510406
1971-01-15,31.5,-25.0,34.301056
1971-01-16,31.5,-25.0,27.974762
1971-01-17,31.5,-25.0,26.522522
1971-01-18,31.5,-25.0,29.729736
1971-01-19,31.5,-25.0,31.882324
1971-01-20,31.5,-25.0,32.67581
1971-01-21,31.5,-25.0,33.359497
1971-01-22,31.5,-25.0,20.232819
1971-01-23,31.5,-25.0,26.778687
1971-01-24,31.5,-25.0,28.15274
1971-01-25,31.5,-25.0,27.096436
1971-01-26,31.5,-25.0,27.773468
1971-01-27,31.5,-25.0,27.86496
1971-01-28,31.5,-25.0,27.457397
1971-01-29,31.5,-25.0,28.615204
1971-01-30,31.5,-25.0,29.275604
1971-01-31,31.5,-25.0,29.110931
1971-02-01,31.5,-25.0,30.639008
1971-02-02,31.5,-25.0,28.134033
1971-02-03,31.5,-25.0,31.801361
1971-02-04,31.5,-25.0,31.341461
1971-02-05,31.5,-25.0,29.343567
1971-02-06,31.5,-25.0,31.509918
1971-02-07,31.5,-25.0,31.656464
1971-02-08,31.5,-25.0,34.046875
1971-02-09,31.5,-25.0,28.753967
1971-02-10,31.5,-25.0,32.0372
1971-02-11,31.5,-25.0,35.165436
1971-02-12,31.5,-25.0,28.0195
1971-02-13,31.5,-25.0,30.558136
1971-02-14,31.5,-25.0,30.325653
1971-02-15,31.5,-25.0,32.716064
1971-02-16,31.5,-25.0,31.634583
1971-02-17,31.5,-25.0,27.554535
1971-02-18,31.5,-25.0,30.35431
1971-02-19,31.5,-25.0,29.394104
1971-02-20,31.5,-25.0,32.2865
1971-02-21,31.5,-25.0,31.171326
1971-02-22,31.5,-25.0,31.917572
1971-02-23,31.5,-25.0,29.832092
1971-02-24,31.5,-25.0,30.620453
1971-02-25,31.5,-25.0,34.281036
1971-02-26,31.5,-25.0,33.046234
1971-02-27,31.5,-25.0,33.70996
1971-02-28,31.5,-25.0,35.534363
1971-03-01,31.5,-25.0,35.70996
1971-03-02,31.5,-25.0,35.273834
1971-03-03,31.5,-25.0,31.60495
1971-03-04,31.5,-25.0,28.379333
1971-03-05,31.5,-25.0,27.2258
1971-03-06,31.5,-25.0,25.499054
1971-03-07,31.5,-25.0,30.355286
1971-03-08,31.5,-25.0,30.552887
1971-03-09,31.5,-25.0,30.821686
1971-03-10,31.5,-25.0,30.255615
1971-03-11,31.5,-25.0,30.556458
1971-03-12,31.5,-25.0,28.215546
1971-03-13,31.5,-25.0,29.819458
1971-03-14,31.5,-25.0,32.25116
1971-03-15,31.5,-25.0,31.644104
1971-03-16,31.5,-25.0,30.67038
1971-03-17,31.5,-25.0,31.120758
1971-03-18,31.5,-25.0,28.406036
1971-03-19,31.5,-25.0,33.56311
1971-03-20,31.5,-25.0,31.553345
1971-03-21,31.5,-25.0,31.78653
1971-03-22,31.5,-25.0,35.012146
1971-03-23,31.5,-25.0,24.642822
1971-03-24,31.5,-25.0,28.90448
1971-03-25,31.5,-25.0,32.762054
1971-03-26,31.5,-25.0,32.851044
1971-03-27,31.5,-25.0,26.835938
1971-03-28,31.5,-25.0,27.382446
1971-03-29,31.5,-25.0,30.631226
1971-03-30,31.5,-25.0,28.194183
1971-03-31,31.5,-25.0,27.332611
1971-04-01,31.5,-25.0,27.780731
1971-04-02,31.5,-25.0,32.243927
1971-04-03,31.5,-25.0,32.11606
1971-04-04,31.5,-25.0,24.727783
1971-04-05,31.5,-25.0,25.487885
1971-04-06,31.5,-25.0,25.995789
1971-04-07,31.5,-25.0,23.03653
1971-04-08,31.5,-25.0,26.932373
1971-04-09,31.5,-25.0,27.660034
1971-04-10,31.5,-25.0,26.618988
1971-04-11,31.5,-25.0,25.424835
1971-04-12,31.5,-25.0,26.811707
1971-04-13,31.5,-25.0,31.09842
1971-04-14,31.5,-25.0,23.89566
1971-04-15,31.5,-25.0,30.570679
1971-04-16,31.5,-25.0,25.47705
1971-04-17,31.5,-25.0,28.43454
1971-04-18,31.5,-25.0,24.94574
1971-04-19,31.5,-25.0,28.200378
1971-04-20,31.5,-25.0,29.039703
1971-04-21,31.5,-25.0,25.552704
1971-04-22,31.5,-25.0,27.895996
1971-04-23,31.5,-25.0,30.601288
1971-04-24,31.5,-25.0,29.246857
1971-04-25,31.5,-25.0,32.12686
1971-04-26,31.5,-25.0,28.317444
1971-04-27,31.5,-25.0,31.20108
1971-04-28,31.5,-25.0,29.22702
1971-04-29,31.5,-25.0,30.878662
1971-04-30,31.5,-25.0,32.076416
1971-05-01,31.5,-25.0,33.617218
1971-05-02,31.5,-25.0,24.47171
1971-05-03,31.5,-25.0,27.897034
1971-05-04,31.5,-25.0,25.163574
1971-05-05,31.5,-25.0,24.821442
1971-05-06,31.5,-25.0,26.891357
1971-05-07,31.5,-25.0,29.239166
1971-05-08,31.5,-25.0,27.77417
1971-05-09,31.5,-25.0,27.687195
1971-05-10,31.5,-25.0,27.273224
1971-05-11,31.5,-25.0,30.121979
1971-05-12,31.5,-25.0,20.985931
1971-05-13,31.5,-25.0,23.042603
1971-05-14,31.5,-25.0,25.042603
1971-05-15,31.5,-25.0,29.13144
1971-05-16,31.5,-25.0,20.624878
1971-05-17,31.5,-25.0,20.316742
1971-05-18,31.5,-25.0,24.991577
1971-05-19,31.5,-25.0,27.643738
1971-05-20,31.5,-25.0,27.781708
1971-05-21,31.5,-25.0,18.290283
1971-05-22,31.5,-25.0,20.804443
1971-05-23,31.5,-25.0,24.001038
1971-05-24,31.5,-25.0,27.294006
1971-05-25,31.5,-25.0,26.551117
1971-05-26,31.5,-25.0,25.60971
1971-05-27,31.5,-25.0,24.666412
1971-05-28,31.5,-25.0,24.02182
1971-05-29,31.5,-25.0,22.528442
1971-05-30,31.5,-25.0,23.346954
1971-05-31,31.5,-25.0,22.999146
1971-06-01,31.5,-25.0,22.447784
1971-06-02,31.5,-25.0,22.657715
1971-06-03,31.5,-25.0,23.590729
1971-06-04,31.5,-25.0,22.465302
1971-06-05,31.5,-25.0,20.997742
1971-06-06,31.5,-25.0,21.666412
1971-06-07,31.5,-25.0,24.424591
1971-06-08,31.5,-25.0,25.789124
1971-06-09,31.5,-25.0,27.132263
1971-06-10,31.5,-25.0,24.749207
1971-06-11,31.5,-25.0,24.251617
1971-06-12,31.5,-25.0,25.357605
1971-06-13,31.5,-25.0,26.941772
1971-06-14,31.5,-25.0,28.16632
1971-06-15,31.5,-25.0,29.112946
1971-06-16,31.5,-25.0,15.864288
1971-06-17,31.5,-25.0,13.246063
1971-06-18,31.5,-25.0,19.712921
1971-06-19,31.5,-25.0,25.015503
1971-06-20,31.5,-25.0,21.934631
1971-06-21,31.5,-25.0,22.525543
1971-06-22,31.5,-25.0,25.289581
1971-06-23,31.5,-25.0,23.318604
1971-06-24,31.5,-25.0,27.71344
1971-06-25,31.5,-25.0,18.38147
1971-06-26,31.5,-25.0,18.980133
1971-06-27,31.5,-25.0,21.87439
1971-06-28,31.5,-25.0,25.338165
1971-06-29,31.5,-25.0,26.065125
1971-06-30,31.5,-25.0,24.677277
1971-07-01,31.5,-25.0,26.417877
1971-07-02,31.5,-25.0,28.442627
1971-07-03,31.5,-25.0,29.06424
1971-07-04,31.5,-25.0,22.238464
1971-07-05,31.5,-25.0,15.958313
1971-07-06,31.5,-25.0,22.558258
1971-07-07,31.5,-25.0,25.880219
1971-07-08,31.5,-25.0,27.113464
1971-07-09,31.5,-25.0,25.574402
1971-07-10,31.5,-25.0,29.092224
1971-07-11,31.5,-25.0,23.985382
1971-07-12,31.5,-25.0,22.376373
1971-07-13,31.5,-25.0,22.418335
1971-07-14,31.5,-25.0,24.42511
1971-07-15,31.5,-25.0,26.98352
1971-07-16,31.5,-25.0,29.83377
1971-07-17,31.5,-25.0,22.880066
1971-07-18,31.5,-25.0,20.481537
1971-07-19,31.5,-25.0,23.141907
1971-07-20,31.5,-25.0,24.223236
1971-07-21,31.5,-25.0,25.020752
1971-07-22,31.5,-25.0,26.945557
1971-07-23,31.5,-25.0,24.646973
1971-07-24,31.5,-25.0,25.192627
1971-07-25,31.5,-25.0,24.265198
1971-07-26,31.5,-25.0,22.650208
1971-07-27,31.5,-25.0,23.269806
1971-07-28,31.5,-25.0,24.656952
1971-07-29,31.5,-25.0,25.354523
1971-07-30,31.5,-25.0,26.585785
1971-07-31,31.5,-25.0,24.257202
1971-08-01,31.5,-25.0,22.6138
1971-08-02,31.5,-25.0,26.473907
1971-08-03,31.5,-25.0,29.149261
1971-08-04,31.5,-25.0,22.141449
1971-08-05,31.5,-25.0,27.87741
1971-08-06,31.5,-25.0,24.317352
1971-08-07,31.5,-25.0,29.553864
1971-08-08,31.5,-25.0,24.785828
1971-08-09,31.5,-25.0,25.54663
1971-08-10,31.5,-25.0,24.524506
1971-08-11,31.5,-25.0,17.867096
1971-08-12,31.5,-25.0,23.080353
1971-08-13,31.5,-25.0,22.747375
1971-08-14,31.5,-25.0,25.188507
1971-08-15,31.5,-25.0,28.827911
1971-08-16,31.5,-25.0,25.978333
1971-08-17,31.5,-25.0,28.825958
1971-08-18,31.5,-25.0,28.272308
1971-08-19,31.5,-25.0,29.64096
1971-08-20,31.5,-25.0,21.973053
1971-08-21,31.5,-25.0,21.661377
1971-08-22,31.5,-25.0,24.147003
1971-08-23,31.5,-25.0,26.888184
1971-08-24,31.5,-25.0,28.31491
1971-08-25,31.5,-25.0,31.903992
1971-08-26,31.5,-25.0,17.929047
1971-08-27,31.5,-25.0,24.207031
1971-08-28,31.5,-25.0,22.931305
1971-08-29,31.5,-25.0,28.454285
1971-08-30,31.5,-25.0,31.023163
1971-08-31,31.5,-25.0,32.200165
1971-09-01,31.5,-25.0,28.625458
1971-09-02,31.5,-25.0,30.350433
1971-09-03,31.5,-25.0,31.97586
1971-09-04,31.5,-25.0,30.869476
1971-09-05,31.5,-25.0,33.517395
1971-09-06,31.5,-25.0,29.359161
1971-09-07,31.5,-25.0,16.907867
1971-09-08,31.5,-25.0,23.312073
1971-09-09,31.5,-25.0,16.246399
1971-09-10,31.5,-25.0,23.154022
1971-09-11,31.5,-25.0,27.228333
1971-09-12,31.5,-25.0,25.204834
1971-09-13,31.5,-25.0,30.570923
1971-09-14,31.5,-25.0,34.192535
1971-09-15,31.5,-25.0,34.53012
1971-09-16,31.5,-25.0,36.645325
1971-09-17,31.5,-25.0,22.229095
1971-09-18,31.5,-25.0,24.141357
1971-09-19,31.5,-25.0,31.296814
1971-09-20,31.5,-25.0,33.152496
1971-09-21,31.5,-25.0,36.965332
1971-09-22,31.5,-25.0,24.242828
1971-09-23,31.5,-25.0,30.141632
1971-09-24,31.5,-25.0,33.466644
1971-09-25,31.5,-25.0,35.074524
1971-09-26,31.5,-25.0,29.69284
1971-09-27,31.5,-25.0,35.466736
1971-09-28,31.5,-25.0,34.715485
1971-09-29,31.5,-25.0,30.311401
1971-09-30,31.5,-25.0,19.735321
1971-10-01,31.5,-25.0,20.754547
1971-10-02,31.5,-25.0,29.077911
1971-10-03,31.5,-25.0,33.159943
1971-10-04,31.5,-25.0,38.95761
1971-10-05,31.5,-25.0,19.451477
1971-10-06,31.5,-25.0,23.374146
1971-10-07,31.5,-25.0,23.01358
1971-10-08,31.5,-25.0,28.459076
1971-10-09,31.5,-25.0,25.504059
1971-10-10,31.5,-25.0,27.124115
1971-10-11,31.5,-25.0,28.819641
1971-10-12,31.5,-25.0,29.17685
1971-10-13,31.5,-25.0,29.641418
1971-10-14,31.5,-25.0,32.098328
1971-10-15,31.5,-25.0,29.70514
1971-10-16,31.5,-25.0,30.741577
1971-10-17,31.5,-25.0,26.91449
1971-10-18,31.5,-25.0,17.90686
1971-10-19,31.5,-25.0,22.721771
1971-10-20,31.5,-25.0,29.163452
1971-10-21,31.5,-25.0,31.291656
1971-10-22,31.5,-25.0,34.74814
1971-10-23,31.5,-25.0,28.09851
1971-10-24,31.5,-25.0,14.418549
1971-10-25,31.5,-25.0,18.713562
1971-10-26,31.5,-25.0,27.21466
1971-10-27,31.5,-25.0,29.50055
1971-10-28,31.5,-25.0,24.860046
1971-10-29,31.5,-25.0,31.155823
1971-10-30,31.5,-25.0,27.680908
1971-10-31,31.5,-25.0,27.320343
1971-11-01,31.5,-25.0,31.369751
1971-11-02,31.5,-25.0,24.022003
1971-11-03,31.5,-25.0,18.888306
1971-11-04,31.5,-25.0,26.102509
1971-11-05,31.5,-25.0,29.257843
1971-11-06,31.5,-25.0,32.015594
1971-11-07,31.5,-25.0,30.038818
1971-11-08,31.5,-25.0,21.286224
1971-11-09,31.5,-25.0,24.469849
1971-11-10,31.5,-25.0,25.502228
1971-11-11,31.5,-25.0,30.288666
1971-11-12,31.5,-25.0,26.049072
1971-11-13,31.5,-25.0,22.513458
1971-11-14,31.5,-25.0,28.695282
1971-11-15,31.5,-25.0,33.858826
1971-11-16,31.5,-25.0,23.223724
1971-11-17,31.5,-25.0,19.53415
1971-11-18,31.5,-25.0,27.28418
1971-11-19,31.5,-25.0,27.578033
1971-11-20,31.5,-25.0,34.328674
1971-11-21,31.5,-25.0,25.431519
1971-11-22,31.5,-25.0,25.492798
1971-11-23,31.5,-25.0,28.252136
1971-11-24,31.5,-25.0,32.27487
1971-11-25,31.5,-25.0,30.23053
1971-11-26,31.5,-25.0,28.918427
1971-11-27,31.5,-25.0,31.992035
1971-11-28,31.5,-25.0,30.043518
1971-11-29,31.5,-25.0,27.186768
1971-11-30,31.5,-25.0,33.447144
1971-12-01,31.5,-25.0,22.555542
1971-12-02,31.5,-25.0,25.736328
1971-12-03,31.5,-25.0,25.819794
1971-12-04,31.5,-25.0,28.041748
1971-12-05,31.5,-25.0,31.841034
1971-12-06,31.5,-25.0,24.67279
1971-12-07,31.5,-25.0,25.3862
1971-12-08,31.5,-25.0,31.009827
1971-12-09,31.5,-25.0,34.660217
1971-12-10,31.5,-25.0,28.886047
1971-12-11,31.5,-25.0,26.305756
1971-12-12,31.5,-25.0,34.894196
1971-12-13,31.5,-25.0,33.207275
1971-12-14,31.5,-25.0,22.625916
1971-12-15,31.5,-25.0,25.52362
1971-12-16,31.5,-25.0,31.083466
1971-12-17,31.5,-25.0,23.722168
1971-12-18,31.5,-25.0,22.550629
1971-12-19,31.5,-25.0,28.642242
1971-12-20,31.5,-25.0,31.366547
1971-12-21,31.5,-25.0,28.617706
1971-12-22,31.5,-25.0,23.671448
1971-12-23,31.5,-25.0,29.522522
1971-12-24,31.5,-25.0,33.608124
1971-12-25,31.5,-25.0,36.12137
1971-12-26,31.5,-25.0,35.591217
1971-12-27,31.5,-25.0,30.523895
1971-12-28,31.5,-25.0,31.99646
1971-12-29,31.5,-25.0,33.591766
1971-12-30,31.5,-25.0,30.770966
1971-12-31,31.5,-25.0,29.584717
1972-01-01,31.5,-25.0,29.8945
1972-01-02,31.5,-25.0,29.855133
1972-01-03,31.5,-25.0,29.815765
1972-01-04,31.5,-25.0,28.178894
1972-01-05,31.5,-25.0,28.456085
1972-01-06,31.5,-25.0,29.971588
1972-01-07,31.5,-25.0,31.042603
1972-01-08,31.5,-25.0,34.826416
1972-01-09,31.5,-25.0,33.976837
1972-01-10,31.5,-25.0,34.977325
1972-01-11,31.5,-25.0,29.118683
1972-01-12,31.5,-25.0,22.617126
1972-01-13,31.5,-25.0,24.350769
1972-01-14,31.5,-25.0,28.697174
1972-01-15,31.5,-25.0,28.561035
1972-01-16,31.5,-25.0,29.9404
1972-01-17,31.5,-25.0,30.24057
1972-01-18,31.5,-25.0,28.224823
1972-01-19,31.5,-25.0,31.027832
1972-01-20,31.5,-25.0,30.606323
1972-01-21,31.5,-25.0,29.408997
1972-01-22,31.5,-25.0,23.466736
1972-01-23,31.5,-25.0,19.761627
1972-01-24,31.5,-25.0,20.314362
1972-01-25,31.5,-25.0,21.574005
1972-01-26,31.5,-25.0,27.67044
1972-01-27,31.5,-25.0,28.364227
1972-01-28,31.5,-25.0,29.732117
1972-01-29,31.5,-25.0,27.102936
1972-01-30,31.5,-25.0,30.050293
1972-01-31,31.5,-25.0,27.895142
1972-02-01,31.5,-25.0,29.310211
1972-02-02,31.5,-25.0,28.630371
1972-02-03,31.5,-25.0,27.613861
1972-02-04,31.5,-25.0,30.05127
1972-02-05,31.5,-25.0,28.221191
1972-02-06,31.5,-25.0,28.166412
1972-02-07,31.5,-25.0,29.302155
1972-02-08,31.5,-25.0,28.886536
1972-02-09,31.5,-25.0,30.491089
1972-02-10,31.5,-25.0,29.477753
1972-02-11,31.5,-25.0,29.115295
1972-02-12,31.5,-25.0,30.091553
1972-02-13,31.5,-25.0,32.557983
1972-02-14,31.5,-25.0,26.650482
1972-02-15,31.5,-25.0,27.60257
1972-02-16,31.5,-25.0,28.952576
1972-02-17,31.5,-25.0,27.533295
1972-02-18,31.5,-25.0,28.556274
1972-02-19,31.5,-25.0,29.932068
1972-02-20,31.5,-25.0,23.096619
1972-02-21,31.5,-25.0,26.516754
1972-02-22,31.5,-25.0,24.396698
1972-02-23,31.5,-25.0,26.57315
1972-02-24,31.5,-25.0,28.419342
1972-02-25,31.5,-25.0,23.934357
1972-02-26,31.5,-25.0,26.294434
1972-02-27,31.5,-25.0,25.186096
1972-02-28,31.5,-25.0,26.126892
1972-02-29,31.5,-25.0,26.819641
1972-03-01,31.5,-25.0,26.591064
1972-03-02,31.5,-25.0,27.050018
1972-03-03,31.5,-25.0,28.708588
1972-03-04,31.5,-25.0,29.325775
1972-03-05,31.5,-25.0,23.950226
1972-03-06,31.5,-25.0,23.93457
1972-03-07,31.5,-25.0,29.871674
1972-03-08,31.5,-25.0,30.746155
1972-03-09,31.5,-25.0,25.813934
1972-03-10,31.5,-25.0,25.547943
1972-03-11,31.5,-25.0,27.68982
1972-03-12,31.5,-25.0,27.679382
1972-03-13,31.5,-25.0,28.411316
1972-03-14,31.5,-25.0,28.06012
1972-03-15,31.5,-25.0,27.604614
1972-03-16,31.5,-25.0,26.860535
1972-03-17,31.5,-25.0,27.24997
1972-03-18,31.5,-25.0,28.856384
1972-03-19,31.5,-25.0,28.93634
1972-03-20,31.5,-25.0,25.248901
1972-03-21,31.5,-25.0,29.237122
1972-03-22,31.5,-25.0,25.62616
1972-03-23,31.5,-25.0,23.456482
1972-03-24,31.5,-25.0,27.192596
1972-03-25,31.5,-25.0,27.656769
1972-03-26,31.5,-25.0,28.435638
1972-03-27,31.5,-25.0,21.391113
1972-03-28,31.5,-25.0,23.689453
1972-03-29,31.5,-25.0,25.574005
1972-03-30,31.5,-25.0,27.677643
1972-03-31,31.5,-25.0,26.392853
1972-04-01,31.5,-25.0,25.641724
1972-04-02,31.5,-25.0,25.675842
1972-04-03,31.5,-25.0,27.200531
1972-04-04,31.5,-25.0,26.52887
1972-04-05,31.5,-25.0,25.955994
1972-04-06,31.5,-25.0,26.800049
1972-04-07,31.5,-25.0,28.443268
1972-04-08,31.5,-25.0,29.251434
1972-04-09,31.5,-25.0,26.652802
1972-04-10,31.5,-25.0,28.274475
1972-04-11,31.5,-25.0,28.384003
1972-04-12,31.5,-25.0,26.60431
1972-04-13,31.5,-25.0,28.5672
1972-04-14,31.5,-25.0,25.43518
1972-04-15,31.5,-25.0,25.851837
1972-04-16,31.5,-25.0,25.972168
1972-04-17,31.5,-25.0,29.531586
1972-04-18,31.5,-25.0,24.68811
1972-04-19,31.5,-25.0,26.17331
1972-04-20,31.5,-25.0,27.222076
1972-04-21,31.5,-25.0,27.42862
1972-04-22,31.5,-25.0,29.091583
1972-04-23,31.5,-25.0,29.791992
1972-04-24,31.5,-25.0,31.688416
1972-04-25,31.5,-25.0,28.430695
1972-04-26,31.5,-25.0,28.091278
1972-04-27,31.5,-25.0,30.776123
1972-04-28,31.5,-25.0,22.583344
1972-04-29,31.5,-25.0,26.166107
1972-04-30,31.5,-25.0,24.926971
1972-05-01,31.5,-25.0,22.273682
1972-05-02,31.5,-25.0,25.242798
1972-05-03,31.5,-25.0,24.50888
1972-05-04,31.5,-25.0,25.911804
1972-05-05,31.5,-25.0,28.70581
1972-05-06,31.5,-25.0,31.045319
1972-05-07,31.5,-25.0,24.774506
1972-05-08,31.5,-25.0,23.900879
1972-05-09,31.5,-25.0,27.001862
1972-05-10,31.5,-25.0,31.735962
1972-05-11,31.5,-25.0,32.641052
1972-05-12,31.5,-25.0,18.369904
1972-05-13,31.5,-25.0,19.156952
1972-05-14,31.5,-25.0,16.449524
1972-05-15,31.5,-25.0,23.414886
1972-05-16,31.5,-25.0,21.588928
1972-05-17,31.5,-25.0,21.071442
1972-05-18,31.5,-25.0,23.584106
1972-05-19,31.5,-25.0,23.670685
1972-05-20,31.5,-25.0,22.73999
1972-05-21,31.5,-25.0,21.014404
1972-05-22,31.5,-25.0,20.888458
1972-05-23,31.5,-25.0,21.433502
1972-05-24,31.5,-25.0,17.27002
1972-05-25,31.5,-25.0,22.970215
1972-05-26,31.5,-25.0,27.184845
1972-05-27,31.5,-25.0,27.285187
1972-05-28,31.5,-25.0,23.950073
1972-05-29,31.5,-25.0,24.605286
1972-05-30,31.5,-25.0,26.09085
1972-05-31,31.5,-25.0,25.846863
1972-06-01,31.5,-25.0,24.39029
1972-06-02,31.5,-25.0,20.214447
1972-06-03,31.5,-25.0,21.024261
1972-06-04,31.5,-25.0,24.720947
1972-06-05,31.5,-25.0,24.814026
1972-06-06,31.5,-25.0,24.25763
1972-06-07,31.5,-25.0,21.899445
1972-06-08,31.5,-25.0,20.646088
1972-06-09,31.5,-25.0,22.158813
1972-06-10,31.5,-25.0,24.176453
1972-06-11,31.5,-25.0,22.544922
1972-06-12,31.5,-25.0,24.427917
1972-06-13,31.5,-25.0,24.952606
1972-06-14,31.5,-25.0,21.323242
1972-06-15,31.5,-25.0,22.301361
1972-06-16,31.5,-25.0,22.23999
1972-06-17,31.5,-25.0,22.291473
1972-06-18,31.5,-25.0,23.53888
1972-06-19,31.5,-25.0,23.067627
1972-06-20,31.5,-25.0,22.497406
1972-06-21,31.5,-25.0,25.627808
1972-06-22,31.5,-25.0,26.073303
1972-06-23,31.5,-25.0,26.544556
1972-06-24,31.5,-25.0,28.884949
1972-06-25,31.5,-25.0,17.824554
1972-06-26,31.5,-25.0,17.804749
1972-06-27,31.5,-25.0,18.74527
1972-06-28,31.5,-25.0,19.669922
1972-06-29,31.5,-25.0,19.804565
1972-06-30,31.5,-25.0,21.810333
1972-07-01,31.5,-25.0,21.151062
1972-07-02,31.5,-25.0,23.694733
1972-07-03,31.5,-25.0,23.314178
1972-07-04,31.5,-25.0,22.213898
1972-07-05,31.5,-25.0,23.913605
1972-07-06,31.5,-25.0,26.039246
1972-07-07,31.5,-25.0,24.891632
1972-07-08,31.5,-25.0,25.7612
1972-07-09,31.5,-25.0,24.883759
1972-07-10,31.5,-25.0,22.578674
1972-07-11,31.5,-25.0,25.865723
1972-07-12,31.5,-25.0,22.328247
1972-07-13,31.5,-25.0,20.825714
1972-07-14,31.5,-25.0,23.39502
1972-07-15,31.5,-25.0,26.916718
1972-07-16,31.5,-25.0,20.922333
1972-07-17,31.5,-25.0,22.80545
1972-07-18,31.5,-25.0,24.749664
1972-07-19,31.5,-25.0,18.433899
1972-07-20,31.5,-25.0,20.924316
1972-07-21,31.5,-25.0,23.850525
1972-07-22,31.5,-25.0,25.45755
1972-07-23,31.5,-25.0,25.031647
1972-07-24,31.5,-25.0,24.43811
1972-07-25,31.5,-25.0,23.095306
1972-07-26,31.5,-25.0,24.029938
1972-07-27,31.5,-25.0,25.648834
1972-07-28,31.5,-25.0,25.790802
1972-07-29,31.5,-25.0,22.998688
1972-07-30,31.5,-25.0,26.131927
1972-07-31,31.5,-25.0,28.507965
1972-08-01,31.5,-25.0,19.83963
1972-08-02,31.5,-25.0,20.596344
1972-08-03,31.5,-25.0,24.311432
1972-08-04,31.5,-25.0,26.69104
1972-08-05,31.5,-25.0,19.917847
1972-08-06,31.5,-25.0,22.537964
1972-08-07,31.5,-25.0,23.977081
1972-08-08,31.5,-25.0,21.341309
1972-08-09,31.5,-25.0,21.94159
1972-08-10,31.5,-25.0,22.383484
1972-08-11,31.5,-25.0,26.28238
1972-08-12,31.5,-25.0,26.632355
1972-08-13,31.5,-25.0,26.409454
1972-08-14,31.5,-25.0,21.683502
1972-08-15,31.5,-25.0,24.22342
1972-08-16,31.5,-25.0,26.163086
1972-08-17,31.5,-25.0,28.63263
1972-08-18,31.5,-25.0,31.082642
1972-08-19,31.5,-25.0,26.298004
1972-08-20,31.5,-25.0,28.538788
1972-08-21,31.5,-25.0,26.587402
1972-08-22,31.5,-25.0,27.90332
1972-08-23,31.5,-25.0,28.777344
1972-08-24,31.5,-25.0,31.305542
1972-08-25,31.5,-25.0,28.853607
1972-08-26,31.5,-25.0,20.735168
1972-08-27,31.5,-25.0,28.82425
1972-08-28,31.5,-25.0,17.598877
1972-08-29,31.5,-25.0,15.96814
1972-08-30,31.5,-25.0,19.692993
1972-08-31,31.5,-25.0,28.200531
1972-09-01,31.5,-25.0,32.41861
1972-09-02,31.5,-25.0,25.677032
1972-09-03,31.5,-25.0,27.241638
1972-09-04,31.5,-25.0,23.305939
1972-09-05,31.5,-25.0,21.865814
1972-09-06,31.5,-25.0,24.316803
1972-09-07,31.5,-25.0,30.220367
1972-09-08,31.5,-25.0,34.25641
1972-09-09,31.5,-25.0,22.599823
1972-09-10,31.5,-25.0,30.172028
1972-09-11,31.5,-25.0,31.56012
1972-09-12,31.5,-25.0,29.753937
1972-09-13,31.5,-25.0,32.310852
1972-09-14,31.5,-25.0,23.510345
1972-09-15,31.5,-25.0,21.401276
1972-09-16,31.5,-25.0,23.772339
1972-09-17,31.5,-25.0,28.61673
1972-09-18,31.5,-25.0,30.142303
1972-09-19,31.5,-25.0,34.089172
1972-09-20,31.5,-25.0,34.910492
1972-09-21,31.5,-25.0,32.864594
1972-09-22,31.5,-25.0,32.00052
1972-09-23,31.5,-25.0,23.432281
1972-09-24,31.5,-25.0,27.377289
1972-09-25,31.5,-25.0,25.102844
1972-09-26,31.5,-25.0,23.900574
1972-09-27,31.5,-25.0,26.656311
1972-09-28,31.5,-25.0,21.159698
1972-09-29,31.5,-25.0,27.860413
1972-09-30,31.5,-25.0,31.065857
1972-10-01,31.5,-25.0,29.92041
1972-10-02,31.5,-25.0,32.269653
1972-10-03,31.5,-25.0,33.026245
1972-10-04,31.5,-25.0,19.031433
1972-10-05,31.5,-25.0,31.164856
1972-10-06,31.5,-25.0,19.821594
1972-10-07,31.5,-25.0,22.709991
1972-10-08,31.5,-25.0,22.096619
1972-10-09,31.5,-25.0,23.622131
1972-10-10,31.5,-25.0,28.016602
1972-10-11,31.5,-25.0,26.052704
1972-10-12,31.5,-25.0,23.841309
1972-10-13,31.5,-25.0,25.607239
1972-10-14,31.5,-25.0,28.686554
1972-10-15,31.5,-25.0,28.534546
1972-10-16,31.5,-25.0,28.506256
1972-10-17,31.5,-25.0,30.72293
1972-10-18,31.5,-25.0,30.0141
1972-10-19,31.5,-25.0,31.866638
1972-10-20,31.5,-25.0,32.934326
1972-10-21,31.5,-25.0,28.057251
1972-10-22,31.5,-25.0,30.544403
1972-10-23,31.5,-25.0,34.25302
1972-10-24,31.5,-25.0,28.612305
1972-10-25,31.5,-25.0,23.286255
1972-10-26,31.5,-25.0,28.771393
1972-10-27,31.5,-25.0,31.240875
1972-10-28,31.5,-25.0,35.849243
1972-10-29,31.5,-25.0,25.015076
1972-10-30,31.5,-25.0,23.890808
1972-10-31,31.5,-25.0,29.535034
1972-11-01,31.5,-25.0,27.528473
1972-11-02,31.5,-25.0,28.576141
1972-11-03,31.5,-25.0,32.895966
1972-11-04,31.5,-25.0,30.952972
1972-11-05,31.5,-25.0,30.069916
1972-11-06,31.5,-25.0,32.135986
1972-11-07,31.5,-25.0,25.767029
1972-11-08,31.5,-25.0,29.46994
1972-11-09,31.5,-25.0,23.473267
1972-11-10,31.5,-25.0,27.650024
1972-11-11,31.5,-25.0,28.933044
1972-11-12,31.5,-25.0,24.862427
1972-11-13,31.5,-25.0,26.080841
1972-11-14,31.5,-25.0,28.745361
1972-11-15,31.5,-25.0,31.645233
1972-11-16,31.5,-25.0,36.305054
1972-11-17,31.5,-25.0,21.762573
1972-11-18,31.5,-25.0,18.176544
1972-11-19,31.5,-25.0,24.131683
1972-11-20,31.5,-25.0,25.605469
1972-11-21,31.5,-25.0,26.188538
1972-11-22,31.5,-25.0,28.771515
1972-11-23,31.5,-25.0,29.979156
1972-11-24,31.5,-25.0,31.92215
1972-11-25,31.5,-25.0,26.194702
1972-11-26,31.5,-25.0,27.17926
1972-11-27,31.5,-25.0,27.196198
1972-11-28,31.5,-25.0,29.20996
1972-11-29,31.5,-25.0,28.303833
1972-11-30,31.5,-25.0,33.680542
1972-12-01,31.5,-25.0,32.73001
1972-12-02,31.5,-25.0,33.643646
1972-12-03,31.5,-25.0,34.148468
1972-12-04,31.5,-25.0,35.497437
1972-12-05,31.5,-25.0,33.900208
1972-12-06,31.5,-25.0,32.470154
1972-12-07,31.5,-25.0,36.95398
1972-12-08,31.5,-25.0,37.953674
1972-12-09,31.5,-25.0,36.606384
1972-12-10,31.5,-25.0,38.585968
1972-12-11,31.5,-25.0,39.195038
1972-12-12,31.5,-25.0,27.918457
1972-12-13,31.5,-25.0,36.167755
1972-12-14,31.5,-25.0,35.93936
1972-12-15,31.5,-25.0,31.660767
1972-12-16,31.5,-25.0,37.75009
1972-12-17,31.5,-25.0,27.577515
1972-12-18,31.5,-25.0,25.132843
1972-12-19,31.5,-25.0,28.850311
1972-12-20,31.5,-25.0,33.850555
1972-12-21,31.5,-25.0,37.213837
1972-12-22,31.5,-25.0,32.248352
1972-12-23,31.5,-25.0,20.44046
1972-12-24,31.5,-25.0,26.26828
1972-12-25,31.5,-25.0,36.005554
1972-12-26,31.5,-25.0,33.01471
1972-12-27,31.5,-25.0,35.891357
1972-12-28,31.5,-25.0,36.795074
1972-12-29,31.5,-25.0,37.945404
1972-12-30,31.5,-25.0,39.57904
1972-12-31,31.5,-25.0,25.62442
1973-01-01,31.5,-25.0,32.765747
1973-01-02,31.5,-25.0,36.924133
1973-01-03,31.5,-25.0,30.835205
1973-01-04,31.5,-25.0,32.671173
1973-01-05,31.5,-25.0,35.441162
1973-01-06,31.5,-25.0,34.877014
1973-01-07,31.5,-25.0,36.88022
1973-01-08,31.5,-25.0,35.140503
1973-01-09,31.5,-25.0,37.804108
1973-01-10,31.5,-25.0,29.200226
1973-01-11,31.5,-25.0,30.41632
1973-01-12,31.5,-25.0,29.284668
1973-01-13,31.5,-25.0,33.515686
1973-01-14,31.5,-25.0,24.702332
1973-01-15,31.5,-25.0,24.970886
1973-01-16,31.5,-25.0,25.812042
1973-01-17,31.5,-25.0,32.728577
1973-01-18,31.5,-25.0,33.667694
1973-01-19,31.5,-25.0,34.037567
1973-01-20,31.5,-25.0,31.500671
1973-01-21,31.5,-25.0,35.63202
1973-01-22,31.5,-25.0,36.373505
1973-01-23,31.5,-25.0,35.452972
1973-01-24,31.5,-25.0,36.733276
1973-01-25,31.5,-25.0,37.684174
1973-01-26,31.5,-25.0,33.949738
1973-01-27,31.5,-25.0,36.398834
1973-01-28,31.5,-25.0,29.261017
1973-01-29,31.5,-25.0,36.376892
1973-01-30,31.5,-25.0,38.829346
1973-01-31,31.5,-25.0,21.065887
1973-02-01,31.5,-25.0,20.890778
1973-02-02,31.5,-25.0,25.375183
1973-02-03,31.5,-25.0,27.450806
1973-02-04,31.5,-25.0,28.454987
1973-02-05,31.5,-25.0,29.225342
1973-02-06,31.5,-25.0,32.04413
1973-02-07,31.5,-25.0,30.103027
1973-02-08,31.5,-25.0,31.116821
1973-02-09,31.5,-25.0,33.9628
1973-02-10,31.5,-25.0,34.47049
1973-02-11,31.5,-25.0,29.556885
1973-02-12,31.5,-25.0,30.235931
1973-02-13,31.5,-25.0,31.837524
1973-02-14,31.5,-25.0,34.095734
1973-02-15,31.5,-25.0,34.062103
1973-02-16,31.5,-25.0,34.324768
1973-02-17,31.5,-25.0,32.311584
1973-02-18,31.5,-25.0,31.345825
1973-02-19,31.5,-25.0,32.86734
1973-02-20,31.5,-25.0,27.365936
1973-02-21,31.5,-25.0,24.335754
1973-02-22,31.5,-25.0,27.819183
1973-02-23,31.5,-25.0,31.211304
1973-02-24,31.5,-25.0,33.43268
1973-02-25,31.5,-25.0,24.306915
1973-02-26,31.5,-25.0,26.715698
1973-02-27,31.5,-25.0,30.28238
1973-02-28,31.5,-25.0,33.105957
1973-03-01,31.5,-25.0,34.832703
1973-03-02,31.5,-25.0,34.98825
1973-03-03,31.5,-25.0,32.7023
1973-03-04,31.5,-25.0,26.708923
1973-03-05,31.5,-25.0,28.794128
1973-03-06,31.5,-25.0,29.727295
1973-03-07,31.5,-25.0,29.897308
1973-03-08,31.5,-25.0,32.46176
1973-03-09,31.5,-25.0,31.960815
1973-03-10,31.5,-25.0,31.307922
1973-03-11,31.5,-25.0,30.081757
1973-03-12,31.5,-25.0,32.121765
1973-03-13,31.5,-25.0,31.848663
1973-03-14,31.5,-25.0,36.313873
1973-03-15,31.5,-25.0,37.077057
1973-03-16,31.5,-25.0,24.202332
1973-03-17,31.5,-25.0,27.296661
1973-03-18,31.5,-25.0,30.658691
1973-03-19,31.5,-25.0,31.65155
1973-03-20,31.5,-25.0,31.832397
1973-03-21,31.5,-25.0,33.297302
1973-03-22,31.5,-25.0,29.691132
1973-03-23,31.5,-25.0,31.045715
1973-03-24,31.5,-25.0,34.8291
1973-03-25,31.5,-25.0,31.83783
1973-03-26,31.5,-25.0,29.862946
1973-03-27,31.5,-25.0,31.11081
1973-03-28,31.5,-25.0,31.429108
1973-03-29,31.5,-25.0,33.112823
1973-03-30,31.5,-25.0,29.387299
1973-03-31,31.5,-25.0,21.686707
1973-04-01,31.5,-25.0,26.738953
1973-04-02,31.5,-25.0,31.03598
1973-04-03,31.5,-25.0,32.368713
1973-04-04,31.5,-25.0,29.276093
1973-04-05,31.5,-25.0,31.35495
1973-04-06,31.5,-25.0,27.587708
1973-04-07,31.5,-25.0,30.269714
1973-04-08,31.5,-25.0,28.54831
1973-04-09,31.5,-25.0,24.088135
1973-04-10,31.5,-25.0,23.162354
1973-04-11,31.5,-25.0,25.25772
1973-04-12,31.5,-25.0,27.094574
1973-04-13,31.5,-25.0,31.318298
1973-04-14,31.5,-25.0,31.028656
1973-04-15,31.5,-25.0,24.436432
1973-04-16,31.5,-25.0,19.299774
1973-04-17,31.5,-25.0,22.293427
1973-04-18,31.5,-25.0,25.362213
1973-04-19,31.5,-25.0,27.367737
1973-04-20,31.5,-25.0,24.50061
1973-04-21,31.5,-25.0,23.934143
1973-04-22,31.5,-25.0,25.837006
1973-04-23,31.5,-25.0,23.937805
1973-04-24,31.5,-25.0,24.493256
1973-04-25,31.5,-25.0,24.98822
1973-04-26,31.5,-25.0,26.766449
1973-04-27,31.5,-25.0,24.011139
1973-04-28,31.5,-25.0,25.959839
1973-04-29,31.5,-25.0,27.706879
1973-04-30,31.5,-25.0,29.265106
1973-05-01,31.5,-25.0,33.28827
1973-05-02,31.5,-25.0,25.237732
1973-05-03,31.5,-25.0,20.995026
1973-05-04,31.5,-25.0,24.731598
1973-05-05,31.5,-25.0,23.558563
1973-05-06,31.5,-25.0,23.715698
1973-05-07,31.5,-25.0,24.925293
1973-05-08,31.5,-25.0,26.281036
1973-05-09,31.5,-25.0,26.054474
1973-05-10,31.5,-25.0,26.67389
1973-05-11,31.5,-25.0,26.056305
1973-05-12,31.5,-25.0,30.68637
1973-05-13,31.5,-25.0,26.854797
1973-05-14,31.5,-25.0,30.472595
1973-05-15,31.5,-25.0,33.204224
1973-05-16,31.5,-25.0,26.460114
1973-05-17,31.5,-25.0,30.728394
1973-05-18,31.5,-25.0,20.496216
1973-05-19,31.5,-25.0,23.233307
1973-05-20,31.5,-25.0,25.347351
1973-05-21,31.5,-25.0,22.613922
1973-05-22,31.5,-25.0,24.932587
1973-05-23,31.5,-25.0,22.820374
1973-05-24,31.5,-25.0,25.206665
1973-05-25,31.5,-25.0,26.549652
1973-05-26,31.5,-25.0,30.255157
1973-05-27,31.5,-25.0,26.412598
1973-05-28,31.5,-25.0,21.384216
1973-05-29,31.5,-25.0,29.326965
1973-05-30,31.5,-25.0,26.927856
1973-05-31,31.5,-25.0,17.265778
1973-06-01,31.5,-25.0,21.125
1973-06-02,31.5,-25.0,26.333344
1973-06-03,31.5,-25.0,23.441467
1973-06-04,31.5,-25.0,25.750488
1973-06-05,31.5,-25.0,29.089264
1973-06-06,31.5,-25.0,24.264526
1973-06-07,31.5,-25.0,25.931122
1973-06-08,31.5,-25.0,22.00766
1973-06-09,31.5,-25.0,22.983398
1973-06-10,31.5,-25.0,21.523499
1973-06-11,31.5,-25.0,20.845673
1973-06-12,31.5,-25.0,20.625946
1973-06-13,31.5,-25.0,22.095154
1973-06-14,31.5,-25.0,25.096893
1973-06-15,31.5,-25.0,23.85672
1973-06-16,31.5,-25.0,24.214264
1973-06-17,31.5,-25.0,25.5047
1973-06-18,31.5,-25.0,23.370728
1973-06-19,31.5,-25.0,25.841736
1973-06-20,31.5,-25.0,25.303589
1973-06-21,31.5,-25.0,21.309357
1973-06-22,31.5,-25.0,22.495514
1973-06-23,31.5,-25.0,22.473175
1973-06-24,31.5,-25.0,22.052338
1973-06-25,31.5,-25.0,21.603577
1973-06-26,31.5,-25.0,22.152893
1973-06-27,31.5,-25.0,21.534668
1973-06-28,31.5,-25.0,23.33905
1973-06-29,31.5,-25.0,24.039215
1973-06-30,31.5,-25.0,26.594025
1973-07-01,31.5,-25.0,25.302765
1973-07-02,31.5,-25.0,23.386475
1973-07-03,31.5,-25.0,26.672058
1973-07-04,31.5,-25.0,26.569733
1973-07-05,31.5,-25.0,28.125061
1973-07-06,31.5,-25.0,19.083252
1973-07-07,31.5,-25.0,20.815338
1973-07-08,31.5,-25.0,22.260895
1973-07-09,31.5,-25.0,20.49533
1973-07-10,31.5,-25.0,24.547394
1973-07-11,31.5,-25.0,22.919495
1973-07-12,31.5,-25.0,24.74646
1973-07-13,31.5,-25.0,23.230194
1973-07-14,31.5,-25.0,22.846954
1973-07-15,31.5,-25.0,24.74646
1973-07-16,31.5,-25.0,27.472046
1973-07-17,31.5,-25.0,27.44226
1973-07-18,31.5,-25.0,26.709259
1973-07-19,31.5,-25.0,25.654388
1973-07-20,31.5,-25.0,26.98645
1973-07-21,31.5,-25.0,25.805084
1973-07-22,31.5,-25.0,21.267426
1973-07-23,31.5,-25.0,21.738129
1973-07-24,31.5,-25.0,16.331635
1973-07-25,31.5,-25.0,23.289734
1973-07-26,31.5,-25.0,25.682281
1973-07-27,31.5,-25.0,25.503693
1973-07-28,31.5,-25.0,15.613495
1973-07-29,31.5,-25.0,14.285126
1973-07-30,31.5,-25.0,18.428375
1973-07-31,31.5,-25.0,22.863708
1973-08-01,31.5,-25.0,24.271698
1973-08-02,31.5,-25.0,25.532166
1973-08-03,31.5,-25.0,22.840271
1973-08-04,31.5,-25.0,18.19806
1973-08-05,31.5,-25.0,17.56784
1973-08-06,31.5,-25.0,19.363098
1973-08-07,31.5,-25.0,23.17627
1973-08-08,31.5,-25.0,25.915863
1973-08-09,31.5,-25.0,28.444702
1973-08-10,31.5,-25.0,31.22406
1973-08-11,31.5,-25.0,17.838226
1973-08-12,31.5,-25.0,21.398895
1973-08-13,31.5,-25.0,25.134521
1973-08-14,31.5,-25.0,25.95163
1973-08-15,31.5,-25.0,26.717072
1973-08-16,31.5,-25.0,30.279724
1973-08-17,31.5,-25.0,21.154358
1973-08-18,31.5,-25.0,24.375092
1973-08-19,31.5,-25.0,27.651459
1973-08-20,31.5,-25.0,30.546143
1973-08-21,31.5,-25.0,23.045044
1973-08-22,31.5,-25.0,20.91977
1973-08-23,31.5,-25.0,20.029083
1973-08-24,31.5,-25.0,22.239868
1973-08-25,31.5,-25.0,23.953613
1973-08-26,31.5,-25.0,27.249878
1973-08-27,31.5,-25.0,29.249908
1973-08-28,31.5,-25.0,31.605774
1973-08-29,31.5,-25.0,26.909912
1973-08-30,31.5,-25.0,24.649445
1973-08-31,31.5,-25.0,33.01535
1973-09-01,31.5,-25.0,26.031372
1973-09-02,31.5,-25.0,22.851654
1973-09-03,31.5,-25.0,28.58368
1973-09-04,31.5,-25.0,33.014313
1973-09-05,31.5,-25.0,37.22934
1973-09-06,31.5,-25.0,27.729034
1973-09-07,31.5,-25.0,35.17621
1973-09-08,31.5,-25.0,26.78891
1973-09-09,31.5,-25.0,27.091919
1973-09-10,31.5,-25.0,32.915253
1973-09-11,31.5,-25.0,33.859253
1973-09-12,31.5,-25.0,33.92337
1973-09-13,31.5,-25.0,36.76703
1973-09-14,31.5,-25.0,31.846924
1973-09-15,31.5,-25.0,24.759094
1973-09-16,31.5,-25.0,22.649658
1973-09-17,31.5,-25.0,23.46933
1973-09-18,31.5,-25.0,23.63443
1973-09-19,31.5,-25.0,28.307861
1973-09-20,31.5,-25.0,29.102325
1973-09-21,31.5,-25.0,36.388275
1973-09-22,31.5,-25.0,29.737488
1973-09-23,31.5,-25.0,18.675476
1973-09-24,31.5,-25.0,26.569427
1973-09-25,31.5,-25.0,36.145477
1973-09-26,31.5,-25.0,19.256256
1973-09-27,31.5,-25.0,18.702667
1973-09-28,31.5,-25.0,13.046417
1973-09-29,31.5,-25.0,16.154236
1973-09-30,31.5,-25.0,23.255676
1973-10-01,31.5,-25.0,24.498627
1973-10-02,31.5,-25.0,23.709534
1973-10-03,31.5,-25.0,22.927826
1973-10-04,31.5,-25.0,25.53421
1973-10-05,31.5,-25.0,31.344757
1973-10-06,31.5,-25.0,24.803955
1973-10-07,31.5,-25.0,33.24298
1973-10-08,31.5,-25.0,21.130768
1973-10-09,31.5,-25.0,26.097046
1973-10-10,31.5,-25.0,31.98117
1973-10-11,31.5,-25.0,18.531738
1973-10-12,31.5,-25.0,21.918
1973-10-13,31.5,-25.0,27.345978
1973-10-14,31.5,-25.0,31.707092
1973-10-15,31.5,-25.0,21.11972
1973-10-16,31.5,-25.0,14.974396
1973-10-17,31.5,-25.0,16.107452
1973-10-18,31.5,-25.0,19.184723
1973-10-19,31.5,-25.0,24.08847
1973-10-20,31.5,-25.0,26.220276
1973-10-21,31.5,-25.0,26.959717
1973-10-22,31.5,-25.0,25.646393
1973-10-23,31.5,-25.0,26.571594
1973-10-24,31.5,-25.0,29.255219
1973-10-25,31.5,-25.0,31.157135
1973-10-26,31.5,-25.0,27.62738
1973-10-27,31.5,-25.0,28.570984
1973-10-28,31.5,-25.0,29.654358
1973-10-29,31.5,-25.0,30.31839
1973-10-30,31.5,-25.0,32.41159
1973-10-31,31.5,-25.0,24.182251
1973-11-01,31.5,-25.0,31.091888
1973-11-02,31.5,-25.0,24.601074
1973-11-03,31.5,-25.0,23.38086
1973-11-04,31.5,-25.0,28.459015
1973-11-05,31.5,-25.0,25.608063
1973-11-06,31.5,-25.0,28.723602
1973-11-07,31.5,-25.0,25.168701
1973-11-08,31.5,-25.0,23.916412
1973-11-09,31.5,-25.0,31.117554
1973-11-10,31.5,-25.0,34.707703
1973-11-11,31.5,-25.0,26.050629
1973-11-12,31.5,-25.0,21.5513
1973-11-13,31.5,-25.0,21.97461
1973-11-14,31.5,-25.0,23.539581
1973-11-15,31.5,-25.0,24.705322
1973-11-16,31.5,-25.0,25.96402
1973-11-17,31.5,-25.0,30.556335
1973-11-18,31.5,-25.0,30.19397
1973-11-19,31.5,-25.0,26.283112
1973-11-20,31.5,-25.0,23.868317
1973-11-21,31.5,-25.0,27.950714
1973-11-22,31.5,-25.0,25.588806
1973-11-23,31.5,-25.0,24.583435
1973-11-24,31.5,-25.0,26.311981
1973-11-25,31.5,-25.0,31.76535
1973-11-26,31.5,-25.0,26.060242
1973-11-27,31.5,-25.0,31.375702
1973-11-28,31.5,-25.0,22.931885
1973-11-29,31.5,-25.0,22.657684
1973-11-30,31.5,-25.0,29.648773
1973-12-01,31.5,-25.0,22.555511
1973-12-02,31.5,-25.0,23.319916
1973-12-03,31.5,-25.0,23.29245
1973-12-04,31.5,-25.0,29.103943
1973-12-05,31.5,-25.0,31.799591
1973-12-06,31.5,-25.0,31.148285
1973-12-07,31.5,-25.0,26.285461
1973-12-08,31.5,-25.0,30.980225
1973-12-09,31.5,-25.0,33.66455
1973-12-10,31.5,-25.0,17.443787
1973-12-11,31.5,-25.0,19.502686
1973-12-12,31.5,-25.0,25.689117
1973-12-13,31.5,-25.0,28.48172
1973-12-14,31.5,-25.0,29.832794
1973-12-15,31.5,-25.0,33.47708
1973-12-16,31.5,-25.0,21.042847
1973-12-17,31.5,-25.0,28.47528
1973-12-18,31.5,-25.0,23.974426
1973-12-19,31.5,-25.0,23.976044
1973-12-20,31.5,-25.0,24.074646
1973-12-21,31.5,-25.0,22.626617
1973-12-22,31.5,-25.0,26.437378
1973-12-23,31.5,-25.0,26.238586
1973-12-24,31.5,-25.0,27.822357
1973-12-25,31.5,-25.0,25.614777
1973-12-26,31.5,-25.0,26.946442
1973-12-27,31.5,-25.0,24.619263
1973-12-28,31.5,-25.0,25.8685
1973-12-29,31.5,-25.0,27.953278
1973-12-30,31.5,-25.0,29.060303
1973-12-31,31.5,-25.0,29.131409
1974-01-01,31.5,-25.0,30.798553
1974-01-02,31.5,-25.0,29.9982
1974-01-03,31.5,-25.0,30.90857
1974-01-04,31.5,-25.0,31.109436
1974-01-05,31.5,-25.0,29.61557
1974-01-06,31.5,-25.0,29.36206
1974-01-07,31.5,-25.0,28.292267
1974-01-08,31.5,-25.0,31.38684
1974-01-09,31.5,-25.0,30.431854
1974-01-10,31.5,-25.0,32.16809
1974-01-11,31.5,-25.0,33.732117
1974-01-12,31.5,-25.0,35.018738
1974-01-13,31.5,-25.0,33.376587
1974-01-14,31.5,-25.0,27.432922
1974-01-15,31.5,-25.0,31.512817
1974-01-16,31.5,-25.0,32.219086
1974-01-17,31.5,-25.0,29.908905
1974-01-18,31.5,-25.0,25.951782
1974-01-19,31.5,-25.0,29.422638
1974-01-20,31.5,-25.0,32.247803
1974-01-21,31.5,-25.0,35.01715
1974-01-22,31.5,-25.0,31.031311
1974-01-23,31.5,-25.0,33.06888
1974-01-24,31.5,-25.0,34.546814
1974-01-25,31.5,-25.0,25.146637
1974-01-26,31.5,-25.0,26.092102
1974-01-27,31.5,-25.0,30.141693
1974-01-28,31.5,-25.0,31.582947
1974-01-29,31.5,-25.0,32.53955
1974-01-30,31.5,-25.0,23.26535
1974-01-31,31.5,-25.0,27.005646
1974-02-01,31.5,-25.0,28.652374
1974-02-02,31.5,-25.0,29.50888
1974-02-03,31.5,-25.0,29.192902
1974-02-04,31.5,-25.0,31.520233
1974-02-05,31.5,-25.0,31.162567
1974-02-06,31.5,-25.0,31.57959
1974-02-07,31.5,-25.0,31.484955
1974-02-08,31.5,-25.0,29.906647
1974-02-09,31.5,-25.0,23.242218
1974-02-10,31.5,-25.0,28.116638
1974-02-11,31.5,-25.0,28.698883
1974-02-12,31.5,-25.0,29.900238
1974-02-13,31.5,-25.0,29.919495
1974-02-14,31.5,-25.0,28.694061
1974-02-15,31.5,-25.0,30.3237
1974-02-16,31.5,-25.0,32.17627
1974-02-17,31.5,-25.0,34.5437
1974-02-18,31.5,-25.0,24.134003
1974-02-19,31.5,-25.0,26.889618
1974-02-20,31.5,-25.0,26.977814
1974-02-21,31.5,-25.0,27.596954
1974-02-22,31.5,-25.0,30.72467
1974-02-23,31.5,-25.0,30.867432
1974-02-24,31.5,-25.0,27.168701
1974-02-25,31.5,-25.0,29.269897
1974-02-26,31.5,-25.0,27.253723
1974-02-27,31.5,-25.0,28.028412
1974-02-28,31.5,-25.0,29.062988
1974-03-01,31.5,-25.0,30.226044
1974-03-02,31.5,-25.0,29.866302
1974-03-03,31.5,-25.0,27.624878
1974-03-04,31.5,-25.0,27.240448
1974-03-05,31.5,-25.0,27.605469
1974-03-06,31.5,-25.0,29.226135
1974-03-07,31.5,-25.0,29.92978
1974-03-08,31.5,-25.0,29.464203
1974-03-09,31.5,-25.0,29.53653
1974-03-10,31.5,-25.0,28.270325
1974-03-11,31.5,-25.0,28.995117
1974-03-12,31.5,-25.0,29.765778
1974-03-13,31.5,-25.0,27.831207
1974-03-14,31.5,-25.0,30.032074
1974-03-15,31.5,-25.0,31.356445
1974-03-16,31.5,-25.0,28.93515
1974-03-17,31.5,-25.0,31.104279
1974-03-18,31.5,-25.0,23.50885
1974-03-19,31.5,-25.0,22.373169
1974-03-20,31.5,-25.0,24.655151
1974-03-21,31.5,-25.0,26.676117
1974-03-22,31.5,-25.0,30.09909
1974-03-23,31.5,-25.0,30.541718
1974-03-24,31.5,-25.0,29.688171
1974-03-25,31.5,-25.0,29.099182
1974-03-26,31.5,-25.0,28.9581
1974-03-27,31.5,-25.0,29.256134
1974-03-28,31.5,-25.0,29.633514
1974-03-29,31.5,-25.0,31.349396
1974-03-30,31.5,-25.0,24.265411
1974-03-31,31.5,-25.0,24.8703
1974-04-01,31.5,-25.0,30.014252
1974-04-02,31.5,-25.0,22.203949
1974-04-03,31.5,-25.0,18.86908
1974-04-04,31.5,-25.0,20.98404
1974-04-05,31.5,-25.0,23.977112
1974-04-06,31.5,-25.0,24.381226
1974-04-07,31.5,-25.0,25.650208
1974-04-08,31.5,-25.0,27.162811
1974-04-09,31.5,-25.0,27.111816
1974-04-10,31.5,-25.0,27.678314
1974-04-11,31.5,-25.0,27.210022
1974-04-12,31.5,-25.0,27.886047
1974-04-13,31.5,-25.0,28.497894
1974-04-14,31.5,-25.0,28.760376
1974-04-15,31.5,-25.0,29.800842
1974-04-16,31.5,-25.0,26.898438
1974-04-17,31.5,-25.0,29.185242
1974-04-18,31.5,-25.0,28.798126
1974-04-19,31.5,-25.0,29.311768
1974-04-20,31.5,-25.0,30.792236
1974-04-21,31.5,-25.0,22.126526
1974-04-22,31.5,-25.0,26.207275
1974-04-23,31.5,-25.0,25.846619
1974-04-24,31.5,-25.0,26.263947
1974-04-25,31.5,-25.0,24.530426
1974-04-26,31.5,-25.0,18.831299
1974-04-27,31.5,-25.0,23.799622
1974-04-28,31.5,-25.0,23.880798
1974-04-29,31.5,-25.0,24.405792
1974-04-30,31.5,-25.0,24.44165
1974-05-01,31.5,-25.0,26.381012
1974-05-02,31.5,-25.0,27.418152
1974-05-03,31.5,-25.0,27.395416
1974-05-04,31.5,-25.0,28.38324
1974-05-05,31.5,-25.0,27.423859
1974-05-06,31.5,-25.0,30.093475
1974-05-07,31.5,-25.0,26.206573
1974-05-08,31.5,-25.0,23.125488
1974-05-09,31.5,-25.0,19.33908
1974-05-10,31.5,-25.0,21.041748
1974-05-11,31.5,-25.0,23.210815
1974-05-12,31.5,-25.0,26.98587
1974-05-13,31.5,-25.0,25.264252
1974-05-14,31.5,-25.0,26.217957
1974-05-15,31.5,-25.0,28.347229
1974-05-16,31.5,-25.0,25.888031
1974-05-17,31.5,-25.0,21.182068
1974-05-18,31.5,-25.0,23.426971
1974-05-19,31.5,-25.0,24.926758
1974-05-20,31.5,-25.0,25.391266
1974-05-21,31.5,-25.0,25.635864
1974-05-22,31.5,-25.0,23.775848
1974-05-23,31.5,-25.0,23.533142
1974-05-24,31.5,-25.0,25.205475
1974-05-25,31.5,-25.0,27.308197
1974-05-26,31.5,-25.0,28.942566
1974-05-27,31.5,-25.0,27.880798
1974-05-28,31.5,-25.0,26.870209
1974-05-29,31.5,-25.0,25.920288
1974-05-30,31.5,-25.0,27.050323
1974-05-31,31.5,-25.0,24.299164
1974-06-01,31.5,-25.0,22.197357
1974-06-02,31.5,-25.0,18.763916
1974-06-03,31.5,-25.0,21.316162
1974-06-04,31.5,-25.0,23.687714
1974-06-05,31.5,-25.0,23.84793
1974-06-06,31.5,-25.0,23.674683
1974-06-07,31.5,-25.0,25.226501
1974-06-08,31.5,-25.0,26.895721
1974-06-09,31.5,-25.0,26.562256
1974-06-10,31.5,-25.0,27.6763
1974-06-11,31.5,-25.0,30.375732
1974-06-12,31.5,-25.0,28.013489
1974-06-13,31.5,-25.0,21.52481
1974-06-14,31.5,-25.0,22.704071
1974-06-15,31.5,-25.0,23.8591
1974-06-16,31.5,-25.0,25.135223
1974-06-17,31.5,-25.0,24.513
1974-06-18,31.5,-25.0,23.326294
1974-06-19,31.5,-25.0,24.947083
1974-06-20,31.5,-25.0,25.682953
1974-06-21,31.5,-25.0,24.30249
1974-06-22,31.5,-25.0,25.746277
1974-06-23,31.5,-25.0,26.103973
1974-06-24,31.5,-25.0,25.384857
1974-06-25,31.5,-25.0,23.339355
1974-06-26,31.5,-25.0,22.34079
1974-06-27,31.5,-25.0,25.56372
1974-06-28,31.5,-25.0,23.913116
1974-06-29,31.5,-25.0,24.017456
1974-06-30,31.5,-25.0,27.650208
1974-07-01,31.5,-25.0,22.056732
1974-07-02,31.5,-25.0,14.69812
1974-07-03,31.5,-25.0,18.536133
1974-07-04,31.5,-25.0,21.246796
1974-07-05,31.5,-25.0,22.277985
1974-07-06,31.5,-25.0,22.474213
1974-07-07,31.5,-25.0,22.9263
1974-07-08,31.5,-25.0,23.919006
1974-07-09,31.5,-25.0,25.690826
1974-07-10,31.5,-25.0,25.29837
1974-07-11,31.5,-25.0,25.086761
1974-07-12,31.5,-25.0,23.66504
1974-07-13,31.5,-25.0,24.042114
1974-07-14,31.5,-25.0,25.265656
1974-07-15,31.5,-25.0,25.121368
1974-07-16,31.5,-25.0,23.79779
1974-07-17,31.5,-25.0,26.304535
1974-07-18,31.5,-25.0,20.89859
1974-07-19,31.5,-25.0,22.745453
1974-07-20,31.5,-25.0,27.077911
1974-07-21,31.5,-25.0,21.364166
1974-07-22,31.5,-25.0,26.720093
1974-07-23,31.5,-25.0,19.600006
1974-07-24,31.5,-25.0,20.619629
1974-07-25,31.5,-25.0,19.282593
1974-07-26,31.5,-25.0,21.446869
1974-07-27,31.5,-25.0,25.148315
1974-07-28,31.5,-25.0,25.987091
1974-07-29,31.5,-25.0,25.469604
1974-07-30,31.5,-25.0,25.67929
1974-07-31,31.5,-25.0,24.940552
1974-08-01,31.5,-25.0,21.112427
1974-08-02,31.5,-25.0,21.89029
1974-08-03,31.5,-25.0,22.67398
1974-08-04,31.5,-25.0,24.937164
1974-08-05,31.5,-25.0,27.360565
1974-08-06,31.5,-25.0,30.817871
1974-08-07,31.5,-25.0,24.497406
1974-08-08,31.5,-25.0,26.285675
1974-08-09,31.5,-25.0,29.242645
1974-08-10,31.5,-25.0,31.55075
1974-08-11,31.5,-25.0,17.21347
1974-08-12,31.5,-25.0,14.78418
1974-08-13,31.5,-25.0,14.985474
1974-08-14,31.5,-25.0,21.079224
1974-08-15,31.5,-25.0,23.715668
1974-08-16,31.5,-25.0,25.23227
1974-08-17,31.5,-25.0,26.735168
1974-08-18,31.5,-25.0,25.587952
1974-08-19,31.5,-25.0,26.75473
1974-08-20,31.5,-25.0,30.05371
1974-08-21,31.5,-25.0,28.855682
1974-08-22,31.5,-25.0,25.77362
1974-08-23,31.5,-25.0,28.470673
1974-08-24,31.5,-25.0,24.937164
1974-08-25,31.5,-25.0,24.235535
1974-08-26,31.5,-25.0,27.616608
1974-08-27,31.5,-25.0,29.698029
1974-08-28,31.5,-25.0,29.852417
1974-08-29,31.5,-25.0,25.245941
1974-08-30,31.5,-25.0,33.45822
1974-08-31,31.5,-25.0,22.081818
1974-09-01,31.5,-25.0,30.507782
1974-09-02,31.5,-25.0,26.721252
1974-09-03,31.5,-25.0,15.804108
1974-09-04,31.5,-25.0,18.31363
1974-09-05,31.5,-25.0,18.13205
1974-09-06,31.5,-25.0,22.71643
1974-09-07,31.5,-25.0,27.040009
1974-09-08,31.5,-25.0,21.230804
1974-09-09,31.5,-25.0,21.348663
1974-09-10,31.5,-25.0,27.213898
1974-09-11,31.5,-25.0,25.556335
1974-09-12,31.5,-25.0,30.722229
1974-09-13,31.5,-25.0,29.565002
1974-09-14,31.5,-25.0,27.266052
1974-09-15,31.5,-25.0,27.148193
1974-09-16,31.5,-25.0,31.825317
1974-09-17,31.5,-25.0,33.98712
1974-09-18,31.5,-25.0,26.591827
1974-09-19,31.5,-25.0,23.388733
1974-09-20,31.5,-25.0,32.87628
1974-09-21,31.5,-25.0,32.642517
1974-09-22,31.5,-25.0,35.8031
1974-09-23,31.5,-25.0,29.120667
1974-09-24,31.5,-25.0,29.808441
1974-09-25,31.5,-25.0,31.437012
1974-09-26,31.5,-25.0,30.523224
1974-09-27,31.5,-25.0,32.09967
1974-09-28,31.5,-25.0,32.897522
1974-09-29,31.5,-25.0,30.567657
1974-09-30,31.5,-25.0,30.780182
1974-10-01,31.5,-25.0,30.04303
1974-10-02,31.5,-25.0,34.624207
1974-10-03,31.5,-25.0,29.19992
1974-10-04,31.5,-25.0,31.835968
1974-10-05,31.5,-25.0,30.153229
1974-10-06,31.5,-25.0,35.101746
1974-10-07,31.5,-25.0,18.809662
1974-10-08,31.5,-25.0,21.732574
1974-10-09,31.5,-25.0,29.859375
1974-10-10,31.5,-25.0,26.985443
1974-10-11,31.5,-25.0,25.31668
1974-10-12,31.5,-25.0,30.072784
1974-10-13,31.5,-25.0,34.55774
1974-10-14,31.5,-25.0,34.92157
1974-10-15,31.5,-25.0,31.732788
1974-10-16,31.5,-25.0,33.693634
1974-10-17,31.5,-25.0,35.75595
1974-10-18,31.5,-25.0,22.48822
1974-10-19,31.5,-25.0,23.819366
1974-10-20,31.5,-25.0,31.522858
1974-10-21,31.5,-25.0,24.06076
1974-10-22,31.5,-25.0,23.48352
1974-10-23,31.5,-25.0,30.072784
1974-10-24,31.5,-25.0,34.221893
1974-10-25,31.5,-25.0,35.379883
1974-10-26,31.5,-25.0,37.363464
1974-10-27,31.5,-25.0,22.2276
1974-10-28,31.5,-25.0,26.126587
1974-10-29,31.5,-25.0,29.78067
1974-10-30,31.5,-25.0,28.334076
1974-10-31,31.5,-25.0,25.402405
1974-11-01,31.5,-25.0,21.122467
1974-11-02,31.5,-25.0,26.287994
1974-11-03,31.5,-25.0,31.64795
1974-11-04,31.5,-25.0,34.994904
1974-11-05,31.5,-25.0,36.12552
1974-11-06,31.5,-25.0,19.161835
1974-11-07,31.5,-25.0,20.305908
1974-11-08,31.5,-25.0,30.39917
1974-11-09,31.5,-25.0,26.117493
1974-11-10,31.5,-25.0,22.314392
1974-11-11,31.5,-25.0,22.952972
1974-11-12,31.5,-25.0,30.23169
1974-11-13,31.5,-25.0,27.741638
1974-11-14,31.5,-25.0,28.55072
1974-11-15,31.5,-25.0,27.221191
1974-11-16,31.5,-25.0,32.962494
1974-11-17,31.5,-25.0,34.700287
1974-11-18,31.5,-25.0,33.835876
1974-11-19,31.5,-25.0,27.759583
1974-11-20,31.5,-25.0,22.214203
1974-11-21,31.5,-25.0,29.854797
1974-11-22,31.5,-25.0,28.24414
1974-11-23,31.5,-25.0,30.75064
1974-11-24,31.5,-25.0,32.380737
1974-11-25,31.5,-25.0,35.501892
1974-11-26,31.5,-25.0,29.80545
1974-11-27,31.5,-25.0,25.003326
1974-11-28,31.5,-25.0,30.849335
1974-11-29,31.5,-25.0,32.61554
1974-11-30,31.5,-25.0,25.933563
1974-12-01,31.5,-25.0,28.916779
1974-12-02,31.5,-25.0,28.42163
1974-12-03,31.5,-25.0,27.503937
1974-12-04,31.5,-25.0,30.466705
1974-12-05,31.5,-25.0,30.50058
1974-12-06,31.5,-25.0,30.034485
1974-12-07,31.5,-25.0,30.495758
1974-12-08,31.5,-25.0,29.707062
1974-12-09,31.5,-25.0,29.90384
1974-12-10,31.5,-25.0,33.253693
1974-12-11,31.5,-25.0,31.234436
1974-12-12,31.5,-25.0,22.746063
1974-12-13,31.5,-25.0,21.786407
1974-12-14,31.5,-25.0,25.665283
1974-12-15,31.5,-25.0,28.058746
1974-12-16,31.5,-25.0,27.00879
1974-12-17,31.5,-25.0,28.49582
1974-12-18,31.5,-25.0,28.540985
1974-12-19,31.5,-25.0,27.394257
1974-12-20,31.5,-25.0,22.42508
1974-12-21,31.5,-25.0,25.903992
1974-12-22,31.5,-25.0,26.818481
1974-12-23,31.5,-25.0,32.48114
1974-12-24,31.5,-25.0,25.839478
1974-12-25,31.5,-25.0,28.439362
1974-12-26,31.5,-25.0,32.605347
1974-12-27,31.5,-25.0,36.908386
1974-12-28,31.5,-25.0,37.645477
1974-12-29,31.5,-25.0,26.974915
1974-12-30,31.5,-25.0,31.513458
1974-12-31,31.5,-25.0,37.269684
1975-01-01,31.5,-25.0,34.335205
1975-01-02,31.5,-25.0,39.184723
1975-01-03,31.5,-25.0,26.262573
1975-01-04,31.5,-25.0,30.810974
1975-01-05,31.5,-25.0,33.047943
1975-01-06,31.5,-25.0,32.849396
1975-01-07,31.5,-25.0,33.319305
1975-01-08,31.5,-25.0,35.293182
1975-01-09,31.5,-25.0,34.35504
1975-01-10,31.5,-25.0,36.393494
1975-01-11,31.5,-25.0,39.38495
1975-01-12,31.5,-25.0,24.978638
1975-01-13,31.5,-25.0,29.634583
1975-01-14,31.5,-25.0,36.625122
1975-01-15,31.5,-25.0,38.09604
1975-01-16,31.5,-25.0,28.234802
1975-01-17,31.5,-25.0,28.443298
1975-01-18,31.5,-25.0,29.674286
1975-01-19,31.5,-25.0,31.570435
1975-01-20,31.5,-25.0,27.208984
1975-01-21,31.5,-25.0,31.52243
1975-01-22,31.5,-25.0,27.92871
1975-01-23,31.5,-25.0,30.628967
1975-01-24,31.5,-25.0,28.85196
1975-01-25,31.5,-25.0,29.763641
1975-01-26,31.5,-25.0,33.24814
1975-01-27,31.5,-25.0,29.669312
1975-01-28,31.5,-25.0,32.912262
1975-01-29,31.5,-25.0,27.506805
1975-01-30,31.5,-25.0,22.693665
1975-01-31,31.5,-25.0,25.529602
1975-02-01,31.5,-25.0,27.701752
1975-02-02,31.5,-25.0,30.53247
1975-02-03,31.5,-25.0,29.13684
1975-02-04,31.5,-25.0,31.290283
1975-02-05,31.5,-25.0,33.350006
1975-02-06,31.5,-25.0,32.120422
1975-02-07,31.5,-25.0,28.438202
1975-02-08,31.5,-25.0,30.371368
1975-02-09,31.5,-25.0,31.500702
1975-02-10,31.5,-25.0,33.234955
1975-02-11,31.5,-25.0,33.662354
1975-02-12,31.5,-25.0,25.635468
1975-02-13,31.5,-25.0,26.705597
1975-02-14,31.5,-25.0,24.351624
1975-02-15,31.5,-25.0,25.64038
1975-02-16,31.5,-25.0,26.948883
1975-02-17,31.5,-25.0,24.72641
1975-02-18,31.5,-25.0,24.54065
1975-02-19,31.5,-25.0,27.543945
1975-02-20,31.5,-25.0,24.438751
1975-02-21,31.5,-25.0,25.581207
1975-02-22,31.5,-25.0,28.490814
1975-02-23,31.5,-25.0,27.98285
1975-02-24,31.5,-25.0,27.512726
1975-02-25,31.5,-25.0,30.468353
1975-02-26,31.5,-25.0,32.56427
1975-02-27,31.5,-25.0,27.66397
1975-02-28,31.5,-25.0,25.972443
1975-03-01,31.5,-25.0,28.908447
1975-03-02,31.5,-25.0,28.329224
1975-03-03,31.5,-25.0,28.734863
1975-03-04,31.5,-25.0,27.733307
1975-03-05,31.5,-25.0,28.384308
1975-03-06,31.5,-25.0,31.921448
1975-03-07,31.5,-25.0,30.72461
1975-03-08,31.5,-25.0,28.178986
1975-03-09,31.5,-25.0,26.917053
1975-03-10,31.5,-25.0,29.642914
1975-03-11,31.5,-25.0,30.162048
1975-03-12,31.5,-25.0,28.309204
1975-03-13,31.5,-25.0,27.723297
1975-03-14,31.5,-25.0,28.000397
1975-03-15,31.5,-25.0,26.868622
1975-03-16,31.5,-25.0,27.56137
1975-03-17,31.5,-25.0,31.165283
1975-03-18,31.5,-25.0,19.52893
1975-03-19,31.5,-25.0,24.413177
1975-03-20,31.5,-25.0,28.299164
1975-03-21,31.5,-25.0,25.426392
1975-03-22,31.5,-25.0,31.636017
1975-03-23,31.5,-25.0,33.150024
1975-03-24,31.5,-25.0,34.901062
1975-03-25,31.5,-25.0,21.340088
1975-03-26,31.5,-25.0,26.865295
1975-03-27,31.5,-25.0,26.84024
1975-03-28,31.5,-25.0,26.359497
1975-03-29,31.5,-25.0,26.93039
1975-03-30,31.5,-25.0,28.749878
1975-03-31,31.5,-25.0,27.402802
1975-04-01,31.5,-25.0,30.413147
1975-04-02,31.5,-25.0,30.265228
1975-04-03,31.5,-25.0,22.556091
1975-04-04,31.5,-25.0,19.747559
1975-04-05,31.5,-25.0,21.613373
1975-04-06,31.5,-25.0,26.970215
1975-04-07,31.5,-25.0,29.596954
1975-04-08,31.5,-25.0,29.420532
1975-04-09,31.5,-25.0,29.787659
1975-04-10,31.5,-25.0,32.323517
1975-04-11,31.5,-25.0,32.19876
1975-04-12,31.5,-25.0,33.415894
1975-04-13,31.5,-25.0,23.650269
1975-04-14,31.5,-25.0,21.786224
1975-04-15,31.5,-25.0,26.69934
1975-04-16,31.5,-25.0,25.18106
1975-04-17,31.5,-25.0,24.074402
1975-04-18,31.5,-25.0,22.764587
1975-04-19,31.5,-25.0,26.977356
1975-04-20,31.5,-25.0,25.353912
1975-04-21,31.5,-25.0,24.600098
1975-04-22,31.5,-25.0,24.596527
1975-04-23,31.5,-25.0,26.317993
1975-04-24,31.5,-25.0,27.700867
1975-04-25,31.5,-25.0,27.080719
1975-04-26,31.5,-25.0,29.181763
1975-04-27,31.5,-25.0,28.877014
1975-04-28,31.5,-25.0,28.85028
1975-04-29,31.5,-25.0,30.169006
1975-04-30,31.5,-25.0,25.676453
1975-05-01,31.5,-25.0,26.582672
1975-05-02,31.5,-25.0,24.707794
1975-05-03,31.5,-25.0,24.228638
1975-05-04,31.5,-25.0,27.278625
1975-05-05,31.5,-25.0,27.90802
1975-05-06,31.5,-25.0,27.354706
1975-05-07,31.5,-25.0,28.76941
1975-05-08,31.5,-25.0,26.837494
1975-05-09,31.5,-25.0,29.881775
1975-05-10,31.5,-25.0,30.81543
1975-05-11,31.5,-25.0,28.526001
1975-05-12,31.5,-25.0,28.912018
1975-05-13,31.5,-25.0,27.194977
1975-05-14,31.5,-25.0,21.281311
1975-05-15,31.5,-25.0,19.741089
1975-05-16,31.5,-25.0,19.88562
1975-05-17,31.5,-25.0,22.019073
1975-05-18,31.5,-25.0,21.933533
1975-05-19,31.5,-25.0,22.753052
1975-05-20,31.5,-25.0,24.99112
1975-05-21,31.5,-25.0,24.453003
1975-05-22,31.5,-25.0,23.412872
1975-05-23,31.5,-25.0,25.23642
1975-05-24,31.5,-25.0,27.255798
1975-05-25,31.5,-25.0,25.086212
1975-05-26,31.5,-25.0,27.641815
1975-05-27,31.5,-25.0,29.296112
1975-05-28,31.5,-25.0,29.889374
1975-05-29,31.5,-25.0,24.133545
1975-05-30,31.5,-25.0,21.648285
1975-05-31,31.5,-25.0,22.536285
1975-06-01,31.5,-25.0,24.479553
1975-06-02,31.5,-25.0,27.494171
1975-06-03,31.5,-25.0,24.117554
1975-06-04,31.5,-25.0,22.807526
1975-06-05,31.5,-25.0,19.898254
1975-06-06,31.5,-25.0,21.80011
1975-06-07,31.5,-25.0,23.883911
1975-06-08,31.5,-25.0,21.166138
1975-06-09,31.5,-25.0,19.653107
1975-06-10,31.5,-25.0,23.232727
1975-06-11,31.5,-25.0,22.489594
1975-06-12,31.5,-25.0,23.416565
1975-06-13,31.5,-25.0,24.096497
1975-06-14,31.5,-25.0,23.380188
1975-06-15,31.5,-25.0,21.859467
1975-06-16,31.5,-25.0,24.180756
1975-06-17,31.5,-25.0,23.294006
1975-06-18,31.5,-25.0,23.03543
1975-06-19,31.5,-25.0,24.414429
1975-06-20,31.5,-25.0,25.247559
1975-06-21,31.5,-25.0,24.717041
1975-06-22,31.5,-25.0,25.638275
1975-06-23,31.5,-25.0,25.802979
1975-06-24,31.5,-25.0,22.6792
1975-06-25,31.5,-25.0,17.946594
1975-06-26,31.5,-25.0,20.478577
1975-06-27,31.5,-25.0,21.508972
1975-06-28,31.5,-25.0,23.632996
1975-06-29,31.5,-25.0,24.393372
1975-06-30,31.5,-25.0,22.573853
1975-07-01,31.5,-25.0,21.718445
1975-07-02,31.5,-25.0,24.11621
1975-07-03,31.5,-25.0,21.775177
1975-07-04,31.5,-25.0,20.520569
1975-07-05,31.5,-25.0,24.31485
1975-07-06,31.5,-25.0,26.061981
1975-07-07,31.5,-25.0,25.914032
1975-07-08,31.5,-25.0,28.506378
1975-07-09,31.5,-25.0,20.690826
1975-07-10,31.5,-25.0,20.611786
1975-07-11,31.5,-25.0,19.5943
1975-07-12,31.5,-25.0,22.362976
1975-07-13,31.5,-25.0,23.431122
1975-07-14,31.5,-25.0,25.50055
1975-07-15,31.5,-25.0,26.574768
1975-07-16,31.5,-25.0,27.612518
1975-07-17,31.5,-25.0,23.47165
1975-07-18,31.5,-25.0,25.07492
1975-07-19,31.5,-25.0,25.630249
1975-07-20,31.5,-25.0,27.644958
1975-07-21,31.5,-25.0,26.647736
1975-07-22,31.5,-25.0,22.871704
1975-07-23,31.5,-25.0,16.30066
1975-07-24,31.5,-25.0,17.164093
1975-07-25,31.5,-25.0,19.774689
1975-07-26,31.5,-25.0,26.218048
1975-07-27,31.5,-25.0,22.567688
1975-07-28,31.5,-25.0,20.449615
1975-07-29,31.5,-25.0,21.011047
1975-07-30,31.5,-25.0,24.547913
1975-07-31,31.5,-25.0,24.933014
1975-08-01,31.5,-25.0,25.779572
1975-08-02,31.5,-25.0,18.536865
1975-08-03,31.5,-25.0,20.084564
1975-08-04,31.5,-25.0,23.287994
1975-08-05,31.5,-25.0,24.793732
1975-08-06,31.5,-25.0,25.423615
1975-08-07,31.5,-25.0,25.843536
1975-08-08,31.5,-25.0,25.465607
1975-08-09,31.5,-25.0,25.097687
1975-08-10,31.5,-25.0,22.30017
1975-08-11,31.5,-25.0,23.042053
1975-08-12,31.5,-25.0,24.063873
1975-08-13,31.5,-25.0,25.025696
1975-08-14,31.5,-25.0,29.70285
1975-08-15,31.5,-25.0,19.110748
1975-08-16,31.5,-25.0,16.555206
1975-08-17,31.5,-25.0,17.409058
1975-08-18,31.5,-25.0,23.507965
1975-08-19,31.5,-25.0,26.921356
1975-08-20,31.5,-25.0,29.212952
1975-08-21,31.5,-25.0,22.246185
1975-08-22,31.5,-25.0,26.14151
1975-08-23,31.5,-25.0,29.438904
1975-08-24,31.5,-25.0,29.568878
1975-08-25,31.5,-25.0,31.640503
1975-08-26,31.5,-25.0,21.45633
1975-08-27,31.5,-25.0,28.713043
1975-08-28,31.5,-25.0,22.824097
1975-08-29,31.5,-25.0,17.778992
1975-08-30,31.5,-25.0,27.749207
1975-08-31,31.5,-25.0,26.983337
1975-09-01,31.5,-25.0,27.299377
1975-09-02,31.5,-25.0,26.024017
1975-09-03,31.5,-25.0,23.402496
1975-09-04,31.5,-25.0,25.2753
1975-09-05,31.5,-25.0,27.2247
1975-09-06,31.5,-25.0,24.846893
1975-09-07,31.5,-25.0,28.348785
1975-09-08,31.5,-25.0,23.1156
1975-09-09,31.5,-25.0,25.97882
1975-09-10,31.5,-25.0,26.853302
1975-09-11,31.5,-25.0,27.747437
1975-09-12,31.5,-25.0,31.029236
1975-09-13,31.5,-25.0,21.036469
1975-09-14,31.5,-25.0,22.759888
1975-09-15,31.5,-25.0,31.750427
1975-09-16,31.5,-25.0,23.860382
1975-09-17,31.5,-25.0,23.730682
1975-09-18,31.5,-25.0,27.894836
1975-09-19,31.5,-25.0,29.966095
1975-09-20,31.5,-25.0,28.01471
1975-09-21,31.5,-25.0,25.283142
1975-09-22,31.5,-25.0,28.82434
1975-09-23,31.5,-25.0,35.531372
1975-09-24,31.5,-25.0,28.991364
1975-09-25,31.5,-25.0,27.091095
1975-09-26,31.5,-25.0,30.402344
1975-09-27,31.5,-25.0,27.828003
1975-09-28,31.5,-25.0,27.269897
1975-09-29,31.5,-25.0,25.733154
1975-09-30,31.5,-25.0,26.098694
1975-10-01,31.5,-25.0,28.515137
1975-10-02,31.5,-25.0,35.025665
1975-10-03,31.5,-25.0,18.695099
1975-10-04,31.5,-25.0,19.71054
1975-10-05,31.5,-25.0,20.076874
1975-10-06,31.5,-25.0,22.947144
1975-10-07,31.5,-25.0,26.00943
1975-10-08,31.5,-25.0,30.775421
1975-10-09,31.5,-25.0,21.924591
1975-10-10,31.5,-25.0,22.173553
1975-10-11,31.5,-25.0,25.086487
1975-10-12,31.5,-25.0,34.75711
1975-10-13,31.5,-25.0,25.12738
1975-10-14,31.5,-25.0,31.301788
1975-10-15,31.5,-25.0,35.54492
1975-10-16,31.5,-25.0,33.999542
1975-10-17,31.5,-25.0,29.523438
1975-10-18,31.5,-25.0,33.898193
1975-10-19,31.5,-25.0,35.166138
1975-10-20,31.5,-25.0,37.357056
1975-10-21,31.5,-25.0,24.417816
1975-10-22,31.5,-25.0,16.781616
1975-10-23,31.5,-25.0,19.651855
1975-10-24,31.5,-25.0,29.082428
1975-10-25,31.5,-25.0,27.014221
1975-10-26,31.5,-25.0,20.101776
1975-10-27,31.5,-25.0,18.078033
1975-10-28,31.5,-25.0,19.678528
1975-10-29,31.5,-25.0,26.45224
1975-10-30,31.5,-25.0,29.866669
1975-10-31,31.5,-25.0,28.582703
1975-11-01,31.5,-25.0,29.256805
1975-11-02,31.5,-25.0,26.912384
1975-11-03,31.5,-25.0,33.81656
1975-11-04,31.5,-25.0,33.95511
1975-11-05,31.5,-25.0,35.90277
1975-11-06,31.5,-25.0,23.502014
1975-11-07,31.5,-25.0,31.439056
1975-11-08,31.5,-25.0,31.251709
1975-11-09,31.5,-25.0,34.635315
1975-11-10,31.5,-25.0,33.169434
1975-11-11,31.5,-25.0,21.055237
1975-11-12,31.5,-25.0,24.367981
1975-11-13,31.5,-25.0,33.45758
1975-11-14,31.5,-25.0,30.89743
1975-11-15,31.5,-25.0,19.685394
1975-11-16,31.5,-25.0,22.325836
1975-11-17,31.5,-25.0,24.86081
1975-11-18,31.5,-25.0,30.760468
1975-11-19,31.5,-25.0,28.154663
1975-11-20,31.5,-25.0,26.976929
1975-11-21,31.5,-25.0,30.790375
1975-11-22,31.5,-25.0,26.551819
1975-11-23,31.5,-25.0,27.557922
1975-11-24,31.5,-25.0,33.2529
1975-11-25,31.5,-25.0,35.0242
1975-11-26,31.5,-25.0,22.121155
1975-11-27,31.5,-25.0,28.349884
1975-11-28,31.5,-25.0,21.275665
1975-11-29,31.5,-25.0,27.202087
1975-11-30,31.5,-25.0,33.876404
1975-12-01,31.5,-25.0,25.97931
1975-12-02,31.5,-25.0,32.06555
1975-12-03,31.5,-25.0,24.242676
1975-12-04,31.5,-25.0,25.125397
1975-12-05,31.5,-25.0,31.798004
1975-12-06,31.5,-25.0,34.785828
1975-12-07,31.5,-25.0,36.210083
1975-12-08,31.5,-25.0,25.585205
1975-12-09,31.5,-25.0,29.050476
1975-12-10,31.5,-25.0,32.917847
1975-12-11,31.5,-25.0,28.390411
1975-12-12,31.5,-25.0,32.039917
1975-12-13,31.5,-25.0,24.588715
1975-12-14,31.5,-25.0,24.85147
1975-12-15,31.5,-25.0,29.534271
1975-12-16,31.5,-25.0,19.905884
1975-12-17,31.5,-25.0,22.49002
1975-12-18,31.5,-25.0,23.959106
1975-12-19,31.5,-25.0,24.893097
1975-12-20,31.5,-25.0,27.075134
1975-12-21,31.5,-25.0,29.418945
1975-12-22,31.5,-25.0,28.781311
1975-12-23,31.5,-25.0,32.62625
1975-12-24,31.5,-25.0,26.291718
1975-12-25,31.5,-25.0,22.236908
1975-12-26,31.5,-25.0,24.86908
1975-12-27,31.5,-25.0,23.984741
1975-12-28,31.5,-25.0,26.317352
1975-12-29,31.5,-25.0,31.301361
1975-12-30,31.5,-25.0,31.785187
1975-12-31,31.5,-25.0,28.380798
1976-01-01,31.5,-25.0,23.712067
1976-01-02,31.5,-25.0,25.961578
1976-01-03,31.5,-25.0,28.628601
1976-01-04,31.5,-25.0,30.704437
1976-01-05,31.5,-25.0,29.727478
1976-01-06,31.5,-25.0,30.129974
1976-01-07,31.5,-25.0,32.796997
1976-01-08,31.5,-25.0,25.03305
1976-01-09,31.5,-25.0,26.582825
1976-01-10,31.5,-25.0,28.535095
1976-01-11,31.5,-25.0,29.50705
1976-01-12,31.5,-25.0,29.949615
1976-01-13,31.5,-25.0,28.947601
1976-01-14,31.5,-25.0,30.769592
1976-01-15,31.5,-25.0,29.667358
1976-01-16,31.5,-25.0,26.237152
1976-01-17,31.5,-25.0,28.907501
1976-01-18,31.5,-25.0,29.211456
1976-01-19,31.5,-25.0,30.317017
1976-01-20,31.5,-25.0,30.295288
1976-01-21,31.5,-25.0,30.188416
1976-01-22,31.5,-25.0,33.63199
1976-01-23,31.5,-25.0,30.609253
1976-01-24,31.5,-25.0,29.694092
1976-01-25,31.5,-25.0,30.787964
1976-01-26,31.5,-25.0,32.154022
1976-01-27,31.5,-25.0,27.200745
1976-01-28,31.5,-25.0,21.644592
1976-01-29,31.5,-25.0,21.65628
1976-01-30,31.5,-25.0,21.754791
1976-01-31,31.5,-25.0,22.067108
1976-02-01,31.5,-25.0,25.99588
1976-02-02,31.5,-25.0,28.681427
1976-02-03,31.5,-25.0,29.26709
1976-02-04,31.5,-25.0,29.951202
1976-02-05,31.5,-25.0,31.268524
1976-02-06,31.5,-25.0,30.098846
1976-02-07,31.5,-25.0,29.081696
1976-02-08,31.5,-25.0,29.536133
1976-02-09,31.5,-25.0,31.444061
1976-02-10,31.5,-25.0,32.822113
1976-02-11,31.5,-25.0,23.193848
1976-02-12,31.5,-25.0,18.367401
1976-02-13,31.5,-25.0,24.273315
1976-02-14,31.5,-25.0,27.026123
1976-02-15,31.5,-25.0,27.040894
1976-02-16,31.5,-25.0,25.341309
1976-02-17,31.5,-25.0,24.957428
1976-02-18,31.5,-25.0,24.612915
1976-02-19,31.5,-25.0,27.995667
1976-02-20,31.5,-25.0,29.2146
1976-02-21,31.5,-25.0,29.377014
1976-02-22,31.5,-25.0,30.640228
1976-02-23,31.5,-25.0,26.912933
1976-02-24,31.5,-25.0,29.49347
1976-02-25,31.5,-25.0,22.640991
1976-02-26,31.5,-25.0,26.90802
1976-02-27,31.5,-25.0,27.975983
1976-02-28,31.5,-25.0,27.055664
1976-02-29,31.5,-25.0,26.924408
1976-03-01,31.5,-25.0,27.490814
1976-03-02,31.5,-25.0,29.469635
1976-03-03,31.5,-25.0,28.80365
1976-03-04,31.5,-25.0,28.040009
1976-03-05,31.5,-25.0,27.938873
1976-03-06,31.5,-25.0,28.470642
1976-03-07,31.5,-25.0,28.730408
1976-03-08,31.5,-25.0,29.293549
1976-03-09,31.5,-25.0,28.414856
1976-03-10,31.5,-25.0,30.934143
1976-03-11,31.5,-25.0,28.819336
1976-03-12,31.5,-25.0,29.638763
1976-03-13,31.5,-25.0,26.068146
1976-03-14,31.5,-25.0,25.19815
1976-03-15,31.5,-25.0,29.077362
1976-03-16,31.5,-25.0,28.434021
1976-03-17,31.5,-25.0,27.90924
1976-03-18,31.5,-25.0,29.706757
1976-03-19,31.5,-25.0,22.351074
1976-03-20,31.5,-25.0,18.895538
1976-03-21,31.5,-25.0,25.431793
1976-03-22,31.5,-25.0,21.413086
1976-03-23,31.5,-25.0,21.022552
1976-03-24,31.5,-25.0,25.11969
1976-03-25,31.5,-25.0,24.79889
1976-03-26,31.5,-25.0,25.180725
1976-03-27,31.5,-25.0,24.628052
1976-03-28,31.5,-25.0,27.028778
1976-03-29,31.5,-25.0,30.883575
1976-03-30,31.5,-25.0,28.31546
1976-03-31,31.5,-25.0,30.21585
1976-04-01,31.5,-25.0,28.486115
1976-04-02,31.5,-25.0,20.798584
1976-04-03,31.5,-25.0,18.468872
1976-04-04,31.5,-25.0,24.282928
1976-04-05,31.5,-25.0,25.549286
1976-04-06,31.5,-25.0,25.821167
1976-04-07,31.5,-25.0,25.869598
1976-04-08,31.5,-25.0,26.093079
1976-04-09,31.5,-25.0,27.484192
1976-04-10,31.5,-25.0,28.041016
1976-04-11,31.5,-25.0,30.629578
1976-04-12,31.5,-25.0,24.22705
1976-04-13,31.5,-25.0,25.04834
1976-04-14,31.5,-25.0,27.595917
1976-04-15,31.5,-25.0,25.042725
1976-04-16,31.5,-25.0,26.34076
1976-04-17,31.5,-25.0,28.862274
1976-04-18,31.5,-25.0,26.031616
1976-04-19,31.5,-25.0,25.763428
1976-04-20,31.5,-25.0,27.461853
1976-04-21,31.5,-25.0,28.82132
1976-04-22,31.5,-25.0,30.29065
1976-04-23,31.5,-25.0,27.826843
1976-04-24,31.5,-25.0,25.873322
1976-04-25,31.5,-25.0,26.04837
1976-04-26,31.5,-25.0,25.599548
1976-04-27,31.5,-25.0,27.195526
1976-04-28,31.5,-25.0,28.730072
1976-04-29,31.5,-25.0,28.735657
1976-04-30,31.5,-25.0,28.538239
1976-05-01,31.5,-25.0,29.734314
1976-05-02,31.5,-25.0,27.312836
1976-05-03,31.5,-25.0,19.505432
1976-05-04,31.5,-25.0,19.522827
1976-05-05,31.5,-25.0,20.898773
1976-05-06,31.5,-25.0,20.978027
1976-05-07,31.5,-25.0,21.636993
1976-05-08,31.5,-25.0,21.401245
1976-05-09,31.5,-25.0,21.725891
1976-05-10,31.5,-25.0,21.136475
1976-05-11,31.5,-25.0,21.938477
1976-05-12,31.5,-25.0,24.073914
1976-05-13,31.5,-25.0,24.89331
1976-05-14,31.5,-25.0,25.21991
1976-05-15,31.5,-25.0,24.32901
1976-05-16,31.5,-25.0,23.896149
1976-05-17,31.5,-25.0,23.56955
1976-05-18,31.5,-25.0,25.77649
1976-05-19,31.5,-25.0,25.948486
1976-05-20,31.5,-25.0,23.25647
1976-05-21,31.5,-25.0,22.110474
1976-05-22,31.5,-25.0,21.611877
1976-05-23,31.5,-25.0,21.76648
1976-05-24,31.5,-25.0,22.433197
1976-05-25,31.5,-25.0,23.66809
1976-05-26,31.5,-25.0,24.226593
1976-05-27,31.5,-25.0,25.813202
1976-05-28,31.5,-25.0,23.13858
1976-05-29,31.5,-25.0,18.384552
1976-05-30,31.5,-25.0,19.683228
1976-05-31,31.5,-25.0,23.080597
1976-06-01,31.5,-25.0,26.733612
1976-06-02,31.5,-25.0,28.05069
1976-06-03,31.5,-25.0,26.737488
1976-06-04,31.5,-25.0,25.337158
1976-06-05,31.5,-25.0,19.00943
1976-06-06,31.5,-25.0,24.7193
1976-06-07,31.5,-25.0,28.120422
1976-06-08,31.5,-25.0,27.692352
1976-06-09,31.5,-25.0,22.55774
1976-06-10,31.5,-25.0,23.929047
1976-06-11,31.5,-25.0,25.56958
1976-06-12,31.5,-25.0,25.734192
1976-06-13,31.5,-25.0,25.635406
1976-06-14,31.5,-25.0,22.402802
1976-06-15,31.5,-25.0,22.770813
1976-06-16,31.5,-25.0,25.224792
1976-06-17,31.5,-25.0,28.83319
1976-06-18,31.5,-25.0,29.205048
1976-06-19,31.5,-25.0,29.270905
1976-06-20,31.5,-25.0,21.83142
1976-06-21,31.5,-25.0,18.81961
1976-06-22,31.5,-25.0,17.841492
1976-06-23,31.5,-25.0,17.853119
1976-06-24,31.5,-25.0,18.970673
1976-06-25,31.5,-25.0,17.682678
1976-06-26,31.5,-25.0,19.433594
1976-06-27,31.5,-25.0,20.493042
1976-06-28,31.5,-25.0,22.309845
1976-06-29,31.5,-25.0,24.388092
1976-06-30,31.5,-25.0,22.737885
1976-07-01,31.5,-25.0,21.55484
1976-07-02,31.5,-25.0,21.86206
1976-07-03,31.5,-25.0,23.524841
1976-07-04,31.5,-25.0,24.859283
1976-07-05,31.5,-25.0,24.264069
1976-07-06,31.5,-25.0,23.997162
1976-07-07,31.5,-25.0,25.406494
1976-07-08,31.5,-25.0,27.503235
1976-07-09,31.5,-25.0,24.417664
1976-07-10,31.5,-25.0,26.861938
1976-07-11,31.5,-25.0,15.900238
1976-07-12,31.5,-25.0,22.1232
1976-07-13,31.5,-25.0,21.687317
1976-07-14,31.5,-25.0,25.529388
1976-07-15,31.5,-25.0,25.542847
1976-07-16,31.5,-25.0,18.438568
1976-07-17,31.5,-25.0,20.391266
1976-07-18,31.5,-25.0,24.072052
1976-07-19,31.5,-25.0,21.439636
1976-07-20,31.5,-25.0,21.351318
1976-07-21,31.5,-25.0,24.323578
1976-07-22,31.5,-25.0,24.974487
1976-07-23,31.5,-25.0,27.741302
1976-07-24,31.5,-25.0,28.33078
1976-07-25,31.5,-25.0,29.26587
1976-07-26,31.5,-25.0,30.485107
1976-07-27,31.5,-25.0,20.42392
1976-07-28,31.5,-25.0,26.11502
1976-07-29,31.5,-25.0,20.114777
1976-07-30,31.5,-25.0,21.20346
1976-07-31,31.5,-25.0,23.972229
1976-08-01,31.5,-25.0,26.714691
1976-08-02,31.5,-25.0,17.798218
1976-08-03,31.5,-25.0,18.594421
1976-08-04,31.5,-25.0,20.645477
1976-08-05,31.5,-25.0,23.779602
1976-08-06,31.5,-25.0,23.615662
1976-08-07,31.5,-25.0,21.42804
1976-08-08,31.5,-25.0,22.431091
1976-08-09,31.5,-25.0,25.081268
1976-08-10,31.5,-25.0,27.075714
1976-08-11,31.5,-25.0,29.76294
1976-08-12,31.5,-25.0,16.469238
1976-08-13,31.5,-25.0,20.261017
1976-08-14,31.5,-25.0,22.427216
1976-08-15,31.5,-25.0,23.506378
1976-08-16,31.5,-25.0,18.731018
1976-08-17,31.5,-25.0,27.425018
1976-08-18,31.5,-25.0,22.556
1976-08-19,31.5,-25.0,21.855408
1976-08-20,31.5,-25.0,30.098602
1976-08-21,31.5,-25.0,20.713776
1976-08-22,31.5,-25.0,26.164368
1976-08-23,31.5,-25.0,31.652008
1976-08-24,31.5,-25.0,19.691162
1976-08-25,31.5,-25.0,26.326324
1976-08-26,31.5,-25.0,22.879944
1976-08-27,31.5,-25.0,24.829529
1976-08-28,31.5,-25.0,28.527649
1976-08-29,31.5,-25.0,29.56195
1976-08-30,31.5,-25.0,27.708008
1976-08-31,31.5,-25.0,23.020477
1976-09-01,31.5,-25.0,31.108429
1976-09-02,31.5,-25.0,18.136566
1976-09-03,31.5,-25.0,20.245514
1976-09-04,31.5,-25.0,26.915283
1976-09-05,31.5,-25.0,31.466614
1976-09-06,31.5,-25.0,24.76825
1976-09-07,31.5,-25.0,23.766144
1976-09-08,31.5,-25.0,26.248505
1976-09-09,31.5,-25.0,25.838898
1976-09-10,31.5,-25.0,28.87564
1976-09-11,31.5,-25.0,29.142365
1976-09-12,31.5,-25.0,29.209045
1976-09-13,31.5,-25.0,27.454437
1976-09-14,31.5,-25.0,28.797546
1976-09-15,31.5,-25.0,28.446991
1976-09-16,31.5,-25.0,30.582642
1976-09-17,31.5,-25.0,33.12024
1976-09-18,31.5,-25.0,34.45761
1976-09-19,31.5,-25.0,33.061188
1976-09-20,31.5,-25.0,34.924377
1976-09-21,31.5,-25.0,27.70401
1976-09-22,31.5,-25.0,29.235718
1976-09-23,31.5,-25.0,32.20578
1976-09-24,31.5,-25.0,28.829926
1976-09-25,31.5,-25.0,29.807251
1976-09-26,31.5,-25.0,30.388306
1976-09-27,31.5,-25.0,28.845184
1976-09-28,31.5,-25.0,23.087921
1976-09-29,31.5,-25.0,27.149628
1976-09-30,31.5,-25.0,32.402008
1976-10-01,31.5,-25.0,33.556335
1976-10-02,31.5,-25.0,23.096893
1976-10-03,31.5,-25.0,23.299988
1976-10-04,31.5,-25.0,25.979431
1976-10-05,31.5,-25.0,29.78125
1976-10-06,31.5,-25.0,28.582275
1976-10-07,31.5,-25.0,25.521576
1976-10-08,31.5,-25.0,26.155823
1976-10-09,31.5,-25.0,30.53128
1976-10-10,31.5,-25.0,32.576477
1976-10-11,31.5,-25.0,28.37561
1976-10-12,31.5,-25.0,28.03711
1976-10-13,31.5,-25.0,30.470703
1976-10-14,31.5,-25.0,35.124084
1976-10-15,31.5,-25.0,36.055847
1976-10-16,31.5,-25.0,35.934692
1976-10-17,31.5,-25.0,21.178192
1976-10-18,31.5,-25.0,18.464905
1976-10-19,31.5,-25.0,22.57492
1976-10-20,31.5,-25.0,25.89569
1976-10-21,31.5,-25.0,29.923767
1976-10-22,31.5,-25.0,26.399872
1976-10-23,31.5,-25.0,32.295013
1976-10-24,31.5,-25.0,27.29779
1976-10-25,31.5,-25.0,29.916656
1976-10-26,31.5,-25.0,34.313477
1976-10-27,31.5,-25.0,24.201447
1976-10-28,31.5,-25.0,28.322174
1976-10-29,31.5,-25.0,35.897278
1976-10-30,31.5,-25.0,25.89392
1976-10-31,31.5,-25.0,25.658752
1976-11-01,31.5,-25.0,28.635315
1976-11-02,31.5,-25.0,28.217163
1976-11-03,31.5,-25.0,31.996338
1976-11-04,31.5,-25.0,19.730652
1976-11-05,31.5,-25.0,21.031006
1976-11-06,31.5,-25.0,27.382446
1976-11-07,31.5,-25.0,27.121094
1976-11-08,31.5,-25.0,26.069397
1976-11-09,31.5,-25.0,32.21808
1976-11-10,31.5,-25.0,21.62497
1976-11-11,31.5,-25.0,30.55658
1976-11-12,31.5,-25.0,33.299896
1976-11-13,31.5,-25.0,37.330902
1976-11-14,31.5,-25.0,25.617981
1976-11-15,31.5,-25.0,28.67807
1976-11-16,31.5,-25.0,34.882202
1976-11-17,31.5,-25.0,38.591675
1976-11-18,31.5,-25.0,37.399017
1976-11-19,31.5,-25.0,39.57846
1976-11-20,31.5,-25.0,34.05066
1976-11-21,31.5,-25.0,37.292877
1976-11-22,31.5,-25.0,29.520721
1976-11-23,31.5,-25.0,37.788635
1976-11-24,31.5,-25.0,40.495544
1976-11-25,31.5,-25.0,27.582031
1976-11-26,31.5,-25.0,21.046844
1976-11-27,31.5,-25.0,28.369202
1976-11-28,31.5,-25.0,35.905396
1976-11-29,31.5,-25.0,30.570831
1976-11-30,31.5,-25.0,27.41571
1976-12-01,31.5,-25.0,35.67856
1976-12-02,31.5,-25.0,34.07544
1976-12-03,31.5,-25.0,35.475372
1976-12-04,31.5,-25.0,37.020416
1976-12-05,31.5,-25.0,31.58368
1976-12-06,31.5,-25.0,29.049957
1976-12-07,31.5,-25.0,33.78836
1976-12-08,31.5,-25.0,26.816254
1976-12-09,31.5,-25.0,32.006226
1976-12-10,31.5,-25.0,29.290283
1976-12-11,31.5,-25.0,27.833923
1976-12-12,31.5,-25.0,28.454834
1976-12-13,31.5,-25.0,31.854614
1976-12-14,31.5,-25.0,29.764435
1976-12-15,31.5,-25.0,31.853027
1976-12-16,31.5,-25.0,34.412537
1976-12-17,31.5,-25.0,36.06888
1976-12-18,31.5,-25.0,39.220276
1976-12-19,31.5,-25.0,36.294647
1976-12-20,31.5,-25.0,27.532318
1976-12-21,31.5,-25.0,30.056366
1976-12-22,31.5,-25.0,30.328918
1976-12-23,31.5,-25.0,28.983856
1976-12-24,31.5,-25.0,29.745087
1976-12-25,31.5,-25.0,31.478851
1976-12-26,31.5,-25.0,33.25775
1976-12-27,31.5,-25.0,35.609222
1976-12-28,31.5,-25.0,27.471039
1976-12-29,31.5,-25.0,32.196533
1976-12-30,31.5,-25.0,37.74939
1976-12-31,31.5,-25.0,35.139893
1977-01-01,31.5,-25.0,26.224152
1977-01-02,31.5,-25.0,28.237183
1977-01-03,31.5,-25.0,32.03131
1977-01-04,31.5,-25.0,32.066986
1977-01-05,31.5,-25.0,34.858643
1977-01-06,31.5,-25.0,37.29669
1977-01-07,31.5,-25.0,34.832703
1977-01-08,31.5,-25.0,36.45804
1977-01-09,31.5,-25.0,35.462067
1977-01-10,31.5,-25.0,36.45157
1977-01-11,31.5,-25.0,32.43521
1977-01-12,31.5,-25.0,33.671265
1977-01-13,31.5,-25.0,36.883026
1977-01-14,31.5,-25.0,37.89685
1977-01-15,31.5,-25.0,28.045776
1977-01-16,31.5,-25.0,25.927307
1977-01-17,31.5,-25.0,33.278717
1977-01-18,31.5,-25.0,36.07199
1977-01-19,31.5,-25.0,34.128693
1977-01-20,31.5,-25.0,27.10495
1977-01-21,31.5,-25.0,35.280396
1977-01-22,31.5,-25.0,38.537598
1977-01-23,31.5,-25.0,37.118256
1977-01-24,31.5,-25.0,38.057434
1977-01-25,31.5,-25.0,37.608124
1977-01-26,31.5,-25.0,32.576324
1977-01-27,31.5,-25.0,26.118713
1977-01-28,31.5,-25.0,25.909454
1977-01-29,31.5,-25.0,28.459412
1977-01-30,31.5,-25.0,26.066803
1977-01-31,31.5,-25.0,23.844513
1977-02-01,31.5,-25.0,27.873047
1977-02-02,31.5,-25.0,30.756897
1977-02-03,31.5,-25.0,29.620728
1977-02-04,31.5,-25.0,29.545532
1977-02-05,31.5,-25.0,26.830444
1977-02-06,31.5,-25.0,23.02594
1977-02-07,31.5,-25.0,24.780334
1977-02-08,31.5,-25.0,24.738556
1977-02-09,31.5,-25.0,25.704285
1977-02-10,31.5,-25.0,27.081055
1977-02-11,31.5,-25.0,27.933197
1977-02-12,31.5,-25.0,29.243103
1977-02-13,31.5,-25.0,28.92398
1977-02-14,31.5,-25.0,27.062683
1977-02-15,31.5,-25.0,24.531372
1977-02-16,31.5,-25.0,26.153748
1977-02-17,31.5,-25.0,29.82959
1977-02-18,31.5,-25.0,28.484558
1977-02-19,31.5,-25.0,29.037598
1977-02-20,31.5,-25.0,27.573944
1977-02-21,31.5,-25.0,27.883057
1977-02-22,31.5,-25.0,27.4971
1977-02-23,31.5,-25.0,28.238953
1977-02-24,31.5,-25.0,27.80954
1977-02-25,31.5,-25.0,26.877228
1977-02-26,31.5,-25.0,26.940704
1977-02-27,31.5,-25.0,25.72934
1977-02-28,31.5,-25.0,28.666687
1977-03-01,31.5,-25.0,28.863068
1977-03-02,31.5,-25.0,23.169006
1977-03-03,31.5,-25.0,23.069733
1977-03-04,31.5,-25.0,26.255524
1977-03-05,31.5,-25.0,27.300629
1977-03-06,31.5,-25.0,28.251678
1977-03-07,31.5,-25.0,22.09082
1977-03-08,31.5,-25.0,25.957672
1977-03-09,31.5,-25.0,27.856262
1977-03-10,31.5,-25.0,29.563263
1977-03-11,31.5,-25.0,22.261505
1977-03-12,31.5,-25.0,21.462006
1977-03-13,31.5,-25.0,24.109589
1977-03-14,31.5,-25.0,28.768982
1977-03-15,31.5,-25.0,21.132812
1977-03-16,31.5,-25.0,20.697357
1977-03-17,31.5,-25.0,25.722534
1977-03-18,31.5,-25.0,27.215271
1977-03-19,31.5,-25.0,27.722168
1977-03-20,31.5,-25.0,24.97876
1977-03-21,31.5,-25.0,22.031586
1977-03-22,31.5,-25.0,24.529388
1977-03-23,31.5,-25.0,24.78717
1977-03-24,31.5,-25.0,27.44519
1977-03-25,31.5,-25.0,29.946472
1977-03-26,31.5,-25.0,24.44577
1977-03-27,31.5,-25.0,26.589966
1977-03-28,31.5,-25.0,27.474823
1977-03-29,31.5,-25.0,26.858215
1977-03-30,31.5,-25.0,27.624603
1977-03-31,31.5,-25.0,27.462616
1977-04-01,31.5,-25.0,25.622772
1977-04-02,31.5,-25.0,26.658417
1977-04-03,31.5,-25.0,27.055481
1977-04-04,31.5,-25.0,26.012512
1977-04-05,31.5,-25.0,26.171722
1977-04-06,31.5,-25.0,27.423279
1977-04-07,31.5,-25.0,26.850555
1977-04-08,31.5,-25.0,27.42694
1977-04-09,31.5,-25.0,27.721527
1977-04-10,31.5,-25.0,26.135101
1977-04-11,31.5,-25.0,22.212097
1977-04-12,31.5,-25.0,23.0849
1977-04-13,31.5,-25.0,25.807587
1977-04-14,31.5,-25.0,26.246735
1977-04-15,31.5,-25.0,27.703217
1977-04-16,31.5,-25.0,26.34555
1977-04-17,31.5,-25.0,29.099335
1977-04-18,31.5,-25.0,29.450653
1977-04-19,31.5,-25.0,33.161438
1977-04-20,31.5,-25.0,33.34259
1977-04-21,31.5,-25.0,28.402191
1977-04-22,31.5,-25.0,29.104828
1977-04-23,31.5,-25.0,29.478119
1977-04-24,31.5,-25.0,29.035309
1977-04-25,31.5,-25.0,23.438019
1977-04-26,31.5,-25.0,26.832245
1977-04-27,31.5,-25.0,26.570587
1977-04-28,31.5,-25.0,26.413239
1977-04-29,31.5,-25.0,25.167175
1977-04-30,31.5,-25.0,26.281494
1977-05-01,31.5,-25.0,26.896881
1977-05-02,31.5,-25.0,28.170044
1977-05-03,31.5,-25.0,31.154388
1977-05-04,31.5,-25.0,27.320038
1977-05-05,31.5,-25.0,25.506805
1977-05-06,31.5,-25.0,26.302979
1977-05-07,31.5,-25.0,28.220154
1977-05-08,31.5,-25.0,27.76175
1977-05-09,31.5,-25.0,29.22052
1977-05-10,31.5,-25.0,30.751648
1977-05-11,31.5,-25.0,29.292877
1977-05-12,31.5,-25.0,30.480682
1977-05-13,31.5,-25.0,27.399841
1977-05-14,31.5,-25.0,27.052795
1977-05-15,31.5,-25.0,24.383972
1977-05-16,31.5,-25.0,26.32898
1977-05-17,31.5,-25.0,24.430359
1977-05-18,31.5,-25.0,27.494507
1977-05-19,31.5,-25.0,25.681244
1977-05-20,31.5,-25.0,24.703186
1977-05-21,31.5,-25.0,27.832275
1977-05-22,31.5,-25.0,29.530457
1977-05-23,31.5,-25.0,18.920105
1977-05-24,31.5,-25.0,19.05188
1977-05-25,31.5,-25.0,23.786346
1977-05-26,31.5,-25.0,22.748901
1977-05-27,31.5,-25.0,23.862457
1977-05-28,31.5,-25.0,22.01767
1977-05-29,31.5,-25.0,24.65863
1977-05-30,31.5,-25.0,26.557251
1977-05-31,31.5,-25.0,29.450653
1977-06-01,31.5,-25.0,27.359467
1977-06-02,31.5,-25.0,26.503143
1977-06-03,31.5,-25.0,27.113434
1977-06-04,31.5,-25.0,30.691376
1977-06-05,31.5,-25.0,22.904205
1977-06-06,31.5,-25.0,25.95575
1977-06-07,31.5,-25.0,28.389374
1977-06-08,31.5,-25.0,24.527252
1977-06-09,31.5,-25.0,24.780914
1977-06-10,31.5,-25.0,25.934784
1977-06-11,31.5,-25.0,28.261597
1977-06-12,31.5,-25.0,21.187714
1977-06-13,31.5,-25.0,24.986908
1977-06-14,31.5,-25.0,23.726227
1977-06-15,31.5,-25.0,20.319946
1977-06-16,31.5,-25.0,19.717255
1977-06-17,31.5,-25.0,18.319275
1977-06-18,31.5,-25.0,20.785309
1977-06-19,31.5,-25.0,23.482117
1977-06-20,31.5,-25.0,25.797455
1977-06-21,31.5,-25.0,25.501831
1977-06-22,31.5,-25.0,27.178284
1977-06-23,31.5,-25.0,24.471954
1977-06-24,31.5,-25.0,23.646118
1977-06-25,31.5,-25.0,28.299744
1977-06-26,31.5,-25.0,26.7854
1977-06-27,31.5,-25.0,19.783997
1977-06-28,31.5,-25.0,24.418549
1977-06-29,31.5,-25.0,25.700195
1977-06-30,31.5,-25.0,27.447205
1977-07-01,31.5,-25.0,18.104706
1977-07-02,31.5,-25.0,19.526642
1977-07-03,31.5,-25.0,19.573456
1977-07-04,31.5,-25.0,20.065002
1977-07-05,31.5,-25.0,23.782715
1977-07-06,31.5,-25.0,26.254059
1977-07-07,31.5,-25.0,21.806824
1977-07-08,31.5,-25.0,23.626678
1977-07-09,31.5,-25.0,25.711792
1977-07-10,31.5,-25.0,19.040985
1977-07-11,31.5,-25.0,22.934235
1977-07-12,31.5,-25.0,26.486145
1977-07-13,31.5,-25.0,21.78537
1977-07-14,31.5,-25.0,21.19632
1977-07-15,31.5,-25.0,21.742462
1977-07-16,31.5,-25.0,22.25351
1977-07-17,31.5,-25.0,23.031769
1977-07-18,31.5,-25.0,19.300385
1977-07-19,31.5,-25.0,24.221588
1977-07-20,31.5,-25.0,23.626678
1977-07-21,31.5,-25.0,25.544037
1977-07-22,31.5,-25.0,24.28009
1977-07-23,31.5,-25.0,26.620758
1977-07-24,31.5,-25.0,26.367188
1977-07-25,31.5,-25.0,22.920593
1977-07-26,31.5,-25.0,26.17212
1977-07-27,31.5,-25.0,24.914032
1977-07-28,31.5,-25.0,23.714447
1977-07-29,31.5,-25.0,27.53946
1977-07-30,31.5,-25.0,20.141083
1977-07-31,31.5,-25.0,20.52533
1977-08-01,31.5,-25.0,25.40149
1977-08-02,31.5,-25.0,28.44516
1977-08-03,31.5,-25.0,30.79773
1977-08-04,31.5,-25.0,22.279694
1977-08-05,31.5,-25.0,19.142303
1977-08-06,31.5,-25.0,24.991486
1977-08-07,31.5,-25.0,22.100098
1977-08-08,31.5,-25.0,22.119598
1977-08-09,31.5,-25.0,24.47998
1977-08-10,31.5,-25.0,26.153137
1977-08-11,31.5,-25.0,20.725647
1977-08-12,31.5,-25.0,16.701874
1977-08-13,31.5,-25.0,18.570251
1977-08-14,31.5,-25.0,19.989624
1977-08-15,31.5,-25.0,23.535065
1977-08-16,31.5,-25.0,27.32257
1977-08-17,31.5,-25.0,33.255737
1977-08-18,31.5,-25.0,32.080414
1977-08-19,31.5,-25.0,32.154602
1977-08-20,31.5,-25.0,32.156555
1977-08-21,31.5,-25.0,34.97574
1977-08-22,31.5,-25.0,18.373077
1977-08-23,31.5,-25.0,15.335236
1977-08-24,31.5,-25.0,16.571075
1977-08-25,31.5,-25.0,20.366425
1977-08-26,31.5,-25.0,22.996216
1977-08-27,31.5,-25.0,28.003937
1977-08-28,31.5,-25.0,26.18045
1977-08-29,31.5,-25.0,20.278564
1977-08-30,31.5,-25.0,26.379608
1977-08-31,31.5,-25.0,24.19104
1977-09-01,31.5,-25.0,29.494812
1977-09-02,31.5,-25.0,28.618652
1977-09-03,31.5,-25.0,25.01361
1977-09-04,31.5,-25.0,27.785797
1977-09-05,31.5,-25.0,24.932892
1977-09-06,31.5,-25.0,24.814758
1977-09-07,31.5,-25.0,29.605072
1977-09-08,31.5,-25.0,32.729706
1977-09-09,31.5,-25.0,36.4942
1977-09-10,31.5,-25.0,27.63617
1977-09-11,31.5,-25.0,22.684387
1977-09-12,31.5,-25.0,25.586548
1977-09-13,31.5,-25.0,28.40207
1977-09-14,31.5,-25.0,32.196136
1977-09-15,31.5,-25.0,32.769073
1977-09-16,31.5,-25.0,27.07898
1977-09-17,31.5,-25.0,27.685394
1977-09-18,31.5,-25.0,29.798004
1977-09-19,31.5,-25.0,29.874786
1977-09-20,31.5,-25.0,28.35086
1977-09-21,31.5,-25.0,28.616669
1977-09-22,31.5,-25.0,27.724762
1977-09-23,31.5,-25.0,28.604858
1977-09-24,31.5,-25.0,25.371948
1977-09-25,31.5,-25.0,20.546173
1977-09-26,31.5,-25.0,25.0018
1977-09-27,31.5,-25.0,18.782043
1977-09-28,31.5,-25.0,17.19513
1977-09-29,31.5,-25.0,21.172302
1977-09-30,31.5,-25.0,26.007904
1977-10-01,31.5,-25.0,22.275848
1977-10-02,31.5,-25.0,26.93222
1977-10-03,31.5,-25.0,27.274963
1977-10-04,31.5,-25.0,27.695343
1977-10-05,31.5,-25.0,23.10144
1977-10-06,31.5,-25.0,28.34488
1977-10-07,31.5,-25.0,33.404602
1977-10-08,31.5,-25.0,22.66214
1977-10-09,31.5,-25.0,30.236572
1977-10-10,31.5,-25.0,31.475006
1977-10-11,31.5,-25.0,32.26654
1977-10-12,31.5,-25.0,28.716003
1977-10-13,31.5,-25.0,34.99524
1977-10-14,31.5,-25.0,21.832733
1977-10-15,31.5,-25.0,21.073395
1977-10-16,31.5,-25.0,28.236938
1977-10-17,31.5,-25.0,29.11557
1977-10-18,31.5,-25.0,33.66214
1977-10-19,31.5,-25.0,27.48706
1977-10-20,31.5,-25.0,20.690887
1977-10-21,31.5,-25.0,23.025696
1977-10-22,31.5,-25.0,30.272552
1977-10-23,31.5,-25.0,23.768005
1977-10-24,31.5,-25.0,28.208527
1977-10-25,31.5,-25.0,23.09198
1977-10-26,31.5,-25.0,29.460205
1977-10-27,31.5,-25.0,32.49756
1977-10-28,31.5,-25.0,33.684845
1977-10-29,31.5,-25.0,33.7265
1977-10-30,31.5,-25.0,22.450043
1977-10-31,31.5,-25.0,24.438354
1977-11-01,31.5,-25.0,31.74527
1977-11-02,31.5,-25.0,25.862518
1977-11-03,31.5,-25.0,32.642
1977-11-04,31.5,-25.0,28.829712
1977-11-05,31.5,-25.0,22.588593
1977-11-06,31.5,-25.0,28.435364
1977-11-07,31.5,-25.0,31.300812
1977-11-08,31.5,-25.0,33.37442
1977-11-09,31.5,-25.0,32.825104
1977-11-10,31.5,-25.0,23.812408
1977-11-11,31.5,-25.0,30.105194
1977-11-12,31.5,-25.0,25.119171
1977-11-13,31.5,-25.0,32.712433
1977-11-14,31.5,-25.0,36.69687
1977-11-15,31.5,-25.0,23.71225
1977-11-16,31.5,-25.0,29.765594
1977-11-17,31.5,-25.0,31.10675
1977-11-18,31.5,-25.0,32.868927
1977-11-19,31.5,-25.0,35.142822
1977-11-20,31.5,-25.0,22.904724
1977-11-21,31.5,-25.0,30.429138
1977-11-22,31.5,-25.0,33.787567
1977-11-23,31.5,-25.0,25.054993
1977-11-24,31.5,-25.0,28.85321
1977-11-25,31.5,-25.0,30.806274
1977-11-26,31.5,-25.0,30.778107
1977-11-27,31.5,-25.0,31.972198
1977-11-28,31.5,-25.0,33.35562
1977-11-29,31.5,-25.0,27.349243
1977-11-30,31.5,-25.0,22.314728
1977-12-01,31.5,-25.0,20.871643
1977-12-02,31.5,-25.0,31.717438
1977-12-03,31.5,-25.0,29.212036
1977-12-04,31.5,-25.0,27.553833
1977-12-05,31.5,-25.0,26.65564
1977-12-06,31.5,-25.0,31.161438
1977-12-07,31.5,-25.0,32.82785
1977-12-08,31.5,-25.0,27.854889
1977-12-09,31.5,-25.0,30.233612
1977-12-10,31.5,-25.0,37.07373
1977-12-11,31.5,-25.0,37.438934
1977-12-12,31.5,-25.0,33.71454
1977-12-13,31.5,-25.0,30.852142
1977-12-14,31.5,-25.0,37.256317
1977-12-15,31.5,-25.0,21.541168
1977-12-16,31.5,-25.0,26.492767
1977-12-17,31.5,-25.0,32.99237
1977-12-18,31.5,-25.0,31.263428
1977-12-19,31.5,-25.0,33.01538
1977-12-20,31.5,-25.0,31.589142
1977-12-21,31.5,-25.0,31.33252
1977-12-22,31.5,-25.0,32.087585
1977-12-23,31.5,-25.0,33.206207
1977-12-24,31.5,-25.0,20.794342
1977-12-25,31.5,-25.0,23.480682
1977-12-26,31.5,-25.0,25.662018
1977-12-27,31.5,-25.0,29.258118
1977-12-28,31.5,-25.0,32.627167
1977-12-29,31.5,-25.0,31.311127
1977-12-30,31.5,-25.0,29.845398
1977-12-31,31.5,-25.0,28.656006
1978-01-01,31.5,-25.0,19.918732
1978-01-02,31.5,-25.0,21.179016
1978-01-03,31.5,-25.0,25.538391
1978-01-04,31.5,-25.0,26.425293
1978-01-05,31.5,-25.0,28.854187
1978-01-06,31.5,-25.0,25.01828
1978-01-07,31.5,-25.0,26.723694
1978-01-08,31.5,-25.0,25.496735
1978-01-09,31.5,-25.0,25.003265
1978-01-10,31.5,-25.0,28.92923
1978-01-11,31.5,-25.0,31.184753
1978-01-12,31.5,-25.0,28.46576
1978-01-13,31.5,-25.0,22.187592
1978-01-14,31.5,-25.0,25.073303
1978-01-15,31.5,-25.0,26.513641
1978-01-16,31.5,-25.0,28.355743
1978-01-17,31.5,-25.0,30.829681
1978-01-18,31.5,-25.0,30.547943
1978-01-19,31.5,-25.0,30.776337
1978-01-20,31.5,-25.0,28.62082
1978-01-21,31.5,-25.0,25.113312
1978-01-22,31.5,-25.0,27.815613
1978-01-23,31.5,-25.0,25.111633
1978-01-24,31.5,-25.0,27.507202
1978-01-25,31.5,-25.0,28.84085
1978-01-26,31.5,-25.0,29.899445
1978-01-27,31.5,-25.0,30.379578
1978-01-28,31.5,-25.0,25.386688
1978-01-29,31.5,-25.0,24.638184
1978-01-30,31.5,-25.0,27.853973
1978-01-31,31.5,-25.0,28.694153
1978-02-01,31.5,-25.0,27.847076
1978-02-02,31.5,-25.0,29.82843
1978-02-03,31.5,-25.0,30.132904
1978-02-04,31.5,-25.0,32.401
1978-02-05,31.5,-25.0,33.612366
1978-02-06,31.5,-25.0,30.854553
1978-02-07,31.5,-25.0,32.423553
1978-02-08,31.5,-25.0,28.029114
1978-02-09,31.5,-25.0,29.337128
1978-02-10,31.5,-25.0,31.792084
1978-02-11,31.5,-25.0,30.939941
1978-02-12,31.5,-25.0,30.761139
1978-02-13,31.5,-25.0,31.730865
1978-02-14,31.5,-25.0,25.198822
1978-02-15,31.5,-25.0,30.840057
1978-02-16,31.5,-25.0,23.046692
1978-02-17,31.5,-25.0,22.824402
1978-02-18,31.5,-25.0,22.953278
1978-02-19,31.5,-25.0,26.743652
1978-02-20,31.5,-25.0,30.983429
1978-02-21,31.5,-25.0,31.18158
1978-02-22,31.5,-25.0,20.867218
1978-02-23,31.5,-25.0,24.887909
1978-02-24,31.5,-25.0,26.893463
1978-02-25,31.5,-25.0,26.75653
1978-02-26,31.5,-25.0,27.903473
1978-02-27,31.5,-25.0,27.716614
1978-02-28,31.5,-25.0,27.07547
1978-03-01,31.5,-25.0,28.925507
1978-03-02,31.5,-25.0,25.162384
1978-03-03,31.5,-25.0,27.749329
1978-03-04,31.5,-25.0,30.103455
1978-03-05,31.5,-25.0,28.009918
1978-03-06,31.5,-25.0,28.703125
1978-03-07,31.5,-25.0,28.225372
1978-03-08,31.5,-25.0,30.079132
1978-03-09,31.5,-25.0,23.628296
1978-03-10,31.5,-25.0,24.417053
1978-03-11,31.5,-25.0,26.44455
1978-03-12,31.5,-25.0,27.716309
1978-03-13,31.5,-25.0,27.09433
1978-03-14,31.5,-25.0,27.90393
1978-03-15,31.5,-25.0,26.402863
1978-03-16,31.5,-25.0,28.894257
1978-03-17,31.5,-25.0,29.14096
1978-03-18,31.5,-25.0,27.61554
1978-03-19,31.5,-25.0,28.042938
1978-03-20,31.5,-25.0,26.875427
1978-03-21,31.5,-25.0,27.523468
1978-03-22,31.5,-25.0,27.71109
1978-03-23,31.5,-25.0,27.8414
1978-03-24,31.5,-25.0,27.943909
1978-03-25,31.5,-25.0,28.023834
1978-03-26,31.5,-25.0,27.488708
1978-03-27,31.5,-25.0,26.493195
1978-03-28,31.5,-25.0,25.5672
1978-03-29,31.5,-25.0,27.695465
1978-03-30,31.5,-25.0,30.143402
1978-03-31,31.5,-25.0,31.694885
1978-04-01,31.5,-25.0,32.31555
1978-04-02,31.5,-25.0,29.853485
1978-04-03,31.5,-25.0,21.826416
1978-04-04,31.5,-25.0,24.035706
1978-04-05,31.5,-25.0,25.345947
1978-04-06,31.5,-25.0,25.146545
1978-04-07,31.5,-25.0,27.58725
1978-04-08,31.5,-25.0,28.648285
1978-04-09,31.5,-25.0,28.375885
1978-04-10,31.5,-25.0,29.369263
1978-04-11,31.5,-25.0,23.875458
1978-04-12,31.5,-25.0,25.474121
1978-04-13,31.5,-25.0,25.64859
1978-04-14,31.5,-25.0,27.444824
1978-04-15,31.5,-25.0,29.584686
1978-04-16,31.5,-25.0,27.5997
1978-04-17,31.5,-25.0,22.890991
1978-04-18,31.5,-25.0,25.310333
1978-04-19,31.5,-25.0,25.677063
1978-04-20,31.5,-25.0,26.221802
1978-04-21,31.5,-25.0,25.819489
1978-04-22,31.5,-25.0,29.484985
1978-04-23,31.5,-25.0,27.072754
1978-04-24,31.5,-25.0,25.876465
1978-04-25,31.5,-25.0,30.257599
1978-04-26,31.5,-25.0,24.324097
1978-04-27,31.5,-25.0,23.163391
1978-04-28,31.5,-25.0,24.16742
1978-04-29,31.5,-25.0,25.543549
1978-04-30,31.5,-25.0,25.74472
1978-05-01,31.5,-25.0,28.926605
1978-05-02,31.5,-25.0,18.894958
1978-05-03,31.5,-25.0,24.369507
1978-05-04,31.5,-25.0,26.943207
1978-05-05,31.5,-25.0,27.078583
1978-05-06,31.5,-25.0,23.647583
1978-05-07,31.5,-25.0,25.582092
1978-05-08,31.5,-25.0,28.864563
1978-05-09,31.5,-25.0,28.913452
1978-05-10,31.5,-25.0,23.143738
1978-05-11,31.5,-25.0,26.386719
1978-05-12,31.5,-25.0,28.095642
1978-05-13,31.5,-25.0,29.34961
1978-05-14,31.5,-25.0,23.705872
1978-05-15,31.5,-25.0,23.202026
1978-05-16,31.5,-25.0,24.56314
1978-05-17,31.5,-25.0,27.031586
1978-05-18,31.5,-25.0,29.255615
1978-05-19,31.5,-25.0,29.338318
1978-05-20,31.5,-25.0,29.503754
1978-05-21,31.5,-25.0,29.447357
1978-05-22,31.5,-25.0,23.098633
1978-05-23,31.5,-25.0,19.895111
1978-05-24,31.5,-25.0,23.80362
1978-05-25,31.5,-25.0,27.304169
1978-05-26,31.5,-25.0,27.529785
1978-05-27,31.5,-25.0,24.760529
1978-05-28,31.5,-25.0,26.223175
1978-05-29,31.5,-25.0,28.152039
1978-05-30,31.5,-25.0,26.751465
1978-05-31,31.5,-25.0,28.695374
1978-06-01,31.5,-25.0,22.174194
1978-06-02,31.5,-25.0,22.107605
1978-06-03,31.5,-25.0,23.23581
1978-06-04,31.5,-25.0,22.914581
1978-06-05,31.5,-25.0,23.519836
1978-06-06,31.5,-25.0,23.886108
1978-06-07,31.5,-25.0,21.743286
1978-06-08,31.5,-25.0,22.60904
1978-06-09,31.5,-25.0,21.633575
1978-06-10,31.5,-25.0,22.94983
1978-06-11,31.5,-25.0,24.979065
1978-06-12,31.5,-25.0,27.779999
1978-06-13,31.5,-25.0,19.862915
1978-06-14,31.5,-25.0,19.55539
1978-06-15,31.5,-25.0,22.035126
1978-06-16,31.5,-25.0,23.357239
1978-06-17,31.5,-25.0,25.00061
1978-06-18,31.5,-25.0,25.631317
1978-06-19,31.5,-25.0,20.058777
1978-06-20,31.5,-25.0,21.950897
1978-06-21,31.5,-25.0,22.832306
1978-06-22,31.5,-25.0,21.104736
1978-06-23,31.5,-25.0,20.750214
1978-06-24,31.5,-25.0,20.703217
1978-06-25,31.5,-25.0,22.356354
1978-06-26,31.5,-25.0,23.208374
1978-06-27,31.5,-25.0,22.278015
1978-06-28,31.5,-25.0,23.16333
1978-06-29,31.5,-25.0,24.283722
1978-06-30,31.5,-25.0,21.369171
1978-07-01,31.5,-25.0,20.358276
1978-07-02,31.5,-25.0,19.744965
1978-07-03,31.5,-25.0,21.341125
1978-07-04,31.5,-25.0,21.91513
1978-07-05,31.5,-25.0,22.07434
1978-07-06,31.5,-25.0,19.292847
1978-07-07,31.5,-25.0,18.679565
1978-07-08,31.5,-25.0,21.158325
1978-07-09,31.5,-25.0,21.069855
1978-07-10,31.5,-25.0,17.71637
1978-07-11,31.5,-25.0,14.590881
1978-07-12,31.5,-25.0,19.446198
1978-07-13,31.5,-25.0,21.936737
1978-07-14,31.5,-25.0,20.751404
1978-07-15,31.5,-25.0,20.623657
1978-07-16,31.5,-25.0,23.609558
1978-07-17,31.5,-25.0,23.137787
1978-07-18,31.5,-25.0,22.176544
1978-07-19,31.5,-25.0,24.130463
1978-07-20,31.5,-25.0,23.354004
1978-07-21,31.5,-25.0,24.321136
1978-07-22,31.5,-25.0,24.901031
1978-07-23,31.5,-25.0,26.52472
1978-07-24,31.5,-25.0,26.858887
1978-07-25,31.5,-25.0,23.882782
1978-07-26,31.5,-25.0,26.011658
1978-07-27,31.5,-25.0,25.54184
1978-07-28,31.5,-25.0,26.693756
1978-07-29,31.5,-25.0,25.162476
1978-07-30,31.5,-25.0,28.519897
1978-07-31,31.5,-25.0,29.41626
1978-08-01,31.5,-25.0,21.040222
1978-08-02,31.5,-25.0,24.069061
1978-08-03,31.5,-25.0,30.650177
1978-08-04,31.5,-25.0,31.506866
1978-08-05,31.5,-25.0,20.795166
1978-08-06,31.5,-25.0,24.447418
1978-08-07,31.5,-25.0,28.150665
1978-08-08,31.5,-25.0,32.25772
1978-08-09,31.5,-25.0,20.871643
1978-08-10,31.5,-25.0,26.58429
1978-08-11,31.5,-25.0,29.16809
1978-08-12,31.5,-25.0,32.789
1978-08-13,31.5,-25.0,26.809723
1978-08-14,31.5,-25.0,29.626831
1978-08-15,31.5,-25.0,31.504913
1978-08-16,31.5,-25.0,32.81839
1978-08-17,31.5,-25.0,33.322235
1978-08-18,31.5,-25.0,20.403107
1978-08-19,31.5,-25.0,26.256897
1978-08-20,31.5,-25.0,32.163605
1978-08-21,31.5,-25.0,19.315063
1978-08-22,31.5,-25.0,20.650116
1978-08-23,31.5,-25.0,26.215729
1978-08-24,31.5,-25.0,22.947723
1978-08-25,31.5,-25.0,25.48056
1978-08-26,31.5,-25.0,25.87265
1978-08-27,31.5,-25.0,28.703491
1978-08-28,31.5,-25.0,30.246338
1978-08-29,31.5,-25.0,27.076355
1978-08-30,31.5,-25.0,24.880676
1978-08-31,31.5,-25.0,33.0007
1978-09-01,31.5,-25.0,24.1044
1978-09-02,31.5,-25.0,28.38858
1978-09-03,31.5,-25.0,18.912811
1978-09-04,31.5,-25.0,20.610657
1978-09-05,31.5,-25.0,22.151886
1978-09-06,31.5,-25.0,25.498505
1978-09-07,31.5,-25.0,29.179016
1978-09-08,31.5,-25.0,29.837372
1978-09-09,31.5,-25.0,23.928955
1978-09-10,31.5,-25.0,21.723663
1978-09-11,31.5,-25.0,27.903748
1978-09-12,31.5,-25.0,25.528687
1978-09-13,31.5,-25.0,19.23352
1978-09-14,31.5,-25.0,20.476715
1978-09-15,31.5,-25.0,23.153625
1978-09-16,31.5,-25.0,26.911469
1978-09-17,31.5,-25.0,31.252228
1978-09-18,31.5,-25.0,27.832062
1978-09-19,31.5,-25.0,32.07852
1978-09-20,31.5,-25.0,32.186035
1978-09-21,31.5,-25.0,31.710632
1978-09-22,31.5,-25.0,29.973206
1978-09-23,31.5,-25.0,33.238678
1978-09-24,31.5,-25.0,25.041962
1978-09-25,31.5,-25.0,25.65506
1978-09-26,31.5,-25.0,25.830505
1978-09-27,31.5,-25.0,32.585968
1978-09-28,31.5,-25.0,36.477753
1978-09-29,31.5,-25.0,28.81491
1978-09-30,31.5,-25.0,33.800842
1978-10-01,31.5,-25.0,26.40448
1978-10-02,31.5,-25.0,28.31076
1978-10-03,31.5,-25.0,32.906036
1978-10-04,31.5,-25.0,34.415558
1978-10-05,31.5,-25.0,20.829926
1978-10-06,31.5,-25.0,27.760712
1978-10-07,31.5,-25.0,23.690247
1978-10-08,31.5,-25.0,27.194397
1978-10-09,31.5,-25.0,29.87619
1978-10-10,31.5,-25.0,27.427063
1978-10-11,31.5,-25.0,20.638733
1978-10-12,31.5,-25.0,20.736145
1978-10-13,31.5,-25.0,22.835388
1978-10-14,31.5,-25.0,30.404602
1978-10-15,31.5,-25.0,33.053925
1978-10-16,31.5,-25.0,22.31958
1978-10-17,31.5,-25.0,24.572144
1978-10-18,31.5,-25.0,27.317047
1978-10-19,31.5,-25.0,27.558716
1978-10-20,31.5,-25.0,24.694763
1978-10-21,31.5,-25.0,25.980652
1978-10-22,31.5,-25.0,28.786896
1978-10-23,31.5,-25.0,32.570587
1978-10-24,31.5,-25.0,21.792969
1978-10-25,31.5,-25.0,17.736938
1978-10-26,31.5,-25.0,23.744354
1978-10-27,31.5,-25.0,29.073639
1978-10-28,31.5,-25.0,26.89682
1978-10-29,31.5,-25.0,31.44342
1978-10-30,31.5,-25.0,26.941925
1978-10-31,31.5,-25.0,35.236145
1978-11-01,31.5,-25.0,34.34558
1978-11-02,31.5,-25.0,33.818695
1978-11-03,31.5,-25.0,19.697418
1978-11-04,31.5,-25.0,18.859497
1978-11-05,31.5,-25.0,23.491974
1978-11-06,31.5,-25.0,25.540833
1978-11-07,31.5,-25.0,28.667236
1978-11-08,31.5,-25.0,26.961212
1978-11-09,31.5,-25.0,26.383514
1978-11-10,31.5,-25.0,27.438904
1978-11-11,31.5,-25.0,30.535156
1978-11-12,31.5,-25.0,29.373474
1978-11-13,31.5,-25.0,24.514008
1978-11-14,31.5,-25.0,30.032074
1978-11-15,31.5,-25.0,20.48935
1978-11-16,31.5,-25.0,23.88556
1978-11-17,31.5,-25.0,28.159393
1978-11-18,31.5,-25.0,27.211945
1978-11-19,31.5,-25.0,21.6828
1978-11-20,31.5,-25.0,27.324615
1978-11-21,31.5,-25.0,30.1622
1978-11-22,31.5,-25.0,23.04602
1978-11-23,31.5,-25.0,31.447693
1978-11-24,31.5,-25.0,31.466736
1978-11-25,31.5,-25.0,34.467773
1978-11-26,31.5,-25.0,21.733582
1978-11-27,31.5,-25.0,24.815552
1978-11-28,31.5,-25.0,31.498474
1978-11-29,31.5,-25.0,29.743225
1978-11-30,31.5,-25.0,26.515259
1978-12-01,31.5,-25.0,26.025879
1978-12-02,31.5,-25.0,29.104614
1978-12-03,31.5,-25.0,31.430573
1978-12-04,31.5,-25.0,31.623718
1978-12-05,31.5,-25.0,30.483002
1978-12-06,31.5,-25.0,24.791107
1978-12-07,31.5,-25.0,30.258514
1978-12-08,31.5,-25.0,27.97876
1978-12-09,31.5,-25.0,25.162537
1978-12-10,31.5,-25.0,28.586273
1978-12-11,31.5,-25.0,27.29535
1978-12-12,31.5,-25.0,25.00241
1978-12-13,31.5,-25.0,25.079987
1978-12-14,31.5,-25.0,27.184753
1978-12-15,31.5,-25.0,25.606598
1978-12-16,31.5,-25.0,28.977509
1978-12-17,31.5,-25.0,26.516174
1978-12-18,31.5,-25.0,22.191132
1978-12-19,31.5,-25.0,26.504608
1978-12-20,31.5,-25.0,31.80365
1978-12-21,31.5,-25.0,32.970734
1978-12-22,31.5,-25.0,30.771912
1978-12-23,31.5,-25.0,32.435883
1978-12-24,31.5,-25.0,26.84964
1978-12-25,31.5,-25.0,27.78067
1978-12-26,31.5,-25.0,29.013824
1978-12-27,31.5,-25.0,32.977356
1978-12-28,31.5,-25.0,33.532013
1978-12-29,31.5,-25.0,30.809875
1978-12-30,31.5,-25.0,33.85721
1978-12-31,31.5,-25.0,34.81961
1979-01-01,31.5,-25.0,25.172058
1979-01-02,31.5,-25.0,33.3071
1979-01-03,31.5,-25.0,22.508453
1979-01-04,31.5,-25.0,23.428009
1979-01-05,31.5,-25.0,25.217865
1979-01-06,31.5,-25.0,32.83374
1979-01-07,31.5,-25.0,23.19049
1979-01-08,31.5,-25.0,21.816254
1979-01-09,31.5,-25.0,27.150269
1979-01-10,31.5,-25.0,31.608826
1979-01-11,31.5,-25.0,34.420044
1979-01-12,31.5,-25.0,35.54315
1979-01-13,31.5,-25.0,27.004364
1979-01-14,31.5,-25.0,30.402557
1979-01-15,31.5,-25.0,30.792786
1979-01-16,31.5,-25.0,34.83737
1979-01-17,31.5,-25.0,34.582886
1979-01-18,31.5,-25.0,29.812164
1979-01-19,31.5,-25.0,32.345123
1979-01-20,31.5,-25.0,33.961945
1979-01-21,31.5,-25.0,24.094757
1979-01-22,31.5,-25.0,22.338806
1979-01-23,31.5,-25.0,23.429688
1979-01-24,31.5,-25.0,25.428253
1979-01-25,31.5,-25.0,30.351685
1979-01-26,31.5,-25.0,32.372284
1979-01-27,31.5,-25.0,32.065186
1979-01-28,31.5,-25.0,30.806335
1979-01-29,31.5,-25.0,33.076355
1979-01-30,31.5,-25.0,26.190002
1979-01-31,31.5,-25.0,26.135712
1979-02-01,31.5,-25.0,26.967163
1979-02-02,31.5,-25.0,26.119781
1979-02-03,31.5,-25.0,26.77359
1979-02-04,31.5,-25.0,30.22937
1979-02-05,31.5,-25.0,31.992096
1979-02-06,31.5,-25.0,32.294373
1979-02-07,31.5,-25.0,34.160645
1979-02-08,31.5,-25.0,31.148102
1979-02-09,31.5,-25.0,31.849426
1979-02-10,31.5,-25.0,33.286102
1979-02-11,31.5,-25.0,31.90207
1979-02-12,31.5,-25.0,33.265717
1979-02-13,31.5,-25.0,32.703613
1979-02-14,31.5,-25.0,33.213074
1979-02-15,31.5,-25.0,34.199707
1979-02-16,31.5,-25.0,36.040527
1979-02-17,31.5,-25.0,30.23108
1979-02-18,31.5,-25.0,35.68222
1979-02-19,31.5,-25.0,25.727509
1979-02-20,31.5,-25.0,22.874573
1979-02-21,31.5,-25.0,27.853638
1979-02-22,31.5,-25.0,30.2005
1979-02-23,31.5,-25.0,29.893127
1979-02-24,31.5,-25.0,28.797821
1979-02-25,31.5,-25.0,29.77597
1979-02-26,31.5,-25.0,30.91034
1979-02-27,31.5,-25.0,30.448456
1979-02-28,31.5,-25.0,30.37033
1979-03-01,31.5,-25.0,29.904144
1979-03-02,31.5,-25.0,25.468689
1979-03-03,31.5,-25.0,27.286072
1979-03-04,31.5,-25.0,22.286957
1979-03-05,31.5,-25.0,25.644287
1979-03-06,31.5,-25.0,27.263245
1979-03-07,31.5,-25.0,29.06482
1979-03-08,31.5,-25.0,27.654816
1979-03-09,31.5,-25.0,29.400208
1979-03-10,31.5,-25.0,28.792664
1979-03-11,31.5,-25.0,29.345764
1979-03-12,31.5,-25.0,27.466919
1979-03-13,31.5,-25.0,27.888367
1979-03-14,31.5,-25.0,29.05252
1979-03-15,31.5,-25.0,30.33963
1979-03-16,31.5,-25.0,31.034973
1979-03-17,31.5,-25.0,32.98053
1979-03-18,31.5,-25.0,34.278168
1979-03-19,31.5,-25.0,36.74875
1979-03-20,31.5,-25.0,34.148224
1979-03-21,31.5,-25.0,34.42743
1979-03-22,31.5,-25.0,24.625854
1979-03-23,31.5,-25.0,27.324707
1979-03-24,31.5,-25.0,31.159637
1979-03-25,31.5,-25.0,29.77246
1979-03-26,31.5,-25.0,31.554718
1979-03-27,31.5,-25.0,35.577545
1979-03-28,31.5,-25.0,30.295715
1979-03-29,31.5,-25.0,27.005127
1979-03-30,31.5,-25.0,24.639893
1979-03-31,31.5,-25.0,26.034088
1979-04-01,31.5,-25.0,30.0484
1979-04-02,31.5,-25.0,27.339752
1979-04-03,31.5,-25.0,27.840118
1979-04-04,31.5,-25.0,28.545563
1979-04-05,31.5,-25.0,31.598999
1979-04-06,31.5,-25.0,29.316437
1979-04-07,31.5,-25.0,29.268707
1979-04-08,31.5,-25.0,29.792053
1979-04-09,31.5,-25.0,30.27295
1979-04-10,31.5,-25.0,31.655548
1979-04-11,31.5,-25.0,32.040985
1979-04-12,31.5,-25.0,31.735138
1979-04-13,31.5,-25.0,32.946228
1979-04-14,31.5,-25.0,31.906616
1979-04-15,31.5,-25.0,23.031006
1979-04-16,31.5,-25.0,24.498505
1979-04-17,31.5,-25.0,26.857086
1979-04-18,31.5,-25.0,27.852478
1979-04-19,31.5,-25.0,28.395294
1979-04-20,31.5,-25.0,26.054382
1979-04-21,31.5,-25.0,23.391693
1979-04-22,31.5,-25.0,26.027863
1979-04-23,31.5,-25.0,29.153778
1979-04-24,31.5,-25.0,29.588715
1979-04-25,31.5,-25.0,27.61557
1979-04-26,31.5,-25.0,30.801605
1979-04-27,31.5,-25.0,26.28247
1979-04-28,31.5,-25.0,29.254547
1979-04-29,31.5,-25.0,31.862427
1979-04-30,31.5,-25.0,32.461792
1979-05-01,31.5,-25.0,33.349518
1979-05-02,31.5,-25.0,33.372253
1979-05-03,31.5,-25.0,33.20755
1979-05-04,31.5,-25.0,31.91092
1979-05-05,31.5,-25.0,24.418884
1979-05-06,31.5,-25.0,28.280365
1979-05-07,31.5,-25.0,21.038208
1979-05-08,31.5,-25.0,15.596161
1979-05-09,31.5,-25.0,20.294312
1979-05-10,31.5,-25.0,22.319672
1979-05-11,31.5,-25.0,22.107697
1979-05-12,31.5,-25.0,22.738007
1979-05-13,31.5,-25.0,23.95514
1979-05-14,31.5,-25.0,24.02707
1979-05-15,31.5,-25.0,24.74826
1979-05-16,31.5,-25.0,23.587921
1979-05-17,31.5,-25.0,24.55896
1979-05-18,31.5,-25.0,26.25879
1979-05-19,31.5,-25.0,22.705841
1979-05-20,31.5,-25.0,26.29663
1979-05-21,31.5,-25.0,24.937561
1979-05-22,31.5,-25.0,25.295288
1979-05-23,31.5,-25.0,24.672546
1979-05-24,31.5,-25.0,25.844238
1979-05-25,31.5,-25.0,27.998352
1979-05-26,31.5,-25.0,22.018707
1979-05-27,31.5,-25.0,24.367798
1979-05-28,31.5,-25.0,24.818298
1979-05-29,31.5,-25.0,27.87909
1979-05-30,31.5,-25.0,29.217346
1979-05-31,31.5,-25.0,29.881775
1979-06-01,31.5,-25.0,22.561218
1979-06-02,31.5,-25.0,24.84311
1979-06-03,31.5,-25.0,22.526215
1979-06-04,31.5,-25.0,21.367767
1979-06-05,31.5,-25.0,25.350433
1979-06-06,31.5,-25.0,28.092987
1979-06-07,31.5,-25.0,24.481598
1979-06-08,31.5,-25.0,24.76538
1979-06-09,31.5,-25.0,29.935638
1979-06-10,31.5,-25.0,30.450714
1979-06-11,31.5,-25.0,28.083282
1979-06-12,31.5,-25.0,20.963501
1979-06-13,31.5,-25.0,17.350159
1979-06-14,31.5,-25.0,16.86615
1979-06-15,31.5,-25.0,17.970184
1979-06-16,31.5,-25.0,18.908997
1979-06-17,31.5,-25.0,19.041168
1979-06-18,31.5,-25.0,18.613556
1979-06-19,31.5,-25.0,22.615631
1979-06-20,31.5,-25.0,24.073425
1979-06-21,31.5,-25.0,22.67395
1979-06-22,31.5,-25.0,19.424072
1979-06-23,31.5,-25.0,21.91397
1979-06-24,31.5,-25.0,24.642914
1979-06-25,31.5,-25.0,26.081268
1979-06-26,31.5,-25.0,28.477844
1979-06-27,31.5,-25.0,21.097595
1979-06-28,31.5,-25.0,23.293976
1979-06-29,31.5,-25.0,23.711884
1979-06-30,31.5,-25.0,25.227966
1979-07-01,31.5,-25.0,20.980133
1979-07-02,31.5,-25.0,18.04599
1979-07-03,31.5,-25.0,20.20694
1979-07-04,31.5,-25.0,20.8909
1979-07-05,31.5,-25.0,21.999146
1979-07-06,31.5,-25.0,23.71402
1979-07-07,31.5,-25.0,24.035187
1979-07-08,31.5,-25.0,15.61142
1979-07-09,31.5,-25.0,17.056702
1979-07-10,31.5,-25.0,18.25415
1979-07-11,31.5,-25.0,20.25055
1979-07-12,31.5,-25.0,20.793762
1979-07-13,31.5,-25.0,23.10736
1979-07-14,31.5,-25.0,25.841278
1979-07-15,31.5,-25.0,26.31314
1979-07-16,31.5,-25.0,23.378967
1979-07-17,31.5,-25.0,27.544281
1979-07-18,31.5,-25.0,24.594269
1979-07-19,31.5,-25.0,26.358734
1979-07-20,31.5,-25.0,25.583557
1979-07-21,31.5,-25.0,25.198944
1979-07-22,31.5,-25.0,24.187866
1979-07-23,31.5,-25.0,25.793701
1979-07-24,31.5,-25.0,20.561798
1979-07-25,31.5,-25.0,18.733917
1979-07-26,31.5,-25.0,19.82431
1979-07-27,31.5,-25.0,23.951935
1979-07-28,31.5,-25.0,24.390076
1979-07-29,31.5,-25.0,20.549927
1979-07-30,31.5,-25.0,21.947601
1979-07-31,31.5,-25.0,24.33258
1979-08-01,31.5,-25.0,24.549652
1979-08-02,31.5,-25.0,24.437836
1979-08-03,31.5,-25.0,25.463623
1979-08-04,31.5,-25.0,25.740173
1979-08-05,31.5,-25.0,28.972412
1979-08-06,31.5,-25.0,28.711548
1979-08-07,31.5,-25.0,29.366638
1979-08-08,31.5,-25.0,31.159271
1979-08-09,31.5,-25.0,19.96408
1979-08-10,31.5,-25.0,19.848389
1979-08-11,31.5,-25.0,24.567291
1979-08-12,31.5,-25.0,18.675507
1979-08-13,31.5,-25.0,18.85202
1979-08-14,31.5,-25.0,23.916138
1979-08-15,31.5,-25.0,22.568726
1979-08-16,31.5,-25.0,25.292969
1979-08-17,31.5,-25.0,20.326935
1979-08-18,31.5,-25.0,19.99939
1979-08-19,31.5,-25.0,21.51941
1979-08-20,31.5,-25.0,20.972198
1979-08-21,31.5,-25.0,23.727844
1979-08-22,31.5,-25.0,27.152313
1979-08-23,31.5,-25.0,26.528625
1979-08-24,31.5,-25.0,21.176178
1979-08-25,31.5,-25.0,25.19101
1979-08-26,31.5,-25.0,26.179504
1979-08-27,31.5,-25.0,27.062103
1979-08-28,31.5,-25.0,28.978302
1979-08-29,31.5,-25.0,21.458618
1979-08-30,31.5,-25.0,29.847168
1979-08-31,31.5,-25.0,31.255371
1979-09-01,31.5,-25.0,18.496277
1979-09-02,31.5,-25.0,19.038544
1979-09-03,31.5,-25.0,15.169403
1979-09-04,31.5,-25.0,18.157806
1979-09-05,31.5,-25.0,19.9693
1979-09-06,31.5,-25.0,23.630768
1979-09-07,31.5,-25.0,21.417358
1979-09-08,31.5,-25.0,17.430908
1979-09-09,31.5,-25.0,22.011566
1979-09-10,31.5,-25.0,24.494202
1979-09-11,31.5,-25.0,27.226837
1979-09-12,31.5,-25.0,29.63446
1979-09-13,31.5,-25.0,21.52118
1979-09-14,31.5,-25.0,21.582733
1979-09-15,31.5,-25.0,31.794037
1979-09-16,31.5,-25.0,27.22876
1979-09-17,31.5,-25.0,25.440338
1979-09-18,31.5,-25.0,22.605774
1979-09-19,31.5,-25.0,21.465424
1979-09-20,31.5,-25.0,24.944183
1979-09-21,31.5,-25.0,31.97287
1979-09-22,31.5,-25.0,35.301636
1979-09-23,31.5,-25.0,33.265137
1979-09-24,31.5,-25.0,22.5654
1979-09-25,31.5,-25.0,23.509613
1979-09-26,31.5,-25.0,31.14981
1979-09-27,31.5,-25.0,21.898102
1979-09-28,31.5,-25.0,30.020996
1979-09-29,31.5,-25.0,33.945892
1979-09-30,31.5,-25.0,29.469086
1979-10-01,31.5,-25.0,38.43402
1979-10-02,31.5,-25.0,38.43222
1979-10-03,31.5,-25.0,25.244873
1979-10-04,31.5,-25.0,31.44049
1979-10-05,31.5,-25.0,25.49759
1979-10-06,31.5,-25.0,23.77539
1979-10-07,31.5,-25.0,22.444916
1979-10-08,31.5,-25.0,29.983643
1979-10-09,31.5,-25.0,35.224274
1979-10-10,31.5,-25.0,31.500061
1979-10-11,31.5,-25.0,36.630585
1979-10-12,31.5,-25.0,22.600159
1979-10-13,31.5,-25.0,30.608246
1979-10-14,31.5,-25.0,27.084412
1979-10-15,31.5,-25.0,18.88678
1979-10-16,31.5,-25.0,19.088959
1979-10-17,31.5,-25.0,26.634888
1979-10-18,31.5,-25.0,32.568756
1979-10-19,31.5,-25.0,34.95349
1979-10-20,31.5,-25.0,29.499847
1979-10-21,31.5,-25.0,28.994354
1979-10-22,31.5,-25.0,27.651245
1979-10-23,31.5,-25.0,26.167328
1979-10-24,31.5,-25.0,28.932983
1979-10-25,31.5,-25.0,31.606567
1979-10-26,31.5,-25.0,28.272278
1979-10-27,31.5,-25.0,32.801636
1979-10-28,31.5,-25.0,26.620453
1979-10-29,31.5,-25.0,22.042358
1979-10-30,31.5,-25.0,24.717712
1979-10-31,31.5,-25.0,20.775055
1979-11-01,31.5,-25.0,28.44281
1979-11-02,31.5,-25.0,33.73883
1979-11-03,31.5,-25.0,31.600433
1979-11-04,31.5,-25.0,35.606873
1979-11-05,31.5,-25.0,36.13452
1979-11-06,31.5,-25.0,27.027039
1979-11-07,31.5,-25.0,33.117798
1979-11-08,31.5,-25.0,25.339233
1979-11-09,31.5,-25.0,19.122284
1979-11-10,31.5,-25.0,21.311493
1979-11-11,31.5,-25.0,22.781342
1979-11-12,31.5,-25.0,27.561218
1979-11-13,31.5,-25.0,30.889282
1979-11-14,31.5,-25.0,32.786804
1979-11-15,31.5,-25.0,26.597717
1979-11-16,31.5,-25.0,23.166412
1979-11-17,31.5,-25.0,28.336304
1979-11-18,31.5,-25.0,28.75415
1979-11-19,31.5,-25.0,28.431335
1979-11-20,31.5,-25.0,31.539795
1979-11-21,31.5,-25.0,27.569427
1979-11-22,31.5,-25.0,28.277313
1979-11-23,31.5,-25.0,29.596405
1979-11-24,31.5,-25.0,28.678772
1979-11-25,31.5,-25.0,19.694183
1979-11-26,31.5,-25.0,24.523193
1979-11-27,31.5,-25.0,32.423035
1979-11-28,31.5,-25.0,26.782867
1979-11-29,31.5,-25.0,31.801971
1979-11-30,31.5,-25.0,33.79947
1979-12-01,31.5,-25.0,29.46054
1979-12-02,31.5,-25.0,30.387054
1979-12-03,31.5,-25.0,33.96286
1979-12-04,31.5,-25.0,20.195282
1979-12-05,31.5,-25.0,23.425262
1979-12-06,31.5,-25.0,25.176971
1979-12-07,31.5,-25.0,27.924377
1979-12-08,31.5,-25.0,31.347351
1979-12-09,31.5,-25.0,28.191376
1979-12-10,31.5,-25.0,23.598969
1979-12-11,31.5,-25.0,28.157623
1979-12-12,31.5,-25.0,26.359253
1979-12-13,31.5,-25.0,22.871918
1979-12-14,31.5,-25.0,24.21344
1979-12-15,31.5,-25.0,26.296509
1979-12-16,31.5,-25.0,29.700195
1979-12-17,31.5,-25.0,27.967804
1979-12-18,31.5,-25.0,27.803741
1979-12-19,31.5,-25.0,27.638062
1979-12-20,31.5,-25.0,30.433716
1979-12-21,31.5,-25.0,29.841766
1979-12-22,31.5,-25.0,32.635803
1979-12-23,31.5,-25.0,28.81549
1979-12-24,31.5,-25.0,32.976837
1979-12-25,31.5,-25.0,34.316742
1979-12-26,31.5,-25.0,24.930847
1979-12-27,31.5,-25.0,23.619904
1979-12-28,31.5,-25.0,27.803741
1979-12-29,31.5,-25.0,30.2471
1979-12-30,31.5,-25.0,37.09149
1979-12-31,31.5,-25.0,29.976868
1980-01-01,31.5,-25.0,37.52072
1980-01-02,31.5,-25.0,34.150177
1980-01-03,31.5,-25.0,37.41205
1980-01-04,31.5,-25.0,38.318787
1980-01-05,31.5,-25.0,38.24237
1980-01-06,31.5,-25.0,24.710999
1980-01-07,31.5,-25.0,23.83313
1980-01-08,31.5,-25.0,23.45108
1980-01-09,31.5,-25.0,26.521057
1980-01-10,31.5,-25.0,28.524689
1980-01-11,31.5,-25.0,28.298859
1980-01-12,31.5,-25.0,31.698273
1980-01-13,31.5,-25.0,34.89731
1980-01-14,31.5,-25.0,27.60608
1980-01-15,31.5,-25.0,30.964722
1980-01-16,31.5,-25.0,28.020386
1980-01-17,31.5,-25.0,29.791412
1980-01-18,31.5,-25.0,30.17517
1980-01-19,31.5,-25.0,30.920593
1980-01-20,31.5,-25.0,31.41809
1980-01-21,31.5,-25.0,32.357086
1980-01-22,31.5,-25.0,34.05002
1980-01-23,31.5,-25.0,27.585693
1980-01-24,31.5,-25.0,22.092651
1980-01-25,31.5,-25.0,27.78946
1980-01-26,31.5,-25.0,29.691223
1980-01-27,31.5,-25.0,29.280304
1980-01-28,31.5,-25.0,36.099487
1980-01-29,31.5,-25.0,30.066498
1980-01-30,31.5,-25.0,26.986298
1980-01-31,31.5,-25.0,30.03592
1980-02-01,31.5,-25.0,31.733673
1980-02-02,31.5,-25.0,31.985443
1980-02-03,31.5,-25.0,29.518005
1980-02-04,31.5,-25.0,29.547699
1980-02-05,31.5,-25.0,26.545471
1980-02-06,31.5,-25.0,30.257599
1980-02-07,31.5,-25.0,33.086243
1980-02-08,31.5,-25.0,34.058838
1980-02-09,31.5,-25.0,33.062805
1980-02-10,31.5,-25.0,27.951202
1980-02-11,31.5,-25.0,34.58423
1980-02-12,31.5,-25.0,24.190613
1980-02-13,31.5,-25.0,33.364594
1980-02-14,31.5,-25.0,27.852692
1980-02-15,31.5,-25.0,34.92511
1980-02-16,31.5,-25.0,27.266327
1980-02-17,31.5,-25.0,27.281952
1980-02-18,31.5,-25.0,27.457092
1980-02-19,31.5,-25.0,24.620636
1980-02-20,31.5,-25.0,24.64566
1980-02-21,31.5,-25.0,27.959015
1980-02-22,31.5,-25.0,27.644745
1980-02-23,31.5,-25.0,29.902649
1980-02-24,31.5,-25.0,29.926117
1980-02-25,31.5,-25.0,28.46878
1980-02-26,31.5,-25.0,27.604065
1980-02-27,31.5,-25.0,29.521118
1980-02-28,31.5,-25.0,25.371185
1980-02-29,31.5,-25.0,27.661926
1980-03-01,31.5,-25.0,28.95642
1980-03-02,31.5,-25.0,29.577087
1980-03-03,31.5,-25.0,28.391235
1980-03-04,31.5,-25.0,28.382568
1980-03-05,31.5,-25.0,28.69809
1980-03-06,31.5,-25.0,28.37564
1980-03-07,31.5,-25.0,29.060455
1980-03-08,31.5,-25.0,28.69638
1980-03-09,31.5,-25.0,29.39505
1980-03-10,31.5,-25.0,28.20227
1980-03-11,31.5,-25.0,28.9599
1980-03-12,31.5,-25.0,27.527832
1980-03-13,31.5,-25.0,25.246277
1980-03-14,31.5,-25.0,28.718903
1980-03-15,31.5,-25.0,31.446045
1980-03-16,31.5,-25.0,26.182465
1980-03-17,31.5,-25.0,31.182526
1980-03-18,31.5,-25.0,24.786835
1980-03-19,31.5,-25.0,25.894684
1980-03-20,31.5,-25.0,26.83609
1980-03-21,31.5,-25.0,27.987274
1980-03-22,31.5,-25.0,28.43283
1980-03-23,31.5,-25.0,26.407867
1980-03-24,31.5,-25.0,28.705048
1980-03-25,31.5,-25.0,29.507751
1980-03-26,31.5,-25.0,30.461304
1980-03-27,31.5,-25.0,31.185974
1980-03-28,31.5,-25.0,29.726196
1980-03-29,31.5,-25.0,28.692902
1980-03-30,31.5,-25.0,26.957458
1980-03-31,31.5,-25.0,29.386383
1980-04-01,31.5,-25.0,28.679138
1980-04-02,31.5,-25.0,28.245728
1980-04-03,31.5,-25.0,27.63205
1980-04-04,31.5,-25.0,33.350067
1980-04-05,31.5,-25.0,36.456757
1980-04-06,31.5,-25.0,32.17914
1980-04-07,31.5,-25.0,33.74341
1980-04-08,31.5,-25.0,29.1781
1980-04-09,31.5,-25.0,30.853424
1980-04-10,31.5,-25.0,30.951782
1980-04-11,31.5,-25.0,21.405945
1980-04-12,31.5,-25.0,22.48581
1980-04-13,31.5,-25.0,25.557892
1980-04-14,31.5,-25.0,30.96817
1980-04-15,31.5,-25.0,30.277985
1980-04-16,31.5,-25.0,32.126343
1980-04-17,31.5,-25.0,32.30661
1980-04-18,31.5,-25.0,22.412964
1980-04-19,31.5,-25.0,25.077118
1980-04-20,31.5,-25.0,24.170258
1980-04-21,31.5,-25.0,29.108887
1980-04-22,31.5,-25.0,30.82248
1980-04-23,31.5,-25.0,27.42627
1980-04-24,31.5,-25.0,25.20459
1980-04-25,31.5,-25.0,25.679901
1980-04-26,31.5,-25.0,24.778473
1980-04-27,31.5,-25.0,25.845612
1980-04-28,31.5,-25.0,25.029785
1980-04-29,31.5,-25.0,26.042267
1980-04-30,31.5,-25.0,27.466309
1980-05-01,31.5,-25.0,28.53949
1980-05-02,31.5,-25.0,29.48346
1980-05-03,31.5,-25.0,26.873322
1980-05-04,31.5,-25.0,26.772888
1980-05-05,31.5,-25.0,29.650238
1980-05-06,31.5,-25.0,32.13147
1980-05-07,31.5,-25.0,28.467468
1980-05-08,31.5,-25.0,26.27246
1980-05-09,31.5,-25.0,22.62741
1980-05-10,31.5,-25.0,24.928558
1980-05-11,31.5,-25.0,26.884705
1980-05-12,31.5,-25.0,26.949158
1980-05-13,31.5,-25.0,29.282532
1980-05-14,31.5,-25.0,31.644318
1980-05-15,31.5,-25.0,25.341766
1980-05-16,31.5,-25.0,29.108124
1980-05-17,31.5,-25.0,30.065369
1980-05-18,31.5,-25.0,22.216064
1980-05-19,31.5,-25.0,25.39862
1980-05-20,31.5,-25.0,23.912567
1980-05-21,31.5,-25.0,20.830475
1980-05-22,31.5,-25.0,21.437012
1980-05-23,31.5,-25.0,23.65097
1980-05-24,31.5,-25.0,26.266785
1980-05-25,31.5,-25.0,22.30896
1980-05-26,31.5,-25.0,26.795624
1980-05-27,31.5,-25.0,23.961853
1980-05-28,31.5,-25.0,21.952606
1980-05-29,31.5,-25.0,22.754395
1980-05-30,31.5,-25.0,23.025452
1980-05-31,31.5,-25.0,21.054138
1980-06-01,31.5,-25.0,21.393219
1980-06-02,31.5,-25.0,24.884033
1980-06-03,31.5,-25.0,23.19757
1980-06-04,31.5,-25.0,22.746979
1980-06-05,31.5,-25.0,22.769775
1980-06-06,31.5,-25.0,22.79071
1980-06-07,31.5,-25.0,23.235596
1980-06-08,31.5,-25.0,23.583557
1980-06-09,31.5,-25.0,24.342163
1980-06-10,31.5,-25.0,25.648376
1980-06-11,31.5,-25.0,22.608154
1980-06-12,31.5,-25.0,20.391235
1980-06-13,31.5,-25.0,22.996033
1980-06-14,31.5,-25.0,25.220581
1980-06-15,31.5,-25.0,23.370605
1980-06-16,31.5,-25.0,22.168976
1980-06-17,31.5,-25.0,19.408264
1980-06-18,31.5,-25.0,19.204803
1980-06-19,31.5,-25.0,20.19159
1980-06-20,31.5,-25.0,20.86087
1980-06-21,31.5,-25.0,24.235687
1980-06-22,31.5,-25.0,23.26413
1980-06-23,31.5,-25.0,21.362793
1980-06-24,31.5,-25.0,23.868744
1980-06-25,31.5,-25.0,21.41986
1980-06-26,31.5,-25.0,24.397308
1980-06-27,31.5,-25.0,26.484955
1980-06-28,31.5,-25.0,27.8349
1980-06-29,31.5,-25.0,19.11734
1980-06-30,31.5,-25.0,19.729584
1980-07-01,31.5,-25.0,17.889832
1980-07-02,31.5,-25.0,20.089508
1980-07-03,31.5,-25.0,20.983063
1980-07-04,31.5,-25.0,20.875763
1980-07-05,31.5,-25.0,20.021057
1980-07-06,31.5,-25.0,22.609222
1980-07-07,31.5,-25.0,22.855286
1980-07-08,31.5,-25.0,19.924866
1980-07-09,31.5,-25.0,20.542755
1980-07-10,31.5,-25.0,21.082977
1980-07-11,31.5,-25.0,20.457672
1980-07-12,31.5,-25.0,22.664734
1980-07-13,31.5,-25.0,23.954193
1980-07-14,31.5,-25.0,21.280914
1980-07-15,31.5,-25.0,22.870087
1980-07-16,31.5,-25.0,20.894257
1980-07-17,31.5,-25.0,16.439423
1980-07-18,31.5,-25.0,20.99231
1980-07-19,31.5,-25.0,24.187286
1980-07-20,31.5,-25.0,22.379822
1980-07-21,31.5,-25.0,22.346527
1980-07-22,31.5,-25.0,26.052124
1980-07-23,31.5,-25.0,22.27069
1980-07-24,31.5,-25.0,21.702728
1980-07-25,31.5,-25.0,20.246765
1980-07-26,31.5,-25.0,20.01181
1980-07-27,31.5,-25.0,19.865662
1980-07-28,31.5,-25.0,20.124664
1980-07-29,31.5,-25.0,22.527832
1980-07-30,31.5,-25.0,25.071594
1980-07-31,31.5,-25.0,26.187164
1980-08-01,31.5,-25.0,26.562958
1980-08-02,31.5,-25.0,23.311554
1980-08-03,31.5,-25.0,23.51538
1980-08-04,31.5,-25.0,23.860138
1980-08-05,31.5,-25.0,21.40683
1980-08-06,31.5,-25.0,19.566833
1980-08-07,31.5,-25.0,20.168732
1980-08-08,31.5,-25.0,23.528687
1980-08-09,31.5,-25.0,24.235352
1980-08-10,31.5,-25.0,19.218262
1980-08-11,31.5,-25.0,20.094452
1980-08-12,31.5,-25.0,23.458221
1980-08-13,31.5,-25.0,28.46579
1980-08-14,31.5,-25.0,23.029663
1980-08-15,31.5,-25.0,21.616333
1980-08-16,31.5,-25.0,24.922974
1980-08-17,31.5,-25.0,22.854431
1980-08-18,31.5,-25.0,21.686829
1980-08-19,31.5,-25.0,25.212494
1980-08-20,31.5,-25.0,24.309631
1980-08-21,31.5,-25.0,23.67157
1980-08-22,31.5,-25.0,26.35913
1980-08-23,31.5,-25.0,27.968658
1980-08-24,31.5,-25.0,29.583862
1980-08-25,31.5,-25.0,23.216309
1980-08-26,31.5,-25.0,26.06961
1980-08-27,31.5,-25.0,25.442963
1980-08-28,31.5,-25.0,17.132568
1980-08-29,31.5,-25.0,20.57254
1980-08-30,31.5,-25.0,23.764893
1980-08-31,31.5,-25.0,25.079163
1980-09-01,31.5,-25.0,25.342102
1980-09-02,31.5,-25.0,27.450562
1980-09-03,31.5,-25.0,32.16974
1980-09-04,31.5,-25.0,25.851746
1980-09-05,31.5,-25.0,30.8432
1980-09-06,31.5,-25.0,31.093445
1980-09-07,31.5,-25.0,25.945587
1980-09-08,31.5,-25.0,20.720459
1980-09-09,31.5,-25.0,17.029724
1980-09-10,31.5,-25.0,20.545654
1980-09-11,31.5,-25.0,25.93637
1980-09-12,31.5,-25.0,23.467316
1980-09-13,31.5,-25.0,27.378815
1980-09-14,31.5,-25.0,19.265137
1980-09-15,31.5,-25.0,21.614594
1980-09-16,31.5,-25.0,28.175446
1980-09-17,31.5,-25.0,23.770905
1980-09-18,31.5,-25.0,33.253387
1980-09-19,31.5,-25.0,20.199768
1980-09-20,31.5,-25.0,21.71579
1980-09-21,31.5,-25.0,27.916046
1980-09-22,31.5,-25.0,22.58789
1980-09-23,31.5,-25.0,18.930298
1980-09-24,31.5,-25.0,19.680939
1980-09-25,31.5,-25.0,20.008423
1980-09-26,31.5,-25.0,23.257568
1980-09-27,31.5,-25.0,24.902374
1980-09-28,31.5,-25.0,26.550873
1980-09-29,31.5,-25.0,22.045135
1980-09-30,31.5,-25.0,21.377258
1980-10-01,31.5,-25.0,24.818909
1980-10-02,31.5,-25.0,30.802063
1980-10-03,31.5,-25.0,25.418121
1980-10-04,31.5,-25.0,24.390411
1980-10-05,31.5,-25.0,31.667969
1980-10-06,31.5,-25.0,31.10611
1980-10-07,31.5,-25.0,30.698944
1980-10-08,31.5,-25.0,25.910645
1980-10-09,31.5,-25.0,32.428986
1980-10-10,31.5,-25.0,23.332458
1980-10-11,31.5,-25.0,25.711487
1980-10-12,31.5,-25.0,28.181213
1980-10-13,31.5,-25.0,25.9711
1980-10-14,31.5,-25.0,31.849335
1980-10-15,31.5,-25.0,33.5278
1980-10-16,31.5,-25.0,32.773926
1980-10-17,31.5,-25.0,24.294403
1980-10-18,31.5,-25.0,22.180298
1980-10-19,31.5,-25.0,22.43811
1980-10-20,31.5,-25.0,21.081451
1980-10-21,31.5,-25.0,26.228912
1980-10-22,31.5,-25.0,31.742645
1980-10-23,31.5,-25.0,20.571167
1980-10-24,31.5,-25.0,19.35852
1980-10-25,31.5,-25.0,25.302551
1980-10-26,31.5,-25.0,27.272614
1980-10-27,31.5,-25.0,27.190826
1980-10-28,31.5,-25.0,30.816284
1980-10-29,31.5,-25.0,34.391937
1980-10-30,31.5,-25.0,24.333527
1980-10-31,31.5,-25.0,22.619476
1980-11-01,31.5,-25.0,24.87265
1980-11-02,31.5,-25.0,20.378082
1980-11-03,31.5,-25.0,23.88736
1980-11-04,31.5,-25.0,29.254974
1980-11-05,31.5,-25.0,33.807953
1980-11-06,31.5,-25.0,34.04007
1980-11-07,31.5,-25.0,31.992615
1980-11-08,31.5,-25.0,20.866913
1980-11-09,31.5,-25.0,23.956512
1980-11-10,31.5,-25.0,30.702972
1980-11-11,31.5,-25.0,31.58374
1980-11-12,31.5,-25.0,34.42279
1980-11-13,31.5,-25.0,31.768188
1980-11-14,31.5,-25.0,30.810547
1980-11-15,31.5,-25.0,23.207947
1980-11-16,31.5,-25.0,26.160767
1980-11-17,31.5,-25.0,32.333862
1980-11-18,31.5,-25.0,34.32596
1980-11-19,31.5,-25.0,34.92389
1980-11-20,31.5,-25.0,27.450409
1980-11-21,31.5,-25.0,20.207489
1980-11-22,31.5,-25.0,27.4581
1980-11-23,31.5,-25.0,24.734314
1980-11-24,31.5,-25.0,25.722687
1980-11-25,31.5,-25.0,23.246368
1980-11-26,31.5,-25.0,30.595367
1980-11-27,31.5,-25.0,26.246826
1980-11-28,31.5,-25.0,28.052948
1980-11-29,31.5,-25.0,28.90915
1980-11-30,31.5,-25.0,21.492523
1980-12-01,31.5,-25.0,26.93274
1980-12-02,31.5,-25.0,31.230927
1980-12-03,31.5,-25.0,26.695892
1980-12-04,31.5,-25.0,24.902893
1980-12-05,31.5,-25.0,23.80951
1980-12-06,31.5,-25.0,25.858215
1980-12-07,31.5,-25.0,29.317139
1980-12-08,31.5,-25.0,24.835419
1980-12-09,31.5,-25.0,27.200989
1980-12-10,31.5,-25.0,30.076385
1980-12-11,31.5,-25.0,30.548553
1980-12-12,31.5,-25.0,33.287445
1980-12-13,31.5,-25.0,26.074677
1980-12-14,31.5,-25.0,27.384521
1980-12-15,31.5,-25.0,24.5719
1980-12-16,31.5,-25.0,29.853607
1980-12-17,31.5,-25.0,28.91397
1980-12-18,31.5,-25.0,32.308594
1980-12-19,31.5,-25.0,24.261292
1980-12-20,31.5,-25.0,30.54541
1980-12-21,31.5,-25.0,33.938446
1980-12-22,31.5,-25.0,29.088104
1980-12-23,31.5,-25.0,31.510132
1980-12-24,31.5,-25.0,31.511719
1980-12-25,31.5,-25.0,29.238708
1980-12-26,31.5,-25.0,28.735168
1980-12-27,31.5,-25.0,29.735962
1980-12-28,31.5,-25.0,29.786163
1980-12-29,31.5,-25.0,27.753174
1980-12-30,31.5,-25.0,26.209595
1980-12-31,31.5,-25.0,30.865417
1981-01-01,31.5,-25.0,31.431274
1981-01-02,31.5,-25.0,33.406433
1981-01-03,31.5,-25.0,33.683838
1981-01-04,31.5,-25.0,36.857788
1981-01-05,31.5,-25.0,25.598297
1981-01-06,31.5,-25.0,27.73285
1981-01-07,31.5,-25.0,26.969269
1981-01-08,31.5,-25.0,31.695923
1981-01-09,31.5,-25.0,24.134857
1981-01-10,31.5,-25.0,25.416565
1981-01-11,31.5,-25.0,28.850372
1981-01-12,31.5,-25.0,32.185333
1981-01-13,31.5,-25.0,30.77768
1981-01-14,31.5,-25.0,32.650818
1981-01-15,31.5,-25.0,28.423126
1981-01-16,31.5,-25.0,31.133179
1981-01-17,31.5,-25.0,35.384796
1981-01-18,31.5,-25.0,25.58554
1981-01-19,31.5,-25.0,26.91507
1981-01-20,31.5,-25.0,32.27777
1981-01-21,31.5,-25.0,32.233154
1981-01-22,31.5,-25.0,28.488495
1981-01-23,31.5,-25.0,32.473877
1981-01-24,31.5,-25.0,32.775146
1981-01-25,31.5,-25.0,31.101288
1981-01-26,31.5,-25.0,30.273926
1981-01-27,31.5,-25.0,31.401001
1981-01-28,31.5,-25.0,31.62259
1981-01-29,31.5,-25.0,27.47461
1981-01-30,31.5,-25.0,30.521027
1981-01-31,31.5,-25.0,24.421814
1981-02-01,31.5,-25.0,24.381683
1981-02-02,31.5,-25.0,23.740906
1981-02-03,31.5,-25.0,28.57254
1981-02-04,31.5,-25.0,30.394592
1981-02-05,31.5,-25.0,27.36621
1981-02-06,31.5,-25.0,21.834259
1981-02-07,31.5,-25.0,22.977936
1981-02-08,31.5,-25.0,23.292847
1981-02-09,31.5,-25.0,22.769562
1981-02-10,31.5,-25.0,26.416779
1981-02-11,31.5,-25.0,27.737488
1981-02-12,31.5,-25.0,27.829926
1981-02-13,31.5,-25.0,26.180206
1981-02-14,31.5,-25.0,26.606354
1981-02-15,31.5,-25.0,28.013245
1981-02-16,31.5,-25.0,28.276428
1981-02-17,31.5,-25.0,28.85611
1981-02-18,31.5,-25.0,29.214874
1981-02-19,31.5,-25.0,29.467102
1981-02-20,31.5,-25.0,29.713074
1981-02-21,31.5,-25.0,29.396606
1981-02-22,31.5,-25.0,25.597412
1981-02-23,31.5,-25.0,26.139496
1981-02-24,31.5,-25.0,25.531616
1981-02-25,31.5,-25.0,27.692078
1981-02-26,31.5,-25.0,29.515686
1981-02-27,31.5,-25.0,30.507385
1981-02-28,31.5,-25.0,29.427948
1981-03-01,31.5,-25.0,28.36792
1981-03-02,31.5,-25.0,31.286407
1981-03-03,31.5,-25.0,34.09308
1981-03-04,31.5,-25.0,21.440826
1981-03-05,31.5,-25.0,24.23764
1981-03-06,31.5,-25.0,24.186646
1981-03-07,31.5,-25.0,25.908173
1981-03-08,31.5,-25.0,30.414948
1981-03-09,31.5,-25.0,30.051605
1981-03-10,31.5,-25.0,25.697693
1981-03-11,31.5,-25.0,28.63919
1981-03-12,31.5,-25.0,31.187744
1981-03-13,31.5,-25.0,31.955597
1981-03-14,31.5,-25.0,28.681946
1981-03-15,31.5,-25.0,33.622833
1981-03-16,31.5,-25.0,25.751953
1981-03-17,31.5,-25.0,23.775604
1981-03-18,31.5,-25.0,27.63623
1981-03-19,31.5,-25.0,30.209442
1981-03-20,31.5,-25.0,28.565216
1981-03-21,31.5,-25.0,30.114075
1981-03-22,31.5,-25.0,29.023956
1981-03-23,31.5,-25.0,30.687897
1981-03-24,31.5,-25.0,32.182495
1981-03-25,31.5,-25.0,31.269958
1981-03-26,31.5,-25.0,32.705353
1981-03-27,31.5,-25.0,24.76706
1981-03-28,31.5,-25.0,24.216248
1981-03-29,31.5,-25.0,24.374115
1981-03-30,31.5,-25.0,26.348816
1981-03-31,31.5,-25.0,24.699646
1981-04-01,31.5,-25.0,27.147034
1981-04-02,31.5,-25.0,26.329193
1981-04-03,31.5,-25.0,28.743774
1981-04-04,31.5,-25.0,25.91748
1981-04-05,31.5,-25.0,26.994965
1981-04-06,31.5,-25.0,26.954163
1981-04-07,31.5,-25.0,30.299683
1981-04-08,31.5,-25.0,26.104797
1981-04-09,31.5,-25.0,23.361969
1981-04-10,31.5,-25.0,25.166412
1981-04-11,31.5,-25.0,28.54718
1981-04-12,31.5,-25.0,28.64917
1981-04-13,31.5,-25.0,27.812805
1981-04-14,31.5,-25.0,29.643188
1981-04-15,31.5,-25.0,27.493835
1981-04-16,31.5,-25.0,29.00711
1981-04-17,31.5,-25.0,26.896667
1981-04-18,31.5,-25.0,24.250275
1981-04-19,31.5,-25.0,27.859161
1981-04-20,31.5,-25.0,29.643188
1981-04-21,31.5,-25.0,27.5513
1981-04-22,31.5,-25.0,25.835907
1981-04-23,31.5,-25.0,25.761719
1981-04-24,31.5,-25.0,29.960327
1981-04-25,31.5,-25.0,26.269836
1981-04-26,31.5,-25.0,28.565735
1981-04-27,31.5,-25.0,28.62323
1981-04-28,31.5,-25.0,25.487244
1981-04-29,31.5,-25.0,23.831177
1981-04-30,31.5,-25.0,20.448547
1981-05-01,31.5,-25.0,22.541351
1981-05-02,31.5,-25.0,24.220428
1981-05-03,31.5,-25.0,20.529907
1981-05-04,31.5,-25.0,22.831177
1981-05-05,31.5,-25.0,26.724548
1981-05-06,31.5,-25.0,24.554688
1981-05-07,31.5,-25.0,24.299652
1981-05-08,31.5,-25.0,21.94815
1981-05-09,31.5,-25.0,23.714172
1981-05-10,31.5,-25.0,24.516052
1981-05-11,31.5,-25.0,28.117676
1981-05-12,31.5,-25.0,30.32425
1981-05-13,31.5,-25.0,23.263977
1981-05-14,31.5,-25.0,23.992432
1981-05-15,31.5,-25.0,24.10257
1981-05-16,31.5,-25.0,21.59842
1981-05-17,31.5,-25.0,19.082703
1981-05-18,31.5,-25.0,20.209167
1981-05-19,31.5,-25.0,21.830292
1981-05-20,31.5,-25.0,22.73648
1981-05-21,31.5,-25.0,23.74704
1981-05-22,31.5,-25.0,23.8591
1981-05-23,31.5,-25.0,17.618103
1981-05-24,31.5,-25.0,20.81781
1981-05-25,31.5,-25.0,22.543274
1981-05-26,31.5,-25.0,24.792358
1981-05-27,31.5,-25.0,27.103271
1981-05-28,31.5,-25.0,23.774078
1981-05-29,31.5,-25.0,24.869629
1981-05-30,31.5,-25.0,27.308075
1981-05-31,31.5,-25.0,23.337402
1981-06-01,31.5,-25.0,22.660095
1981-06-02,31.5,-25.0,23.540344
1981-06-03,31.5,-25.0,26.242706
1981-06-04,31.5,-25.0,26.337097
1981-06-05,31.5,-25.0,21.714355
1981-06-06,31.5,-25.0,24.016083
1981-06-07,31.5,-25.0,21.78946
1981-06-08,31.5,-25.0,18.491913
1981-06-09,31.5,-25.0,18.572815
1981-06-10,31.5,-25.0,21.05368
1981-06-11,31.5,-25.0,20.868774
1981-06-12,31.5,-25.0,23.022217
1981-06-13,31.5,-25.0,23.180145
1981-06-14,31.5,-25.0,21.444702
1981-06-15,31.5,-25.0,25.152527
1981-06-16,31.5,-25.0,19.772797
1981-06-17,31.5,-25.0,19.930725
1981-06-18,31.5,-25.0,22.055267
1981-06-19,31.5,-25.0,21.42929
1981-06-20,31.5,-25.0,22.465546
1981-06-21,31.5,-25.0,24.226044
1981-06-22,31.5,-25.0,20.479675
1981-06-23,31.5,-25.0,20.751282
1981-06-24,31.5,-25.0,24.711426
1981-06-25,31.5,-25.0,26.963104
1981-06-26,31.5,-25.0,23.24179
1981-06-27,31.5,-25.0,27.612213
1981-06-28,31.5,-25.0,23.563446
1981-06-29,31.5,-25.0,20.119507
1981-06-30,31.5,-25.0,26.167603
1981-07-01,31.5,-25.0,20.59729
1981-07-02,31.5,-25.0,20.366669
1981-07-03,31.5,-25.0,21.315643
1981-07-04,31.5,-25.0,22.007507
1981-07-05,31.5,-25.0,24.130371
1981-07-06,31.5,-25.0,24.646454
1981-07-07,31.5,-25.0,26.669128
1981-07-08,31.5,-25.0,20.36856
1981-07-09,31.5,-25.0,18.336426
1981-07-10,31.5,-25.0,21.846832
1981-07-11,31.5,-25.0,25.793884
1981-07-12,31.5,-25.0,23.400696
1981-07-13,31.5,-25.0,28.672913
1981-07-14,31.5,-25.0,20.56894
1981-07-15,31.5,-25.0,24.026398
1981-07-16,31.5,-25.0,24.162506
1981-07-17,31.5,-25.0,28.614288
1981-07-18,31.5,-25.0,23.005615
1981-07-19,31.5,-25.0,26.888397
1981-07-20,31.5,-25.0,27.427155
1981-07-21,31.5,-25.0,19.472534
1981-07-22,31.5,-25.0,25.253235
1981-07-23,31.5,-25.0,26.999939
1981-07-24,31.5,-25.0,22.086884
1981-07-25,31.5,-25.0,17.332642
1981-07-26,31.5,-25.0,19.483887
1981-07-27,31.5,-25.0,22.737183
1981-07-28,31.5,-25.0,25.430939
1981-07-29,31.5,-25.0,26.032074
1981-07-30,31.5,-25.0,21.262695
1981-07-31,31.5,-25.0,20.209778
1981-08-01,31.5,-25.0,24.381134
1981-08-02,31.5,-25.0,25.754578
1981-08-03,31.5,-25.0,27.869263
1981-08-04,31.5,-25.0,30.756592
1981-08-05,31.5,-25.0,22.54187
1981-08-06,31.5,-25.0,21.13147
1981-08-07,31.5,-25.0,24.438446
1981-08-08,31.5,-25.0,28.353546
1981-08-09,31.5,-25.0,26.094696
1981-08-10,31.5,-25.0,25.177826
1981-08-11,31.5,-25.0,29.120667
1981-08-12,31.5,-25.0,23.989258
1981-08-13,31.5,-25.0,24.187042
1981-08-14,31.5,-25.0,16.386383
1981-08-15,31.5,-25.0,16.011139
1981-08-16,31.5,-25.0,22.863525
1981-08-17,31.5,-25.0,20.353271
1981-08-18,31.5,-25.0,15.452911
1981-08-19,31.5,-25.0,15.305023
1981-08-20,31.5,-25.0,22.220245
1981-08-21,31.5,-25.0,18.123962
1981-08-22,31.5,-25.0,20.4346
1981-08-23,31.5,-25.0,21.066772
1981-08-24,31.5,-25.0,22.796967
1981-08-25,31.5,-25.0,26.12796
1981-08-26,31.5,-25.0,27.569794
1981-08-27,31.5,-25.0,31.529266
1981-08-28,31.5,-25.0,20.893036
1981-08-29,31.5,-25.0,17.099915
1981-08-30,31.5,-25.0,16.996399
1981-08-31,31.5,-25.0,21.390259
1981-09-01,31.5,-25.0,16.305939
1981-09-02,31.5,-25.0,17.979431
1981-09-03,31.5,-25.0,17.957
1981-09-04,31.5,-25.0,19.241547
1981-09-05,31.5,-25.0,19.94461
1981-09-06,31.5,-25.0,21.662964
1981-09-07,31.5,-25.0,25.67746
1981-09-08,31.5,-25.0,30.086456
1981-09-09,31.5,-25.0,25.037964
1981-09-10,31.5,-25.0,15.851593
1981-09-11,31.5,-25.0,13.504974
1981-09-12,31.5,-25.0,16.934204
1981-09-13,31.5,-25.0,22.452026
1981-09-14,31.5,-25.0,26.778778
1981-09-15,31.5,-25.0,32.563965
1981-09-16,31.5,-25.0,32.937927
1981-09-17,31.5,-25.0,31.81604
1981-09-18,31.5,-25.0,24.785553
1981-09-19,31.5,-25.0,32.34146
1981-09-20,31.5,-25.0,24.873444
1981-09-21,31.5,-25.0,26.851685
1981-09-22,31.5,-25.0,26.877869
1981-09-23,31.5,-25.0,35.82492
1981-09-24,31.5,-25.0,22.92508
1981-09-25,31.5,-25.0,28.39801
1981-09-26,31.5,-25.0,35.30136
1981-09-27,31.5,-25.0,25.468018
1981-09-28,31.5,-25.0,23.762756
1981-09-29,31.5,-25.0,21.960266
1981-09-30,31.5,-25.0,18.467468
1981-10-01,31.5,-25.0,28.859924
1981-10-02,31.5,-25.0,30.957367
1981-10-03,31.5,-25.0,24.215363
1981-10-04,31.5,-25.0,16.516907
1981-10-05,31.5,-25.0,25.876526
1981-10-06,31.5,-25.0,21.861176
1981-10-07,31.5,-25.0,28.591461
1981-10-08,31.5,-25.0,21.287323
1981-10-09,31.5,-25.0,26.168488
1981-10-10,31.5,-25.0,20.872864
1981-10-11,31.5,-25.0,17.51529
1981-10-12,31.5,-25.0,20.411438
1981-10-13,31.5,-25.0,23.409943
1981-10-14,31.5,-25.0,27.799469
1981-10-15,31.5,-25.0,29.249237
1981-10-16,31.5,-25.0,31.70575
1981-10-17,31.5,-25.0,23.60962
1981-10-18,31.5,-25.0,18.563995
1981-10-19,31.5,-25.0,20.869507
1981-10-20,31.5,-25.0,22.597809
1981-10-21,31.5,-25.0,24.069366
1981-10-22,31.5,-25.0,29.042847
1981-10-23,31.5,-25.0,34.50122
1981-10-24,31.5,-25.0,16.538727
1981-10-25,31.5,-25.0,18.357635
1981-10-26,31.5,-25.0,21.45514
1981-10-27,31.5,-25.0,25.690277
1981-10-28,31.5,-25.0,21.881317
1981-10-29,31.5,-25.0,29.182098
1981-10-30,31.5,-25.0,20.33258
1981-10-31,31.5,-25.0,27.655151
1981-11-01,31.5,-25.0,28.01355
1981-11-02,31.5,-25.0,29.593231
1981-11-03,31.5,-25.0,35.097748
1981-11-04,31.5,-25.0,33.285645
1981-11-05,31.5,-25.0,37.85733
1981-11-06,31.5,-25.0,30.34082
1981-11-07,31.5,-25.0,30.930756
1981-11-08,31.5,-25.0,32.924866
1981-11-09,31.5,-25.0,26.011292
1981-11-10,31.5,-25.0,24.789154
1981-11-11,31.5,-25.0,32.01477
1981-11-12,31.5,-25.0,31.904236
1981-11-13,31.5,-25.0,29.825623
1981-11-14,31.5,-25.0,31.993622
1981-11-15,31.5,-25.0,35.36429
1981-11-16,31.5,-25.0,35.879456
1981-11-17,31.5,-25.0,35.378906
1981-11-18,31.5,-25.0,24.823303
1981-11-19,31.5,-25.0,32.22278
1981-11-20,31.5,-25.0,21.876831
1981-11-21,31.5,-25.0,28.085052
1981-11-22,31.5,-25.0,32.913483
1981-11-23,31.5,-25.0,29.279572
1981-11-24,31.5,-25.0,20.904938
1981-11-25,31.5,-25.0,20.407654
1981-11-26,31.5,-25.0,27.55362
1981-11-27,31.5,-25.0,26.953918
1981-11-28,31.5,-25.0,26.477722
1981-11-29,31.5,-25.0,30.149048
1981-11-30,31.5,-25.0,22.902313
1981-12-01,31.5,-25.0,22.474579
1981-12-02,31.5,-25.0,24.602661
1981-12-03,31.5,-25.0,23.221436
1981-12-04,31.5,-25.0,23.266724
1981-12-05,31.5,-25.0,25.440155
1981-12-06,31.5,-25.0,26.51593
1981-12-07,31.5,-25.0,30.298828
1981-12-08,31.5,-25.0,25.785889
1981-12-09,31.5,-25.0,21.51123
1981-12-10,31.5,-25.0,23.025055
1981-12-11,31.5,-25.0,25.765747
1981-12-12,31.5,-25.0,30.157867
1981-12-13,31.5,-25.0,31.841217
1981-12-14,31.5,-25.0,30.206543
1981-12-15,31.5,-25.0,34.759766
1981-12-16,31.5,-25.0,29.137451
1981-12-17,31.5,-25.0,30.47171
1981-12-18,31.5,-25.0,31.121216
1981-12-19,31.5,-25.0,37.461853
1981-12-20,31.5,-25.0,37.19165
1981-12-21,31.5,-25.0,36.094025
1981-12-22,31.5,-25.0,28.192566
1981-12-23,31.5,-25.0,32.814636
1981-12-24,31.5,-25.0,36.63446
1981-12-25,31.5,-25.0,29.080383
1981-12-26,31.5,-25.0,30.048767
1981-12-27,31.5,-25.0,19.86145
1981-12-28,31.5,-25.0,26.252441
1981-12-29,31.5,-25.0,30.087372
1981-12-30,31.5,-25.0,32.57965
1981-12-31,31.5,-25.0,24.839325
1982-01-01,31.5,-25.0,32.73004
1982-01-02,31.5,-25.0,25.948364
1982-01-03,31.5,-25.0,25.70343
1982-01-04,31.5,-25.0,25.625183
1982-01-05,31.5,-25.0,29.331543
1982-01-06,31.5,-25.0,29.533966
1982-01-07,31.5,-25.0,32.012238
1982-01-08,31.5,-25.0,34.47351
1982-01-09,31.5,-25.0,28.482788
1982-01-10,31.5,-25.0,29.872437
1982-01-11,31.5,-25.0,33.44104
1982-01-12,31.5,-25.0,33.401917
1982-01-13,31.5,-25.0,31.908478
1982-01-14,31.5,-25.0,31.488342
1982-01-15,31.5,-25.0,37.10315
1982-01-16,31.5,-25.0,38.50473
1982-01-17,31.5,-25.0,26.674683
1982-01-18,31.5,-25.0,31.051208
1982-01-19,31.5,-25.0,33.07361
1982-01-20,31.5,-25.0,35.545105
1982-01-21,31.5,-25.0,36.35135
1982-01-22,31.5,-25.0,25.00946
1982-01-23,31.5,-25.0,25.131927
1982-01-24,31.5,-25.0,29.55777
1982-01-25,31.5,-25.0,30.22113
1982-01-26,31.5,-25.0,28.176605
1982-01-27,31.5,-25.0,26.184814
1982-01-28,31.5,-25.0,28.0065
1982-01-29,31.5,-25.0,27.97931
1982-01-30,31.5,-25.0,28.74643
1982-01-31,31.5,-25.0,29.836731
1982-02-01,31.5,-25.0,30.477997
1982-02-02,31.5,-25.0,31.715973
1982-02-03,31.5,-25.0,32.13501
1982-02-04,31.5,-25.0,31.663177
1982-02-05,31.5,-25.0,35.044342
1982-02-06,31.5,-25.0,28.848206
1982-02-07,31.5,-25.0,29.98059
1982-02-08,31.5,-25.0,31.621582
1982-02-09,31.5,-25.0,34.654083
1982-02-10,31.5,-25.0,37.48346
1982-02-11,31.5,-25.0,24.500977
1982-02-12,31.5,-25.0,27.002472
1982-02-13,31.5,-25.0,31.723969
1982-02-14,31.5,-25.0,29.58554
1982-02-15,31.5,-25.0,30.250885
1982-02-16,31.5,-25.0,32.82437
1982-02-17,31.5,-25.0,30.516388
1982-02-18,31.5,-25.0,29.358398
1982-02-19,31.5,-25.0,25.403046
1982-02-20,31.5,-25.0,24.964813
1982-02-21,31.5,-25.0,28.592285
1982-02-22,31.5,-25.0,31.624786
1982-02-23,31.5,-25.0,30.889069
1982-02-24,31.5,-25.0,31.90628
1982-02-25,31.5,-25.0,35.233093
1982-02-26,31.5,-25.0,31.821533
1982-02-27,31.5,-25.0,32.42929
1982-02-28,31.5,-25.0,31.68396
1982-03-01,31.5,-25.0,32.22995
1982-03-02,31.5,-25.0,33.67856
1982-03-03,31.5,-25.0,33.83377
1982-03-04,31.5,-25.0,28.337646
1982-03-05,31.5,-25.0,24.188385
1982-03-06,31.5,-25.0,25.657684
1982-03-07,31.5,-25.0,28.515259
1982-03-08,31.5,-25.0,29.365479
1982-03-09,31.5,-25.0,28.51355
1982-03-10,31.5,-25.0,30.205322
1982-03-11,31.5,-25.0,33.42505
1982-03-12,31.5,-25.0,31.259033
1982-03-13,31.5,-25.0,31.693604
1982-03-14,31.5,-25.0,31.58841
1982-03-15,31.5,-25.0,28.94812
1982-03-16,31.5,-25.0,31.579773
1982-03-17,31.5,-25.0,33.88379
1982-03-18,31.5,-25.0,30.8779
1982-03-19,31.5,-25.0,30.088043
1982-03-20,31.5,-25.0,34.509796
1982-03-21,31.5,-25.0,26.851074
1982-03-22,31.5,-25.0,29.146454
1982-03-23,31.5,-25.0,32.311005
1982-03-24,31.5,-25.0,32.238556
1982-03-25,31.5,-25.0,30.67096
1982-03-26,31.5,-25.0,31.61084
1982-03-27,31.5,-25.0,36.158447
1982-03-28,31.5,-25.0,36.670654
1982-03-29,31.5,-25.0,24.852325
1982-03-30,31.5,-25.0,31.8609
1982-03-31,31.5,-25.0,24.702301
1982-04-01,31.5,-25.0,32.751648
1982-04-02,31.5,-25.0,28.206787
1982-04-03,31.5,-25.0,25.987885
1982-04-04,31.5,-25.0,25.24762
1982-04-05,31.5,-25.0,25.446991
1982-04-06,31.5,-25.0,27.446228
1982-04-07,31.5,-25.0,28.954407
1982-04-08,31.5,-25.0,32.847656
1982-04-09,31.5,-25.0,25.13501
1982-04-10,31.5,-25.0,28.572296
1982-04-11,31.5,-25.0,31.79541
1982-04-12,31.5,-25.0,25.116547
1982-04-13,31.5,-25.0,23.479156
1982-04-14,31.5,-25.0,27.293
1982-04-15,31.5,-25.0,30.163544
1982-04-16,31.5,-25.0,30.728424
1982-04-17,31.5,-25.0,32.539368
1982-04-18,31.5,-25.0,20.071411
1982-04-19,31.5,-25.0,27.088104
1982-04-20,31.5,-25.0,26.0654
1982-04-21,31.5,-25.0,25.830963
1982-04-22,31.5,-25.0,23.366547
1982-04-23,31.5,-25.0,21.346985
1982-04-24,31.5,-25.0,22.27185
1982-04-25,31.5,-25.0,23.311157
1982-04-26,31.5,-25.0,26.211243
1982-04-27,31.5,-25.0,29.91803
1982-04-28,31.5,-25.0,31.25824
1982-04-29,31.5,-25.0,28.764282
1982-04-30,31.5,-25.0,24.044037
1982-05-01,31.5,-25.0,22.03247
1982-05-02,31.5,-25.0,21.66626
1982-05-03,31.5,-25.0,22.213715
1982-05-04,31.5,-25.0,22.306213
1982-05-05,31.5,-25.0,23.388184
1982-05-06,31.5,-25.0,24.03183
1982-05-07,31.5,-25.0,24.048462
1982-05-08,31.5,-25.0,24.516388
1982-05-09,31.5,-25.0,23.730347
1982-05-10,31.5,-25.0,26.23648
1982-05-11,31.5,-25.0,27.799347
1982-05-12,31.5,-25.0,24.736511
1982-05-13,31.5,-25.0,27.97873
1982-05-14,31.5,-25.0,27.904755
1982-05-15,31.5,-25.0,27.795624
1982-05-16,31.5,-25.0,28.483673
1982-05-17,31.5,-25.0,30.194489
1982-05-18,31.5,-25.0,26.61377
1982-05-19,31.5,-25.0,24.459076
1982-05-20,31.5,-25.0,28.34494
1982-05-21,31.5,-25.0,29.76538
1982-05-22,31.5,-25.0,30.137146
1982-05-23,31.5,-25.0,22.034332
1982-05-24,31.5,-25.0,28.054565
1982-05-25,31.5,-25.0,23.704468
1982-05-26,31.5,-25.0,24.501617
1982-05-27,31.5,-25.0,18.248322
1982-05-28,31.5,-25.0,18.710693
1982-05-29,31.5,-25.0,24.618134
1982-05-30,31.5,-25.0,24.629211
1982-05-31,31.5,-25.0,20.933838
1982-06-01,31.5,-25.0,21.416412
1982-06-02,31.5,-25.0,22.406677
1982-06-03,31.5,-25.0,21.648285
1982-06-04,31.5,-25.0,23.33609
1982-06-05,31.5,-25.0,23.796051
1982-06-06,31.5,-25.0,25.829773
1982-06-07,31.5,-25.0,20.042236
1982-06-08,31.5,-25.0,20.422363
1982-06-09,31.5,-25.0,21.237762
1982-06-10,31.5,-25.0,24.90036
1982-06-11,31.5,-25.0,25.088531
1982-06-12,31.5,-25.0,24.119171
1982-06-13,31.5,-25.0,25.075226
1982-06-14,31.5,-25.0,24.206604
1982-06-15,31.5,-25.0,26.348663
1982-06-16,31.5,-25.0,21.760437
1982-06-17,31.5,-25.0,26.084473
1982-06-18,31.5,-25.0,20.047913
1982-06-19,31.5,-25.0,20.032715
1982-06-20,31.5,-25.0,20.348236
1982-06-21,31.5,-25.0,23.818878
1982-06-22,31.5,-25.0,26.783936
1982-06-23,31.5,-25.0,20.399536
1982-06-24,31.5,-25.0,25.569397
1982-06-25,31.5,-25.0,26.514038
1982-06-26,31.5,-25.0,25.366028
1982-06-27,31.5,-25.0,21.697723
1982-06-28,31.5,-25.0,22.929352
1982-06-29,31.5,-25.0,22.895142
1982-06-30,31.5,-25.0,23.24295
1982-07-01,31.5,-25.0,26.008423
1982-07-02,31.5,-25.0,27.634857
1982-07-03,31.5,-25.0,18.17926
1982-07-04,31.5,-25.0,20.536865
1982-07-05,31.5,-25.0,21.684814
1982-07-06,31.5,-25.0,21.719543
1982-07-07,31.5,-25.0,23.110596
1982-07-08,31.5,-25.0,23.548553
1982-07-09,31.5,-25.0,24.248901
1982-07-10,31.5,-25.0,24.646332
1982-07-11,31.5,-25.0,22.529877
1982-07-12,31.5,-25.0,27.773743
1982-07-13,31.5,-25.0,21.73883
1982-07-14,31.5,-25.0,19.52591
1982-07-15,31.5,-25.0,20.818573
1982-07-16,31.5,-25.0,19.747803
1982-07-17,31.5,-25.0,21.607666
1982-07-18,31.5,-25.0,22.659119
1982-07-19,31.5,-25.0,22.861694
1982-07-20,31.5,-25.0,23.14917
1982-07-21,31.5,-25.0,24.804535
1982-07-22,31.5,-25.0,25.969849
1982-07-23,31.5,-25.0,29.811127
1982-07-24,31.5,-25.0,24.505493
1982-07-25,31.5,-25.0,23.176178
1982-07-26,31.5,-25.0,22.352356
1982-07-27,31.5,-25.0,25.898468
1982-07-28,31.5,-25.0,26.095245
1982-07-29,31.5,-25.0,29.921082
1982-07-30,31.5,-25.0,23.139526
1982-07-31,31.5,-25.0,25.717102
1982-08-01,31.5,-25.0,29.835754
1982-08-02,31.5,-25.0,20.6586
1982-08-03,31.5,-25.0,23.437195
1982-08-04,31.5,-25.0,26.975555
1982-08-05,31.5,-25.0,27.014404
1982-08-06,31.5,-25.0,17.77118
1982-08-07,31.5,-25.0,20.186432
1982-08-08,31.5,-25.0,21.785583
1982-08-09,31.5,-25.0,24.787628
1982-08-10,31.5,-25.0,25.60373
1982-08-11,31.5,-25.0,30.11557
1982-08-12,31.5,-25.0,23.666473
1982-08-13,31.5,-25.0,22.599731
1982-08-14,31.5,-25.0,24.068695
1982-08-15,31.5,-25.0,26.38095
1982-08-16,31.5,-25.0,24.816772
1982-08-17,31.5,-25.0,26.344025
1982-08-18,31.5,-25.0,27.97818
1982-08-19,31.5,-25.0,24.286316
1982-08-20,31.5,-25.0,28.586365
1982-08-21,31.5,-25.0,31.51651
1982-08-22,31.5,-25.0,20.767395
1982-08-23,31.5,-25.0,19.875519
1982-08-24,31.5,-25.0,24.740997
1982-08-25,31.5,-25.0,21.61847
1982-08-26,31.5,-25.0,23.648987
1982-08-27,31.5,-25.0,26.789001
1982-08-28,31.5,-25.0,32.02173
1982-08-29,31.5,-25.0,31.180359
1982-08-30,31.5,-25.0,28.015076
1982-08-31,31.5,-25.0,31.578705
1982-09-01,31.5,-25.0,28.883667
1982-09-02,31.5,-25.0,20.448944
1982-09-03,31.5,-25.0,22.982117
1982-09-04,31.5,-25.0,21.788055
1982-09-05,31.5,-25.0,17.358948
1982-09-06,31.5,-25.0,22.860535
1982-09-07,31.5,-25.0,25.032959
1982-09-08,31.5,-25.0,22.356659
1982-09-09,31.5,-25.0,23.740875
1982-09-10,31.5,-25.0,26.51715
1982-09-11,31.5,-25.0,27.781769
1982-09-12,31.5,-25.0,30.03653
1982-09-13,31.5,-25.0,30.02475
1982-09-14,31.5,-25.0,29.550293
1982-09-15,31.5,-25.0,29.662048
1982-09-16,31.5,-25.0,30.76001
1982-09-17,31.5,-25.0,31.461914
1982-09-18,31.5,-25.0,27.403381
1982-09-19,31.5,-25.0,28.25232
1982-09-20,31.5,-25.0,30.634521
1982-09-21,31.5,-25.0,28.989532
1982-09-22,31.5,-25.0,20.48816
1982-09-23,31.5,-25.0,24.238892
1982-09-24,31.5,-25.0,24.650604
1982-09-25,31.5,-25.0,29.026794
1982-09-26,31.5,-25.0,25.079987
1982-09-27,31.5,-25.0,27.652374
1982-09-28,31.5,-25.0,29.360107
1982-09-29,31.5,-25.0,28.736603
1982-09-30,31.5,-25.0,29.399323
1982-10-01,31.5,-25.0,27.588318
1982-10-02,31.5,-25.0,27.149567
1982-10-03,31.5,-25.0,28.476135
1982-10-04,31.5,-25.0,28.44159
1982-10-05,31.5,-25.0,30.314026
1982-10-06,31.5,-25.0,32.497345
1982-10-07,31.5,-25.0,34.57187
1982-10-08,31.5,-25.0,35.910522
1982-10-09,31.5,-25.0,20.663483
1982-10-10,31.5,-25.0,17.911865
1982-10-11,31.5,-25.0,26.498383
1982-10-12,31.5,-25.0,21.69989
1982-10-13,31.5,-25.0,27.438019
1982-10-14,31.5,-25.0,29.66455
1982-10-15,31.5,-25.0,35.140137
1982-10-16,31.5,-25.0,23.003998
1982-10-17,31.5,-25.0,23.454834
1982-10-18,31.5,-25.0,25.512054
1982-10-19,31.5,-25.0,25.556976
1982-10-20,31.5,-25.0,31.231232
1982-10-21,31.5,-25.0,20.00882
1982-10-22,31.5,-25.0,22.135162
1982-10-23,31.5,-25.0,23.166382
1982-10-24,31.5,-25.0,27.932037
1982-10-25,31.5,-25.0,29.747467
1982-10-26,31.5,-25.0,33.988037
1982-10-27,31.5,-25.0,24.56723
1982-10-28,31.5,-25.0,17.828949
1982-10-29,31.5,-25.0,20.827576
1982-10-30,31.5,-25.0,29.76474
1982-10-31,31.5,-25.0,31.18631
1982-11-01,31.5,-25.0,21.938568
1982-11-02,31.5,-25.0,18.522278
1982-11-03,31.5,-25.0,27.11557
1982-11-04,31.5,-25.0,32.13037
1982-11-05,31.5,-25.0,31.966675
1982-11-06,31.5,-25.0,34.255554
1982-11-07,31.5,-25.0,29.974335
1982-11-08,31.5,-25.0,33.492584
1982-11-09,31.5,-25.0,37.769165
1982-11-10,31.5,-25.0,23.86914
1982-11-11,31.5,-25.0,32.30182
1982-11-12,31.5,-25.0,24.880737
1982-11-13,31.5,-25.0,21.095306
1982-11-14,31.5,-25.0,25.177277
1982-11-15,31.5,-25.0,26.014374
1982-11-16,31.5,-25.0,28.732605
1982-11-17,31.5,-25.0,27.881622
1982-11-18,31.5,-25.0,33.63159
1982-11-19,31.5,-25.0,35.696503
1982-11-20,31.5,-25.0,38.11667
1982-11-21,31.5,-25.0,27.54956
1982-11-22,31.5,-25.0,22.15326
1982-11-23,31.5,-25.0,25.717834
1982-11-24,31.5,-25.0,34.511932
1982-11-25,31.5,-25.0,26.979645
1982-11-26,31.5,-25.0,35.74286
1982-11-27,31.5,-25.0,20.403412
1982-11-28,31.5,-25.0,24.610474
1982-11-29,31.5,-25.0,29.535706
1982-11-30,31.5,-25.0,30.508728
1982-12-01,31.5,-25.0,27.037323
1982-12-02,31.5,-25.0,28.390808
1982-12-03,31.5,-25.0,30.624329
1982-12-04,31.5,-25.0,32.303467
1982-12-05,31.5,-25.0,35.358307
1982-12-06,31.5,-25.0,37.069214
1982-12-07,31.5,-25.0,31.911102
1982-12-08,31.5,-25.0,34.211334
1982-12-09,31.5,-25.0,22.20169
1982-12-10,31.5,-25.0,29.583832
1982-12-11,31.5,-25.0,28.319305
1982-12-12,31.5,-25.0,26.443207
1982-12-13,31.5,-25.0,33.785614
1982-12-14,31.5,-25.0,26.406677
1982-12-15,31.5,-25.0,27.30423
1982-12-16,31.5,-25.0,38.279694
1982-12-17,31.5,-25.0,32.64978
1982-12-18,31.5,-25.0,38.762634
1982-12-19,31.5,-25.0,33.177185
1982-12-20,31.5,-25.0,33.628326
1982-12-21,31.5,-25.0,36.950043
1982-12-22,31.5,-25.0,38.05887
1982-12-23,31.5,-25.0,37.369446
1982-12-24,31.5,-25.0,29.240692
1982-12-25,31.5,-25.0,38.090668
1982-12-26,31.5,-25.0,23.36612
1982-12-27,31.5,-25.0,35.992157
1982-12-28,31.5,-25.0,26.459106
1982-12-29,31.5,-25.0,31.49646
1982-12-30,31.5,-25.0,35.8714
1982-12-31,31.5,-25.0,28.5719
1983-01-01,31.5,-25.0,27.322662
1983-01-02,31.5,-25.0,30.068146
1983-01-03,31.5,-25.0,34.689606
1983-01-04,31.5,-25.0,37.36673
1983-01-05,31.5,-25.0,38.4317
1983-01-06,31.5,-25.0,27.58319
1983-01-07,31.5,-25.0,26.77713
1983-01-08,31.5,-25.0,34.33136
1983-01-09,31.5,-25.0,35.269318
1983-01-10,31.5,-25.0,36.332672
1983-01-11,31.5,-25.0,41.141388
1983-01-12,31.5,-25.0,34.691223
1983-01-13,31.5,-25.0,27.965881
1983-01-14,31.5,-25.0,26.549164
1983-01-15,31.5,-25.0,25.679565
1983-01-16,31.5,-25.0,28.749146
1983-01-17,31.5,-25.0,29.24582
1983-01-18,31.5,-25.0,29.696869
1983-01-19,31.5,-25.0,33.123077
1983-01-20,31.5,-25.0,33.276123
1983-01-21,31.5,-25.0,35.17325
1983-01-22,31.5,-25.0,38.69876
1983-01-23,31.5,-25.0,24.29541
1983-01-24,31.5,-25.0,27.322662
1983-01-25,31.5,-25.0,30.745575
1983-01-26,31.5,-25.0,31.5484
1983-01-27,31.5,-25.0,31.478363
1983-01-28,31.5,-25.0,33.163788
1983-01-29,31.5,-25.0,35.997223
1983-01-30,31.5,-25.0,33.27289
1983-01-31,31.5,-25.0,35.754578
1983-02-01,31.5,-25.0,36.66873
1983-02-02,31.5,-25.0,38.764618
1983-02-03,31.5,-25.0,28.956573
1983-02-04,31.5,-25.0,38.08667
1983-02-05,31.5,-25.0,24.560608
1983-02-06,31.5,-25.0,31.072083
1983-02-07,31.5,-25.0,37.412018
1983-02-08,31.5,-25.0,26.636902
1983-02-09,31.5,-25.0,31.348145
1983-02-10,31.5,-25.0,33.07321
1983-02-11,31.5,-25.0,36.667084
1983-02-12,31.5,-25.0,34.02231
1983-02-13,31.5,-25.0,22.884552
1983-02-14,31.5,-25.0,22.461456
1983-02-15,31.5,-25.0,25.599579
1983-02-16,31.5,-25.0,28.523682
1983-02-17,31.5,-25.0,30.724121
1983-02-18,31.5,-25.0,30.792725
1983-02-19,31.5,-25.0,31.295868
1983-02-20,31.5,-25.0,29.815857
1983-02-21,31.5,-25.0,30.490509
1983-02-22,31.5,-25.0,35.528473
1983-02-23,31.5,-25.0,27.97644
1983-02-24,31.5,-25.0,31.861084
1983-02-25,31.5,-25.0,36.61972
1983-02-26,31.5,-25.0,34.532013
1983-02-27,31.5,-25.0,36.76349
1983-02-28,31.5,-25.0,26.166412
1983-03-01,31.5,-25.0,25.639954
1983-03-02,31.5,-25.0,32.13208
1983-03-03,31.5,-25.0,36.011017
1983-03-04,31.5,-25.0,27.426514
1983-03-05,31.5,-25.0,34.052002
1983-03-06,31.5,-25.0,31.157898
1983-03-07,31.5,-25.0,34.921295
1983-03-08,31.5,-25.0,36.16214
1983-03-09,31.5,-25.0,26.103912
1983-03-10,31.5,-25.0,22.717407
1983-03-11,31.5,-25.0,25.519073
1983-03-12,31.5,-25.0,27.197205
1983-03-13,31.5,-25.0,28.852234
1983-03-14,31.5,-25.0,30.418396
1983-03-15,31.5,-25.0,31.209473
1983-03-16,31.5,-25.0,28.523376
1983-03-17,31.5,-25.0,29.840637
1983-03-18,31.5,-25.0,34.99417
1983-03-19,31.5,-25.0,23.078278
1983-03-20,31.5,-25.0,28.235382
1983-03-21,31.5,-25.0,31.7641
1983-03-22,31.5,-25.0,27.245209
1983-03-23,31.5,-25.0,32.750732
1983-03-24,31.5,-25.0,30.517944
1983-03-25,31.5,-25.0,30.791718
1983-03-26,31.5,-25.0,34.172882
1983-03-27,31.5,-25.0,29.113556
1983-03-28,31.5,-25.0,30.46106
1983-03-29,31.5,-25.0,30.731262
1983-03-30,31.5,-25.0,30.299286
1983-03-31,31.5,-25.0,30.839691
1983-04-01,31.5,-25.0,30.455261
1983-04-02,31.5,-25.0,30.786407
1983-04-03,31.5,-25.0,30.534943
1983-04-04,31.5,-25.0,34.244904
1983-04-05,31.5,-25.0,33.10623
1983-04-06,31.5,-25.0,25.983826
1983-04-07,31.5,-25.0,24.963806
1983-04-08,31.5,-25.0,25.7164
1983-04-09,31.5,-25.0,29.148346
1983-04-10,31.5,-25.0,30.269318
1983-04-11,31.5,-25.0,30.327759
1983-04-12,31.5,-25.0,30.341919
1983-04-13,31.5,-25.0,33.136353
1983-04-14,31.5,-25.0,33.740204
1983-04-15,31.5,-25.0,33.46573
1983-04-16,31.5,-25.0,33.244354
1983-04-17,31.5,-25.0,33.837616
1983-04-18,31.5,-25.0,33.51001
1983-04-19,31.5,-25.0,27.504974
1983-04-20,31.5,-25.0,24.590149
1983-04-21,31.5,-25.0,29.91867
1983-04-22,31.5,-25.0,31.383179
1983-04-23,31.5,-25.0,30.802338
1983-04-24,31.5,-25.0,23.819824
1983-04-25,31.5,-25.0,25.615479
1983-04-26,31.5,-25.0,26.7984
1983-04-27,31.5,-25.0,28.631256
1983-04-28,31.5,-25.0,31.259216
1983-04-29,31.5,-25.0,33.59854
1983-04-30,31.5,-25.0,34.344086
1983-05-01,31.5,-25.0,32.86505
1983-05-02,31.5,-25.0,29.123413
1983-05-03,31.5,-25.0,30.90628
1983-05-04,31.5,-25.0,23.728516
1983-05-05,31.5,-25.0,25.024475
1983-05-06,31.5,-25.0,26.720337
1983-05-07,31.5,-25.0,26.166779
1983-05-08,31.5,-25.0,24.191345
1983-05-09,31.5,-25.0,27.27945
1983-05-10,31.5,-25.0,31.489471
1983-05-11,31.5,-25.0,22.3844
1983-05-12,31.5,-25.0,20.527466
1983-05-13,31.5,-25.0,24.83194
1983-05-14,31.5,-25.0,26.827698
1983-05-15,31.5,-25.0,31.922699
1983-05-16,31.5,-25.0,24.345001
1983-05-17,31.5,-25.0,22.804657
1983-05-18,31.5,-25.0,26.716614
1983-05-19,31.5,-25.0,29.430756
1983-05-20,31.5,-25.0,31.600555
1983-05-21,31.5,-25.0,33.85367
1983-05-22,31.5,-25.0,25.831665
1983-05-23,31.5,-25.0,22.902802
1983-05-24,31.5,-25.0,23.647034
1983-05-25,31.5,-25.0,24.85785
1983-05-26,31.5,-25.0,26.05014
1983-05-27,31.5,-25.0,19.040833
1983-05-28,31.5,-25.0,20.61264
1983-05-29,31.5,-25.0,22.197418
1983-05-30,31.5,-25.0,25.583588
1983-05-31,31.5,-25.0,22.33258
1983-06-01,31.5,-25.0,23.295898
1983-06-02,31.5,-25.0,24.42099
1983-06-03,31.5,-25.0,25.477905
1983-06-04,31.5,-25.0,20.077057
1983-06-05,31.5,-25.0,24.66565
1983-06-06,31.5,-25.0,24.306671
1983-06-07,31.5,-25.0,21.910095
1983-06-08,31.5,-25.0,22.567902
1983-06-09,31.5,-25.0,24.703766
1983-06-10,31.5,-25.0,21.33252
1983-06-11,31.5,-25.0,16.609558
1983-06-12,31.5,-25.0,17.247314
1983-06-13,31.5,-25.0,21.170074
1983-06-14,31.5,-25.0,22.922882
1983-06-15,31.5,-25.0,25.287354
1983-06-16,31.5,-25.0,27.351044
1983-06-17,31.5,-25.0,26.691223
1983-06-18,31.5,-25.0,19.264832
1983-06-19,31.5,-25.0,21.135986
1983-06-20,31.5,-25.0,21.938171
1983-06-21,31.5,-25.0,23.163544
1983-06-22,31.5,-25.0,23.933655
1983-06-23,31.5,-25.0,25.941162
1983-06-24,31.5,-25.0,25.022644
1983-06-25,31.5,-25.0,27.665894
1983-06-26,31.5,-25.0,20.067047
1983-06-27,31.5,-25.0,23.833374
1983-06-28,31.5,-25.0,24.386902
1983-06-29,31.5,-25.0,19.577698
1983-06-30,31.5,-25.0,23.20163
1983-07-01,31.5,-25.0,20.878113
1983-07-02,31.5,-25.0,19.847565
1983-07-03,31.5,-25.0,18.978973
1983-07-04,31.5,-25.0,20.70398
1983-07-05,31.5,-25.0,26.725342
1983-07-06,31.5,-25.0,18.920258
1983-07-07,31.5,-25.0,19.35556
1983-07-08,31.5,-25.0,24.342316
1983-07-09,31.5,-25.0,21.386292
1983-07-10,31.5,-25.0,25.549011
1983-07-11,31.5,-25.0,24.111511
1983-07-12,31.5,-25.0,27.348938
1983-07-13,31.5,-25.0,29.223755
1983-07-14,31.5,-25.0,30.422363
1983-07-15,31.5,-25.0,30.997375
1983-07-16,31.5,-25.0,21.803375
1983-07-17,31.5,-25.0,16.211273
1983-07-18,31.5,-25.0,16.988739
1983-07-19,31.5,-25.0,23.633667
1983-07-20,31.5,-25.0,25.747437
1983-07-21,31.5,-25.0,26.21106
1983-07-22,31.5,-25.0,28.023132
1983-07-23,31.5,-25.0,20.653381
1983-07-24,31.5,-25.0,17.612335
1983-07-25,31.5,-25.0,22.704346
1983-07-26,31.5,-25.0,25.423492
1983-07-27,31.5,-25.0,25.587463
1983-07-28,31.5,-25.0,24.1763
1983-07-29,31.5,-25.0,22.390533
1983-07-30,31.5,-25.0,19.043762
1983-07-31,31.5,-25.0,23.070831
1983-08-01,31.5,-25.0,23.712372
1983-08-02,31.5,-25.0,25.858704
1983-08-03,31.5,-25.0,27.456177
1983-08-04,31.5,-25.0,24.843567
1983-08-05,31.5,-25.0,29.999908
1983-08-06,31.5,-25.0,31.001282
1983-08-07,31.5,-25.0,22.307709
1983-08-08,31.5,-25.0,17.14151
1983-08-09,31.5,-25.0,17.202515
1983-08-10,31.5,-25.0,20.399384
1983-08-11,31.5,-25.0,20.328583
1983-08-12,31.5,-25.0,24.005493
1983-08-13,31.5,-25.0,24.334045
1983-08-14,31.5,-25.0,26.240356
1983-08-15,31.5,-25.0,25.506561
1983-08-16,31.5,-25.0,22.663788
1983-08-17,31.5,-25.0,27.44635
1983-08-18,31.5,-25.0,20.657104
1983-08-19,31.5,-25.0,21.994904
1983-08-20,31.5,-25.0,25.866577
1983-08-21,31.5,-25.0,24.853424
1983-08-22,31.5,-25.0,22.000793
1983-08-23,31.5,-25.0,19.3331
1983-08-24,31.5,-25.0,18.703583
1983-08-25,31.5,-25.0,21.39093
1983-08-26,31.5,-25.0,27.507324
1983-08-27,31.5,-25.0,29.917297
1983-08-28,31.5,-25.0,31.49115
1983-08-29,31.5,-25.0,27.09616
1983-08-30,31.5,-25.0,21.16861
1983-08-31,31.5,-25.0,27.21222
1983-09-01,31.5,-25.0,27.801392
1983-09-02,31.5,-25.0,28.145477
1983-09-03,31.5,-25.0,29.411896
1983-09-04,31.5,-25.0,26.604523
1983-09-05,31.5,-25.0,20.900085
1983-09-06,31.5,-25.0,29.441162
1983-09-07,31.5,-25.0,31.613495
1983-09-08,31.5,-25.0,28.601166
1983-09-09,31.5,-25.0,26.573395
1983-09-10,31.5,-25.0,19.805695
1983-09-11,31.5,-25.0,24.953766
1983-09-12,31.5,-25.0,33.29718
1983-09-13,31.5,-25.0,38.650238
1983-09-14,31.5,-25.0,21.035522
1983-09-15,31.5,-25.0,21.833435
1983-09-16,31.5,-25.0,30.339752
1983-09-17,31.5,-25.0,25.219147
1983-09-18,31.5,-25.0,27.221252
1983-09-19,31.5,-25.0,20.753693
1983-09-20,31.5,-25.0,30.050598
1983-09-21,31.5,-25.0,31.522003
1983-09-22,31.5,-25.0,31.174286
1983-09-23,31.5,-25.0,28.676178
1983-09-24,31.5,-25.0,27.750153
1983-09-25,31.5,-25.0,29.583923
1983-09-26,31.5,-25.0,29.377106
1983-09-27,31.5,-25.0,34.45932
1983-09-28,31.5,-25.0,35.791626
1983-09-29,31.5,-25.0,36.986664
1983-09-30,31.5,-25.0,35.00467
1983-10-01,31.5,-25.0,35.091064
1983-10-02,31.5,-25.0,34.20175
1983-10-03,31.5,-25.0,35.55475
1983-10-04,31.5,-25.0,21.851898
1983-10-05,31.5,-25.0,21.836334
1983-10-06,31.5,-25.0,23.14087
1983-10-07,31.5,-25.0,21.89862
1983-10-08,31.5,-25.0,21.0318
1983-10-09,31.5,-25.0,24.071686
1983-10-10,31.5,-25.0,25.92987
1983-10-11,31.5,-25.0,27.154816
1983-10-12,31.5,-25.0,24.582092
1983-10-13,31.5,-25.0,26.436798
1983-10-14,31.5,-25.0,26.296661
1983-10-15,31.5,-25.0,28.244812
1983-10-16,31.5,-25.0,27.180786
1983-10-17,31.5,-25.0,28.810577
1983-10-18,31.5,-25.0,31.220703
1983-10-19,31.5,-25.0,22.806946
1983-10-20,31.5,-25.0,25.410828
1983-10-21,31.5,-25.0,25.58902
1983-10-22,31.5,-25.0,24.502502
1983-10-23,31.5,-25.0,30.391937
1983-10-24,31.5,-25.0,35.07895
1983-10-25,31.5,-25.0,20.284363
1983-10-26,31.5,-25.0,22.260223
1983-10-27,31.5,-25.0,25.118439
1983-10-28,31.5,-25.0,27.076965
1983-10-29,31.5,-25.0,35.807343
1983-10-30,31.5,-25.0,35.426697
1983-10-31,31.5,-25.0,23.32254
1983-11-01,31.5,-25.0,19.235626
1983-11-02,31.5,-25.0,28.334198
1983-11-03,31.5,-25.0,32.549866
1983-11-04,31.5,-25.0,30.185333
1983-11-05,31.5,-25.0,32.671326
1983-11-06,31.5,-25.0,25.326721
1983-11-07,31.5,-25.0,24.941254
1983-11-08,31.5,-25.0,32.18222
1983-11-09,31.5,-25.0,24.244843
1983-11-10,31.5,-25.0,29.176361
1983-11-11,31.5,-25.0,30.067108
1983-11-12,31.5,-25.0,23.68451
1983-11-13,31.5,-25.0,21.031677
1983-11-14,31.5,-25.0,25.580963
1983-11-15,31.5,-25.0,24.478058
1983-11-16,31.5,-25.0,26.303284
1983-11-17,31.5,-25.0,27.576263
1983-11-18,31.5,-25.0,28.104218
1983-11-19,31.5,-25.0,27.547089
1983-11-20,31.5,-25.0,29.633057
1983-11-21,31.5,-25.0,32.946655
1983-11-22,31.5,-25.0,28.632202
1983-11-23,31.5,-25.0,29.1958
1983-11-24,31.5,-25.0,32.779846
1983-11-25,31.5,-25.0,31.916626
1983-11-26,31.5,-25.0,32.141754
1983-11-27,31.5,-25.0,31.139252
1983-11-28,31.5,-25.0,28.941528
1983-11-29,31.5,-25.0,22.934662
1983-11-30,31.5,-25.0,29.006317
1983-12-01,31.5,-25.0,24.556519
1983-12-02,31.5,-25.0,30.117493
1983-12-03,31.5,-25.0,26.358215
1983-12-04,31.5,-25.0,27.874146
1983-12-05,31.5,-25.0,29.101288
1983-12-06,31.5,-25.0,30.63095
1983-12-07,31.5,-25.0,27.787048
1983-12-08,31.5,-25.0,27.780945
1983-12-09,31.5,-25.0,32.37152
1983-12-10,31.5,-25.0,27.603668
1983-12-11,31.5,-25.0,28.250092
1983-12-12,31.5,-25.0,28.308167
1983-12-13,31.5,-25.0,29.59793
1983-12-14,31.5,-25.0,30.53009
1983-12-15,31.5,-25.0,31.217773
1983-12-16,31.5,-25.0,35.099304
1983-12-17,31.5,-25.0,33.06073
1983-12-18,31.5,-25.0,23.602966
1983-12-19,31.5,-25.0,23.832184
1983-12-20,31.5,-25.0,27.270538
1983-12-21,31.5,-25.0,25.812683
1983-12-22,31.5,-25.0,28.908722
1983-12-23,31.5,-25.0,30.17099
1983-12-24,31.5,-25.0,31.593689
1983-12-25,31.5,-25.0,34.365784
1983-12-26,31.5,-25.0,31.595215
1983-12-27,31.5,-25.0,27.785522
1983-12-28,31.5,-25.0,27.736633
1983-12-29,31.5,-25.0,31.112335
1983-12-30,31.5,-25.0,32.31195
1983-12-31,31.5,-25.0,26.269592
1984-01-01,31.5,-25.0,32.89743
1984-01-02,31.5,-25.0,35.773346
1984-01-03,31.5,-25.0,25.982605
1984-01-04,31.5,-25.0,29.357147
1984-01-05,31.5,-25.0,31.003418
1984-01-06,31.5,-25.0,31.59964
1984-01-07,31.5,-25.0,33.84677
1984-01-08,31.5,-25.0,29.28592
1984-01-09,31.5,-25.0,32.257843
1984-01-10,31.5,-25.0,32.06891
1984-01-11,31.5,-25.0,35.090363
1984-01-12,31.5,-25.0,34.6521
1984-01-13,31.5,-25.0,24.224854
1984-01-14,31.5,-25.0,23.369965
1984-01-15,31.5,-25.0,26.55716
1984-01-16,31.5,-25.0,30.447418
1984-01-17,31.5,-25.0,31.4711
1984-01-18,31.5,-25.0,32.651215
1984-01-19,31.5,-25.0,31.03592
1984-01-20,31.5,-25.0,32.398773
1984-01-21,31.5,-25.0,35.071777
1984-01-22,31.5,-25.0,29.330841
1984-01-23,31.5,-25.0,29.124847
1984-01-24,31.5,-25.0,30.783508
1984-01-25,31.5,-25.0,32.514923
1984-01-26,31.5,-25.0,30.679749
1984-01-27,31.5,-25.0,32.195892
1984-01-28,31.5,-25.0,31.903198
1984-01-29,31.5,-25.0,26.253601
1984-01-30,31.5,-25.0,30.950745
1984-01-31,31.5,-25.0,29.093872
1984-02-01,31.5,-25.0,23.752045
1984-02-02,31.5,-25.0,29.362854
1984-02-03,31.5,-25.0,23.130249
1984-02-04,31.5,-25.0,24.684692
1984-02-05,31.5,-25.0,26.88562
1984-02-06,31.5,-25.0,26.11084
1984-02-07,31.5,-25.0,26.492462
1984-02-08,31.5,-25.0,35.143127
1984-02-09,31.5,-25.0,22.121918
1984-02-10,31.5,-25.0,22.381805
1984-02-11,31.5,-25.0,24.965973
1984-02-12,31.5,-25.0,26.069733
1984-02-13,31.5,-25.0,27.836365
1984-02-14,31.5,-25.0,28.861176
1984-02-15,31.5,-25.0,30.826843
1984-02-16,31.5,-25.0,29.579987
1984-02-17,31.5,-25.0,30.392578
1984-02-18,31.5,-25.0,32.141144
1984-02-19,31.5,-25.0,32.756348
1984-02-20,31.5,-25.0,30.162292
1984-02-21,31.5,-25.0,28.660492
1984-02-22,31.5,-25.0,27.872559
1984-02-23,31.5,-25.0,30.994629
1984-02-24,31.5,-25.0,29.918854
1984-02-25,31.5,-25.0,25.712769
1984-02-26,31.5,-25.0,27.235992
1984-02-27,31.5,-25.0,27.915344
1984-02-28,31.5,-25.0,28.584808
1984-02-29,31.5,-25.0,30.009308
1984-03-01,31.5,-25.0,31.846832
1984-03-02,31.5,-25.0,34.925476
1984-03-03,31.5,-25.0,34.387726
1984-03-04,31.5,-25.0,29.727722
1984-03-05,31.5,-25.0,30.888947
1984-03-06,31.5,-25.0,33.693695
1984-03-07,31.5,-25.0,30.39151
1984-03-08,31.5,-25.0,24.988708
1984-03-09,31.5,-25.0,23.3284
1984-03-10,31.5,-25.0,23.773712
1984-03-11,31.5,-25.0,25.015594
1984-03-12,31.5,-25.0,30.94104
1984-03-13,31.5,-25.0,26.990173
1984-03-14,31.5,-25.0,26.425537
1984-03-15,31.5,-25.0,27.309479
1984-03-16,31.5,-25.0,29.053833
1984-03-17,31.5,-25.0,29.821838
1984-03-18,31.5,-25.0,31.403168
1984-03-19,31.5,-25.0,32.92737
1984-03-20,31.5,-25.0,34.94229
1984-03-21,31.5,-25.0,34.22473
1984-03-22,31.5,-25.0,23.262848
1984-03-23,31.5,-25.0,21.103424
1984-03-24,31.5,-25.0,24.71817
1984-03-25,31.5,-25.0,25.775177
1984-03-26,31.5,-25.0,27.968231
1984-03-27,31.5,-25.0,24.839142
1984-03-28,31.5,-25.0,23.00238
1984-03-29,31.5,-25.0,23.067902
1984-03-30,31.5,-25.0,23.096466
1984-03-31,31.5,-25.0,24.731598
1984-04-01,31.5,-25.0,22.97055
1984-04-02,31.5,-25.0,23.861694
1984-04-03,31.5,-25.0,23.825989
1984-04-04,31.5,-25.0,25.602875
1984-04-05,31.5,-25.0,28.36737
1984-04-06,31.5,-25.0,29.556732
1984-04-07,31.5,-25.0,30.867554
1984-04-08,31.5,-25.0,31.949768
1984-04-09,31.5,-25.0,24.20636
1984-04-10,31.5,-25.0,25.610046
1984-04-11,31.5,-25.0,25.377869
1984-04-12,31.5,-25.0,27.595886
1984-04-13,31.5,-25.0,29.622833
1984-04-14,31.5,-25.0,26.365448
1984-04-15,31.5,-25.0,29.36029
1984-04-16,31.5,-25.0,28.578094
1984-04-17,31.5,-25.0,28.883484
1984-04-18,31.5,-25.0,24.502808
1984-04-19,31.5,-25.0,24.89212
1984-04-20,31.5,-25.0,25.288574
1984-04-21,31.5,-25.0,24.943909
1984-04-22,31.5,-25.0,25.549316
1984-04-23,31.5,-25.0,26.37793
1984-04-24,31.5,-25.0,26.235077
1984-04-25,31.5,-25.0,25.613617
1984-04-26,31.5,-25.0,29.287079
1984-04-27,31.5,-25.0,27.160156
1984-04-28,31.5,-25.0,22.193726
1984-04-29,31.5,-25.0,26.292236
1984-04-30,31.5,-25.0,24.51532
1984-05-01,31.5,-25.0,26.706696
1984-05-02,31.5,-25.0,27.24176
1984-05-03,31.5,-25.0,29.5195
1984-05-04,31.5,-25.0,30.522736
1984-05-05,31.5,-25.0,30.452148
1984-05-06,31.5,-25.0,31.403381
1984-05-07,31.5,-25.0,27.912445
1984-05-08,31.5,-25.0,23.914307
1984-05-09,31.5,-25.0,27.232452
1984-05-10,31.5,-25.0,28.293304
1984-05-11,31.5,-25.0,28.503235
1984-05-12,31.5,-25.0,30.890594
1984-05-13,31.5,-25.0,25.85022
1984-05-14,31.5,-25.0,30.400116
1984-05-15,31.5,-25.0,32.46048
1984-05-16,31.5,-25.0,33.350403
1984-05-17,31.5,-25.0,33.365265
1984-05-18,31.5,-25.0,26.07129
1984-05-19,31.5,-25.0,19.35141
1984-05-20,31.5,-25.0,22.74759
1984-05-21,31.5,-25.0,27.299347
1984-05-22,31.5,-25.0,21.55484
1984-05-23,31.5,-25.0,23.760132
1984-05-24,31.5,-25.0,22.942657
1984-05-25,31.5,-25.0,24.06482
1984-05-26,31.5,-25.0,24.65561
1984-05-27,31.5,-25.0,27.225037
1984-05-28,31.5,-25.0,21.298462
1984-05-29,31.5,-25.0,20.934296
1984-05-30,31.5,-25.0,17.248322
1984-05-31,31.5,-25.0,17.623596
1984-06-01,31.5,-25.0,20.527802
1984-06-02,31.5,-25.0,24.676727
1984-06-03,31.5,-25.0,21.703949
1984-06-04,31.5,-25.0,24.955536
1984-06-05,31.5,-25.0,27.296082
1984-06-06,31.5,-25.0,22.556122
1984-06-07,31.5,-25.0,21.733398
1984-06-08,31.5,-25.0,22.774078
1984-06-09,31.5,-25.0,24.013062
1984-06-10,31.5,-25.0,25.648682
1984-06-11,31.5,-25.0,25.521057
1984-06-12,31.5,-25.0,26.277008
1984-06-13,31.5,-25.0,23.645874
1984-06-14,31.5,-25.0,12.508789
1984-06-15,31.5,-25.0,18.285461
1984-06-16,31.5,-25.0,17.266388
1984-06-17,31.5,-25.0,20.005493
1984-06-18,31.5,-25.0,20.957825
1984-06-19,31.5,-25.0,22.098633
1984-06-20,31.5,-25.0,21.47815
1984-06-21,31.5,-25.0,21.107056
1984-06-22,31.5,-25.0,21.978851
1984-06-23,31.5,-25.0,20.936218
1984-06-24,31.5,-25.0,20.084045
1984-06-25,31.5,-25.0,22.844757
1984-06-26,31.5,-25.0,23.029327
1984-06-27,31.5,-25.0,22.44223
1984-06-28,31.5,-25.0,22.22232
1984-06-29,31.5,-25.0,24.064117
1984-06-30,31.5,-25.0,25.711517
1984-07-01,31.5,-25.0,27.578918
1984-07-02,31.5,-25.0,28.482758
1984-07-03,31.5,-25.0,19.248566
1984-07-04,31.5,-25.0,22.689331
1984-07-05,31.5,-25.0,24.846436
1984-07-06,31.5,-25.0,23.648254
1984-07-07,31.5,-25.0,21.044891
1984-07-08,31.5,-25.0,20.177124
1984-07-09,31.5,-25.0,20.298645
1984-07-10,31.5,-25.0,16.947144
1984-07-11,31.5,-25.0,16.472412
1984-07-12,31.5,-25.0,20.986023
1984-07-13,31.5,-25.0,24.749603
1984-07-14,31.5,-25.0,25.507233
1984-07-15,31.5,-25.0,21.720886
1984-07-16,31.5,-25.0,20.241669
1984-07-17,31.5,-25.0,21.20819
1984-07-18,31.5,-25.0,23.735596
1984-07-19,31.5,-25.0,24.612885
1984-07-20,31.5,-25.0,21.399994
1984-07-21,31.5,-25.0,22.113953
1984-07-22,31.5,-25.0,17.078156
1984-07-23,31.5,-25.0,20.427765
1984-07-24,31.5,-25.0,20.494232
1984-07-25,31.5,-25.0,19.58847
1984-07-26,31.5,-25.0,21.836731
1984-07-27,31.5,-25.0,24.371704
1984-07-28,31.5,-25.0,22.846924
1984-07-29,31.5,-25.0,21.899384
1984-07-30,31.5,-25.0,23.061493
1984-07-31,31.5,-25.0,19.996704
1984-08-01,31.5,-25.0,17.765503
1984-08-02,31.5,-25.0,19.936005
1984-08-03,31.5,-25.0,22.479736
1984-08-04,31.5,-25.0,24.152588
1984-08-05,31.5,-25.0,26.210175
1984-08-06,31.5,-25.0,21.404053
1984-08-07,31.5,-25.0,19.187622
1984-08-08,31.5,-25.0,22.005066
1984-08-09,31.5,-25.0,26.443665
1984-08-10,31.5,-25.0,23.888458
1984-08-11,31.5,-25.0,20.630798
1984-08-12,31.5,-25.0,22.408905
1984-08-13,31.5,-25.0,23.794678
1984-08-14,31.5,-25.0,22.500793
1984-08-15,31.5,-25.0,22.072052
1984-08-16,31.5,-25.0,25.28186
1984-08-17,31.5,-25.0,21.157135
1984-08-18,31.5,-25.0,23.044373
1984-08-19,31.5,-25.0,25.877136
1984-08-20,31.5,-25.0,28.357697
1984-08-21,31.5,-25.0,29.393188
1984-08-22,31.5,-25.0,22.78598
1984-08-23,31.5,-25.0,28.405548
1984-08-24,31.5,-25.0,27.91748
1984-08-25,31.5,-25.0,25.65509
1984-08-26,31.5,-25.0,18.716766
1984-08-27,31.5,-25.0,28.208405
1984-08-28,31.5,-25.0,20.29776
1984-08-29,31.5,-25.0,22.944855
1984-08-30,31.5,-25.0,19.392426
1984-08-31,31.5,-25.0,22.858704
1984-09-01,31.5,-25.0,25.26358
1984-09-02,31.5,-25.0,30.441406
1984-09-03,31.5,-25.0,33.408295
1984-09-04,31.5,-25.0,26.076538
1984-09-05,31.5,-25.0,27.662537
1984-09-06,31.5,-25.0,24.665253
1984-09-07,31.5,-25.0,26.828705
1984-09-08,31.5,-25.0,26.992065
1984-09-09,31.5,-25.0,27.136414
1984-09-10,31.5,-25.0,19.650787
1984-09-11,31.5,-25.0,24.2417
1984-09-12,31.5,-25.0,29.282745
1984-09-13,31.5,-25.0,26.96167
1984-09-14,31.5,-25.0,15.1814575
1984-09-15,31.5,-25.0,19.838837
1984-09-16,31.5,-25.0,25.343353
1984-09-17,31.5,-25.0,23.559814
1984-09-18,31.5,-25.0,25.630157
1984-09-19,31.5,-25.0,28.779419
1984-09-20,31.5,-25.0,24.112549
1984-09-21,31.5,-25.0,27.44983
1984-09-22,31.5,-25.0,32.58203
1984-09-23,31.5,-25.0,23.704163
1984-09-24,31.5,-25.0,22.082062
1984-09-25,31.5,-25.0,32.52887
1984-09-26,31.5,-25.0,29.53537
1984-09-27,31.5,-25.0,23.071655
1984-09-28,31.5,-25.0,27.204803
1984-09-29,31.5,-25.0,25.671967
1984-09-30,31.5,-25.0,29.42331
1984-10-01,31.5,-25.0,32.933563
1984-10-02,31.5,-25.0,29.13913
1984-10-03,31.5,-25.0,30.790009
1984-10-04,31.5,-25.0,31.457275
1984-10-05,31.5,-25.0,28.928223
1984-10-06,31.5,-25.0,21.970306
1984-10-07,31.5,-25.0,30.622345
1984-10-08,31.5,-25.0,30.33017
1984-10-09,31.5,-25.0,27.993011
1984-10-10,31.5,-25.0,21.391205
1984-10-11,31.5,-25.0,22.79663
1984-10-12,31.5,-25.0,26.585876
1984-10-13,31.5,-25.0,26.082825
1984-10-14,31.5,-25.0,29.744171
1984-10-15,31.5,-25.0,24.42157
1984-10-16,31.5,-25.0,17.710876
1984-10-17,31.5,-25.0,22.319519
1984-10-18,31.5,-25.0,26.269531
1984-10-19,31.5,-25.0,29.021576
1984-10-20,31.5,-25.0,19.038483
1984-10-21,31.5,-25.0,23.118164
1984-10-22,31.5,-25.0,28.845245
1984-10-23,31.5,-25.0,24.772491
1984-10-24,31.5,-25.0,24.348969
1984-10-25,31.5,-25.0,27.43985
1984-10-26,31.5,-25.0,25.595337
1984-10-27,31.5,-25.0,32.53769
1984-10-28,31.5,-25.0,34.045105
1984-10-29,31.5,-25.0,34.150543
1984-10-30,31.5,-25.0,25.930695
1984-10-31,31.5,-25.0,23.81482
1984-11-01,31.5,-25.0,30.282959
1984-11-02,31.5,-25.0,20.38733
1984-11-03,31.5,-25.0,21.935822
1984-11-04,31.5,-25.0,25.945465
1984-11-05,31.5,-25.0,26.657135
1984-11-06,31.5,-25.0,25.018005
1984-11-07,31.5,-25.0,24.957062
1984-11-08,31.5,-25.0,24.387085
1984-11-09,31.5,-25.0,26.184357
1984-11-10,31.5,-25.0,27.462677
1984-11-11,31.5,-25.0,27.334198
1984-11-12,31.5,-25.0,31.15274
1984-11-13,31.5,-25.0,19.520813
1984-11-14,31.5,-25.0,21.000122
1984-11-15,31.5,-25.0,23.808868
1984-11-16,31.5,-25.0,25.82193
1984-11-17,31.5,-25.0,27.38031
1984-11-18,31.5,-25.0,28.367096
1984-11-19,31.5,-25.0,19.596588
1984-11-20,31.5,-25.0,24.340973
1984-11-21,31.5,-25.0,33.78192
1984-11-22,31.5,-25.0,25.719788
1984-11-23,31.5,-25.0,30.747498
1984-11-24,31.5,-25.0,31.653564
1984-11-25,31.5,-25.0,26.634064
1984-11-26,31.5,-25.0,24.34262
1984-11-27,31.5,-25.0,29.796997
1984-11-28,31.5,-25.0,31.739197
1984-11-29,31.5,-25.0,25.676971
1984-11-30,31.5,-25.0,21.430084
1984-12-01,31.5,-25.0,24.188904
1984-12-02,31.5,-25.0,31.962646
1984-12-03,31.5,-25.0,27.927856
1984-12-04,31.5,-25.0,27.721222
1984-12-05,31.5,-25.0,33.442047
1984-12-06,31.5,-25.0,23.479797
1984-12-07,31.5,-25.0,24.706268
1984-12-08,31.5,-25.0,27.593933
1984-12-09,31.5,-25.0,31.05188
1984-12-10,31.5,-25.0,32.121338
1984-12-11,31.5,-25.0,26.898071
1984-12-12,31.5,-25.0,30.79898
1984-12-13,31.5,-25.0,32.12961
1984-12-14,31.5,-25.0,32.34778
1984-12-15,31.5,-25.0,26.825348
1984-12-16,31.5,-25.0,27.13443
1984-12-17,31.5,-25.0,31.170898
1984-12-18,31.5,-25.0,32.041992
1984-12-19,31.5,-25.0,32.442017
1984-12-20,31.5,-25.0,32.594086
1984-12-21,31.5,-25.0,24.694702
1984-12-22,31.5,-25.0,25.52118
1984-12-23,31.5,-25.0,29.293152
1984-12-24,31.5,-25.0,35.460266
1984-12-25,31.5,-25.0,22.924408
1984-12-26,31.5,-25.0,31.369263
1984-12-27,31.5,-25.0,28.200562
1984-12-28,31.5,-25.0,36.017303
1984-12-29,31.5,-25.0,25.843475
1984-12-30,31.5,-25.0,26.205475
1984-12-31,31.5,-25.0,33.275085
1985-01-01,31.5,-25.0,34.005768
1985-01-02,31.5,-25.0,33.289795
1985-01-03,31.5,-25.0,35.373657
1985-01-04,31.5,-25.0,37.596863
1985-01-05,31.5,-25.0,30.097565
1985-01-06,31.5,-25.0,33.446777
1985-01-07,31.5,-25.0,31.796997
1985-01-08,31.5,-25.0,25.380463
1985-01-09,31.5,-25.0,27.441895
1985-01-10,31.5,-25.0,30.113586
1985-01-11,31.5,-25.0,30.1456
1985-01-12,31.5,-25.0,31.968384
1985-01-13,31.5,-25.0,33.25937
1985-01-14,31.5,-25.0,33.474
1985-01-15,31.5,-25.0,35.98712
1985-01-16,31.5,-25.0,24.931976
1985-01-17,31.5,-25.0,29.34314
1985-01-18,31.5,-25.0,30.518799
1985-01-19,31.5,-25.0,23.89087
1985-01-20,31.5,-25.0,22.699158
1985-01-21,31.5,-25.0,27.358612
1985-01-22,31.5,-25.0,30.099152
1985-01-23,31.5,-25.0,29.347961
1985-01-24,31.5,-25.0,28.694427
1985-01-25,31.5,-25.0,27.406647
1985-01-26,31.5,-25.0,28.944305
1985-01-27,31.5,-25.0,29.115692
1985-01-28,31.5,-25.0,27.736603
1985-01-29,31.5,-25.0,29.991852
1985-01-30,31.5,-25.0,31.460632
1985-01-31,31.5,-25.0,29.814056
1985-02-01,31.5,-25.0,30.230042
1985-02-02,31.5,-25.0,31.100067
1985-02-03,31.5,-25.0,31.929047
1985-02-04,31.5,-25.0,31.840424
1985-02-05,31.5,-25.0,33.316162
1985-02-06,31.5,-25.0,33.2735
1985-02-07,31.5,-25.0,34.714783
1985-02-08,31.5,-25.0,24.479675
1985-02-09,31.5,-25.0,20.702484
1985-02-10,31.5,-25.0,24.38446
1985-02-11,31.5,-25.0,27.826813
1985-02-12,31.5,-25.0,26.012909
1985-02-13,31.5,-25.0,26.53656
1985-02-14,31.5,-25.0,28.314362
1985-02-15,31.5,-25.0,28.647583
1985-02-16,31.5,-25.0,29.195862
1985-02-17,31.5,-25.0,28.644318
1985-02-18,31.5,-25.0,29.002167
1985-02-19,31.5,-25.0,27.11438
1985-02-20,31.5,-25.0,28.143646
1985-02-21,31.5,-25.0,29.138428
1985-02-22,31.5,-25.0,29.81308
1985-02-23,31.5,-25.0,28.69519
1985-02-24,31.5,-25.0,32.789246
1985-02-25,31.5,-25.0,30.932648
1985-02-26,31.5,-25.0,30.161102
1985-02-27,31.5,-25.0,30.865326
1985-02-28,31.5,-25.0,30.361359
1985-03-01,31.5,-25.0,34.132446
1985-03-02,31.5,-25.0,35.00241
1985-03-03,31.5,-25.0,33.365356
1985-03-04,31.5,-25.0,27.202484
1985-03-05,31.5,-25.0,30.187164
1985-03-06,31.5,-25.0,22.37851
1985-03-07,31.5,-25.0,22.251251
1985-03-08,31.5,-25.0,29.495026
1985-03-09,31.5,-25.0,27.30185
1985-03-10,31.5,-25.0,28.170044
1985-03-11,31.5,-25.0,29.603119
1985-03-12,31.5,-25.0,31.893951
1985-03-13,31.5,-25.0,30.675323
1985-03-14,31.5,-25.0,32.172882
1985-03-15,31.5,-25.0,34.050507
1985-03-16,31.5,-25.0,32.77957
1985-03-17,31.5,-25.0,23.149078
1985-03-18,31.5,-25.0,27.830109
1985-03-19,31.5,-25.0,30.982147
1985-03-20,31.5,-25.0,23.067139
1985-03-21,31.5,-25.0,28.534424
1985-03-22,31.5,-25.0,28.452484
1985-03-23,31.5,-25.0,29.638
1985-03-24,31.5,-25.0,28.698303
1985-03-25,31.5,-25.0,27.932953
1985-03-26,31.5,-25.0,31.3779
1985-03-27,31.5,-25.0,26.881683
1985-03-28,31.5,-25.0,26.072754
1985-03-29,31.5,-25.0,26.785797
1985-03-30,31.5,-25.0,26.444092
1985-03-31,31.5,-25.0,25.835663
1985-04-01,31.5,-25.0,26.841309
1985-04-02,31.5,-25.0,26.628174
1985-04-03,31.5,-25.0,27.771088
1985-04-04,31.5,-25.0,30.809631
1985-04-05,31.5,-25.0,31.687866
1985-04-06,31.5,-25.0,33.51651
1985-04-07,31.5,-25.0,34.30536
1985-04-08,31.5,-25.0,25.261871
1985-04-09,31.5,-25.0,26.57492
1985-04-10,31.5,-25.0,24.790955
1985-04-11,31.5,-25.0,24.756592
1985-04-12,31.5,-25.0,25.774017
1985-04-13,31.5,-25.0,24.510834
1985-04-14,31.5,-25.0,24.046783
1985-04-15,31.5,-25.0,27.379242
1985-04-16,31.5,-25.0,27.918884
1985-04-17,31.5,-25.0,29.510345
1985-04-18,31.5,-25.0,30.04657
1985-04-19,31.5,-25.0,27.937805
1985-04-20,31.5,-25.0,27.731567
1985-04-21,31.5,-25.0,26.665985
1985-04-22,31.5,-25.0,28.53415
1985-04-23,31.5,-25.0,31.705048
1985-04-24,31.5,-25.0,26.289612
1985-04-25,31.5,-25.0,24.17569
1985-04-26,31.5,-25.0,25.784332
1985-04-27,31.5,-25.0,20.901672
1985-04-28,31.5,-25.0,30.498566
1985-04-29,31.5,-25.0,27.071594
1985-04-30,31.5,-25.0,26.99768
1985-05-01,31.5,-25.0,28.9216
1985-05-02,31.5,-25.0,24.105469
1985-05-03,31.5,-25.0,25.48233
1985-05-04,31.5,-25.0,23.778015
1985-05-05,31.5,-25.0,27.929626
1985-05-06,31.5,-25.0,28.691803
1985-05-07,31.5,-25.0,28.787537
1985-05-08,31.5,-25.0,25.748505
1985-05-09,31.5,-25.0,25.917023
1985-05-10,31.5,-25.0,26.480011
1985-05-11,31.5,-25.0,20.181732
1985-05-12,31.5,-25.0,19.251068
1985-05-13,31.5,-25.0,17.548645
1985-05-14,31.5,-25.0,21.652405
1985-05-15,31.5,-25.0,21.729004
1985-05-16,31.5,-25.0,22.194336
1985-05-17,31.5,-25.0,24.266327
1985-05-18,31.5,-25.0,23.249481
1985-05-19,31.5,-25.0,23.980988
1985-05-20,31.5,-25.0,26.897491
1985-05-21,31.5,-25.0,25.601044
1985-05-22,31.5,-25.0,26.047241
1985-05-23,31.5,-25.0,26.206177
1985-05-24,31.5,-25.0,24.867615
1985-05-25,31.5,-25.0,23.463959
1985-05-26,31.5,-25.0,23.414185
1985-05-27,31.5,-25.0,23.55014
1985-05-28,31.5,-25.0,24.277802
1985-05-29,31.5,-25.0,23.544373
1985-05-30,31.5,-25.0,19.775757
1985-05-31,31.5,-25.0,24.078674
1985-06-01,31.5,-25.0,21.282166
1985-06-02,31.5,-25.0,20.988678
1985-06-03,31.5,-25.0,21.245697
1985-06-04,31.5,-25.0,22.082062
1985-06-05,31.5,-25.0,22.411987
1985-06-06,31.5,-25.0,22.540497
1985-06-07,31.5,-25.0,22.941406
1985-06-08,31.5,-25.0,24.573822
1985-06-09,31.5,-25.0,24.967041
1985-06-10,31.5,-25.0,26.046997
1985-06-11,31.5,-25.0,25.757355
1985-06-12,31.5,-25.0,26.432556
1985-06-13,31.5,-25.0,28.644257
1985-06-14,31.5,-25.0,22.051361
1985-06-15,31.5,-25.0,22.670929
1985-06-16,31.5,-25.0,27.059814
1985-06-17,31.5,-25.0,22.08014
1985-06-18,31.5,-25.0,24.493256
1985-06-19,31.5,-25.0,27.794495
1985-06-20,31.5,-25.0,23.056488
1985-06-21,31.5,-25.0,24.72342
1985-06-22,31.5,-25.0,24.479828
1985-06-23,31.5,-25.0,22.477203
1985-06-24,31.5,-25.0,22.174133
1985-06-25,31.5,-25.0,21.637024
1985-06-26,31.5,-25.0,23.486176
1985-06-27,31.5,-25.0,23.967651
1985-06-28,31.5,-25.0,26.793182
1985-06-29,31.5,-25.0,23.127472
1985-06-30,31.5,-25.0,22.816711
1985-07-01,31.5,-25.0,21.611542
1985-07-02,31.5,-25.0,21.769226
1985-07-03,31.5,-25.0,23.05243
1985-07-04,31.5,-25.0,23.901978
1985-07-05,31.5,-25.0,25.993347
1985-07-06,31.5,-25.0,27.503204
1985-07-07,31.5,-25.0,29.22992
1985-07-08,31.5,-25.0,25.256134
1985-07-09,31.5,-25.0,26.5354
1985-07-10,31.5,-25.0,24.538635
1985-07-11,31.5,-25.0,27.792969
1985-07-12,31.5,-25.0,17.334198
1985-07-13,31.5,-25.0,19.492584
1985-07-14,31.5,-25.0,20.95514
1985-07-15,31.5,-25.0,20.89206
1985-07-16,31.5,-25.0,21.292206
1985-07-17,31.5,-25.0,20.74228
1985-07-18,31.5,-25.0,21.345428
1985-07-19,31.5,-25.0,21.844116
1985-07-20,31.5,-25.0,22.861237
1985-07-21,31.5,-25.0,23.594482
1985-07-22,31.5,-25.0,26.870483
1985-07-23,31.5,-25.0,21.917053
1985-07-24,31.5,-25.0,23.756104
1985-07-25,31.5,-25.0,23.592499
1985-07-26,31.5,-25.0,24.956512
1985-07-27,31.5,-25.0,20.109528
1985-07-28,31.5,-25.0,23.732452
1985-07-29,31.5,-25.0,23.29486
1985-07-30,31.5,-25.0,27.400726
1985-07-31,31.5,-25.0,24.997925
1985-08-01,31.5,-25.0,25.253845
1985-08-02,31.5,-25.0,28.158112
1985-08-03,31.5,-25.0,29.824005
1985-08-04,31.5,-25.0,19.82666
1985-08-05,31.5,-25.0,24.91681
1985-08-06,31.5,-25.0,29.186554
1985-08-07,31.5,-25.0,31.243408
1985-08-08,31.5,-25.0,27.74405
1985-08-09,31.5,-25.0,30.773499
1985-08-10,31.5,-25.0,24.269714
1985-08-11,31.5,-25.0,25.038147
1985-08-12,31.5,-25.0,28.920776
1985-08-13,31.5,-25.0,24.02127
1985-08-14,31.5,-25.0,28.021362
1985-08-15,31.5,-25.0,20.880127
1985-08-16,31.5,-25.0,21.777588
1985-08-17,31.5,-25.0,23.368378
1985-08-18,31.5,-25.0,24.325562
1985-08-19,31.5,-25.0,24.040527
1985-08-20,31.5,-25.0,25.881683
1985-08-21,31.5,-25.0,24.069427
1985-08-22,31.5,-25.0,26.846558
1985-08-23,31.5,-25.0,24.406464
1985-08-24,31.5,-25.0,28.472046
1985-08-25,31.5,-25.0,18.47467
1985-08-26,31.5,-25.0,19.021637
1985-08-27,31.5,-25.0,21.298035
1985-08-28,31.5,-25.0,23.524384
1985-08-29,31.5,-25.0,26.133972
1985-08-30,31.5,-25.0,27.878845
1985-08-31,31.5,-25.0,25.153687
1985-09-01,31.5,-25.0,20.750244
1985-09-02,31.5,-25.0,26.96939
1985-09-03,31.5,-25.0,30.37497
1985-09-04,31.5,-25.0,26.8154
1985-09-05,31.5,-25.0,22.251404
1985-09-06,31.5,-25.0,27.064697
1985-09-07,31.5,-25.0,24.095337
1985-09-08,31.5,-25.0,24.625061
1985-09-09,31.5,-25.0,28.087463
1985-09-10,31.5,-25.0,31.965942
1985-09-11,31.5,-25.0,36.071716
1985-09-12,31.5,-25.0,36.06256
1985-09-13,31.5,-25.0,19.639496
1985-09-14,31.5,-25.0,19.496521
1985-09-15,31.5,-25.0,23.395172
1985-09-16,31.5,-25.0,21.019684
1985-09-17,31.5,-25.0,20.966522
1985-09-18,31.5,-25.0,26.014435
1985-09-19,31.5,-25.0,32.19873
1985-09-20,31.5,-25.0,20.942688
1985-09-21,31.5,-25.0,20.10138
1985-09-22,31.5,-25.0,22.458527
1985-09-23,31.5,-25.0,28.516388
1985-09-24,31.5,-25.0,32.235382
1985-09-25,31.5,-25.0,35.296387
1985-09-26,31.5,-25.0,22.394379
1985-09-27,31.5,-25.0,27.451447
1985-09-28,31.5,-25.0,33.51477
1985-09-29,31.5,-25.0,35.175415
1985-09-30,31.5,-25.0,32.444336
1985-10-01,31.5,-25.0,34.554962
1985-10-02,31.5,-25.0,35.593933
1985-10-03,31.5,-25.0,35.505737
1985-10-04,31.5,-25.0,32.325287
1985-10-05,31.5,-25.0,35.757965
1985-10-06,31.5,-25.0,23.004486
1985-10-07,31.5,-25.0,26.890503
1985-10-08,31.5,-25.0,33.037933
1985-10-09,31.5,-25.0,20.60199
1985-10-10,31.5,-25.0,23.909424
1985-10-11,31.5,-25.0,25.643402
1985-10-12,31.5,-25.0,28.786774
1985-10-13,31.5,-25.0,34.239197
1985-10-14,31.5,-25.0,30.169739
1985-10-15,31.5,-25.0,32.6922
1985-10-16,31.5,-25.0,33.851135
1985-10-17,31.5,-25.0,21.610962
1985-10-18,31.5,-25.0,26.398376
1985-10-19,31.5,-25.0,25.657501
1985-10-20,31.5,-25.0,28.4534
1985-10-21,31.5,-25.0,28.187042
1985-10-22,31.5,-25.0,27.964783
1985-10-23,31.5,-25.0,31.254578
1985-10-24,31.5,-25.0,33.004425
1985-10-25,31.5,-25.0,32.591644
1985-10-26,31.5,-25.0,30.282623
1985-10-27,31.5,-25.0,30.691864
1985-10-28,31.5,-25.0,31.279266
1985-10-29,31.5,-25.0,33.909332
1985-10-30,31.5,-25.0,20.56668
1985-10-31,31.5,-25.0,23.706543
1985-11-01,31.5,-25.0,23.036469
1985-11-02,31.5,-25.0,28.757599
1985-11-03,31.5,-25.0,31.835785
1985-11-04,31.5,-25.0,29.109253
1985-11-05,31.5,-25.0,33.34964
1985-11-06,31.5,-25.0,33.26291
1985-11-07,31.5,-25.0,33.45215
1985-11-08,31.5,-25.0,29.279572
1985-11-09,31.5,-25.0,25.33722
1985-11-10,31.5,-25.0,22.170715
1985-11-11,31.5,-25.0,22.899261
1985-11-12,31.5,-25.0,23.0065
1985-11-13,31.5,-25.0,25.696747
1985-11-14,31.5,-25.0,29.799957
1985-11-15,31.5,-25.0,30.25885
1985-11-16,31.5,-25.0,27.10022
1985-11-17,31.5,-25.0,27.174347
1985-11-18,31.5,-25.0,27.417206
1985-11-19,31.5,-25.0,26.546722
1985-11-20,31.5,-25.0,27.499207
1985-11-21,31.5,-25.0,30.880157
1985-11-22,31.5,-25.0,33.977264
1985-11-23,31.5,-25.0,34.209076
1985-11-24,31.5,-25.0,33.332306
1985-11-25,31.5,-25.0,33.542023
1985-11-26,31.5,-25.0,29.799957
1985-11-27,31.5,-25.0,29.060364
1985-11-28,31.5,-25.0,28.558899
1985-11-29,31.5,-25.0,28.278198
1985-11-30,31.5,-25.0,21.792267
1985-12-01,31.5,-25.0,25.732605
1985-12-02,31.5,-25.0,29.110107
1985-12-03,31.5,-25.0,32.756195
1985-12-04,31.5,-25.0,27.211609
1985-12-05,31.5,-25.0,27.56311
1985-12-06,31.5,-25.0,29.042114
1985-12-07,31.5,-25.0,30.41333
1985-12-08,31.5,-25.0,31.945404
1985-12-09,31.5,-25.0,35.092407
1985-12-10,31.5,-25.0,34.220276
1985-12-11,31.5,-25.0,28.795074
1985-12-12,31.5,-25.0,24.794128
1985-12-13,31.5,-25.0,30.31717
1985-12-14,31.5,-25.0,33.522217
1985-12-15,31.5,-25.0,23.597015
1985-12-16,31.5,-25.0,28.848114
1985-12-17,31.5,-25.0,29.36377
1985-12-18,31.5,-25.0,27.549835
1985-12-19,31.5,-25.0,24.336517
1985-12-20,31.5,-25.0,25.752502
1985-12-21,31.5,-25.0,29.982239
1985-12-22,31.5,-25.0,26.16037
1985-12-23,31.5,-25.0,27.28952
1985-12-24,31.5,-25.0,30.673645
1985-12-25,31.5,-25.0,35.147125
1985-12-26,31.5,-25.0,26.559967
1985-12-27,31.5,-25.0,32.228943
1985-12-28,31.5,-25.0,35.342773
1985-12-29,31.5,-25.0,35.105682
1985-12-30,31.5,-25.0,36.992554
1985-12-31,31.5,-25.0,31.06662
1986-01-01,31.5,-25.0,25.646393
1986-01-02,31.5,-25.0,29.22345
1986-01-03,31.5,-25.0,33.780365
1986-01-04,31.5,-25.0,30.470062
1986-01-05,31.5,-25.0,26.255432
1986-01-06,31.5,-25.0,27.248688
1986-01-07,31.5,-25.0,27.218506
1986-01-08,31.5,-25.0,24.567566
1986-01-09,31.5,-25.0,26.612793
1986-01-10,31.5,-25.0,28.884552
1986-01-11,31.5,-25.0,29.040588
1986-01-12,31.5,-25.0,31.713318
1986-01-13,31.5,-25.0,32.181427
1986-01-14,31.5,-25.0,35.672913
1986-01-15,31.5,-25.0,36.053772
1986-01-16,31.5,-25.0,25.091034
1986-01-17,31.5,-25.0,29.293915
1986-01-18,31.5,-25.0,28.943268
1986-01-19,31.5,-25.0,25.968536
1986-01-20,31.5,-25.0,27.85437
1986-01-21,31.5,-25.0,30.382812
1986-01-22,31.5,-25.0,29.02716
1986-01-23,31.5,-25.0,25.156464
1986-01-24,31.5,-25.0,26.976898
1986-01-25,31.5,-25.0,28.740265
1986-01-26,31.5,-25.0,29.39627
1986-01-27,31.5,-25.0,30.72342
1986-01-28,31.5,-25.0,34.2619
1986-01-29,31.5,-25.0,31.067352
1986-01-30,31.5,-25.0,25.886322
1986-01-31,31.5,-25.0,31.34085
1986-02-01,31.5,-25.0,31.591278
1986-02-02,31.5,-25.0,27.427979
1986-02-03,31.5,-25.0,27.789581
1986-02-04,31.5,-25.0,33.301025
1986-02-05,31.5,-25.0,33.951294
1986-02-06,31.5,-25.0,28.48584
1986-02-07,31.5,-25.0,32.43506
1986-02-08,31.5,-25.0,34.94095
1986-02-09,31.5,-25.0,33.59442
1986-02-10,31.5,-25.0,32.829956
1986-02-11,31.5,-25.0,34.65866
1986-02-12,31.5,-25.0,31.42633
1986-02-13,31.5,-25.0,28.25113
1986-02-14,31.5,-25.0,27.240814
1986-02-15,31.5,-25.0,27.916473
1986-02-16,31.5,-25.0,27.69284
1986-02-17,31.5,-25.0,28.043335
1986-02-18,31.5,-25.0,28.19403
1986-02-19,31.5,-25.0,30.0354
1986-02-20,31.5,-25.0,32.542908
1986-02-21,31.5,-25.0,34.693542
1986-02-22,31.5,-25.0,34.046448
1986-02-23,31.5,-25.0,36.17331
1986-02-24,31.5,-25.0,23.864166
1986-02-25,31.5,-25.0,26.902985
1986-02-26,31.5,-25.0,26.217834
1986-02-27,31.5,-25.0,28.466827
1986-02-28,31.5,-25.0,31.418396
1986-03-01,31.5,-25.0,30.379517
1986-03-02,31.5,-25.0,34.89148
1986-03-03,31.5,-25.0,33.593872
1986-03-04,31.5,-25.0,28.464539
1986-03-05,31.5,-25.0,32.414734
1986-03-06,31.5,-25.0,30.996918
1986-03-07,31.5,-25.0,30.935883
1986-03-08,31.5,-25.0,33.54721
1986-03-09,31.5,-25.0,34.476868
1986-03-10,31.5,-25.0,35.734985
1986-03-11,31.5,-25.0,35.18399
1986-03-12,31.5,-25.0,29.417542
1986-03-13,31.5,-25.0,30.88385
1986-03-14,31.5,-25.0,34.11795
1986-03-15,31.5,-25.0,35.643463
1986-03-16,31.5,-25.0,36.637726
1986-03-17,31.5,-25.0,23.825195
1986-03-18,31.5,-25.0,29.195007
1986-03-19,31.5,-25.0,29.44986
1986-03-20,31.5,-25.0,30.02597
1986-03-21,31.5,-25.0,30.822815
1986-03-22,31.5,-25.0,33.114685
1986-03-23,31.5,-25.0,33.475433
1986-03-24,31.5,-25.0,30.813843
1986-03-25,31.5,-25.0,20.759796
1986-03-26,31.5,-25.0,24.514343
1986-03-27,31.5,-25.0,23.737244
1986-03-28,31.5,-25.0,27.827423
1986-03-29,31.5,-25.0,27.73767
1986-03-30,31.5,-25.0,30.810242
1986-03-31,31.5,-25.0,22.744751
1986-04-01,31.5,-25.0,25.372253
1986-04-02,31.5,-25.0,27.432587
1986-04-03,31.5,-25.0,26.939056
1986-04-04,31.5,-25.0,29.024536
1986-04-05,31.5,-25.0,31.28949
1986-04-06,31.5,-25.0,32.43991
1986-04-07,31.5,-25.0,33.33905
1986-04-08,31.5,-25.0,32.901154
1986-04-09,31.5,-25.0,32.72705
1986-04-10,31.5,-25.0,32.6445
1986-04-11,31.5,-25.0,30.943085
1986-04-12,31.5,-25.0,24.426422
1986-04-13,31.5,-25.0,28.376617
1986-04-14,31.5,-25.0,28.450195
1986-04-15,31.5,-25.0,31.350494
1986-04-16,31.5,-25.0,23.335236
1986-04-17,31.5,-25.0,24.002869
1986-04-18,31.5,-25.0,30.209045
1986-04-19,31.5,-25.0,28.886322
1986-04-20,31.5,-25.0,21.152832
1986-04-21,31.5,-25.0,22.877563
1986-04-22,31.5,-25.0,21.39154
1986-04-23,31.5,-25.0,23.2742
1986-04-24,31.5,-25.0,24.119537
1986-04-25,31.5,-25.0,23.708527
1986-04-26,31.5,-25.0,23.326263
1986-04-27,31.5,-25.0,25.117401
1986-04-28,31.5,-25.0,24.643585
1986-04-29,31.5,-25.0,25.31839
1986-04-30,31.5,-25.0,27.807709
1986-05-01,31.5,-25.0,25.52716
1986-05-02,31.5,-25.0,23.86969
1986-05-03,31.5,-25.0,27.207672
1986-05-04,31.5,-25.0,20.028503
1986-05-05,31.5,-25.0,20.516327
1986-05-06,31.5,-25.0,21.849243
1986-05-07,31.5,-25.0,25.901672
1986-05-08,31.5,-25.0,25.515625
1986-05-09,31.5,-25.0,30.000183
1986-05-10,31.5,-25.0,26.214722
1986-05-11,31.5,-25.0,30.69159
1986-05-12,31.5,-25.0,31.799774
1986-05-13,31.5,-25.0,24.92215
1986-05-14,31.5,-25.0,30.324768
1986-05-15,31.5,-25.0,30.18457
1986-05-16,31.5,-25.0,22.64627
1986-05-17,31.5,-25.0,26.197418
1986-05-18,31.5,-25.0,24.637909
1986-05-19,31.5,-25.0,24.83191
1986-05-20,31.5,-25.0,25.778748
1986-05-21,31.5,-25.0,26.2128
1986-05-22,31.5,-25.0,27.524567
1986-05-23,31.5,-25.0,25.972717
1986-05-24,31.5,-25.0,25.598206
1986-05-25,31.5,-25.0,25.07965
1986-05-26,31.5,-25.0,24.328705
1986-05-27,31.5,-25.0,24.764679
1986-05-28,31.5,-25.0,25.794098
1986-05-29,31.5,-25.0,27.224945
1986-05-30,31.5,-25.0,27.851044
1986-05-31,31.5,-25.0,27.297943
1986-06-01,31.5,-25.0,28.37564
1986-06-02,31.5,-25.0,26.572021
1986-06-03,31.5,-25.0,24.774353
1986-06-04,31.5,-25.0,24.451996
1986-06-05,31.5,-25.0,22.660248
1986-06-06,31.5,-25.0,20.261383
1986-06-07,31.5,-25.0,19.397156
1986-06-08,31.5,-25.0,19.519745
1986-06-09,31.5,-25.0,21.56662
1986-06-10,31.5,-25.0,24.18106
1986-06-11,31.5,-25.0,24.444092
1986-06-12,31.5,-25.0,25.40918
1986-06-13,31.5,-25.0,26.314941
1986-06-14,31.5,-25.0,22.747253
1986-06-15,31.5,-25.0,21.881073
1986-06-16,31.5,-25.0,21.766357
1986-06-17,31.5,-25.0,24.119751
1986-06-18,31.5,-25.0,26.061798
1986-06-19,31.5,-25.0,22.505981
1986-06-20,31.5,-25.0,25.618805
1986-06-21,31.5,-25.0,26.997223
1986-06-22,31.5,-25.0,18.641693
1986-06-23,31.5,-25.0,22.36557
1986-06-24,31.5,-25.0,25.12439
1986-06-25,31.5,-25.0,25.393341
1986-06-26,31.5,-25.0,22.861969
1986-06-27,31.5,-25.0,22.110474
1986-06-28,31.5,-25.0,23.168518
1986-06-29,31.5,-25.0,24.46585
1986-06-30,31.5,-25.0,22.915375
1986-07-01,31.5,-25.0,22.943298
1986-07-02,31.5,-25.0,23.345123
1986-07-03,31.5,-25.0,23.339111
1986-07-04,31.5,-25.0,25.126251
1986-07-05,31.5,-25.0,18.531464
1986-07-06,31.5,-25.0,20.754364
1986-07-07,31.5,-25.0,21.216156
1986-07-08,31.5,-25.0,22.875336
1986-07-09,31.5,-25.0,25.41809
1986-07-10,31.5,-25.0,24.020782
1986-07-11,31.5,-25.0,28.398651
1986-07-12,31.5,-25.0,23.513031
1986-07-13,31.5,-25.0,23.64096
1986-07-14,31.5,-25.0,26.09378
1986-07-15,31.5,-25.0,29.20227
1986-07-16,31.5,-25.0,18.865295
1986-07-17,31.5,-25.0,24.620483
1986-07-18,31.5,-25.0,23.596985
1986-07-19,31.5,-25.0,23.28714
1986-07-20,31.5,-25.0,24.78241
1986-07-21,31.5,-25.0,24.586517
1986-07-22,31.5,-25.0,24.682465
1986-07-23,31.5,-25.0,24.46457
1986-07-24,31.5,-25.0,25.188232
1986-07-25,31.5,-25.0,24.068756
1986-07-26,31.5,-25.0,18.373535
1986-07-27,31.5,-25.0,20.606445
1986-07-28,31.5,-25.0,23.181183
1986-07-29,31.5,-25.0,22.533508
1986-07-30,31.5,-25.0,23.537018
1986-07-31,31.5,-25.0,22.981293
1986-08-01,31.5,-25.0,20.775543
1986-08-02,31.5,-25.0,24.736328
1986-08-03,31.5,-25.0,26.240692
1986-08-04,31.5,-25.0,27.627563
1986-08-05,31.5,-25.0,26.493378
1986-08-06,31.5,-25.0,27.167236
1986-08-07,31.5,-25.0,24.170197
1986-08-08,31.5,-25.0,24.546295
1986-08-09,31.5,-25.0,28.922333
1986-08-10,31.5,-25.0,30.068268
1986-08-11,31.5,-25.0,29.895874
1986-08-12,31.5,-25.0,26.225037
1986-08-13,31.5,-25.0,26.626587
1986-08-14,31.5,-25.0,29.208344
1986-08-15,31.5,-25.0,28.759766
1986-08-16,31.5,-25.0,27.993866
1986-08-17,31.5,-25.0,29.329773
1986-08-18,31.5,-25.0,23.265228
1986-08-19,31.5,-25.0,20.180054
1986-08-20,31.5,-25.0,20.871521
1986-08-21,31.5,-25.0,21.991974
1986-08-22,31.5,-25.0,24.203522
1986-08-23,31.5,-25.0,29.32193
1986-08-24,31.5,-25.0,31.329742
1986-08-25,31.5,-25.0,32.18576
1986-08-26,31.5,-25.0,31.515839
1986-08-27,31.5,-25.0,30.369904
1986-08-28,31.5,-25.0,30.393433
1986-08-29,31.5,-25.0,27.357239
1986-08-30,31.5,-25.0,27.464966
1986-08-31,31.5,-25.0,29.27298
1986-09-01,31.5,-25.0,24.782776
1986-09-02,31.5,-25.0,27.172058
1986-09-03,31.5,-25.0,21.080048
1986-09-04,31.5,-25.0,26.679993
1986-09-05,31.5,-25.0,31.752289
1986-09-06,31.5,-25.0,32.40155
1986-09-07,31.5,-25.0,30.070251
1986-09-08,31.5,-25.0,24.02127
1986-09-09,31.5,-25.0,21.242828
1986-09-10,31.5,-25.0,28.18988
1986-09-11,31.5,-25.0,30.390198
1986-09-12,31.5,-25.0,29.933685
1986-09-13,31.5,-25.0,22.511353
1986-09-14,31.5,-25.0,28.461182
1986-09-15,31.5,-25.0,31.391205
1986-09-16,31.5,-25.0,34.871277
1986-09-17,31.5,-25.0,23.54602
1986-09-18,31.5,-25.0,26.7305
1986-09-19,31.5,-25.0,30.77002
1986-09-20,31.5,-25.0,26.842773
1986-09-21,31.5,-25.0,30.485626
1986-09-22,31.5,-25.0,31.529663
1986-09-23,31.5,-25.0,32.343536
1986-09-24,31.5,-25.0,32.25934
1986-09-25,31.5,-25.0,22.253174
1986-09-26,31.5,-25.0,15.975922
1986-09-27,31.5,-25.0,19.36618
1986-09-28,31.5,-25.0,20.281128
1986-09-29,31.5,-25.0,22.70221
1986-09-30,31.5,-25.0,23.68637
1986-10-01,31.5,-25.0,27.416931
1986-10-02,31.5,-25.0,22.621765
1986-10-03,31.5,-25.0,21.839874
1986-10-04,31.5,-25.0,26.949951
1986-10-05,31.5,-25.0,31.535767
1986-10-06,31.5,-25.0,33.924408
1986-10-07,31.5,-25.0,24.022736
1986-10-08,31.5,-25.0,24.428894
1986-10-09,31.5,-25.0,29.261658
1986-10-10,31.5,-25.0,33.228394
1986-10-11,31.5,-25.0,27.971619
1986-10-12,31.5,-25.0,30.374573
1986-10-13,31.5,-25.0,29.89505
1986-10-14,31.5,-25.0,32.713104
1986-10-15,31.5,-25.0,28.936005
1986-10-16,31.5,-25.0,26.287933
1986-10-17,31.5,-25.0,26.144806
1986-10-18,31.5,-25.0,31.106354
1986-10-19,31.5,-25.0,29.454895
1986-10-20,31.5,-25.0,32.829407
1986-10-21,31.5,-25.0,32.151276
1986-10-22,31.5,-25.0,30.592834
1986-10-23,31.5,-25.0,30.367401
1986-10-24,31.5,-25.0,30.440765
1986-10-25,31.5,-25.0,24.844025
1986-10-26,31.5,-25.0,30.213531
1986-10-27,31.5,-25.0,36.42578
1986-10-28,31.5,-25.0,20.766327
1986-10-29,31.5,-25.0,19.38324
1986-10-30,31.5,-25.0,23.485962
1986-10-31,31.5,-25.0,26.697662
1986-11-01,31.5,-25.0,23.780396
1986-11-02,31.5,-25.0,23.065674
1986-11-03,31.5,-25.0,31.949158
1986-11-04,31.5,-25.0,29.165405
1986-11-05,31.5,-25.0,25.430725
1986-11-06,31.5,-25.0,26.280426
1986-11-07,31.5,-25.0,26.426117
1986-11-08,31.5,-25.0,33.95529
1986-11-09,31.5,-25.0,26.048828
1986-11-10,31.5,-25.0,21.711395
1986-11-11,31.5,-25.0,26.191467
1986-11-12,31.5,-25.0,27.024292
1986-11-13,31.5,-25.0,31.0289
1986-11-14,31.5,-25.0,34.196075
1986-11-15,31.5,-25.0,31.887787
1986-11-16,31.5,-25.0,25.337158
1986-11-17,31.5,-25.0,29.947601
1986-11-18,31.5,-25.0,31.39392
1986-11-19,31.5,-25.0,29.156189
1986-11-20,31.5,-25.0,25.712921
1986-11-21,31.5,-25.0,27.012024
1986-11-22,31.5,-25.0,33.380127
1986-11-23,31.5,-25.0,27.416931
1986-11-24,31.5,-25.0,29.458344
1986-11-25,31.5,-25.0,31.403137
1986-11-26,31.5,-25.0,31.625519
1986-11-27,31.5,-25.0,34.165405
1986-11-28,31.5,-25.0,26.283478
1986-11-29,31.5,-25.0,21.265076
1986-11-30,31.5,-25.0,26.677673
1986-12-01,31.5,-25.0,32.741608
1986-12-02,31.5,-25.0,34.65634
1986-12-03,31.5,-25.0,29.936066
1986-12-04,31.5,-25.0,31.009796
1986-12-05,31.5,-25.0,31.451172
1986-12-06,31.5,-25.0,31.905396
1986-12-07,31.5,-25.0,29.27481
1986-12-08,31.5,-25.0,29.989044
1986-12-09,31.5,-25.0,31.45279
1986-12-10,31.5,-25.0,26.125824
1986-12-11,31.5,-25.0,26.753387
1986-12-12,31.5,-25.0,29.757935
1986-12-13,31.5,-25.0,27.905762
1986-12-14,31.5,-25.0,27.562286
1986-12-15,31.5,-25.0,29.306915
1986-12-16,31.5,-25.0,36.91617
1986-12-17,31.5,-25.0,22.798676
1986-12-18,31.5,-25.0,26.50299
1986-12-19,31.5,-25.0,29.491486
1986-12-20,31.5,-25.0,27.24289
1986-12-21,31.5,-25.0,27.971558
1986-12-22,31.5,-25.0,33.54889
1986-12-23,31.5,-25.0,32.505676
1986-12-24,31.5,-25.0,36.702698
1986-12-25,31.5,-25.0,35.612915
1986-12-26,31.5,-25.0,34.584137
1986-12-27,31.5,-25.0,33.678894
1986-12-28,31.5,-25.0,30.237823
1986-12-29,31.5,-25.0,26.917084
1986-12-30,31.5,-25.0,29.048523
1986-12-31,31.5,-25.0,23.278564
1987-01-01,31.5,-25.0,27.956024
1987-01-02,31.5,-25.0,29.447632
1987-01-03,31.5,-25.0,25.626953
1987-01-04,31.5,-25.0,24.673065
1987-01-05,31.5,-25.0,29.382568
1987-01-06,31.5,-25.0,30.793701
1987-01-07,31.5,-25.0,29.257538
1987-01-08,31.5,-25.0,27.325806
1987-01-09,31.5,-25.0,27.92691
1987-01-10,31.5,-25.0,31.487274
1987-01-11,31.5,-25.0,31.896576
1987-01-12,31.5,-25.0,33.11078
1987-01-13,31.5,-25.0,29.762756
1987-01-14,31.5,-25.0,33.831757
1987-01-15,31.5,-25.0,29.980255
1987-01-16,31.5,-25.0,29.749054
1987-01-17,31.5,-25.0,29.663422
1987-01-18,31.5,-25.0,30.355286
1987-01-19,31.5,-25.0,33.19467
1987-01-20,31.5,-25.0,33.889984
1987-01-21,31.5,-25.0,25.303284
1987-01-22,31.5,-25.0,26.731567
1987-01-23,31.5,-25.0,30.254242
1987-01-24,31.5,-25.0,34.211945
1987-01-25,31.5,-25.0,22.498138
1987-01-26,31.5,-25.0,25.11319
1987-01-27,31.5,-25.0,29.61206
1987-01-28,31.5,-25.0,32.19113
1987-01-29,31.5,-25.0,28.980133
1987-01-30,31.5,-25.0,33.37622
1987-01-31,31.5,-25.0,32.038727
1987-02-01,31.5,-25.0,32.787872
1987-02-02,31.5,-25.0,35.31659
1987-02-03,31.5,-25.0,34.953247
1987-02-04,31.5,-25.0,36.66687
1987-02-05,31.5,-25.0,30.712524
1987-02-06,31.5,-25.0,32.78296
1987-02-07,31.5,-25.0,30.244415
1987-02-08,31.5,-25.0,30.910553
1987-02-09,31.5,-25.0,33.46875
1987-02-10,31.5,-25.0,35.822327
1987-02-11,31.5,-25.0,27.920288
1987-02-12,31.5,-25.0,29.50299
1987-02-13,31.5,-25.0,33.069397
1987-02-14,31.5,-25.0,35.054718
1987-02-15,31.5,-25.0,34.116882
1987-02-16,31.5,-25.0,33.138123
1987-02-17,31.5,-25.0,33.298523
1987-02-18,31.5,-25.0,35.38861
1987-02-19,31.5,-25.0,36.6456
1987-02-20,31.5,-25.0,37.393555
1987-02-21,31.5,-25.0,30.25589
1987-02-22,31.5,-25.0,34.859955
1987-02-23,31.5,-25.0,37.04657
1987-02-24,31.5,-25.0,33.378723
1987-02-25,31.5,-25.0,34.997437
1987-02-26,31.5,-25.0,32.951538
1987-02-27,31.5,-25.0,34.267456
1987-02-28,31.5,-25.0,33.68643
1987-03-01,31.5,-25.0,32.179535
1987-03-02,31.5,-25.0,31.46463
1987-03-03,31.5,-25.0,33.870087
1987-03-04,31.5,-25.0,31.091644
1987-03-05,31.5,-25.0,33.704315
1987-03-06,31.5,-25.0,32.77185
1987-03-07,31.5,-25.0,28.85196
1987-03-08,31.5,-25.0,31.405914
1987-03-09,31.5,-25.0,31.97406
1987-03-10,31.5,-25.0,25.26883
1987-03-11,31.5,-25.0,26.249664
1987-03-12,31.5,-25.0,29.029846
1987-03-13,31.5,-25.0,32.442017
1987-03-14,31.5,-25.0,33.445282
1987-03-15,31.5,-25.0,33.334778
1987-03-16,31.5,-25.0,31.131378
1987-03-17,31.5,-25.0,29.028107
1987-03-18,31.5,-25.0,29.2146
1987-03-19,31.5,-25.0,32.234802
1987-03-20,31.5,-25.0,31.302307
1987-03-21,31.5,-25.0,30.250702
1987-03-22,31.5,-25.0,28.095642
1987-03-23,31.5,-25.0,28.088715
1987-03-24,31.5,-25.0,29.573792
1987-03-25,31.5,-25.0,30.342224
1987-03-26,31.5,-25.0,26.902405
1987-03-27,31.5,-25.0,26.09079
1987-03-28,31.5,-25.0,26.712463
1987-03-29,31.5,-25.0,31.10373
1987-03-30,31.5,-25.0,32.50592
1987-03-31,31.5,-25.0,30.25586
1987-04-01,31.5,-25.0,33.272217
1987-04-02,31.5,-25.0,31.612091
1987-04-03,31.5,-25.0,33.85199
1987-04-04,31.5,-25.0,36.509674
1987-04-05,31.5,-25.0,30.669739
1987-04-06,31.5,-25.0,33.955048
1987-04-07,31.5,-25.0,35.598633
1987-04-08,31.5,-25.0,30.548248
1987-04-09,31.5,-25.0,30.404694
1987-04-10,31.5,-25.0,35.933594
1987-04-11,31.5,-25.0,24.756165
1987-04-12,31.5,-25.0,24.585022
1987-04-13,31.5,-25.0,30.255615
1987-04-14,31.5,-25.0,32.539703
1987-04-15,31.5,-25.0,35.1109
1987-04-16,31.5,-25.0,21.25
1987-04-17,31.5,-25.0,24.774597
1987-04-18,31.5,-25.0,25.076416
1987-04-19,31.5,-25.0,26.272766
1987-04-20,31.5,-25.0,27.85376
1987-04-21,31.5,-25.0,28.923096
1987-04-22,31.5,-25.0,27.940247
1987-04-23,31.5,-25.0,31.11145
1987-04-24,31.5,-25.0,23.145721
1987-04-25,31.5,-25.0,25.11139
1987-04-26,31.5,-25.0,25.359863
1987-04-27,31.5,-25.0,26.62613
1987-04-28,31.5,-25.0,29.653778
1987-04-29,31.5,-25.0,27.209564
1987-04-30,31.5,-25.0,26.291168
1987-05-01,31.5,-25.0,27.69397
1987-05-02,31.5,-25.0,25.16455
1987-05-03,31.5,-25.0,25.56723
1987-05-04,31.5,-25.0,26.029327
1987-05-05,31.5,-25.0,30.759674
1987-05-06,31.5,-25.0,29.946869
1987-05-07,31.5,-25.0,31.307129
1987-05-08,31.5,-25.0,28.536469
1987-05-09,31.5,-25.0,32.585754
1987-05-10,31.5,-25.0,31.852722
1987-05-11,31.5,-25.0,31.795197
1987-05-12,31.5,-25.0,32.095856
1987-05-13,31.5,-25.0,33.552612
1987-05-14,31.5,-25.0,34.11493
1987-05-15,31.5,-25.0,25.446625
1987-05-16,31.5,-25.0,32.99774
1987-05-17,31.5,-25.0,32.42801
1987-05-18,31.5,-25.0,32.698975
1987-05-19,31.5,-25.0,27.640137
1987-05-20,31.5,-25.0,25.955109
1987-05-21,31.5,-25.0,25.611786
1987-05-22,31.5,-25.0,22.681519
1987-05-23,31.5,-25.0,21.178345
1987-05-24,31.5,-25.0,22.464386
1987-05-25,31.5,-25.0,22.238007
1987-05-26,31.5,-25.0,25.481873
1987-05-27,31.5,-25.0,22.440277
1987-05-28,31.5,-25.0,24.79895
1987-05-29,31.5,-25.0,25.847473
1987-05-30,31.5,-25.0,24.047363
1987-05-31,31.5,-25.0,25.52826
1987-06-01,31.5,-25.0,27.660889
1987-06-02,31.5,-25.0,26.473541
1987-06-03,31.5,-25.0,21.476746
1987-06-04,31.5,-25.0,24.622803
1987-06-05,31.5,-25.0,29.6922
1987-06-06,31.5,-25.0,22.116547
1987-06-07,31.5,-25.0,21.839844
1987-06-08,31.5,-25.0,21.97525
1987-06-09,31.5,-25.0,22.242157
1987-06-10,31.5,-25.0,26.22821
1987-06-11,31.5,-25.0,22.815247
1987-06-12,31.5,-25.0,20.161804
1987-06-13,31.5,-25.0,19.80658
1987-06-14,31.5,-25.0,24.522705
1987-06-15,31.5,-25.0,26.440155
1987-06-16,31.5,-25.0,27.23108
1987-06-17,31.5,-25.0,28.053406
1987-06-18,31.5,-25.0,18.472015
1987-06-19,31.5,-25.0,17.3396
1987-06-20,31.5,-25.0,17.494629
1987-06-21,31.5,-25.0,17.679138
1987-06-22,31.5,-25.0,18.619202
1987-06-23,31.5,-25.0,22.1362
1987-06-24,31.5,-25.0,23.61795
1987-06-25,31.5,-25.0,24.29898
1987-06-26,31.5,-25.0,14.429077
1987-06-27,31.5,-25.0,22.138153
1987-06-28,31.5,-25.0,22.336365
1987-06-29,31.5,-25.0,19.629944
1987-06-30,31.5,-25.0,18.697723
1987-07-01,31.5,-25.0,21.54953
1987-07-02,31.5,-25.0,23.28897
1987-07-03,31.5,-25.0,25.078217
1987-07-04,31.5,-25.0,21.189758
1987-07-05,31.5,-25.0,22.230774
1987-07-06,31.5,-25.0,25.518341
1987-07-07,31.5,-25.0,20.845306
1987-07-08,31.5,-25.0,21.731323
1987-07-09,31.5,-25.0,21.291168
1987-07-10,31.5,-25.0,24.217072
1987-07-11,31.5,-25.0,25.250427
1987-07-12,31.5,-25.0,21.863342
1987-07-13,31.5,-25.0,22.760834
1987-07-14,31.5,-25.0,25.311676
1987-07-15,31.5,-25.0,23.369354
1987-07-16,31.5,-25.0,21.317963
1987-07-17,31.5,-25.0,21.704529
1987-07-18,31.5,-25.0,23.377014
1987-07-19,31.5,-25.0,24.159668
1987-07-20,31.5,-25.0,25.76709
1987-07-21,31.5,-25.0,20.13153
1987-07-22,31.5,-25.0,20.93335
1987-07-23,31.5,-25.0,20.14685
1987-07-24,31.5,-25.0,22.364716
1987-07-25,31.5,-25.0,24.291718
1987-07-26,31.5,-25.0,28.185913
1987-07-27,31.5,-25.0,25.317413
1987-07-28,31.5,-25.0,25.981415
1987-07-29,31.5,-25.0,23.98172
1987-07-30,31.5,-25.0,21.825073
1987-07-31,31.5,-25.0,24.965302
1987-08-01,31.5,-25.0,23.693726
1987-08-02,31.5,-25.0,24.20346
1987-08-03,31.5,-25.0,27.381714
1987-08-04,31.5,-25.0,31.616577
1987-08-05,31.5,-25.0,20.040802
1987-08-06,31.5,-25.0,19.178162
1987-08-07,31.5,-25.0,19.836517
1987-08-08,31.5,-25.0,20.422607
1987-08-09,31.5,-25.0,21.266693
1987-08-10,31.5,-25.0,25.509857
1987-08-11,31.5,-25.0,27.453918
1987-08-12,31.5,-25.0,29.16687
1987-08-13,31.5,-25.0,19.923187
1987-08-14,31.5,-25.0,18.577606
1987-08-15,31.5,-25.0,24.009491
1987-08-16,31.5,-25.0,19.231812
1987-08-17,31.5,-25.0,26.461243
1987-08-18,31.5,-25.0,25.990723
1987-08-19,31.5,-25.0,25.868958
1987-08-20,31.5,-25.0,22.174774
1987-08-21,31.5,-25.0,26.696533
1987-08-22,31.5,-25.0,29.38977
1987-08-23,31.5,-25.0,30.848846
1987-08-24,31.5,-25.0,26.855438
1987-08-25,31.5,-25.0,15.104248
1987-08-26,31.5,-25.0,16.84195
1987-08-27,31.5,-25.0,19.954132
1987-08-28,31.5,-25.0,24.461456
1987-08-29,31.5,-25.0,20.812683
1987-08-30,31.5,-25.0,25.404602
1987-08-31,31.5,-25.0,28.94812
1987-09-01,31.5,-25.0,29.967377
1987-09-02,31.5,-25.0,23.821045
1987-09-03,31.5,-25.0,24.209137
1987-09-04,31.5,-25.0,24.601013
1987-09-05,31.5,-25.0,17.185852
1987-09-06,31.5,-25.0,19.36969
1987-09-07,31.5,-25.0,20.726013
1987-09-08,31.5,-25.0,23.590881
1987-09-09,31.5,-25.0,24.880646
1987-09-10,31.5,-25.0,24.087372
1987-09-11,31.5,-25.0,27.279419
1987-09-12,31.5,-25.0,28.266724
1987-09-13,31.5,-25.0,30.172821
1987-09-14,31.5,-25.0,28.384674
1987-09-15,31.5,-25.0,31.5672
1987-09-16,31.5,-25.0,26.931305
1987-09-17,31.5,-25.0,15.926544
1987-09-18,31.5,-25.0,20.39502
1987-09-19,31.5,-25.0,22.137512
1987-09-20,31.5,-25.0,29.375763
1987-09-21,31.5,-25.0,29.74292
1987-09-22,31.5,-25.0,26.326385
1987-09-23,31.5,-25.0,27.425903
1987-09-24,31.5,-25.0,27.589508
1987-09-25,31.5,-25.0,27.850128
1987-09-26,31.5,-25.0,18.46991
1987-09-27,31.5,-25.0,17.073608
1987-09-28,31.5,-25.0,18.156036
1987-09-29,31.5,-25.0,25.37143
1987-09-30,31.5,-25.0,25.95163
1987-10-01,31.5,-25.0,26.665588
1987-10-02,31.5,-25.0,15.355804
1987-10-03,31.5,-25.0,16.91925
1987-10-04,31.5,-25.0,19.685425
1987-10-05,31.5,-25.0,23.48526
1987-10-06,31.5,-25.0,26.106506
1987-10-07,31.5,-25.0,25.880432
1987-10-08,31.5,-25.0,24.838165
1987-10-09,31.5,-25.0,28.292877
1987-10-10,31.5,-25.0,24.603455
1987-10-11,31.5,-25.0,29.160858
1987-10-12,31.5,-25.0,27.078033
1987-10-13,31.5,-25.0,17.970154
1987-10-14,31.5,-25.0,21.828644
1987-10-15,31.5,-25.0,21.404144
1987-10-16,31.5,-25.0,22.986542
1987-10-17,31.5,-25.0,23.771729
1987-10-18,31.5,-25.0,25.326508
1987-10-19,31.5,-25.0,25.856262
1987-10-20,31.5,-25.0,24.534454
1987-10-21,31.5,-25.0,21.471436
1987-10-22,31.5,-25.0,26.153076
1987-10-23,31.5,-25.0,27.435242
1987-10-24,31.5,-25.0,27.6026
1987-10-25,31.5,-25.0,31.229889
1987-10-26,31.5,-25.0,25.704407
1987-10-27,31.5,-25.0,20.831238
1987-10-28,31.5,-25.0,31.961548
1987-10-29,31.5,-25.0,23.466278
1987-10-30,31.5,-25.0,24.442993
1987-10-31,31.5,-25.0,30.99347
1987-11-01,31.5,-25.0,30.293
1987-11-02,31.5,-25.0,29.868286
1987-11-03,31.5,-25.0,36.769287
1987-11-04,31.5,-25.0,31.928986
1987-11-05,31.5,-25.0,37.09491
1987-11-06,31.5,-25.0,25.208893
1987-11-07,31.5,-25.0,26.56015
1987-11-08,31.5,-25.0,29.360168
1987-11-09,31.5,-25.0,29.41681
1987-11-10,31.5,-25.0,22.566132
1987-11-11,31.5,-25.0,19.335083
1987-11-12,31.5,-25.0,21.016663
1987-11-13,31.5,-25.0,23.105713
1987-11-14,31.5,-25.0,29.220184
1987-11-15,31.5,-25.0,32.053253
1987-11-16,31.5,-25.0,33.483185
1987-11-17,31.5,-25.0,26.278564
1987-11-18,31.5,-25.0,29.786469
1987-11-19,31.5,-25.0,34.09665
1987-11-20,31.5,-25.0,23.308624
1987-11-21,31.5,-25.0,26.231354
1987-11-22,31.5,-25.0,25.226196
1987-11-23,31.5,-25.0,31.390991
1987-11-24,31.5,-25.0,33.83554
1987-11-25,31.5,-25.0,34.405
1987-11-26,31.5,-25.0,31.973022
1987-11-27,31.5,-25.0,28.77185
1987-11-28,31.5,-25.0,21.86142
1987-11-29,31.5,-25.0,28.506012
1987-11-30,31.5,-25.0,30.77121
1987-12-01,31.5,-25.0,28.417206
1987-12-02,31.5,-25.0,31.057587
1987-12-03,31.5,-25.0,35.464844
1987-12-04,31.5,-25.0,30.417358
1987-12-05,31.5,-25.0,32.056824
1987-12-06,31.5,-25.0,29.394928
1987-12-07,31.5,-25.0,31.942688
1987-12-08,31.5,-25.0,25.098541
1987-12-09,31.5,-25.0,30.314789
1987-12-10,31.5,-25.0,31.085724
1987-12-11,31.5,-25.0,27.115204
1987-12-12,31.5,-25.0,28.903595
1987-12-13,31.5,-25.0,25.556793
1987-12-14,31.5,-25.0,27.750488
1987-12-15,31.5,-25.0,29.509094
1987-12-16,31.5,-25.0,32.10315
1987-12-17,31.5,-25.0,27.255829
1987-12-18,31.5,-25.0,31.712708
1987-12-19,31.5,-25.0,31.568787
1987-12-20,31.5,-25.0,29.737396
1987-12-21,31.5,-25.0,27.829895
1987-12-22,31.5,-25.0,29.75064
1987-12-23,31.5,-25.0,32.79138
1987-12-24,31.5,-25.0,26.097778
1987-12-25,31.5,-25.0,32.338074
1987-12-26,31.5,-25.0,32.142853
1987-12-27,31.5,-25.0,33.024628
1987-12-28,31.5,-25.0,25.20111
1987-12-29,31.5,-25.0,23.773376
1987-12-30,31.5,-25.0,29.130249
1987-12-31,31.5,-25.0,31.77063
1988-01-01,31.5,-25.0,32.305664
1988-01-02,31.5,-25.0,29.695404
1988-01-03,31.5,-25.0,31.1828
1988-01-04,31.5,-25.0,32.191742
1988-01-05,31.5,-25.0,35.905334
1988-01-06,31.5,-25.0,38.17383
1988-01-07,31.5,-25.0,25.703583
1988-01-08,31.5,-25.0,29.744232
1988-01-09,31.5,-25.0,33.39273
1988-01-10,31.5,-25.0,24.852478
1988-01-11,31.5,-25.0,29.290222
1988-01-12,31.5,-25.0,32.100616
1988-01-13,31.5,-25.0,35.545685
1988-01-14,31.5,-25.0,35.269043
1988-01-15,31.5,-25.0,34.81665
1988-01-16,31.5,-25.0,38.125
1988-01-17,31.5,-25.0,30.556274
1988-01-18,31.5,-25.0,35.67749
1988-01-19,31.5,-25.0,38.25357
1988-01-20,31.5,-25.0,35.565216
1988-01-21,31.5,-25.0,37.63031
1988-01-22,31.5,-25.0,25.212128
1988-01-23,31.5,-25.0,28.873627
1988-01-24,31.5,-25.0,34.147797
1988-01-25,31.5,-25.0,26.408203
1988-01-26,31.5,-25.0,31.133972
1988-01-27,31.5,-25.0,31.537567
1988-01-28,31.5,-25.0,31.500122
1988-01-29,31.5,-25.0,33.67099
1988-01-30,31.5,-25.0,37.485474
1988-01-31,31.5,-25.0,37.939484
1988-02-01,31.5,-25.0,29.148987
1988-02-02,31.5,-25.0,32.19641
1988-02-03,31.5,-25.0,33.701538
1988-02-04,31.5,-25.0,34.6586
1988-02-05,31.5,-25.0,35.42166
1988-02-06,31.5,-25.0,33.97638
1988-02-07,31.5,-25.0,35.032043
1988-02-08,31.5,-25.0,33.9198
1988-02-09,31.5,-25.0,30.998474
1988-02-10,31.5,-25.0,28.728668
1988-02-11,31.5,-25.0,29.131226
1988-02-12,31.5,-25.0,31.603088
1988-02-13,31.5,-25.0,31.310486
1988-02-14,31.5,-25.0,31.535187
1988-02-15,31.5,-25.0,34.8219
1988-02-16,31.5,-25.0,34.89627
1988-02-17,31.5,-25.0,32.261078
1988-02-18,31.5,-25.0,32.20288
1988-02-19,31.5,-25.0,34.42581
1988-02-20,31.5,-25.0,33.45581
1988-02-21,31.5,-25.0,31.517426
1988-02-22,31.5,-25.0,29.55478
1988-02-23,31.5,-25.0,29.84903
1988-02-24,31.5,-25.0,29.760101
1988-02-25,31.5,-25.0,27.207367
1988-02-26,31.5,-25.0,27.482208
1988-02-27,31.5,-25.0,29.475555
1988-02-28,31.5,-25.0,31.795471
1988-02-29,31.5,-25.0,30.741425
1988-03-01,31.5,-25.0,30.945435
1988-03-02,31.5,-25.0,29.962128
1988-03-03,31.5,-25.0,29.070068
1988-03-04,31.5,-25.0,26.534088
1988-03-05,31.5,-25.0,28.509155
1988-03-06,31.5,-25.0,31.41513
1988-03-07,31.5,-25.0,25.67749
1988-03-08,31.5,-25.0,27.995514
1988-03-09,31.5,-25.0,28.688232
1988-03-10,31.5,-25.0,23.038452
1988-03-11,31.5,-25.0,22.617737
1988-03-12,31.5,-25.0,26.937866
1988-03-13,31.5,-25.0,30.124329
1988-03-14,31.5,-25.0,29.926666
1988-03-15,31.5,-25.0,28.96701
1988-03-16,31.5,-25.0,31.408386
1988-03-17,31.5,-25.0,27.035858
1988-03-18,31.5,-25.0,29.135956
1988-03-19,31.5,-25.0,29.196777
1988-03-20,31.5,-25.0,29.713776
1988-03-21,31.5,-25.0,28.412842
1988-03-22,31.5,-25.0,31.646606
1988-03-23,31.5,-25.0,31.443848
1988-03-24,31.5,-25.0,30.090546
1988-03-25,31.5,-25.0,30.392975
1988-03-26,31.5,-25.0,31.671936
1988-03-27,31.5,-25.0,29.036285
1988-03-28,31.5,-25.0,29.284637
1988-03-29,31.5,-25.0,29.624237
1988-03-30,31.5,-25.0,30.372711
1988-03-31,31.5,-25.0,30.894775
1988-04-01,31.5,-25.0,33.29019
1988-04-02,31.5,-25.0,31.740723
1988-04-03,31.5,-25.0,34.332214
1988-04-04,31.5,-25.0,29.180023
1988-04-05,31.5,-25.0,26.532349
1988-04-06,31.5,-25.0,32.143036
1988-04-07,31.5,-25.0,32.369568
1988-04-08,31.5,-25.0,33.786743
1988-04-09,31.5,-25.0,21.224304
1988-04-10,31.5,-25.0,24.95752
1988-04-11,31.5,-25.0,25.497559
1988-04-12,31.5,-25.0,23.85022
1988-04-13,31.5,-25.0,23.797668
1988-04-14,31.5,-25.0,25.05899
1988-04-15,31.5,-25.0,27.32611
1988-04-16,31.5,-25.0,25.62622
1988-04-17,31.5,-25.0,24.337738
1988-04-18,31.5,-25.0,23.908234
1988-04-19,31.5,-25.0,28.420685
1988-04-20,31.5,-25.0,30.595367
1988-04-21,31.5,-25.0,28.487762
1988-04-22,31.5,-25.0,27.945892
1988-04-23,31.5,-25.0,25.948792
1988-04-24,31.5,-25.0,28.819397
1988-04-25,31.5,-25.0,29.953857
1988-04-26,31.5,-25.0,23.302948
1988-04-27,31.5,-25.0,27.683105
1988-04-28,31.5,-25.0,23.014801
1988-04-29,31.5,-25.0,24.250732
1988-04-30,31.5,-25.0,23.614655
1988-05-01,31.5,-25.0,24.760681
1988-05-02,31.5,-25.0,24.862213
1988-05-03,31.5,-25.0,24.365662
1988-05-04,31.5,-25.0,24.961884
1988-05-05,31.5,-25.0,23.287659
1988-05-06,31.5,-25.0,23.509155
1988-05-07,31.5,-25.0,23.295044
1988-05-08,31.5,-25.0,26.639801
1988-05-09,31.5,-25.0,28.681366
1988-05-10,31.5,-25.0,24.77359
1988-05-11,31.5,-25.0,23.634674
1988-05-12,31.5,-25.0,25.229523
1988-05-13,31.5,-25.0,25.967896
1988-05-14,31.5,-25.0,25.297821
1988-05-15,31.5,-25.0,26.305695
1988-05-16,31.5,-25.0,27.972534
1988-05-17,31.5,-25.0,29.019165
1988-05-18,31.5,-25.0,23.902344
1988-05-19,31.5,-25.0,29.28128
1988-05-20,31.5,-25.0,25.554413
1988-05-21,31.5,-25.0,24.520721
1988-05-22,31.5,-25.0,29.53601
1988-05-23,31.5,-25.0,29.318207
1988-05-24,31.5,-25.0,31.58496
1988-05-25,31.5,-25.0,26.759796
1988-05-26,31.5,-25.0,28.356476
1988-05-27,31.5,-25.0,28.805054
1988-05-28,31.5,-25.0,29.667084
1988-05-29,31.5,-25.0,22.294556
1988-05-30,31.5,-25.0,23.071686
1988-05-31,31.5,-25.0,22.157959
1988-06-01,31.5,-25.0,23.872192
1988-06-02,31.5,-25.0,26.053467
1988-06-03,31.5,-25.0,26.893036
1988-06-04,31.5,-25.0,30.419952
1988-06-05,31.5,-25.0,26.44513
1988-06-06,31.5,-25.0,30.677826
1988-06-07,31.5,-25.0,29.105347
1988-06-08,31.5,-25.0,24.486816
1988-06-09,31.5,-25.0,19.523163
1988-06-10,31.5,-25.0,20.494568
1988-06-11,31.5,-25.0,21.10727
1988-06-12,31.5,-25.0,21.73938
1988-06-13,31.5,-25.0,24.866852
1988-06-14,31.5,-25.0,23.214874
1988-06-15,31.5,-25.0,23.686035
1988-06-16,31.5,-25.0,18.931793
1988-06-17,31.5,-25.0,23.5542
1988-06-18,31.5,-25.0,22.81546
1988-06-19,31.5,-25.0,23.744202
1988-06-20,31.5,-25.0,26.111633
1988-06-21,31.5,-25.0,26.367584
1988-06-22,31.5,-25.0,18.105804
1988-06-23,31.5,-25.0,20.736938
1988-06-24,31.5,-25.0,20.725311
1988-06-25,31.5,-25.0,21.192596
1988-06-26,31.5,-25.0,21.979797
1988-06-27,31.5,-25.0,23.052032
1988-06-28,31.5,-25.0,22.410248
1988-06-29,31.5,-25.0,16.907562
1988-06-30,31.5,-25.0,19.2052
1988-07-01,31.5,-25.0,22.238708
1988-07-02,31.5,-25.0,21.604462
1988-07-03,31.5,-25.0,23.157227
1988-07-04,31.5,-25.0,24.809418
1988-07-05,31.5,-25.0,25.684235
1988-07-06,31.5,-25.0,24.310394
1988-07-07,31.5,-25.0,26.330383
1988-07-08,31.5,-25.0,22.29834
1988-07-09,31.5,-25.0,23.910767
1988-07-10,31.5,-25.0,20.159058
1988-07-11,31.5,-25.0,14.214355
1988-07-12,31.5,-25.0,20.157043
1988-07-13,31.5,-25.0,22.216827
1988-07-14,31.5,-25.0,18.88263
1988-07-15,31.5,-25.0,23.03595
1988-07-16,31.5,-25.0,24.497284
1988-07-17,31.5,-25.0,26.519287
1988-07-18,31.5,-25.0,24.70404
1988-07-19,31.5,-25.0,26.113678
1988-07-20,31.5,-25.0,27.620728
1988-07-21,31.5,-25.0,26.282684
1988-07-22,31.5,-25.0,23.77359
1988-07-23,31.5,-25.0,26.338348
1988-07-24,31.5,-25.0,23.081696
1988-07-25,31.5,-25.0,24.932709
1988-07-26,31.5,-25.0,26.151459
1988-07-27,31.5,-25.0,23.938599
1988-07-28,31.5,-25.0,23.294434
1988-07-29,31.5,-25.0,25.258759
1988-07-30,31.5,-25.0,27.813599
1988-07-31,31.5,-25.0,28.248993
1988-08-01,31.5,-25.0,23.449188
1988-08-02,31.5,-25.0,29.336914
1988-08-03,31.5,-25.0,24.079926
1988-08-04,31.5,-25.0,27.519562
1988-08-05,31.5,-25.0,25.402557
1988-08-06,31.5,-25.0,28.274475
1988-08-07,31.5,-25.0,30.05243
1988-08-08,31.5,-25.0,29.764648
1988-08-09,31.5,-25.0,22.242859
1988-08-10,31.5,-25.0,20.3013
1988-08-11,31.5,-25.0,21.545074
1988-08-12,31.5,-25.0,22.516846
1988-08-13,31.5,-25.0,26.638458
1988-08-14,31.5,-25.0,24.947235
1988-08-15,31.5,-25.0,29.427582
1988-08-16,31.5,-25.0,28.497223
1988-08-17,31.5,-25.0,29.04718
1988-08-18,31.5,-25.0,19.999725
1988-08-19,31.5,-25.0,19.512848
1988-08-20,31.5,-25.0,24.24353
1988-08-21,31.5,-25.0,26.979462
1988-08-22,31.5,-25.0,26.425568
1988-08-23,31.5,-25.0,23.62265
1988-08-24,31.5,-25.0,22.1167
1988-08-25,31.5,-25.0,23.161407
1988-08-26,31.5,-25.0,28.333618
1988-08-27,31.5,-25.0,32.520294
1988-08-28,31.5,-25.0,22.966248
1988-08-29,31.5,-25.0,28.647034
1988-08-30,31.5,-25.0,33.56302
1988-08-31,31.5,-25.0,33.32846
1988-09-01,31.5,-25.0,25.606659
1988-09-02,31.5,-25.0,14.607391
1988-09-03,31.5,-25.0,17.579224
1988-09-04,31.5,-25.0,25.04123
1988-09-05,31.5,-25.0,23.446869
1988-09-06,31.5,-25.0,28.674896
1988-09-07,31.5,-25.0,30.708649
1988-09-08,31.5,-25.0,28.356018
1988-09-09,31.5,-25.0,29.82431
1988-09-10,31.5,-25.0,33.656372
1988-09-11,31.5,-25.0,36.911835
1988-09-12,31.5,-25.0,19.6315
1988-09-13,31.5,-25.0,20.849518
1988-09-14,31.5,-25.0,22.364166
1988-09-15,31.5,-25.0,30.92926
1988-09-16,31.5,-25.0,31.780212
1988-09-17,31.5,-25.0,25.678955
1988-09-18,31.5,-25.0,24.333038
1988-09-19,31.5,-25.0,26.808014
1988-09-20,31.5,-25.0,31.537323
1988-09-21,31.5,-25.0,28.437592
1988-09-22,31.5,-25.0,31.650421
1988-09-23,31.5,-25.0,27.607025
1988-09-24,31.5,-25.0,28.817657
1988-09-25,31.5,-25.0,34.37384
1988-09-26,31.5,-25.0,36.144318
1988-09-27,31.5,-25.0,24.44983
1988-09-28,31.5,-25.0,23.070526
1988-09-29,31.5,-25.0,32.31784
1988-09-30,31.5,-25.0,37.975983
1988-10-01,31.5,-25.0,30.70987
1988-10-02,31.5,-25.0,30.559814
1988-10-03,31.5,-25.0,20.610687
1988-10-04,31.5,-25.0,31.001312
1988-10-05,31.5,-25.0,30.786682
1988-10-06,31.5,-25.0,33.364258
1988-10-07,31.5,-25.0,34.05011
1988-10-08,31.5,-25.0,34.589355
1988-10-09,31.5,-25.0,34.631226
1988-10-10,31.5,-25.0,33.74469
1988-10-11,31.5,-25.0,20.710175
1988-10-12,31.5,-25.0,15.898804
1988-10-13,31.5,-25.0,15.115234
1988-10-14,31.5,-25.0,17.350769
1988-10-15,31.5,-25.0,22.886383
1988-10-16,31.5,-25.0,28.647125
1988-10-17,31.5,-25.0,33.816254
1988-10-18,31.5,-25.0,22.005066
1988-10-19,31.5,-25.0,17.418823
1988-10-20,31.5,-25.0,18.120361
1988-10-21,31.5,-25.0,21.81137
1988-10-22,31.5,-25.0,29.163696
1988-10-23,31.5,-25.0,21.498993
1988-10-24,31.5,-25.0,23.012024
1988-10-25,31.5,-25.0,29.636627
1988-10-26,31.5,-25.0,18.420532
1988-10-27,31.5,-25.0,18.661377
1988-10-28,31.5,-25.0,29.40625
1988-10-29,31.5,-25.0,32.104248
1988-10-30,31.5,-25.0,18.064514
1988-10-31,31.5,-25.0,29.704681
1988-11-01,31.5,-25.0,31.794342
1988-11-02,31.5,-25.0,30.176605
1988-11-03,31.5,-25.0,33.301025
1988-11-04,31.5,-25.0,19.367096
1988-11-05,31.5,-25.0,25.547089
1988-11-06,31.5,-25.0,25.313965
1988-11-07,31.5,-25.0,29.461609
1988-11-08,31.5,-25.0,31.019897
1988-11-09,31.5,-25.0,33.66086
1988-11-10,31.5,-25.0,22.192688
1988-11-11,31.5,-25.0,25.357788
1988-11-12,31.5,-25.0,26.499908
1988-11-13,31.5,-25.0,27.019348
1988-11-14,31.5,-25.0,30.913513
1988-11-15,31.5,-25.0,28.435242
1988-11-16,31.5,-25.0,20.477936
1988-11-17,31.5,-25.0,20.607788
1988-11-18,31.5,-25.0,20.695404
1988-11-19,31.5,-25.0,26.764313
1988-11-20,31.5,-25.0,29.21283
1988-11-21,31.5,-25.0,29.899689
1988-11-22,31.5,-25.0,32.348206
1988-11-23,31.5,-25.0,31.97583
1988-11-24,31.5,-25.0,34.881226
1988-11-25,31.5,-25.0,33.88147
1988-11-26,31.5,-25.0,31.42041
1988-11-27,31.5,-25.0,33.238434
1988-11-28,31.5,-25.0,34.03479
1988-11-29,31.5,-25.0,21.147552
1988-11-30,31.5,-25.0,22.158264
1988-12-01,31.5,-25.0,25.401215
1988-12-02,31.5,-25.0,30.584229
1988-12-03,31.5,-25.0,30.14087
1988-12-04,31.5,-25.0,26.223083
1988-12-05,31.5,-25.0,30.06363
1988-12-06,31.5,-25.0,18.854095
1988-12-07,31.5,-25.0,21.733734
1988-12-08,31.5,-25.0,21.120422
1988-12-09,31.5,-25.0,23.71579
1988-12-10,31.5,-25.0,25.348694
1988-12-11,31.5,-25.0,28.929688
1988-12-12,31.5,-25.0,24.604065
1988-12-13,31.5,-25.0,27.075867
1988-12-14,31.5,-25.0,29.285004
1988-12-15,31.5,-25.0,30.800507
1988-12-16,31.5,-25.0,22.929443
1988-12-17,31.5,-25.0,23.287842
1988-12-18,31.5,-25.0,26.839478
1988-12-19,31.5,-25.0,26.929077
1988-12-20,31.5,-25.0,30.21811
1988-12-21,31.5,-25.0,27.869904
1988-12-22,31.5,-25.0,29.946198
1988-12-23,31.5,-25.0,35.291443
1988-12-24,31.5,-25.0,34.237823
1988-12-25,31.5,-25.0,35.10141
1988-12-26,31.5,-25.0,27.837463
1988-12-27,31.5,-25.0,22.004059
1988-12-28,31.5,-25.0,25.807526
1988-12-29,31.5,-25.0,30.650665
1988-12-30,31.5,-25.0,27.037231
1988-12-31,31.5,-25.0,26.340485
1989-01-01,31.5,-25.0,27.119781
1989-01-02,31.5,-25.0,30.974518
1989-01-03,31.5,-25.0,33.389557
1989-01-04,31.5,-25.0,27.239075
1989-01-05,31.5,-25.0,29.504211
1989-01-06,31.5,-25.0,30.398956
1989-01-07,31.5,-25.0,33.516937
1989-01-08,31.5,-25.0,22.926483
1989-01-09,31.5,-25.0,24.815948
1989-01-10,31.5,-25.0,26.834412
1989-01-11,31.5,-25.0,28.141907
1989-01-12,31.5,-25.0,27.956512
1989-01-13,31.5,-25.0,27.580872
1989-01-14,31.5,-25.0,29.039886
1989-01-15,31.5,-25.0,29.704102
1989-01-16,31.5,-25.0,32.54477
1989-01-17,31.5,-25.0,29.212402
1989-01-18,31.5,-25.0,29.742798
1989-01-19,31.5,-25.0,31.82251
1989-01-20,31.5,-25.0,34.65674
1989-01-21,31.5,-25.0,34.12796
1989-01-22,31.5,-25.0,34.058624
1989-01-23,31.5,-25.0,29.1221
1989-01-24,31.5,-25.0,30.43927
1989-01-25,31.5,-25.0,24.429047
1989-01-26,31.5,-25.0,28.767426
1989-01-27,31.5,-25.0,32.44806
1989-01-28,31.5,-25.0,32.530273
1989-01-29,31.5,-25.0,32.407745
1989-01-30,31.5,-25.0,31.814453
1989-01-31,31.5,-25.0,34.639008
1989-02-01,31.5,-25.0,36.1214
1989-02-02,31.5,-25.0,33.634277
1989-02-03,31.5,-25.0,28.95874
1989-02-04,31.5,-25.0,26.851501
1989-02-05,31.5,-25.0,27.996033
1989-02-06,31.5,-25.0,28.077179
1989-02-07,31.5,-25.0,26.270294
1989-02-08,31.5,-25.0,28.04309
1989-02-09,31.5,-25.0,31.619568
1989-02-10,31.5,-25.0,22.645111
1989-02-11,31.5,-25.0,27.61612
1989-02-12,31.5,-25.0,29.450623
1989-02-13,31.5,-25.0,29.968506
1989-02-14,31.5,-25.0,26.319
1989-02-15,31.5,-25.0,27.073914
1989-02-16,31.5,-25.0,25.218292
1989-02-17,31.5,-25.0,28.250916
1989-02-18,31.5,-25.0,33.30957
1989-02-19,31.5,-25.0,32.42154
1989-02-20,31.5,-25.0,28.624298
1989-02-21,31.5,-25.0,31.307861
1989-02-22,31.5,-25.0,29.07724
1989-02-23,31.5,-25.0,25.335175
1989-02-24,31.5,-25.0,26.419647
1989-02-25,31.5,-25.0,28.325592
1989-02-26,31.5,-25.0,27.41806
1989-02-27,31.5,-25.0,28.341827
1989-02-28,31.5,-25.0,29.072357
1989-03-01,31.5,-25.0,31.878448
1989-03-02,31.5,-25.0,33.99948
1989-03-03,31.5,-25.0,24.10138
1989-03-04,31.5,-25.0,25.828491
1989-03-05,31.5,-25.0,28.861206
1989-03-06,31.5,-25.0,29.442657
1989-03-07,31.5,-25.0,29.335999
1989-03-08,31.5,-25.0,29.714447
1989-03-09,31.5,-25.0,31.202423
1989-03-10,31.5,-25.0,32.262054
1989-03-11,31.5,-25.0,33.75522
1989-03-12,31.5,-25.0,31.924896
1989-03-13,31.5,-25.0,35.70938
1989-03-14,31.5,-25.0,32.339478
1989-03-15,31.5,-25.0,33.849823
1989-03-16,31.5,-25.0,28.780365
1989-03-17,31.5,-25.0,31.41571
1989-03-18,31.5,-25.0,30.216736
1989-03-19,31.5,-25.0,30.560791
1989-03-20,31.5,-25.0,29.941498
1989-03-21,31.5,-25.0,30.868683
1989-03-22,31.5,-25.0,31.328003
1989-03-23,31.5,-25.0,29.783234
1989-03-24,31.5,-25.0,30.452393
1989-03-25,31.5,-25.0,29.236206
1989-03-26,31.5,-25.0,28.259125
1989-03-27,31.5,-25.0,29.490814
1989-03-28,31.5,-25.0,30.008606
1989-03-29,31.5,-25.0,30.949554
1989-03-30,31.5,-25.0,34.393402
1989-03-31,31.5,-25.0,28.262573
1989-04-01,31.5,-25.0,24.3721
1989-04-02,31.5,-25.0,26.057281
1989-04-03,31.5,-25.0,30.222504
1989-04-04,31.5,-25.0,30.204498
1989-04-05,31.5,-25.0,29.335754
1989-04-06,31.5,-25.0,28.297607
1989-04-07,31.5,-25.0,27.061188
1989-04-08,31.5,-25.0,26.199677
1989-04-09,31.5,-25.0,26.439392
1989-04-10,31.5,-25.0,27.167542
1989-04-11,31.5,-25.0,27.962372
1989-04-12,31.5,-25.0,27.362183
1989-04-13,31.5,-25.0,25.95996
1989-04-14,31.5,-25.0,27.57486
1989-04-15,31.5,-25.0,29.359192
1989-04-16,31.5,-25.0,25.19397
1989-04-17,31.5,-25.0,24.256744
1989-04-18,31.5,-25.0,25.370605
1989-04-19,31.5,-25.0,27.778534
1989-04-20,31.5,-25.0,30.992096
1989-04-21,31.5,-25.0,31.970764
1989-04-22,31.5,-25.0,26.071716
1989-04-23,31.5,-25.0,29.73587
1989-04-24,31.5,-25.0,25.112854
1989-04-25,31.5,-25.0,24.665894
1989-04-26,31.5,-25.0,25.107452
1989-04-27,31.5,-25.0,22.915802
1989-04-28,31.5,-25.0,26.75299
1989-04-29,31.5,-25.0,20.277191
1989-04-30,31.5,-25.0,22.248962
1989-05-01,31.5,-25.0,22.677582
1989-05-02,31.5,-25.0,24.802795
1989-05-03,31.5,-25.0,25.37146
1989-05-04,31.5,-25.0,27.304535
1989-05-05,31.5,-25.0,26.603882
1989-05-06,31.5,-25.0,26.365173
1989-05-07,31.5,-25.0,26.178833
1989-05-08,31.5,-25.0,25.586884
1989-05-09,31.5,-25.0,26.440857
1989-05-10,31.5,-25.0,26.72226
1989-05-11,31.5,-25.0,28.373932
1989-05-12,31.5,-25.0,31.684967
1989-05-13,31.5,-25.0,26.832886
1989-05-14,31.5,-25.0,18.345673
1989-05-15,31.5,-25.0,24.451508
1989-05-16,31.5,-25.0,26.407867
1989-05-17,31.5,-25.0,29.583038
1989-05-18,31.5,-25.0,31.570465
1989-05-19,31.5,-25.0,30.499115
1989-05-20,31.5,-25.0,29.34433
1989-05-21,31.5,-25.0,28.036224
1989-05-22,31.5,-25.0,29.396729
1989-05-23,31.5,-25.0,24.5932
1989-05-24,31.5,-25.0,29.802368
1989-05-25,31.5,-25.0,28.581573
1989-05-26,31.5,-25.0,30.188599
1989-05-27,31.5,-25.0,19.261719
1989-05-28,31.5,-25.0,16.736725
1989-05-29,31.5,-25.0,22.489319
1989-05-30,31.5,-25.0,25.746033
1989-05-31,31.5,-25.0,28.882416
1989-06-01,31.5,-25.0,30.65747
1989-06-02,31.5,-25.0,31.242004
1989-06-03,31.5,-25.0,19.178284
1989-06-04,31.5,-25.0,15.297943
1989-06-05,31.5,-25.0,15.008545
1989-06-06,31.5,-25.0,18.574738
1989-06-07,31.5,-25.0,17.260956
1989-06-08,31.5,-25.0,22.479828
1989-06-09,31.5,-25.0,21.209839
1989-06-10,31.5,-25.0,20.608185
1989-06-11,31.5,-25.0,23.563202
1989-06-12,31.5,-25.0,20.385406
1989-06-13,31.5,-25.0,20.486328
1989-06-14,31.5,-25.0,23.119568
1989-06-15,31.5,-25.0,18.807007
1989-06-16,31.5,-25.0,19.005035
1989-06-17,31.5,-25.0,19.669525
1989-06-18,31.5,-25.0,22.512177
1989-06-19,31.5,-25.0,24.787445
1989-06-20,31.5,-25.0,24.945496
1989-06-21,31.5,-25.0,24.24292
1989-06-22,31.5,-25.0,25.168243
1989-06-23,31.5,-25.0,23.473694
1989-06-24,31.5,-25.0,26.055511
1989-06-25,31.5,-25.0,27.683441
1989-06-26,31.5,-25.0,30.347107
1989-06-27,31.5,-25.0,22.784454
1989-06-28,31.5,-25.0,27.681519
1989-06-29,31.5,-25.0,28.486908
1989-06-30,31.5,-25.0,29.26947
1989-07-01,31.5,-25.0,27.911316
1989-07-02,31.5,-25.0,22.929474
1989-07-03,31.5,-25.0,28.208405
1989-07-04,31.5,-25.0,22.245178
1989-07-05,31.5,-25.0,30.64087
1989-07-06,31.5,-25.0,20.431854
1989-07-07,31.5,-25.0,20.02359
1989-07-08,31.5,-25.0,22.203003
1989-07-09,31.5,-25.0,25.337006
1989-07-10,31.5,-25.0,26.107574
1989-07-11,31.5,-25.0,28.501678
1989-07-12,31.5,-25.0,22.691803
1989-07-13,31.5,-25.0,22.967834
1989-07-14,31.5,-25.0,25.101257
1989-07-15,31.5,-25.0,25.045654
1989-07-16,31.5,-25.0,26.770782
1989-07-17,31.5,-25.0,29.18216
1989-07-18,31.5,-25.0,28.574524
1989-07-19,31.5,-25.0,20.025513
1989-07-20,31.5,-25.0,17.865234
1989-07-21,31.5,-25.0,17.177094
1989-07-22,31.5,-25.0,20.692566
1989-07-23,31.5,-25.0,21.417114
1989-07-24,31.5,-25.0,21.785156
1989-07-25,31.5,-25.0,23.700043
1989-07-26,31.5,-25.0,25.166412
1989-07-27,31.5,-25.0,28.44226
1989-07-28,31.5,-25.0,20.53537
1989-07-29,31.5,-25.0,22.931396
1989-07-30,31.5,-25.0,27.244263
1989-07-31,31.5,-25.0,31.369232
1989-08-01,31.5,-25.0,22.814484
1989-08-02,31.5,-25.0,27.698883
1989-08-03,31.5,-25.0,18.549744
1989-08-04,31.5,-25.0,21.527191
1989-08-05,31.5,-25.0,21.214508
1989-08-06,31.5,-25.0,23.374695
1989-08-07,31.5,-25.0,25.502258
1989-08-08,31.5,-25.0,24.05957
1989-08-09,31.5,-25.0,25.770844
1989-08-10,31.5,-25.0,29.561707
1989-08-11,31.5,-25.0,28.842285
1989-08-12,31.5,-25.0,28.767456
1989-08-13,31.5,-25.0,27.071564
1989-08-14,31.5,-25.0,24.456696
1989-08-15,31.5,-25.0,29.243256
1989-08-16,31.5,-25.0,31.263397
1989-08-17,31.5,-25.0,22.666779
1989-08-18,31.5,-25.0,25.34494
1989-08-19,31.5,-25.0,27.361237
1989-08-20,31.5,-25.0,28.617828
1989-08-21,31.5,-25.0,28.163147
1989-08-22,31.5,-25.0,28.863403
1989-08-23,31.5,-25.0,28.493134
1989-08-24,31.5,-25.0,28.888336
1989-08-25,31.5,-25.0,31.718048
1989-08-26,31.5,-25.0,28.257172
1989-08-27,31.5,-25.0,33.001495
1989-08-28,31.5,-25.0,26.36557
1989-08-29,31.5,-25.0,30.14685
1989-08-30,31.5,-25.0,28.92096
1989-08-31,31.5,-25.0,21.467743
1989-09-01,31.5,-25.0,25.82483
1989-09-02,31.5,-25.0,29.589844
1989-09-03,31.5,-25.0,30.383911
1989-09-04,31.5,-25.0,34.245697
1989-09-05,31.5,-25.0,34.06198
1989-09-06,31.5,-25.0,19.387238
1989-09-07,31.5,-25.0,21.575897
1989-09-08,31.5,-25.0,21.891968
1989-09-09,31.5,-25.0,21.259857
1989-09-10,31.5,-25.0,25.202606
1989-09-11,31.5,-25.0,26.399658
1989-09-12,31.5,-25.0,27.373505
1989-09-13,31.5,-25.0,29.647125
1989-09-14,31.5,-25.0,30.6091
1989-09-15,31.5,-25.0,29.775513
1989-09-16,31.5,-25.0,30.387878
1989-09-17,31.5,-25.0,31.142456
1989-09-18,31.5,-25.0,32.862946
1989-09-19,31.5,-25.0,25.099884
1989-09-20,31.5,-25.0,22.486542
1989-09-21,31.5,-25.0,34.352356
1989-09-22,31.5,-25.0,21.933441
1989-09-23,31.5,-25.0,17.437561
1989-09-24,31.5,-25.0,27.24707
1989-09-25,31.5,-25.0,21.957153
1989-09-26,31.5,-25.0,24.430267
1989-09-27,31.5,-25.0,26.37793
1989-09-28,31.5,-25.0,29.607605
1989-09-29,31.5,-25.0,32.823456
1989-09-30,31.5,-25.0,31.221466
1989-10-01,31.5,-25.0,33.913544
1989-10-02,31.5,-25.0,34.628876
1989-10-03,31.5,-25.0,37.17697
1989-10-04,31.5,-25.0,25.717041
1989-10-05,31.5,-25.0,33.92508
1989-10-06,31.5,-25.0,22.48822
1989-10-07,31.5,-25.0,30.140808
1989-10-08,31.5,-25.0,34.65854
1989-10-09,31.5,-25.0,35.63098
1989-10-10,31.5,-25.0,16.529968
1989-10-11,31.5,-25.0,20.325775
1989-10-12,31.5,-25.0,24.057312
1989-10-13,31.5,-25.0,26.887268
1989-10-14,31.5,-25.0,30.82483
1989-10-15,31.5,-25.0,36.08258
1989-10-16,31.5,-25.0,25.558807
1989-10-17,31.5,-25.0,21.786072
1989-10-18,31.5,-25.0,34.417908
1989-10-19,31.5,-25.0,28.39206
1989-10-20,31.5,-25.0,28.723358
1989-10-21,31.5,-25.0,33.44217
1989-10-22,31.5,-25.0,21.487762
1989-10-23,31.5,-25.0,26.760345
1989-10-24,31.5,-25.0,20.815308
1989-10-25,31.5,-25.0,22.997498
1989-10-26,31.5,-25.0,24.545166
1989-10-27,31.5,-25.0,31.045685
1989-10-28,31.5,-25.0,31.965363
1989-10-29,31.5,-25.0,25.801117
1989-10-30,31.5,-25.0,25.923065
1989-10-31,31.5,-25.0,35.2041
1989-11-01,31.5,-25.0,25.053253
1989-11-02,31.5,-25.0,22.380737
1989-11-03,31.5,-25.0,25.372772
1989-11-04,31.5,-25.0,29.041595
1989-11-05,31.5,-25.0,21.308868
1989-11-06,31.5,-25.0,24.204926
1989-11-07,31.5,-25.0,29.31546
1989-11-08,31.5,-25.0,26.814484
1989-11-09,31.5,-25.0,32.759216
1989-11-10,31.5,-25.0,28.728394
1989-11-11,31.5,-25.0,23.265259
1989-11-12,31.5,-25.0,24.612549
1989-11-13,31.5,-25.0,25.796143
1989-11-14,31.5,-25.0,26.979767
1989-11-15,31.5,-25.0,31.973846
1989-11-16,31.5,-25.0,33.513153
1989-11-17,31.5,-25.0,27.458221
1989-11-18,31.5,-25.0,32.36261
1989-11-19,31.5,-25.0,24.606262
1989-11-20,31.5,-25.0,23.863373
1989-11-21,31.5,-25.0,30.21103
1989-11-22,31.5,-25.0,31.975403
1989-11-23,31.5,-25.0,34.21826
1989-11-24,31.5,-25.0,36.346222
1989-11-25,31.5,-25.0,28.265656
1989-11-26,31.5,-25.0,30.528961
1989-11-27,31.5,-25.0,29.246216
1989-11-28,31.5,-25.0,29.06836
1989-11-29,31.5,-25.0,27.966614
1989-11-30,31.5,-25.0,23.47934
1989-12-01,31.5,-25.0,24.704956
1989-12-02,31.5,-25.0,28.405945
1989-12-03,31.5,-25.0,30.639221
1989-12-04,31.5,-25.0,28.051025
1989-12-05,31.5,-25.0,33.094147
1989-12-06,31.5,-25.0,20.57779
1989-12-07,31.5,-25.0,25.658112
1989-12-08,31.5,-25.0,28.258698
1989-12-09,31.5,-25.0,25.482971
1989-12-10,31.5,-25.0,24.029236
1989-12-11,31.5,-25.0,24.505035
1989-12-12,31.5,-25.0,27.23581
1989-12-13,31.5,-25.0,29.690735
1989-12-14,31.5,-25.0,30.219238
1989-12-15,31.5,-25.0,26.456268
1989-12-16,31.5,-25.0,24.997894
1989-12-17,31.5,-25.0,25.62555
1989-12-18,31.5,-25.0,30.067352
1989-12-19,31.5,-25.0,33.399445
1989-12-20,31.5,-25.0,38.045807
1989-12-21,31.5,-25.0,26.969238
1989-12-22,31.5,-25.0,27.525635
1989-12-23,31.5,-25.0,29.989838
1989-12-24,31.5,-25.0,31.462189
1989-12-25,31.5,-25.0,27.87436
1989-12-26,31.5,-25.0,29.982117
1989-12-27,31.5,-25.0,33.18094
1989-12-28,31.5,-25.0,33.083282
1989-12-29,31.5,-25.0,33.724915
1989-12-30,31.5,-25.0,34.614502
1989-12-31,31.5,-25.0,23.736328
1990-01-01,31.5,-25.0,27.341003
1990-01-02,31.5,-25.0,29.15152
1990-01-03,31.5,-25.0,28.811646
1990-01-04,31.5,-25.0,30.153412
1990-01-05,31.5,-25.0,31.64981
1990-01-06,31.5,-25.0,37.186035
1990-01-07,31.5,-25.0,34.051483
1990-01-08,31.5,-25.0,24.510895
1990-01-09,31.5,-25.0,26.358429
1990-01-10,31.5,-25.0,34.433228
1990-01-11,31.5,-25.0,22.642395
1990-01-12,31.5,-25.0,27.605164
1990-01-13,31.5,-25.0,30.042267
1990-01-14,31.5,-25.0,30.222687
1990-01-15,31.5,-25.0,28.091644
1990-01-16,31.5,-25.0,29.351257
1990-01-17,31.5,-25.0,30.327393
1990-01-18,31.5,-25.0,30.738129
1990-01-19,31.5,-25.0,31.01358
1990-01-20,31.5,-25.0,31.258392
1990-01-21,31.5,-25.0,27.767853
1990-01-22,31.5,-25.0,31.696533
1990-01-23,31.5,-25.0,36.6416
1990-01-24,31.5,-25.0,26.24408
1990-01-25,31.5,-25.0,24.34497
1990-01-26,31.5,-25.0,31.653046
1990-01-27,31.5,-25.0,31.456543
1990-01-28,31.5,-25.0,25.572388
1990-01-29,31.5,-25.0,25.791443
1990-01-30,31.5,-25.0,26.938324
1990-01-31,31.5,-25.0,29.067749
1990-02-01,31.5,-25.0,30.542816
1990-02-02,31.5,-25.0,28.743286
1990-02-03,31.5,-25.0,27.64621
1990-02-04,31.5,-25.0,27.036896
1990-02-05,31.5,-25.0,28.072418
1990-02-06,31.5,-25.0,27.3526
1990-02-07,31.5,-25.0,26.915344
1990-02-08,31.5,-25.0,26.23816
1990-02-09,31.5,-25.0,29.69513
1990-02-10,31.5,-25.0,27.04007
1990-02-11,31.5,-25.0,26.943756
1990-02-12,31.5,-25.0,26.64386
1990-02-13,31.5,-25.0,24.362885
1990-02-14,31.5,-25.0,26.24765
1990-02-15,31.5,-25.0,30.736969
1990-02-16,31.5,-25.0,29.680939
1990-02-17,31.5,-25.0,31.36679
1990-02-18,31.5,-25.0,34.98633
1990-02-19,31.5,-25.0,34.0708
1990-02-20,31.5,-25.0,38.519073
1990-02-21,31.5,-25.0,38.321747
1990-02-22,31.5,-25.0,26.337616
1990-02-23,31.5,-25.0,23.873535
1990-02-24,31.5,-25.0,27.767761
1990-02-25,31.5,-25.0,28.482819
1990-02-26,31.5,-25.0,27.824585
1990-02-27,31.5,-25.0,27.614655
1990-02-28,31.5,-25.0,30.015564
1990-03-01,31.5,-25.0,32.295258
1990-03-02,31.5,-25.0,34.726776
1990-03-03,31.5,-25.0,36.001404
1990-03-04,31.5,-25.0,31.17572
1990-03-05,31.5,-25.0,27.852875
1990-03-06,31.5,-25.0,28.04895
1990-03-07,31.5,-25.0,32.47351
1990-03-08,31.5,-25.0,25.804596
1990-03-09,31.5,-25.0,31.680237
1990-03-10,31.5,-25.0,35.154633
1990-03-11,31.5,-25.0,29.441223
1990-03-12,31.5,-25.0,32.55017
1990-03-13,31.5,-25.0,22.964813
1990-03-14,31.5,-25.0,27.769073
1990-03-15,31.5,-25.0,28.031128
1990-03-16,31.5,-25.0,28.721008
1990-03-17,31.5,-25.0,31.949402
1990-03-18,31.5,-25.0,31.747955
1990-03-19,31.5,-25.0,31.09372
1990-03-20,31.5,-25.0,32.61969
1990-03-21,31.5,-25.0,35.89621
1990-03-22,31.5,-25.0,33.31671
1990-03-23,31.5,-25.0,32.216797
1990-03-24,31.5,-25.0,33.031494
1990-03-25,31.5,-25.0,30.537537
1990-03-26,31.5,-25.0,27.770844
1990-03-27,31.5,-25.0,30.583893
1990-03-28,31.5,-25.0,22.089539
1990-03-29,31.5,-25.0,22.822205
1990-03-30,31.5,-25.0,27.36441
1990-03-31,31.5,-25.0,32.10092
1990-04-01,31.5,-25.0,34.486237
1990-04-02,31.5,-25.0,24.788788
1990-04-03,31.5,-25.0,24.132568
1990-04-04,31.5,-25.0,26.10669
1990-04-05,31.5,-25.0,29.817963
1990-04-06,31.5,-25.0,28.645905
1990-04-07,31.5,-25.0,27.74179
1990-04-08,31.5,-25.0,27.863892
1990-04-09,31.5,-25.0,27.91858
1990-04-10,31.5,-25.0,27.989685
1990-04-11,31.5,-25.0,28.387054
1990-04-12,31.5,-25.0,29.037811
1990-04-13,31.5,-25.0,28.647736
1990-04-14,31.5,-25.0,29.816162
1990-04-15,31.5,-25.0,28.589386
1990-04-16,31.5,-25.0,27.30249
1990-04-17,31.5,-25.0,27.845673
1990-04-18,31.5,-25.0,27.925873
1990-04-19,31.5,-25.0,27.114716
1990-04-20,31.5,-25.0,25.505157
1990-04-21,31.5,-25.0,25.144257
1990-04-22,31.5,-25.0,27.945923
1990-04-23,31.5,-25.0,30.32837
1990-04-24,31.5,-25.0,29.761475
1990-04-25,31.5,-25.0,30.406738
1990-04-26,31.5,-25.0,26.442108
1990-04-27,31.5,-25.0,28.959412
1990-04-28,31.5,-25.0,30.764038
1990-04-29,31.5,-25.0,25.342926
1990-04-30,31.5,-25.0,25.694733
1990-05-01,31.5,-25.0,23.297516
1990-05-02,31.5,-25.0,27.877136
1990-05-03,31.5,-25.0,30.281677
1990-05-04,31.5,-25.0,26.212158
1990-05-05,31.5,-25.0,25.24884
1990-05-06,31.5,-25.0,29.83603
1990-05-07,31.5,-25.0,28.961823
1990-05-08,31.5,-25.0,29.86258
1990-05-09,31.5,-25.0,26.580048
1990-05-10,31.5,-25.0,22.40625
1990-05-11,31.5,-25.0,21.16037
1990-05-12,31.5,-25.0,21.843048
1990-05-13,31.5,-25.0,26.159058
1990-05-14,31.5,-25.0,24.719757
1990-05-15,31.5,-25.0,24.66858
1990-05-16,31.5,-25.0,22.400574
1990-05-17,31.5,-25.0,20.553558
1990-05-18,31.5,-25.0,27.048431
1990-05-19,31.5,-25.0,24.272247
1990-05-20,31.5,-25.0,26.707092
1990-05-21,31.5,-25.0,29.870178
1990-05-22,31.5,-25.0,23.23117
1990-05-23,31.5,-25.0,18.088348
1990-05-24,31.5,-25.0,21.725494
1990-05-25,31.5,-25.0,27.076874
1990-05-26,31.5,-25.0,22.63382
1990-05-27,31.5,-25.0,26.390411
1990-05-28,31.5,-25.0,25.315216
1990-05-29,31.5,-25.0,24.945435
1990-05-30,31.5,-25.0,28.690643
1990-05-31,31.5,-25.0,25.161621
1990-06-01,31.5,-25.0,25.585968
1990-06-02,31.5,-25.0,25.815033
1990-06-03,31.5,-25.0,26.878845
1990-06-04,31.5,-25.0,28.171722
1990-06-05,31.5,-25.0,28.328949
1990-06-06,31.5,-25.0,21.086151
1990-06-07,31.5,-25.0,25.461731
1990-06-08,31.5,-25.0,28.259064
1990-06-09,31.5,-25.0,28.24356
1990-06-10,31.5,-25.0,28.569672
1990-06-11,31.5,-25.0,29.177277
1990-06-12,31.5,-25.0,23.217651
1990-06-13,31.5,-25.0,24.203796
1990-06-14,31.5,-25.0,24.82306
1990-06-15,31.5,-25.0,24.341614
1990-06-16,31.5,-25.0,27.096252
1990-06-17,31.5,-25.0,28.315369
1990-06-18,31.5,-25.0,20.278595
1990-06-19,31.5,-25.0,20.449402
1990-06-20,31.5,-25.0,22.314972
1990-06-21,31.5,-25.0,27.503937
1990-06-22,31.5,-25.0,24.248444
1990-06-23,31.5,-25.0,16.677551
1990-06-24,31.5,-25.0,21.48993
1990-06-25,31.5,-25.0,24.401794
1990-06-26,31.5,-25.0,26.876892
1990-06-27,31.5,-25.0,30.681763
1990-06-28,31.5,-25.0,29.581055
1990-06-29,31.5,-25.0,25.384094
1990-06-30,31.5,-25.0,19.012878
1990-07-01,31.5,-25.0,19.002228
1990-07-02,31.5,-25.0,19.388763
1990-07-03,31.5,-25.0,22.805267
1990-07-04,31.5,-25.0,27.326721
1990-07-05,31.5,-25.0,24.396362
1990-07-06,31.5,-25.0,20.899841
1990-07-07,31.5,-25.0,24.359283
1990-07-08,31.5,-25.0,24.958618
1990-07-09,31.5,-25.0,26.639526
1990-07-10,31.5,-25.0,26.631714
1990-07-11,31.5,-25.0,23.154724
1990-07-12,31.5,-25.0,28.095917
1990-07-13,31.5,-25.0,26.003082
1990-07-14,31.5,-25.0,19.790955
1990-07-15,31.5,-25.0,24.361237
1990-07-16,31.5,-25.0,27.221313
1990-07-17,31.5,-25.0,26.243225
1990-07-18,31.5,-25.0,29.614807
1990-07-19,31.5,-25.0,23.814575
1990-07-20,31.5,-25.0,23.12738
1990-07-21,31.5,-25.0,21.214142
1990-07-22,31.5,-25.0,21.719788
1990-07-23,31.5,-25.0,26.264679
1990-07-24,31.5,-25.0,27.762085
1990-07-25,31.5,-25.0,26.245178
1990-07-26,31.5,-25.0,25.688782
1990-07-27,31.5,-25.0,25.79419
1990-07-28,31.5,-25.0,22.209808
1990-07-29,31.5,-25.0,26.707855
1990-07-30,31.5,-25.0,23.500275
1990-07-31,31.5,-25.0,28.101776
1990-08-01,31.5,-25.0,26.212494
1990-08-02,31.5,-25.0,21.083893
1990-08-03,31.5,-25.0,27.59549
1990-08-04,31.5,-25.0,20.845306
1990-08-05,31.5,-25.0,18.83191
1990-08-06,31.5,-25.0,21.842316
1990-08-07,31.5,-25.0,23.622986
1990-08-08,31.5,-25.0,25.554932
1990-08-09,31.5,-25.0,27.007751
1990-08-10,31.5,-25.0,27.74292
1990-08-11,31.5,-25.0,31.39151
1990-08-12,31.5,-25.0,17.220001
1990-08-13,31.5,-25.0,19.68924
1990-08-14,31.5,-25.0,20.682373
1990-08-15,31.5,-25.0,22.094482
1990-08-16,31.5,-25.0,24.685944
1990-08-17,31.5,-25.0,24.559845
1990-08-18,31.5,-25.0,27.077606
1990-08-19,31.5,-25.0,27.335571
1990-08-20,31.5,-25.0,16.41504
1990-08-21,31.5,-25.0,18.709686
1990-08-22,31.5,-25.0,23.489136
1990-08-23,31.5,-25.0,25.143707
1990-08-24,31.5,-25.0,27.444183
1990-08-25,31.5,-25.0,26.660553
1990-08-26,31.5,-25.0,28.400482
1990-08-27,31.5,-25.0,31.145172
1990-08-28,31.5,-25.0,33.39328
1990-08-29,31.5,-25.0,20.990784
1990-08-30,31.5,-25.0,23.347534
1990-08-31,31.5,-25.0,22.290405
1990-09-01,31.5,-25.0,20.825806
1990-09-02,31.5,-25.0,21.233002
1990-09-03,31.5,-25.0,26.499237
1990-09-04,31.5,-25.0,22.583801
1990-09-05,31.5,-25.0,21.317902
1990-09-06,31.5,-25.0,25.60965
1990-09-07,31.5,-25.0,30.049988
1990-09-08,31.5,-25.0,30.32785
1990-09-09,31.5,-25.0,27.71112
1990-09-10,31.5,-25.0,25.05194
1990-09-11,31.5,-25.0,31.348694
1990-09-12,31.5,-25.0,32.81143
1990-09-13,31.5,-25.0,28.017944
1990-09-14,31.5,-25.0,31.75586
1990-09-15,31.5,-25.0,28.868988
1990-09-16,31.5,-25.0,33.996307
1990-09-17,31.5,-25.0,32.552856
1990-09-18,31.5,-25.0,18.662567
1990-09-19,31.5,-25.0,18.89801
1990-09-20,31.5,-25.0,21.379639
1990-09-21,31.5,-25.0,24.256897
1990-09-22,31.5,-25.0,26.178925
1990-09-23,31.5,-25.0,28.54477
1990-09-24,31.5,-25.0,24.204803
1990-09-25,31.5,-25.0,26.827301
1990-09-26,31.5,-25.0,27.695679
1990-09-27,31.5,-25.0,31.948853
1990-09-28,31.5,-25.0,32.664764
1990-09-29,31.5,-25.0,35.10977
1990-09-30,31.5,-25.0,25.38385
1990-10-01,31.5,-25.0,26.287598
1990-10-02,31.5,-25.0,30.842194
1990-10-03,31.5,-25.0,35.621826
1990-10-04,31.5,-25.0,27.562744
1990-10-05,31.5,-25.0,34.753113
1990-10-06,31.5,-25.0,35.956757
1990-10-07,31.5,-25.0,35.367157
1990-10-08,31.5,-25.0,19.38855
1990-10-09,31.5,-25.0,24.037354
1990-10-10,31.5,-25.0,27.585419
1990-10-11,31.5,-25.0,32.92151
1990-10-12,31.5,-25.0,33.313995
1990-10-13,31.5,-25.0,30.639862
1990-10-14,31.5,-25.0,28.199463
1990-10-15,31.5,-25.0,35.327026
1990-10-16,31.5,-25.0,22.650543
1990-10-17,31.5,-25.0,25.52182
1990-10-18,31.5,-25.0,29.76593
1990-10-19,31.5,-25.0,23.974548
1990-10-20,31.5,-25.0,22.132477
1990-10-21,31.5,-25.0,27.531342
1990-10-22,31.5,-25.0,32.215027
1990-10-23,31.5,-25.0,37.0278
1990-10-24,31.5,-25.0,27.545319
1990-10-25,31.5,-25.0,21.98944
1990-10-26,31.5,-25.0,23.158173
1990-10-27,31.5,-25.0,21.274231
1990-10-28,31.5,-25.0,24.691498
1990-10-29,31.5,-25.0,30.887573
1990-10-30,31.5,-25.0,32.696503
1990-10-31,31.5,-25.0,31.716156
1990-11-01,31.5,-25.0,31.1055
1990-11-02,31.5,-25.0,34.66339
1990-11-03,31.5,-25.0,33.104614
1990-11-04,31.5,-25.0,35.029785
1990-11-05,31.5,-25.0,38.77887
1990-11-06,31.5,-25.0,18.194946
1990-11-07,31.5,-25.0,20.443115
1990-11-08,31.5,-25.0,22.218842
1990-11-09,31.5,-25.0,29.485657
1990-11-10,31.5,-25.0,31.013916
1990-11-11,31.5,-25.0,33.003357
1990-11-12,31.5,-25.0,35.674164
1990-11-13,31.5,-25.0,34.486603
1990-11-14,31.5,-25.0,39.471497
1990-11-15,31.5,-25.0,23.976898
1990-11-16,31.5,-25.0,20.272797
1990-11-17,31.5,-25.0,27.378906
1990-11-18,31.5,-25.0,31.944366
1990-11-19,31.5,-25.0,35.256348
1990-11-20,31.5,-25.0,27.70993
1990-11-21,31.5,-25.0,32.934265
1990-11-22,31.5,-25.0,26.078827
1990-11-23,31.5,-25.0,35.53598
1990-11-24,31.5,-25.0,31.870422
1990-11-25,31.5,-25.0,25.397491
1990-11-26,31.5,-25.0,23.234467
1990-11-27,31.5,-25.0,26.75055
1990-11-28,31.5,-25.0,31.068542
1990-11-29,31.5,-25.0,32.648224
1990-11-30,31.5,-25.0,34.92694
1990-12-01,31.5,-25.0,38.243286
1990-12-02,31.5,-25.0,24.59488
1990-12-03,31.5,-25.0,21.040985
1990-12-04,31.5,-25.0,29.437134
1990-12-05,31.5,-25.0,33.334595
1990-12-06,31.5,-25.0,24.8396
1990-12-07,31.5,-25.0,27.366058
1990-12-08,31.5,-25.0,30.0578
1990-12-09,31.5,-25.0,29.474396
1990-12-10,31.5,-25.0,29.420929
1990-12-11,31.5,-25.0,26.183044
1990-12-12,31.5,-25.0,30.411102
1990-12-13,31.5,-25.0,32.362244
1990-12-14,31.5,-25.0,32.469208
1990-12-15,31.5,-25.0,29.81311
1990-12-16,31.5,-25.0,31.493622
1990-12-17,31.5,-25.0,35.577454
1990-12-18,31.5,-25.0,25.055115
1990-12-19,31.5,-25.0,21.867493
1990-12-20,31.5,-25.0,22.41684
1990-12-21,31.5,-25.0,27.955933
1990-12-22,31.5,-25.0,33.64087
1990-12-23,31.5,-25.0,35.313293
1990-12-24,31.5,-25.0,36.561127
1990-12-25,31.5,-25.0,34.752594
1990-12-26,31.5,-25.0,23.413483
1990-12-27,31.5,-25.0,23.28061
1990-12-28,31.5,-25.0,26.155487
1990-12-29,31.5,-25.0,30.99289
1990-12-30,31.5,-25.0,30.736816
1990-12-31,31.5,-25.0,27.098663
1991-01-01,31.5,-25.0,34.84726
1991-01-02,31.5,-25.0,21.559204
1991-01-03,31.5,-25.0,31.691895
1991-01-04,31.5,-25.0,32.70871
1991-01-05,31.5,-25.0,29.388702
1991-01-06,31.5,-25.0,30.8284
1991-01-07,31.5,-25.0,34.529297
1991-01-08,31.5,-25.0,36.83087
1991-01-09,31.5,-25.0,22.947235
1991-01-10,31.5,-25.0,23.010193
1991-01-11,31.5,-25.0,27.981293
1991-01-12,31.5,-25.0,30.66861
1991-01-13,31.5,-25.0,29.283813
1991-01-14,31.5,-25.0,28.454193
1991-01-15,31.5,-25.0,30.826782
1991-01-16,31.5,-25.0,33.70938
1991-01-17,31.5,-25.0,25.50058
1991-01-18,31.5,-25.0,29.219238
1991-01-19,31.5,-25.0,34.55835
1991-01-20,31.5,-25.0,35.802734
1991-01-21,31.5,-25.0,36.233673
1991-01-22,31.5,-25.0,38.280243
1991-01-23,31.5,-25.0,35.325012
1991-01-24,31.5,-25.0,33.159027
1991-01-25,31.5,-25.0,27.750488
1991-01-26,31.5,-25.0,29.82611
1991-01-27,31.5,-25.0,32.066345
1991-01-28,31.5,-25.0,24.901794
1991-01-29,31.5,-25.0,30.959137
1991-01-30,31.5,-25.0,30.400696
1991-01-31,31.5,-25.0,32.933044
1991-02-01,31.5,-25.0,30.473907
1991-02-02,31.5,-25.0,31.112793
1991-02-03,31.5,-25.0,32.911377
1991-02-04,31.5,-25.0,32.949646
1991-02-05,31.5,-25.0,33.29071
1991-02-06,31.5,-25.0,35.79474
1991-02-07,31.5,-25.0,34.16922
1991-02-08,31.5,-25.0,31.189331
1991-02-09,31.5,-25.0,26.038177
1991-02-10,31.5,-25.0,29.653625
1991-02-11,31.5,-25.0,31.472168
1991-02-12,31.5,-25.0,32.640167
1991-02-13,31.5,-25.0,33.295715
1991-02-14,31.5,-25.0,31.986298
1991-02-15,31.5,-25.0,34.27069
1991-02-16,31.5,-25.0,31.011292
1991-02-17,31.5,-25.0,28.181183
1991-02-18,31.5,-25.0,27.640442
1991-02-19,31.5,-25.0,25.740356
1991-02-20,31.5,-25.0,30.317505
1991-02-21,31.5,-25.0,31.794952
1991-02-22,31.5,-25.0,33.269104
1991-02-23,31.5,-25.0,34.854706
1991-02-24,31.5,-25.0,32.878082
1991-02-25,31.5,-25.0,34.917908
1991-02-26,31.5,-25.0,32.427216
1991-02-27,31.5,-25.0,33.932953
1991-02-28,31.5,-25.0,35.067657
1991-03-01,31.5,-25.0,35.950928
1991-03-02,31.5,-25.0,35.618378
1991-03-03,31.5,-25.0,39.468475
1991-03-04,31.5,-25.0,37.514282
1991-03-05,31.5,-25.0,29.822662
1991-03-06,31.5,-25.0,30.738037
1991-03-07,31.5,-25.0,29.730103
1991-03-08,31.5,-25.0,31.243744
1991-03-09,31.5,-25.0,32.200256
1991-03-10,31.5,-25.0,34.93268
1991-03-11,31.5,-25.0,35.07669
1991-03-12,31.5,-25.0,23.517822
1991-03-13,31.5,-25.0,26.64624
1991-03-14,31.5,-25.0,33.92987
1991-03-15,31.5,-25.0,28.848999
1991-03-16,31.5,-25.0,23.91037
1991-03-17,31.5,-25.0,19.907715
1991-03-18,31.5,-25.0,21.85849
1991-03-19,31.5,-25.0,24.645782
1991-03-20,31.5,-25.0,29.431824
1991-03-21,31.5,-25.0,30.556335
1991-03-22,31.5,-25.0,25.561157
1991-03-23,31.5,-25.0,27.026794
1991-03-24,31.5,-25.0,25.415436
1991-03-25,31.5,-25.0,21.484772
1991-03-26,31.5,-25.0,22.575012
1991-03-27,31.5,-25.0,24.48465
1991-03-28,31.5,-25.0,25.33487
1991-03-29,31.5,-25.0,25.730865
1991-03-30,31.5,-25.0,26.337677
1991-03-31,31.5,-25.0,25.790863
1991-04-01,31.5,-25.0,27.443695
1991-04-02,31.5,-25.0,26.681976
1991-04-03,31.5,-25.0,28.262756
1991-04-04,31.5,-25.0,28.974274
1991-04-05,31.5,-25.0,29.666107
1991-04-06,31.5,-25.0,34.56433
1991-04-07,31.5,-25.0,24.864624
1991-04-08,31.5,-25.0,24.477509
1991-04-09,31.5,-25.0,24.88971
1991-04-10,31.5,-25.0,29.076447
1991-04-11,31.5,-25.0,27.32721
1991-04-12,31.5,-25.0,27.092407
1991-04-13,31.5,-25.0,27.42038
1991-04-14,31.5,-25.0,28.825531
1991-04-15,31.5,-25.0,29.81665
1991-04-16,31.5,-25.0,29.060303
1991-04-17,31.5,-25.0,28.062012
1991-04-18,31.5,-25.0,28.610443
1991-04-19,31.5,-25.0,29.27359
1991-04-20,31.5,-25.0,28.253784
1991-04-21,31.5,-25.0,30.279053
1991-04-22,31.5,-25.0,29.31839
1991-04-23,31.5,-25.0,27.092407
1991-04-24,31.5,-25.0,28.877502
1991-04-25,31.5,-25.0,28.649872
1991-04-26,31.5,-25.0,28.510101
1991-04-27,31.5,-25.0,28.995789
1991-04-28,31.5,-25.0,29.915222
1991-04-29,31.5,-25.0,27.01892
1991-04-30,31.5,-25.0,27.352295
1991-05-01,31.5,-25.0,28.276245
1991-05-02,31.5,-25.0,29.213837
1991-05-03,31.5,-25.0,30.851318
1991-05-04,31.5,-25.0,28.380829
1991-05-05,31.5,-25.0,30.57367
1991-05-06,31.5,-25.0,28.582428
1991-05-07,31.5,-25.0,28.344696
1991-05-08,31.5,-25.0,29.223358
1991-05-09,31.5,-25.0,28.207764
1991-05-10,31.5,-25.0,25.914154
1991-05-11,31.5,-25.0,21.64264
1991-05-12,31.5,-25.0,22.492767
1991-05-13,31.5,-25.0,21.547546
1991-05-14,31.5,-25.0,20.21817
1991-05-15,31.5,-25.0,23.055725
1991-05-16,31.5,-25.0,24.879578
1991-05-17,31.5,-25.0,25.672638
1991-05-18,31.5,-25.0,25.162933
1991-05-19,31.5,-25.0,24.910004
1991-05-20,31.5,-25.0,28.318085
1991-05-21,31.5,-25.0,28.39035
1991-05-22,31.5,-25.0,31.16513
1991-05-23,31.5,-25.0,30.761932
1991-05-24,31.5,-25.0,30.058258
1991-05-25,31.5,-25.0,32.15979
1991-05-26,31.5,-25.0,22.194183
1991-05-27,31.5,-25.0,27.810303
1991-05-28,31.5,-25.0,21.486694
1991-05-29,31.5,-25.0,22.424316
1991-05-30,31.5,-25.0,23.569214
1991-05-31,31.5,-25.0,25.91986
1991-06-01,31.5,-25.0,23.006927
1991-06-02,31.5,-25.0,23.040924
1991-06-03,31.5,-25.0,22.876526
1991-06-04,31.5,-25.0,23.65326
1991-06-05,31.5,-25.0,22.311432
1991-06-06,31.5,-25.0,21.05841
1991-06-07,31.5,-25.0,19.136383
1991-06-08,31.5,-25.0,19.314026
1991-06-09,31.5,-25.0,20.687988
1991-06-10,31.5,-25.0,23.003143
1991-06-11,31.5,-25.0,21.823822
1991-06-12,31.5,-25.0,23.422699
1991-06-13,31.5,-25.0,25.824768
1991-06-14,31.5,-25.0,18.77539
1991-06-15,31.5,-25.0,19.913116
1991-06-16,31.5,-25.0,18.365295
1991-06-17,31.5,-25.0,19.678772
1991-06-18,31.5,-25.0,21.421265
1991-06-19,31.5,-25.0,23.532318
1991-06-20,31.5,-25.0,19.310242
1991-06-21,31.5,-25.0,20.756042
1991-06-22,31.5,-25.0,23.464264
1991-06-23,31.5,-25.0,25.726501
1991-06-24,31.5,-25.0,25.47702
1991-06-25,31.5,-25.0,27.27246
1991-06-26,31.5,-25.0,21.035736
1991-06-27,31.5,-25.0,23.760986
1991-06-28,31.5,-25.0,25.233246
1991-06-29,31.5,-25.0,26.425781
1991-06-30,31.5,-25.0,29.43451
1991-07-01,31.5,-25.0,27.225098
1991-07-02,31.5,-25.0,22.980408
1991-07-03,31.5,-25.0,24.704926
1991-07-04,31.5,-25.0,21.754608
1991-07-05,31.5,-25.0,24.66687
1991-07-06,31.5,-25.0,27.571503
1991-07-07,31.5,-25.0,22.019165
1991-07-08,31.5,-25.0,21.03128
1991-07-09,31.5,-25.0,20.349854
1991-07-10,31.5,-25.0,23.067963
1991-07-11,31.5,-25.0,25.388275
1991-07-12,31.5,-25.0,24.078705
1991-07-13,31.5,-25.0,22.019165
1991-07-14,31.5,-25.0,20.64679
1991-07-15,31.5,-25.0,25.803223
1991-07-16,31.5,-25.0,21.482391
1991-07-17,31.5,-25.0,18.878479
1991-07-18,31.5,-25.0,21.309204
1991-07-19,31.5,-25.0,23.709442
1991-07-20,31.5,-25.0,24.354706
1991-07-21,31.5,-25.0,25.780365
1991-07-22,31.5,-25.0,26.387573
1991-07-23,31.5,-25.0,27.008087
1991-07-24,31.5,-25.0,29.25415
1991-07-25,31.5,-25.0,24.712555
1991-07-26,31.5,-25.0,27.914124
1991-07-27,31.5,-25.0,24.14914
1991-07-28,31.5,-25.0,19.622742
1991-07-29,31.5,-25.0,19.94632
1991-07-30,31.5,-25.0,22.92331
1991-07-31,31.5,-25.0,27.579132
1991-08-01,31.5,-25.0,31.595398
1991-08-02,31.5,-25.0,20.386292
1991-08-03,31.5,-25.0,29.492157
1991-08-04,31.5,-25.0,21.035065
1991-08-05,31.5,-25.0,21.071442
1991-08-06,31.5,-25.0,27.094147
1991-08-07,31.5,-25.0,20.927917
1991-08-08,31.5,-25.0,20.763306
1991-08-09,31.5,-25.0,24.179443
1991-08-10,31.5,-25.0,27.19751
1991-08-11,31.5,-25.0,22.003448
1991-08-12,31.5,-25.0,18.977753
1991-08-13,31.5,-25.0,20.415009
1991-08-14,31.5,-25.0,24.76123
1991-08-15,31.5,-25.0,24.250244
1991-08-16,31.5,-25.0,26.734375
1991-08-17,31.5,-25.0,25.542084
1991-08-18,31.5,-25.0,27.383148
1991-08-19,31.5,-25.0,29.069183
1991-08-20,31.5,-25.0,32.38199
1991-08-21,31.5,-25.0,22.344116
1991-08-22,31.5,-25.0,22.313507
1991-08-23,31.5,-25.0,28.183105
1991-08-24,31.5,-25.0,25.775543
1991-08-25,31.5,-25.0,28.860596
1991-08-26,31.5,-25.0,22.21399
1991-08-27,31.5,-25.0,27.515198
1991-08-28,31.5,-25.0,32.24228
1991-08-29,31.5,-25.0,34.99048
1991-08-30,31.5,-25.0,20.194916
1991-08-31,31.5,-25.0,23.635925
1991-09-01,31.5,-25.0,20.08789
1991-09-02,31.5,-25.0,20.429901
1991-09-03,31.5,-25.0,24.924316
1991-09-04,31.5,-25.0,31.606049
1991-09-05,31.5,-25.0,36.541016
1991-09-06,31.5,-25.0,26.761902
1991-09-07,31.5,-25.0,28.425568
1991-09-08,31.5,-25.0,35.63092
1991-09-09,31.5,-25.0,27.538666
1991-09-10,31.5,-25.0,29.372375
1991-09-11,31.5,-25.0,23.390106
1991-09-12,31.5,-25.0,27.814972
1991-09-13,31.5,-25.0,31.024445
1991-09-14,31.5,-25.0,24.601624
1991-09-15,31.5,-25.0,25.983185
1991-09-16,31.5,-25.0,35.321777
1991-09-17,31.5,-25.0,27.530945
1991-09-18,31.5,-25.0,34.245514
1991-09-19,31.5,-25.0,34.280273
1991-09-20,31.5,-25.0,25.731995
1991-09-21,31.5,-25.0,27.610138
1991-09-22,31.5,-25.0,28.201416
1991-09-23,31.5,-25.0,33.289032
1991-09-24,31.5,-25.0,31.903625
1991-09-25,31.5,-25.0,20.758392
1991-09-26,31.5,-25.0,23.799744
1991-09-27,31.5,-25.0,29.395538
1991-09-28,31.5,-25.0,33.28131
1991-09-29,31.5,-25.0,21.274292
1991-09-30,31.5,-25.0,22.798859
1991-10-01,31.5,-25.0,22.457092
1991-10-02,31.5,-25.0,28.962677
1991-10-03,31.5,-25.0,28.11444
1991-10-04,31.5,-25.0,29.838318
1991-10-05,31.5,-25.0,28.521454
1991-10-06,31.5,-25.0,32.289032
1991-10-07,31.5,-25.0,32.66867
1991-10-08,31.5,-25.0,34.291656
1991-10-09,31.5,-25.0,22.009033
1991-10-10,31.5,-25.0,26.193878
1991-10-11,31.5,-25.0,28.003265
1991-10-12,31.5,-25.0,27.418396
1991-10-13,31.5,-25.0,26.257172
1991-10-14,31.5,-25.0,26.13916
1991-10-15,31.5,-25.0,31.952118
1991-10-16,31.5,-25.0,21.932068
1991-10-17,31.5,-25.0,28.04602
1991-10-18,31.5,-25.0,33.265533
1991-10-19,31.5,-25.0,35.499054
1991-10-20,31.5,-25.0,28.482117
1991-10-21,31.5,-25.0,27.137909
1991-10-22,31.5,-25.0,28.728394
1991-10-23,31.5,-25.0,31.592957
1991-10-24,31.5,-25.0,24.671814
1991-10-25,31.5,-25.0,25.526917
1991-10-26,31.5,-25.0,31.892242
1991-10-27,31.5,-25.0,37.537598
1991-10-28,31.5,-25.0,35.398163
1991-10-29,31.5,-25.0,36.183136
1991-10-30,31.5,-25.0,37.236603
1991-10-31,31.5,-25.0,31.888824
1991-11-01,31.5,-25.0,28.947357
1991-11-02,31.5,-25.0,21.955841
1991-11-03,31.5,-25.0,29.63971
1991-11-04,31.5,-25.0,31.012787
1991-11-05,31.5,-25.0,33.320587
1991-11-06,31.5,-25.0,35.015747
1991-11-07,31.5,-25.0,34.159058
1991-11-08,31.5,-25.0,34.24539
1991-11-09,31.5,-25.0,31.738312
1991-11-10,31.5,-25.0,33.46338
1991-11-11,31.5,-25.0,35.19507
1991-11-12,31.5,-25.0,31.656982
1991-11-13,31.5,-25.0,26.797272
1991-11-14,31.5,-25.0,29.505219
1991-11-15,31.5,-25.0,28.120514
1991-11-16,31.5,-25.0,24.258667
1991-11-17,31.5,-25.0,26.33902
1991-11-18,31.5,-25.0,28.535614
1991-11-19,31.5,-25.0,31.024384
1991-11-20,31.5,-25.0,33.151245
1991-11-21,31.5,-25.0,24.290222
1991-11-22,31.5,-25.0,23.139618
1991-11-23,31.5,-25.0,23.655975
1991-11-24,31.5,-25.0,28.606995
1991-11-25,31.5,-25.0,34.565826
1991-11-26,31.5,-25.0,28.25998
1991-11-27,31.5,-25.0,33.07321
1991-11-28,31.5,-25.0,36.28589
1991-11-29,31.5,-25.0,30.554535
1991-11-30,31.5,-25.0,27.209015
1991-12-01,31.5,-25.0,32.656372
1991-12-02,31.5,-25.0,30.880554
1991-12-03,31.5,-25.0,32.276825
1991-12-04,31.5,-25.0,32.236237
1991-12-05,31.5,-25.0,22.541931
1991-12-06,31.5,-25.0,26.049805
1991-12-07,31.5,-25.0,32.033203
1991-12-08,31.5,-25.0,32.86566
1991-12-09,31.5,-25.0,25.5672
1991-12-10,31.5,-25.0,29.556122
1991-12-11,31.5,-25.0,31.533417
1991-12-12,31.5,-25.0,32.464264
1991-12-13,31.5,-25.0,31.1445
1991-12-14,31.5,-25.0,32.01758
1991-12-15,31.5,-25.0,33.994843
1991-12-16,31.5,-25.0,31.0961
1991-12-17,31.5,-25.0,30.319855
1991-12-18,31.5,-25.0,32.965607
1991-12-19,31.5,-25.0,32.022247
1991-12-20,31.5,-25.0,32.504852
1991-12-21,31.5,-25.0,21.05664
1991-12-22,31.5,-25.0,24.36615
1991-12-23,31.5,-25.0,29.31717
1991-12-24,31.5,-25.0,30.788422
1991-12-25,31.5,-25.0,32.775055
1991-12-26,31.5,-25.0,26.277832
1991-12-27,31.5,-25.0,26.39029
1991-12-28,31.5,-25.0,32.682922
1991-12-29,31.5,-25.0,35.480164
1991-12-30,31.5,-25.0,36.26889
1991-12-31,31.5,-25.0,31.816101
1992-01-01,31.5,-25.0,32.44165
1992-01-02,31.5,-25.0,31.920074
1992-01-03,31.5,-25.0,30.054474
1992-01-04,31.5,-25.0,30.137878
1992-01-05,31.5,-25.0,34.943268
1992-01-06,31.5,-25.0,36.59793
1992-01-07,31.5,-25.0,34.779755
1992-01-08,31.5,-25.0,36.803925
1992-01-09,31.5,-25.0,35.571106
1992-01-10,31.5,-25.0,33.18396
1992-01-11,31.5,-25.0,25.186981
1992-01-12,31.5,-25.0,32.78009
1992-01-13,31.5,-25.0,37.93048
1992-01-14,31.5,-25.0,35.894836
1992-01-15,31.5,-25.0,30.983185
1992-01-16,31.5,-25.0,34.830444
1992-01-17,31.5,-25.0,30.383118
1992-01-18,31.5,-25.0,37.423615
1992-01-19,31.5,-25.0,27.127777
1992-01-20,31.5,-25.0,31.982208
1992-01-21,31.5,-25.0,33.798737
1992-01-22,31.5,-25.0,30.412567
1992-01-23,31.5,-25.0,29.389038
1992-01-24,31.5,-25.0,36.18097
1992-01-25,31.5,-25.0,30.571167
1992-01-26,31.5,-25.0,32.359894
1992-01-27,31.5,-25.0,32.811157
1992-01-28,31.5,-25.0,34.101196
1992-01-29,31.5,-25.0,35.765686
1992-01-30,31.5,-25.0,35.486084
1992-01-31,31.5,-25.0,29.302368
1992-02-01,31.5,-25.0,35.09189
1992-02-02,31.5,-25.0,34.921906
1992-02-03,31.5,-25.0,31.756165
1992-02-04,31.5,-25.0,33.072266
1992-02-05,31.5,-25.0,32.6044
1992-02-06,31.5,-25.0,32.797943
1992-02-07,31.5,-25.0,33.836365
1992-02-08,31.5,-25.0,33.434113
1992-02-09,31.5,-25.0,34.346313
1992-02-10,31.5,-25.0,32.602722
1992-02-11,31.5,-25.0,32.02545
1992-02-12,31.5,-25.0,31.976624
1992-02-13,31.5,-25.0,35.128906
1992-02-14,31.5,-25.0,32.8114
1992-02-15,31.5,-25.0,31.885742
1992-02-16,31.5,-25.0,33.9205
1992-02-17,31.5,-25.0,32.5455
1992-02-18,31.5,-25.0,32.94101
1992-02-19,31.5,-25.0,31.838623
1992-02-20,31.5,-25.0,29.72644
1992-02-21,31.5,-25.0,29.771881
1992-02-22,31.5,-25.0,31.673676
1992-02-23,31.5,-25.0,33.70508
1992-02-24,31.5,-25.0,37.798187
1992-02-25,31.5,-25.0,41.79532
1992-02-26,31.5,-25.0,42.06125
1992-02-27,31.5,-25.0,29.973846
1992-02-28,31.5,-25.0,34.787262
1992-02-29,31.5,-25.0,37.294952
1992-03-01,31.5,-25.0,37.277008
1992-03-02,31.5,-25.0,30.110626
1992-03-03,31.5,-25.0,21.119598
1992-03-04,31.5,-25.0,26.79367
1992-03-05,31.5,-25.0,29.813873
1992-03-06,31.5,-25.0,29.890198
1992-03-07,31.5,-25.0,30.661774
1992-03-08,31.5,-25.0,33.782013
1992-03-09,31.5,-25.0,31.123016
1992-03-10,31.5,-25.0,33.064697
1992-03-11,31.5,-25.0,34.380615
1992-03-12,31.5,-25.0,33.698914
1992-03-13,31.5,-25.0,33.75827
1992-03-14,31.5,-25.0,32.723846
1992-03-15,31.5,-25.0,32.533905
1992-03-16,31.5,-25.0,29.540863
1992-03-17,31.5,-25.0,32.44574
1992-03-18,31.5,-25.0,32.681458
1992-03-19,31.5,-25.0,32.327026
1992-03-20,31.5,-25.0,33.80237
1992-03-21,31.5,-25.0,35.367584
1992-03-22,31.5,-25.0,30.346344
1992-03-23,31.5,-25.0,27.628021
1992-03-24,31.5,-25.0,28.10962
1992-03-25,31.5,-25.0,26.737732
1992-03-26,31.5,-25.0,29.746033
1992-03-27,31.5,-25.0,28.275787
1992-03-28,31.5,-25.0,30.329407
1992-03-29,31.5,-25.0,31.438446
1992-03-30,31.5,-25.0,33.507294
1992-03-31,31.5,-25.0,32.971436
1992-04-01,31.5,-25.0,33.337036
1992-04-02,31.5,-25.0,24.525055
1992-04-03,31.5,-25.0,29.225494
1992-04-04,31.5,-25.0,31.60382
1992-04-05,31.5,-25.0,29.747559
1992-04-06,31.5,-25.0,30.339966
1992-04-07,31.5,-25.0,28.97763
1992-04-08,31.5,-25.0,29.73526
1992-04-09,31.5,-25.0,31.403442
1992-04-10,31.5,-25.0,32.904633
1992-04-11,31.5,-25.0,30.811066
1992-04-12,31.5,-25.0,29.698334
1992-04-13,31.5,-25.0,28.805359
1992-04-14,31.5,-25.0,25.205353
1992-04-15,31.5,-25.0,30.85147
1992-04-16,31.5,-25.0,34.91031
1992-04-17,31.5,-25.0,35.65387
1992-04-18,31.5,-25.0,33.66223
1992-04-19,31.5,-25.0,31.856964
1992-04-20,31.5,-25.0,29.4505
1992-04-21,31.5,-25.0,31.939575
1992-04-22,31.5,-25.0,29.327454
1992-04-23,31.5,-25.0,30.853241
1992-04-24,31.5,-25.0,31.788391
1992-04-25,31.5,-25.0,31.89386
1992-04-26,31.5,-25.0,31.99408
1992-04-27,31.5,-25.0,33.604248
1992-04-28,31.5,-25.0,31.80774
1992-04-29,31.5,-25.0,25.61142
1992-04-30,31.5,-25.0,23.401825
1992-05-01,31.5,-25.0,25.709106
1992-05-02,31.5,-25.0,31.551666
1992-05-03,31.5,-25.0,26.29895
1992-05-04,31.5,-25.0,29.03659
1992-05-05,31.5,-25.0,29.181274
1992-05-06,31.5,-25.0,30.234772
1992-05-07,31.5,-25.0,30.242188
1992-05-08,31.5,-25.0,27.777191
1992-05-09,31.5,-25.0,29.435364
1992-05-10,31.5,-25.0,26.712555
1992-05-11,31.5,-25.0,26.801575
1992-05-12,31.5,-25.0,27.02417
1992-05-13,31.5,-25.0,27.250458
1992-05-14,31.5,-25.0,27.908875
1992-05-15,31.5,-25.0,28.903046
1992-05-16,31.5,-25.0,28.175964
1992-05-17,31.5,-25.0,26.234009
1992-05-18,31.5,-25.0,28.407837
1992-05-19,31.5,-25.0,25.976196
1992-05-20,31.5,-25.0,32.25464
1992-05-21,31.5,-25.0,29.524414
1992-05-22,31.5,-25.0,24.894867
1992-05-23,31.5,-25.0,26.352722
1992-05-24,31.5,-25.0,30.216248
1992-05-25,31.5,-25.0,32.019073
1992-05-26,31.5,-25.0,21.151917
1992-05-27,31.5,-25.0,27.487854
1992-05-28,31.5,-25.0,21.146362
1992-05-29,31.5,-25.0,24.865204
1992-05-30,31.5,-25.0,24.373688
1992-05-31,31.5,-25.0,27.586151
1992-06-01,31.5,-25.0,26.196777
1992-06-02,31.5,-25.0,31.681366
1992-06-03,31.5,-25.0,32.72931
1992-06-04,31.5,-25.0,24.338226
1992-06-05,31.5,-25.0,28.038269
1992-06-06,31.5,-25.0,23.206757
1992-06-07,31.5,-25.0,22.067688
1992-06-08,31.5,-25.0,23.024506
1992-06-09,31.5,-25.0,22.373322
1992-06-10,31.5,-25.0,21.625336
1992-06-11,31.5,-25.0,23.26941
1992-06-12,31.5,-25.0,23.842712
1992-06-13,31.5,-25.0,18.574554
1992-06-14,31.5,-25.0,21.346283
1992-06-15,31.5,-25.0,23.531372
1992-06-16,31.5,-25.0,23.406097
1992-06-17,31.5,-25.0,24.67044
1992-06-18,31.5,-25.0,26.82138
1992-06-19,31.5,-25.0,20.343903
1992-06-20,31.5,-25.0,24.448334
1992-06-21,31.5,-25.0,26.705566
1992-06-22,31.5,-25.0,28.641968
1992-06-23,31.5,-25.0,25.587402
1992-06-24,31.5,-25.0,26.379028
1992-06-25,31.5,-25.0,28.708435
1992-06-26,31.5,-25.0,20.26416
1992-06-27,31.5,-25.0,20.74826
1992-06-28,31.5,-25.0,24.845093
1992-06-29,31.5,-25.0,28.58313
1992-06-30,31.5,-25.0,24.374298
1992-07-01,31.5,-25.0,22.978882
1992-07-02,31.5,-25.0,18.084412
1992-07-03,31.5,-25.0,19.208038
1992-07-04,31.5,-25.0,19.662567
1992-07-05,31.5,-25.0,23.644104
1992-07-06,31.5,-25.0,24.625336
1992-07-07,31.5,-25.0,26.60147
1992-07-08,31.5,-25.0,21.439728
1992-07-09,31.5,-25.0,23.60315
1992-07-10,31.5,-25.0,25.302246
1992-07-11,31.5,-25.0,27.57492
1992-07-12,31.5,-25.0,19.469452
1992-07-13,31.5,-25.0,22.742859
1992-07-14,31.5,-25.0,24.32492
1992-07-15,31.5,-25.0,26.710724
1992-07-16,31.5,-25.0,22.30783
1992-07-17,31.5,-25.0,22.54776
1992-07-18,31.5,-25.0,24.022552
1992-07-19,31.5,-25.0,25.610474
1992-07-20,31.5,-25.0,25.107178
1992-07-21,31.5,-25.0,25.358826
1992-07-22,31.5,-25.0,27.611969
1992-07-23,31.5,-25.0,24.678009
1992-07-24,31.5,-25.0,26.287384
1992-07-25,31.5,-25.0,23.238342
1992-07-26,31.5,-25.0,27.29596
1992-07-27,31.5,-25.0,29.681732
1992-07-28,31.5,-25.0,25.050598
1992-07-29,31.5,-25.0,30.822937
1992-07-30,31.5,-25.0,17.676697
1992-07-31,31.5,-25.0,18.99347
1992-08-01,31.5,-25.0,21.02295
1992-08-02,31.5,-25.0,20.04535
1992-08-03,31.5,-25.0,22.559692
1992-08-04,31.5,-25.0,24.079315
1992-08-05,31.5,-25.0,23.312836
1992-08-06,31.5,-25.0,24.073608
1992-08-07,31.5,-25.0,28.611572
1992-08-08,31.5,-25.0,30.853912
1992-08-09,31.5,-25.0,20.517029
1992-08-10,31.5,-25.0,19.005005
1992-08-11,31.5,-25.0,15.433228
1992-08-12,31.5,-25.0,18.797699
1992-08-13,31.5,-25.0,21.608734
1992-08-14,31.5,-25.0,27.681519
1992-08-15,31.5,-25.0,31.217163
1992-08-16,31.5,-25.0,26.392029
1992-08-17,31.5,-25.0,26.631683
1992-08-18,31.5,-25.0,24.043182
1992-08-19,31.5,-25.0,24.773499
1992-08-20,31.5,-25.0,26.719147
1992-08-21,31.5,-25.0,28.645782
1992-08-22,31.5,-25.0,30.608551
1992-08-23,31.5,-25.0,33.164734
1992-08-24,31.5,-25.0,29.695648
1992-08-25,31.5,-25.0,28.80365
1992-08-26,31.5,-25.0,19.910309
1992-08-27,31.5,-25.0,20.71103
1992-08-28,31.5,-25.0,24.39502
1992-08-29,31.5,-25.0,25.699738
1992-08-30,31.5,-25.0,21.930145
1992-08-31,31.5,-25.0,26.038269
1992-09-01,31.5,-25.0,27.7117
1992-09-02,31.5,-25.0,31.692902
1992-09-03,31.5,-25.0,34.21228
1992-09-04,31.5,-25.0,29.224792
1992-09-05,31.5,-25.0,30.377441
1992-09-06,31.5,-25.0,30.847626
1992-09-07,31.5,-25.0,26.372437
1992-09-08,31.5,-25.0,31.109283
1992-09-09,31.5,-25.0,32.250946
1992-09-10,31.5,-25.0,30.973877
1992-09-11,31.5,-25.0,31.056213
1992-09-12,31.5,-25.0,35.985138
1992-09-13,31.5,-25.0,24.422089
1992-09-14,31.5,-25.0,24.756897
1992-09-15,31.5,-25.0,33.921356
1992-09-16,31.5,-25.0,32.0076
1992-09-17,31.5,-25.0,22.660187
1992-09-18,31.5,-25.0,30.673828
1992-09-19,31.5,-25.0,36.71698
1992-09-20,31.5,-25.0,37.37564
1992-09-21,31.5,-25.0,34.082367
1992-09-22,31.5,-25.0,24.047028
1992-09-23,31.5,-25.0,16.381012
1992-09-24,31.5,-25.0,24.983765
1992-09-25,31.5,-25.0,32.87848
1992-09-26,31.5,-25.0,27.795868
1992-09-27,31.5,-25.0,24.51358
1992-09-28,31.5,-25.0,24.919739
1992-09-29,31.5,-25.0,25.227112
1992-09-30,31.5,-25.0,34.20862
1992-10-01,31.5,-25.0,26.265137
1992-10-02,31.5,-25.0,24.652771
1992-10-03,31.5,-25.0,32.07422
1992-10-04,31.5,-25.0,26.726562
1992-10-05,31.5,-25.0,25.37738
1992-10-06,31.5,-25.0,27.45819
1992-10-07,31.5,-25.0,31.332092
1992-10-08,31.5,-25.0,25.275604
1992-10-09,31.5,-25.0,19.891113
1992-10-10,31.5,-25.0,22.043854
1992-10-11,31.5,-25.0,30.26712
1992-10-12,31.5,-25.0,27.845917
1992-10-13,31.5,-25.0,28.016113
1992-10-14,31.5,-25.0,33.465515
1992-10-15,31.5,-25.0,33.030426
1992-10-16,31.5,-25.0,34.86911
1992-10-17,31.5,-25.0,34.35681
1992-10-18,31.5,-25.0,31.939117
1992-10-19,31.5,-25.0,36.82184
1992-10-20,31.5,-25.0,37.38153
1992-10-21,31.5,-25.0,33.842743
1992-10-22,31.5,-25.0,33.21289
1992-10-23,31.5,-25.0,35.604248
1992-10-24,31.5,-25.0,36.827118
1992-10-25,31.5,-25.0,30.737305
1992-10-26,31.5,-25.0,27.403809
1992-10-27,31.5,-25.0,23.124634
1992-10-28,31.5,-25.0,32.48477
1992-10-29,31.5,-25.0,33.44098
1992-10-30,31.5,-25.0,22.07019
1992-10-31,31.5,-25.0,26.259888
1992-11-01,31.5,-25.0,25.110168
1992-11-02,31.5,-25.0,28.950317
1992-11-03,31.5,-25.0,33.15915
1992-11-04,31.5,-25.0,26.004333
1992-11-05,31.5,-25.0,25.25763
1992-11-06,31.5,-25.0,28.47815
1992-11-07,31.5,-25.0,32.440674
1992-11-08,31.5,-25.0,30.713531
1992-11-09,31.5,-25.0,29.464874
1992-11-10,31.5,-25.0,36.24475
1992-11-11,31.5,-25.0,29.788025
1992-11-12,31.5,-25.0,34.64154
1992-11-13,31.5,-25.0,31.472778
1992-11-14,31.5,-25.0,30.09076
1992-11-15,31.5,-25.0,34.89099
1992-11-16,31.5,-25.0,34.509796
1992-11-17,31.5,-25.0,19.668365
1992-11-18,31.5,-25.0,22.23944
1992-11-19,31.5,-25.0,28.075012
1992-11-20,31.5,-25.0,34.27133
1992-11-21,31.5,-25.0,32.92227
1992-11-22,31.5,-25.0,27.014557
1992-11-23,31.5,-25.0,30.757477
1992-11-24,31.5,-25.0,36.687134
1992-11-25,31.5,-25.0,26.305511
1992-11-26,31.5,-25.0,25.166626
1992-11-27,31.5,-25.0,25.963531
1992-11-28,31.5,-25.0,27.154175
1992-11-29,31.5,-25.0,32.9003
1992-11-30,31.5,-25.0,36.392212
1992-12-01,31.5,-25.0,34.942932
1992-12-02,31.5,-25.0,38.431305
1992-12-03,31.5,-25.0,37.53485
1992-12-04,31.5,-25.0,39.73526
1992-12-05,31.5,-25.0,36.809357
1992-12-06,31.5,-25.0,38.750916
1992-12-07,31.5,-25.0,32.87195
1992-12-08,31.5,-25.0,35.521393
1992-12-09,31.5,-25.0,34.164703
1992-12-10,31.5,-25.0,34.569
1992-12-11,31.5,-25.0,30.457397
1992-12-12,31.5,-25.0,21.591797
1992-12-13,31.5,-25.0,25.38861
1992-12-14,31.5,-25.0,31.345886
1992-12-15,31.5,-25.0,26.587097
1992-12-16,31.5,-25.0,32.483643
1992-12-17,31.5,-25.0,26.430481
1992-12-18,31.5,-25.0,31.7294
1992-12-19,31.5,-25.0,29.22696
1992-12-20,31.5,-25.0,31.203644
1992-12-21,31.5,-25.0,28.354462
1992-12-22,31.5,-25.0,28.979279
1992-12-23,31.5,-25.0,26.793243
1992-12-24,31.5,-25.0,21.1987
1992-12-25,31.5,-25.0,25.436554
1992-12-26,31.5,-25.0,25.316711
1992-12-27,31.5,-25.0,27.871857
1992-12-28,31.5,-25.0,29.960419
1992-12-29,31.5,-25.0,30.63797
1992-12-30,31.5,-25.0,33.18036
1992-12-31,31.5,-25.0,26.810822
1993-01-01,31.5,-25.0,28.455414
1993-01-02,31.5,-25.0,28.653473
1993-01-03,31.5,-25.0,29.140198
1993-01-04,31.5,-25.0,29.195587
1993-01-05,31.5,-25.0,28.25235
1993-01-06,31.5,-25.0,30.620514
1993-01-07,31.5,-25.0,32.01355
1993-01-08,31.5,-25.0,34.97754
1993-01-09,31.5,-25.0,28.401703
1993-01-10,31.5,-25.0,30.377136
1993-01-11,31.5,-25.0,33.594574
1993-01-12,31.5,-25.0,28.43695
1993-01-13,31.5,-25.0,27.856232
1993-01-14,31.5,-25.0,28.953888
1993-01-15,31.5,-25.0,28.232208
1993-01-16,31.5,-25.0,30.283142
1993-01-17,31.5,-25.0,33.732178
1993-01-18,31.5,-25.0,31.333801
1993-01-19,31.5,-25.0,33.53247
1993-01-20,31.5,-25.0,26.278595
1993-01-21,31.5,-25.0,32.44992
1993-01-22,31.5,-25.0,31.535217
1993-01-23,31.5,-25.0,32.770477
1993-01-24,31.5,-25.0,33.273987
1993-01-25,31.5,-25.0,23.250824
1993-01-26,31.5,-25.0,22.864807
1993-01-27,31.5,-25.0,25.95465
1993-01-28,31.5,-25.0,27.965332
1993-01-29,31.5,-25.0,28.28592
1993-01-30,31.5,-25.0,31.063599
1993-01-31,31.5,-25.0,33.79428
1993-02-01,31.5,-25.0,23.593536
1993-02-02,31.5,-25.0,29.5737
1993-02-03,31.5,-25.0,33.82605
1993-02-04,31.5,-25.0,26.038391
1993-02-05,31.5,-25.0,31.29657
1993-02-06,31.5,-25.0,32.889954
1993-02-07,31.5,-25.0,33.875854
1993-02-08,31.5,-25.0,28.735504
1993-02-09,31.5,-25.0,26.921387
1993-02-10,31.5,-25.0,29.127228
1993-02-11,31.5,-25.0,31.894073
1993-02-12,31.5,-25.0,31.716492
1993-02-13,31.5,-25.0,31.16211
1993-02-14,31.5,-25.0,32.405273
1993-02-15,31.5,-25.0,36.37216
1993-02-16,31.5,-25.0,28.772034
1993-02-17,31.5,-25.0,20.265656
1993-02-18,31.5,-25.0,23.520508
1993-02-19,31.5,-25.0,27.53717
1993-02-20,31.5,-25.0,28.926392
1993-02-21,31.5,-25.0,30.330566
1993-02-22,31.5,-25.0,31.912323
1993-02-23,31.5,-25.0,26.524689
1993-02-24,31.5,-25.0,24.069885
1993-02-25,31.5,-25.0,27.598572
1993-02-26,31.5,-25.0,27.211853
1993-02-27,31.5,-25.0,26.778625
1993-02-28,31.5,-25.0,25.132141
1993-03-01,31.5,-25.0,23.996246
1993-03-02,31.5,-25.0,25.548248
1993-03-03,31.5,-25.0,27.506927
1993-03-04,31.5,-25.0,26.712677
1993-03-05,31.5,-25.0,27.53125
1993-03-06,31.5,-25.0,28.994598
1993-03-07,31.5,-25.0,27.470428
1993-03-08,31.5,-25.0,27.955292
1993-03-09,31.5,-25.0,27.543396
1993-03-10,31.5,-25.0,27.414795
1993-03-11,31.5,-25.0,27.359192
1993-03-12,31.5,-25.0,30.2529
1993-03-13,31.5,-25.0,29.74887
1993-03-14,31.5,-25.0,29.557709
1993-03-15,31.5,-25.0,29.100616
1993-03-16,31.5,-25.0,24.241302
1993-03-17,31.5,-25.0,26.10263
1993-03-18,31.5,-25.0,27.470428
1993-03-19,31.5,-25.0,27.976166
1993-03-20,31.5,-25.0,28.753021
1993-03-21,31.5,-25.0,29.48993
1993-03-22,31.5,-25.0,32.447937
1993-03-23,31.5,-25.0,21.745575
1993-03-24,31.5,-25.0,24.432465
1993-03-25,31.5,-25.0,27.154114
1993-03-26,31.5,-25.0,27.62857
1993-03-27,31.5,-25.0,28.765198
1993-03-28,31.5,-25.0,28.076965
1993-03-29,31.5,-25.0,27.745026
1993-03-30,31.5,-25.0,28.647003
1993-03-31,31.5,-25.0,29.738464
1993-04-01,31.5,-25.0,28.50003
1993-04-02,31.5,-25.0,28.806213
1993-04-03,31.5,-25.0,27.44394
1993-04-04,31.5,-25.0,30.610352
1993-04-05,31.5,-25.0,25.249268
1993-04-06,31.5,-25.0,26.485016
1993-04-07,31.5,-25.0,31.000885
1993-04-08,31.5,-25.0,27.91513
1993-04-09,31.5,-25.0,33.525574
1993-04-10,31.5,-25.0,28.575195
1993-04-11,31.5,-25.0,33.230377
1993-04-12,31.5,-25.0,33.531067
1993-04-13,31.5,-25.0,27.999481
1993-04-14,31.5,-25.0,27.31192
1993-04-15,31.5,-25.0,27.350433
1993-04-16,31.5,-25.0,27.722626
1993-04-17,31.5,-25.0,30.612183
1993-04-18,31.5,-25.0,31.61142
1993-04-19,31.5,-25.0,22.896912
1993-04-20,31.5,-25.0,27.06073
1993-04-21,31.5,-25.0,27.321106
1993-04-22,31.5,-25.0,26.292511
1993-04-23,31.5,-25.0,26.712372
1993-04-24,31.5,-25.0,26.879211
1993-04-25,31.5,-25.0,27.61261
1993-04-26,31.5,-25.0,29.246246
1993-04-27,31.5,-25.0,31.184235
1993-04-28,31.5,-25.0,28.142487
1993-04-29,31.5,-25.0,20.460236
1993-04-30,31.5,-25.0,24.98526
1993-05-01,31.5,-25.0,22.608124
1993-05-02,31.5,-25.0,24.808777
1993-05-03,31.5,-25.0,27.378479
1993-05-04,31.5,-25.0,28.763336
1993-05-05,31.5,-25.0,27.605713
1993-05-06,31.5,-25.0,31.17572
1993-05-07,31.5,-25.0,29.59076
1993-05-08,31.5,-25.0,23.210236
1993-05-09,31.5,-25.0,27.18811
1993-05-10,31.5,-25.0,25.07486
1993-05-11,31.5,-25.0,23.398651
1993-05-12,31.5,-25.0,26.642334
1993-05-13,31.5,-25.0,27.013306
1993-05-14,31.5,-25.0,28.685638
1993-05-15,31.5,-25.0,25.8479
1993-05-16,31.5,-25.0,23.742432
1993-05-17,31.5,-25.0,24.595123
1993-05-18,31.5,-25.0,24.220245
1993-05-19,31.5,-25.0,23.124786
1993-05-20,31.5,-25.0,25.232208
1993-05-21,31.5,-25.0,28.563293
1993-05-22,31.5,-25.0,26.096527
1993-05-23,31.5,-25.0,29.897675
1993-05-24,31.5,-25.0,25.23413
1993-05-25,31.5,-25.0,30.124908
1993-05-26,31.5,-25.0,32.762604
1993-05-27,31.5,-25.0,26.510254
1993-05-28,31.5,-25.0,28.405945
1993-05-29,31.5,-25.0,23.923065
1993-05-30,31.5,-25.0,23.759918
1993-05-31,31.5,-25.0,25.785767
1993-06-01,31.5,-25.0,24.024841
1993-06-02,31.5,-25.0,26.672821
1993-06-03,31.5,-25.0,28.585571
1993-06-04,31.5,-25.0,19.751038
1993-06-05,31.5,-25.0,19.802826
1993-06-06,31.5,-25.0,24.363556
1993-06-07,31.5,-25.0,26.449646
1993-06-08,31.5,-25.0,22.725769
1993-06-09,31.5,-25.0,23.391235
1993-06-10,31.5,-25.0,26.168732
1993-06-11,31.5,-25.0,24.53891
1993-06-12,31.5,-25.0,20.930573
1993-06-13,31.5,-25.0,18.36029
1993-06-14,31.5,-25.0,21.113861
1993-06-15,31.5,-25.0,23.026642
1993-06-16,31.5,-25.0,25.068878
1993-06-17,31.5,-25.0,23.190002
1993-06-18,31.5,-25.0,21.47052
1993-06-19,31.5,-25.0,26.591125
1993-06-20,31.5,-25.0,21.894928
1993-06-21,31.5,-25.0,22.954895
1993-06-22,31.5,-25.0,24.004913
1993-06-23,31.5,-25.0,25.507233
1993-06-24,31.5,-25.0,22.418915
1993-06-25,31.5,-25.0,20.601807
1993-06-26,31.5,-25.0,20.249146
1993-06-27,31.5,-25.0,21.462555
1993-06-28,31.5,-25.0,21.928772
1993-06-29,31.5,-25.0,26.734589
1993-06-30,31.5,-25.0,22.126038
1993-07-01,31.5,-25.0,20.000854
1993-07-02,31.5,-25.0,20.070618
1993-07-03,31.5,-25.0,19.472443
1993-07-04,31.5,-25.0,19.61203
1993-07-05,31.5,-25.0,20.094574
1993-07-06,31.5,-25.0,20.367737
1993-07-07,31.5,-25.0,22.752472
1993-07-08,31.5,-25.0,26.883911
1993-07-09,31.5,-25.0,27.360474
1993-07-10,31.5,-25.0,28.37738
1993-07-11,31.5,-25.0,27.831055
1993-07-12,31.5,-25.0,23.615845
1993-07-13,31.5,-25.0,25.416382
1993-07-14,31.5,-25.0,26.405365
1993-07-15,31.5,-25.0,22.973816
1993-07-16,31.5,-25.0,21.073578
1993-07-17,31.5,-25.0,24.692596
1993-07-18,31.5,-25.0,26.558899
1993-07-19,31.5,-25.0,22.483307
1993-07-20,31.5,-25.0,26.076385
1993-07-21,31.5,-25.0,21.831268
1993-07-22,31.5,-25.0,21.651825
1993-07-23,31.5,-25.0,22.232056
1993-07-24,31.5,-25.0,20.957947
1993-07-25,31.5,-25.0,23.239014
1993-07-26,31.5,-25.0,25.390472
1993-07-27,31.5,-25.0,28.417267
1993-07-28,31.5,-25.0,23.386566
1993-07-29,31.5,-25.0,21.23111
1993-07-30,31.5,-25.0,22.204132
1993-07-31,31.5,-25.0,26.249847
1993-08-01,31.5,-25.0,27.502106
1993-08-02,31.5,-25.0,27.350739
1993-08-03,31.5,-25.0,27.490295
1993-08-04,31.5,-25.0,25.94522
1993-08-05,31.5,-25.0,28.919403
1993-08-06,31.5,-25.0,22.764679
1993-08-07,31.5,-25.0,29.587738
1993-08-08,31.5,-25.0,19.800354
1993-08-09,31.5,-25.0,18.084259
1993-08-10,31.5,-25.0,24.923035
1993-08-11,31.5,-25.0,27.641663
1993-08-12,31.5,-25.0,18.886261
1993-08-13,31.5,-25.0,19.918274
1993-08-14,31.5,-25.0,20.429382
1993-08-15,31.5,-25.0,24.30777
1993-08-16,31.5,-25.0,28.138977
1993-08-17,31.5,-25.0,29.833466
1993-08-18,31.5,-25.0,24.282227
1993-08-19,31.5,-25.0,26.54477
1993-08-20,31.5,-25.0,29.30075
1993-08-21,31.5,-25.0,27.98172
1993-08-22,31.5,-25.0,15.805969
1993-08-23,31.5,-25.0,18.009552
1993-08-24,31.5,-25.0,18.821411
1993-08-25,31.5,-25.0,21.148834
1993-08-26,31.5,-25.0,24.0542
1993-08-27,31.5,-25.0,28.239258
1993-08-28,31.5,-25.0,24.946625
1993-08-29,31.5,-25.0,23.191223
1993-08-30,31.5,-25.0,21.239258
1993-08-31,31.5,-25.0,21.71103
1993-09-01,31.5,-25.0,25.664642
1993-09-02,31.5,-25.0,25.163452
1993-09-03,31.5,-25.0,26.741089
1993-09-04,31.5,-25.0,30.202057
1993-09-05,31.5,-25.0,32.4404
1993-09-06,31.5,-25.0,21.863861
1993-09-07,31.5,-25.0,25.928528
1993-09-08,31.5,-25.0,29.53949
1993-09-09,31.5,-25.0,30.48114
1993-09-10,31.5,-25.0,31.115234
1993-09-11,31.5,-25.0,36.748077
1993-09-12,31.5,-25.0,25.131165
1993-09-13,31.5,-25.0,32.349274
1993-09-14,31.5,-25.0,28.470642
1993-09-15,31.5,-25.0,26.782867
1993-09-16,31.5,-25.0,32.220154
1993-09-17,31.5,-25.0,30.076752
1993-09-18,31.5,-25.0,28.5029
1993-09-19,31.5,-25.0,29.698944
1993-09-20,31.5,-25.0,31.656311
1993-09-21,31.5,-25.0,35.36029
1993-09-22,31.5,-25.0,35.19513
1993-09-23,31.5,-25.0,28.698456
1993-09-24,31.5,-25.0,29.881226
1993-09-25,31.5,-25.0,31.4133
1993-09-26,31.5,-25.0,27.661865
1993-09-27,31.5,-25.0,31.04309
1993-09-28,31.5,-25.0,30.993744
1993-09-29,31.5,-25.0,32.930206
1993-09-30,31.5,-25.0,19.088226
1993-10-01,31.5,-25.0,18.507263
1993-10-02,31.5,-25.0,21.56134
1993-10-03,31.5,-25.0,26.820557
1993-10-04,31.5,-25.0,27.347168
1993-10-05,31.5,-25.0,27.826233
1993-10-06,31.5,-25.0,24.372345
1993-10-07,31.5,-25.0,18.440338
1993-10-08,31.5,-25.0,22.563507
1993-10-09,31.5,-25.0,32.12201
1993-10-10,31.5,-25.0,32.171326
1993-10-11,31.5,-25.0,28.745636
1993-10-12,31.5,-25.0,31.653503
1993-10-13,31.5,-25.0,34.97882
1993-10-14,31.5,-25.0,21.543732
1993-10-15,31.5,-25.0,25.180786
1993-10-16,31.5,-25.0,33.832214
1993-10-17,31.5,-25.0,30.027832
1993-10-18,31.5,-25.0,24.680573
1993-10-19,31.5,-25.0,28.712158
1993-10-20,31.5,-25.0,30.223358
1993-10-21,31.5,-25.0,30.248016
1993-10-22,31.5,-25.0,27.526825
1993-10-23,31.5,-25.0,30.644287
1993-10-24,31.5,-25.0,29.91687
1993-10-25,31.5,-25.0,24.736938
1993-10-26,31.5,-25.0,28.456787
1993-10-27,31.5,-25.0,31.0177
1993-10-28,31.5,-25.0,34.670593
1993-10-29,31.5,-25.0,25.295258
1993-10-30,31.5,-25.0,33.277405
1993-10-31,31.5,-25.0,30.75879
1993-11-01,31.5,-25.0,23.900269
1993-11-02,31.5,-25.0,28.086823
1993-11-03,31.5,-25.0,35.18042
1993-11-04,31.5,-25.0,27.097504
1993-11-05,31.5,-25.0,24.532013
1993-11-06,31.5,-25.0,23.674164
1993-11-07,31.5,-25.0,23.680603
1993-11-08,31.5,-25.0,27.828674
1993-11-09,31.5,-25.0,31.811615
1993-11-10,31.5,-25.0,34.68335
1993-11-11,31.5,-25.0,34.005096
1993-11-12,31.5,-25.0,20.858551
1993-11-13,31.5,-25.0,25.909363
1993-11-14,31.5,-25.0,28.755463
1993-11-15,31.5,-25.0,30.421417
1993-11-16,31.5,-25.0,33.451904
1993-11-17,31.5,-25.0,28.365814
1993-11-18,31.5,-25.0,33.435883
1993-11-19,31.5,-25.0,29.826569
1993-11-20,31.5,-25.0,32.281403
1993-11-21,31.5,-25.0,35.24295
1993-11-22,31.5,-25.0,36.714905
1993-11-23,31.5,-25.0,26.799255
1993-11-24,31.5,-25.0,22.226288
1993-11-25,31.5,-25.0,24.366852
1993-11-26,31.5,-25.0,25.032288
1993-11-27,31.5,-25.0,21.839844
1993-11-28,31.5,-25.0,26.129028
1993-11-29,31.5,-25.0,27.52243
1993-11-30,31.5,-25.0,30.27069
1993-12-01,31.5,-25.0,34.404816
1993-12-02,31.5,-25.0,37.532806
1993-12-03,31.5,-25.0,29.47522
1993-12-04,31.5,-25.0,26.210968
1993-12-05,31.5,-25.0,31.890167
1993-12-06,31.5,-25.0,28.260254
1993-12-07,31.5,-25.0,33.607056
1993-12-08,31.5,-25.0,32.57492
1993-12-09,31.5,-25.0,32.31897
1993-12-10,31.5,-25.0,26.385468
1993-12-11,31.5,-25.0,25.147247
1993-12-12,31.5,-25.0,26.634766
1993-12-13,31.5,-25.0,28.320099
1993-12-14,31.5,-25.0,30.284637
1993-12-15,31.5,-25.0,31.900116
1993-12-16,31.5,-25.0,31.155548
1993-12-17,31.5,-25.0,34.579346
1993-12-18,31.5,-25.0,38.975433
1993-12-19,31.5,-25.0,27.996002
1993-12-20,31.5,-25.0,29.365509
1993-12-21,31.5,-25.0,29.131165
1993-12-22,31.5,-25.0,34.582672
1993-12-23,31.5,-25.0,25.424805
1993-12-24,31.5,-25.0,29.478546
1993-12-25,31.5,-25.0,33.312866
1993-12-26,31.5,-25.0,37.074066
1993-12-27,31.5,-25.0,32.320618
1993-12-28,31.5,-25.0,31.654144
1993-12-29,31.5,-25.0,32.488495
1993-12-30,31.5,-25.0,26.299042
1993-12-31,31.5,-25.0,27.525635
1994-01-01,31.5,-25.0,33.01233
1994-01-02,31.5,-25.0,30.053375
1994-01-03,31.5,-25.0,28.965637
1994-01-04,31.5,-25.0,23.158447
1994-01-05,31.5,-25.0,24.983429
1994-01-06,31.5,-25.0,28.347412
1994-01-07,31.5,-25.0,28.620148
1994-01-08,31.5,-25.0,31.837006
1994-01-09,31.5,-25.0,28.173828
1994-01-10,31.5,-25.0,30.466614
1994-01-11,31.5,-25.0,30.678223
1994-01-12,31.5,-25.0,31.587402
1994-01-13,31.5,-25.0,36.48706
1994-01-14,31.5,-25.0,21.940155
1994-01-15,31.5,-25.0,27.863068
1994-01-16,31.5,-25.0,28.706116
1994-01-17,31.5,-25.0,29.70456
1994-01-18,31.5,-25.0,28.740845
1994-01-19,31.5,-25.0,31.53946
1994-01-20,31.5,-25.0,31.21051
1994-01-21,31.5,-25.0,33.69339
1994-01-22,31.5,-25.0,36.239105
1994-01-23,31.5,-25.0,27.013397
1994-01-24,31.5,-25.0,20.313538
1994-01-25,31.5,-25.0,20.857391
1994-01-26,31.5,-25.0,25.510773
1994-01-27,31.5,-25.0,28.162262
1994-01-28,31.5,-25.0,30.85675
1994-01-29,31.5,-25.0,28.1474
1994-01-30,31.5,-25.0,30.446777
1994-01-31,31.5,-25.0,33.70331
1994-02-01,31.5,-25.0,30.44928
1994-02-02,31.5,-25.0,33.83191
1994-02-03,31.5,-25.0,31.48236
1994-02-04,31.5,-25.0,34.11853
1994-02-05,31.5,-25.0,31.33014
1994-02-06,31.5,-25.0,33.381775
1994-02-07,31.5,-25.0,23.36499
1994-02-08,31.5,-25.0,22.111664
1994-02-09,31.5,-25.0,27.597748
1994-02-10,31.5,-25.0,27.987976
1994-02-11,31.5,-25.0,30.705109
1994-02-12,31.5,-25.0,30.13675
1994-02-13,31.5,-25.0,29.616974
1994-02-14,31.5,-25.0,30.274384
1994-02-15,31.5,-25.0,31.835358
1994-02-16,31.5,-25.0,31.292908
1994-02-17,31.5,-25.0,32.390778
1994-02-18,31.5,-25.0,32.20456
1994-02-19,31.5,-25.0,36.56363
1994-02-20,31.5,-25.0,24.139008
1994-02-21,31.5,-25.0,26.39624
1994-02-22,31.5,-25.0,29.238068
1994-02-23,31.5,-25.0,27.987976
1994-02-24,31.5,-25.0,31.058105
1994-02-25,31.5,-25.0,31.830505
1994-02-26,31.5,-25.0,27.970184
1994-02-27,31.5,-25.0,30.162659
1994-02-28,31.5,-25.0,30.45575
1994-03-01,31.5,-25.0,32.106293
1994-03-02,31.5,-25.0,29.764435
1994-03-03,31.5,-25.0,30.737335
1994-03-04,31.5,-25.0,28.80719
1994-03-05,31.5,-25.0,28.233887
1994-03-06,31.5,-25.0,30.047607
1994-03-07,31.5,-25.0,33.57431
1994-03-08,31.5,-25.0,33.15735
1994-03-09,31.5,-25.0,32.10977
1994-03-10,31.5,-25.0,32.446808
1994-03-11,31.5,-25.0,35.478394
1994-03-12,31.5,-25.0,30.454132
1994-03-13,31.5,-25.0,31.88742
1994-03-14,31.5,-25.0,30.327332
1994-03-15,31.5,-25.0,28.8732
1994-03-16,31.5,-25.0,27.688385
1994-03-17,31.5,-25.0,29.140747
1994-03-18,31.5,-25.0,29.58377
1994-03-19,31.5,-25.0,28.972229
1994-03-20,31.5,-25.0,26.9292
1994-03-21,31.5,-25.0,29.858246
1994-03-22,31.5,-25.0,31.491302
1994-03-23,31.5,-25.0,35.209106
1994-03-24,31.5,-25.0,33.713287
1994-03-25,31.5,-25.0,33.909607
1994-03-26,31.5,-25.0,33.520447
1994-03-27,31.5,-25.0,35.62259
1994-03-28,31.5,-25.0,24.926086
1994-03-29,31.5,-25.0,26.553925
1994-03-30,31.5,-25.0,27.776978
1994-03-31,31.5,-25.0,29.81482
1994-04-01,31.5,-25.0,31.384155
1994-04-02,31.5,-25.0,30.218903
1994-04-03,31.5,-25.0,28.934357
1994-04-04,31.5,-25.0,28.293915
1994-04-05,31.5,-25.0,29.196777
1994-04-06,31.5,-25.0,30.666656
1994-04-07,31.5,-25.0,28.438904
1994-04-08,31.5,-25.0,28.084717
1994-04-09,31.5,-25.0,31.059357
1994-04-10,31.5,-25.0,30.237244
1994-04-11,31.5,-25.0,27.460815
1994-04-12,31.5,-25.0,27.818634
1994-04-13,31.5,-25.0,28.070038
1994-04-14,31.5,-25.0,27.703033
1994-04-15,31.5,-25.0,29.771149
1994-04-16,31.5,-25.0,33.030212
1994-04-17,31.5,-25.0,34.734985
1994-04-18,31.5,-25.0,28.626068
1994-04-19,31.5,-25.0,30.65747
1994-04-20,31.5,-25.0,33.05591
1994-04-21,31.5,-25.0,31.382324
1994-04-22,31.5,-25.0,28.6279
1994-04-23,31.5,-25.0,26.559784
1994-04-24,31.5,-25.0,23.482391
1994-04-25,31.5,-25.0,23.981537
1994-04-26,31.5,-25.0,24.88623
1994-04-27,31.5,-25.0,26.200134
1994-04-28,31.5,-25.0,29.884918
1994-04-29,31.5,-25.0,21.854706
1994-04-30,31.5,-25.0,22.4823
1994-05-01,31.5,-25.0,26.137634
1994-05-02,31.5,-25.0,31.232056
1994-05-03,31.5,-25.0,24.501617
1994-05-04,31.5,-25.0,27.327301
1994-05-05,31.5,-25.0,29.03128
1994-05-06,31.5,-25.0,30.446075
1994-05-07,31.5,-25.0,24.773315
1994-05-08,31.5,-25.0,25.88147
1994-05-09,31.5,-25.0,28.416077
1994-05-10,31.5,-25.0,28.194824
1994-05-11,31.5,-25.0,31.20102
1994-05-12,31.5,-25.0,25.407928
1994-05-13,31.5,-25.0,25.303131
1994-05-14,31.5,-25.0,25.384644
1994-05-15,31.5,-25.0,25.312836
1994-05-16,31.5,-25.0,25.60199
1994-05-17,31.5,-25.0,26.958588
1994-05-18,31.5,-25.0,27.610657
1994-05-19,31.5,-25.0,28.629547
1994-05-20,31.5,-25.0,28.843018
1994-05-21,31.5,-25.0,29.774567
1994-05-22,31.5,-25.0,24.748077
1994-05-23,31.5,-25.0,21.26059
1994-05-24,31.5,-25.0,23.678741
1994-05-25,31.5,-25.0,23.742798
1994-05-26,31.5,-25.0,25.407928
1994-05-27,31.5,-25.0,27.135193
1994-05-28,31.5,-25.0,22.209625
1994-05-29,31.5,-25.0,21.064575
1994-05-30,31.5,-25.0,26.15512
1994-05-31,31.5,-25.0,23.929108
1994-06-01,31.5,-25.0,21.502625
1994-06-02,31.5,-25.0,22.059052
1994-06-03,31.5,-25.0,25.314026
1994-06-04,31.5,-25.0,26.673737
1994-06-05,31.5,-25.0,27.387787
1994-06-06,31.5,-25.0,23.646667
1994-06-07,31.5,-25.0,20.361298
1994-06-08,31.5,-25.0,23.018066
1994-06-09,31.5,-25.0,23.397888
1994-06-10,31.5,-25.0,22.421753
1994-06-11,31.5,-25.0,22.482544
1994-06-12,31.5,-25.0,22.243256
1994-06-13,31.5,-25.0,23.91632
1994-06-14,31.5,-25.0,25.238068
1994-06-15,31.5,-25.0,22.254639
1994-06-16,31.5,-25.0,20.81897
1994-06-17,31.5,-25.0,24.42337
1994-06-18,31.5,-25.0,27.325104
1994-06-19,31.5,-25.0,22.50531
1994-06-20,31.5,-25.0,24.85254
1994-06-21,31.5,-25.0,26.97757
1994-06-22,31.5,-25.0,20.273956
1994-06-23,31.5,-25.0,23.395966
1994-06-24,31.5,-25.0,27.87204
1994-06-25,31.5,-25.0,29.24884
1994-06-26,31.5,-25.0,28.3107
1994-06-27,31.5,-25.0,29.495728
1994-06-28,31.5,-25.0,30.283813
1994-06-29,31.5,-25.0,17.841278
1994-06-30,31.5,-25.0,16.096039
1994-07-01,31.5,-25.0,17.416473
1994-07-02,31.5,-25.0,18.51477
1994-07-03,31.5,-25.0,20.854858
1994-07-04,31.5,-25.0,23.239075
1994-07-05,31.5,-25.0,22.652222
1994-07-06,31.5,-25.0,22.345001
1994-07-07,31.5,-25.0,21.351562
1994-07-08,31.5,-25.0,23.81491
1994-07-09,31.5,-25.0,26.175232
1994-07-10,31.5,-25.0,28.91452
1994-07-11,31.5,-25.0,18.847748
1994-07-12,31.5,-25.0,19.804382
1994-07-13,31.5,-25.0,22.57129
1994-07-14,31.5,-25.0,25.490845
1994-07-15,31.5,-25.0,22.262207
1994-07-16,31.5,-25.0,21.327667
1994-07-17,31.5,-25.0,22.97049
1994-07-18,31.5,-25.0,22.57312
1994-07-19,31.5,-25.0,23.995209
1994-07-20,31.5,-25.0,22.18863
1994-07-21,31.5,-25.0,24.449585
1994-07-22,31.5,-25.0,22.733185
1994-07-23,31.5,-25.0,26.87613
1994-07-24,31.5,-25.0,28.695587
1994-07-25,31.5,-25.0,29.216217
1994-07-26,31.5,-25.0,23.364197
1994-07-27,31.5,-25.0,22.37259
1994-07-28,31.5,-25.0,21.300049
1994-07-29,31.5,-25.0,20.001251
1994-07-30,31.5,-25.0,19.362885
1994-07-31,31.5,-25.0,20.078522
1994-08-01,31.5,-25.0,22.486115
1994-08-02,31.5,-25.0,23.77185
1994-08-03,31.5,-25.0,23.16272
1994-08-04,31.5,-25.0,20.034119
1994-08-05,31.5,-25.0,21.312164
1994-08-06,31.5,-25.0,24.082214
1994-08-07,31.5,-25.0,27.831512
1994-08-08,31.5,-25.0,29.321564
1994-08-09,31.5,-25.0,23.139587
1994-08-10,31.5,-25.0,28.350037
1994-08-11,31.5,-25.0,21.267822
1994-08-12,31.5,-25.0,29.878662
1994-08-13,31.5,-25.0,30.447327
1994-08-14,31.5,-25.0,21.483734
1994-08-15,31.5,-25.0,19.650543
1994-08-16,31.5,-25.0,23.594513
1994-08-17,31.5,-25.0,23.802704
1994-08-18,31.5,-25.0,26.335632
1994-08-19,31.5,-25.0,29.03244
1994-08-20,31.5,-25.0,18.902588
1994-08-21,31.5,-25.0,15.82605
1994-08-22,31.5,-25.0,18.013947
1994-08-23,31.5,-25.0,18.121887
1994-08-24,31.5,-25.0,22.21817
1994-08-25,31.5,-25.0,22.472626
1994-08-26,31.5,-25.0,25.182892
1994-08-27,31.5,-25.0,27.914398
1994-08-28,31.5,-25.0,25.63205
1994-08-29,31.5,-25.0,23.332336
1994-08-30,31.5,-25.0,26.671051
1994-08-31,31.5,-25.0,31.490173
1994-09-01,31.5,-25.0,26.210968
1994-09-02,31.5,-25.0,27.829987
1994-09-03,31.5,-25.0,28.676453
1994-09-04,31.5,-25.0,25.798828
1994-09-05,31.5,-25.0,29.61905
1994-09-06,31.5,-25.0,26.700745
1994-09-07,31.5,-25.0,28.990662
1994-09-08,31.5,-25.0,20.928864
1994-09-09,31.5,-25.0,18.7258
1994-09-10,31.5,-25.0,20.956573
1994-09-11,31.5,-25.0,24.713928
1994-09-12,31.5,-25.0,29.753967
1994-09-13,31.5,-25.0,28.944458
1994-09-14,31.5,-25.0,18.117767
1994-09-15,31.5,-25.0,23.142975
1994-09-16,31.5,-25.0,30.435944
1994-09-17,31.5,-25.0,33.075165
1994-09-18,31.5,-25.0,36.57007
1994-09-19,31.5,-25.0,26.114868
1994-09-20,31.5,-25.0,28.56186
1994-09-21,31.5,-25.0,29.811249
1994-09-22,31.5,-25.0,29.888885
1994-09-23,31.5,-25.0,33.17865
1994-09-24,31.5,-25.0,31.335999
1994-09-25,31.5,-25.0,30.533875
1994-09-26,31.5,-25.0,33.06961
1994-09-27,31.5,-25.0,34.464996
1994-09-28,31.5,-25.0,37.250214
1994-09-29,31.5,-25.0,18.820068
1994-09-30,31.5,-25.0,16.835114
1994-10-01,31.5,-25.0,23.954468
1994-10-02,31.5,-25.0,24.206696
1994-10-03,31.5,-25.0,32.32599
1994-10-04,31.5,-25.0,18.92218
1994-10-05,31.5,-25.0,18.654846
1994-10-06,31.5,-25.0,20.144531
1994-10-07,31.5,-25.0,23.724121
1994-10-08,31.5,-25.0,24.458893
1994-10-09,31.5,-25.0,27.39624
1994-10-10,31.5,-25.0,32.92624
1994-10-11,31.5,-25.0,20.976776
1994-10-12,31.5,-25.0,21.543396
1994-10-13,31.5,-25.0,23.779633
1994-10-14,31.5,-25.0,17.90326
1994-10-15,31.5,-25.0,18.337067
1994-10-16,31.5,-25.0,21.582092
1994-10-17,31.5,-25.0,24.74472
1994-10-18,31.5,-25.0,27.263397
1994-10-19,31.5,-25.0,29.363434
1994-10-20,31.5,-25.0,34.8497
1994-10-21,31.5,-25.0,32.386505
1994-10-22,31.5,-25.0,26.955719
1994-10-23,31.5,-25.0,19.77124
1994-10-24,31.5,-25.0,27.053223
1994-10-25,31.5,-25.0,30.05783
1994-10-26,31.5,-25.0,27.878784
1994-10-27,31.5,-25.0,31.919098
1994-10-28,31.5,-25.0,26.495026
1994-10-29,31.5,-25.0,21.647644
1994-10-30,31.5,-25.0,30.123383
1994-10-31,31.5,-25.0,23.090271
1994-11-01,31.5,-25.0,26.17569
1994-11-02,31.5,-25.0,26.80426
1994-11-03,31.5,-25.0,27.317505
1994-11-04,31.5,-25.0,30.858337
1994-11-05,31.5,-25.0,29.07492
1994-11-06,31.5,-25.0,33.910248
1994-11-07,31.5,-25.0,33.132233
1994-11-08,31.5,-25.0,36.137054
1994-11-09,31.5,-25.0,37.56314
1994-11-10,31.5,-25.0,30.825836
1994-11-11,31.5,-25.0,31.878357
1994-11-12,31.5,-25.0,34.072662
1994-11-13,31.5,-25.0,35.480865
1994-11-14,31.5,-25.0,36.582092
1994-11-15,31.5,-25.0,26.844849
1994-11-16,31.5,-25.0,26.351105
1994-11-17,31.5,-25.0,27.959076
1994-11-18,31.5,-25.0,32.84964
1994-11-19,31.5,-25.0,35.456512
1994-11-20,31.5,-25.0,35.79599
1994-11-21,31.5,-25.0,35.383423
1994-11-22,31.5,-25.0,33.98172
1994-11-23,31.5,-25.0,35.032593
1994-11-24,31.5,-25.0,17.096252
1994-11-25,31.5,-25.0,26.54599
1994-11-26,31.5,-25.0,28.55191
1994-11-27,31.5,-25.0,34.1344
1994-11-28,31.5,-25.0,23.276428
1994-11-29,31.5,-25.0,23.429108
1994-11-30,31.5,-25.0,23.9375
1994-12-01,31.5,-25.0,28.817719
1994-12-02,31.5,-25.0,34.95938
1994-12-03,31.5,-25.0,29.453339
1994-12-04,31.5,-25.0,30.685272
1994-12-05,31.5,-25.0,34.725098
1994-12-06,31.5,-25.0,35.568787
1994-12-07,31.5,-25.0,28.983185
1994-12-08,31.5,-25.0,32.51352
1994-12-09,31.5,-25.0,32.947662
1994-12-10,31.5,-25.0,21.819275
1994-12-11,31.5,-25.0,22.246857
1994-12-12,31.5,-25.0,22.911987
1994-12-13,31.5,-25.0,28.445862
1994-12-14,31.5,-25.0,28.414734
1994-12-15,31.5,-25.0,20.649597
1994-12-16,31.5,-25.0,24.910583
1994-12-17,31.5,-25.0,30.536194
1994-12-18,31.5,-25.0,31.64856
1994-12-19,31.5,-25.0,30.152863
1994-12-20,31.5,-25.0,33.827362
1994-12-21,31.5,-25.0,34.851257
1994-12-22,31.5,-25.0,37.693542
1994-12-23,31.5,-25.0,34.06656
1994-12-24,31.5,-25.0,32.908325
1994-12-25,31.5,-25.0,27.644775
1994-12-26,31.5,-25.0,26.571747
1994-12-27,31.5,-25.0,26.216248
1994-12-28,31.5,-25.0,31.813995
1994-12-29,31.5,-25.0,26.40628
1994-12-30,31.5,-25.0,29.40747
1994-12-31,31.5,-25.0,35.208374
1995-01-01,31.5,-25.0,29.247375
1995-01-02,31.5,-25.0,31.616486
1995-01-03,31.5,-25.0,31.980713
1995-01-04,31.5,-25.0,32.744934
1995-01-05,31.5,-25.0,33.408325
1995-01-06,31.5,-25.0,34.504272
1995-01-07,31.5,-25.0,35.59207
1995-01-08,31.5,-25.0,32.140045
1995-01-09,31.5,-25.0,25.263672
1995-01-10,31.5,-25.0,26.678284
1995-01-11,31.5,-25.0,29.06366
1995-01-12,31.5,-25.0,31.470123
1995-01-13,31.5,-25.0,34.822968
1995-01-14,31.5,-25.0,30.920532
1995-01-15,31.5,-25.0,32.273376
1995-01-16,31.5,-25.0,31.027863
1995-01-17,31.5,-25.0,28.159576
1995-01-18,31.5,-25.0,29.93518
1995-01-19,31.5,-25.0,26.20514
1995-01-20,31.5,-25.0,27.80838
1995-01-21,31.5,-25.0,25.987244
1995-01-22,31.5,-25.0,28.312439
1995-01-23,31.5,-25.0,31.873383
1995-01-24,31.5,-25.0,32.413208
1995-01-25,31.5,-25.0,34.06198
1995-01-26,31.5,-25.0,35.62784
1995-01-27,31.5,-25.0,35.56604
1995-01-28,31.5,-25.0,39.120483
1995-01-29,31.5,-25.0,38.084747
1995-01-30,31.5,-25.0,33.226227
1995-01-31,31.5,-25.0,28.247406
1995-02-01,31.5,-25.0,35.56427
1995-02-02,31.5,-25.0,28.411743
1995-02-03,31.5,-25.0,32.12216
1995-02-04,31.5,-25.0,34.521057
1995-02-05,31.5,-25.0,34.355347
1995-02-06,31.5,-25.0,36.549072
1995-02-07,31.5,-25.0,38.74124
1995-02-08,31.5,-25.0,30.723846
1995-02-09,31.5,-25.0,26.63623
1995-02-10,31.5,-25.0,28.888367
1995-02-11,31.5,-25.0,31.404053
1995-02-12,31.5,-25.0,32.3873
1995-02-13,31.5,-25.0,31.719696
1995-02-14,31.5,-25.0,32.680847
1995-02-15,31.5,-25.0,32.497772
1995-02-16,31.5,-25.0,32.10321
1995-02-17,31.5,-25.0,25.755585
1995-02-18,31.5,-25.0,27.082886
1995-02-19,31.5,-25.0,28.624786
1995-02-20,31.5,-25.0,31.09314
1995-02-21,31.5,-25.0,31.538208
1995-02-22,31.5,-25.0,27.054474
1995-02-23,31.5,-25.0,27.908295
1995-02-24,31.5,-25.0,29.841614
1995-02-25,31.5,-25.0,29.750061
1995-02-26,31.5,-25.0,31.613953
1995-02-27,31.5,-25.0,31.462463
1995-02-28,31.5,-25.0,31.920135
1995-03-01,31.5,-25.0,30.615143
1995-03-02,31.5,-25.0,30.720581
1995-03-03,31.5,-25.0,30.506348
1995-03-04,31.5,-25.0,30.352386
1995-03-05,31.5,-25.0,29.354858
1995-03-06,31.5,-25.0,30.456146
1995-03-07,31.5,-25.0,28.909637
1995-03-08,31.5,-25.0,31.450348
1995-03-09,31.5,-25.0,30.37915
1995-03-10,31.5,-25.0,25.896942
1995-03-11,31.5,-25.0,29.192505
1995-03-12,31.5,-25.0,30.94989
1995-03-13,31.5,-25.0,30.812653
1995-03-14,31.5,-25.0,29.244385
1995-03-15,31.5,-25.0,27.311249
1995-03-16,31.5,-25.0,29.567413
1995-03-17,31.5,-25.0,32.272125
1995-03-18,31.5,-25.0,33.216095
1995-03-19,31.5,-25.0,34.811157
1995-03-20,31.5,-25.0,35.38022
1995-03-21,31.5,-25.0,26.015778
1995-03-22,31.5,-25.0,25.786499
1995-03-23,31.5,-25.0,31.12732
1995-03-24,31.5,-25.0,26.069336
1995-03-25,31.5,-25.0,21.891754
1995-03-26,31.5,-25.0,26.712067
1995-03-27,31.5,-25.0,29.928925
1995-03-28,31.5,-25.0,24.611542
1995-03-29,31.5,-25.0,26.047577
1995-03-30,31.5,-25.0,27.157257
1995-03-31,31.5,-25.0,26.174805
1995-04-01,31.5,-25.0,25.396484
1995-04-02,31.5,-25.0,25.87201
1995-04-03,31.5,-25.0,26.95288
1995-04-04,31.5,-25.0,30.22107
1995-04-05,31.5,-25.0,26.332886
1995-04-06,31.5,-25.0,28.412292
1995-04-07,31.5,-25.0,28.448883
1995-04-08,31.5,-25.0,28.76892
1995-04-09,31.5,-25.0,26.908966
1995-04-10,31.5,-25.0,24.02301
1995-04-11,31.5,-25.0,24.114471
1995-04-12,31.5,-25.0,24.549744
1995-04-13,31.5,-25.0,27.582
1995-04-14,31.5,-25.0,29.873566
1995-04-15,31.5,-25.0,34.50244
1995-04-16,31.5,-25.0,26.3219
1995-04-17,31.5,-25.0,21.949066
1995-04-18,31.5,-25.0,28.763458
1995-04-19,31.5,-25.0,32.009705
1995-04-20,31.5,-25.0,34.33786
1995-04-21,31.5,-25.0,24.198578
1995-04-22,31.5,-25.0,27.942291
1995-04-23,31.5,-25.0,31.232422
1995-04-24,31.5,-25.0,34.343323
1995-04-25,31.5,-25.0,26.963837
1995-04-26,31.5,-25.0,28.671997
1995-04-27,31.5,-25.0,28.42511
1995-04-28,31.5,-25.0,20.3031
1995-04-29,31.5,-25.0,20.1568
1995-04-30,31.5,-25.0,22.053314
1995-05-01,31.5,-25.0,22.635956
1995-05-02,31.5,-25.0,22.433594
1995-05-03,31.5,-25.0,23.702667
1995-05-04,31.5,-25.0,23.182556
1995-05-05,31.5,-25.0,24.678589
1995-05-06,31.5,-25.0,25.943909
1995-05-07,31.5,-25.0,26.43753
1995-05-08,31.5,-25.0,27.617737
1995-05-09,31.5,-25.0,23.456787
1995-05-10,31.5,-25.0,21.503052
1995-05-11,31.5,-25.0,22.46762
1995-05-12,31.5,-25.0,22.978271
1995-05-13,31.5,-25.0,22.280396
1995-05-14,31.5,-25.0,21.898346
1995-05-15,31.5,-25.0,22.889404
1995-05-16,31.5,-25.0,24.691833
1995-05-17,31.5,-25.0,24.459198
1995-05-18,31.5,-25.0,24.0242
1995-05-19,31.5,-25.0,26.333496
1995-05-20,31.5,-25.0,27.267822
1995-05-21,31.5,-25.0,30.778137
1995-05-22,31.5,-25.0,19.865143
1995-05-23,31.5,-25.0,20.129944
1995-05-24,31.5,-25.0,20.638702
1995-05-25,31.5,-25.0,21.858612
1995-05-26,31.5,-25.0,21.996674
1995-05-27,31.5,-25.0,22.02127
1995-05-28,31.5,-25.0,18.753052
1995-05-29,31.5,-25.0,19.519043
1995-05-30,31.5,-25.0,23.061493
1995-05-31,31.5,-25.0,21.330933
1995-06-01,31.5,-25.0,18.817596
1995-06-02,31.5,-25.0,19.017242
1995-06-03,31.5,-25.0,20.808258
1995-06-04,31.5,-25.0,22.741852
1995-06-05,31.5,-25.0,25.434082
1995-06-06,31.5,-25.0,15.8573
1995-06-07,31.5,-25.0,18.941193
1995-06-08,31.5,-25.0,19.806274
1995-06-09,31.5,-25.0,23.635468
1995-06-10,31.5,-25.0,22.061188
1995-06-11,31.5,-25.0,24.74582
1995-06-12,31.5,-25.0,21.652435
1995-06-13,31.5,-25.0,23.093597
1995-06-14,31.5,-25.0,24.886505
1995-06-15,31.5,-25.0,24.743896
1995-06-16,31.5,-25.0,17.522827
1995-06-17,31.5,-25.0,22.217102
1995-06-18,31.5,-25.0,22.68863
1995-06-19,31.5,-25.0,22.445251
1995-06-20,31.5,-25.0,22.148651
1995-06-21,31.5,-25.0,24.299011
1995-06-22,31.5,-25.0,23.93396
1995-06-23,31.5,-25.0,25.082336
1995-06-24,31.5,-25.0,21.494629
1995-06-25,31.5,-25.0,22.566925
1995-06-26,31.5,-25.0,23.190552
1995-06-27,31.5,-25.0,24.224854
1995-06-28,31.5,-25.0,23.808472
1995-06-29,31.5,-25.0,26.232605
1995-06-30,31.5,-25.0,28.466614
1995-07-01,31.5,-25.0,21.235138
1995-07-02,31.5,-25.0,17.985443
1995-07-03,31.5,-25.0,23.706543
1995-07-04,31.5,-25.0,20.791748
1995-07-05,31.5,-25.0,27.684021
1995-07-06,31.5,-25.0,19.611237
1995-07-07,31.5,-25.0,22.490509
1995-07-08,31.5,-25.0,25.11905
1995-07-09,31.5,-25.0,26.53717
1995-07-10,31.5,-25.0,27.957153
1995-07-11,31.5,-25.0,20.185577
1995-07-12,31.5,-25.0,22.99936
1995-07-13,31.5,-25.0,18.870361
1995-07-14,31.5,-25.0,16.638428
1995-07-15,31.5,-25.0,20.234222
1995-07-16,31.5,-25.0,21.919891
1995-07-17,31.5,-25.0,23.992798
1995-07-18,31.5,-25.0,26.5802
1995-07-19,31.5,-25.0,18.947083
1995-07-20,31.5,-25.0,23.218262
1995-07-21,31.5,-25.0,25.669098
1995-07-22,31.5,-25.0,28.402435
1995-07-23,31.5,-25.0,17.792755
1995-07-24,31.5,-25.0,22.49237
1995-07-25,31.5,-25.0,25.457672
1995-07-26,31.5,-25.0,26.902008
1995-07-27,31.5,-25.0,23.914215
1995-07-28,31.5,-25.0,19.2034
1995-07-29,31.5,-25.0,27.626007
1995-07-30,31.5,-25.0,24.683136
1995-07-31,31.5,-25.0,28.724213
1995-08-01,31.5,-25.0,25.628143
1995-08-02,31.5,-25.0,25.88919
1995-08-03,31.5,-25.0,25.015717
1995-08-04,31.5,-25.0,26.621368
1995-08-05,31.5,-25.0,28.819794
1995-08-06,31.5,-25.0,21.716125
1995-08-07,31.5,-25.0,21.669006
1995-08-08,31.5,-25.0,24.901886
1995-08-09,31.5,-25.0,26.391693
1995-08-10,31.5,-25.0,24.354218
1995-08-11,31.5,-25.0,19.729675
1995-08-12,31.5,-25.0,24.12262
1995-08-13,31.5,-25.0,23.35904
1995-08-14,31.5,-25.0,23.35315
1995-08-15,31.5,-25.0,21.987
1995-08-16,31.5,-25.0,21.22934
1995-08-17,31.5,-25.0,22.734863
1995-08-18,31.5,-25.0,25.227722
1995-08-19,31.5,-25.0,26.904022
1995-08-20,31.5,-25.0,29.26535
1995-08-21,31.5,-25.0,29.071045
1995-08-22,31.5,-25.0,32.453064
1995-08-23,31.5,-25.0,21.53946
1995-08-24,31.5,-25.0,20.26947
1995-08-25,31.5,-25.0,22.968445
1995-08-26,31.5,-25.0,26.350494
1995-08-27,31.5,-25.0,28.211304
1995-08-28,31.5,-25.0,22.191132
1995-08-29,31.5,-25.0,25.985382
1995-08-30,31.5,-25.0,27.748047
1995-08-31,31.5,-25.0,19.227173
1995-09-01,31.5,-25.0,22.713318
1995-09-02,31.5,-25.0,29.067444
1995-09-03,31.5,-25.0,25.839142
1995-09-04,31.5,-25.0,26.332092
1995-09-05,31.5,-25.0,23.146332
1995-09-06,31.5,-25.0,24.830078
1995-09-07,31.5,-25.0,29.486908
1995-09-08,31.5,-25.0,30.45346
1995-09-09,31.5,-25.0,32.03476
1995-09-10,31.5,-25.0,28.203339
1995-09-11,31.5,-25.0,29.330322
1995-09-12,31.5,-25.0,31.03534
1995-09-13,31.5,-25.0,27.31604
1995-09-14,31.5,-25.0,24.3526
1995-09-15,31.5,-25.0,24.30426
1995-09-16,31.5,-25.0,29.318726
1995-09-17,31.5,-25.0,31.530212
1995-09-18,31.5,-25.0,26.852112
1995-09-19,31.5,-25.0,19.117737
1995-09-20,31.5,-25.0,20.832397
1995-09-21,31.5,-25.0,31.215118
1995-09-22,31.5,-25.0,28.60736
1995-09-23,31.5,-25.0,31.31369
1995-09-24,31.5,-25.0,32.918182
1995-09-25,31.5,-25.0,26.900421
1995-09-26,31.5,-25.0,34.530396
1995-09-27,31.5,-25.0,34.26169
1995-09-28,31.5,-25.0,29.626099
1995-09-29,31.5,-25.0,28.0719
1995-09-30,31.5,-25.0,32.06955
1995-10-01,31.5,-25.0,25.885681
1995-10-02,31.5,-25.0,32.92566
1995-10-03,31.5,-25.0,29.959167
1995-10-04,31.5,-25.0,33.51651
1995-10-05,31.5,-25.0,33.935333
1995-10-06,31.5,-25.0,33.834534
1995-10-07,31.5,-25.0,30.762054
1995-10-08,31.5,-25.0,33.667725
1995-10-09,31.5,-25.0,31.01056
1995-10-10,31.5,-25.0,33.24716
1995-10-11,31.5,-25.0,33.84323
1995-10-12,31.5,-25.0,37.954956
1995-10-13,31.5,-25.0,31.2052
1995-10-14,31.5,-25.0,19.215881
1995-10-15,31.5,-25.0,22.933105
1995-10-16,31.5,-25.0,23.518768
1995-10-17,31.5,-25.0,28.852173
1995-10-18,31.5,-25.0,35.353424
1995-10-19,31.5,-25.0,30.056488
1995-10-20,31.5,-25.0,24.658783
1995-10-21,31.5,-25.0,24.429382
1995-10-22,31.5,-25.0,30.798553
1995-10-23,31.5,-25.0,32.5972
1995-10-24,31.5,-25.0,20.590515
1995-10-25,31.5,-25.0,34.385437
1995-10-26,31.5,-25.0,24.738708
1995-10-27,31.5,-25.0,26.891907
1995-10-28,31.5,-25.0,32.147095
1995-10-29,31.5,-25.0,18.847443
1995-10-30,31.5,-25.0,20.248138
1995-10-31,31.5,-25.0,22.338776
1995-11-01,31.5,-25.0,26.17569
1995-11-02,31.5,-25.0,30.20813
1995-11-03,31.5,-25.0,26.42862
1995-11-04,31.5,-25.0,33.545044
1995-11-05,31.5,-25.0,24.786224
1995-11-06,31.5,-25.0,24.10968
1995-11-07,31.5,-25.0,31.964325
1995-11-08,31.5,-25.0,32.621887
1995-11-09,31.5,-25.0,29.778168
1995-11-10,31.5,-25.0,33.3443
1995-11-11,31.5,-25.0,30.186005
1995-11-12,31.5,-25.0,32.09552
1995-11-13,31.5,-25.0,26.555054
1995-11-14,31.5,-25.0,30.081665
1995-11-15,31.5,-25.0,35.634766
1995-11-16,31.5,-25.0,36.641693
1995-11-17,31.5,-25.0,23.502686
1995-11-18,31.5,-25.0,19.944458
1995-11-19,31.5,-25.0,18.36847
1995-11-20,31.5,-25.0,20.73639
1995-11-21,31.5,-25.0,24.558594
1995-11-22,31.5,-25.0,25.938568
1995-11-23,31.5,-25.0,32.142944
1995-11-24,31.5,-25.0,24.779907
1995-11-25,31.5,-25.0,19.027649
1995-11-26,31.5,-25.0,20.700043
1995-11-27,31.5,-25.0,24.770416
1995-11-28,31.5,-25.0,28.551514
1995-11-29,31.5,-25.0,33.405945
1995-11-30,31.5,-25.0,33.805878
1995-12-01,31.5,-25.0,26.20813
1995-12-02,31.5,-25.0,27.415405
1995-12-03,31.5,-25.0,30.733154
1995-12-04,31.5,-25.0,27.90387
1995-12-05,31.5,-25.0,30.118774
1995-12-06,31.5,-25.0,33.348938
1995-12-07,31.5,-25.0,27.298676
1995-12-08,31.5,-25.0,25.606018
1995-12-09,31.5,-25.0,26.393982
1995-12-10,31.5,-25.0,29.9068
1995-12-11,31.5,-25.0,26.174347
1995-12-12,31.5,-25.0,25.404816
1995-12-13,31.5,-25.0,26.635132
1995-12-14,31.5,-25.0,28.702576
1995-12-15,31.5,-25.0,35.322693
1995-12-16,31.5,-25.0,27.380096
1995-12-17,31.5,-25.0,27.266418
1995-12-18,31.5,-25.0,27.060608
1995-12-19,31.5,-25.0,32.645477
1995-12-20,31.5,-25.0,35.26587
1995-12-21,31.5,-25.0,30.671722
1995-12-22,31.5,-25.0,25.003906
1995-12-23,31.5,-25.0,24.845703
1995-12-24,31.5,-25.0,24.383362
1995-12-25,31.5,-25.0,24.27893
1995-12-26,31.5,-25.0,26.549103
1995-12-27,31.5,-25.0,30.746979
1995-12-28,31.5,-25.0,30.99582
1995-12-29,31.5,-25.0,29.273956
1995-12-30,31.5,-25.0,29.525879
1995-12-31,31.5,-25.0,30.140259
1996-01-01,31.5,-25.0,30.336182
1996-01-02,31.5,-25.0,32.210693
1996-01-03,31.5,-25.0,34.60852
1996-01-04,31.5,-25.0,31.922668
1996-01-05,31.5,-25.0,29.82602
1996-01-06,31.5,-25.0,31.256165
1996-01-07,31.5,-25.0,34.824097
1996-01-08,31.5,-25.0,35.666718
1996-01-09,31.5,-25.0,35.16147
1996-01-10,31.5,-25.0,32.45096
1996-01-11,31.5,-25.0,32.223846
1996-01-12,31.5,-25.0,30.922058
1996-01-13,31.5,-25.0,29.845764
1996-01-14,31.5,-25.0,31.262726
1996-01-15,31.5,-25.0,30.671906
1996-01-16,31.5,-25.0,31.767975
1996-01-17,31.5,-25.0,24.992493
1996-01-18,31.5,-25.0,23.029144
1996-01-19,31.5,-25.0,23.95404
1996-01-20,31.5,-25.0,23.35498
1996-01-21,31.5,-25.0,25.217957
1996-01-22,31.5,-25.0,26.360107
1996-01-23,31.5,-25.0,28.441956
1996-01-24,31.5,-25.0,27.546661
1996-01-25,31.5,-25.0,28.585114
1996-01-26,31.5,-25.0,27.286652
1996-01-27,31.5,-25.0,23.97873
1996-01-28,31.5,-25.0,22.658844
1996-01-29,31.5,-25.0,23.967194
1996-01-30,31.5,-25.0,26.621765
1996-01-31,31.5,-25.0,29.124939
1996-02-01,31.5,-25.0,28.075989
1996-02-02,31.5,-25.0,26.562286
1996-02-03,31.5,-25.0,30.870972
1996-02-04,31.5,-25.0,28.58371
1996-02-05,31.5,-25.0,29.581696
1996-02-06,31.5,-25.0,27.896118
1996-02-07,31.5,-25.0,28.704681
1996-02-08,31.5,-25.0,30.60196
1996-02-09,31.5,-25.0,26.024292
1996-02-10,31.5,-25.0,26.746918
1996-02-11,31.5,-25.0,28.195343
1996-02-12,31.5,-25.0,27.95343
1996-02-13,31.5,-25.0,30.154724
1996-02-14,31.5,-25.0,29.825226
1996-02-15,31.5,-25.0,20.151001
1996-02-16,31.5,-25.0,23.09085
1996-02-17,31.5,-25.0,27.43454
1996-02-18,31.5,-25.0,28.379974
1996-02-19,31.5,-25.0,28.626709
1996-02-20,31.5,-25.0,30.285217
1996-02-21,31.5,-25.0,29.97168
1996-02-22,31.5,-25.0,29.997131
1996-02-23,31.5,-25.0,30.632202
1996-02-24,31.5,-25.0,25.053375
1996-02-25,31.5,-25.0,27.751282
1996-02-26,31.5,-25.0,28.578949
1996-02-27,31.5,-25.0,23.22931
1996-02-28,31.5,-25.0,25.206177
1996-02-29,31.5,-25.0,29.455963
1996-03-01,31.5,-25.0,28.12207
1996-03-02,31.5,-25.0,29.337463
1996-03-03,31.5,-25.0,28.574799
1996-03-04,31.5,-25.0,21.69336
1996-03-05,31.5,-25.0,24.649994
1996-03-06,31.5,-25.0,26.790009
1996-03-07,31.5,-25.0,29.067566
1996-03-08,31.5,-25.0,29.342682
1996-03-09,31.5,-25.0,28.463348
1996-03-10,31.5,-25.0,28.835999
1996-03-11,31.5,-25.0,29.79715
1996-03-12,31.5,-25.0,32.43689
1996-03-13,31.5,-25.0,22.830383
1996-03-14,31.5,-25.0,24.618652
1996-03-15,31.5,-25.0,26.18927
1996-03-16,31.5,-25.0,28.667084
1996-03-17,31.5,-25.0,27.467346
1996-03-18,31.5,-25.0,24.62912
1996-03-19,31.5,-25.0,26.18927
1996-03-20,31.5,-25.0,26.222351
1996-03-21,31.5,-25.0,25.501495
1996-03-22,31.5,-25.0,28.322327
1996-03-23,31.5,-25.0,30.737427
1996-03-24,31.5,-25.0,30.126251
1996-03-25,31.5,-25.0,24.225128
1996-03-26,31.5,-25.0,29.243439
1996-03-27,31.5,-25.0,30.408325
1996-03-28,31.5,-25.0,27.058167
1996-03-29,31.5,-25.0,26.777832
1996-03-30,31.5,-25.0,27.500458
1996-03-31,31.5,-25.0,28.559113
1996-04-01,31.5,-25.0,27.03238
1996-04-02,31.5,-25.0,27.405914
1996-04-03,31.5,-25.0,18.850555
1996-04-04,31.5,-25.0,22.299042
1996-04-05,31.5,-25.0,22.654541
1996-04-06,31.5,-25.0,23.36734
1996-04-07,31.5,-25.0,25.606781
1996-04-08,31.5,-25.0,27.72351
1996-04-09,31.5,-25.0,30.459198
1996-04-10,31.5,-25.0,20.649689
1996-04-11,31.5,-25.0,24.08554
1996-04-12,31.5,-25.0,22.789886
1996-04-13,31.5,-25.0,23.952026
1996-04-14,31.5,-25.0,23.444946
1996-04-15,31.5,-25.0,26.406189
1996-04-16,31.5,-25.0,28.717804
1996-04-17,31.5,-25.0,23.616364
1996-04-18,31.5,-25.0,28.559021
1996-04-19,31.5,-25.0,27.676605
1996-04-20,31.5,-25.0,22.766418
1996-04-21,31.5,-25.0,24.28946
1996-04-22,31.5,-25.0,25.828735
1996-04-23,31.5,-25.0,26.177032
1996-04-24,31.5,-25.0,24.536682
1996-04-25,31.5,-25.0,29.257385
1996-04-26,31.5,-25.0,25.33789
1996-04-27,31.5,-25.0,26.281677
1996-04-28,31.5,-25.0,23.472015
1996-04-29,31.5,-25.0,22.668976
1996-04-30,31.5,-25.0,21.39859
1996-05-01,31.5,-25.0,22.50946
1996-05-02,31.5,-25.0,26.569763
1996-05-03,31.5,-25.0,25.864532
1996-05-04,31.5,-25.0,28.674042
1996-05-05,31.5,-25.0,26.887207
1996-05-06,31.5,-25.0,20.97165
1996-05-07,31.5,-25.0,24.052979
1996-05-08,31.5,-25.0,25.014832
1996-05-09,31.5,-25.0,24.914093
1996-05-10,31.5,-25.0,27.52591
1996-05-11,31.5,-25.0,29.67392
1996-05-12,31.5,-25.0,27.754028
1996-05-13,31.5,-25.0,28.573303
1996-05-14,31.5,-25.0,21.847961
1996-05-15,31.5,-25.0,21.922089
1996-05-16,31.5,-25.0,20.92221
1996-05-17,31.5,-25.0,22.446747
1996-05-18,31.5,-25.0,22.452454
1996-05-19,31.5,-25.0,22.868744
1996-05-20,31.5,-25.0,23.032227
1996-05-21,31.5,-25.0,21.942993
1996-05-22,31.5,-25.0,21.849854
1996-05-23,31.5,-25.0,26.195282
1996-05-24,31.5,-25.0,24.969208
1996-05-25,31.5,-25.0,19.378693
1996-05-26,31.5,-25.0,19.686646
1996-05-27,31.5,-25.0,18.690582
1996-05-28,31.5,-25.0,17.200287
1996-05-29,31.5,-25.0,21.671173
1996-05-30,31.5,-25.0,24.476898
1996-05-31,31.5,-25.0,25.43872
1996-06-01,31.5,-25.0,27.011292
1996-06-02,31.5,-25.0,17.325073
1996-06-03,31.5,-25.0,21.332306
1996-06-04,31.5,-25.0,21.334229
1996-06-05,31.5,-25.0,20.139557
1996-06-06,31.5,-25.0,22.875183
1996-06-07,31.5,-25.0,23.88324
1996-06-08,31.5,-25.0,26.718903
1996-06-09,31.5,-25.0,22.369232
1996-06-10,31.5,-25.0,21.51892
1996-06-11,31.5,-25.0,22.171082
1996-06-12,31.5,-25.0,25.097137
1996-06-13,31.5,-25.0,24.104462
1996-06-14,31.5,-25.0,25.870514
1996-06-15,31.5,-25.0,27.884705
1996-06-16,31.5,-25.0,28.292542
1996-06-17,31.5,-25.0,24.541168
1996-06-18,31.5,-25.0,25.110596
1996-06-19,31.5,-25.0,18.992981
1996-06-20,31.5,-25.0,20.820587
1996-06-21,31.5,-25.0,19.393127
1996-06-22,31.5,-25.0,17.819489
1996-06-23,31.5,-25.0,21.157257
1996-06-24,31.5,-25.0,21.888275
1996-06-25,31.5,-25.0,23.390747
1996-06-26,31.5,-25.0,20.095306
1996-06-27,31.5,-25.0,23.073334
1996-06-28,31.5,-25.0,20.532013
1996-06-29,31.5,-25.0,23.450378
1996-06-30,31.5,-25.0,24.477692
1996-07-01,31.5,-25.0,25.571198
1996-07-02,31.5,-25.0,22.937317
1996-07-03,31.5,-25.0,25.669006
1996-07-04,31.5,-25.0,22.989105
1996-07-05,31.5,-25.0,27.368652
1996-07-06,31.5,-25.0,16.51474
1996-07-07,31.5,-25.0,12.750977
1996-07-08,31.5,-25.0,19.234924
1996-07-09,31.5,-25.0,21.341248
1996-07-10,31.5,-25.0,21.999237
1996-07-11,31.5,-25.0,21.47937
1996-07-12,31.5,-25.0,22.014587
1996-07-13,31.5,-25.0,24.013489
1996-07-14,31.5,-25.0,27.516388
1996-07-15,31.5,-25.0,20.209442
1996-07-16,31.5,-25.0,15.444305
1996-07-17,31.5,-25.0,12.294403
1996-07-18,31.5,-25.0,16.397705
1996-07-19,31.5,-25.0,19.03543
1996-07-20,31.5,-25.0,21.680817
1996-07-21,31.5,-25.0,20.913483
1996-07-22,31.5,-25.0,18.65561
1996-07-23,31.5,-25.0,19.162048
1996-07-24,31.5,-25.0,18.283447
1996-07-25,31.5,-25.0,18.862762
1996-07-26,31.5,-25.0,21.838104
1996-07-27,31.5,-25.0,25.28534
1996-07-28,31.5,-25.0,26.313568
1996-07-29,31.5,-25.0,28.324005
1996-07-30,31.5,-25.0,16.781372
1996-07-31,31.5,-25.0,23.662445
1996-08-01,31.5,-25.0,30.855103
1996-08-02,31.5,-25.0,25.276428
1996-08-03,31.5,-25.0,17.934906
1996-08-04,31.5,-25.0,15.157745
1996-08-05,31.5,-25.0,18.883728
1996-08-06,31.5,-25.0,24.078735
1996-08-07,31.5,-25.0,23.08316
1996-08-08,31.5,-25.0,21.76944
1996-08-09,31.5,-25.0,25.085571
1996-08-10,31.5,-25.0,27.29007
1996-08-11,31.5,-25.0,20.863678
1996-08-12,31.5,-25.0,24.700043
1996-08-13,31.5,-25.0,31.802032
1996-08-14,31.5,-25.0,23.496735
1996-08-15,31.5,-25.0,17.706604
1996-08-16,31.5,-25.0,25.834106
1996-08-17,31.5,-25.0,29.977417
1996-08-18,31.5,-25.0,22.80243
1996-08-19,31.5,-25.0,17.843231
1996-08-20,31.5,-25.0,12.590179
1996-08-21,31.5,-25.0,15.039856
1996-08-22,31.5,-25.0,18.054688
1996-08-23,31.5,-25.0,19.353455
1996-08-24,31.5,-25.0,22.909119
1996-08-25,31.5,-25.0,25.63388
1996-08-26,31.5,-25.0,29.816467
1996-08-27,31.5,-25.0,32.689087
1996-08-28,31.5,-25.0,24.735596
1996-08-29,31.5,-25.0,22.774384
1996-08-30,31.5,-25.0,22.91098
1996-08-31,31.5,-25.0,26.962585
1996-09-01,31.5,-25.0,24.762543
1996-09-02,31.5,-25.0,26.051422
1996-09-03,31.5,-25.0,25.263977
1996-09-04,31.5,-25.0,24.320526
1996-09-05,31.5,-25.0,28.228027
1996-09-06,31.5,-25.0,34.34369
1996-09-07,31.5,-25.0,28.187164
1996-09-08,31.5,-25.0,32.43637
1996-09-09,31.5,-25.0,34.078125
1996-09-10,31.5,-25.0,33.10495
1996-09-11,31.5,-25.0,32.711243
1996-09-12,31.5,-25.0,34.08554
1996-09-13,31.5,-25.0,34.882263
1996-09-14,31.5,-25.0,23.30838
1996-09-15,31.5,-25.0,21.60907
1996-09-16,31.5,-25.0,27.802734
1996-09-17,31.5,-25.0,30.031342
1996-09-18,31.5,-25.0,33.322266
1996-09-19,31.5,-25.0,21.493927
1996-09-20,31.5,-25.0,19.965454
1996-09-21,31.5,-25.0,25.393982
1996-09-22,31.5,-25.0,23.458801
1996-09-23,31.5,-25.0,23.848816
1996-09-24,31.5,-25.0,26.19629
1996-09-25,31.5,-25.0,32.168945
1996-09-26,31.5,-25.0,33.645386
1996-09-27,31.5,-25.0,22.754944
1996-09-28,31.5,-25.0,26.749725
1996-09-29,31.5,-25.0,31.12149
1996-09-30,31.5,-25.0,33.63983
1996-10-01,31.5,-25.0,35.925842
1996-10-02,31.5,-25.0,28.776855
1996-10-03,31.5,-25.0,29.675903
1996-10-04,31.5,-25.0,32.034607
1996-10-05,31.5,-25.0,32.532715
1996-10-06,31.5,-25.0,32.432037
1996-10-07,31.5,-25.0,33.50467
1996-10-08,31.5,-25.0,33.084625
1996-10-09,31.5,-25.0,32.43033
1996-10-10,31.5,-25.0,25.883606
1996-10-11,31.5,-25.0,29.90326
1996-10-12,31.5,-25.0,35.648132
1996-10-13,31.5,-25.0,26.879852
1996-10-14,31.5,-25.0,33.487305
1996-10-15,31.5,-25.0,31.231018
1996-10-16,31.5,-25.0,19.517395
1996-10-17,31.5,-25.0,23.28366
1996-10-18,31.5,-25.0,29.71756
1996-10-19,31.5,-25.0,31.484406
1996-10-20,31.5,-25.0,35.200348
1996-10-21,31.5,-25.0,21.383179
1996-10-22,31.5,-25.0,23.83731
1996-10-23,31.5,-25.0,21.277313
1996-10-24,31.5,-25.0,29.16043
1996-10-25,31.5,-25.0,26.808685
1996-10-26,31.5,-25.0,25.864502
1996-10-27,31.5,-25.0,28.934814
1996-10-28,31.5,-25.0,27.584503
1996-10-29,31.5,-25.0,29.172577
1996-10-30,31.5,-25.0,28.235352
1996-10-31,31.5,-25.0,33.187042
1996-11-01,31.5,-25.0,32.210632
1996-11-02,31.5,-25.0,34.730682
1996-11-03,31.5,-25.0,29.393097
1996-11-04,31.5,-25.0,37.496857
1996-11-05,31.5,-25.0,35.923767
1996-11-06,31.5,-25.0,29.114288
1996-11-07,31.5,-25.0,26.38086
1996-11-08,31.5,-25.0,33.500244
1996-11-09,31.5,-25.0,34.835052
1996-11-10,31.5,-25.0,30.070618
1996-11-11,31.5,-25.0,33.89743
1996-11-12,31.5,-25.0,36.05771
1996-11-13,31.5,-25.0,37.32242
1996-11-14,31.5,-25.0,18.071503
1996-11-15,31.5,-25.0,20.64917
1996-11-16,31.5,-25.0,25.887115
1996-11-17,31.5,-25.0,28.086334
1996-11-18,31.5,-25.0,28.771637
1996-11-19,31.5,-25.0,30.88208
1996-11-20,31.5,-25.0,31.695099
1996-11-21,31.5,-25.0,31.37268
1996-11-22,31.5,-25.0,34.61389
1996-11-23,31.5,-25.0,24.826447
1996-11-24,31.5,-25.0,29.273163
1996-11-25,31.5,-25.0,32.0502
1996-11-26,31.5,-25.0,25.85907
1996-11-27,31.5,-25.0,20.68811
1996-11-28,31.5,-25.0,24.170715
1996-11-29,31.5,-25.0,31.329071
1996-11-30,31.5,-25.0,30.98642
1996-12-01,31.5,-25.0,30.58606
1996-12-02,31.5,-25.0,35.989044
1996-12-03,31.5,-25.0,27.047821
1996-12-04,31.5,-25.0,27.232697
1996-12-05,31.5,-25.0,24.358398
1996-12-06,31.5,-25.0,30.507294
1996-12-07,31.5,-25.0,31.822266
1996-12-08,31.5,-25.0,27.440063
1996-12-09,31.5,-25.0,30.677704
1996-12-10,31.5,-25.0,27.637817
1996-12-11,31.5,-25.0,32.486176
1996-12-12,31.5,-25.0,28.65216
1996-12-13,31.5,-25.0,30.992767
1996-12-14,31.5,-25.0,29.505798
1996-12-15,31.5,-25.0,29.600616
1996-12-16,31.5,-25.0,28.690765
1996-12-17,31.5,-25.0,34.72229
1996-12-18,31.5,-25.0,37.418182
1996-12-19,31.5,-25.0,22.932495
1996-12-20,31.5,-25.0,24.691162
1996-12-21,31.5,-25.0,31.682404
1996-12-22,31.5,-25.0,29.245361
1996-12-23,31.5,-25.0,30.351349
1996-12-24,31.5,-25.0,33.084198
1996-12-25,31.5,-25.0,32.89612
1996-12-26,31.5,-25.0,32.74823
1996-12-27,31.5,-25.0,33.24173
1996-12-28,31.5,-25.0,33.555206
1996-12-29,31.5,-25.0,32.780365
1996-12-30,31.5,-25.0,32.71286
1996-12-31,31.5,-25.0,34.01819
1997-01-01,31.5,-25.0,37.362
1997-01-02,31.5,-25.0,29.386261
1997-01-03,31.5,-25.0,30.808502
1997-01-04,31.5,-25.0,31.094543
1997-01-05,31.5,-25.0,30.38739
1997-01-06,31.5,-25.0,31.709534
1997-01-07,31.5,-25.0,33.762665
1997-01-08,31.5,-25.0,36.012848
1997-01-09,31.5,-25.0,38.692078
1997-01-10,31.5,-25.0,22.936066
1997-01-11,31.5,-25.0,23.854584
1997-01-12,31.5,-25.0,24.456848
1997-01-13,31.5,-25.0,27.403046
1997-01-14,31.5,-25.0,22.348114
1997-01-15,31.5,-25.0,26.443237
1997-01-16,31.5,-25.0,28.480469
1997-01-17,31.5,-25.0,26.829376
1997-01-18,31.5,-25.0,25.705902
1997-01-19,31.5,-25.0,28.544037
1997-01-20,31.5,-25.0,30.096588
1997-01-21,31.5,-25.0,29.71521
1997-01-22,31.5,-25.0,31.57605
1997-01-23,31.5,-25.0,28.756989
1997-01-24,31.5,-25.0,28.99533
1997-01-25,31.5,-25.0,29.32904
1997-01-26,31.5,-25.0,30.930878
1997-01-27,31.5,-25.0,31.47116
1997-01-28,31.5,-25.0,31.61737
1997-01-29,31.5,-25.0,31.380585
1997-01-30,31.5,-25.0,33.842133
1997-01-31,31.5,-25.0,34.23941
1997-02-01,31.5,-25.0,34.07422
1997-02-02,31.5,-25.0,27.188599
1997-02-03,31.5,-25.0,29.55722
1997-02-04,31.5,-25.0,29.362518
1997-02-05,31.5,-25.0,31.815735
1997-02-06,31.5,-25.0,31.628998
1997-02-07,31.5,-25.0,32.944183
1997-02-08,31.5,-25.0,29.881256
1997-02-09,31.5,-25.0,29.12149
1997-02-10,31.5,-25.0,30.513306
1997-02-11,31.5,-25.0,33.52997
1997-02-12,31.5,-25.0,33.691162
1997-02-13,31.5,-25.0,28.48465
1997-02-14,31.5,-25.0,25.557373
1997-02-15,31.5,-25.0,27.970703
1997-02-16,31.5,-25.0,33.810883
1997-02-17,31.5,-25.0,29.006561
1997-02-18,31.5,-25.0,31.66092
1997-02-19,31.5,-25.0,34.881866
1997-02-20,31.5,-25.0,30.449463
1997-02-21,31.5,-25.0,35.165985
1997-02-22,31.5,-25.0,36.985535
1997-02-23,31.5,-25.0,28.601166
1997-02-24,31.5,-25.0,25.341888
1997-02-25,31.5,-25.0,30.246765
1997-02-26,31.5,-25.0,33.00482
1997-02-27,31.5,-25.0,23.452087
1997-02-28,31.5,-25.0,26.162292
1997-03-01,31.5,-25.0,28.03775
1997-03-02,31.5,-25.0,30.033142
1997-03-03,31.5,-25.0,34.412292
1997-03-04,31.5,-25.0,34.998413
1997-03-05,31.5,-25.0,27.031158
1997-03-06,31.5,-25.0,29.951172
1997-03-07,31.5,-25.0,31.793335
1997-03-08,31.5,-25.0,32.90149
1997-03-09,31.5,-25.0,28.174927
1997-03-10,31.5,-25.0,30.51239
1997-03-11,31.5,-25.0,33.32016
1997-03-12,31.5,-25.0,19.099518
1997-03-13,31.5,-25.0,22.366974
1997-03-14,31.5,-25.0,24.870087
1997-03-15,31.5,-25.0,24.175262
1997-03-16,31.5,-25.0,25.851746
1997-03-17,31.5,-25.0,26.282898
1997-03-18,31.5,-25.0,26.858337
1997-03-19,31.5,-25.0,29.252808
1997-03-20,31.5,-25.0,28.02884
1997-03-21,31.5,-25.0,23.102753
1997-03-22,31.5,-25.0,24.592163
1997-03-23,31.5,-25.0,27.645813
1997-03-24,31.5,-25.0,29.149475
1997-03-25,31.5,-25.0,27.78122
1997-03-26,31.5,-25.0,27.775848
1997-03-27,31.5,-25.0,22.537994
1997-03-28,31.5,-25.0,24.454987
1997-03-29,31.5,-25.0,28.36914
1997-03-30,31.5,-25.0,30.34848
1997-03-31,31.5,-25.0,27.198639
1997-04-01,31.5,-25.0,25.147675
1997-04-02,31.5,-25.0,21.109985
1997-04-03,31.5,-25.0,23.393494
1997-04-04,31.5,-25.0,25.628235
1997-04-05,31.5,-25.0,28.827667
1997-04-06,31.5,-25.0,30.791412
1997-04-07,31.5,-25.0,23.079132
1997-04-08,31.5,-25.0,24.103485
1997-04-09,31.5,-25.0,25.52887
1997-04-10,31.5,-25.0,25.091675
1997-04-11,31.5,-25.0,26.40506
1997-04-12,31.5,-25.0,23.97519
1997-04-13,31.5,-25.0,25.042877
1997-04-14,31.5,-25.0,26.578491
1997-04-15,31.5,-25.0,28.634369
1997-04-16,31.5,-25.0,27.689514
1997-04-17,31.5,-25.0,30.122986
1997-04-18,31.5,-25.0,31.804901
1997-04-19,31.5,-25.0,31.949432
1997-04-20,31.5,-25.0,28.200775
1997-04-21,31.5,-25.0,29.667725
1997-04-22,31.5,-25.0,25.611969
1997-04-23,31.5,-25.0,28.806
1997-04-24,31.5,-25.0,25.386139
1997-04-25,31.5,-25.0,24.159485
1997-04-26,31.5,-25.0,27.67508
1997-04-27,31.5,-25.0,26.957855
1997-04-28,31.5,-25.0,30.043488
1997-04-29,31.5,-25.0,21.182251
1997-04-30,31.5,-25.0,23.646393
1997-05-01,31.5,-25.0,27.58252
1997-05-02,31.5,-25.0,29.52539
1997-05-03,31.5,-25.0,23.767365
1997-05-04,31.5,-25.0,23.06311
1997-05-05,31.5,-25.0,21.503845
1997-05-06,31.5,-25.0,22.52301
1997-05-07,31.5,-25.0,24.983093
1997-05-08,31.5,-25.0,24.801788
1997-05-09,31.5,-25.0,23.282593
1997-05-10,31.5,-25.0,23.040222
1997-05-11,31.5,-25.0,23.874237
1997-05-12,31.5,-25.0,24.427734
1997-05-13,31.5,-25.0,24.857147
1997-05-14,31.5,-25.0,24.187256
1997-05-15,31.5,-25.0,23.95633
1997-05-16,31.5,-25.0,23.107025
1997-05-17,31.5,-25.0,27.584412
1997-05-18,31.5,-25.0,27.12445
1997-05-19,31.5,-25.0,27.053864
1997-05-20,31.5,-25.0,27.546265
1997-05-21,31.5,-25.0,24.574677
1997-05-22,31.5,-25.0,26.708405
1997-05-23,31.5,-25.0,24.01358
1997-05-24,31.5,-25.0,25.54422
1997-05-25,31.5,-25.0,26.733215
1997-05-26,31.5,-25.0,23.003967
1997-05-27,31.5,-25.0,22.666138
1997-05-28,31.5,-25.0,17.54367
1997-05-29,31.5,-25.0,13.325836
1997-05-30,31.5,-25.0,17.497864
1997-05-31,31.5,-25.0,20.186981
1997-06-01,31.5,-25.0,22.445587
1997-06-02,31.5,-25.0,23.27945
1997-06-03,31.5,-25.0,22.02185
1997-06-04,31.5,-25.0,24.601501
1997-06-05,31.5,-25.0,24.531189
1997-06-06,31.5,-25.0,25.441223
1997-06-07,31.5,-25.0,26.20868
1997-06-08,31.5,-25.0,27.26123
1997-06-09,31.5,-25.0,29.88385
1997-06-10,31.5,-25.0,24.289062
1997-06-11,31.5,-25.0,23.810608
1997-06-12,31.5,-25.0,20.975128
1997-06-13,31.5,-25.0,23.220856
1997-06-14,31.5,-25.0,23.826233
1997-06-15,31.5,-25.0,24.693298
1997-06-16,31.5,-25.0,25.80249
1997-06-17,31.5,-25.0,25.37091
1997-06-18,31.5,-25.0,24.972534
1997-06-19,31.5,-25.0,20.961456
1997-06-20,31.5,-25.0,23.095886
1997-06-21,31.5,-25.0,25.087738
1997-06-22,31.5,-25.0,26.96637
1997-06-23,31.5,-25.0,28.11267
1997-06-24,31.5,-25.0,27.050323
1997-06-25,31.5,-25.0,28.75122
1997-06-26,31.5,-25.0,25.986053
1997-06-27,31.5,-25.0,29.729584
1997-06-28,31.5,-25.0,30.329102
1997-06-29,31.5,-25.0,29.08319
1997-06-30,31.5,-25.0,16.62622
1997-07-01,31.5,-25.0,18.175507
1997-07-02,31.5,-25.0,21.642517
1997-07-03,31.5,-25.0,22.34909
1997-07-04,31.5,-25.0,24.055634
1997-07-05,31.5,-25.0,18.381104
1997-07-06,31.5,-25.0,18.876099
1997-07-07,31.5,-25.0,18.808228
1997-07-08,31.5,-25.0,18.193481
1997-07-09,31.5,-25.0,21.383026
1997-07-10,31.5,-25.0,21.227356
1997-07-11,31.5,-25.0,21.973846
1997-07-12,31.5,-25.0,22.770233
1997-07-13,31.5,-25.0,21.672455
1997-07-14,31.5,-25.0,21.341125
1997-07-15,31.5,-25.0,22.390991
1997-07-16,31.5,-25.0,23.568604
1997-07-17,31.5,-25.0,26.217255
1997-07-18,31.5,-25.0,21.622559
1997-07-19,31.5,-25.0,22.10556
1997-07-20,31.5,-25.0,26.345001
1997-07-21,31.5,-25.0,28.957733
1997-07-22,31.5,-25.0,26.135437
1997-07-23,31.5,-25.0,27.231232
1997-07-24,31.5,-25.0,29.32898
1997-07-25,31.5,-25.0,29.065521
1997-07-26,31.5,-25.0,18.69046
1997-07-27,31.5,-25.0,25.460785
1997-07-28,31.5,-25.0,26.17334
1997-07-29,31.5,-25.0,16.3432
1997-07-30,31.5,-25.0,20.688446
1997-07-31,31.5,-25.0,23.496765
1997-08-01,31.5,-25.0,17.851746
1997-08-02,31.5,-25.0,24.845673
1997-08-03,31.5,-25.0,22.650269
1997-08-04,31.5,-25.0,27.868378
1997-08-05,31.5,-25.0,27.562134
1997-08-06,31.5,-25.0,21.286072
1997-08-07,31.5,-25.0,24.17154
1997-08-08,31.5,-25.0,21.76535
1997-08-09,31.5,-25.0,25.891693
1997-08-10,31.5,-25.0,25.768402
1997-08-11,31.5,-25.0,23.028107
1997-08-12,31.5,-25.0,29.055573
1997-08-13,31.5,-25.0,27.643646
1997-08-14,31.5,-25.0,28.063263
1997-08-15,31.5,-25.0,26.211853
1997-08-16,31.5,-25.0,29.162964
1997-08-17,31.5,-25.0,30.988495
1997-08-18,31.5,-25.0,27.047058
1997-08-19,31.5,-25.0,30.282532
1997-08-20,31.5,-25.0,26.09253
1997-08-21,31.5,-25.0,29.244476
1997-08-22,31.5,-25.0,25.38858
1997-08-23,31.5,-25.0,24.229218
1997-08-24,31.5,-25.0,23.079803
1997-08-25,31.5,-25.0,26.603607
1997-08-26,31.5,-25.0,28.44107
1997-08-27,31.5,-25.0,24.911316
1997-08-28,31.5,-25.0,26.164124
1997-08-29,31.5,-25.0,25.885712
1997-08-30,31.5,-25.0,27.892242
1997-08-31,31.5,-25.0,28.228302
1997-09-01,31.5,-25.0,23.155334
1997-09-02,31.5,-25.0,24.284454
1997-09-03,31.5,-25.0,30.58957
1997-09-04,31.5,-25.0,20.534729
1997-09-05,31.5,-25.0,21.73288
1997-09-06,31.5,-25.0,29.28598
1997-09-07,31.5,-25.0,30.599152
1997-09-08,31.5,-25.0,19.363434
1997-09-09,31.5,-25.0,18.94168
1997-09-10,31.5,-25.0,20.226105
1997-09-11,31.5,-25.0,21.144348
1997-09-12,31.5,-25.0,21.982086
1997-09-13,31.5,-25.0,21.117523
1997-09-14,31.5,-25.0,21.792328
1997-09-15,31.5,-25.0,22.323334
1997-09-16,31.5,-25.0,25.835327
1997-09-17,31.5,-25.0,25.214203
1997-09-18,31.5,-25.0,24.41864
1997-09-19,31.5,-25.0,26.690338
1997-09-20,31.5,-25.0,32.104004
1997-09-21,31.5,-25.0,26.097961
1997-09-22,31.5,-25.0,30.879028
1997-09-23,31.5,-25.0,35.916992
1997-09-24,31.5,-25.0,31.53659
1997-09-25,31.5,-25.0,28.09552
1997-09-26,31.5,-25.0,26.109467
1997-09-27,31.5,-25.0,32.68103
1997-09-28,31.5,-25.0,35.180847
1997-09-29,31.5,-25.0,38.95166
1997-09-30,31.5,-25.0,24.842316
1997-10-01,31.5,-25.0,30.29657
1997-10-02,31.5,-25.0,28.11615
1997-10-03,31.5,-25.0,34.065857
1997-10-04,31.5,-25.0,34.94284
1997-10-05,31.5,-25.0,36.11731
1997-10-06,31.5,-25.0,36.35977
1997-10-07,31.5,-25.0,25.793
1997-10-08,31.5,-25.0,24.489563
1997-10-09,31.5,-25.0,17.471985
1997-10-10,31.5,-25.0,20.168274
1997-10-11,31.5,-25.0,30.900116
1997-10-12,31.5,-25.0,23.708893
1997-10-13,31.5,-25.0,22.923035
1997-10-14,31.5,-25.0,24.771576
1997-10-15,31.5,-25.0,23.352936
1997-10-16,31.5,-25.0,20.44342
1997-10-17,31.5,-25.0,20.500153
1997-10-18,31.5,-25.0,23.588501
1997-10-19,31.5,-25.0,24.197235
1997-10-20,31.5,-25.0,26.61325
1997-10-21,31.5,-25.0,30.415192
1997-10-22,31.5,-25.0,32.99283
1997-10-23,31.5,-25.0,34.643616
1997-10-24,31.5,-25.0,25.569458
1997-10-25,31.5,-25.0,27.54181
1997-10-26,31.5,-25.0,34.457916
1997-10-27,31.5,-25.0,24.998566
1997-10-28,31.5,-25.0,21.623047
1997-10-29,31.5,-25.0,22.324615
1997-10-30,31.5,-25.0,30.325775
1997-10-31,31.5,-25.0,27.978577
1997-11-01,31.5,-25.0,31.155548
1997-11-02,31.5,-25.0,30.913513
1997-11-03,31.5,-25.0,35.035034
1997-11-04,31.5,-25.0,27.442993
1997-11-05,31.5,-25.0,33.22885
1997-11-06,31.5,-25.0,35.41565
1997-11-07,31.5,-25.0,36.66095
1997-11-08,31.5,-25.0,35.984894
1997-11-09,31.5,-25.0,39.1015
1997-11-10,31.5,-25.0,28.01056
1997-11-11,31.5,-25.0,27.132507
1997-11-12,31.5,-25.0,26.104218
1997-11-13,31.5,-25.0,26.817017
1997-11-14,31.5,-25.0,31.913422
1997-11-15,31.5,-25.0,33.879883
1997-11-16,31.5,-25.0,29.152374
1997-11-17,31.5,-25.0,33.83481
1997-11-18,31.5,-25.0,25.129333
1997-11-19,31.5,-25.0,26.489838
1997-11-20,31.5,-25.0,30.509521
1997-11-21,31.5,-25.0,37.66086
1997-11-22,31.5,-25.0,30.716522
1997-11-23,31.5,-25.0,31.217316
1997-11-24,31.5,-25.0,36.943054
1997-11-25,31.5,-25.0,24.117737
1997-11-26,31.5,-25.0,19.346832
1997-11-27,31.5,-25.0,19.313446
1997-11-28,31.5,-25.0,17.972992
1997-11-29,31.5,-25.0,20.3768
1997-11-30,31.5,-25.0,17.397095
1997-12-01,31.5,-25.0,27.2518
1997-12-02,31.5,-25.0,33.647583
1997-12-03,31.5,-25.0,28.566803
1997-12-04,31.5,-25.0,26.211334
1997-12-05,31.5,-25.0,33.631134
1997-12-06,31.5,-25.0,33.9451
1997-12-07,31.5,-25.0,35.327484
1997-12-08,31.5,-25.0,26.750458
1997-12-09,31.5,-25.0,31.16391
1997-12-10,31.5,-25.0,31.139252
1997-12-11,31.5,-25.0,27.63974
1997-12-12,31.5,-25.0,27.60028
1997-12-13,31.5,-25.0,32.83557
1997-12-14,31.5,-25.0,29.145386
1997-12-15,31.5,-25.0,29.454407
1997-12-16,31.5,-25.0,35.327484
1997-12-17,31.5,-25.0,34.732452
1997-12-18,31.5,-25.0,20.759064
1997-12-19,31.5,-25.0,24.143494
1997-12-20,31.5,-25.0,26.69458
1997-12-21,31.5,-25.0,31.735931
1997-12-22,31.5,-25.0,28.044098
1997-12-23,31.5,-25.0,30.47519
1997-12-24,31.5,-25.0,29.922882
1997-12-25,31.5,-25.0,35.195984
1997-12-26,31.5,-25.0,33.212006
1997-12-27,31.5,-25.0,28.842957
1997-12-28,31.5,-25.0,30.248352
1997-12-29,31.5,-25.0,26.812927
1997-12-30,31.5,-25.0,28.379425
1997-12-31,31.5,-25.0,34.015778
1998-01-01,31.5,-25.0,29.569702
1998-01-02,31.5,-25.0,23.976746
1998-01-03,31.5,-25.0,27.23053
1998-01-04,31.5,-25.0,28.222046
1998-01-05,31.5,-25.0,31.551147
1998-01-06,31.5,-25.0,36.902496
1998-01-07,31.5,-25.0,35.86548
1998-01-08,31.5,-25.0,35.363464
1998-01-09,31.5,-25.0,37.20056
1998-01-10,31.5,-25.0,30.647491
1998-01-11,31.5,-25.0,25.227112
1998-01-12,31.5,-25.0,28.600159
1998-01-13,31.5,-25.0,33.93579
1998-01-14,31.5,-25.0,24.704681
1998-01-15,31.5,-25.0,28.545227
1998-01-16,31.5,-25.0,34.997894
1998-01-17,31.5,-25.0,35.757233
1998-01-18,31.5,-25.0,37.818695
1998-01-19,31.5,-25.0,35.437195
1998-01-20,31.5,-25.0,26.188812
1998-01-21,31.5,-25.0,33.342773
1998-01-22,31.5,-25.0,31.158936
1998-01-23,31.5,-25.0,36.856995
1998-01-24,31.5,-25.0,27.338806
1998-01-25,31.5,-25.0,24.375244
1998-01-26,31.5,-25.0,31.703339
1998-01-27,31.5,-25.0,32.481476
1998-01-28,31.5,-25.0,32.125336
1998-01-29,31.5,-25.0,29.36731
1998-01-30,31.5,-25.0,24.245026
1998-01-31,31.5,-25.0,23.994019
1998-02-01,31.5,-25.0,28.033966
1998-02-02,31.5,-25.0,30.517273
1998-02-03,31.5,-25.0,32.908447
1998-02-04,31.5,-25.0,29.9375
1998-02-05,31.5,-25.0,29.283997
1998-02-06,31.5,-25.0,30.713318
1998-02-07,31.5,-25.0,31.440552
1998-02-08,31.5,-25.0,32.011963
1998-02-09,31.5,-25.0,32.221405
1998-02-10,31.5,-25.0,31.011597
1998-02-11,31.5,-25.0,30.788727
1998-02-12,31.5,-25.0,28.667358
1998-02-13,31.5,-25.0,30.157013
1998-02-14,31.5,-25.0,31.266296
1998-02-15,31.5,-25.0,33.176544
1998-02-16,31.5,-25.0,31.872894
1998-02-17,31.5,-25.0,26.88446
1998-02-18,31.5,-25.0,23.687317
1998-02-19,31.5,-25.0,24.461456
1998-02-20,31.5,-25.0,30.52063
1998-02-21,31.5,-25.0,32.456024
1998-02-22,31.5,-25.0,34.605865
1998-02-23,31.5,-25.0,28.637177
1998-02-24,31.5,-25.0,31.712006
1998-02-25,31.5,-25.0,32.094055
1998-02-26,31.5,-25.0,32.92856
1998-02-27,31.5,-25.0,35.053284
1998-02-28,31.5,-25.0,34.71982
1998-03-01,31.5,-25.0,37.003723
1998-03-02,31.5,-25.0,37.177948
1998-03-03,31.5,-25.0,32.9599
1998-03-04,31.5,-25.0,33.38849
1998-03-05,31.5,-25.0,33.81534
1998-03-06,31.5,-25.0,35.982758
1998-03-07,31.5,-25.0,35.477478
1998-03-08,31.5,-25.0,32.38495
1998-03-09,31.5,-25.0,36.080322
1998-03-10,31.5,-25.0,35.484467
1998-03-11,31.5,-25.0,32.667175
1998-03-12,31.5,-25.0,32.989502
1998-03-13,31.5,-25.0,23.776337
1998-03-14,31.5,-25.0,24.936676
1998-03-15,31.5,-25.0,29.309814
1998-03-16,31.5,-25.0,30.654846
1998-03-17,31.5,-25.0,35.82419
1998-03-18,31.5,-25.0,32.966858
1998-03-19,31.5,-25.0,26.245148
1998-03-20,31.5,-25.0,31.813477
1998-03-21,31.5,-25.0,30.726288
1998-03-22,31.5,-25.0,33.871094
1998-03-23,31.5,-25.0,31.68454
1998-03-24,31.5,-25.0,32.658478
1998-03-25,31.5,-25.0,35.250977
1998-03-26,31.5,-25.0,28.720917
1998-03-27,31.5,-25.0,29.524109
1998-03-28,31.5,-25.0,32.25775
1998-03-29,31.5,-25.0,28.585022
1998-03-30,31.5,-25.0,28.20346
1998-03-31,31.5,-25.0,32.637573
1998-04-01,31.5,-25.0,32.459778
1998-04-02,31.5,-25.0,26.423553
1998-04-03,31.5,-25.0,30.023224
1998-04-04,31.5,-25.0,32.34012
1998-04-05,31.5,-25.0,37.42453
1998-04-06,31.5,-25.0,30.988129
1998-04-07,31.5,-25.0,33.523773
1998-04-08,31.5,-25.0,32.895477
1998-04-09,31.5,-25.0,23.315704
1998-04-10,31.5,-25.0,28.405731
1998-04-11,31.5,-25.0,28.140198
1998-04-12,31.5,-25.0,28.345886
1998-04-13,31.5,-25.0,29.815674
1998-04-14,31.5,-25.0,31.89505
1998-04-15,31.5,-25.0,29.241577
1998-04-16,31.5,-25.0,23.805634
1998-04-17,31.5,-25.0,24.155304
1998-04-18,31.5,-25.0,23.75888
1998-04-19,31.5,-25.0,24.835968
1998-04-20,31.5,-25.0,26.294556
1998-04-21,31.5,-25.0,27.143494
1998-04-22,31.5,-25.0,29.729645
1998-04-23,31.5,-25.0,29.81192
1998-04-24,31.5,-25.0,30.20462
1998-04-25,31.5,-25.0,28.762878
1998-04-26,31.5,-25.0,32.485962
1998-04-27,31.5,-25.0,27.788635
1998-04-28,31.5,-25.0,27.072449
1998-04-29,31.5,-25.0,27.549286
1998-04-30,31.5,-25.0,26.273987
1998-05-01,31.5,-25.0,27.868042
1998-05-02,31.5,-25.0,30.302216
1998-05-03,31.5,-25.0,26.74704
1998-05-04,31.5,-25.0,30.572693
1998-05-05,31.5,-25.0,30.348846
1998-05-06,31.5,-25.0,30.955048
1998-05-07,31.5,-25.0,35.71707
1998-05-08,31.5,-25.0,34.81613
1998-05-09,31.5,-25.0,33.79956
1998-05-10,31.5,-25.0,28.261627
1998-05-11,31.5,-25.0,26.803009
1998-05-12,31.5,-25.0,27.937073
1998-05-13,31.5,-25.0,24.090912
1998-05-14,31.5,-25.0,24.301697
1998-05-15,31.5,-25.0,22.345032
1998-05-16,31.5,-25.0,22.841187
1998-05-17,31.5,-25.0,22.3096
1998-05-18,31.5,-25.0,23.536926
1998-05-19,31.5,-25.0,27.502472
1998-05-20,31.5,-25.0,24.685944
1998-05-21,31.5,-25.0,25.59616
1998-05-22,31.5,-25.0,25.223114
1998-05-23,31.5,-25.0,27.485687
1998-05-24,31.5,-25.0,26.226624
1998-05-25,31.5,-25.0,24.935883
1998-05-26,31.5,-25.0,25.918854
1998-05-27,31.5,-25.0,28.211273
1998-05-28,31.5,-25.0,29.621399
1998-05-29,31.5,-25.0,21.28183
1998-05-30,31.5,-25.0,24.833282
1998-05-31,31.5,-25.0,24.969452
1998-06-01,31.5,-25.0,25.78598
1998-06-02,31.5,-25.0,29.328552
1998-06-03,31.5,-25.0,24.4599
1998-06-04,31.5,-25.0,28.808838
1998-06-05,31.5,-25.0,25.640747
1998-06-06,31.5,-25.0,30.736786
1998-06-07,31.5,-25.0,25.92929
1998-06-08,31.5,-25.0,19.713531
1998-06-09,31.5,-25.0,19.715454
1998-06-10,31.5,-25.0,25.375153
1998-06-11,31.5,-25.0,24.494293
1998-06-12,31.5,-25.0,27.058563
1998-06-13,31.5,-25.0,24.76181
1998-06-14,31.5,-25.0,27.796112
1998-06-15,31.5,-25.0,28.745758
1998-06-16,31.5,-25.0,27.864899
1998-06-17,31.5,-25.0,22.992432
1998-06-18,31.5,-25.0,25.736298
1998-06-19,31.5,-25.0,28.912018
1998-06-20,31.5,-25.0,24.375824
1998-06-21,31.5,-25.0,24.282196
1998-06-22,31.5,-25.0,27.419678
1998-06-23,31.5,-25.0,26.108887
1998-06-24,31.5,-25.0,25.38089
1998-06-25,31.5,-25.0,24.32425
1998-06-26,31.5,-25.0,25.151611
1998-06-27,31.5,-25.0,29.808167
1998-06-28,31.5,-25.0,19.660034
1998-06-29,31.5,-25.0,21.763794
1998-06-30,31.5,-25.0,23.357391
1998-07-01,31.5,-25.0,23.596985
1998-07-02,31.5,-25.0,25.553497
1998-07-03,31.5,-25.0,27.210205
1998-07-04,31.5,-25.0,21.01529
1998-07-05,31.5,-25.0,23.995392
1998-07-06,31.5,-25.0,25.49234
1998-07-07,31.5,-25.0,27.502106
1998-07-08,31.5,-25.0,25.93216
1998-07-09,31.5,-25.0,24.614685
1998-07-10,31.5,-25.0,21.618805
1998-07-11,31.5,-25.0,18.829987
1998-07-12,31.5,-25.0,23.253815
1998-07-13,31.5,-25.0,23.46878
1998-07-14,31.5,-25.0,22.835693
1998-07-15,31.5,-25.0,23.0625
1998-07-16,31.5,-25.0,25.194519
1998-07-17,31.5,-25.0,27.663818
1998-07-18,31.5,-25.0,22.364319
1998-07-19,31.5,-25.0,25.003235
1998-07-20,31.5,-25.0,26.656006
1998-07-21,31.5,-25.0,28.330444
1998-07-22,31.5,-25.0,18.784637
1998-07-23,31.5,-25.0,15.017578
1998-07-24,31.5,-25.0,19.336884
1998-07-25,31.5,-25.0,24.101898
1998-07-26,31.5,-25.0,25.847351
1998-07-27,31.5,-25.0,25.482483
1998-07-28,31.5,-25.0,26.650085
1998-07-29,31.5,-25.0,25.466705
1998-07-30,31.5,-25.0,17.36853
1998-07-31,31.5,-25.0,20.814117
1998-08-01,31.5,-25.0,19.468506
1998-08-02,31.5,-25.0,20.155365
1998-08-03,31.5,-25.0,23.954956
1998-08-04,31.5,-25.0,27.247406
1998-08-05,31.5,-25.0,28.53122
1998-08-06,31.5,-25.0,22.900726
1998-08-07,31.5,-25.0,27.193481
1998-08-08,31.5,-25.0,20.392975
1998-08-09,31.5,-25.0,23.80719
1998-08-10,31.5,-25.0,27.413116
1998-08-11,31.5,-25.0,26.768219
1998-08-12,31.5,-25.0,27.834412
1998-08-13,31.5,-25.0,29.848999
1998-08-14,31.5,-25.0,31.416351
1998-08-15,31.5,-25.0,29.391785
1998-08-16,31.5,-25.0,20.139374
1998-08-17,31.5,-25.0,24.47409
1998-08-18,31.5,-25.0,29.39978
1998-08-19,31.5,-25.0,24.559937
1998-08-20,31.5,-25.0,27.271362
1998-08-21,31.5,-25.0,31.23468
1998-08-22,31.5,-25.0,32.029327
1998-08-23,31.5,-25.0,21.545013
1998-08-24,31.5,-25.0,20.402954
1998-08-25,31.5,-25.0,21.80658
1998-08-26,31.5,-25.0,22.239838
1998-08-27,31.5,-25.0,19.390656
1998-08-28,31.5,-25.0,23.655457
1998-08-29,31.5,-25.0,25.769897
1998-08-30,31.5,-25.0,25.855743
1998-08-31,31.5,-25.0,24.677734
1998-09-01,31.5,-25.0,30.576355
1998-09-02,31.5,-25.0,25.851135
1998-09-03,31.5,-25.0,29.16681
1998-09-04,31.5,-25.0,34.805023
1998-09-05,31.5,-25.0,32.35736
1998-09-06,31.5,-25.0,29.331024
1998-09-07,31.5,-25.0,31.708313
1998-09-08,31.5,-25.0,29.71811
1998-09-09,31.5,-25.0,22.773956
1998-09-10,31.5,-25.0,33.368103
1998-09-11,31.5,-25.0,17.52478
1998-09-12,31.5,-25.0,15.831726
1998-09-13,31.5,-25.0,22.083832
1998-09-14,31.5,-25.0,27.31543
1998-09-15,31.5,-25.0,24.445465
1998-09-16,31.5,-25.0,26.152191
1998-09-17,31.5,-25.0,29.286072
1998-09-18,31.5,-25.0,27.993805
1998-09-19,31.5,-25.0,21.896149
1998-09-20,31.5,-25.0,26.537323
1998-09-21,31.5,-25.0,29.553894
1998-09-22,31.5,-25.0,33.36615
1998-09-23,31.5,-25.0,35.00836
1998-09-24,31.5,-25.0,36.10901
1998-09-25,31.5,-25.0,28.376984
1998-09-26,31.5,-25.0,24.779785
1998-09-27,31.5,-25.0,31.62033
1998-09-28,31.5,-25.0,31.93509
1998-09-29,31.5,-25.0,18.613708
1998-09-30,31.5,-25.0,25.573517
1998-10-01,31.5,-25.0,31.939056
1998-10-02,31.5,-25.0,28.34134
1998-10-03,31.5,-25.0,20.013489
1998-10-04,31.5,-25.0,22.170715
1998-10-05,31.5,-25.0,28.373596
1998-10-06,31.5,-25.0,29.885773
1998-10-07,31.5,-25.0,28.687134
1998-10-08,31.5,-25.0,18.547882
1998-10-09,31.5,-25.0,21.305328
1998-10-10,31.5,-25.0,23.862091
1998-10-11,31.5,-25.0,29.421722
1998-10-12,31.5,-25.0,30.692047
1998-10-13,31.5,-25.0,34.257538
1998-10-14,31.5,-25.0,22.529053
1998-10-15,31.5,-25.0,28.221283
1998-10-16,31.5,-25.0,16.937164
1998-10-17,31.5,-25.0,18.366913
1998-10-18,31.5,-25.0,20.85022
1998-10-19,31.5,-25.0,24.451538
1998-10-20,31.5,-25.0,29.719147
1998-10-21,31.5,-25.0,22.815735
1998-10-22,31.5,-25.0,19.703522
1998-10-23,31.5,-25.0,22.04889
1998-10-24,31.5,-25.0,25.576721
1998-10-25,31.5,-25.0,30.013
1998-10-26,31.5,-25.0,19.289642
1998-10-27,31.5,-25.0,22.622223
1998-10-28,31.5,-25.0,28.190826
1998-10-29,31.5,-25.0,32.51242
1998-10-30,31.5,-25.0,27.022644
1998-10-31,31.5,-25.0,31.190125
1998-11-01,31.5,-25.0,24.594635
1998-11-02,31.5,-25.0,26.93341
1998-11-03,31.5,-25.0,31.765717
1998-11-04,31.5,-25.0,25.542145
1998-11-05,31.5,-25.0,29.73645
1998-11-06,31.5,-25.0,32.732178
1998-11-07,31.5,-25.0,15.694336
1998-11-08,31.5,-25.0,16.962402
1998-11-09,31.5,-25.0,20.251862
1998-11-10,31.5,-25.0,25.572144
1998-11-11,31.5,-25.0,25.786926
1998-11-12,31.5,-25.0,26.077484
1998-11-13,31.5,-25.0,27.710358
1998-11-14,31.5,-25.0,31.678864
1998-11-15,31.5,-25.0,30.047546
1998-11-16,31.5,-25.0,30.199158
1998-11-17,31.5,-25.0,32.727448
1998-11-18,31.5,-25.0,20.138153
1998-11-19,31.5,-25.0,24.605682
1998-11-20,31.5,-25.0,28.010406
1998-11-21,31.5,-25.0,27.607727
1998-11-22,31.5,-25.0,23.277588
1998-11-23,31.5,-25.0,27.255554
1998-11-24,31.5,-25.0,30.510254
1998-11-25,31.5,-25.0,28.240967
1998-11-26,31.5,-25.0,27.107117
1998-11-27,31.5,-25.0,27.350311
1998-11-28,31.5,-25.0,24.990997
1998-11-29,31.5,-25.0,26.979187
1998-11-30,31.5,-25.0,30.71399
1998-12-01,31.5,-25.0,22.850525
1998-12-02,31.5,-25.0,20.903687
1998-12-03,31.5,-25.0,18.014893
1998-12-04,31.5,-25.0,20.66336
1998-12-05,31.5,-25.0,22.921509
1998-12-06,31.5,-25.0,25.434479
1998-12-07,31.5,-25.0,28.757172
1998-12-08,31.5,-25.0,28.808807
1998-12-09,31.5,-25.0,24.65866
1998-12-10,31.5,-25.0,26.839386
1998-12-11,31.5,-25.0,27.631348
1998-12-12,31.5,-25.0,29.08783
1998-12-13,31.5,-25.0,30.455627
1998-12-14,31.5,-25.0,29.668518
1998-12-15,31.5,-25.0,29.545929
1998-12-16,31.5,-25.0,32.715393
1998-12-17,31.5,-25.0,25.853851
1998-12-18,31.5,-25.0,25.608704
1998-12-19,31.5,-25.0,27.155518
1998-12-20,31.5,-25.0,31.308868
1998-12-21,31.5,-25.0,25.113525
1998-12-22,31.5,-25.0,31.266937
1998-12-23,31.5,-25.0,22.995697
1998-12-24,31.5,-25.0,26.711945
1998-12-25,31.5,-25.0,30.481445
1998-12-26,31.5,-25.0,31.294373
1998-12-27,31.5,-25.0,26.744202
1998-12-28,31.5,-25.0,27.507141
1998-12-29,31.5,-25.0,27.87973
1998-12-30,31.5,-25.0,24.458649
1998-12-31,31.5,-25.0,27.423279
1999-01-01,31.5,-25.0,26.364594
1999-01-02,31.5,-25.0,28.256165
1999-01-03,31.5,-25.0,27.675629
1999-01-04,31.5,-25.0,27.453857
1999-01-05,31.5,-25.0,27.318512
1999-01-06,31.5,-25.0,29.888458
1999-01-07,31.5,-25.0,26.93042
1999-01-08,31.5,-25.0,26.015625
1999-01-09,31.5,-25.0,27.582672
1999-01-10,31.5,-25.0,29.187256
1999-01-11,31.5,-25.0,29.943878
1999-01-12,31.5,-25.0,22.43631
1999-01-13,31.5,-25.0,25.064941
1999-01-14,31.5,-25.0,27.61203
1999-01-15,31.5,-25.0,27.393524
1999-01-16,31.5,-25.0,27.675629
1999-01-17,31.5,-25.0,29.92923
1999-01-18,31.5,-25.0,31.343018
1999-01-19,31.5,-25.0,29.976501
1999-01-20,31.5,-25.0,30.100433
1999-01-21,31.5,-25.0,28.243103
1999-01-22,31.5,-25.0,27.781616
1999-01-23,31.5,-25.0,27.47995
1999-01-24,31.5,-25.0,28.18277
1999-01-25,31.5,-25.0,29.624268
1999-01-26,31.5,-25.0,27.960999
1999-01-27,31.5,-25.0,26.529266
1999-01-28,31.5,-25.0,28.887207
1999-01-29,31.5,-25.0,30.338501
1999-01-30,31.5,-25.0,27.851746
1999-01-31,31.5,-25.0,27.713135
1999-02-01,31.5,-25.0,26.690125
1999-02-02,31.5,-25.0,26.443604
1999-02-03,31.5,-25.0,27.475433
1999-02-04,31.5,-25.0,24.691254
1999-02-05,31.5,-25.0,24.583801
1999-02-06,31.5,-25.0,30.196442
1999-02-07,31.5,-25.0,24.180878
1999-02-08,31.5,-25.0,21.180206
1999-02-09,31.5,-25.0,25.030975
1999-02-10,31.5,-25.0,24.596436
1999-02-11,31.5,-25.0,28.944977
1999-02-12,31.5,-25.0,26.769135
1999-02-13,31.5,-25.0,27.385376
1999-02-14,31.5,-25.0,24.117676
1999-02-15,31.5,-25.0,25.5224
1999-02-16,31.5,-25.0,25.781555
1999-02-17,31.5,-25.0,27.255798
1999-02-18,31.5,-25.0,29.18988
1999-02-19,31.5,-25.0,31.068665
1999-02-20,31.5,-25.0,25.591919
1999-02-21,31.5,-25.0,25.884247
1999-02-22,31.5,-25.0,26.279297
1999-02-23,31.5,-25.0,27.695068
1999-02-24,31.5,-25.0,28.019012
1999-02-25,31.5,-25.0,28.1391
1999-02-26,31.5,-25.0,28.586273
1999-02-27,31.5,-25.0,28.418793
1999-02-28,31.5,-25.0,29.70343
1999-03-01,31.5,-25.0,29.109589
1999-03-02,31.5,-25.0,28.310486
1999-03-03,31.5,-25.0,27.965698
1999-03-04,31.5,-25.0,29.062897
1999-03-05,31.5,-25.0,27.513184
1999-03-06,31.5,-25.0,27.254608
1999-03-07,31.5,-25.0,26.863129
1999-03-08,31.5,-25.0,27.374908
1999-03-09,31.5,-25.0,28.148865
1999-03-10,31.5,-25.0,27.407227
1999-03-11,31.5,-25.0,28.112976
1999-03-12,31.5,-25.0,29.853027
1999-03-13,31.5,-25.0,28.944397
1999-03-14,31.5,-25.0,27.148651
1999-03-15,31.5,-25.0,28.421814
1999-03-16,31.5,-25.0,26.7482
1999-03-17,31.5,-25.0,27.81488
1999-03-18,31.5,-25.0,26.861328
1999-03-19,31.5,-25.0,26.820038
1999-03-20,31.5,-25.0,28.775574
1999-03-21,31.5,-25.0,28.743256
1999-03-22,31.5,-25.0,28.400269
1999-03-23,31.5,-25.0,26.568634
1999-03-24,31.5,-25.0,27.272552
1999-03-25,31.5,-25.0,25.979645
1999-03-26,31.5,-25.0,28.852814
1999-03-27,31.5,-25.0,25.178741
1999-03-28,31.5,-25.0,25.36728
1999-03-29,31.5,-25.0,26.724854
1999-03-30,31.5,-25.0,26.177155
1999-03-31,31.5,-25.0,25.649231
1999-04-01,31.5,-25.0,26.468689
1999-04-02,31.5,-25.0,26.928802
1999-04-03,31.5,-25.0,27.43164
1999-04-04,31.5,-25.0,27.311035
1999-04-05,31.5,-25.0,27.991943
1999-04-06,31.5,-25.0,26.715454
1999-04-07,31.5,-25.0,27.17743
1999-04-08,31.5,-25.0,26.904694
1999-04-09,31.5,-25.0,29.183136
1999-04-10,31.5,-25.0,31.725006
1999-04-11,31.5,-25.0,23.04361
1999-04-12,31.5,-25.0,23.988007
1999-04-13,31.5,-25.0,23.490784
1999-04-14,31.5,-25.0,25.657867
1999-04-15,31.5,-25.0,28.383453
1999-04-16,31.5,-25.0,30.058868
1999-04-17,31.5,-25.0,29.561615
1999-04-18,31.5,-25.0,31.723145
1999-04-19,31.5,-25.0,33.00522
1999-04-20,31.5,-25.0,27.340729
1999-04-21,31.5,-25.0,33.00522
1999-04-22,31.5,-25.0,24.0307
1999-04-23,31.5,-25.0,28.337067
1999-04-24,31.5,-25.0,22.756042
1999-04-25,31.5,-25.0,23.770935
1999-04-26,31.5,-25.0,22.487
1999-04-27,31.5,-25.0,22.795013
1999-04-28,31.5,-25.0,23.054749
1999-04-29,31.5,-25.0,22.219818
1999-04-30,31.5,-25.0,23.414703
1999-05-01,31.5,-25.0,26.792847
1999-05-02,31.5,-25.0,29.710327
1999-05-03,31.5,-25.0,31.43985
1999-05-04,31.5,-25.0,31.523773
1999-05-05,31.5,-25.0,20.933075
1999-05-06,31.5,-25.0,19.703156
1999-05-07,31.5,-25.0,22.750305
1999-05-08,31.5,-25.0,25.925232
1999-05-09,31.5,-25.0,25.063324
1999-05-10,31.5,-25.0,25.32837
1999-05-11,31.5,-25.0,24.889801
1999-05-12,31.5,-25.0,26.817627
1999-05-13,31.5,-25.0,27.179932
1999-05-14,31.5,-25.0,24.027893
1999-05-15,31.5,-25.0,28.152435
1999-05-16,31.5,-25.0,24.447418
1999-05-17,31.5,-25.0,18.848877
1999-05-18,31.5,-25.0,20.36673
1999-05-19,31.5,-25.0,24.08319
1999-05-20,31.5,-25.0,26.56784
1999-05-21,31.5,-25.0,24.144226
1999-05-22,31.5,-25.0,27.666199
1999-05-23,31.5,-25.0,26.743256
1999-05-24,31.5,-25.0,23.042053
1999-05-25,31.5,-25.0,24.586609
1999-05-26,31.5,-25.0,27.02359
1999-05-27,31.5,-25.0,30.215668
1999-05-28,31.5,-25.0,23.513062
1999-05-29,31.5,-25.0,23.583618
1999-05-30,31.5,-25.0,27.021667
1999-05-31,31.5,-25.0,25.559113
1999-06-01,31.5,-25.0,24.918335
1999-06-02,31.5,-25.0,22.580841
1999-06-03,31.5,-25.0,22.006165
1999-06-04,31.5,-25.0,25.393219
1999-06-05,31.5,-25.0,25.94757
1999-06-06,31.5,-25.0,27.209625
1999-06-07,31.5,-25.0,21.285522
1999-06-08,31.5,-25.0,22.514313
1999-06-09,31.5,-25.0,21.413025
1999-06-10,31.5,-25.0,22.95224
1999-06-11,31.5,-25.0,24.899872
1999-06-12,31.5,-25.0,25.079102
1999-06-13,31.5,-25.0,25.55954
1999-06-14,31.5,-25.0,25.942017
1999-06-15,31.5,-25.0,27.856384
1999-06-16,31.5,-25.0,23.00769
1999-06-17,31.5,-25.0,25.96051
1999-06-18,31.5,-25.0,27.675293
1999-06-19,31.5,-25.0,26.15268
1999-06-20,31.5,-25.0,21.518341
1999-06-21,31.5,-25.0,22.708344
1999-06-22,31.5,-25.0,27.30017
1999-06-23,31.5,-25.0,24.09607
1999-06-24,31.5,-25.0,28.846802
1999-06-25,31.5,-25.0,22.673218
1999-06-26,31.5,-25.0,21.485077
1999-06-27,31.5,-25.0,20.949219
1999-06-28,31.5,-25.0,23.384644
1999-06-29,31.5,-25.0,24.011047
1999-06-30,31.5,-25.0,24.369537
1999-07-01,31.5,-25.0,24.595978
1999-07-02,31.5,-25.0,23.858856
1999-07-03,31.5,-25.0,22.566437
1999-07-04,31.5,-25.0,22.984863
1999-07-05,31.5,-25.0,22.032623
1999-07-06,31.5,-25.0,21.011993
1999-07-07,31.5,-25.0,22.703278
1999-07-08,31.5,-25.0,22.619202
1999-07-09,31.5,-25.0,22.396301
1999-07-10,31.5,-25.0,24.437622
1999-07-11,31.5,-25.0,19.993286
1999-07-12,31.5,-25.0,20.02066
1999-07-13,31.5,-25.0,21.743256
1999-07-14,31.5,-25.0,24.613586
1999-07-15,31.5,-25.0,27.779175
1999-07-16,31.5,-25.0,24.707428
1999-07-17,31.5,-25.0,27.478058
1999-07-18,31.5,-25.0,22.53122
1999-07-19,31.5,-25.0,19.87793
1999-07-20,31.5,-25.0,20.028473
1999-07-21,31.5,-25.0,21.932922
1999-07-22,31.5,-25.0,24.148224
1999-07-23,31.5,-25.0,23.882324
1999-07-24,31.5,-25.0,20.933777
1999-07-25,31.5,-25.0,21.502747
1999-07-26,31.5,-25.0,23.733734
1999-07-27,31.5,-25.0,24.294891
1999-07-28,31.5,-25.0,24.967499
1999-07-29,31.5,-25.0,25.761322
1999-07-30,31.5,-25.0,27.155426
1999-07-31,31.5,-25.0,26.791748
1999-08-01,31.5,-25.0,27.721802
1999-08-02,31.5,-25.0,29.620758
1999-08-03,31.5,-25.0,30.909454
1999-08-04,31.5,-25.0,27.964355
1999-08-05,31.5,-25.0,20.044464
1999-08-06,31.5,-25.0,22.638947
1999-08-07,31.5,-25.0,24.566345
1999-08-08,31.5,-25.0,27.18924
1999-08-09,31.5,-25.0,22.47406
1999-08-10,31.5,-25.0,23.141174
1999-08-11,31.5,-25.0,22.462708
1999-08-12,31.5,-25.0,22.805725
1999-08-13,31.5,-25.0,25.068542
1999-08-14,31.5,-25.0,27.308655
1999-08-15,31.5,-25.0,25.8721
1999-08-16,31.5,-25.0,23.681274
1999-08-17,31.5,-25.0,24.795654
1999-08-18,31.5,-25.0,25.148163
1999-08-19,31.5,-25.0,23.575165
1999-08-20,31.5,-25.0,25.820923
1999-08-21,31.5,-25.0,28.570831
1999-08-22,31.5,-25.0,30.357971
1999-08-23,31.5,-25.0,32.7724
1999-08-24,31.5,-25.0,17.923767
1999-08-25,31.5,-25.0,19.81894
1999-08-26,31.5,-25.0,20.658508
1999-08-27,31.5,-25.0,22.168945
1999-08-28,31.5,-25.0,25.39264
1999-08-29,31.5,-25.0,28.699707
1999-08-30,31.5,-25.0,30.17981
1999-08-31,31.5,-25.0,25.299774
1999-09-01,31.5,-25.0,24.954376
1999-09-02,31.5,-25.0,21.550446
1999-09-03,31.5,-25.0,25.324524
1999-09-04,31.5,-25.0,27.343231
1999-09-05,31.5,-25.0,23.370697
1999-09-06,31.5,-25.0,27.442444
1999-09-07,31.5,-25.0,25.4104
1999-09-08,31.5,-25.0,28.350677
1999-09-09,31.5,-25.0,33.02536
1999-09-10,31.5,-25.0,34.01947
1999-09-11,31.5,-25.0,19.526001
1999-09-12,31.5,-25.0,24.290375
1999-09-13,31.5,-25.0,19.878998
1999-09-14,31.5,-25.0,25.091766
1999-09-15,31.5,-25.0,27.885132
1999-09-16,31.5,-25.0,32.20111
1999-09-17,31.5,-25.0,35.92749
1999-09-18,31.5,-25.0,17.94043
1999-09-19,31.5,-25.0,20.623138
1999-09-20,31.5,-25.0,27.35086
1999-09-21,31.5,-25.0,27.650421
1999-09-22,31.5,-25.0,21.317657
1999-09-23,31.5,-25.0,24.252228
1999-09-24,31.5,-25.0,29.381012
1999-09-25,31.5,-25.0,34.645294
1999-09-26,31.5,-25.0,29.598541
1999-09-27,31.5,-25.0,32.277435
1999-09-28,31.5,-25.0,20.373169
1999-09-29,31.5,-25.0,19.232178
1999-09-30,31.5,-25.0,20.272064
1999-10-01,31.5,-25.0,20.699768
1999-10-02,31.5,-25.0,23.303406
1999-10-03,31.5,-25.0,23.55246
1999-10-04,31.5,-25.0,24.077484
1999-10-05,31.5,-25.0,22.86795
1999-10-06,31.5,-25.0,24.42154
1999-10-07,31.5,-25.0,23.9646
1999-10-08,31.5,-25.0,20.766083
1999-10-09,31.5,-25.0,24.61325
1999-10-10,31.5,-25.0,29.56424
1999-10-11,31.5,-25.0,32.936584
1999-10-12,31.5,-25.0,24.179626
1999-10-13,31.5,-25.0,21.368164
1999-10-14,31.5,-25.0,26.362152
1999-10-15,31.5,-25.0,31.762909
1999-10-16,31.5,-25.0,29.268585
1999-10-17,31.5,-25.0,25.781586
1999-10-18,31.5,-25.0,28.532135
1999-10-19,31.5,-25.0,29.983551
1999-10-20,31.5,-25.0,24.439453
1999-10-21,31.5,-25.0,24.715393
1999-10-22,31.5,-25.0,30.30072
1999-10-23,31.5,-25.0,30.497833
1999-10-24,31.5,-25.0,23.14212
1999-10-25,31.5,-25.0,20.314514
1999-10-26,31.5,-25.0,27.057404
1999-10-27,31.5,-25.0,26.12024
1999-10-28,31.5,-25.0,24.220825
1999-10-29,31.5,-25.0,24.124084
1999-10-30,31.5,-25.0,24.674194
1999-10-31,31.5,-25.0,26.184753
1999-11-01,31.5,-25.0,28.273682
1999-11-02,31.5,-25.0,27.73993
1999-11-03,31.5,-25.0,24.93158
1999-11-04,31.5,-25.0,33.034546
1999-11-05,31.5,-25.0,27.485321
1999-11-06,31.5,-25.0,22.261261
1999-11-07,31.5,-25.0,28.598846
1999-11-08,31.5,-25.0,35.120483
1999-11-09,31.5,-25.0,23.189178
1999-11-10,31.5,-25.0,32.830536
1999-11-11,31.5,-25.0,29.333527
1999-11-12,31.5,-25.0,30.519135
1999-11-13,31.5,-25.0,29.638733
1999-11-14,31.5,-25.0,29.933228
1999-11-15,31.5,-25.0,34.816772
1999-11-16,31.5,-25.0,30.37497
1999-11-17,31.5,-25.0,36.781555
1999-11-18,31.5,-25.0,36.701813
1999-11-19,31.5,-25.0,25.476074
1999-11-20,31.5,-25.0,23.726013
1999-11-21,31.5,-25.0,23.745941
1999-11-22,31.5,-25.0,23.393188
1999-11-23,31.5,-25.0,26.282837
1999-11-24,31.5,-25.0,27.545135
1999-11-25,31.5,-25.0,25.213776
1999-11-26,31.5,-25.0,29.772186
1999-11-27,31.5,-25.0,24.83493
1999-11-28,31.5,-25.0,30.847351
1999-11-29,31.5,-25.0,22.63089
1999-11-30,31.5,-25.0,22.239777
1999-12-01,31.5,-25.0,25.80603
1999-12-02,31.5,-25.0,26.200562
1999-12-03,31.5,-25.0,28.046906
1999-12-04,31.5,-25.0,28.651947
1999-12-05,31.5,-25.0,28.12799
1999-12-06,31.5,-25.0,30.708801
1999-12-07,31.5,-25.0,23.593262
1999-12-08,31.5,-25.0,26.649689
1999-12-09,31.5,-25.0,29.232056
1999-12-10,31.5,-25.0,27.967377
1999-12-11,31.5,-25.0,28.15918
1999-12-12,31.5,-25.0,27.625854
1999-12-13,31.5,-25.0,26.230194
1999-12-14,31.5,-25.0,27.978302
1999-12-15,31.5,-25.0,29.219574
1999-12-16,31.5,-25.0,29.391113
1999-12-17,31.5,-25.0,29.04181
1999-12-18,31.5,-25.0,31.365326
1999-12-19,31.5,-25.0,35.067352
1999-12-20,31.5,-25.0,37.055573
1999-12-21,31.5,-25.0,29.433228
1999-12-22,31.5,-25.0,31.777008
1999-12-23,31.5,-25.0,32.78125
1999-12-24,31.5,-25.0,36.620514
1999-12-25,31.5,-25.0,37.37213
1999-12-26,31.5,-25.0,35.740997
1999-12-27,31.5,-25.0,35.009644
1999-12-28,31.5,-25.0,33.3208
1999-12-29,31.5,-25.0,34.53247
1999-12-30,31.5,-25.0,34.970642
1999-12-31,31.5,-25.0,34.28763
2000-01-01,31.5,-25.0,29.264374
2000-01-02,31.5,-25.0,30.84079
2000-01-03,31.5,-25.0,24.788086
2000-01-04,31.5,-25.0,21.317352
2000-01-05,31.5,-25.0,28.8508
2000-01-06,31.5,-25.0,29.231934
2000-01-07,31.5,-25.0,27.782013
2000-01-08,31.5,-25.0,24.846466
2000-01-09,31.5,-25.0,24.552917
2000-01-10,31.5,-25.0,28.333435
2000-01-11,31.5,-25.0,28.30423
2000-01-12,31.5,-25.0,29.58548
2000-01-13,31.5,-25.0,23.84256
2000-01-14,31.5,-25.0,22.54184
2000-01-15,31.5,-25.0,21.661163
2000-01-16,31.5,-25.0,19.528442
2000-01-17,31.5,-25.0,19.45871
2000-01-18,31.5,-25.0,22.543457
2000-01-19,31.5,-25.0,23.983643
2000-01-20,31.5,-25.0,25.487091
2000-01-21,31.5,-25.0,26.818634
2000-01-22,31.5,-25.0,27.786865
2000-01-23,31.5,-25.0,27.23056
2000-01-24,31.5,-25.0,26.563995
2000-01-25,31.5,-25.0,29.107056
2000-01-26,31.5,-25.0,30.2164
2000-01-27,31.5,-25.0,23.800385
2000-01-28,31.5,-25.0,27.525757
2000-01-29,31.5,-25.0,28.544281
2000-01-30,31.5,-25.0,26.082306
2000-01-31,31.5,-25.0,29.65036
2000-02-01,31.5,-25.0,30.43631
2000-02-02,31.5,-25.0,29.139923
2000-02-03,31.5,-25.0,27.850006
2000-02-04,31.5,-25.0,26.778595
2000-02-05,31.5,-25.0,23.420319
2000-02-06,31.5,-25.0,23.693848
2000-02-07,31.5,-25.0,25.01773
2000-02-08,31.5,-25.0,27.084503
2000-02-09,31.5,-25.0,25.771942
2000-02-10,31.5,-25.0,25.81726
2000-02-11,31.5,-25.0,27.882385
2000-02-12,31.5,-25.0,26.6297
2000-02-13,31.5,-25.0,29.280731
2000-02-14,31.5,-25.0,26.40799
2000-02-15,31.5,-25.0,29.873077
2000-02-16,31.5,-25.0,22.795624
2000-02-17,31.5,-25.0,22.280945
2000-02-18,31.5,-25.0,22.949371
2000-02-19,31.5,-25.0,27.136292
2000-02-20,31.5,-25.0,29.144775
2000-02-21,31.5,-25.0,27.053741
2000-02-22,31.5,-25.0,25.606842
2000-02-23,31.5,-25.0,26.074585
2000-02-24,31.5,-25.0,24.519257
2000-02-25,31.5,-25.0,26.085907
2000-02-26,31.5,-25.0,26.516418
2000-02-27,31.5,-25.0,27.1557
2000-02-28,31.5,-25.0,26.689606
2000-02-29,31.5,-25.0,27.616974
2000-03-01,31.5,-25.0,28.088898
2000-03-02,31.5,-25.0,27.736816
2000-03-03,31.5,-25.0,27.898926
2000-03-04,31.5,-25.0,27.925049
2000-03-05,31.5,-25.0,27.75772
2000-03-06,31.5,-25.0,28.35559
2000-03-07,31.5,-25.0,26.506256
2000-03-08,31.5,-25.0,26.307556
2000-03-09,31.5,-25.0,24.874786
2000-03-10,31.5,-25.0,26.044342
2000-03-11,31.5,-25.0,22.488617
2000-03-12,31.5,-25.0,27.267944
2000-03-13,31.5,-25.0,27.755981
2000-03-14,31.5,-25.0,28.721619
2000-03-15,31.5,-25.0,24.493073
2000-03-16,31.5,-25.0,24.710968
2000-03-17,31.5,-25.0,27.592133
2000-03-18,31.5,-25.0,26.387726
2000-03-19,31.5,-25.0,26.004272
2000-03-20,31.5,-25.0,25.472656
2000-03-21,31.5,-25.0,25.89795
2000-03-22,31.5,-25.0,28.533356
2000-03-23,31.5,-25.0,28.580444
2000-03-24,31.5,-25.0,27.932037
2000-03-25,31.5,-25.0,28.061005
2000-03-26,31.5,-25.0,27.984314
2000-03-27,31.5,-25.0,24.299622
2000-03-28,31.5,-25.0,27.783875
2000-03-29,31.5,-25.0,21.20752
2000-03-30,31.5,-25.0,26.239563
2000-03-31,31.5,-25.0,25.791626
2000-04-01,31.5,-25.0,24.515564
2000-04-02,31.5,-25.0,26.106964
2000-04-03,31.5,-25.0,27.969604
2000-04-04,31.5,-25.0,28.400024
2000-04-05,31.5,-25.0,17.298248
2000-04-06,31.5,-25.0,19.712463
2000-04-07,31.5,-25.0,23.645721
2000-04-08,31.5,-25.0,25.081604
2000-04-09,31.5,-25.0,25.947815
2000-04-10,31.5,-25.0,24.360046
2000-04-11,31.5,-25.0,25.844757
2000-04-12,31.5,-25.0,26.965942
2000-04-13,31.5,-25.0,26.734467
2000-04-14,31.5,-25.0,25.148499
2000-04-15,31.5,-25.0,25.25882
2000-04-16,31.5,-25.0,21.551605
2000-04-17,31.5,-25.0,25.707306
2000-04-18,31.5,-25.0,24.190063
2000-04-19,31.5,-25.0,24.28592
2000-04-20,31.5,-25.0,24.303986
2000-04-21,31.5,-25.0,23.58786
2000-04-22,31.5,-25.0,26.323975
2000-04-23,31.5,-25.0,28.219177
2000-04-24,31.5,-25.0,25.076172
2000-04-25,31.5,-25.0,26.631409
2000-04-26,31.5,-25.0,27.300507
2000-04-27,31.5,-25.0,20.770386
2000-04-28,31.5,-25.0,18.292877
2000-04-29,31.5,-25.0,21.470245
2000-04-30,31.5,-25.0,22.356354
2000-05-01,31.5,-25.0,24.515625
2000-05-02,31.5,-25.0,25.974457
2000-05-03,31.5,-25.0,22.77185
2000-05-04,31.5,-25.0,25.379974
2000-05-05,31.5,-25.0,18.08966
2000-05-06,31.5,-25.0,21.967896
2000-05-07,31.5,-25.0,22.34909
2000-05-08,31.5,-25.0,22.407623
2000-05-09,31.5,-25.0,23.651276
2000-05-10,31.5,-25.0,22.209442
2000-05-11,31.5,-25.0,23.047363
2000-05-12,31.5,-25.0,20.165588
2000-05-13,31.5,-25.0,19.472992
2000-05-14,31.5,-25.0,21.456451
2000-05-15,31.5,-25.0,21.322449
2000-05-16,31.5,-25.0,21.018616
2000-05-17,31.5,-25.0,24.02118
2000-05-18,31.5,-25.0,24.691132
2000-05-19,31.5,-25.0,22.713348
2000-05-20,31.5,-25.0,24.108002
2000-05-21,31.5,-25.0,26.125427
2000-05-22,31.5,-25.0,25.170502
2000-05-23,31.5,-25.0,22.864319
2000-05-24,31.5,-25.0,21.509277
2000-05-25,31.5,-25.0,21.790497
2000-05-26,31.5,-25.0,24.955353
2000-05-27,31.5,-25.0,22.069794
2000-05-28,31.5,-25.0,22.275513
2000-05-29,31.5,-25.0,24.676056
2000-05-30,31.5,-25.0,25.047821
2000-05-31,31.5,-25.0,24.089111
2000-06-01,31.5,-25.0,21.496643
2000-06-02,31.5,-25.0,23.639374
2000-06-03,31.5,-25.0,22.978058
2000-06-04,31.5,-25.0,20.551361
2000-06-05,31.5,-25.0,18.959717
2000-06-06,31.5,-25.0,19.59674
2000-06-07,31.5,-25.0,19.820923
2000-06-08,31.5,-25.0,23.596405
2000-06-09,31.5,-25.0,23.106964
2000-06-10,31.5,-25.0,24.99002
2000-06-11,31.5,-25.0,25.916595
2000-06-12,31.5,-25.0,22.210236
2000-06-13,31.5,-25.0,22.994873
2000-06-14,31.5,-25.0,26.208038
2000-06-15,31.5,-25.0,25.423431
2000-06-16,31.5,-25.0,25.128265
2000-06-17,31.5,-25.0,26.251007
2000-06-18,31.5,-25.0,21.651672
2000-06-19,31.5,-25.0,19.458496
2000-06-20,31.5,-25.0,20.536407
2000-06-21,31.5,-25.0,23.482452
2000-06-22,31.5,-25.0,25.102112
2000-06-23,31.5,-25.0,23.16861
2000-06-24,31.5,-25.0,20.220703
2000-06-25,31.5,-25.0,23.904633
2000-06-26,31.5,-25.0,23.323639
2000-06-27,31.5,-25.0,23.304962
2000-06-28,31.5,-25.0,22.266296
2000-06-29,31.5,-25.0,22.223328
2000-06-30,31.5,-25.0,18.827087
2000-07-01,31.5,-25.0,20.755127
2000-07-02,31.5,-25.0,21.767212
2000-07-03,31.5,-25.0,20.33728
2000-07-04,31.5,-25.0,21.054138
2000-07-05,31.5,-25.0,21.56018
2000-07-06,31.5,-25.0,19.403809
2000-07-07,31.5,-25.0,20.045929
2000-07-08,31.5,-25.0,21.228577
2000-07-09,31.5,-25.0,21.320587
2000-07-10,31.5,-25.0,23.319794
2000-07-11,31.5,-25.0,22.48407
2000-07-12,31.5,-25.0,21.914795
2000-07-13,31.5,-25.0,24.15744
2000-07-14,31.5,-25.0,26.177734
2000-07-15,31.5,-25.0,27.469635
2000-07-16,31.5,-25.0,19.242798
2000-07-17,31.5,-25.0,20.801147
2000-07-18,31.5,-25.0,24.996979
2000-07-19,31.5,-25.0,28.163513
2000-07-20,31.5,-25.0,25.108154
2000-07-21,31.5,-25.0,18.708008
2000-07-22,31.5,-25.0,22.416992
2000-07-23,31.5,-25.0,18.692657
2000-07-24,31.5,-25.0,21.220917
2000-07-25,31.5,-25.0,24.83789
2000-07-26,31.5,-25.0,21.951202
2000-07-27,31.5,-25.0,21.021576
2000-07-28,31.5,-25.0,22.004883
2000-07-29,31.5,-25.0,23.96576
2000-07-30,31.5,-25.0,23.04953
2000-07-31,31.5,-25.0,24.644287
2000-08-01,31.5,-25.0,22.299988
2000-08-02,31.5,-25.0,21.755646
2000-08-03,31.5,-25.0,24.777039
2000-08-04,31.5,-25.0,23.852783
2000-08-05,31.5,-25.0,21.730194
2000-08-06,31.5,-25.0,22.06894
2000-08-07,31.5,-25.0,22.256927
2000-08-08,31.5,-25.0,23.065613
2000-08-09,31.5,-25.0,24.150421
2000-08-10,31.5,-25.0,24.099518
2000-08-11,31.5,-25.0,24.861237
2000-08-12,31.5,-25.0,23.402435
2000-08-13,31.5,-25.0,23.64328
2000-08-14,31.5,-25.0,22.58786
2000-08-15,31.5,-25.0,20.927368
2000-08-16,31.5,-25.0,22.519318
2000-08-17,31.5,-25.0,23.439636
2000-08-18,31.5,-25.0,25.575958
2000-08-19,31.5,-25.0,23.190948
2000-08-20,31.5,-25.0,22.993164
2000-08-21,31.5,-25.0,24.673248
2000-08-22,31.5,-25.0,26.564789
2000-08-23,31.5,-25.0,23.318237
2000-08-24,31.5,-25.0,24.898438
2000-08-25,31.5,-25.0,24.892548
2000-08-26,31.5,-25.0,25.24112
2000-08-27,31.5,-25.0,25.499573
2000-08-28,31.5,-25.0,25.090332
2000-08-29,31.5,-25.0,29.016357
2000-08-30,31.5,-25.0,32.008392
2000-08-31,31.5,-25.0,33.16565
2000-09-01,31.5,-25.0,27.08142
2000-09-02,31.5,-25.0,31.307037
2000-09-03,31.5,-25.0,32.82657
2000-09-04,31.5,-25.0,21.990936
2000-09-05,31.5,-25.0,28.067139
2000-09-06,31.5,-25.0,31.762726
2000-09-07,31.5,-25.0,26.722473
2000-09-08,31.5,-25.0,22.989716
2000-09-09,31.5,-25.0,26.542053
2000-09-10,31.5,-25.0,34.13965
2000-09-11,31.5,-25.0,18.399536
2000-09-12,31.5,-25.0,22.480103
2000-09-13,31.5,-25.0,32.497375
2000-09-14,31.5,-25.0,29.68338
2000-09-15,31.5,-25.0,17.672333
2000-09-16,31.5,-25.0,24.100037
2000-09-17,31.5,-25.0,30.21344
2000-09-18,31.5,-25.0,21.001495
2000-09-19,31.5,-25.0,15.682251
2000-09-20,31.5,-25.0,15.3958435
2000-09-21,31.5,-25.0,16.506195
2000-09-22,31.5,-25.0,22.216003
2000-09-23,31.5,-25.0,24.449707
2000-09-24,31.5,-25.0,24.53711
2000-09-25,31.5,-25.0,29.276062
2000-09-26,31.5,-25.0,30.55008
2000-09-27,31.5,-25.0,24.265564
2000-09-28,31.5,-25.0,30.451508
2000-09-29,31.5,-25.0,31.135956
2000-09-30,31.5,-25.0,31.597198
2000-10-01,31.5,-25.0,33.36496
2000-10-02,31.5,-25.0,25.68039
2000-10-03,31.5,-25.0,24.294037
2000-10-04,31.5,-25.0,31.949188
2000-10-05,31.5,-25.0,31.476685
2000-10-06,31.5,-25.0,23.80249
2000-10-07,31.5,-25.0,25.825775
2000-10-08,31.5,-25.0,29.912079
2000-10-09,31.5,-25.0,32.8042
2000-10-10,31.5,-25.0,36.077057
2000-10-11,31.5,-25.0,19.33023
2000-10-12,31.5,-25.0,20.771942
2000-10-13,31.5,-25.0,28.641724
2000-10-14,31.5,-25.0,30.538635
2000-10-15,31.5,-25.0,28.740356
2000-10-16,31.5,-25.0,30.012482
2000-10-17,31.5,-25.0,29.766693
2000-10-18,31.5,-25.0,31.611694
2000-10-19,31.5,-25.0,32.009766
2000-10-20,31.5,-25.0,24.169434
2000-10-21,31.5,-25.0,23.378479
2000-10-22,31.5,-25.0,22.701752
2000-10-23,31.5,-25.0,26.784607
2000-10-24,31.5,-25.0,32.90976
2000-10-25,31.5,-25.0,30.510925
2000-10-26,31.5,-25.0,21.592316
2000-10-27,31.5,-25.0,20.720032
2000-10-28,31.5,-25.0,23.331726
2000-10-29,31.5,-25.0,26.924805
2000-10-30,31.5,-25.0,20.42926
2000-10-31,31.5,-25.0,16.924469
2000-11-01,31.5,-25.0,23.666046
2000-11-02,31.5,-25.0,27.41101
2000-11-03,31.5,-25.0,24.966217
2000-11-04,31.5,-25.0,30.81305
2000-11-05,31.5,-25.0,23.764465
2000-11-06,31.5,-25.0,26.99347
2000-11-07,31.5,-25.0,27.44751
2000-11-08,31.5,-25.0,29.165222
2000-11-09,31.5,-25.0,30.53366
2000-11-10,31.5,-25.0,30.262177
2000-11-11,31.5,-25.0,30.109772
2000-11-12,31.5,-25.0,31.532196
2000-11-13,31.5,-25.0,32.33548
2000-11-14,31.5,-25.0,24.30899
2000-11-15,31.5,-25.0,25.437714
2000-11-16,31.5,-25.0,25.750458
2000-11-17,31.5,-25.0,26.27594
2000-11-18,31.5,-25.0,25.874268
2000-11-19,31.5,-25.0,21.213318
2000-11-20,31.5,-25.0,21.070435
2000-11-21,31.5,-25.0,24.869385
2000-11-22,31.5,-25.0,22.17218
2000-11-23,31.5,-25.0,25.305939
2000-11-24,31.5,-25.0,31.051178
2000-11-25,31.5,-25.0,22.08487
2000-11-26,31.5,-25.0,27.59198
2000-11-27,31.5,-25.0,26.418793
2000-11-28,31.5,-25.0,25.825073
2000-11-29,31.5,-25.0,28.769928
2000-11-30,31.5,-25.0,23.856537
2000-12-01,31.5,-25.0,24.596527
2000-12-02,31.5,-25.0,29.233765
2000-12-03,31.5,-25.0,30.452911
2000-12-04,31.5,-25.0,24.105072
2000-12-05,31.5,-25.0,27.666473
2000-12-06,31.5,-25.0,30.74588
2000-12-07,31.5,-25.0,31.462585
2000-12-08,31.5,-25.0,29.797638
2000-12-09,31.5,-25.0,23.452972
2000-12-10,31.5,-25.0,29.17389
2000-12-11,31.5,-25.0,28.069733
2000-12-12,31.5,-25.0,24.004272
2000-12-13,31.5,-25.0,23.816833
2000-12-14,31.5,-25.0,28.561157
2000-12-15,31.5,-25.0,24.90683
2000-12-16,31.5,-25.0,30.021332
2000-12-17,31.5,-25.0,32.64865
2000-12-18,31.5,-25.0,31.779175
2000-12-19,31.5,-25.0,33.93399
2000-12-20,31.5,-25.0,34.62863
2000-12-21,31.5,-25.0,27.617645
2000-12-22,31.5,-25.0,26.738708
2000-12-23,31.5,-25.0,28.534393
2000-12-24,31.5,-25.0,32.454926
2000-12-25,31.5,-25.0,27.946869
2000-12-26,31.5,-25.0,23.569519
2000-12-27,31.5,-25.0,26.12442
2000-12-28,31.5,-25.0,31.295624
2000-12-29,31.5,-25.0,31.757141
2000-12-30,31.5,-25.0,32.560455
2000-12-31,31.5,-25.0,32.84555
2001-01-01,31.5,-25.0,33.867096
2001-01-02,31.5,-25.0,23.889526
2001-01-03,31.5,-25.0,24.919525
2001-01-04,31.5,-25.0,24.984283
2001-01-05,31.5,-25.0,26.228058
2001-01-06,31.5,-25.0,27.54306
2001-01-07,31.5,-25.0,28.733368
2001-01-08,31.5,-25.0,28.618378
2001-01-09,31.5,-25.0,30.791718
2001-01-10,31.5,-25.0,34.393433
2001-01-11,31.5,-25.0,34.814484
2001-01-12,31.5,-25.0,30.568237
2001-01-13,31.5,-25.0,30.199005
2001-01-14,31.5,-25.0,32.27353
2001-01-15,31.5,-25.0,25.257996
2001-01-16,31.5,-25.0,24.216675
2001-01-17,31.5,-25.0,26.723602
2001-01-18,31.5,-25.0,28.624878
2001-01-19,31.5,-25.0,32.06949
2001-01-20,31.5,-25.0,31.047607
2001-01-21,31.5,-25.0,31.279175
2001-01-22,31.5,-25.0,29.327728
2001-01-23,31.5,-25.0,31.969086
2001-01-24,31.5,-25.0,30.441925
2001-01-25,31.5,-25.0,26.898499
2001-01-26,31.5,-25.0,28.666962
2001-01-27,31.5,-25.0,28.822449
2001-01-28,31.5,-25.0,29.909119
2001-01-29,31.5,-25.0,30.91156
2001-01-30,31.5,-25.0,32.65573
2001-01-31,31.5,-25.0,26.645874
2001-02-01,31.5,-25.0,28.613495
2001-02-02,31.5,-25.0,33.85208
2001-02-03,31.5,-25.0,36.77594
2001-02-04,31.5,-25.0,23.8013
2001-02-05,31.5,-25.0,23.724335
2001-02-06,31.5,-25.0,24.968262
2001-02-07,31.5,-25.0,27.977081
2001-02-08,31.5,-25.0,28.231964
2001-02-09,31.5,-25.0,26.859802
2001-02-10,31.5,-25.0,26.818115
2001-02-11,31.5,-25.0,26.846985
2001-02-12,31.5,-25.0,27.629242
2001-02-13,31.5,-25.0,30.474548
2001-02-14,31.5,-25.0,30.753479
2001-02-15,31.5,-25.0,24.692566
2001-02-16,31.5,-25.0,27.068207
2001-02-17,31.5,-25.0,29.79007
2001-02-18,31.5,-25.0,28.283264
2001-02-19,31.5,-25.0,25.71045
2001-02-20,31.5,-25.0,23.435791
2001-02-21,31.5,-25.0,23.713135
2001-02-22,31.5,-25.0,27.677338
2001-02-23,31.5,-25.0,30.480957
2001-02-24,31.5,-25.0,23.786865
2001-02-25,31.5,-25.0,25.83548
2001-02-26,31.5,-25.0,21.712585
2001-02-27,31.5,-25.0,24.79834
2001-02-28,31.5,-25.0,22.246368
2001-03-01,31.5,-25.0,24.090607
2001-03-02,31.5,-25.0,26.384338
2001-03-03,31.5,-25.0,28.412598
2001-03-04,31.5,-25.0,27.071625
2001-03-05,31.5,-25.0,27.111969
2001-03-06,31.5,-25.0,29.133484
2001-03-07,31.5,-25.0,28.32019
2001-03-08,31.5,-25.0,29.568726
2001-03-09,31.5,-25.0,28.957062
2001-03-10,31.5,-25.0,30.939941
2001-03-11,31.5,-25.0,30.185425
2001-03-12,31.5,-25.0,33.16983
2001-03-13,31.5,-25.0,21.250702
2001-03-14,31.5,-25.0,23.813324
2001-03-15,31.5,-25.0,26.33899
2001-03-16,31.5,-25.0,26.456604
2001-03-17,31.5,-25.0,28.558807
2001-03-18,31.5,-25.0,30.400513
2001-03-19,31.5,-25.0,20.628967
2001-03-20,31.5,-25.0,24.910645
2001-03-21,31.5,-25.0,25.250061
2001-03-22,31.5,-25.0,25.529022
2001-03-23,31.5,-25.0,25.577759
2001-03-24,31.5,-25.0,26.043213
2001-03-25,31.5,-25.0,26.051636
2001-03-26,31.5,-25.0,29.16037
2001-03-27,31.5,-25.0,27.246399
2001-03-28,31.5,-25.0,27.453094
2001-03-29,31.5,-25.0,27.337128
2001-03-30,31.5,-25.0,28.032837
2001-03-31,31.5,-25.0,30.219055
2001-04-01,31.5,-25.0,28.434326
2001-04-02,31.5,-25.0,31.509766
2001-04-03,31.5,-25.0,33.007477
2001-04-04,31.5,-25.0,21.137909
2001-04-05,31.5,-25.0,22.11267
2001-04-06,31.5,-25.0,22.64096
2001-04-07,31.5,-25.0,24.672272
2001-04-08,31.5,-25.0,23.512543
2001-04-09,31.5,-25.0,25.211243
2001-04-10,31.5,-25.0,24.517517
2001-04-11,31.5,-25.0,25.577667
2001-04-12,31.5,-25.0,26.232239
2001-04-13,31.5,-25.0,28.640656
2001-04-14,31.5,-25.0,24.931976
2001-04-15,31.5,-25.0,22.153564
2001-04-16,31.5,-25.0,26.77118
2001-04-17,31.5,-25.0,28.964386
2001-04-18,31.5,-25.0,24.825256
2001-04-19,31.5,-25.0,26.957977
2001-04-20,31.5,-25.0,27.655243
2001-04-21,31.5,-25.0,25.449585
2001-04-22,31.5,-25.0,28.249329
2001-04-23,31.5,-25.0,30.634644
2001-04-24,31.5,-25.0,30.92102
2001-04-25,31.5,-25.0,31.797943
2001-04-26,31.5,-25.0,28.414764
2001-04-27,31.5,-25.0,25.860474
2001-04-28,31.5,-25.0,30.953033
2001-04-29,31.5,-25.0,28.58374
2001-04-30,31.5,-25.0,26.99176
2001-05-01,31.5,-25.0,21.658539
2001-05-02,31.5,-25.0,19.429047
2001-05-03,31.5,-25.0,18.612396
2001-05-04,31.5,-25.0,23.766571
2001-05-05,31.5,-25.0,28.926361
2001-05-06,31.5,-25.0,23.110626
2001-05-07,31.5,-25.0,24.093597
2001-05-08,31.5,-25.0,25.0224
2001-05-09,31.5,-25.0,27.735931
2001-05-10,31.5,-25.0,26.623993
2001-05-11,31.5,-25.0,25.541931
2001-05-12,31.5,-25.0,24.544006
2001-05-13,31.5,-25.0,24.144073
2001-05-14,31.5,-25.0,24.026337
2001-05-15,31.5,-25.0,25.095276
2001-05-16,31.5,-25.0,25.349457
2001-05-17,31.5,-25.0,25.601746
2001-05-18,31.5,-25.0,26.240875
2001-05-19,31.5,-25.0,26.937927
2001-05-20,31.5,-25.0,27.980743
2001-05-21,31.5,-25.0,28.14331
2001-05-22,31.5,-25.0,27.190216
2001-05-23,31.5,-25.0,22.40982
2001-05-24,31.5,-25.0,24.863556
2001-05-25,31.5,-25.0,28.842255
2001-05-26,31.5,-25.0,30.268158
2001-05-27,31.5,-25.0,22.705078
2001-05-28,31.5,-25.0,22.940552
2001-05-29,31.5,-25.0,25.048584
2001-05-30,31.5,-25.0,27.192108
2001-05-31,31.5,-25.0,24.807495
2001-06-01,31.5,-25.0,27.801697
2001-06-02,31.5,-25.0,25.20169
2001-06-03,31.5,-25.0,28.766602
2001-06-04,31.5,-25.0,28.798492
2001-06-05,31.5,-25.0,25.447601
2001-06-06,31.5,-25.0,22.911438
2001-06-07,31.5,-25.0,23.34134
2001-06-08,31.5,-25.0,23.472748
2001-06-09,31.5,-25.0,23.191162
2001-06-10,31.5,-25.0,23.83316
2001-06-11,31.5,-25.0,22.88327
2001-06-12,31.5,-25.0,22.77066
2001-06-13,31.5,-25.0,22.584808
2001-06-14,31.5,-25.0,24.43576
2001-06-15,31.5,-25.0,25.787384
2001-06-16,31.5,-25.0,23.367615
2001-06-17,31.5,-25.0,25.73108
2001-06-18,31.5,-25.0,26.975677
2001-06-19,31.5,-25.0,22.30133
2001-06-20,31.5,-25.0,21.959686
2001-06-21,31.5,-25.0,23.170502
2001-06-22,31.5,-25.0,24.490204
2001-06-23,31.5,-25.0,22.69931
2001-06-24,31.5,-25.0,21.612396
2001-06-25,31.5,-25.0,20.653107
2001-06-26,31.5,-25.0,23.600403
2001-06-27,31.5,-25.0,19.994202
2001-06-28,31.5,-25.0,22.91333
2001-06-29,31.5,-25.0,24.398224
2001-06-30,31.5,-25.0,27.610199
2001-07-01,31.5,-25.0,19.146729
2001-07-02,31.5,-25.0,23.3443
2001-07-03,31.5,-25.0,26.667908
2001-07-04,31.5,-25.0,25.827606
2001-07-05,31.5,-25.0,28.069092
2001-07-06,31.5,-25.0,19.691742
2001-07-07,31.5,-25.0,17.18863
2001-07-08,31.5,-25.0,20.86499
2001-07-09,31.5,-25.0,25.789948
2001-07-10,31.5,-25.0,28.719147
2001-07-11,31.5,-25.0,20.226837
2001-07-12,31.5,-25.0,22.947937
2001-07-13,31.5,-25.0,23.447357
2001-07-14,31.5,-25.0,22.702179
2001-07-15,31.5,-25.0,21.620087
2001-07-16,31.5,-25.0,24.491821
2001-07-17,31.5,-25.0,27.1297
2001-07-18,31.5,-25.0,30.370056
2001-07-19,31.5,-25.0,26.26361
2001-07-20,31.5,-25.0,23.562317
2001-07-21,31.5,-25.0,22.781464
2001-07-22,31.5,-25.0,22.454468
2001-07-23,31.5,-25.0,23.833832
2001-07-24,31.5,-25.0,18.552155
2001-07-25,31.5,-25.0,19.687775
2001-07-26,31.5,-25.0,19.287415
2001-07-27,31.5,-25.0,22.458405
2001-07-28,31.5,-25.0,23.169922
2001-07-29,31.5,-25.0,22.402924
2001-07-30,31.5,-25.0,21.711243
2001-07-31,31.5,-25.0,20.30017
2001-08-01,31.5,-25.0,20.108246
2001-08-02,31.5,-25.0,22.534302
2001-08-03,31.5,-25.0,22.665863
2001-08-04,31.5,-25.0,24.141052
2001-08-05,31.5,-25.0,24.320465
2001-08-06,31.5,-25.0,22.667877
2001-08-07,31.5,-25.0,21.986115
2001-08-08,31.5,-25.0,22.233307
2001-08-09,31.5,-25.0,25.042084
2001-08-10,31.5,-25.0,28.283478
2001-08-11,31.5,-25.0,23.82608
2001-08-12,31.5,-25.0,23.531036
2001-08-13,31.5,-25.0,26.618927
2001-08-14,31.5,-25.0,31.0484
2001-08-15,31.5,-25.0,24.95636
2001-08-16,31.5,-25.0,28.245605
2001-08-17,31.5,-25.0,27.390411
2001-08-18,31.5,-25.0,32.302307
2001-08-19,31.5,-25.0,25.68399
2001-08-20,31.5,-25.0,31.562714
2001-08-21,31.5,-25.0,30.468323
2001-08-22,31.5,-25.0,29.405792
2001-08-23,31.5,-25.0,28.313385
2001-08-24,31.5,-25.0,32.930237
2001-08-25,31.5,-25.0,25.871368
2001-08-26,31.5,-25.0,28.163849
2001-08-27,31.5,-25.0,24.206818
2001-08-28,31.5,-25.0,26.868103
2001-08-29,31.5,-25.0,29.385864
2001-08-30,31.5,-25.0,30.502197
2001-08-31,31.5,-25.0,30.410492
2001-09-01,31.5,-25.0,24.82022
2001-09-02,31.5,-25.0,24.1344
2001-09-03,31.5,-25.0,30.200012
2001-09-04,31.5,-25.0,34.590668
2001-09-05,31.5,-25.0,30.100739
2001-09-06,31.5,-25.0,32.501984
2001-09-07,31.5,-25.0,25.822266
2001-09-08,31.5,-25.0,26.796722
2001-09-09,31.5,-25.0,31.715057
2001-09-10,31.5,-25.0,36.482605
2001-09-11,31.5,-25.0,38.94635
2001-09-12,31.5,-25.0,19.309845
2001-09-13,31.5,-25.0,15.63446
2001-09-14,31.5,-25.0,15.7300415
2001-09-15,31.5,-25.0,18.08902
2001-09-16,31.5,-25.0,25.27066
2001-09-17,31.5,-25.0,29.12259
2001-09-18,31.5,-25.0,28.0047
2001-09-19,31.5,-25.0,25.842499
2001-09-20,31.5,-25.0,25.64209
2001-09-21,31.5,-25.0,25.61081
2001-09-22,31.5,-25.0,25.939941
2001-09-23,31.5,-25.0,29.997772
2001-09-24,31.5,-25.0,35.934692
2001-09-25,31.5,-25.0,29.477448
2001-09-26,31.5,-25.0,28.464355
2001-09-27,31.5,-25.0,32.415558
2001-09-28,31.5,-25.0,23.59201
2001-09-29,31.5,-25.0,25.81491
2001-09-30,31.5,-25.0,26.331573
2001-10-01,31.5,-25.0,31.444366
2001-10-02,31.5,-25.0,25.164673
2001-10-03,31.5,-25.0,26.71997
2001-10-04,31.5,-25.0,29.754303
2001-10-05,31.5,-25.0,33.760468
2001-10-06,31.5,-25.0,31.708618
2001-10-07,31.5,-25.0,27.821259
2001-10-08,31.5,-25.0,22.174683
2001-10-09,31.5,-25.0,23.772522
2001-10-10,31.5,-25.0,29.858917
2001-10-11,31.5,-25.0,31.192535
2001-10-12,31.5,-25.0,33.013855
2001-10-13,31.5,-25.0,24.916382
2001-10-14,31.5,-25.0,23.74237
2001-10-15,31.5,-25.0,33.32245
2001-10-16,31.5,-25.0,34.576233
2001-10-17,31.5,-25.0,35.363647
2001-10-18,31.5,-25.0,35.996765
2001-10-19,31.5,-25.0,25.349121
2001-10-20,31.5,-25.0,24.134308
2001-10-21,31.5,-25.0,22.976257
2001-10-22,31.5,-25.0,29.144226
2001-10-23,31.5,-25.0,27.530426
2001-10-24,31.5,-25.0,29.757843
2001-10-25,31.5,-25.0,23.823975
2001-10-26,31.5,-25.0,24.932343
2001-10-27,31.5,-25.0,25.235596
2001-10-28,31.5,-25.0,22.486786
2001-10-29,31.5,-25.0,27.351318
2001-10-30,31.5,-25.0,30.999237
2001-10-31,31.5,-25.0,32.87198
2001-11-01,31.5,-25.0,25.292938
2001-11-02,31.5,-25.0,27.098877
2001-11-03,31.5,-25.0,29.859344
2001-11-04,31.5,-25.0,33.290955
2001-11-05,31.5,-25.0,25.994385
2001-11-06,31.5,-25.0,33.309143
2001-11-07,31.5,-25.0,31.713776
2001-11-08,31.5,-25.0,19.475067
2001-11-09,31.5,-25.0,16.904022
2001-11-10,31.5,-25.0,22.491577
2001-11-11,31.5,-25.0,30.175964
2001-11-12,31.5,-25.0,25.794403
2001-11-13,31.5,-25.0,26.208008
2001-11-14,31.5,-25.0,27.33371
2001-11-15,31.5,-25.0,28.965454
2001-11-16,31.5,-25.0,21.302246
2001-11-17,31.5,-25.0,24.885376
2001-11-18,31.5,-25.0,24.762665
2001-11-19,31.5,-25.0,27.78067
2001-11-20,31.5,-25.0,29.742676
2001-11-21,31.5,-25.0,31.130463
2001-11-22,31.5,-25.0,25.39444
2001-11-23,31.5,-25.0,28.23822
2001-11-24,31.5,-25.0,31.474396
2001-11-25,31.5,-25.0,26.462555
2001-11-26,31.5,-25.0,29.526001
2001-11-27,31.5,-25.0,22.326416
2001-11-28,31.5,-25.0,18.672089
2001-11-29,31.5,-25.0,24.412659
2001-11-30,31.5,-25.0,28.962402
2001-12-01,31.5,-25.0,25.423462
2001-12-02,31.5,-25.0,29.722198
2001-12-03,31.5,-25.0,25.599457
2001-12-04,31.5,-25.0,24.03778
2001-12-05,31.5,-25.0,28.691528
2001-12-06,31.5,-25.0,25.28476
2001-12-07,31.5,-25.0,25.990265
2001-12-08,31.5,-25.0,28.332062
2001-12-09,31.5,-25.0,30.369568
2001-12-10,31.5,-25.0,32.44287
2001-12-11,31.5,-25.0,29.365723
2001-12-12,31.5,-25.0,20.358032
2001-12-13,31.5,-25.0,23.323303
2001-12-14,31.5,-25.0,30.272614
2001-12-15,31.5,-25.0,27.326721
2001-12-16,31.5,-25.0,30.76184
2001-12-17,31.5,-25.0,25.66211
2001-12-18,31.5,-25.0,28.142609
2001-12-19,31.5,-25.0,32.277283
2001-12-20,31.5,-25.0,25.472687
2001-12-21,31.5,-25.0,26.68982
2001-12-22,31.5,-25.0,28.682587
2001-12-23,31.5,-25.0,28.491669
2001-12-24,31.5,-25.0,29.75055
2001-12-25,31.5,-25.0,32.196747
2001-12-26,31.5,-25.0,24.962555
2001-12-27,31.5,-25.0,25.19226
2001-12-28,31.5,-25.0,25.04013
2001-12-29,31.5,-25.0,26.139435
2001-12-30,31.5,-25.0,27.537048
2001-12-31,31.5,-25.0,27.848785
2002-01-01,31.5,-25.0,29.690125
2002-01-02,31.5,-25.0,30.215912
2002-01-03,31.5,-25.0,26.081818
2002-01-04,31.5,-25.0,28.340424
2002-01-05,31.5,-25.0,29.255707
2002-01-06,31.5,-25.0,31.822083
2002-01-07,31.5,-25.0,35.14026
2002-01-08,31.5,-25.0,23.555542
2002-01-09,31.5,-25.0,29.303802
2002-01-10,31.5,-25.0,32.1539
2002-01-11,31.5,-25.0,32.727753
2002-01-12,31.5,-25.0,35.842346
2002-01-13,31.5,-25.0,25.979248
2002-01-14,31.5,-25.0,27.933258
2002-01-15,31.5,-25.0,30.8555
2002-01-16,31.5,-25.0,34.766754
2002-01-17,31.5,-25.0,36.34088
2002-01-18,31.5,-25.0,36.97885
2002-01-19,31.5,-25.0,28.66101
2002-01-20,31.5,-25.0,32.45688
2002-01-21,31.5,-25.0,35.329407
2002-01-22,31.5,-25.0,33.74887
2002-01-23,31.5,-25.0,36.36972
2002-01-24,31.5,-25.0,31.285095
2002-01-25,31.5,-25.0,29.201233
2002-01-26,31.5,-25.0,27.655945
2002-01-27,31.5,-25.0,29.167572
2002-01-28,31.5,-25.0,32.730988
2002-01-29,31.5,-25.0,34.329132
2002-01-30,31.5,-25.0,34.898193
2002-01-31,31.5,-25.0,29.13388
2002-02-01,31.5,-25.0,26.785248
2002-02-02,31.5,-25.0,29.941925
2002-02-03,31.5,-25.0,31.190063
2002-02-04,31.5,-25.0,32.950012
2002-02-05,31.5,-25.0,31.764618
2002-02-06,31.5,-25.0,36.42038
2002-02-07,31.5,-25.0,25.27295
2002-02-08,31.5,-25.0,24.095795
2002-02-09,31.5,-25.0,25.58664
2002-02-10,31.5,-25.0,30.64029
2002-02-11,31.5,-25.0,37.242554
2002-02-12,31.5,-25.0,30.72284
2002-02-13,31.5,-25.0,31.703522
2002-02-14,31.5,-25.0,34.754547
2002-02-15,31.5,-25.0,34.863495
2002-02-16,31.5,-25.0,28.631042
2002-02-17,31.5,-25.0,24.67694
2002-02-18,31.5,-25.0,26.780304
2002-02-19,31.5,-25.0,27.949188
2002-02-20,31.5,-25.0,29.13623
2002-02-21,31.5,-25.0,29.874237
2002-02-22,31.5,-25.0,30.960571
2002-02-23,31.5,-25.0,31.791016
2002-02-24,31.5,-25.0,31.310577
2002-02-25,31.5,-25.0,33.040802
2002-02-26,31.5,-25.0,28.290955
2002-02-27,31.5,-25.0,29.61502
2002-02-28,31.5,-25.0,31.492188
2002-03-01,31.5,-25.0,32.456696
2002-03-02,31.5,-25.0,31.674622
2002-03-03,31.5,-25.0,32.593506
2002-03-04,31.5,-25.0,29.321625
2002-03-05,31.5,-25.0,30.029388
2002-03-06,31.5,-25.0,31.365509
2002-03-07,31.5,-25.0,32.2388
2002-03-08,31.5,-25.0,26.468658
2002-03-09,31.5,-25.0,27.917969
2002-03-10,31.5,-25.0,28.62909
2002-03-11,31.5,-25.0,29.875671
2002-03-12,31.5,-25.0,29.058136
2002-03-13,31.5,-25.0,29.262512
2002-03-14,31.5,-25.0,30.642548
2002-03-15,31.5,-25.0,30.12735
2002-03-16,31.5,-25.0,30.786133
2002-03-17,31.5,-25.0,31.612122
2002-03-18,31.5,-25.0,32.4263
2002-03-19,31.5,-25.0,34.541107
2002-03-20,31.5,-25.0,32.78778
2002-03-21,31.5,-25.0,32.296234
2002-03-22,31.5,-25.0,35.951538
2002-03-23,31.5,-25.0,28.26593
2002-03-24,31.5,-25.0,28.850372
2002-03-25,31.5,-25.0,29.088531
2002-03-26,31.5,-25.0,28.56659
2002-03-27,31.5,-25.0,32.67459
2002-03-28,31.5,-25.0,36.41098
2002-03-29,31.5,-25.0,26.211914
2002-03-30,31.5,-25.0,29.200012
2002-03-31,31.5,-25.0,30.360474
2002-04-01,31.5,-25.0,28.968079
2002-04-02,31.5,-25.0,31.145935
2002-04-03,31.5,-25.0,30.934845
2002-04-04,31.5,-25.0,29.617218
2002-04-05,31.5,-25.0,32.776703
2002-04-06,31.5,-25.0,34.558746
2002-04-07,31.5,-25.0,23.319336
2002-04-08,31.5,-25.0,30.252289
2002-04-09,31.5,-25.0,33.02475
2002-04-10,31.5,-25.0,32.952606
2002-04-11,31.5,-25.0,28.983917
2002-04-12,31.5,-25.0,29.550354
2002-04-13,31.5,-25.0,28.058594
2002-04-14,31.5,-25.0,26.867615
2002-04-15,31.5,-25.0,26.318756
2002-04-16,31.5,-25.0,25.00113
2002-04-17,31.5,-25.0,26.109406
2002-04-18,31.5,-25.0,30.67273
2002-04-19,31.5,-25.0,23.739777
2002-04-20,31.5,-25.0,25.291382
2002-04-21,31.5,-25.0,26.552734
2002-04-22,31.5,-25.0,28.62503
2002-04-23,31.5,-25.0,27.801727
2002-04-24,31.5,-25.0,27.817566
2002-04-25,31.5,-25.0,29.545074
2002-04-26,31.5,-25.0,29.346313
2002-04-27,31.5,-25.0,29.47647
2002-04-28,31.5,-25.0,31.460846
2002-04-29,31.5,-25.0,32.59024
2002-04-30,31.5,-25.0,26.721588
2002-05-01,31.5,-25.0,26.474792
2002-05-02,31.5,-25.0,31.142273
2002-05-03,31.5,-25.0,30.864227
2002-05-04,31.5,-25.0,26.301453
2002-05-05,31.5,-25.0,28.069122
2002-05-06,31.5,-25.0,31.604523
2002-05-07,31.5,-25.0,25.07544
2002-05-08,31.5,-25.0,22.849121
2002-05-09,31.5,-25.0,24.521118
2002-05-10,31.5,-25.0,24.851532
2002-05-11,31.5,-25.0,25.346283
2002-05-12,31.5,-25.0,27.639404
2002-05-13,31.5,-25.0,27.726074
2002-05-14,31.5,-25.0,29.927094
2002-05-15,31.5,-25.0,24.596954
2002-05-16,31.5,-25.0,28.217194
2002-05-17,31.5,-25.0,27.760376
2002-05-18,31.5,-25.0,26.810638
2002-05-19,31.5,-25.0,25.28128
2002-05-20,31.5,-25.0,23.840393
2002-05-21,31.5,-25.0,26.413391
2002-05-22,31.5,-25.0,28.55304
2002-05-23,31.5,-25.0,30.782959
2002-05-24,31.5,-25.0,28.043854
2002-05-25,31.5,-25.0,29.82779
2002-05-26,31.5,-25.0,29.233765
2002-05-27,31.5,-25.0,22.399536
2002-05-28,31.5,-25.0,27.489532
2002-05-29,31.5,-25.0,29.228333
2002-05-30,31.5,-25.0,28.144958
2002-05-31,31.5,-25.0,21.644775
2002-06-01,31.5,-25.0,22.761261
2002-06-02,31.5,-25.0,16.236816
2002-06-03,31.5,-25.0,20.542877
2002-06-04,31.5,-25.0,22.928802
2002-06-05,31.5,-25.0,22.104034
2002-06-06,31.5,-25.0,22.776001
2002-06-07,31.5,-25.0,24.09784
2002-06-08,31.5,-25.0,22.731812
2002-06-09,31.5,-25.0,26.857483
2002-06-10,31.5,-25.0,23.696503
2002-06-11,31.5,-25.0,24.077576
2002-06-12,31.5,-25.0,23.374329
2002-06-13,31.5,-25.0,25.079071
2002-06-14,31.5,-25.0,24.059174
2002-06-15,31.5,-25.0,23.100006
2002-06-16,31.5,-25.0,24.554382
2002-06-17,31.5,-25.0,23.773804
2002-06-18,31.5,-25.0,28.446259
2002-06-19,31.5,-25.0,24.41632
2002-06-20,31.5,-25.0,18.705566
2002-06-21,31.5,-25.0,19.52298
2002-06-22,31.5,-25.0,21.231415
2002-06-23,31.5,-25.0,25.009125
2002-06-24,31.5,-25.0,26.910858
2002-06-25,31.5,-25.0,21.384216
2002-06-26,31.5,-25.0,23.974487
2002-06-27,31.5,-25.0,23.633911
2002-06-28,31.5,-25.0,25.491455
2002-06-29,31.5,-25.0,24.559906
2002-06-30,31.5,-25.0,22.150055
2002-07-01,31.5,-25.0,21.078613
2002-07-02,31.5,-25.0,22.109406
2002-07-03,31.5,-25.0,21.687378
2002-07-04,31.5,-25.0,21.954407
2002-07-05,31.5,-25.0,25.028046
2002-07-06,31.5,-25.0,24.647125
2002-07-07,31.5,-25.0,25.183044
2002-07-08,31.5,-25.0,26.032684
2002-07-09,31.5,-25.0,28.738464
2002-07-10,31.5,-25.0,22.436188
2002-07-11,31.5,-25.0,20.133728
2002-07-12,31.5,-25.0,23.82547
2002-07-13,31.5,-25.0,22.837646
2002-07-14,31.5,-25.0,25.293213
2002-07-15,31.5,-25.0,28.955078
2002-07-16,31.5,-25.0,23.737732
2002-07-17,31.5,-25.0,18.91809
2002-07-18,31.5,-25.0,16.977936
2002-07-19,31.5,-25.0,20.18042
2002-07-20,31.5,-25.0,21.590271
2002-07-21,31.5,-25.0,21.92453
2002-07-22,31.5,-25.0,25.171844
2002-07-23,31.5,-25.0,28.223083
2002-07-24,31.5,-25.0,31.377014
2002-07-25,31.5,-25.0,24.929077
2002-07-26,31.5,-25.0,23.866577
2002-07-27,31.5,-25.0,30.180054
2002-07-28,31.5,-25.0,31.414368
2002-07-29,31.5,-25.0,33.134186
2002-07-30,31.5,-25.0,29.619843
2002-07-31,31.5,-25.0,17.719269
2002-08-01,31.5,-25.0,22.996399
2002-08-02,31.5,-25.0,27.148865
2002-08-03,31.5,-25.0,24.40866
2002-08-04,31.5,-25.0,18.23648
2002-08-05,31.5,-25.0,21.950134
2002-08-06,31.5,-25.0,29.785614
2002-08-07,31.5,-25.0,23.159271
2002-08-08,31.5,-25.0,24.2247
2002-08-09,31.5,-25.0,23.048126
2002-08-10,31.5,-25.0,24.404816
2002-08-11,31.5,-25.0,23.849121
2002-08-12,31.5,-25.0,28.01883
2002-08-13,31.5,-25.0,31.257263
2002-08-14,31.5,-25.0,27.42096
2002-08-15,31.5,-25.0,24.32434
2002-08-16,31.5,-25.0,30.37387
2002-08-17,31.5,-25.0,19.667908
2002-08-18,31.5,-25.0,21.503662
2002-08-19,31.5,-25.0,26.135193
2002-08-20,31.5,-25.0,20.064575
2002-08-21,31.5,-25.0,26.436035
2002-08-22,31.5,-25.0,28.229614
2002-08-23,31.5,-25.0,28.03418
2002-08-24,31.5,-25.0,30.55783
2002-08-25,31.5,-25.0,25.63504
2002-08-26,31.5,-25.0,27.085632
2002-08-27,31.5,-25.0,31.113556
2002-08-28,31.5,-25.0,29.467499
2002-08-29,31.5,-25.0,30.663239
2002-08-30,31.5,-25.0,31.0484
2002-08-31,31.5,-25.0,20.85788
2002-09-01,31.5,-25.0,27.566315
2002-09-02,31.5,-25.0,25.500885
2002-09-03,31.5,-25.0,30.92566
2002-09-04,31.5,-25.0,31.796387
2002-09-05,31.5,-25.0,26.854736
2002-09-06,31.5,-25.0,20.280273
2002-09-07,31.5,-25.0,20.343933
2002-09-08,31.5,-25.0,26.452148
2002-09-09,31.5,-25.0,28.2966
2002-09-10,31.5,-25.0,28.751617
2002-09-11,31.5,-25.0,25.628235
2002-09-12,31.5,-25.0,26.253662
2002-09-13,31.5,-25.0,23.957916
2002-09-14,31.5,-25.0,20.858887
2002-09-15,31.5,-25.0,25.294922
2002-09-16,31.5,-25.0,26.120697
2002-09-17,31.5,-25.0,27.708618
2002-09-18,31.5,-25.0,26.998932
2002-09-19,31.5,-25.0,27.111298
2002-09-20,31.5,-25.0,28.238556
2002-09-21,31.5,-25.0,28.247925
2002-09-22,31.5,-25.0,28.251648
2002-09-23,31.5,-25.0,29.86203
2002-09-24,31.5,-25.0,37.425232
2002-09-25,31.5,-25.0,34.477844
2002-09-26,31.5,-25.0,33.725098
2002-09-27,31.5,-25.0,27.781647
2002-09-28,31.5,-25.0,30.67099
2002-09-29,31.5,-25.0,26.938995
2002-09-30,31.5,-25.0,24.530914
2002-10-01,31.5,-25.0,34.996857
2002-10-02,31.5,-25.0,22.545898
2002-10-03,31.5,-25.0,32.74054
2002-10-04,31.5,-25.0,21.800812
2002-10-05,31.5,-25.0,28.141998
2002-10-06,31.5,-25.0,34.940765
2002-10-07,31.5,-25.0,21.607971
2002-10-08,31.5,-25.0,19.207886
2002-10-09,31.5,-25.0,23.143738
2002-10-10,31.5,-25.0,27.707214
2002-10-11,31.5,-25.0,29.432343
2002-10-12,31.5,-25.0,28.319061
2002-10-13,31.5,-25.0,28.492645
2002-10-14,31.5,-25.0,32.922882
2002-10-15,31.5,-25.0,30.140594
2002-10-16,31.5,-25.0,34.346436
2002-10-17,31.5,-25.0,37.86328
2002-10-18,31.5,-25.0,38.971283
2002-10-19,31.5,-25.0,29.374481
2002-10-20,31.5,-25.0,22.2724
2002-10-21,31.5,-25.0,32.119934
2002-10-22,31.5,-25.0,33.20514
2002-10-23,31.5,-25.0,35.866425
2002-10-24,31.5,-25.0,37.432007
2002-10-25,31.5,-25.0,27.956177
2002-10-26,31.5,-25.0,31.304718
2002-10-27,31.5,-25.0,35.582428
2002-10-28,31.5,-25.0,36.129425
2002-10-29,31.5,-25.0,28.561005
2002-10-30,31.5,-25.0,17.658081
2002-10-31,31.5,-25.0,18.494354
2002-11-01,31.5,-25.0,24.799133
2002-11-02,31.5,-25.0,28.929382
2002-11-03,31.5,-25.0,31.95346
2002-11-04,31.5,-25.0,37.983276
2002-11-05,31.5,-25.0,19.750397
2002-11-06,31.5,-25.0,14.722992
2002-11-07,31.5,-25.0,23.358826
2002-11-08,31.5,-25.0,30.90982
2002-11-09,31.5,-25.0,37.34857
2002-11-10,31.5,-25.0,22.000885
2002-11-11,31.5,-25.0,25.227875
2002-11-12,31.5,-25.0,29.162842
2002-11-13,31.5,-25.0,33.857605
2002-11-14,31.5,-25.0,22.638672
2002-11-15,31.5,-25.0,24.867798
2002-11-16,31.5,-25.0,33.265625
2002-11-17,31.5,-25.0,27.693512
2002-11-18,31.5,-25.0,31.385864
2002-11-19,31.5,-25.0,33.99951
2002-11-20,31.5,-25.0,36.518555
2002-11-21,31.5,-25.0,26.282196
2002-11-22,31.5,-25.0,32.374573
2002-11-23,31.5,-25.0,36.54297
2002-11-24,31.5,-25.0,21.575195
2002-11-25,31.5,-25.0,25.537628
2002-11-26,31.5,-25.0,26.208954
2002-11-27,31.5,-25.0,27.991058
2002-11-28,31.5,-25.0,33.660797
2002-11-29,31.5,-25.0,32.139587
2002-11-30,31.5,-25.0,25.282806
2002-12-01,31.5,-25.0,32.87964
2002-12-02,31.5,-25.0,34.944733
2002-12-03,31.5,-25.0,32.238525
2002-12-04,31.5,-25.0,27.03714
2002-12-05,31.5,-25.0,28.546478
2002-12-06,31.5,-25.0,28.931488
2002-12-07,31.5,-25.0,26.864777
2002-12-08,31.5,-25.0,30.194366
2002-12-09,31.5,-25.0,30.973999
2002-12-10,31.5,-25.0,27.612213
2002-12-11,31.5,-25.0,29.132843
2002-12-12,31.5,-25.0,31.83902
2002-12-13,31.5,-25.0,34.782013
2002-12-14,31.5,-25.0,34.263336
2002-12-15,31.5,-25.0,37.73468
2002-12-16,31.5,-25.0,33.325836
2002-12-17,31.5,-25.0,31.336456
2002-12-18,31.5,-25.0,24.727203
2002-12-19,31.5,-25.0,24.574158
2002-12-20,31.5,-25.0,27.83612
2002-12-21,31.5,-25.0,29.75943
2002-12-22,31.5,-25.0,31.23175
2002-12-23,31.5,-25.0,35.033325
2002-12-24,31.5,-25.0,33.66571
2002-12-25,31.5,-25.0,32.702423
2002-12-26,31.5,-25.0,29.640228
2002-12-27,31.5,-25.0,25.018768
2002-12-28,31.5,-25.0,32.913452
2002-12-29,31.5,-25.0,30.600311
2002-12-30,31.5,-25.0,29.012024
2002-12-31,31.5,-25.0,29.67569
2003-01-01,31.5,-25.0,29.25769
2003-01-02,31.5,-25.0,31.073853
2003-01-03,31.5,-25.0,32.881958
2003-01-04,31.5,-25.0,33.522766
2003-01-05,31.5,-25.0,29.89206
2003-01-06,31.5,-25.0,33.513092
2003-01-07,31.5,-25.0,35.675446
2003-01-08,31.5,-25.0,34.532288
2003-01-09,31.5,-25.0,27.67337
2003-01-10,31.5,-25.0,20.73233
2003-01-11,31.5,-25.0,24.999023
2003-01-12,31.5,-25.0,27.55423
2003-01-13,31.5,-25.0,33.384308
2003-01-14,31.5,-25.0,34.360016
2003-01-15,31.5,-25.0,28.727966
2003-01-16,31.5,-25.0,36.992462
2003-01-17,31.5,-25.0,26.881226
2003-01-18,31.5,-25.0,34.952515
2003-01-19,31.5,-25.0,36.984436
2003-01-20,31.5,-25.0,38.77643
2003-01-21,31.5,-25.0,31.949738
2003-01-22,31.5,-25.0,35.54019
2003-01-23,31.5,-25.0,36.82663
2003-01-24,31.5,-25.0,28.853546
2003-01-25,31.5,-25.0,33.387512
2003-01-26,31.5,-25.0,35.844482
2003-01-27,31.5,-25.0,28.357635
2003-01-28,31.5,-25.0,32.01895
2003-01-29,31.5,-25.0,32.786957
2003-01-30,31.5,-25.0,37.720215
2003-01-31,31.5,-25.0,31.204254
2003-02-01,31.5,-25.0,36.591034
2003-02-02,31.5,-25.0,38.77362
2003-02-03,31.5,-25.0,35.9769
2003-02-04,31.5,-25.0,37.052795
2003-02-05,31.5,-25.0,37.5007
2003-02-06,31.5,-25.0,30.37732
2003-02-07,31.5,-25.0,31.867249
2003-02-08,31.5,-25.0,35.592102
2003-02-09,31.5,-25.0,30.471191
2003-02-10,31.5,-25.0,29.142883
2003-02-11,31.5,-25.0,31.470154
2003-02-12,31.5,-25.0,35.034912
2003-02-13,31.5,-25.0,34.55777
2003-02-14,31.5,-25.0,34.8425
2003-02-15,31.5,-25.0,35.638275
2003-02-16,31.5,-25.0,33.314087
2003-02-17,31.5,-25.0,35.176514
2003-02-18,31.5,-25.0,31.350067
2003-02-19,31.5,-25.0,31.874939
2003-02-20,31.5,-25.0,33.694275
2003-02-21,31.5,-25.0,24.983978
2003-02-22,31.5,-25.0,27.308167
2003-02-23,31.5,-25.0,29.31372
2003-02-24,31.5,-25.0,30.555847
2003-02-25,31.5,-25.0,27.6391
2003-02-26,31.5,-25.0,28.197815
2003-02-27,31.5,-25.0,28.083923
2003-02-28,31.5,-25.0,29.969421
2003-03-01,31.5,-25.0,31.06189
2003-03-02,31.5,-25.0,30.472107
2003-03-03,31.5,-25.0,30.254333
2003-03-04,31.5,-25.0,30.117188
2003-03-05,31.5,-25.0,26.70691
2003-03-06,31.5,-25.0,30.177185
2003-03-07,31.5,-25.0,27.869385
2003-03-08,31.5,-25.0,28.538055
2003-03-09,31.5,-25.0,31.032745
2003-03-10,31.5,-25.0,28.886108
2003-03-11,31.5,-25.0,28.570648
2003-03-12,31.5,-25.0,29.729675
2003-03-13,31.5,-25.0,32.428406
2003-03-14,31.5,-25.0,32.0495
2003-03-15,31.5,-25.0,36.706238
2003-03-16,31.5,-25.0,34.328156
2003-03-17,31.5,-25.0,32.569
2003-03-18,31.5,-25.0,34.127533
2003-03-19,31.5,-25.0,35.670654
2003-03-20,31.5,-25.0,29.085022
2003-03-21,31.5,-25.0,33.081665
2003-03-22,31.5,-25.0,36.803986
2003-03-23,31.5,-25.0,37.85501
2003-03-24,31.5,-25.0,32.11978
2003-03-25,31.5,-25.0,27.439026
2003-03-26,31.5,-25.0,27.567627
2003-03-27,31.5,-25.0,27.97055
2003-03-28,31.5,-25.0,29.141602
2003-03-29,31.5,-25.0,28.822693
2003-03-30,31.5,-25.0,30.755005
2003-03-31,31.5,-25.0,32.133514
2003-04-01,31.5,-25.0,30.131958
2003-04-02,31.5,-25.0,32.302765
2003-04-03,31.5,-25.0,35.665314
2003-04-04,31.5,-25.0,30.625153
2003-04-05,31.5,-25.0,29.4646
2003-04-06,31.5,-25.0,30.164978
2003-04-07,31.5,-25.0,30.41983
2003-04-08,31.5,-25.0,31.9104
2003-04-09,31.5,-25.0,32.96463
2003-04-10,31.5,-25.0,25.695038
2003-04-11,31.5,-25.0,26.356903
2003-04-12,31.5,-25.0,33.043488
2003-04-13,31.5,-25.0,27.700806
2003-04-14,31.5,-25.0,29.068573
2003-04-15,31.5,-25.0,26.481567
2003-04-16,31.5,-25.0,27.108612
2003-04-17,31.5,-25.0,27.040771
2003-04-18,31.5,-25.0,27.977661
2003-04-19,31.5,-25.0,27.49179
2003-04-20,31.5,-25.0,28.047333
2003-04-21,31.5,-25.0,27.763153
2003-04-22,31.5,-25.0,29.891785
2003-04-23,31.5,-25.0,31.395203
2003-04-24,31.5,-25.0,31.10736
2003-04-25,31.5,-25.0,29.719452
2003-04-26,31.5,-25.0,28.018005
2003-04-27,31.5,-25.0,27.52298
2003-04-28,31.5,-25.0,27.312134
2003-04-29,31.5,-25.0,28.575378
2003-04-30,31.5,-25.0,31.778412
2003-05-01,31.5,-25.0,30.899261
2003-05-02,31.5,-25.0,24.606873
2003-05-03,31.5,-25.0,28.30951
2003-05-04,31.5,-25.0,32.615692
2003-05-05,31.5,-25.0,20.14035
2003-05-06,31.5,-25.0,20.279938
2003-05-07,31.5,-25.0,25.763123
2003-05-08,31.5,-25.0,27.46637
2003-05-09,31.5,-25.0,29.34314
2003-05-10,31.5,-25.0,29.999542
2003-05-11,31.5,-25.0,27.60785
2003-05-12,31.5,-25.0,28.950806
2003-05-13,31.5,-25.0,25.776337
2003-05-14,31.5,-25.0,21.358856
2003-05-15,31.5,-25.0,22.128418
2003-05-16,31.5,-25.0,24.306976
2003-05-17,31.5,-25.0,26.236572
2003-05-18,31.5,-25.0,25.00299
2003-05-19,31.5,-25.0,22.639587
2003-05-20,31.5,-25.0,23.137543
2003-05-21,31.5,-25.0,24.829468
2003-05-22,31.5,-25.0,25.663147
2003-05-23,31.5,-25.0,25.87442
2003-05-24,31.5,-25.0,29.924103
2003-05-25,31.5,-25.0,31.474548
2003-05-26,31.5,-25.0,33.27777
2003-05-27,31.5,-25.0,23.967468
2003-05-28,31.5,-25.0,18.486145
2003-05-29,31.5,-25.0,25.819702
2003-05-30,31.5,-25.0,25.180298
2003-05-31,31.5,-25.0,25.632996
2003-06-01,31.5,-25.0,25.629486
2003-06-02,31.5,-25.0,27.503632
2003-06-03,31.5,-25.0,29.975037
2003-06-04,31.5,-25.0,23.663483
2003-06-05,31.5,-25.0,20.791962
2003-06-06,31.5,-25.0,21.16336
2003-06-07,31.5,-25.0,26.123383
2003-06-08,31.5,-25.0,23.636658
2003-06-09,31.5,-25.0,21.858246
2003-06-10,31.5,-25.0,20.79004
2003-06-11,31.5,-25.0,21.59024
2003-06-12,31.5,-25.0,24.184174
2003-06-13,31.5,-25.0,26.102325
2003-06-14,31.5,-25.0,25.336609
2003-06-15,31.5,-25.0,24.572784
2003-06-16,31.5,-25.0,23.010681
2003-06-17,31.5,-25.0,26.885284
2003-06-18,31.5,-25.0,21.408386
2003-06-19,31.5,-25.0,21.888885
2003-06-20,31.5,-25.0,22.585693
2003-06-21,31.5,-25.0,22.107117
2003-06-22,31.5,-25.0,23.09491
2003-06-23,31.5,-25.0,23.429932
2003-06-24,31.5,-25.0,22.049683
2003-06-25,31.5,-25.0,20.296143
2003-06-26,31.5,-25.0,19.964966
2003-06-27,31.5,-25.0,19.74292
2003-06-28,31.5,-25.0,18.915924
2003-06-29,31.5,-25.0,20.043457
2003-06-30,31.5,-25.0,19.488312
2003-07-01,31.5,-25.0,22.986328
2003-07-02,31.5,-25.0,26.347168
2003-07-03,31.5,-25.0,19.254913
2003-07-04,31.5,-25.0,22.641388
2003-07-05,31.5,-25.0,17.498596
2003-07-06,31.5,-25.0,18.541351
2003-07-07,31.5,-25.0,19.631409
2003-07-08,31.5,-25.0,21.391663
2003-07-09,31.5,-25.0,21.87854
2003-07-10,31.5,-25.0,23.331268
2003-07-11,31.5,-25.0,25.613892
2003-07-12,31.5,-25.0,17.646423
2003-07-13,31.5,-25.0,22.318115
2003-07-14,31.5,-25.0,23.733398
2003-07-15,31.5,-25.0,23.37268
2003-07-16,31.5,-25.0,25.990387
2003-07-17,31.5,-25.0,25.858307
2003-07-18,31.5,-25.0,27.985199
2003-07-19,31.5,-25.0,25.98645
2003-07-20,31.5,-25.0,21.468536
2003-07-21,31.5,-25.0,19.325867
2003-07-22,31.5,-25.0,26.735504
2003-07-23,31.5,-25.0,24.295197
2003-07-24,31.5,-25.0,26.759155
2003-07-25,31.5,-25.0,27.833435
2003-07-26,31.5,-25.0,25.081696
2003-07-27,31.5,-25.0,31.279053
2003-07-28,31.5,-25.0,31.584564
2003-07-29,31.5,-25.0,24.979187
2003-07-30,31.5,-25.0,24.198608
2003-07-31,31.5,-25.0,26.540344
2003-08-01,31.5,-25.0,22.643616
2003-08-02,31.5,-25.0,26.45166
2003-08-03,31.5,-25.0,21.08435
2003-08-04,31.5,-25.0,28.624908
2003-08-05,31.5,-25.0,23.296356
2003-08-06,31.5,-25.0,18.996338
2003-08-07,31.5,-25.0,23.569458
2003-08-08,31.5,-25.0,24.198975
2003-08-09,31.5,-25.0,24.954376
2003-08-10,31.5,-25.0,28.934814
2003-08-11,31.5,-25.0,27.60025
2003-08-12,31.5,-25.0,30.056305
2003-08-13,31.5,-25.0,27.224487
2003-08-14,31.5,-25.0,27.69519
2003-08-15,31.5,-25.0,23.683746
2003-08-16,31.5,-25.0,25.90155
2003-08-17,31.5,-25.0,31.01706
2003-08-18,31.5,-25.0,28.975494
2003-08-19,31.5,-25.0,34.1239
2003-08-20,31.5,-25.0,26.17273
2003-08-21,31.5,-25.0,19.761414
2003-08-22,31.5,-25.0,21.38266
2003-08-23,31.5,-25.0,27.11023
2003-08-24,31.5,-25.0,28.2995
2003-08-25,31.5,-25.0,26.563995
2003-08-26,31.5,-25.0,29.676666
2003-08-27,31.5,-25.0,24.39267
2003-08-28,31.5,-25.0,30.751678
2003-08-29,31.5,-25.0,32.955933
2003-08-30,31.5,-25.0,26.232788
2003-08-31,31.5,-25.0,29.810333
2003-09-01,31.5,-25.0,33.643463
2003-09-02,31.5,-25.0,32.99417
2003-09-03,31.5,-25.0,30.570831
2003-09-04,31.5,-25.0,30.240448
2003-09-05,31.5,-25.0,28.630615
2003-09-06,31.5,-25.0,20.046722
2003-09-07,31.5,-25.0,22.825287
2003-09-08,31.5,-25.0,30.301544
2003-09-09,31.5,-25.0,34.686127
2003-09-10,31.5,-25.0,27.817108
2003-09-11,31.5,-25.0,27.990875
2003-09-12,31.5,-25.0,33.3761
2003-09-13,31.5,-25.0,20.20523
2003-09-14,31.5,-25.0,15.478851
2003-09-15,31.5,-25.0,19.128174
2003-09-16,31.5,-25.0,21.49997
2003-09-17,31.5,-25.0,25.514069
2003-09-18,31.5,-25.0,28.76239
2003-09-19,31.5,-25.0,34.630737
2003-09-20,31.5,-25.0,35.8071
2003-09-21,31.5,-25.0,24.17923
2003-09-22,31.5,-25.0,17.191803
2003-09-23,31.5,-25.0,22.185547
2003-09-24,31.5,-25.0,29.984558
2003-09-25,31.5,-25.0,28.93808
2003-09-26,31.5,-25.0,32.60843
2003-09-27,31.5,-25.0,33.866882
2003-09-28,31.5,-25.0,35.245636
2003-09-29,31.5,-25.0,29.029724
2003-09-30,31.5,-25.0,31.783447
2003-10-01,31.5,-25.0,36.30301
2003-10-02,31.5,-25.0,38.12503
2003-10-03,31.5,-25.0,33.311188
2003-10-04,31.5,-25.0,32.46753
2003-10-05,31.5,-25.0,38.628387
2003-10-06,31.5,-25.0,34.746826
2003-10-07,31.5,-25.0,27.067078
2003-10-08,31.5,-25.0,22.644958
2003-10-09,31.5,-25.0,30.634888
2003-10-10,31.5,-25.0,38.14096
2003-10-11,31.5,-25.0,29.427887
2003-10-12,31.5,-25.0,26.033752
2003-10-13,31.5,-25.0,30.72705
2003-10-14,31.5,-25.0,36.00525
2003-10-15,31.5,-25.0,26.5708
2003-10-16,31.5,-25.0,35.78015
2003-10-17,31.5,-25.0,25.542816
2003-10-18,31.5,-25.0,18.55072
2003-10-19,31.5,-25.0,14.816284
2003-10-20,31.5,-25.0,14.201263
2003-10-21,31.5,-25.0,20.785706
2003-10-22,31.5,-25.0,28.697662
2003-10-23,31.5,-25.0,31.693024
2003-10-24,31.5,-25.0,33.192444
2003-10-25,31.5,-25.0,37.16617
2003-10-26,31.5,-25.0,38.243774
2003-10-27,31.5,-25.0,24.532532
2003-10-28,31.5,-25.0,29.277252
2003-10-29,31.5,-25.0,32.297394
2003-10-30,31.5,-25.0,35.13144
2003-10-31,31.5,-25.0,36.32071
2003-11-01,31.5,-25.0,27.167236
2003-11-02,31.5,-25.0,28.071838
2003-11-03,31.5,-25.0,25.336334
2003-11-04,31.5,-25.0,31.291443
2003-11-05,31.5,-25.0,36.622772
2003-11-06,31.5,-25.0,21.176453
2003-11-07,31.5,-25.0,26.562103
2003-11-08,31.5,-25.0,33.94934
2003-11-09,31.5,-25.0,35.45752
2003-11-10,31.5,-25.0,33.206116
2003-11-11,31.5,-25.0,35.544403
2003-11-12,31.5,-25.0,23.978668
2003-11-13,31.5,-25.0,23.157867
2003-11-14,31.5,-25.0,29.8779
2003-11-15,31.5,-25.0,33.144073
2003-11-16,31.5,-25.0,27.17035
2003-11-17,31.5,-25.0,31.337982
2003-11-18,31.5,-25.0,34.979614
2003-11-19,31.5,-25.0,28.680054
2003-11-20,31.5,-25.0,33.888824
2003-11-21,31.5,-25.0,37.077423
2003-11-22,31.5,-25.0,34.5188
2003-11-23,31.5,-25.0,34.608795
2003-11-24,31.5,-25.0,31.697968
2003-11-25,31.5,-25.0,34.05951
2003-11-26,31.5,-25.0,31.753815
2003-11-27,31.5,-25.0,30.430298
2003-11-28,31.5,-25.0,30.088928
2003-11-29,31.5,-25.0,22.203613
2003-11-30,31.5,-25.0,24.436401
2003-12-01,31.5,-25.0,29.220123
2003-12-02,31.5,-25.0,27.852814
2003-12-03,31.5,-25.0,33.720062
2003-12-04,31.5,-25.0,27.555145
2003-12-05,31.5,-25.0,31.69693
2003-12-06,31.5,-25.0,35.34207
2003-12-07,31.5,-25.0,33.723236
2003-12-08,31.5,-25.0,39.615967
2003-12-09,31.5,-25.0,40.730194
2003-12-10,31.5,-25.0,25.35852
2003-12-11,31.5,-25.0,34.78177
2003-12-12,31.5,-25.0,34.894775
2003-12-13,31.5,-25.0,35.265656
2003-12-14,31.5,-25.0,40.427765
2003-12-15,31.5,-25.0,25.302795
2003-12-16,31.5,-25.0,29.591003
2003-12-17,31.5,-25.0,36.68393
2003-12-18,31.5,-25.0,29.040253
2003-12-19,31.5,-25.0,32.08371
2003-12-20,31.5,-25.0,36.62982
2003-12-21,31.5,-25.0,35.319794
2003-12-22,31.5,-25.0,27.118988
2003-12-23,31.5,-25.0,31.15094
2003-12-24,31.5,-25.0,34.418854
2003-12-25,31.5,-25.0,38.35211
2003-12-26,31.5,-25.0,40.3609
2003-12-27,31.5,-25.0,20.086578
2003-12-28,31.5,-25.0,27.009155
2003-12-29,31.5,-25.0,29.188293
2003-12-30,31.5,-25.0,32.33362
2003-12-31,31.5,-25.0,36.32898
2004-01-01,31.5,-25.0,26.272186
2004-01-02,31.5,-25.0,33.75406
2004-01-03,31.5,-25.0,30.076172
2004-01-04,31.5,-25.0,24.081604
2004-01-05,31.5,-25.0,27.420013
2004-01-06,31.5,-25.0,33.30301
2004-01-07,31.5,-25.0,34.6998
2004-01-08,31.5,-25.0,32.91501
2004-01-09,31.5,-25.0,35.668182
2004-01-10,31.5,-25.0,37.52249
2004-01-11,31.5,-25.0,32.74527
2004-01-12,31.5,-25.0,35.285034
2004-01-13,31.5,-25.0,35.915527
2004-01-14,31.5,-25.0,36.444183
2004-01-15,31.5,-25.0,38.678406
2004-01-16,31.5,-25.0,26.841248
2004-01-17,31.5,-25.0,26.988342
2004-01-18,31.5,-25.0,31.558655
2004-01-19,31.5,-25.0,31.49237
2004-01-20,31.5,-25.0,30.970184
2004-01-21,31.5,-25.0,29.486084
2004-01-22,31.5,-25.0,25.65622
2004-01-23,31.5,-25.0,27.106384
2004-01-24,31.5,-25.0,31.225616
2004-01-25,31.5,-25.0,30.789124
2004-01-26,31.5,-25.0,30.826294
2004-01-27,31.5,-25.0,29.528137
2004-01-28,31.5,-25.0,29.705963
2004-01-29,31.5,-25.0,27.093445
2004-01-30,31.5,-25.0,26.750702
2004-01-31,31.5,-25.0,29.36322
2004-02-01,31.5,-25.0,30.823395
2004-02-02,31.5,-25.0,30.527039
2004-02-03,31.5,-25.0,30.138245
2004-02-04,31.5,-25.0,31.467133
2004-02-05,31.5,-25.0,28.509766
2004-02-06,31.5,-25.0,27.921814
2004-02-07,31.5,-25.0,27.628632
2004-02-08,31.5,-25.0,28.097076
2004-02-09,31.5,-25.0,28.367981
2004-02-10,31.5,-25.0,29.526367
2004-02-11,31.5,-25.0,32.456635
2004-02-12,31.5,-25.0,33.18164
2004-02-13,31.5,-25.0,29.929504
2004-02-14,31.5,-25.0,30.971588
2004-02-15,31.5,-25.0,31.640839
2004-02-16,31.5,-25.0,31.239288
2004-02-17,31.5,-25.0,30.292816
2004-02-18,31.5,-25.0,29.559845
2004-02-19,31.5,-25.0,29.967743
2004-02-20,31.5,-25.0,29.92633
2004-02-21,31.5,-25.0,31.828857
2004-02-22,31.5,-25.0,33.34735
2004-02-23,31.5,-25.0,32.601654
2004-02-24,31.5,-25.0,25.228943
2004-02-25,31.5,-25.0,28.415771
2004-02-26,31.5,-25.0,24.932587
2004-02-27,31.5,-25.0,27.04065
2004-02-28,31.5,-25.0,29.1344
2004-02-29,31.5,-25.0,29.153503
2004-03-01,31.5,-25.0,25.266937
2004-03-02,31.5,-25.0,29.202545
2004-03-03,31.5,-25.0,24.090271
2004-03-04,31.5,-25.0,25.105316
2004-03-05,31.5,-25.0,29.343964
2004-03-06,31.5,-25.0,19.19345
2004-03-07,31.5,-25.0,22.358124
2004-03-08,31.5,-25.0,27.556244
2004-03-09,31.5,-25.0,28.660522
2004-03-10,31.5,-25.0,28.300293
2004-03-11,31.5,-25.0,29.845581
2004-03-12,31.5,-25.0,21.078796
2004-03-13,31.5,-25.0,19.208618
2004-03-14,31.5,-25.0,21.950745
2004-03-15,31.5,-25.0,24.327637
2004-03-16,31.5,-25.0,28.73291
2004-03-17,31.5,-25.0,29.45169
2004-03-18,31.5,-25.0,28.281769
2004-03-19,31.5,-25.0,30.33545
2004-03-20,31.5,-25.0,29.22107
2004-03-21,31.5,-25.0,28.926483
2004-03-22,31.5,-25.0,32.56418
2004-03-23,31.5,-25.0,31.754486
2004-03-24,31.5,-25.0,26.556366
2004-03-25,31.5,-25.0,29.736176
2004-03-26,31.5,-25.0,27.30545
2004-03-27,31.5,-25.0,29.392761
2004-03-28,31.5,-25.0,28.47873
2004-03-29,31.5,-25.0,30.761322
2004-03-30,31.5,-25.0,26.39981
2004-03-31,31.5,-25.0,29.086395
2004-04-01,31.5,-25.0,23.541138
2004-04-02,31.5,-25.0,26.47168
2004-04-03,31.5,-25.0,29.13501
2004-04-04,31.5,-25.0,30.569519
2004-04-05,31.5,-25.0,31.648926
2004-04-06,31.5,-25.0,24.717224
2004-04-07,31.5,-25.0,25.80014
2004-04-08,31.5,-25.0,27.371765
2004-04-09,31.5,-25.0,28.479279
2004-04-10,31.5,-25.0,25.107483
2004-04-11,31.5,-25.0,24.142365
2004-04-12,31.5,-25.0,25.241089
2004-04-13,31.5,-25.0,23.79779
2004-04-14,31.5,-25.0,24.576569
2004-04-15,31.5,-25.0,26.195679
2004-04-16,31.5,-25.0,31.670013
2004-04-17,31.5,-25.0,33.61258
2004-04-18,31.5,-25.0,28.992615
2004-04-19,31.5,-25.0,31.682343
2004-04-20,31.5,-25.0,30.309357
2004-04-21,31.5,-25.0,33.014862
2004-04-22,31.5,-25.0,30.499207
2004-04-23,31.5,-25.0,24.917633
2004-04-24,31.5,-25.0,26.026917
2004-04-25,31.5,-25.0,28.718384
2004-04-26,31.5,-25.0,22.860779
2004-04-27,31.5,-25.0,22.424805
2004-04-28,31.5,-25.0,23.031311
2004-04-29,31.5,-25.0,23.943695
2004-04-30,31.5,-25.0,24.894775
2004-05-01,31.5,-25.0,26.936188
2004-05-02,31.5,-25.0,25.453339
2004-05-03,31.5,-25.0,24.431976
2004-05-04,31.5,-25.0,24.501953
2004-05-05,31.5,-25.0,24.925629
2004-05-06,31.5,-25.0,24.314697
2004-05-07,31.5,-25.0,25.88269
2004-05-08,31.5,-25.0,26.907837
2004-05-09,31.5,-25.0,26.624115
2004-05-10,31.5,-25.0,25.597076
2004-05-11,31.5,-25.0,27.282318
2004-05-12,31.5,-25.0,29.408264
2004-05-13,31.5,-25.0,30.06836
2004-05-14,31.5,-25.0,23.200684
2004-05-15,31.5,-25.0,25.076935
2004-05-16,31.5,-25.0,22.661621
2004-05-17,31.5,-25.0,22.38736
2004-05-18,31.5,-25.0,25.81839
2004-05-19,31.5,-25.0,27.350403
2004-05-20,31.5,-25.0,25.330383
2004-05-21,31.5,-25.0,27.140472
2004-05-22,31.5,-25.0,26.499268
2004-05-23,31.5,-25.0,29.920837
2004-05-24,31.5,-25.0,28.233704
2004-05-25,31.5,-25.0,25.695435
2004-05-26,31.5,-25.0,24.08017
2004-05-27,31.5,-25.0,23.340637
2004-05-28,31.5,-25.0,25.740814
2004-05-29,31.5,-25.0,23.919403
2004-05-30,31.5,-25.0,22.043152
2004-05-31,31.5,-25.0,22.92453
2004-06-01,31.5,-25.0,22.515839
2004-06-02,31.5,-25.0,21.38095
2004-06-03,31.5,-25.0,21.589478
2004-06-04,31.5,-25.0,22.5878
2004-06-05,31.5,-25.0,23.623047
2004-06-06,31.5,-25.0,25.464691
2004-06-07,31.5,-25.0,25.953705
2004-06-08,31.5,-25.0,24.560455
2004-06-09,31.5,-25.0,20.24054
2004-06-10,31.5,-25.0,21.000824
2004-06-11,31.5,-25.0,21.482452
2004-06-12,31.5,-25.0,22.07663
2004-06-13,31.5,-25.0,25.6492
2004-06-14,31.5,-25.0,26.354126
2004-06-15,31.5,-25.0,22.648712
2004-06-16,31.5,-25.0,25.499725
2004-06-17,31.5,-25.0,22.571198
2004-06-18,31.5,-25.0,23.337006
2004-06-19,31.5,-25.0,24.816956
2004-06-20,31.5,-25.0,22.733582
2004-06-21,31.5,-25.0,19.06137
2004-06-22,31.5,-25.0,22.537964
2004-06-23,31.5,-25.0,23.730072
2004-06-24,31.5,-25.0,23.717133
2004-06-25,31.5,-25.0,22.681915
2004-06-26,31.5,-25.0,23.99765
2004-06-27,31.5,-25.0,26.33014
2004-06-28,31.5,-25.0,22.40512
2004-06-29,31.5,-25.0,24.237518
2004-06-30,31.5,-25.0,27.12732
2004-07-01,31.5,-25.0,25.990936
2004-07-02,31.5,-25.0,28.875183
2004-07-03,31.5,-25.0,30.824158
2004-07-04,31.5,-25.0,24.900757
2004-07-05,31.5,-25.0,17.887207
2004-07-06,31.5,-25.0,19.693054
2004-07-07,31.5,-25.0,19.555786
2004-07-08,31.5,-25.0,20.940063
2004-07-09,31.5,-25.0,21.387115
2004-07-10,31.5,-25.0,24.604706
2004-07-11,31.5,-25.0,22.424347
2004-07-12,31.5,-25.0,24.314514
2004-07-13,31.5,-25.0,22.008667
2004-07-14,31.5,-25.0,18.08722
2004-07-15,31.5,-25.0,19.481293
2004-07-16,31.5,-25.0,21.54007
2004-07-17,31.5,-25.0,23.761566
2004-07-18,31.5,-25.0,22.76944
2004-07-19,31.5,-25.0,21.6185
2004-07-20,31.5,-25.0,22.99884
2004-07-21,31.5,-25.0,25.485077
2004-07-22,31.5,-25.0,26.551697
2004-07-23,31.5,-25.0,28.022247
2004-07-24,31.5,-25.0,31.03003
2004-07-25,31.5,-25.0,25.034088
2004-07-26,31.5,-25.0,25.66153
2004-07-27,31.5,-25.0,15.448059
2004-07-28,31.5,-25.0,15.222565
2004-07-29,31.5,-25.0,21.634186
2004-07-30,31.5,-25.0,24.575287
2004-07-31,31.5,-25.0,20.463623
2004-08-01,31.5,-25.0,17.551605
2004-08-02,31.5,-25.0,19.56314
2004-08-03,31.5,-25.0,23.70819
2004-08-04,31.5,-25.0,27.28601
2004-08-05,31.5,-25.0,27.266632
2004-08-06,31.5,-25.0,27.605438
2004-08-07,31.5,-25.0,28.15915
2004-08-08,31.5,-25.0,30.35849
2004-08-09,31.5,-25.0,28.01007
2004-08-10,31.5,-25.0,28.834808
2004-08-11,31.5,-25.0,20.51181
2004-08-12,31.5,-25.0,22.653076
2004-08-13,31.5,-25.0,28.949036
2004-08-14,31.5,-25.0,29.433044
2004-08-15,31.5,-25.0,30.59082
2004-08-16,31.5,-25.0,26.453491
2004-08-17,31.5,-25.0,21.820557
2004-08-18,31.5,-25.0,21.152649
2004-08-19,31.5,-25.0,25.46225
2004-08-20,31.5,-25.0,26.707123
2004-08-21,31.5,-25.0,26.542572
2004-08-22,31.5,-25.0,30.205536
2004-08-23,31.5,-25.0,30.333313
2004-08-24,31.5,-25.0,32.08542
2004-08-25,31.5,-25.0,27.969421
2004-08-26,31.5,-25.0,25.384796
2004-08-27,31.5,-25.0,22.943481
2004-08-28,31.5,-25.0,24.476807
2004-08-29,31.5,-25.0,25.384796
2004-08-30,31.5,-25.0,27.200806
2004-08-31,31.5,-25.0,29.692474
2004-09-01,31.5,-25.0,30.46466
2004-09-02,31.5,-25.0,32.319336
2004-09-03,31.5,-25.0,24.56488
2004-09-04,31.5,-25.0,23.688751
2004-09-05,31.5,-25.0,27.659851
2004-09-06,31.5,-25.0,21.026184
2004-09-07,31.5,-25.0,21.845428
2004-09-08,31.5,-25.0,25.979614
2004-09-09,31.5,-25.0,19.48819
2004-09-10,31.5,-25.0,15.439331
2004-09-11,31.5,-25.0,27.346924
2004-09-12,31.5,-25.0,32.467255
2004-09-13,31.5,-25.0,24.94986
2004-09-14,31.5,-25.0,29.698486
2004-09-15,31.5,-25.0,31.115112
2004-09-16,31.5,-25.0,31.439423
2004-09-17,31.5,-25.0,35.368774
2004-09-18,31.5,-25.0,34.340942
2004-09-19,31.5,-25.0,25.211578
2004-09-20,31.5,-25.0,23.203278
2004-09-21,31.5,-25.0,24.339233
2004-09-22,31.5,-25.0,27.675018
2004-09-23,31.5,-25.0,31.985565
2004-09-24,31.5,-25.0,32.545013
2004-09-25,31.5,-25.0,31.754211
2004-09-26,31.5,-25.0,31.264954
2004-09-27,31.5,-25.0,24.236816
2004-09-28,31.5,-25.0,25.24759
2004-09-29,31.5,-25.0,25.814636
2004-09-30,31.5,-25.0,26.446136
2004-10-01,31.5,-25.0,30.069763
2004-10-02,31.5,-25.0,26.365143
2004-10-03,31.5,-25.0,31.618927
2004-10-04,31.5,-25.0,35.25305
2004-10-05,31.5,-25.0,35.838165
2004-10-06,31.5,-25.0,36.770477
2004-10-07,31.5,-25.0,40.482147
2004-10-08,31.5,-25.0,26.788116
2004-10-09,31.5,-25.0,28.360199
2004-10-10,31.5,-25.0,23.962982
2004-10-11,31.5,-25.0,25.388763
2004-10-12,31.5,-25.0,23.448334
2004-10-13,31.5,-25.0,23.150482
2004-10-14,31.5,-25.0,27.792725
2004-10-15,31.5,-25.0,30.498016
2004-10-16,31.5,-25.0,31.57312
2004-10-17,31.5,-25.0,36.952026
2004-10-18,31.5,-25.0,27.20581
2004-10-19,31.5,-25.0,26.382782
2004-10-20,31.5,-25.0,27.350342
2004-10-21,31.5,-25.0,31.5784
2004-10-22,31.5,-25.0,25.93335
2004-10-23,31.5,-25.0,25.28479
2004-10-24,31.5,-25.0,26.1008
2004-10-25,31.5,-25.0,26.352814
2004-10-26,31.5,-25.0,34.685547
2004-10-27,31.5,-25.0,19.579834
2004-10-28,31.5,-25.0,28.809631
2004-10-29,31.5,-25.0,33.36725
2004-10-30,31.5,-25.0,25.949219
2004-10-31,31.5,-25.0,25.714813
2004-11-01,31.5,-25.0,30.570618
2004-11-02,31.5,-25.0,30.960602
2004-11-03,31.5,-25.0,31.042542
2004-11-04,31.5,-25.0,31.186707
2004-11-05,31.5,-25.0,34.65561
2004-11-06,31.5,-25.0,31.398102
2004-11-07,31.5,-25.0,34.398346
2004-11-08,31.5,-25.0,35.227478
2004-11-09,31.5,-25.0,36.007416
2004-11-10,31.5,-25.0,32.22885
2004-11-11,31.5,-25.0,25.340271
2004-11-12,31.5,-25.0,31.514435
2004-11-13,31.5,-25.0,34.927612
2004-11-14,31.5,-25.0,35.422455
2004-11-15,31.5,-25.0,30.818054
2004-11-16,31.5,-25.0,30.68039
2004-11-17,31.5,-25.0,30.655823
2004-11-18,31.5,-25.0,34.073914
2004-11-19,31.5,-25.0,35.630554
2004-11-20,31.5,-25.0,37.719757
2004-11-21,31.5,-25.0,38.68979
2004-11-22,31.5,-25.0,28.32904
2004-11-23,31.5,-25.0,24.825745
2004-11-24,31.5,-25.0,25.923584
2004-11-25,31.5,-25.0,32.454987
2004-11-26,31.5,-25.0,32.22232
2004-11-27,31.5,-25.0,32.173157
2004-11-28,31.5,-25.0,34.191895
2004-11-29,31.5,-25.0,34.149292
2004-11-30,31.5,-25.0,35.85013
2004-12-01,31.5,-25.0,33.631805
2004-12-02,31.5,-25.0,36.090363
2004-12-03,31.5,-25.0,29.477722
2004-12-04,31.5,-25.0,31.646576
2004-12-05,31.5,-25.0,33.35318
2004-12-06,31.5,-25.0,34.57373
2004-12-07,31.5,-25.0,34.817535
2004-12-08,31.5,-25.0,23.553741
2004-12-09,31.5,-25.0,19.292023
2004-12-10,31.5,-25.0,26.990662
2004-12-11,31.5,-25.0,27.953186
2004-12-12,31.5,-25.0,27.389618
2004-12-13,31.5,-25.0,31.19223
2004-12-14,31.5,-25.0,31.364777
2004-12-15,31.5,-25.0,28.279327
2004-12-16,31.5,-25.0,26.020233
2004-12-17,31.5,-25.0,30.136292
2004-12-18,31.5,-25.0,32.863983
2004-12-19,31.5,-25.0,25.94107
2004-12-20,31.5,-25.0,29.506226
2004-12-21,31.5,-25.0,31.681396
2004-12-22,31.5,-25.0,33.467163
2004-12-23,31.5,-25.0,34.993256
2004-12-24,31.5,-25.0,28.899902
2004-12-25,31.5,-25.0,33.055542
2004-12-26,31.5,-25.0,36.19641
2004-12-27,31.5,-25.0,35.892456
2004-12-28,31.5,-25.0,33.285095
2004-12-29,31.5,-25.0,33.305664
2004-12-30,31.5,-25.0,34.86029
2004-12-31,31.5,-25.0,35.938385
2005-01-01,31.5,-25.0,32.543
2005-01-02,31.5,-25.0,33.995728
2005-01-03,31.5,-25.0,34.276093
2005-01-04,31.5,-25.0,35.262085
2005-01-05,31.5,-25.0,33.275726
2005-01-06,31.5,-25.0,34.104065
2005-01-07,31.5,-25.0,35.540863
2005-01-08,31.5,-25.0,33.581573
2005-01-09,31.5,-25.0,29.342865
2005-01-10,31.5,-25.0,28.280396
2005-01-11,31.5,-25.0,34.19803
2005-01-12,31.5,-25.0,32.39328
2005-01-13,31.5,-25.0,27.96341
2005-01-14,31.5,-25.0,34.142273
2005-01-15,31.5,-25.0,35.375183
2005-01-16,31.5,-25.0,26.24466
2005-01-17,31.5,-25.0,26.840393
2005-01-18,31.5,-25.0,28.954193
2005-01-19,31.5,-25.0,26.813324
2005-01-20,31.5,-25.0,29.535614
2005-01-21,31.5,-25.0,32.844055
2005-01-22,31.5,-25.0,33.118042
2005-01-23,31.5,-25.0,30.89914
2005-01-24,31.5,-25.0,27.262512
2005-01-25,31.5,-25.0,31.045685
2005-01-26,31.5,-25.0,24.022552
2005-01-27,31.5,-25.0,29.397003
2005-01-28,31.5,-25.0,33.533783
2005-01-29,31.5,-25.0,32.060364
2005-01-30,31.5,-25.0,29.572235
2005-01-31,31.5,-25.0,31.1763
2005-02-01,31.5,-25.0,30.724335
2005-02-02,31.5,-25.0,31.555817
2005-02-03,31.5,-25.0,32.60785
2005-02-04,31.5,-25.0,35.641388
2005-02-05,31.5,-25.0,27.32486
2005-02-06,31.5,-25.0,29.370087
2005-02-07,31.5,-25.0,30.611603
2005-02-08,31.5,-25.0,34.162994
2005-02-09,31.5,-25.0,30.802734
2005-02-10,31.5,-25.0,35.600525
2005-02-11,31.5,-25.0,38.79254
2005-02-12,31.5,-25.0,26.702484
2005-02-13,31.5,-25.0,31.384277
2005-02-14,31.5,-25.0,33.217163
2005-02-15,31.5,-25.0,32.119385
2005-02-16,31.5,-25.0,31.531311
2005-02-17,31.5,-25.0,32.418335
2005-02-18,31.5,-25.0,33.877106
2005-02-19,31.5,-25.0,33.31189
2005-02-20,31.5,-25.0,34.502777
2005-02-21,31.5,-25.0,29.420746
2005-02-22,31.5,-25.0,31.843323
2005-02-23,31.5,-25.0,33.05542
2005-02-24,31.5,-25.0,33.75296
2005-02-25,31.5,-25.0,35.587463
2005-02-26,31.5,-25.0,32.08835
2005-02-27,31.5,-25.0,31.665253
2005-02-28,31.5,-25.0,32.76956
2005-03-01,31.5,-25.0,33.539703
2005-03-02,31.5,-25.0,33.289062
2005-03-03,31.5,-25.0,28.173157
2005-03-04,31.5,-25.0,29.049469
2005-03-05,31.5,-25.0,30.682922
2005-03-06,31.5,-25.0,32.810608
2005-03-07,31.5,-25.0,35.79532
2005-03-08,31.5,-25.0,35.72171
2005-03-09,31.5,-25.0,28.697205
2005-03-10,31.5,-25.0,36.852142
2005-03-11,31.5,-25.0,21.169678
2005-03-12,31.5,-25.0,25.887756
2005-03-13,31.5,-25.0,26.976135
2005-03-14,31.5,-25.0,28.485138
2005-03-15,31.5,-25.0,28.108307
2005-03-16,31.5,-25.0,27.670166
2005-03-17,31.5,-25.0,27.735016
2005-03-18,31.5,-25.0,28.225739
2005-03-19,31.5,-25.0,28.98639
2005-03-20,31.5,-25.0,29.009155
2005-03-21,31.5,-25.0,30.397247
2005-03-22,31.5,-25.0,28.08377
2005-03-23,31.5,-25.0,27.086548
2005-03-24,31.5,-25.0,27.945312
2005-03-25,31.5,-25.0,29.943298
2005-03-26,31.5,-25.0,31.750275
2005-03-27,31.5,-25.0,33.891968
2005-03-28,31.5,-25.0,32.02893
2005-03-29,31.5,-25.0,26.674683
2005-03-30,31.5,-25.0,31.78006
2005-03-31,31.5,-25.0,32.86844
2005-04-01,31.5,-25.0,33.442505
2005-04-02,31.5,-25.0,28.881348
2005-04-03,31.5,-25.0,22.268188
2005-04-04,31.5,-25.0,30.625427
2005-04-05,31.5,-25.0,28.831543
2005-04-06,31.5,-25.0,26.842255
2005-04-07,31.5,-25.0,25.430023
2005-04-08,31.5,-25.0,26.460632
2005-04-09,31.5,-25.0,26.608124
2005-04-10,31.5,-25.0,27.625824
2005-04-11,31.5,-25.0,30.822693
2005-04-12,31.5,-25.0,34.03247
2005-04-13,31.5,-25.0,28.614014
2005-04-14,31.5,-25.0,25.564606
2005-04-15,31.5,-25.0,26.578613
2005-04-16,31.5,-25.0,30.146057
2005-04-17,31.5,-25.0,31.027344
2005-04-18,31.5,-25.0,33.060883
2005-04-19,31.5,-25.0,32.601807
2005-04-20,31.5,-25.0,32.95578
2005-04-21,31.5,-25.0,22.18155
2005-04-22,31.5,-25.0,28.09964
2005-04-23,31.5,-25.0,30.466858
2005-04-24,31.5,-25.0,32.77881
2005-04-25,31.5,-25.0,25.667877
2005-04-26,31.5,-25.0,18.92566
2005-04-27,31.5,-25.0,23.542145
2005-04-28,31.5,-25.0,23.575317
2005-04-29,31.5,-25.0,25.476135
2005-04-30,31.5,-25.0,25.32309
2005-05-01,31.5,-25.0,26.71997
2005-05-02,31.5,-25.0,28.47345
2005-05-03,31.5,-25.0,24.769196
2005-05-04,31.5,-25.0,27.80783
2005-05-05,31.5,-25.0,30.013062
2005-05-06,31.5,-25.0,34.285217
2005-05-07,31.5,-25.0,26.900665
2005-05-08,31.5,-25.0,26.388092
2005-05-09,31.5,-25.0,27.595795
2005-05-10,31.5,-25.0,27.107178
2005-05-11,31.5,-25.0,27.87976
2005-05-12,31.5,-25.0,27.424316
2005-05-13,31.5,-25.0,29.50232
2005-05-14,31.5,-25.0,26.056183
2005-05-15,31.5,-25.0,27.453827
2005-05-16,31.5,-25.0,28.292755
2005-05-17,31.5,-25.0,29.845276
2005-05-18,31.5,-25.0,32.022827
2005-05-19,31.5,-25.0,28.318573
2005-05-20,31.5,-25.0,21.75821
2005-05-21,31.5,-25.0,23.67212
2005-05-22,31.5,-25.0,24.22342
2005-05-23,31.5,-25.0,26.445251
2005-05-24,31.5,-25.0,25.521484
2005-05-25,31.5,-25.0,23.561493
2005-05-26,31.5,-25.0,23.069183
2005-05-27,31.5,-25.0,27.682465
2005-05-28,31.5,-25.0,31.158081
2005-05-29,31.5,-25.0,27.577362
2005-05-30,31.5,-25.0,30.066528
2005-05-31,31.5,-25.0,25.851532
2005-06-01,31.5,-25.0,32.56482
2005-06-02,31.5,-25.0,30.042603
2005-06-03,31.5,-25.0,31.402771
2005-06-04,31.5,-25.0,29.711151
2005-06-05,31.5,-25.0,26.131683
2005-06-06,31.5,-25.0,24.558167
2005-06-07,31.5,-25.0,30.726501
2005-06-08,31.5,-25.0,32.050476
2005-06-09,31.5,-25.0,26.188843
2005-06-10,31.5,-25.0,18.492706
2005-06-11,31.5,-25.0,25.718292
2005-06-12,31.5,-25.0,26.160248
2005-06-13,31.5,-25.0,31.185608
2005-06-14,31.5,-25.0,27.994751
2005-06-15,31.5,-25.0,27.30896
2005-06-16,31.5,-25.0,24.98108
2005-06-17,31.5,-25.0,24.832489
2005-06-18,31.5,-25.0,25.230621
2005-06-19,31.5,-25.0,26.720337
2005-06-20,31.5,-25.0,24.44577
2005-06-21,31.5,-25.0,22.594147
2005-06-22,31.5,-25.0,21.588318
2005-06-23,31.5,-25.0,21.9693
2005-06-24,31.5,-25.0,23.931427
2005-06-25,31.5,-25.0,27.569946
2005-06-26,31.5,-25.0,28.90152
2005-06-27,31.5,-25.0,29.090118
2005-06-28,31.5,-25.0,19.87381
2005-06-29,31.5,-25.0,22.470306
2005-06-30,31.5,-25.0,27.790924
2005-07-01,31.5,-25.0,23.078674
2005-07-02,31.5,-25.0,24.111694
2005-07-03,31.5,-25.0,20.885956
2005-07-04,31.5,-25.0,20.618958
2005-07-05,31.5,-25.0,21.000977
2005-07-06,31.5,-25.0,21.229004
2005-07-07,31.5,-25.0,20.909363
2005-07-08,31.5,-25.0,19.35788
2005-07-09,31.5,-25.0,21.644165
2005-07-10,31.5,-25.0,22.52124
2005-07-11,31.5,-25.0,24.21695
2005-07-12,31.5,-25.0,23.390533
2005-07-13,31.5,-25.0,24.807526
2005-07-14,31.5,-25.0,25.585205
2005-07-15,31.5,-25.0,28.676453
2005-07-16,31.5,-25.0,24.004486
2005-07-17,31.5,-25.0,24.092194
2005-07-18,31.5,-25.0,25.021912
2005-07-19,31.5,-25.0,27.197083
2005-07-20,31.5,-25.0,30.537811
2005-07-21,31.5,-25.0,25.170044
2005-07-22,31.5,-25.0,27.4953
2005-07-23,31.5,-25.0,25.538422
2005-07-24,31.5,-25.0,28.731018
2005-07-25,31.5,-25.0,31.03482
2005-07-26,31.5,-25.0,28.495178
2005-07-27,31.5,-25.0,22.891571
2005-07-28,31.5,-25.0,21.597382
2005-07-29,31.5,-25.0,25.53064
2005-07-30,31.5,-25.0,27.85199
2005-07-31,31.5,-25.0,28.731018
2005-08-01,31.5,-25.0,25.172546
2005-08-02,31.5,-25.0,28.424683
2005-08-03,31.5,-25.0,26.803497
2005-08-04,31.5,-25.0,22.746643
2005-08-05,31.5,-25.0,28.590698
2005-08-06,31.5,-25.0,28.182495
2005-08-07,31.5,-25.0,29.614197
2005-08-08,31.5,-25.0,31.036163
2005-08-09,31.5,-25.0,29.200104
2005-08-10,31.5,-25.0,18.70932
2005-08-11,31.5,-25.0,27.032043
2005-08-12,31.5,-25.0,23.805298
2005-08-13,31.5,-25.0,29.11026
2005-08-14,31.5,-25.0,29.313416
2005-08-15,31.5,-25.0,31.272491
2005-08-16,31.5,-25.0,18.418274
2005-08-17,31.5,-25.0,24.447906
2005-08-18,31.5,-25.0,32.143646
2005-08-19,31.5,-25.0,25.000671
2005-08-20,31.5,-25.0,35.99539
2005-08-21,31.5,-25.0,22.43216
2005-08-22,31.5,-25.0,26.914825
2005-08-23,31.5,-25.0,31.817444
2005-08-24,31.5,-25.0,26.072998
2005-08-25,31.5,-25.0,32.061584
2005-08-26,31.5,-25.0,33.47769
2005-08-27,31.5,-25.0,27.063293
2005-08-28,31.5,-25.0,19.383179
2005-08-29,31.5,-25.0,27.907074
2005-08-30,31.5,-25.0,32.98352
2005-08-31,31.5,-25.0,33.467926
2005-09-01,31.5,-25.0,31.305328
2005-09-02,31.5,-25.0,29.19928
2005-09-03,31.5,-25.0,31.003662
2005-09-04,31.5,-25.0,33.58972
2005-09-05,31.5,-25.0,35.55536
2005-09-06,31.5,-25.0,24.378174
2005-09-07,31.5,-25.0,24.467346
2005-09-08,31.5,-25.0,30.396515
2005-09-09,31.5,-25.0,29.656555
2005-09-10,31.5,-25.0,30.93155
2005-09-11,31.5,-25.0,28.5466
2005-09-12,31.5,-25.0,31.037811
2005-09-13,31.5,-25.0,29.146149
2005-09-14,31.5,-25.0,24.307953
2005-09-15,31.5,-25.0,27.174835
2005-09-16,31.5,-25.0,27.131195
2005-09-17,31.5,-25.0,31.1763
2005-09-18,31.5,-25.0,31.601318
2005-09-19,31.5,-25.0,30.4003
2005-09-20,31.5,-25.0,33.566956
2005-09-21,31.5,-25.0,34.96338
2005-09-22,31.5,-25.0,28.22406
2005-09-23,31.5,-25.0,30.817719
2005-09-24,31.5,-25.0,34.85144
2005-09-25,31.5,-25.0,37.67279
2005-09-26,31.5,-25.0,33.56314
2005-09-27,31.5,-25.0,35.824768
2005-09-28,31.5,-25.0,22.36319
2005-09-29,31.5,-25.0,24.17514
2005-09-30,31.5,-25.0,27.804749
2005-10-01,31.5,-25.0,34.678375
2005-10-02,31.5,-25.0,37.86087
2005-10-03,31.5,-25.0,31.311768
2005-10-04,31.5,-25.0,37.03772
2005-10-05,31.5,-25.0,30.214233
2005-10-06,31.5,-25.0,19.459167
2005-10-07,31.5,-25.0,22.739136
2005-10-08,31.5,-25.0,28.567963
2005-10-09,31.5,-25.0,34.378723
2005-10-10,31.5,-25.0,29.465118
2005-10-11,31.5,-25.0,37.730896
2005-10-12,31.5,-25.0,40.08841
2005-10-13,31.5,-25.0,26.38733
2005-10-14,31.5,-25.0,24.955841
2005-10-15,31.5,-25.0,29.788239
2005-10-16,31.5,-25.0,31.687256
2005-10-17,31.5,-25.0,27.286285
2005-10-18,31.5,-25.0,29.956116
2005-10-19,31.5,-25.0,33.93106
2005-10-20,31.5,-25.0,33.25412
2005-10-21,31.5,-25.0,21.542328
2005-10-22,31.5,-25.0,25.86023
2005-10-23,31.5,-25.0,32.01758
2005-10-24,31.5,-25.0,35.857147
2005-10-25,31.5,-25.0,33.13318
2005-10-26,31.5,-25.0,19.901428
2005-10-27,31.5,-25.0,25.268127
2005-10-28,31.5,-25.0,34.275818
2005-10-29,31.5,-25.0,22.462952
2005-10-30,31.5,-25.0,29.952515
2005-10-31,31.5,-25.0,32.43457
2005-11-01,31.5,-25.0,34.69449
2005-11-02,31.5,-25.0,38.51773
2005-11-03,31.5,-25.0,39.12213
2005-11-04,31.5,-25.0,33.848022
2005-11-05,31.5,-25.0,33.412292
2005-11-06,31.5,-25.0,25.89389
2005-11-07,31.5,-25.0,31.987946
2005-11-08,31.5,-25.0,24.75534
2005-11-09,31.5,-25.0,26.51236
2005-11-10,31.5,-25.0,24.205597
2005-11-11,31.5,-25.0,25.526855
2005-11-12,31.5,-25.0,26.568573
2005-11-13,31.5,-25.0,27.535309
2005-11-14,31.5,-25.0,31.530334
2005-11-15,31.5,-25.0,29.845184
2005-11-16,31.5,-25.0,39.26425
2005-11-17,31.5,-25.0,25.05835
2005-11-18,31.5,-25.0,26.788788
2005-11-19,31.5,-25.0,31.375732
2005-11-20,31.5,-25.0,28.994019
2005-11-21,31.5,-25.0,32.948425
2005-11-22,31.5,-25.0,35.297333
2005-11-23,31.5,-25.0,26.22342
2005-11-24,31.5,-25.0,31.850494
2005-11-25,31.5,-25.0,32.676697
2005-11-26,31.5,-25.0,30.54953
2005-11-27,31.5,-25.0,23.304474
2005-11-28,31.5,-25.0,26.376465
2005-11-29,31.5,-25.0,28.367737
2005-11-30,31.5,-25.0,29.182983
2005-12-01,31.5,-25.0,24.41803
2005-12-02,31.5,-25.0,26.915588
2005-12-03,31.5,-25.0,27.34085
2005-12-04,31.5,-25.0,25.240753
2005-12-05,31.5,-25.0,30.299255
2005-12-06,31.5,-25.0,27.727478
2005-12-07,31.5,-25.0,26.610931
2005-12-08,31.5,-25.0,31.590576
2005-12-09,31.5,-25.0,20.270386
2005-12-10,31.5,-25.0,25.687683
2005-12-11,31.5,-25.0,28.998688
2005-12-12,31.5,-25.0,22.870026
2005-12-13,31.5,-25.0,24.210815
2005-12-14,31.5,-25.0,29.46109
2005-12-15,31.5,-25.0,32.218445
2005-12-16,31.5,-25.0,33.656647
2005-12-17,31.5,-25.0,36.591858
2005-12-18,31.5,-25.0,19.880676
2005-12-19,31.5,-25.0,30.446167
2005-12-20,31.5,-25.0,30.119873
2005-12-21,31.5,-25.0,22.727753
2005-12-22,31.5,-25.0,30.336395
2005-12-23,31.5,-25.0,35.329926
2005-12-24,31.5,-25.0,34.79486
2005-12-25,31.5,-25.0,21.829254
2005-12-26,31.5,-25.0,21.976166
2005-12-27,31.5,-25.0,30.525055
2005-12-28,31.5,-25.0,30.818878
2005-12-29,31.5,-25.0,19.693573
2005-12-30,31.5,-25.0,20.881256
2005-12-31,31.5,-25.0,25.939758
2006-01-01,31.5,-25.0,28.274872
2006-01-02,31.5,-25.0,29.236084
2006-01-03,31.5,-25.0,29.98529
2006-01-04,31.5,-25.0,28.5542
2006-01-05,31.5,-25.0,30.126617
2006-01-06,31.5,-25.0,29.691193
2006-01-07,31.5,-25.0,25.434021
2006-01-08,31.5,-25.0,30.166046
2006-01-09,31.5,-25.0,20.2518
2006-01-10,31.5,-25.0,21.12262
2006-01-11,31.5,-25.0,25.821777
2006-01-12,31.5,-25.0,26.95877
2006-01-13,31.5,-25.0,30.192322
2006-01-14,31.5,-25.0,30.110168
2006-01-15,31.5,-25.0,31.29483
2006-01-16,31.5,-25.0,28.506561
2006-01-17,31.5,-25.0,28.187805
2006-01-18,31.5,-25.0,29.365875
2006-01-19,31.5,-25.0,32.375946
2006-01-20,31.5,-25.0,23.87146
2006-01-21,31.5,-25.0,26.756683
2006-01-22,31.5,-25.0,31.197876
2006-01-23,31.5,-25.0,31.745026
2006-01-24,31.5,-25.0,25.42746
2006-01-25,31.5,-25.0,31.89618
2006-01-26,31.5,-25.0,32.339813
2006-01-27,31.5,-25.0,28.29953
2006-01-28,31.5,-25.0,32.34967
2006-01-29,31.5,-25.0,26.69754
2006-01-30,31.5,-25.0,26.681122
2006-01-31,31.5,-25.0,28.532837
2006-02-01,31.5,-25.0,28.271057
2006-02-02,31.5,-25.0,27.559967
2006-02-03,31.5,-25.0,30.046387
2006-02-04,31.5,-25.0,29.415924
2006-02-05,31.5,-25.0,33.18268
2006-02-06,31.5,-25.0,28.738678
2006-02-07,31.5,-25.0,27.672821
2006-02-08,31.5,-25.0,28.7677
2006-02-09,31.5,-25.0,28.248474
2006-02-10,31.5,-25.0,26.23288
2006-02-11,31.5,-25.0,26.015198
2006-02-12,31.5,-25.0,30.260864
2006-02-13,31.5,-25.0,33.614807
2006-02-14,31.5,-25.0,28.206543
2006-02-15,31.5,-25.0,29.991577
2006-02-16,31.5,-25.0,28.872498
2006-02-17,31.5,-25.0,30.064148
2006-02-18,31.5,-25.0,30.651062
2006-02-19,31.5,-25.0,33.142365
2006-02-20,31.5,-25.0,34.70645
2006-02-21,31.5,-25.0,31.555664
2006-02-22,31.5,-25.0,29.11438
2006-02-23,31.5,-25.0,30.13507
2006-02-24,31.5,-25.0,31.46698
2006-02-25,31.5,-25.0,30.980011
2006-02-26,31.5,-25.0,27.493835
2006-02-27,31.5,-25.0,24.222137
2006-02-28,31.5,-25.0,29.731964
2006-03-01,31.5,-25.0,26.205536
2006-03-02,31.5,-25.0,30.216064
2006-03-03,31.5,-25.0,23.114777
2006-03-04,31.5,-25.0,19.13974
2006-03-05,31.5,-25.0,19.91919
2006-03-06,31.5,-25.0,21.024963
2006-03-07,31.5,-25.0,25.640808
2006-03-08,31.5,-25.0,28.161774
2006-03-09,31.5,-25.0,26.751648
2006-03-10,31.5,-25.0,27.874329
2006-03-11,31.5,-25.0,28.834686
2006-03-12,31.5,-25.0,31.959259
2006-03-13,31.5,-25.0,22.609222
2006-03-14,31.5,-25.0,25.199524
2006-03-15,31.5,-25.0,29.717285
2006-03-16,31.5,-25.0,32.49524
2006-03-17,31.5,-25.0,25.4971
2006-03-18,31.5,-25.0,28.111023
2006-03-19,31.5,-25.0,30.533936
2006-03-20,31.5,-25.0,31.277863
2006-03-21,31.5,-25.0,26.995117
2006-03-22,31.5,-25.0,29.553284
2006-03-23,31.5,-25.0,24.005829
2006-03-24,31.5,-25.0,24.242523
2006-03-25,31.5,-25.0,25.801422
2006-03-26,31.5,-25.0,27.826996
2006-03-27,31.5,-25.0,31.027649
2006-03-28,31.5,-25.0,19.34433
2006-03-29,31.5,-25.0,20.866028
2006-03-30,31.5,-25.0,23.674438
2006-03-31,31.5,-25.0,26.249481
2006-04-01,31.5,-25.0,27.293182
2006-04-02,31.5,-25.0,28.53894
2006-04-03,31.5,-25.0,24.702301
2006-04-04,31.5,-25.0,27.79007
2006-04-05,31.5,-25.0,28.558441
2006-04-06,31.5,-25.0,27.591309
2006-04-07,31.5,-25.0,28.205322
2006-04-08,31.5,-25.0,27.907196
2006-04-09,31.5,-25.0,22.689941
2006-04-10,31.5,-25.0,25.286133
2006-04-11,31.5,-25.0,26.104218
2006-04-12,31.5,-25.0,28.380981
2006-04-13,31.5,-25.0,27.825562
2006-04-14,31.5,-25.0,32.084534
2006-04-15,31.5,-25.0,24.68988
2006-04-16,31.5,-25.0,25.804321
2006-04-17,31.5,-25.0,28.970154
2006-04-18,31.5,-25.0,21.087494
2006-04-19,31.5,-25.0,24.5
2006-04-20,31.5,-25.0,26.443146
2006-04-21,31.5,-25.0,26.006622
2006-04-22,31.5,-25.0,28.863678
2006-04-23,31.5,-25.0,29.156494
2006-04-24,31.5,-25.0,21.321747
2006-04-25,31.5,-25.0,22.162872
2006-04-26,31.5,-25.0,23.621582
2006-04-27,31.5,-25.0,23.900177
2006-04-28,31.5,-25.0,23.800812
2006-04-29,31.5,-25.0,27.458221
2006-04-30,31.5,-25.0,26.010162
2006-05-01,31.5,-25.0,19.70163
2006-05-02,31.5,-25.0,19.268494
2006-05-03,31.5,-25.0,26.951813
2006-05-04,31.5,-25.0,26.093079
2006-05-05,31.5,-25.0,25.175995
2006-05-06,31.5,-25.0,29.780334
2006-05-07,31.5,-25.0,18.377747
2006-05-08,31.5,-25.0,21.027374
2006-05-09,31.5,-25.0,21.628113
2006-05-10,31.5,-25.0,23.258911
2006-05-11,31.5,-25.0,23.771149
2006-05-12,31.5,-25.0,24.983917
2006-05-13,31.5,-25.0,26.435822
2006-05-14,31.5,-25.0,27.20227
2006-05-15,31.5,-25.0,27.757812
2006-05-16,31.5,-25.0,25.933014
2006-05-17,31.5,-25.0,29.025177
2006-05-18,31.5,-25.0,30.053406
2006-05-19,31.5,-25.0,27.993195
2006-05-20,31.5,-25.0,25.128906
2006-05-21,31.5,-25.0,21.464264
2006-05-22,31.5,-25.0,21.34375
2006-05-23,31.5,-25.0,23.193024
2006-05-24,31.5,-25.0,20.155457
2006-05-25,31.5,-25.0,20.424744
2006-05-26,31.5,-25.0,24.804993
2006-05-27,31.5,-25.0,26.782318
2006-05-28,31.5,-25.0,24.185455
2006-05-29,31.5,-25.0,22.253326
2006-05-30,31.5,-25.0,24.663757
2006-05-31,31.5,-25.0,23.744781
2006-06-01,31.5,-25.0,24.467072
2006-06-02,31.5,-25.0,26.24939
2006-06-03,31.5,-25.0,20.48468
2006-06-04,31.5,-25.0,20.18039
2006-06-05,31.5,-25.0,20.92508
2006-06-06,31.5,-25.0,22.47116
2006-06-07,31.5,-25.0,21.575256
2006-06-08,31.5,-25.0,20.804108
2006-06-09,31.5,-25.0,23.62976
2006-06-10,31.5,-25.0,25.368622
2006-06-11,31.5,-25.0,27.689636
2006-06-12,31.5,-25.0,28.83313
2006-06-13,31.5,-25.0,31.184387
2006-06-14,31.5,-25.0,26.298553
2006-06-15,31.5,-25.0,22.15741
2006-06-16,31.5,-25.0,21.934357
2006-06-17,31.5,-25.0,22.665833
2006-06-18,31.5,-25.0,22.040222
2006-06-19,31.5,-25.0,22.981476
2006-06-20,31.5,-25.0,21.00824
2006-06-21,31.5,-25.0,23.624084
2006-06-22,31.5,-25.0,25.387543
2006-06-23,31.5,-25.0,19.95169
2006-06-24,31.5,-25.0,21.3768
2006-06-25,31.5,-25.0,23.559845
2006-06-26,31.5,-25.0,17.79889
2006-06-27,31.5,-25.0,18.31488
2006-06-28,31.5,-25.0,19.180542
2006-06-29,31.5,-25.0,20.359924
2006-06-30,31.5,-25.0,18.929169
2006-07-01,31.5,-25.0,20.713135
2006-07-02,31.5,-25.0,24.01236
2006-07-03,31.5,-25.0,24.885101
2006-07-04,31.5,-25.0,23.139618
2006-07-05,31.5,-25.0,24.377838
2006-07-06,31.5,-25.0,26.778381
2006-07-07,31.5,-25.0,23.786682
2006-07-08,31.5,-25.0,21.30429
2006-07-09,31.5,-25.0,23.76474
2006-07-10,31.5,-25.0,24.77127
2006-07-11,31.5,-25.0,23.840607
2006-07-12,31.5,-25.0,24.733337
2006-07-13,31.5,-25.0,24.032349
2006-07-14,31.5,-25.0,24.182129
2006-07-15,31.5,-25.0,25.392365
2006-07-16,31.5,-25.0,24.485687
2006-07-17,31.5,-25.0,25.032898
2006-07-18,31.5,-25.0,28.18634
2006-07-19,31.5,-25.0,23.576996
2006-07-20,31.5,-25.0,25.366425
2006-07-21,31.5,-25.0,28.721588
2006-07-22,31.5,-25.0,28.615723
2006-07-23,31.5,-25.0,27.615173
2006-07-24,31.5,-25.0,28.188354
2006-07-25,31.5,-25.0,28.953247
2006-07-26,31.5,-25.0,27.065948
2006-07-27,31.5,-25.0,27.227722
2006-07-28,31.5,-25.0,23.47116
2006-07-29,31.5,-25.0,22.941925
2006-07-30,31.5,-25.0,24.33191
2006-07-31,31.5,-25.0,26.812317
2006-08-01,31.5,-25.0,25.874756
2006-08-02,31.5,-25.0,20.249176
2006-08-03,31.5,-25.0,24.782288
2006-08-04,31.5,-25.0,21.43924
2006-08-05,31.5,-25.0,20.630219
2006-08-06,31.5,-25.0,22.651825
2006-08-07,31.5,-25.0,27.481537
2006-08-08,31.5,-25.0,29.24411
2006-08-09,31.5,-25.0,23.038483
2006-08-10,31.5,-25.0,22.773834
2006-08-11,31.5,-25.0,26.14505
2006-08-12,31.5,-25.0,30.751404
2006-08-13,31.5,-25.0,23.104187
2006-08-14,31.5,-25.0,28.29242
2006-08-15,31.5,-25.0,28.925018
2006-08-16,31.5,-25.0,18.63675
2006-08-17,31.5,-25.0,23.274994
2006-08-18,31.5,-25.0,24.669678
2006-08-19,31.5,-25.0,28.451965
2006-08-20,31.5,-25.0,23.746155
2006-08-21,31.5,-25.0,23.33133
2006-08-22,31.5,-25.0,23.71988
2006-08-23,31.5,-25.0,23.733002
2006-08-24,31.5,-25.0,24.643402
2006-08-25,31.5,-25.0,24.440674
2006-08-26,31.5,-25.0,21.775238
2006-08-27,31.5,-25.0,22.449097
2006-08-28,31.5,-25.0,24.617126
2006-08-29,31.5,-25.0,30.387238
2006-08-30,31.5,-25.0,20.470642
2006-08-31,31.5,-25.0,20.241638
2006-09-01,31.5,-25.0,21.862946
2006-09-02,31.5,-25.0,27.239319
2006-09-03,31.5,-25.0,25.06543
2006-09-04,31.5,-25.0,20.352112
2006-09-05,31.5,-25.0,26.01239
2006-09-06,31.5,-25.0,30.941528
2006-09-07,31.5,-25.0,23.865723
2006-09-08,31.5,-25.0,23.801544
2006-09-09,31.5,-25.0,25.742096
2006-09-10,31.5,-25.0,29.191528
2006-09-11,31.5,-25.0,28.890137
2006-09-12,31.5,-25.0,30.855957
2006-09-13,31.5,-25.0,26.873749
2006-09-14,31.5,-25.0,28.08905
2006-09-15,31.5,-25.0,30.418488
2006-09-16,31.5,-25.0,34.72345
2006-09-17,31.5,-25.0,33.451782
2006-09-18,31.5,-25.0,21.285461
2006-09-19,31.5,-25.0,25.97348
2006-09-20,31.5,-25.0,21.155182
2006-09-21,31.5,-25.0,21.137665
2006-09-22,31.5,-25.0,25.13153
2006-09-23,31.5,-25.0,30.159851
2006-09-24,31.5,-25.0,26.10376
2006-09-25,31.5,-25.0,31.548187
2006-09-26,31.5,-25.0,25.639038
2006-09-27,31.5,-25.0,25.720703
2006-09-28,31.5,-25.0,30.432098
2006-09-29,31.5,-25.0,31.703735
2006-09-30,31.5,-25.0,32.969574
2006-10-01,31.5,-25.0,36.499634
2006-10-02,31.5,-25.0,29.913116
2006-10-03,31.5,-25.0,21.261353
2006-10-04,31.5,-25.0,25.090698
2006-10-05,31.5,-25.0,26.496826
2006-10-06,31.5,-25.0,26.55188
2006-10-07,31.5,-25.0,28.155914
2006-10-08,31.5,-25.0,29.071533
2006-10-09,31.5,-25.0,25.920258
2006-10-10,31.5,-25.0,20.724365
2006-10-11,31.5,-25.0,24.355804
2006-10-12,31.5,-25.0,27.042389
2006-10-13,31.5,-25.0,28.69461
2006-10-14,31.5,-25.0,29.486298
2006-10-15,31.5,-25.0,31.596313
2006-10-16,31.5,-25.0,33.8096
2006-10-17,31.5,-25.0,34.36551
2006-10-18,31.5,-25.0,24.798126
2006-10-19,31.5,-25.0,26.095795
2006-10-20,31.5,-25.0,33.80789
2006-10-21,31.5,-25.0,35.859406
2006-10-22,31.5,-25.0,28.575867
2006-10-23,31.5,-25.0,31.228027
2006-10-24,31.5,-25.0,35.585754
2006-10-25,31.5,-25.0,28.754852
2006-10-26,31.5,-25.0,34.759644
2006-10-27,31.5,-25.0,22.113281
2006-10-28,31.5,-25.0,27.374573
2006-10-29,31.5,-25.0,34.85257
2006-10-30,31.5,-25.0,36.53061
2006-10-31,31.5,-25.0,36.29138
2006-11-01,31.5,-25.0,28.79364
2006-11-02,31.5,-25.0,36.32321
2006-11-03,31.5,-25.0,37.953583
2006-11-04,31.5,-25.0,30.858368
2006-11-05,31.5,-25.0,31.428833
2006-11-06,31.5,-25.0,21.816742
2006-11-07,31.5,-25.0,24.652863
2006-11-08,31.5,-25.0,26.5766
2006-11-09,31.5,-25.0,32.9328
2006-11-10,31.5,-25.0,34.27307
2006-11-11,31.5,-25.0,34.81601
2006-11-12,31.5,-25.0,23.144043
2006-11-13,31.5,-25.0,23.826355
2006-11-14,31.5,-25.0,30.365692
2006-11-15,31.5,-25.0,30.725464
2006-11-16,31.5,-25.0,29.086975
2006-11-17,31.5,-25.0,28.80014
2006-11-18,31.5,-25.0,22.886353
2006-11-19,31.5,-25.0,19.94812
2006-11-20,31.5,-25.0,25.145538
2006-11-21,31.5,-25.0,31.239227
2006-11-22,31.5,-25.0,24.754974
2006-11-23,31.5,-25.0,25.857025
2006-11-24,31.5,-25.0,31.268402
2006-11-25,31.5,-25.0,23.44223
2006-11-26,31.5,-25.0,24.239594
2006-11-27,31.5,-25.0,31.072296
2006-11-28,31.5,-25.0,26.620361
2006-11-29,31.5,-25.0,29.159912
2006-11-30,31.5,-25.0,32.548706
2006-12-01,31.5,-25.0,32.610687
2006-12-02,31.5,-25.0,31.924286
2006-12-03,31.5,-25.0,36.434357
2006-12-04,31.5,-25.0,39.741608
2006-12-05,31.5,-25.0,27.439178
2006-12-06,31.5,-25.0,29.437592
2006-12-07,31.5,-25.0,34.527985
2006-12-08,31.5,-25.0,35.509247
2006-12-09,31.5,-25.0,34.32361
2006-12-10,31.5,-25.0,33.88681
2006-12-11,31.5,-25.0,20.462677
2006-12-12,31.5,-25.0,26.861969
2006-12-13,31.5,-25.0,30.459412
2006-12-14,31.5,-25.0,34.669952
2006-12-15,31.5,-25.0,35.71518
2006-12-16,31.5,-25.0,33.871216
2006-12-17,31.5,-25.0,34.900818
2006-12-18,31.5,-25.0,36.634033
2006-12-19,31.5,-25.0,30.978882
2006-12-20,31.5,-25.0,32.52957
2006-12-21,31.5,-25.0,31.54364
2006-12-22,31.5,-25.0,31.387634
2006-12-23,31.5,-25.0,32.49057
2006-12-24,31.5,-25.0,31.214447
2006-12-25,31.5,-25.0,30.445374
2006-12-26,31.5,-25.0,34.2612
2006-12-27,31.5,-25.0,35.011597
2006-12-28,31.5,-25.0,32.37982
2006-12-29,31.5,-25.0,34.889893
2006-12-30,31.5,-25.0,34.15982
2006-12-31,31.5,-25.0,28.587372
2007-01-01,31.5,-25.0,19.89804
2007-01-02,31.5,-25.0,24.283264
2007-01-03,31.5,-25.0,27.798828
2007-01-04,31.5,-25.0,30.387115
2007-01-05,31.5,-25.0,30.861938
2007-01-06,31.5,-25.0,32.326355
2007-01-07,31.5,-25.0,33.86432
2007-01-08,31.5,-25.0,24.815643
2007-01-09,31.5,-25.0,27.634155
2007-01-10,31.5,-25.0,29.62613
2007-01-11,31.5,-25.0,29.94748
2007-01-12,31.5,-25.0,32.559753
2007-01-13,31.5,-25.0,32.22403
2007-01-14,31.5,-25.0,33.888275
2007-01-15,31.5,-25.0,37.00415
2007-01-16,31.5,-25.0,39.555695
2007-01-17,31.5,-25.0,27.800415
2007-01-18,31.5,-25.0,33.03299
2007-01-19,31.5,-25.0,32.172882
2007-01-20,31.5,-25.0,29.264832
2007-01-21,31.5,-25.0,28.403137
2007-01-22,31.5,-25.0,33.30316
2007-01-23,31.5,-25.0,33.827545
2007-01-24,31.5,-25.0,33.440643
2007-01-25,31.5,-25.0,32.18567
2007-01-26,31.5,-25.0,33.8515
2007-01-27,31.5,-25.0,36.38867
2007-01-28,31.5,-25.0,32.812347
2007-01-29,31.5,-25.0,33.162476
2007-01-30,31.5,-25.0,34.281555
2007-01-31,31.5,-25.0,28.532623
2007-02-01,31.5,-25.0,35.165314
2007-02-02,31.5,-25.0,31.401215
2007-02-03,31.5,-25.0,32.8479
2007-02-04,31.5,-25.0,36.634033
2007-02-05,31.5,-25.0,32.76828
2007-02-06,31.5,-25.0,35.1958
2007-02-07,31.5,-25.0,24.316803
2007-02-08,31.5,-25.0,30.408508
2007-02-09,31.5,-25.0,30.798126
2007-02-10,31.5,-25.0,31.387665
2007-02-11,31.5,-25.0,31.277527
2007-02-12,31.5,-25.0,27.222046
2007-02-13,31.5,-25.0,26.525818
2007-02-14,31.5,-25.0,27.005219
2007-02-15,31.5,-25.0,29.066833
2007-02-16,31.5,-25.0,32.531128
2007-02-17,31.5,-25.0,27.93692
2007-02-18,31.5,-25.0,31.135254
2007-02-19,31.5,-25.0,31.101349
2007-02-20,31.5,-25.0,33.51535
2007-02-21,31.5,-25.0,34.550385
2007-02-22,31.5,-25.0,33.88803
2007-02-23,31.5,-25.0,29.368378
2007-02-24,31.5,-25.0,31.030212
2007-02-25,31.5,-25.0,26.742645
2007-02-26,31.5,-25.0,28.35196
2007-02-27,31.5,-25.0,29.331116
2007-02-28,31.5,-25.0,30.650757
2007-03-01,31.5,-25.0,31.292725
2007-03-02,31.5,-25.0,31.229004
2007-03-03,31.5,-25.0,33.12326
2007-03-04,31.5,-25.0,34.921112
2007-03-05,31.5,-25.0,33.248993
2007-03-06,31.5,-25.0,31.437378
2007-03-07,31.5,-25.0,29.119476
2007-03-08,31.5,-25.0,28.945557
2007-03-09,31.5,-25.0,28.738922
2007-03-10,31.5,-25.0,28.511597
2007-03-11,31.5,-25.0,31.652649
2007-03-12,31.5,-25.0,33.827606
2007-03-13,31.5,-25.0,34.583588
2007-03-14,31.5,-25.0,31.576874
2007-03-15,31.5,-25.0,32.685883
2007-03-16,31.5,-25.0,34.6008
2007-03-17,31.5,-25.0,34.390717
2007-03-18,31.5,-25.0,24.538818
2007-03-19,31.5,-25.0,23.738037
2007-03-20,31.5,-25.0,31.623352
2007-03-21,31.5,-25.0,34.57498
2007-03-22,31.5,-25.0,36.433075
2007-03-23,31.5,-25.0,37.94159
2007-03-24,31.5,-25.0,32.21057
2007-03-25,31.5,-25.0,30.62973
2007-03-26,31.5,-25.0,34.871155
2007-03-27,31.5,-25.0,29.796265
2007-03-28,31.5,-25.0,23.867188
2007-03-29,31.5,-25.0,24.278778
2007-03-30,31.5,-25.0,21.318542
2007-03-31,31.5,-25.0,24.4906
2007-04-01,31.5,-25.0,26.397339
2007-04-02,31.5,-25.0,27.302887
2007-04-03,31.5,-25.0,25.715515
2007-04-04,31.5,-25.0,24.67752
2007-04-05,31.5,-25.0,26.60315
2007-04-06,31.5,-25.0,29.421783
2007-04-07,31.5,-25.0,27.42102
2007-04-08,31.5,-25.0,22.43335
2007-04-09,31.5,-25.0,23.993896
2007-04-10,31.5,-25.0,26.25238
2007-04-11,31.5,-25.0,31.220367
2007-04-12,31.5,-25.0,28.770386
2007-04-13,31.5,-25.0,21.334534
2007-04-14,31.5,-25.0,27.56955
2007-04-15,31.5,-25.0,30.31839
2007-04-16,31.5,-25.0,28.824066
2007-04-17,31.5,-25.0,29.878143
2007-04-18,31.5,-25.0,27.870209
2007-04-19,31.5,-25.0,27.635773
2007-04-20,31.5,-25.0,27.811157
2007-04-21,31.5,-25.0,29.466553
2007-04-22,31.5,-25.0,30.109009
2007-04-23,31.5,-25.0,25.43097
2007-04-24,31.5,-25.0,25.677917
2007-04-25,31.5,-25.0,27.943573
2007-04-26,31.5,-25.0,31.932617
2007-04-27,31.5,-25.0,34.772736
2007-04-28,31.5,-25.0,25.039032
2007-04-29,31.5,-25.0,22.014587
2007-04-30,31.5,-25.0,25.930267
2007-05-01,31.5,-25.0,25.119965
2007-05-02,31.5,-25.0,26.23346
2007-05-03,31.5,-25.0,27.364655
2007-05-04,31.5,-25.0,26.29718
2007-05-05,31.5,-25.0,26.759216
2007-05-06,31.5,-25.0,26.104218
2007-05-07,31.5,-25.0,27.343384
2007-05-08,31.5,-25.0,27.173462
2007-05-09,31.5,-25.0,27.660278
2007-05-10,31.5,-25.0,31.503479
2007-05-11,31.5,-25.0,25.001343
2007-05-12,31.5,-25.0,29.821747
2007-05-13,31.5,-25.0,31.661041
2007-05-14,31.5,-25.0,31.744232
2007-05-15,31.5,-25.0,34.49521
2007-05-16,31.5,-25.0,23.797577
2007-05-17,31.5,-25.0,30.448425
2007-05-18,31.5,-25.0,26.428162
2007-05-19,31.5,-25.0,29.669525
2007-05-20,31.5,-25.0,32.622284
2007-05-21,31.5,-25.0,26.399841
2007-05-22,31.5,-25.0,19.433899
2007-05-23,31.5,-25.0,19.878235
2007-05-24,31.5,-25.0,20.789917
2007-05-25,31.5,-25.0,21.613098
2007-05-26,31.5,-25.0,20.841248
2007-05-27,31.5,-25.0,24.624298
2007-05-28,31.5,-25.0,23.739166
2007-05-29,31.5,-25.0,26.146698
2007-05-30,31.5,-25.0,27.589478
2007-05-31,31.5,-25.0,28.490509
2007-06-01,31.5,-25.0,23.429352
2007-06-02,31.5,-25.0,21.5495
2007-06-03,31.5,-25.0,20.070648
2007-06-04,31.5,-25.0,22.944855
2007-06-05,31.5,-25.0,25.570496
2007-06-06,31.5,-25.0,24.17511
2007-06-07,31.5,-25.0,24.155151
2007-06-08,31.5,-25.0,23.601715
2007-06-09,31.5,-25.0,24.467255
2007-06-10,31.5,-25.0,24.66684
2007-06-11,31.5,-25.0,27.889465
2007-06-12,31.5,-25.0,25.334595
2007-06-13,31.5,-25.0,24.608795
2007-06-14,31.5,-25.0,25.305573
2007-06-15,31.5,-25.0,24.837433
2007-06-16,31.5,-25.0,23.639832
2007-06-17,31.5,-25.0,24.164215
2007-06-18,31.5,-25.0,27.657196
2007-06-19,31.5,-25.0,21.099487
2007-06-20,31.5,-25.0,23.345886
2007-06-21,31.5,-25.0,22.233582
2007-06-22,31.5,-25.0,21.834381
2007-06-23,31.5,-25.0,24.162415
2007-06-24,31.5,-25.0,24.675934
2007-06-25,31.5,-25.0,25.414429
2007-06-26,31.5,-25.0,25.65033
2007-06-27,31.5,-25.0,23.40393
2007-06-28,31.5,-25.0,23.572693
2007-06-29,31.5,-25.0,24.097076
2007-06-30,31.5,-25.0,25.632172
2007-07-01,31.5,-25.0,25.682617
2007-07-02,31.5,-25.0,18.596863
2007-07-03,31.5,-25.0,18.583618
2007-07-04,31.5,-25.0,18.874939
2007-07-05,31.5,-25.0,18.43042
2007-07-06,31.5,-25.0,21.069122
2007-07-07,31.5,-25.0,23.827026
2007-07-08,31.5,-25.0,26.715424
2007-07-09,31.5,-25.0,21.097504
2007-07-10,31.5,-25.0,22.009216
2007-07-11,31.5,-25.0,24.231812
2007-07-12,31.5,-25.0,26.507355
2007-07-13,31.5,-25.0,20.751343
2007-07-14,31.5,-25.0,22.359161
2007-07-15,31.5,-25.0,23.99347
2007-07-16,31.5,-25.0,23.643524
2007-07-17,31.5,-25.0,25.61264
2007-07-18,31.5,-25.0,22.44806
2007-07-19,31.5,-25.0,26.405212
2007-07-20,31.5,-25.0,24.83899
2007-07-21,31.5,-25.0,27.780365
2007-07-22,31.5,-25.0,23.310608
2007-07-23,31.5,-25.0,27.714142
2007-07-24,31.5,-25.0,28.379974
2007-07-25,31.5,-25.0,28.680725
2007-07-26,31.5,-25.0,23.86673
2007-07-27,31.5,-25.0,30.379364
2007-07-28,31.5,-25.0,24.617676
2007-07-29,31.5,-25.0,27.72171
2007-07-30,31.5,-25.0,24.890076
2007-07-31,31.5,-25.0,27.568512
2007-08-01,31.5,-25.0,28.69281
2007-08-02,31.5,-25.0,31.093994
2007-08-03,31.5,-25.0,32.707428
2007-08-04,31.5,-25.0,24.528564
2007-08-05,31.5,-25.0,16.743591
2007-08-06,31.5,-25.0,20.165497
2007-08-07,31.5,-25.0,26.168488
2007-08-08,31.5,-25.0,20.371887
2007-08-09,31.5,-25.0,23.091248
2007-08-10,31.5,-25.0,26.920288
2007-08-11,31.5,-25.0,29.126465
2007-08-12,31.5,-25.0,25.149689
2007-08-13,31.5,-25.0,27.185425
2007-08-14,31.5,-25.0,31.419708
2007-08-15,31.5,-25.0,35.521454
2007-08-16,31.5,-25.0,24.82965
2007-08-17,31.5,-25.0,22.579956
2007-08-18,31.5,-25.0,24.39032
2007-08-19,31.5,-25.0,26.8862
2007-08-20,31.5,-25.0,31.133759
2007-08-21,31.5,-25.0,32.018127
2007-08-22,31.5,-25.0,28.895416
2007-08-23,31.5,-25.0,30.711487
2007-08-24,31.5,-25.0,27.102081
2007-08-25,31.5,-25.0,17.622253
2007-08-26,31.5,-25.0,24.361908
2007-08-27,31.5,-25.0,31.294739
2007-08-28,31.5,-25.0,24.439545
2007-08-29,31.5,-25.0,25.799225
2007-08-30,31.5,-25.0,32.01245
2007-08-31,31.5,-25.0,33.30017
2007-09-01,31.5,-25.0,33.383453
2007-09-02,31.5,-25.0,34.66205
2007-09-03,31.5,-25.0,29.26413
2007-09-04,31.5,-25.0,35.520264
2007-09-05,31.5,-25.0,35.221344
2007-09-06,31.5,-25.0,34.01407
2007-09-07,31.5,-25.0,26.610474
2007-09-08,31.5,-25.0,31.240845
2007-09-09,31.5,-25.0,31.447205
2007-09-10,31.5,-25.0,35.892456
2007-09-11,31.5,-25.0,30.571655
2007-09-12,31.5,-25.0,37.315704
2007-09-13,31.5,-25.0,34.47693
2007-09-14,31.5,-25.0,22.917358
2007-09-15,31.5,-25.0,30.180176
2007-09-16,31.5,-25.0,36.417023
2007-09-17,31.5,-25.0,26.328918
2007-09-18,31.5,-25.0,27.42044
2007-09-19,31.5,-25.0,27.744446
2007-09-20,31.5,-25.0,30.58902
2007-09-21,31.5,-25.0,33.6438
2007-09-22,31.5,-25.0,39.12851
2007-09-23,31.5,-25.0,39.29245
2007-09-24,31.5,-25.0,28.845642
2007-09-25,31.5,-25.0,19.546295
2007-09-26,31.5,-25.0,23.01764
2007-09-27,31.5,-25.0,26.398346
2007-09-28,31.5,-25.0,26.560333
2007-09-29,31.5,-25.0,22.79779
2007-09-30,31.5,-25.0,20.43341
2007-10-01,31.5,-25.0,23.690704
2007-10-02,31.5,-25.0,27.504639
2007-10-03,31.5,-25.0,32.113434
2007-10-04,31.5,-25.0,34.295685
2007-10-05,31.5,-25.0,26.35788
2007-10-06,31.5,-25.0,23.160156
2007-10-07,31.5,-25.0,31.196411
2007-10-08,31.5,-25.0,24.79367
2007-10-09,31.5,-25.0,24.795502
2007-10-10,31.5,-25.0,19.714508
2007-10-11,31.5,-25.0,21.158386
2007-10-12,31.5,-25.0,28.622192
2007-10-13,31.5,-25.0,29.681427
2007-10-14,31.5,-25.0,30.963043
2007-10-15,31.5,-25.0,29.712402
2007-10-16,31.5,-25.0,26.447235
2007-10-17,31.5,-25.0,32.071503
2007-10-18,31.5,-25.0,27.847382
2007-10-19,31.5,-25.0,21.369873
2007-10-20,31.5,-25.0,23.331543
2007-10-21,31.5,-25.0,28.366943
2007-10-22,31.5,-25.0,29.969452
2007-10-23,31.5,-25.0,32.169952
2007-10-24,31.5,-25.0,29.969452
2007-10-25,31.5,-25.0,18.460205
2007-10-26,31.5,-25.0,19.52124
2007-10-27,31.5,-25.0,24.69522
2007-10-28,31.5,-25.0,29.763458
2007-10-29,31.5,-25.0,28.768036
2007-10-30,31.5,-25.0,28.567505
2007-10-31,31.5,-25.0,25.9805
2007-11-01,31.5,-25.0,28.679932
2007-11-02,31.5,-25.0,30.721405
2007-11-03,31.5,-25.0,32.81143
2007-11-04,31.5,-25.0,35.9097
2007-11-05,31.5,-25.0,36.59384
2007-11-06,31.5,-25.0,24.590668
2007-11-07,31.5,-25.0,24.191437
2007-11-08,31.5,-25.0,27.565247
2007-11-09,31.5,-25.0,22.107697
2007-11-10,31.5,-25.0,27.74997
2007-11-11,31.5,-25.0,24.914734
2007-11-12,31.5,-25.0,33.73355
2007-11-13,31.5,-25.0,30.729248
2007-11-14,31.5,-25.0,37.89325
2007-11-15,31.5,-25.0,38.24237
2007-11-16,31.5,-25.0,30.461548
2007-11-17,31.5,-25.0,29.97934
2007-11-18,31.5,-25.0,23.529205
2007-11-19,31.5,-25.0,34.752747
2007-11-20,31.5,-25.0,34.040405
2007-11-21,31.5,-25.0,32.327698
2007-11-22,31.5,-25.0,34.957825
2007-11-23,31.5,-25.0,29.127686
2007-11-24,31.5,-25.0,23.122162
2007-11-25,31.5,-25.0,22.14212
2007-11-26,31.5,-25.0,30.43335
2007-11-27,31.5,-25.0,27.469727
2007-11-28,31.5,-25.0,19.751526
2007-11-29,31.5,-25.0,25.226288
2007-11-30,31.5,-25.0,28.131989
2007-12-01,31.5,-25.0,31.50058
2007-12-02,31.5,-25.0,29.650085
2007-12-03,31.5,-25.0,34.16858
2007-12-04,31.5,-25.0,24.583038
2007-12-05,31.5,-25.0,32.224884
2007-12-06,31.5,-25.0,23.01831
2007-12-07,31.5,-25.0,22.205383
2007-12-08,31.5,-25.0,21.196869
2007-12-09,31.5,-25.0,25.114807
2007-12-10,31.5,-25.0,31.35846
2007-12-11,31.5,-25.0,30.803772
2007-12-12,31.5,-25.0,29.440765
2007-12-13,31.5,-25.0,31.071198
2007-12-14,31.5,-25.0,31.097168
2007-12-15,31.5,-25.0,31.529602
2007-12-16,31.5,-25.0,26.975983
2007-12-17,31.5,-25.0,27.419128
2007-12-18,31.5,-25.0,20.345734
2007-12-19,31.5,-25.0,19.806335
2007-12-20,31.5,-25.0,23.22461
2007-12-21,31.5,-25.0,26.899597
2007-12-22,31.5,-25.0,27.480255
2007-12-23,31.5,-25.0,28.158722
2007-12-24,31.5,-25.0,29.112213
2007-12-25,31.5,-25.0,28.902863
2007-12-26,31.5,-25.0,33.48401
2007-12-27,31.5,-25.0,23.215424
2007-12-28,31.5,-25.0,27.34732
2007-12-29,31.5,-25.0,27.529144
2007-12-30,31.5,-25.0,27.787384
2007-12-31,31.5,-25.0,29.200836
2008-01-01,31.5,-25.0,31.702667
2008-01-02,31.5,-25.0,32.466675
2008-01-03,31.5,-25.0,34.845245
2008-01-04,31.5,-25.0,26.380707
2008-01-05,31.5,-25.0,31.043152
2008-01-06,31.5,-25.0,31.180267
2008-01-07,31.5,-25.0,35.161957
2008-01-08,31.5,-25.0,26.031342
2008-01-09,31.5,-25.0,19.127502
2008-01-10,31.5,-25.0,18.495728
2008-01-11,31.5,-25.0,27.0484
2008-01-12,31.5,-25.0,30.166473
2008-01-13,31.5,-25.0,32.197327
2008-01-14,31.5,-25.0,31.717346
2008-01-15,31.5,-25.0,32.13855
2008-01-16,31.5,-25.0,36.223083
2008-01-17,31.5,-25.0,24.343353
2008-01-18,31.5,-25.0,25.935028
2008-01-19,31.5,-25.0,24.163757
2008-01-20,31.5,-25.0,30.173004
2008-01-21,31.5,-25.0,29.200043
2008-01-22,31.5,-25.0,27.716095
2008-01-23,31.5,-25.0,27.969147
2008-01-24,31.5,-25.0,27.14798
2008-01-25,31.5,-25.0,27.453278
2008-01-26,31.5,-25.0,27.489166
2008-01-27,31.5,-25.0,28.098114
2008-01-28,31.5,-25.0,31.988342
2008-01-29,31.5,-25.0,30.483185
2008-01-30,31.5,-25.0,29.916718
2008-01-31,31.5,-25.0,32.28711
2008-02-01,31.5,-25.0,31.881012
2008-02-02,31.5,-25.0,33.33206
2008-02-03,31.5,-25.0,37.13507
2008-02-04,31.5,-25.0,32.08191
2008-02-05,31.5,-25.0,31.235199
2008-02-06,31.5,-25.0,32.71814
2008-02-07,31.5,-25.0,32.829773
2008-02-08,31.5,-25.0,31.437714
2008-02-09,31.5,-25.0,27.38913
2008-02-10,31.5,-25.0,26.902802
2008-02-11,31.5,-25.0,30.935425
2008-02-12,31.5,-25.0,35.51181
2008-02-13,31.5,-25.0,25.226898
2008-02-14,31.5,-25.0,30.098297
2008-02-15,31.5,-25.0,33.6398
2008-02-16,31.5,-25.0,31.33725
2008-02-17,31.5,-25.0,32.62088
2008-02-18,31.5,-25.0,33.88217
2008-02-19,31.5,-25.0,34.268066
2008-02-20,31.5,-25.0,33.067352
2008-02-21,31.5,-25.0,31.86029
2008-02-22,31.5,-25.0,34.472168
2008-02-23,31.5,-25.0,35.24234
2008-02-24,31.5,-25.0,35.42572
2008-02-25,31.5,-25.0,31.346832
2008-02-26,31.5,-25.0,34.202698
2008-02-27,31.5,-25.0,37.549652
2008-02-28,31.5,-25.0,32.758026
2008-02-29,31.5,-25.0,31.611542
2008-03-01,31.5,-25.0,31.77893
2008-03-02,31.5,-25.0,36.157837
2008-03-03,31.5,-25.0,33.70224
2008-03-04,31.5,-25.0,33.364105
2008-03-05,31.5,-25.0,31.147858
2008-03-06,31.5,-25.0,30.652405
2008-03-07,31.5,-25.0,31.974762
2008-03-08,31.5,-25.0,33.123077
2008-03-09,31.5,-25.0,33.77588
2008-03-10,31.5,-25.0,35.18698
2008-03-11,31.5,-25.0,36.80063
2008-03-12,31.5,-25.0,35.173584
2008-03-13,31.5,-25.0,29.942657
2008-03-14,31.5,-25.0,28.397644
2008-03-15,31.5,-25.0,29.996216
2008-03-16,31.5,-25.0,21.705414
2008-03-17,31.5,-25.0,21.671936
2008-03-18,31.5,-25.0,25.083344
2008-03-19,31.5,-25.0,28.866333
2008-03-20,31.5,-25.0,31.157898
2008-03-21,31.5,-25.0,28.780975
2008-03-22,31.5,-25.0,30.89679
2008-03-23,31.5,-25.0,27.209167
2008-03-24,31.5,-25.0,29.602844
2008-03-25,31.5,-25.0,32.89206
2008-03-26,31.5,-25.0,29.624603
2008-03-27,31.5,-25.0,30.081604
2008-03-28,31.5,-25.0,32.274414
2008-03-29,31.5,-25.0,30.754486
2008-03-30,31.5,-25.0,29.818787
2008-03-31,31.5,-25.0,28.86969
2008-04-01,31.5,-25.0,26.207611
2008-04-02,31.5,-25.0,22.463928
2008-04-03,31.5,-25.0,26.958435
2008-04-04,31.5,-25.0,28.975342
2008-04-05,31.5,-25.0,32.938843
2008-04-06,31.5,-25.0,34.26294
2008-04-07,31.5,-25.0,29.69983
2008-04-08,31.5,-25.0,22.63623
2008-04-09,31.5,-25.0,26.578613
2008-04-10,31.5,-25.0,29.30243
2008-04-11,31.5,-25.0,30.617706
2008-04-12,31.5,-25.0,29.928406
2008-04-13,31.5,-25.0,27.049896
2008-04-14,31.5,-25.0,25.971985
2008-04-15,31.5,-25.0,27.157135
2008-04-16,31.5,-25.0,31.839813
2008-04-17,31.5,-25.0,29.67871
2008-04-18,31.5,-25.0,30.621246
2008-04-19,31.5,-25.0,33.36438
2008-04-20,31.5,-25.0,34.591766
2008-04-21,31.5,-25.0,18.243713
2008-04-22,31.5,-25.0,24.243439
2008-04-23,31.5,-25.0,24.076385
2008-04-24,31.5,-25.0,24.707672
2008-04-25,31.5,-25.0,28.154175
2008-04-26,31.5,-25.0,31.889069
2008-04-27,31.5,-25.0,28.424957
2008-04-28,31.5,-25.0,29.451874
2008-04-29,31.5,-25.0,22.622192
2008-04-30,31.5,-25.0,25.495453
2008-05-01,31.5,-25.0,30.146637
2008-05-02,31.5,-25.0,21.585114
2008-05-03,31.5,-25.0,22.37851
2008-05-04,31.5,-25.0,26.77658
2008-05-05,31.5,-25.0,29.14151
2008-05-06,31.5,-25.0,29.974976
2008-05-07,31.5,-25.0,28.85736
2008-05-08,31.5,-25.0,26.57251
2008-05-09,31.5,-25.0,29.683167
2008-05-10,31.5,-25.0,33.10663
2008-05-11,31.5,-25.0,35.492584
2008-05-12,31.5,-25.0,30.179047
2008-05-13,31.5,-25.0,29.732758
2008-05-14,31.5,-25.0,25.365234
2008-05-15,31.5,-25.0,29.284576
2008-05-16,31.5,-25.0,32.078644
2008-05-17,31.5,-25.0,29.225433
2008-05-18,31.5,-25.0,26.063263
2008-05-19,31.5,-25.0,25.557861
2008-05-20,31.5,-25.0,24.360107
2008-05-21,31.5,-25.0,25.616974
2008-05-22,31.5,-25.0,26.387482
2008-05-23,31.5,-25.0,23.915741
2008-05-24,31.5,-25.0,23.46753
2008-05-25,31.5,-25.0,24.047333
2008-05-26,31.5,-25.0,24.180847
2008-05-27,31.5,-25.0,24.86554
2008-05-28,31.5,-25.0,25.803894
2008-05-29,31.5,-25.0,26.44281
2008-05-30,31.5,-25.0,28.39389
2008-05-31,31.5,-25.0,30.42508
2008-06-01,31.5,-25.0,24.326965
2008-06-02,31.5,-25.0,25.315613
2008-06-03,31.5,-25.0,26.88147
2008-06-04,31.5,-25.0,26.109283
2008-06-05,31.5,-25.0,23.855072
2008-06-06,31.5,-25.0,26.444672
2008-06-07,31.5,-25.0,28.34787
2008-06-08,31.5,-25.0,20.75064
2008-06-09,31.5,-25.0,18.260498
2008-06-10,31.5,-25.0,20.549805
2008-06-11,31.5,-25.0,24.935364
2008-06-12,31.5,-25.0,26.629913
2008-06-13,31.5,-25.0,26.115112
2008-06-14,31.5,-25.0,26.635773
2008-06-15,31.5,-25.0,26.321808
2008-06-16,31.5,-25.0,24.365967
2008-06-17,31.5,-25.0,23.814117
2008-06-18,31.5,-25.0,22.782562
2008-06-19,31.5,-25.0,20.924194
2008-06-20,31.5,-25.0,21.836792
2008-06-21,31.5,-25.0,26.52658
2008-06-22,31.5,-25.0,24.978271
2008-06-23,31.5,-25.0,22.509552
2008-06-24,31.5,-25.0,24.576569
2008-06-25,31.5,-25.0,24.100769
2008-06-26,31.5,-25.0,26.15802
2008-06-27,31.5,-25.0,27.466461
2008-06-28,31.5,-25.0,27.189575
2008-06-29,31.5,-25.0,21.554047
2008-06-30,31.5,-25.0,21.850464
2008-07-01,31.5,-25.0,25.161713
2008-07-02,31.5,-25.0,27.67694
2008-07-03,31.5,-25.0,28.856323
2008-07-04,31.5,-25.0,30.337189
2008-07-05,31.5,-25.0,31.159698
2008-07-06,31.5,-25.0,25.568207
2008-07-07,31.5,-25.0,27.075806
2008-07-08,31.5,-25.0,30.556671
2008-07-09,31.5,-25.0,33.793243
2008-07-10,31.5,-25.0,24.5224
2008-07-11,31.5,-25.0,19.47287
2008-07-12,31.5,-25.0,20.864075
2008-07-13,31.5,-25.0,16.602692
2008-07-14,31.5,-25.0,22.156036
2008-07-15,31.5,-25.0,23.91745
2008-07-16,31.5,-25.0,28.213196
2008-07-17,31.5,-25.0,20.738129
2008-07-18,31.5,-25.0,18.801147
2008-07-19,31.5,-25.0,25.072021
2008-07-20,31.5,-25.0,24.661713
2008-07-21,31.5,-25.0,25.051025
2008-07-22,31.5,-25.0,24.478516
2008-07-23,31.5,-25.0,23.488068
2008-07-24,31.5,-25.0,23.610199
2008-07-25,31.5,-25.0,23.98233
2008-07-26,31.5,-25.0,25.644531
2008-07-27,31.5,-25.0,27.226562
2008-07-28,31.5,-25.0,24.881195
2008-07-29,31.5,-25.0,22.654114
2008-07-30,31.5,-25.0,28.610138
2008-07-31,31.5,-25.0,31.304749
2008-08-01,31.5,-25.0,31.840607
2008-08-02,31.5,-25.0,24.75241
2008-08-03,31.5,-25.0,22.468445
2008-08-04,31.5,-25.0,22.110077
2008-08-05,31.5,-25.0,27.5542
2008-08-06,31.5,-25.0,26.05191
2008-08-07,31.5,-25.0,29.580261
2008-08-08,31.5,-25.0,23.364288
2008-08-09,31.5,-25.0,29.009247
2008-08-10,31.5,-25.0,23.60846
2008-08-11,31.5,-25.0,24.47873
2008-08-12,31.5,-25.0,26.670166
2008-08-13,31.5,-25.0,28.469757
2008-08-14,31.5,-25.0,30.982147
2008-08-15,31.5,-25.0,30.643494
2008-08-16,31.5,-25.0,32.2265
2008-08-17,31.5,-25.0,17.546082
2008-08-18,31.5,-25.0,17.416138
2008-08-19,31.5,-25.0,25.020172
2008-08-20,31.5,-25.0,27.162384
2008-08-21,31.5,-25.0,27.973602
2008-08-22,31.5,-25.0,28.908844
2008-08-23,31.5,-25.0,28.973816
2008-08-24,31.5,-25.0,29.796844
2008-08-25,31.5,-25.0,33.655975
2008-08-26,31.5,-25.0,27.522705
2008-08-27,31.5,-25.0,23.553314
2008-08-28,31.5,-25.0,32.409637
2008-08-29,31.5,-25.0,29.351868
2008-08-30,31.5,-25.0,33.35669
2008-08-31,31.5,-25.0,37.243378
2008-09-01,31.5,-25.0,25.29422
2008-09-02,31.5,-25.0,27.557465
2008-09-03,31.5,-25.0,32.685303
2008-09-04,31.5,-25.0,27.401825
2008-09-05,31.5,-25.0,36.4606
2008-09-06,31.5,-25.0,25.947449
2008-09-07,31.5,-25.0,32.985046
2008-09-08,31.5,-25.0,38.85257
2008-09-09,31.5,-25.0,38.05716
2008-09-10,31.5,-25.0,38.018738
2008-09-11,31.5,-25.0,20.725433
2008-09-12,31.5,-25.0,18.062561
2008-09-13,31.5,-25.0,23.299927
2008-09-14,31.5,-25.0,28.412415
2008-09-15,31.5,-25.0,33.72281
2008-09-16,31.5,-25.0,35.96106
2008-09-17,31.5,-25.0,21.520844
2008-09-18,31.5,-25.0,29.292358
2008-09-19,31.5,-25.0,38.253143
2008-09-20,31.5,-25.0,20.898346
2008-09-21,31.5,-25.0,23.467072
2008-09-22,31.5,-25.0,26.735168
2008-09-23,31.5,-25.0,35.159912
2008-09-24,31.5,-25.0,37.61145
2008-09-25,31.5,-25.0,27.10788
2008-09-26,31.5,-25.0,36.781464
2008-09-27,31.5,-25.0,24.06076
2008-09-28,31.5,-25.0,19.762878
2008-09-29,31.5,-25.0,29.253937
2008-09-30,31.5,-25.0,37.15033
2008-10-01,31.5,-25.0,29.704224
2008-10-02,31.5,-25.0,39.770782
2008-10-03,31.5,-25.0,28.651917
2008-10-04,31.5,-25.0,30.908142
2008-10-05,31.5,-25.0,24.678894
2008-10-06,31.5,-25.0,21.58191
2008-10-07,31.5,-25.0,28.146027
2008-10-08,31.5,-25.0,34.202545
2008-10-09,31.5,-25.0,39.568085
2008-10-10,31.5,-25.0,29.295288
2008-10-11,31.5,-25.0,30.42691
2008-10-12,31.5,-25.0,34.223694
2008-10-13,31.5,-25.0,36.881775
2008-10-14,31.5,-25.0,32.45926
2008-10-15,31.5,-25.0,29.453949
2008-10-16,31.5,-25.0,31.983337
2008-10-17,31.5,-25.0,35.15262
2008-10-18,31.5,-25.0,27.899261
2008-10-19,31.5,-25.0,32.175476
2008-10-20,31.5,-25.0,35.47165
2008-10-21,31.5,-25.0,31.76654
2008-10-22,31.5,-25.0,36.712555
2008-10-23,31.5,-25.0,19.699371
2008-10-24,31.5,-25.0,31.93222
2008-10-25,31.5,-25.0,20.859192
2008-10-26,31.5,-25.0,23.91565
2008-10-27,31.5,-25.0,34.169037
2008-10-28,31.5,-25.0,31.861725
2008-10-29,31.5,-25.0,29.984497
2008-10-30,31.5,-25.0,35.08914
2008-10-31,31.5,-25.0,26.790558
2008-11-01,31.5,-25.0,34.66284
2008-11-02,31.5,-25.0,38.504303
2008-11-03,31.5,-25.0,39.353546
2008-11-04,31.5,-25.0,20.416748
2008-11-05,31.5,-25.0,25.96463
2008-11-06,31.5,-25.0,28.88089
2008-11-07,31.5,-25.0,34.707123
2008-11-08,31.5,-25.0,19.232208
2008-11-09,31.5,-25.0,20.642883
2008-11-10,31.5,-25.0,29.758636
2008-11-11,31.5,-25.0,30.5383
2008-11-12,31.5,-25.0,25.055267
2008-11-13,31.5,-25.0,27.376892
2008-11-14,31.5,-25.0,29.25888
2008-11-15,31.5,-25.0,28.053772
2008-11-16,31.5,-25.0,25.676788
2008-11-17,31.5,-25.0,27.373718
2008-11-18,31.5,-25.0,21.691437
2008-11-19,31.5,-25.0,21.092041
2008-11-20,31.5,-25.0,25.948792
2008-11-21,31.5,-25.0,25.95514
2008-11-22,31.5,-25.0,28.053772
2008-11-23,31.5,-25.0,28.94101
2008-11-24,31.5,-25.0,29.412292
2008-11-25,31.5,-25.0,32.535736
2008-11-26,31.5,-25.0,28.544037
2008-11-27,31.5,-25.0,32.774536
2008-11-28,31.5,-25.0,33.96698
2008-11-29,31.5,-25.0,35.826813
2008-11-30,31.5,-25.0,37.596527
2008-12-01,31.5,-25.0,26.640045
2008-12-02,31.5,-25.0,34.65222
2008-12-03,31.5,-25.0,34.664825
2008-12-04,31.5,-25.0,32.46881
2008-12-05,31.5,-25.0,32.07968
2008-12-06,31.5,-25.0,28.702148
2008-12-07,31.5,-25.0,28.919556
2008-12-08,31.5,-25.0,31.320374
2008-12-09,31.5,-25.0,35.391052
2008-12-10,31.5,-25.0,35.198853
2008-12-11,31.5,-25.0,36.372498
2008-12-12,31.5,-25.0,31.395996
2008-12-13,31.5,-25.0,31.299896
2008-12-14,31.5,-25.0,35.126404
2008-12-15,31.5,-25.0,27.311127
2008-12-16,31.5,-25.0,22.520538
2008-12-17,31.5,-25.0,28.952637
2008-12-18,31.5,-25.0,29.165314
2008-12-19,31.5,-25.0,31.611816
2008-12-20,31.5,-25.0,32.788605
2008-12-21,31.5,-25.0,34.516754
2008-12-22,31.5,-25.0,34.228455
2008-12-23,31.5,-25.0,31.942627
2008-12-24,31.5,-25.0,37.798187
2008-12-25,31.5,-25.0,19.773132
2008-12-26,31.5,-25.0,22.941132
2008-12-27,31.5,-25.0,28.571411
2008-12-28,31.5,-25.0,24.35736
2008-12-29,31.5,-25.0,27.786896
2008-12-30,31.5,-25.0,27.953888
2008-12-31,31.5,-25.0,25.357727
2009-01-01,31.5,-25.0,27.657562
2009-01-02,31.5,-25.0,28.37085
2009-01-03,31.5,-25.0,28.639343
2009-01-04,31.5,-25.0,30.898895
2009-01-05,31.5,-25.0,26.769592
2009-01-06,31.5,-25.0,31.306488
2009-01-07,31.5,-25.0,33.743927
2009-01-08,31.5,-25.0,33.900818
2009-01-09,31.5,-25.0,34.614105
2009-01-10,31.5,-25.0,35.325775
2009-01-11,31.5,-25.0,25.55655
2009-01-12,31.5,-25.0,29.682587
2009-01-13,31.5,-25.0,29.037231
2009-01-14,31.5,-25.0,31.469849
2009-01-15,31.5,-25.0,26.198639
2009-01-16,31.5,-25.0,32.107117
2009-01-17,31.5,-25.0,34.71762
2009-01-18,31.5,-25.0,25.118225
2009-01-19,31.5,-25.0,29.190887
2009-01-20,31.5,-25.0,24.121887
2009-01-21,31.5,-25.0,28.480835
2009-01-22,31.5,-25.0,32.53897
2009-01-23,31.5,-25.0,30.813171
2009-01-24,31.5,-25.0,27.170715
2009-01-25,31.5,-25.0,32.579407
2009-01-26,31.5,-25.0,33.915375
2009-01-27,31.5,-25.0,35.168884
2009-01-28,31.5,-25.0,26.083832
2009-01-29,31.5,-25.0,27.389069
2009-01-30,31.5,-25.0,30.546295
2009-01-31,31.5,-25.0,27.662415
2009-02-01,31.5,-25.0,28.963867
2009-02-02,31.5,-25.0,31.203644
2009-02-03,31.5,-25.0,34.3472
2009-02-04,31.5,-25.0,23.119934
2009-02-05,31.5,-25.0,22.79544
2009-02-06,31.5,-25.0,24.970306
2009-02-07,31.5,-25.0,25.286865
2009-02-08,31.5,-25.0,27.464905
2009-02-09,31.5,-25.0,29.828125
2009-02-10,31.5,-25.0,29.471985
2009-02-11,31.5,-25.0,28.95755
2009-02-12,31.5,-25.0,21.214172
2009-02-13,31.5,-25.0,26.33789
2009-02-14,31.5,-25.0,31.132416
2009-02-15,31.5,-25.0,31.469574
2009-02-16,31.5,-25.0,29.752136
2009-02-17,31.5,-25.0,29.498901
2009-02-18,31.5,-25.0,32.052063
2009-02-19,31.5,-25.0,34.920197
2009-02-20,31.5,-25.0,32.064728
2009-02-21,31.5,-25.0,33.1474
2009-02-22,31.5,-25.0,34.814148
2009-02-23,31.5,-25.0,26.71463
2009-02-24,31.5,-25.0,26.901398
2009-02-25,31.5,-25.0,29.772736
2009-02-26,31.5,-25.0,31.572449
2009-02-27,31.5,-25.0,30.139954
2009-02-28,31.5,-25.0,30.160522
2009-03-01,31.5,-25.0,23.639008
2009-03-02,31.5,-25.0,26.65683
2009-03-03,31.5,-25.0,29.024567
2009-03-04,31.5,-25.0,28.355652
2009-03-05,31.5,-25.0,27.40445
2009-03-06,31.5,-25.0,27.56186
2009-03-07,31.5,-25.0,29.41977
2009-03-08,31.5,-25.0,32.50943
2009-03-09,31.5,-25.0,25.777496
2009-03-10,31.5,-25.0,26.545654
2009-03-11,31.5,-25.0,29.720856
2009-03-12,31.5,-25.0,28.797028
2009-03-13,31.5,-25.0,28.93219
2009-03-14,31.5,-25.0,29.00232
2009-03-15,31.5,-25.0,27.26587
2009-03-16,31.5,-25.0,29.702026
2009-03-17,31.5,-25.0,33.39734
2009-03-18,31.5,-25.0,22.395264
2009-03-19,31.5,-25.0,30.49414
2009-03-20,31.5,-25.0,28.242737
2009-03-21,31.5,-25.0,28.196564
2009-03-22,31.5,-25.0,28.016907
2009-03-23,31.5,-25.0,30.379517
2009-03-24,31.5,-25.0,29.08957
2009-03-25,31.5,-25.0,32.00647
2009-03-26,31.5,-25.0,32.348633
2009-03-27,31.5,-25.0,32.538513
2009-03-28,31.5,-25.0,32.885803
2009-03-29,31.5,-25.0,30.104065
2009-03-30,31.5,-25.0,28.956146
2009-03-31,31.5,-25.0,31.820007
2009-04-01,31.5,-25.0,29.648254
2009-04-02,31.5,-25.0,30.399506
2009-04-03,31.5,-25.0,28.110992
2009-04-04,31.5,-25.0,26.86621
2009-04-05,31.5,-25.0,29.200409
2009-04-06,31.5,-25.0,32.10492
2009-04-07,31.5,-25.0,27.898987
2009-04-08,31.5,-25.0,28.200562
2009-04-09,31.5,-25.0,29.863922
2009-04-10,31.5,-25.0,29.222351
2009-04-11,31.5,-25.0,26.701721
2009-04-12,31.5,-25.0,30.44336
2009-04-13,31.5,-25.0,23.97818
2009-04-14,31.5,-25.0,23.018555
2009-04-15,31.5,-25.0,23.826477
2009-04-16,31.5,-25.0,25.025543
2009-04-17,31.5,-25.0,25.85907
2009-04-18,31.5,-25.0,30.29715
2009-04-19,31.5,-25.0,32.247467
2009-04-20,31.5,-25.0,29.701263
2009-04-21,31.5,-25.0,20.095795
2009-04-22,31.5,-25.0,20.58017
2009-04-23,31.5,-25.0,25.243073
2009-04-24,31.5,-25.0,27.039886
2009-04-25,31.5,-25.0,28.315735
2009-04-26,31.5,-25.0,31.057526
2009-04-27,31.5,-25.0,26.90094
2009-04-28,31.5,-25.0,28.719696
2009-04-29,31.5,-25.0,30.421448
2009-04-30,31.5,-25.0,32.082977
2009-05-01,31.5,-25.0,32.452972
2009-05-02,31.5,-25.0,31.984772
2009-05-03,31.5,-25.0,31.470093
2009-05-04,31.5,-25.0,27.529144
2009-05-05,31.5,-25.0,28.712738
2009-05-06,31.5,-25.0,31.096619
2009-05-07,31.5,-25.0,28.95987
2009-05-08,31.5,-25.0,22.726105
2009-05-09,31.5,-25.0,23.755463
2009-05-10,31.5,-25.0,23.266785
2009-05-11,31.5,-25.0,22.54773
2009-05-12,31.5,-25.0,23.746185
2009-05-13,31.5,-25.0,23.26123
2009-05-14,31.5,-25.0,24.249695
2009-05-15,31.5,-25.0,25.65625
2009-05-16,31.5,-25.0,28.108856
2009-05-17,31.5,-25.0,31.876984
2009-05-18,31.5,-25.0,23.406158
2009-05-19,31.5,-25.0,26.94574
2009-05-20,31.5,-25.0,23.43216
2009-05-21,31.5,-25.0,23.696014
2009-05-22,31.5,-25.0,25.513184
2009-05-23,31.5,-25.0,27.283905
2009-05-24,31.5,-25.0,27.428833
2009-05-25,31.5,-25.0,30.011505
2009-05-26,31.5,-25.0,25.65625
2009-05-27,31.5,-25.0,24.981781
2009-05-28,31.5,-25.0,24.816406
2009-05-29,31.5,-25.0,28.318817
2009-05-30,31.5,-25.0,30.04123
2009-05-31,31.5,-25.0,28.991455
2009-06-01,31.5,-25.0,27.38916
2009-06-02,31.5,-25.0,25.539368
2009-06-03,31.5,-25.0,28.452545
2009-06-04,31.5,-25.0,30.415771
2009-06-05,31.5,-25.0,28.199707
2009-06-06,31.5,-25.0,32.501648
2009-06-07,31.5,-25.0,25.139648
2009-06-08,31.5,-25.0,19.2612
2009-06-09,31.5,-25.0,19.476868
2009-06-10,31.5,-25.0,20.348755
2009-06-11,31.5,-25.0,19.631165
2009-06-12,31.5,-25.0,26.480072
2009-06-13,31.5,-25.0,25.513336
2009-06-14,31.5,-25.0,27.876251
2009-06-15,31.5,-25.0,26.742188
2009-06-16,31.5,-25.0,29.419281
2009-06-17,31.5,-25.0,25.940918
2009-06-18,31.5,-25.0,25.756866
2009-06-19,31.5,-25.0,22.646606
2009-06-20,31.5,-25.0,24.139465
2009-06-21,31.5,-25.0,26.827698
2009-06-22,31.5,-25.0,29.28543
2009-06-23,31.5,-25.0,30.233582
2009-06-24,31.5,-25.0,27.591797
2009-06-25,31.5,-25.0,28.62732
2009-06-26,31.5,-25.0,19.924896
2009-06-27,31.5,-25.0,22.06842
2009-06-28,31.5,-25.0,24.875671
2009-06-29,31.5,-25.0,20.35434
2009-06-30,31.5,-25.0,20.385956
2009-07-01,31.5,-25.0,19.620087
2009-07-02,31.5,-25.0,21.004578
2009-07-03,31.5,-25.0,23.386658
2009-07-04,31.5,-25.0,21.120117
2009-07-05,31.5,-25.0,20.370087
2009-07-06,31.5,-25.0,22.944702
2009-07-07,31.5,-25.0,23.780914
2009-07-08,31.5,-25.0,22.392761
2009-07-09,31.5,-25.0,25.277283
2009-07-10,31.5,-25.0,25.930084
2009-07-11,31.5,-25.0,24.59143
2009-07-12,31.5,-25.0,27.684998
2009-07-13,31.5,-25.0,27.250397
2009-07-14,31.5,-25.0,30.831757
2009-07-15,31.5,-25.0,20.080353
2009-07-16,31.5,-25.0,17.9917
2009-07-17,31.5,-25.0,21.765594
2009-07-18,31.5,-25.0,21.1568
2009-07-19,31.5,-25.0,22.834686
2009-07-20,31.5,-25.0,20.040009
2009-07-21,31.5,-25.0,22.572449
2009-07-22,31.5,-25.0,25.141571
2009-07-23,31.5,-25.0,27.4888
2009-07-24,31.5,-25.0,18.406128
2009-07-25,31.5,-25.0,19.996002
2009-07-26,31.5,-25.0,21.805939
2009-07-27,31.5,-25.0,22.05716
2009-07-28,31.5,-25.0,21.963654
2009-07-29,31.5,-25.0,25.291931
2009-07-30,31.5,-25.0,26.052948
2009-07-31,31.5,-25.0,24.743652
2009-08-01,31.5,-25.0,25.322876
2009-08-02,31.5,-25.0,20.709503
2009-08-03,31.5,-25.0,22.453735
2009-08-04,31.5,-25.0,26.088867
2009-08-05,31.5,-25.0,29.664215
2009-08-06,31.5,-25.0,25.591064
2009-08-07,31.5,-25.0,24.979431
2009-08-08,31.5,-25.0,25.00644
2009-08-09,31.5,-25.0,26.333923
2009-08-10,31.5,-25.0,29.179901
2009-08-11,31.5,-25.0,29.92276
2009-08-12,31.5,-25.0,31.464417
2009-08-13,31.5,-25.0,24.08609
2009-08-14,31.5,-25.0,21.587402
2009-08-15,31.5,-25.0,24.275177
2009-08-16,31.5,-25.0,20.836823
2009-08-17,31.5,-25.0,22.509705
2009-08-18,31.5,-25.0,21.481293
2009-08-19,31.5,-25.0,27.119232
2009-08-20,31.5,-25.0,23.64038
2009-08-21,31.5,-25.0,25.052734
2009-08-22,31.5,-25.0,24.250092
2009-08-23,31.5,-25.0,27.516693
2009-08-24,31.5,-25.0,20.607239
2009-08-25,31.5,-25.0,22.18747
2009-08-26,31.5,-25.0,29.220428
2009-08-27,31.5,-25.0,25.712616
2009-08-28,31.5,-25.0,22.505829
2009-08-29,31.5,-25.0,27.26007
2009-08-30,31.5,-25.0,32.433014
2009-08-31,31.5,-25.0,32.162872
2009-09-01,31.5,-25.0,35.094604
2009-09-02,31.5,-25.0,35.255646
2009-09-03,31.5,-25.0,33.260956
2009-09-04,31.5,-25.0,30.77948
2009-09-05,31.5,-25.0,33.434784
2009-09-06,31.5,-25.0,31.030182
2009-09-07,31.5,-25.0,34.525482
2009-09-08,31.5,-25.0,36.209076
2009-09-09,31.5,-25.0,23.75232
2009-09-10,31.5,-25.0,23.591278
2009-09-11,31.5,-25.0,23.93164
2009-09-12,31.5,-25.0,25.210815
2009-09-13,31.5,-25.0,33.255463
2009-09-14,31.5,-25.0,33.242645
2009-09-15,31.5,-25.0,35.05435
2009-09-16,31.5,-25.0,32.214203
2009-09-17,31.5,-25.0,35.590515
2009-09-18,31.5,-25.0,29.121521
2009-09-19,31.5,-25.0,25.655518
2009-09-20,31.5,-25.0,25.276703
2009-09-21,31.5,-25.0,32.117188
2009-09-22,31.5,-25.0,24.231781
2009-09-23,31.5,-25.0,24.279358
2009-09-24,31.5,-25.0,27.42694
2009-09-25,31.5,-25.0,30.369568
2009-09-26,31.5,-25.0,31.657867
2009-09-27,31.5,-25.0,35.660065
2009-09-28,31.5,-25.0,22.95993
2009-09-29,31.5,-25.0,20.50592
2009-09-30,31.5,-25.0,25.040619
2009-10-01,31.5,-25.0,26.950836
2009-10-02,31.5,-25.0,23.912415
2009-10-03,31.5,-25.0,25.013855
2009-10-04,31.5,-25.0,25.204315
2009-10-05,31.5,-25.0,30.806824
2009-10-06,31.5,-25.0,33.09601
2009-10-07,31.5,-25.0,36.598022
2009-10-08,31.5,-25.0,33.962067
2009-10-09,31.5,-25.0,29.608368
2009-10-10,31.5,-25.0,27.453949
2009-10-11,31.5,-25.0,30.133026
2009-10-12,31.5,-25.0,33.832703
2009-10-13,31.5,-25.0,35.33664
2009-10-14,31.5,-25.0,26.250092
2009-10-15,31.5,-25.0,32.057434
2009-10-16,31.5,-25.0,35.45523
2009-10-17,31.5,-25.0,27.547394
2009-10-18,31.5,-25.0,21.740051
2009-10-19,31.5,-25.0,24.169342
2009-10-20,31.5,-25.0,27.473724
2009-10-21,31.5,-25.0,34.301666
2009-10-22,31.5,-25.0,23.78125
2009-10-23,31.5,-25.0,29.16095
2009-10-24,31.5,-25.0,35.64569
2009-10-25,31.5,-25.0,37.246674
2009-10-26,31.5,-25.0,24.95996
2009-10-27,31.5,-25.0,26.4729
2009-10-28,31.5,-25.0,31.417755
2009-10-29,31.5,-25.0,26.763977
2009-10-30,31.5,-25.0,18.092468
2009-10-31,31.5,-25.0,24.16397
2009-11-01,31.5,-25.0,26.55783
2009-11-02,31.5,-25.0,29.426117
2009-11-03,31.5,-25.0,27.488617
2009-11-04,31.5,-25.0,24.762573
2009-11-05,31.5,-25.0,31.482117
2009-11-06,31.5,-25.0,35.32547
2009-11-07,31.5,-25.0,33.23944
2009-11-08,31.5,-25.0,34.23822
2009-11-09,31.5,-25.0,35.3555
2009-11-10,31.5,-25.0,31.387299
2009-11-11,31.5,-25.0,33.637695
2009-11-12,31.5,-25.0,33.915833
2009-11-13,31.5,-25.0,36.765137
2009-11-14,31.5,-25.0,33.552338
2009-11-15,31.5,-25.0,21.573456
2009-11-16,31.5,-25.0,19.44635
2009-11-17,31.5,-25.0,17.809113
2009-11-18,31.5,-25.0,23.827026
2009-11-19,31.5,-25.0,20.366089
2009-11-20,31.5,-25.0,17.856537
2009-11-21,31.5,-25.0,18.276917
2009-11-22,31.5,-25.0,27.755707
2009-11-23,31.5,-25.0,26.445618
2009-11-24,31.5,-25.0,27.341675
2009-11-25,31.5,-25.0,28.931458
2009-11-26,31.5,-25.0,32.417664
2009-11-27,31.5,-25.0,26.0932
2009-11-28,31.5,-25.0,26.722168
2009-11-29,31.5,-25.0,33.485962
2009-11-30,31.5,-25.0,33.440155
2009-12-01,31.5,-25.0,23.569214
2009-12-02,31.5,-25.0,28.47754
2009-12-03,31.5,-25.0,31.419739
2009-12-04,31.5,-25.0,32.45981
2009-12-05,31.5,-25.0,23.110077
2009-12-06,31.5,-25.0,29.069397
2009-12-07,31.5,-25.0,31.985046
2009-12-08,31.5,-25.0,30.540497
2009-12-09,31.5,-25.0,29.948639
2009-12-10,31.5,-25.0,31.753937
2009-12-11,31.5,-25.0,23.266235
2009-12-12,31.5,-25.0,25.38855
2009-12-13,31.5,-25.0,31.385376
2009-12-14,31.5,-25.0,20.359985
2009-12-15,31.5,-25.0,26.931488
2009-12-16,31.5,-25.0,29.808075
2009-12-17,31.5,-25.0,31.989746
2009-12-18,31.5,-25.0,32.834595
2009-12-19,31.5,-25.0,29.569153
2009-12-20,31.5,-25.0,36.159393
2009-12-21,31.5,-25.0,29.547272
2009-12-22,31.5,-25.0,35.416046
2009-12-23,31.5,-25.0,37.0636
2009-12-24,31.5,-25.0,37.2713
2009-12-25,31.5,-25.0,32.509766
2009-12-26,31.5,-25.0,36.983948
2009-12-27,31.5,-25.0,27.314087
2009-12-28,31.5,-25.0,32.447296
2009-12-29,31.5,-25.0,36.80435
2009-12-30,31.5,-25.0,28.8992
2009-12-31,31.5,-25.0,35.993866
2010-01-01,31.5,-25.0,35.21768
2010-01-02,31.5,-25.0,30.797333
2010-01-03,31.5,-25.0,31.186401
2010-01-04,31.5,-25.0,31.052399
2010-01-05,31.5,-25.0,22.89621
2010-01-06,31.5,-25.0,27.519989
2010-01-07,31.5,-25.0,30.345276
2010-01-08,31.5,-25.0,30.61972
2010-01-09,31.5,-25.0,30.828003
2010-01-10,31.5,-25.0,30.650421
2010-01-11,31.5,-25.0,33.43048
2010-01-12,31.5,-25.0,32.054993
2010-01-13,31.5,-25.0,29.801208
2010-01-14,31.5,-25.0,31.70465
2010-01-15,31.5,-25.0,35.739166
2010-01-16,31.5,-25.0,30.710144
2010-01-17,31.5,-25.0,28.139954
2010-01-18,31.5,-25.0,31.583557
2010-01-19,31.5,-25.0,36.702972
2010-01-20,31.5,-25.0,29.06018
2010-01-21,31.5,-25.0,30.800568
2010-01-22,31.5,-25.0,34.200592
2010-01-23,31.5,-25.0,35.10144
2010-01-24,31.5,-25.0,35.072388
2010-01-25,31.5,-25.0,34.15216
2010-01-26,31.5,-25.0,29.722107
2010-01-27,31.5,-25.0,26.659485
2010-01-28,31.5,-25.0,28.90036
2010-01-29,31.5,-25.0,22.608826
2010-01-30,31.5,-25.0,24.370209
2010-01-31,31.5,-25.0,30.31137
2010-02-01,31.5,-25.0,32.206116
2010-02-02,31.5,-25.0,26.855011
2010-02-03,31.5,-25.0,29.753998
2010-02-04,31.5,-25.0,30.24997
2010-02-05,31.5,-25.0,28.010681
2010-02-06,31.5,-25.0,30.935852
2010-02-07,31.5,-25.0,31.60373
2010-02-08,31.5,-25.0,30.817993
2010-02-09,31.5,-25.0,30.055176
2010-02-10,31.5,-25.0,29.724518
2010-02-11,31.5,-25.0,32.55478
2010-02-12,31.5,-25.0,35.99231
2010-02-13,31.5,-25.0,38.652313
2010-02-14,31.5,-25.0,30.297455
2010-02-15,31.5,-25.0,31.338531
2010-02-16,31.5,-25.0,35.096924
2010-02-17,31.5,-25.0,32.72174
2010-02-18,31.5,-25.0,23.926544
2010-02-19,31.5,-25.0,29.714722
2010-02-20,31.5,-25.0,28.86023
2010-02-21,31.5,-25.0,30.017548
2010-02-22,31.5,-25.0,30.387482
2010-02-23,31.5,-25.0,29.919312
2010-02-24,31.5,-25.0,29.866943
2010-02-25,31.5,-25.0,31.431854
2010-02-26,31.5,-25.0,30.413666
2010-02-27,31.5,-25.0,27.573608
2010-02-28,31.5,-25.0,29.366058
2010-03-01,31.5,-25.0,27.962921
2010-03-02,31.5,-25.0,34.23044
2010-03-03,31.5,-25.0,27.824066
2010-03-04,31.5,-25.0,28.753204
2010-03-05,31.5,-25.0,29.718353
2010-03-06,31.5,-25.0,29.804077
2010-03-07,31.5,-25.0,29.16806
2010-03-08,31.5,-25.0,31.765259
2010-03-09,31.5,-25.0,32.65326
2010-03-10,31.5,-25.0,34.268158
2010-03-11,31.5,-25.0,35.22989
2010-03-12,31.5,-25.0,36.78305
2010-03-13,31.5,-25.0,31.866394
2010-03-14,31.5,-25.0,30.320099
2010-03-15,31.5,-25.0,28.981201
2010-03-16,31.5,-25.0,32.85385
2010-03-17,31.5,-25.0,35.37732
2010-03-18,31.5,-25.0,28.367493
2010-03-19,31.5,-25.0,30.657806
2010-03-20,31.5,-25.0,32.89499
2010-03-21,31.5,-25.0,28.718933
2010-03-22,31.5,-25.0,31.710388
2010-03-23,31.5,-25.0,33.179565
2010-03-24,31.5,-25.0,31.857819
2010-03-25,31.5,-25.0,36.47104
2010-03-26,31.5,-25.0,36.517334
2010-03-27,31.5,-25.0,37.185913
2010-03-28,31.5,-25.0,29.461212
2010-03-29,31.5,-25.0,30.227509
2010-03-30,31.5,-25.0,36.328766
2010-03-31,31.5,-25.0,27.642334
2010-04-01,31.5,-25.0,30.381134
2010-04-02,31.5,-25.0,26.67868
2010-04-03,31.5,-25.0,25.371582
2010-04-04,31.5,-25.0,29.906494
2010-04-05,31.5,-25.0,23.474945
2010-04-06,31.5,-25.0,26.022339
2010-04-07,31.5,-25.0,27.550049
2010-04-08,31.5,-25.0,26.26709
2010-04-09,31.5,-25.0,28.621674
2010-04-10,31.5,-25.0,27.555603
2010-04-11,31.5,-25.0,23.033691
2010-04-12,31.5,-25.0,23.893951
2010-04-13,31.5,-25.0,24.249908
2010-04-14,31.5,-25.0,26.394989
2010-04-15,31.5,-25.0,29.455994
2010-04-16,31.5,-25.0,28.697693
2010-04-17,31.5,-25.0,28.393616
2010-04-18,31.5,-25.0,32.320435
2010-04-19,31.5,-25.0,28.14148
2010-04-20,31.5,-25.0,28.260132
2010-04-21,31.5,-25.0,20.910828
2010-04-22,31.5,-25.0,27.98944
2010-04-23,31.5,-25.0,21.600525
2010-04-24,31.5,-25.0,18.951141
2010-04-25,31.5,-25.0,19.329376
2010-04-26,31.5,-25.0,22.794525
2010-04-27,31.5,-25.0,23.17273
2010-04-28,31.5,-25.0,27.702087
2010-04-29,31.5,-25.0,27.805908
2010-04-30,31.5,-25.0,25.527313
2010-05-01,31.5,-25.0,27.593658
2010-05-02,31.5,-25.0,25.283844
2010-05-03,31.5,-25.0,28.503754
2010-05-04,31.5,-25.0,30.007141
2010-05-05,31.5,-25.0,31.186066
2010-05-06,31.5,-25.0,29.584747
2010-05-07,31.5,-25.0,31.477905
2010-05-08,31.5,-25.0,27.113647
2010-05-09,31.5,-25.0,31.677582
2010-05-10,31.5,-25.0,33.244354
2010-05-11,31.5,-25.0,32.426422
2010-05-12,31.5,-25.0,26.50882
2010-05-13,31.5,-25.0,25.717773
2010-05-14,31.5,-25.0,29.490662
2010-05-15,31.5,-25.0,24.834564
2010-05-16,31.5,-25.0,23.859161
2010-05-17,31.5,-25.0,23.697876
2010-05-18,31.5,-25.0,25.47586
2010-05-19,31.5,-25.0,26.251556
2010-05-20,31.5,-25.0,25.15329
2010-05-21,31.5,-25.0,26.155548
2010-05-22,31.5,-25.0,25.982727
2010-05-23,31.5,-25.0,25.500824
2010-05-24,31.5,-25.0,26.270752
2010-05-25,31.5,-25.0,25.973145
2010-05-26,31.5,-25.0,27.4458
2010-05-27,31.5,-25.0,28.067902
2010-05-28,31.5,-25.0,29.696106
2010-05-29,31.5,-25.0,22.770508
2010-05-30,31.5,-25.0,19.744507
2010-05-31,31.5,-25.0,20.973358
2010-06-01,31.5,-25.0,22.957703
2010-06-02,31.5,-25.0,23.958801
2010-06-03,31.5,-25.0,23.060944
2010-06-04,31.5,-25.0,25.25592
2010-06-05,31.5,-25.0,25.579224
2010-06-06,31.5,-25.0,24.54892
2010-06-07,31.5,-25.0,27.855988
2010-06-08,31.5,-25.0,28.691528
2010-06-09,31.5,-25.0,24.09903
2010-06-10,31.5,-25.0,20.860138
2010-06-11,31.5,-25.0,22.12024
2010-06-12,31.5,-25.0,25.094269
2010-06-13,31.5,-25.0,29.250488
2010-06-14,31.5,-25.0,30.584595
2010-06-15,31.5,-25.0,28.831757
2010-06-16,31.5,-25.0,19.366302
2010-06-17,31.5,-25.0,19.469513
2010-06-18,31.5,-25.0,19.822052
2010-06-19,31.5,-25.0,20.920502
2010-06-20,31.5,-25.0,22.961609
2010-06-21,31.5,-25.0,23.319977
2010-06-22,31.5,-25.0,24.726166
2010-06-23,31.5,-25.0,23.802979
2010-06-24,31.5,-25.0,23.695862
2010-06-25,31.5,-25.0,24.827423
2010-06-26,31.5,-25.0,27.04187
2010-06-27,31.5,-25.0,21.444397
2010-06-28,31.5,-25.0,21.948853
2010-06-29,31.5,-25.0,22.016998
2010-06-30,31.5,-25.0,25.637634
2010-07-01,31.5,-25.0,20.254822
2010-07-02,31.5,-25.0,20.27066
2010-07-03,31.5,-25.0,22.315887
2010-07-04,31.5,-25.0,23.691895
2010-07-05,31.5,-25.0,22.452484
2010-07-06,31.5,-25.0,24.335358
2010-07-07,31.5,-25.0,20.290466
2010-07-08,31.5,-25.0,22.42279
2010-07-09,31.5,-25.0,23.917603
2010-07-10,31.5,-25.0,25.42627
2010-07-11,31.5,-25.0,27.819946
2010-07-12,31.5,-25.0,22.014923
2010-07-13,31.5,-25.0,20.791382
2010-07-14,31.5,-25.0,21.173492
2010-07-15,31.5,-25.0,25.5708
2010-07-16,31.5,-25.0,23.361237
2010-07-17,31.5,-25.0,23.05832
2010-07-18,31.5,-25.0,23.325623
2010-07-19,31.5,-25.0,22.61087
2010-07-20,31.5,-25.0,23.47409
2010-07-21,31.5,-25.0,22.773224
2010-07-22,31.5,-25.0,21.965424
2010-07-23,31.5,-25.0,25.715332
2010-07-24,31.5,-25.0,24.893677
2010-07-25,31.5,-25.0,27.796173
2010-07-26,31.5,-25.0,23.89978
2010-07-27,31.5,-25.0,26.855743
2010-07-28,31.5,-25.0,25.477753
2010-07-29,31.5,-25.0,22.816772
2010-07-30,31.5,-25.0,20.280548
2010-07-31,31.5,-25.0,23.022705
2010-08-01,31.5,-25.0,24.32904
2010-08-02,31.5,-25.0,23.14859
2010-08-03,31.5,-25.0,24.305634
2010-08-04,31.5,-25.0,24.159302
2010-08-05,31.5,-25.0,24.504639
2010-08-06,31.5,-25.0,26.22168
2010-08-07,31.5,-25.0,23.585632
2010-08-08,31.5,-25.0,27.084106
2010-08-09,31.5,-25.0,30.124023
2010-08-10,31.5,-25.0,21.353516
2010-08-11,31.5,-25.0,17.913574
2010-08-12,31.5,-25.0,18.924286
2010-08-13,31.5,-25.0,22.842255
2010-08-14,31.5,-25.0,27.65384
2010-08-15,31.5,-25.0,32.83423
2010-08-16,31.5,-25.0,25.40805
2010-08-17,31.5,-25.0,24.920258
2010-08-18,31.5,-25.0,30.124023
2010-08-19,31.5,-25.0,27.550446
2010-08-20,31.5,-25.0,17.472626
2010-08-21,31.5,-25.0,24.414886
2010-08-22,31.5,-25.0,31.92691
2010-08-23,31.5,-25.0,27.911407
2010-08-24,31.5,-25.0,20.941803
2010-08-25,31.5,-25.0,20.344757
2010-08-26,31.5,-25.0,28.444061
2010-08-27,31.5,-25.0,27.821655
2010-08-28,31.5,-25.0,29.175781
2010-08-29,31.5,-25.0,30.902557
2010-08-30,31.5,-25.0,28.395294
2010-08-31,31.5,-25.0,30.422577
2010-09-01,31.5,-25.0,33.219208
2010-09-02,31.5,-25.0,35.578064
2010-09-03,31.5,-25.0,22.743042
2010-09-04,31.5,-25.0,28.883148
2010-09-05,31.5,-25.0,31.867554
2010-09-06,31.5,-25.0,28.514526
2010-09-07,31.5,-25.0,21.34671
2010-09-08,31.5,-25.0,20.912933
2010-09-09,31.5,-25.0,29.493805
2010-09-10,31.5,-25.0,28.96878
2010-09-11,31.5,-25.0,20.62622
2010-09-12,31.5,-25.0,29.117737
2010-09-13,31.5,-25.0,31.91037
2010-09-14,31.5,-25.0,33.937836
2010-09-15,31.5,-25.0,35.475677
2010-09-16,31.5,-25.0,30.908752
2010-09-17,31.5,-25.0,23.13028
2010-09-18,31.5,-25.0,29.799133
2010-09-19,31.5,-25.0,32.839417
2010-09-20,31.5,-25.0,32.256683
2010-09-21,31.5,-25.0,33.55432
2010-09-22,31.5,-25.0,32.776093
2010-09-23,31.5,-25.0,30.36139
2010-09-24,31.5,-25.0,34.822174
2010-09-25,31.5,-25.0,29.573853
2010-09-26,31.5,-25.0,32.528473
2010-09-27,31.5,-25.0,24.787262
2010-09-28,31.5,-25.0,20.89804
2010-09-29,31.5,-25.0,26.112854
2010-09-30,31.5,-25.0,31.657196
2010-10-01,31.5,-25.0,35.906494
2010-10-02,31.5,-25.0,37.632843
2010-10-03,31.5,-25.0,36.029816
2010-10-04,31.5,-25.0,26.12207
2010-10-05,31.5,-25.0,24.6492
2010-10-06,31.5,-25.0,26.01419
2010-10-07,31.5,-25.0,24.207336
2010-10-08,31.5,-25.0,31.239502
2010-10-09,31.5,-25.0,26.80542
2010-10-10,31.5,-25.0,37.127625
2010-10-11,31.5,-25.0,42.212494
2010-10-12,31.5,-25.0,29.910492
2010-10-13,31.5,-25.0,23.921326
2010-10-14,31.5,-25.0,30.74112
2010-10-15,31.5,-25.0,20.600464
2010-10-16,31.5,-25.0,21.170776
2010-10-17,31.5,-25.0,24.39914
2010-10-18,31.5,-25.0,27.581268
2010-10-19,31.5,-25.0,31.789276
2010-10-20,31.5,-25.0,32.30478
2010-10-21,31.5,-25.0,36.05551
2010-10-22,31.5,-25.0,36.27643
2010-10-23,31.5,-25.0,31.246368
2010-10-24,31.5,-25.0,34.04828
2010-10-25,31.5,-25.0,38.006226
2010-10-26,31.5,-25.0,27.670319
2010-10-27,31.5,-25.0,28.45816
2010-10-28,31.5,-25.0,29.843689
2010-10-29,31.5,-25.0,23.328735
2010-10-30,31.5,-25.0,32.01364
2010-10-31,31.5,-25.0,27.692596
2010-11-01,31.5,-25.0,30.15738
2010-11-02,31.5,-25.0,33.6409
2010-11-03,31.5,-25.0,36.746643
2010-11-04,31.5,-25.0,38.12961
2010-11-05,31.5,-25.0,33.198334
2010-11-06,31.5,-25.0,33.726257
2010-11-07,31.5,-25.0,20.892273
2010-11-08,31.5,-25.0,28.52945
2010-11-09,31.5,-25.0,32.425476
2010-11-10,31.5,-25.0,23.063934
2010-11-11,31.5,-25.0,24.217743
2010-11-12,31.5,-25.0,32.420715
2010-11-13,31.5,-25.0,28.783905
2010-11-14,31.5,-25.0,23.817871
2010-11-15,31.5,-25.0,23.765686
2010-11-16,31.5,-25.0,31.437622
2010-11-17,31.5,-25.0,22.020782
2010-11-18,31.5,-25.0,20.846436
2010-11-19,31.5,-25.0,24.497498
2010-11-20,31.5,-25.0,26.944153
2010-11-21,31.5,-25.0,30.4245
2010-11-22,31.5,-25.0,30.54303
2010-11-23,31.5,-25.0,31.764801
2010-11-24,31.5,-25.0,22.781036
2010-11-25,31.5,-25.0,24.559143
2010-11-26,31.5,-25.0,29.204315
2010-11-27,31.5,-25.0,31.296967
2010-11-28,31.5,-25.0,36.972656
2010-11-29,31.5,-25.0,23.691406
2010-11-30,31.5,-25.0,26.909393
2010-12-01,31.5,-25.0,31.723297
2010-12-02,31.5,-25.0,35.734314
2010-12-03,31.5,-25.0,32.408295
2010-12-04,31.5,-25.0,32.82776
2010-12-05,31.5,-25.0,27.624268
2010-12-06,31.5,-25.0,21.514252
2010-12-07,31.5,-25.0,22.11911
2010-12-08,31.5,-25.0,25.075928
2010-12-09,31.5,-25.0,28.656494
2010-12-10,31.5,-25.0,29.292786
2010-12-11,31.5,-25.0,33.861572
2010-12-12,31.5,-25.0,24.224396
2010-12-13,31.5,-25.0,31.490753
2010-12-14,31.5,-25.0,33.226837
2010-12-15,31.5,-25.0,21.647797
2010-12-16,31.5,-25.0,26.595184
2010-12-17,31.5,-25.0,35.021027
2010-12-18,31.5,-25.0,29.490753
2010-12-19,31.5,-25.0,26.790009
2010-12-20,31.5,-25.0,27.68396
2010-12-21,31.5,-25.0,27.063385
2010-12-22,31.5,-25.0,31.104279
2010-12-23,31.5,-25.0,37.15616
2010-12-24,31.5,-25.0,36.46646
2010-12-25,31.5,-25.0,27.567719
2010-12-26,31.5,-25.0,25.982483
2010-12-27,31.5,-25.0,31.713867
2010-12-28,31.5,-25.0,35.996704
2010-12-29,31.5,-25.0,37.363556
2010-12-30,31.5,-25.0,36.802673
2010-12-31,31.5,-25.0,34.325043
2011-01-01,31.5,-25.0,33.45703
2011-01-02,31.5,-25.0,33.12204
2011-01-03,31.5,-25.0,35.10956
2011-01-04,31.5,-25.0,30.361908
2011-01-05,31.5,-25.0,29.845795
2011-01-06,31.5,-25.0,25.79541
2011-01-07,31.5,-25.0,27.58899
2011-01-08,31.5,-25.0,29.533264
2011-01-09,31.5,-25.0,29.299225
2011-01-10,31.5,-25.0,31.286774
2011-01-11,31.5,-25.0,27.205902
2011-01-12,31.5,-25.0,26.345184
2011-01-13,31.5,-25.0,28.125946
2011-01-14,31.5,-25.0,30.310638
2011-01-15,31.5,-25.0,25.181519
2011-01-16,31.5,-25.0,27.80539
2011-01-17,31.5,-25.0,28.512238
2011-01-18,31.5,-25.0,26.48944
2011-01-19,31.5,-25.0,29.56369
2011-01-20,31.5,-25.0,31.145721
2011-01-21,31.5,-25.0,26.075897
2011-01-22,31.5,-25.0,30.243317
2011-01-23,31.5,-25.0,31.182587
2011-01-24,31.5,-25.0,27.220337
2011-01-25,31.5,-25.0,27.943237
2011-01-26,31.5,-25.0,23.7117
2011-01-27,31.5,-25.0,27.367798
2011-01-28,31.5,-25.0,26.374023
2011-01-29,31.5,-25.0,27.590607
2011-01-30,31.5,-25.0,27.864685
2011-01-31,31.5,-25.0,29.259155
2011-02-01,31.5,-25.0,29.093292
2011-02-02,31.5,-25.0,29.656067
2011-02-03,31.5,-25.0,27.434906
2011-02-04,31.5,-25.0,27.625122
2011-02-05,31.5,-25.0,27.933197
2011-02-06,31.5,-25.0,30.28012
2011-02-07,31.5,-25.0,31.066101
2011-02-08,31.5,-25.0,31.779755
2011-02-09,31.5,-25.0,32.842377
2011-02-10,31.5,-25.0,31.017365
2011-02-11,31.5,-25.0,32.199463
2011-02-12,31.5,-25.0,32.190033
2011-02-13,31.5,-25.0,31.317596
2011-02-14,31.5,-25.0,29.439117
2011-02-15,31.5,-25.0,27.88919
2011-02-16,31.5,-25.0,29.472137
2011-02-17,31.5,-25.0,28.20517
2011-02-18,31.5,-25.0,30.566223
2011-02-19,31.5,-25.0,33.075043
2011-02-20,31.5,-25.0,32.23404
2011-02-21,31.5,-25.0,32.17746
2011-02-22,31.5,-25.0,32.39911
2011-02-23,31.5,-25.0,28.695587
2011-02-24,31.5,-25.0,28.455109
2011-02-25,31.5,-25.0,30.674683
2011-02-26,31.5,-25.0,30.59137
2011-02-27,31.5,-25.0,30.347717
2011-02-28,31.5,-25.0,32.391235
2011-03-01,31.5,-25.0,30.5596
2011-03-02,31.5,-25.0,31.753448
2011-03-03,31.5,-25.0,34.762573
2011-03-04,31.5,-25.0,32.00067
2011-03-05,31.5,-25.0,30.90506
2011-03-06,31.5,-25.0,30.366577
2011-03-07,31.5,-25.0,32.31903
2011-03-08,31.5,-25.0,31.338562
2011-03-09,31.5,-25.0,33.953156
2011-03-10,31.5,-25.0,32.512085
2011-03-11,31.5,-25.0,33.66696
2011-03-12,31.5,-25.0,35.370514
2011-03-13,31.5,-25.0,33.661896
2011-03-14,31.5,-25.0,35.246887
2011-03-15,31.5,-25.0,29.328522
2011-03-16,31.5,-25.0,30.364868
2011-03-17,31.5,-25.0,31.055786
2011-03-18,31.5,-25.0,34.086914
2011-03-19,31.5,-25.0,29.929688
2011-03-20,31.5,-25.0,29.237091
2011-03-21,31.5,-25.0,34.178375
2011-03-22,31.5,-25.0,34.073364
2011-03-23,31.5,-25.0,35.460266
2011-03-24,31.5,-25.0,36.640533
2011-03-25,31.5,-25.0,34.034424
2011-03-26,31.5,-25.0,30.727264
2011-03-27,31.5,-25.0,28.2854
2011-03-28,31.5,-25.0,30.779755
2011-03-29,31.5,-25.0,35.128357
2011-03-30,31.5,-25.0,32.115845
2011-03-31,31.5,-25.0,32.608612
2011-04-01,31.5,-25.0,33.338043
2011-04-02,31.5,-25.0,35.24124
2011-04-03,31.5,-25.0,33.431244
2011-04-04,31.5,-25.0,23.918884
2011-04-05,31.5,-25.0,23.411713
2011-04-06,31.5,-25.0,26.08371
2011-04-07,31.5,-25.0,31.282532
2011-04-08,31.5,-25.0,23.585571
2011-04-09,31.5,-25.0,25.296997
2011-04-10,31.5,-25.0,27.535309
2011-04-11,31.5,-25.0,27.289795
2011-04-12,31.5,-25.0,27.81308
2011-04-13,31.5,-25.0,28.852478
2011-04-14,31.5,-25.0,25.123169
2011-04-15,31.5,-25.0,26.029938
2011-04-16,31.5,-25.0,26.424194
2011-04-17,31.5,-25.0,21.180603
2011-04-18,31.5,-25.0,21.788116
2011-04-19,31.5,-25.0,25.056854
2011-04-20,31.5,-25.0,26.384796
2011-04-21,31.5,-25.0,29.811249
2011-04-22,31.5,-25.0,22.334686
2011-04-23,31.5,-25.0,24.160828
2011-04-24,31.5,-25.0,29.701935
2011-04-25,31.5,-25.0,30.54419
2011-04-26,31.5,-25.0,32.355988
2011-04-27,31.5,-25.0,32.336273
2011-04-28,31.5,-25.0,26.137482
2011-04-29,31.5,-25.0,24.822083
2011-04-30,31.5,-25.0,27.45465
2011-05-01,31.5,-25.0,23.400482
2011-05-02,31.5,-25.0,25.022247
2011-05-03,31.5,-25.0,27.875854
2011-05-04,31.5,-25.0,26.093994
2011-05-05,31.5,-25.0,25.591095
2011-05-06,31.5,-25.0,28.132019
2011-05-07,31.5,-25.0,28.218658
2011-05-08,31.5,-25.0,26.029968
2011-05-09,31.5,-25.0,25.187988
2011-05-10,31.5,-25.0,26.393494
2011-05-11,31.5,-25.0,28.552063
2011-05-12,31.5,-25.0,30.802917
2011-05-13,31.5,-25.0,29.697266
2011-05-14,31.5,-25.0,29.499481
2011-05-15,31.5,-25.0,30.019348
2011-05-16,31.5,-25.0,30.80481
2011-05-17,31.5,-25.0,29.923279
2011-05-18,31.5,-25.0,29.301727
2011-05-19,31.5,-25.0,26.928406
2011-05-20,31.5,-25.0,22.308014
2011-05-21,31.5,-25.0,27.90033
2011-05-22,31.5,-25.0,28.246918
2011-05-23,31.5,-25.0,30.494019
2011-05-24,31.5,-25.0,31.52243
2011-05-25,31.5,-25.0,32.579132
2011-05-26,31.5,-25.0,23.884583
2011-05-27,31.5,-25.0,22.17807
2011-05-28,31.5,-25.0,22.989868
2011-05-29,31.5,-25.0,25.766266
2011-05-30,31.5,-25.0,28.169678
2011-05-31,31.5,-25.0,30.239746
2011-06-01,31.5,-25.0,21.990967
2011-06-02,31.5,-25.0,25.40155
2011-06-03,31.5,-25.0,27.400452
2011-06-04,31.5,-25.0,27.259308
2011-06-05,31.5,-25.0,26.875336
2011-06-06,31.5,-25.0,24.262817
2011-06-07,31.5,-25.0,23.993652
2011-06-08,31.5,-25.0,23.40451
2011-06-09,31.5,-25.0,22.664795
2011-06-10,31.5,-25.0,25.659424
2011-06-11,31.5,-25.0,25.717773
2011-06-12,31.5,-25.0,24.787933
2011-06-13,31.5,-25.0,23.596497
2011-06-14,31.5,-25.0,23.632263
2011-06-15,31.5,-25.0,24.959229
2011-06-16,31.5,-25.0,29.629028
2011-06-17,31.5,-25.0,26.960022
2011-06-18,31.5,-25.0,21.294525
2011-06-19,31.5,-25.0,25.271667
2011-06-20,31.5,-25.0,27.313873
2011-06-21,31.5,-25.0,21.782043
2011-06-22,31.5,-25.0,25.040161
2011-06-23,31.5,-25.0,27.48706
2011-06-24,31.5,-25.0,29.275146
2011-06-25,31.5,-25.0,21.371704
2011-06-26,31.5,-25.0,22.3768
2011-06-27,31.5,-25.0,24.356903
2011-06-28,31.5,-25.0,26.545929
2011-06-29,31.5,-25.0,28.215454
2011-06-30,31.5,-25.0,29.391846
2011-07-01,31.5,-25.0,20.825684
2011-07-02,31.5,-25.0,25.683441
2011-07-03,31.5,-25.0,22.606812
2011-07-04,31.5,-25.0,18.306946
2011-07-05,31.5,-25.0,22.725403
2011-07-06,31.5,-25.0,21.578156
2011-07-07,31.5,-25.0,22.273193
2011-07-08,31.5,-25.0,21.89325
2011-07-09,31.5,-25.0,19.60431
2011-07-10,31.5,-25.0,19.291077
2011-07-11,31.5,-25.0,20.05655
2011-07-12,31.5,-25.0,20.825684
2011-07-13,31.5,-25.0,18.963043
2011-07-14,31.5,-25.0,21.348358
2011-07-15,31.5,-25.0,22.905182
2011-07-16,31.5,-25.0,21.626343
2011-07-17,31.5,-25.0,23.828186
2011-07-18,31.5,-25.0,23.181366
2011-07-19,31.5,-25.0,24.780823
2011-07-20,31.5,-25.0,27.731415
2011-07-21,31.5,-25.0,27.503448
2011-07-22,31.5,-25.0,24.671478
2011-07-23,31.5,-25.0,24.033905
2011-07-24,31.5,-25.0,27.318115
2011-07-25,31.5,-25.0,24.908722
2011-07-26,31.5,-25.0,15.137634
2011-07-27,31.5,-25.0,20.747864
2011-07-28,31.5,-25.0,24.267426
2011-07-29,31.5,-25.0,24.482422
2011-07-30,31.5,-25.0,22.286163
2011-07-31,31.5,-25.0,20.829407
2011-08-01,31.5,-25.0,22.81134
2011-08-02,31.5,-25.0,21.761108
2011-08-03,31.5,-25.0,23.075806
2011-08-04,31.5,-25.0,24.968506
2011-08-05,31.5,-25.0,28.259033
2011-08-06,31.5,-25.0,20.999878
2011-08-07,31.5,-25.0,18.786041
2011-08-08,31.5,-25.0,24.830627
2011-08-09,31.5,-25.0,24.037262
2011-08-10,31.5,-25.0,22.460022
2011-08-11,31.5,-25.0,24.82306
2011-08-12,31.5,-25.0,28.510254
2011-08-13,31.5,-25.0,33.240143
2011-08-14,31.5,-25.0,20.113953
2011-08-15,31.5,-25.0,16.40976
2011-08-16,31.5,-25.0,17.284332
2011-08-17,31.5,-25.0,19.04483
2011-08-18,31.5,-25.0,20.837433
2011-08-19,31.5,-25.0,24.059937
2011-08-20,31.5,-25.0,26.747894
2011-08-21,31.5,-25.0,29.802307
2011-08-22,31.5,-25.0,28.888062
2011-08-23,31.5,-25.0,27.080353
2011-08-24,31.5,-25.0,29.681396
2011-08-25,31.5,-25.0,25.376526
2011-08-26,31.5,-25.0,32.692352
2011-08-27,31.5,-25.0,21.626984
2011-08-28,31.5,-25.0,19.401825
2011-08-29,31.5,-25.0,23.538605
2011-08-30,31.5,-25.0,29.067505
2011-08-31,31.5,-25.0,30.725983
2011-09-01,31.5,-25.0,26.989624
2011-09-02,31.5,-25.0,37.47882
2011-09-03,31.5,-25.0,24.652283
2011-09-04,31.5,-25.0,31.101868
2011-09-05,31.5,-25.0,27.041779
2011-09-06,31.5,-25.0,33.625458
2011-09-07,31.5,-25.0,30.628815
2011-09-08,31.5,-25.0,33.08908
2011-09-09,31.5,-25.0,35.595917
2011-09-10,31.5,-25.0,35.13031
2011-09-11,31.5,-25.0,31.260193
2011-09-12,31.5,-25.0,32.422333
2011-09-13,31.5,-25.0,33.336792
2011-09-14,31.5,-25.0,28.187164
2011-09-15,31.5,-25.0,31.483673
2011-09-16,31.5,-25.0,26.455109
2011-09-17,31.5,-25.0,25.313446
2011-09-18,31.5,-25.0,34.75409
2011-09-19,31.5,-25.0,32.353424
2011-09-20,31.5,-25.0,23.434235
2011-09-21,31.5,-25.0,28.365967
2011-09-22,31.5,-25.0,18.655243
2011-09-23,31.5,-25.0,27.753235
2011-09-24,31.5,-25.0,24.469757
2011-09-25,31.5,-25.0,22.687408
2011-09-26,31.5,-25.0,29.792572
2011-09-27,31.5,-25.0,35.88272
2011-09-28,31.5,-25.0,27.773712
2011-09-29,31.5,-25.0,34.69821
2011-09-30,31.5,-25.0,27.72342
2011-10-01,31.5,-25.0,25.262543
2011-10-02,31.5,-25.0,32.081543
2011-10-03,31.5,-25.0,31.150818
2011-10-04,31.5,-25.0,25.40506
2011-10-05,31.5,-25.0,18.081207
2011-10-06,31.5,-25.0,24.841827
2011-10-07,31.5,-25.0,27.917328
2011-10-08,31.5,-25.0,30.864044
2011-10-09,31.5,-25.0,29.122803
2011-10-10,31.5,-25.0,28.351776
2011-10-11,31.5,-25.0,28.91504
2011-10-12,31.5,-25.0,30.275055
2011-10-13,31.5,-25.0,31.79306
2011-10-14,31.5,-25.0,31.878906
2011-10-15,31.5,-25.0,33.700867
2011-10-16,31.5,-25.0,23.15039
2011-10-17,31.5,-25.0,24.185852
2011-10-18,31.5,-25.0,28.477142
2011-10-19,31.5,-25.0,34.02884
2011-10-20,31.5,-25.0,34.46158
2011-10-21,31.5,-25.0,29.569275
2011-10-22,31.5,-25.0,35.06949
2011-10-23,31.5,-25.0,42.39505
2011-10-24,31.5,-25.0,36.403748
2011-10-25,31.5,-25.0,36.226868
2011-10-26,31.5,-25.0,28.808563
2011-10-27,31.5,-25.0,35.35968
2011-10-28,31.5,-25.0,32.77359
2011-10-29,31.5,-25.0,31.12851
2011-10-30,31.5,-25.0,34.10956
2011-10-31,31.5,-25.0,27.05014
2011-11-01,31.5,-25.0,19.544098
2011-11-02,31.5,-25.0,24.825134
2011-11-03,31.5,-25.0,27.434326
2011-11-04,31.5,-25.0,34.721252
2011-11-05,31.5,-25.0,31.913025
2011-11-06,31.5,-25.0,27.268219
2011-11-07,31.5,-25.0,26.274689
2011-11-08,31.5,-25.0,35.819763
2011-11-09,31.5,-25.0,39.45694
2011-11-10,31.5,-25.0,40.021088
2011-11-11,31.5,-25.0,32.058777
2011-11-12,31.5,-25.0,39.812683
2011-11-13,31.5,-25.0,37.77234
2011-11-14,31.5,-25.0,40.19818
2011-11-15,31.5,-25.0,24.876862
2011-11-16,31.5,-25.0,34.08499
2011-11-17,31.5,-25.0,39.49298
2011-11-18,31.5,-25.0,36.282043
2011-11-19,31.5,-25.0,30.986877
2011-11-20,31.5,-25.0,29.58905
2011-11-21,31.5,-25.0,35.426422
2011-11-22,31.5,-25.0,19.111572
2011-11-23,31.5,-25.0,24.115265
2011-11-24,31.5,-25.0,25.099365
2011-11-25,31.5,-25.0,23.372467
2011-11-26,31.5,-25.0,27.594177
2011-11-27,31.5,-25.0,26.20575
2011-11-28,31.5,-25.0,29.399445
2011-11-29,31.5,-25.0,28.680145
2011-11-30,31.5,-25.0,33.599213
2011-12-01,31.5,-25.0,34.788208
2011-12-02,31.5,-25.0,33.859924
2011-12-03,31.5,-25.0,25.661896
2011-12-04,31.5,-25.0,25.068604
2011-12-05,31.5,-25.0,28.200134
2011-12-06,31.5,-25.0,31.521667
2011-12-07,31.5,-25.0,32.44165
2011-12-08,31.5,-25.0,31.806671
2011-12-09,31.5,-25.0,24.490265
2011-12-10,31.5,-25.0,25.496918
2011-12-11,31.5,-25.0,29.91507
2011-12-12,31.5,-25.0,37.181458
2011-12-13,31.5,-25.0,33.646606
2011-12-14,31.5,-25.0,28.275146
2011-12-15,31.5,-25.0,32.54663
2011-12-16,31.5,-25.0,27.77182
2011-12-17,31.5,-25.0,28.178467
2011-12-18,31.5,-25.0,28.593445
2011-12-19,31.5,-25.0,29.858398
2011-12-20,31.5,-25.0,29.291748
2011-12-21,31.5,-25.0,33.609924
2011-12-22,31.5,-25.0,36.30316
2011-12-23,31.5,-25.0,32.87497
2011-12-24,31.5,-25.0,21.802032
2011-12-25,31.5,-25.0,28.466797
2011-12-26,31.5,-25.0,29.510101
2011-12-27,31.5,-25.0,30.22174
2011-12-28,31.5,-25.0,32.908295
2011-12-29,31.5,-25.0,27.655151
2011-12-30,31.5,-25.0,28.9151
2011-12-31,31.5,-25.0,31.463348
2012-01-01,31.5,-25.0,32.359283
2012-01-02,31.5,-25.0,33.5076
2012-01-03,31.5,-25.0,35.9227
2012-01-04,31.5,-25.0,34.42688
2012-01-05,31.5,-25.0,35.60559
2012-01-06,31.5,-25.0,34.24591
2012-01-07,31.5,-25.0,31.05243
2012-01-08,31.5,-25.0,33.781464
2012-01-09,31.5,-25.0,34.6687
2012-01-10,31.5,-25.0,34.678314
2012-01-11,31.5,-25.0,28.150452
2012-01-12,31.5,-25.0,31.196564
2012-01-13,31.5,-25.0,32.730835
2012-01-14,31.5,-25.0,32.30005
2012-01-15,31.5,-25.0,32.464996
2012-01-16,31.5,-25.0,27.3609
2012-01-17,31.5,-25.0,22.875
2012-01-18,31.5,-25.0,24.843292
2012-01-19,31.5,-25.0,26.512085
2012-01-20,31.5,-25.0,26.696259
2012-01-21,31.5,-25.0,28.803894
2012-01-22,31.5,-25.0,29.470123
2012-01-23,31.5,-25.0,30.6008
2012-01-24,31.5,-25.0,30.7081
2012-01-25,31.5,-25.0,28.201721
2012-01-26,31.5,-25.0,30.427856
2012-01-27,31.5,-25.0,30.30133
2012-01-28,31.5,-25.0,29.76001
2012-01-29,31.5,-25.0,29.554993
2012-01-30,31.5,-25.0,31.936493
2012-01-31,31.5,-25.0,32.09665
2012-02-01,31.5,-25.0,31.82898
2012-02-02,31.5,-25.0,32.499146
2012-02-03,31.5,-25.0,34.23117
2012-02-04,31.5,-25.0,31.48288
2012-02-05,31.5,-25.0,30.43988
2012-02-06,31.5,-25.0,32.09012
2012-02-07,31.5,-25.0,31.545807
2012-02-08,31.5,-25.0,34.12735
2012-02-09,31.5,-25.0,34.940674
2012-02-10,31.5,-25.0,36.80957
2012-02-11,31.5,-25.0,37.555237
2012-02-12,31.5,-25.0,31.467163
2012-02-13,31.5,-25.0,32.82794
2012-02-14,31.5,-25.0,34.61032
2012-02-15,31.5,-25.0,36.65857
2012-02-16,31.5,-25.0,35.365417
2012-02-17,31.5,-25.0,39.167725
2012-02-18,31.5,-25.0,31.997314
2012-02-19,31.5,-25.0,29.101135
2012-02-20,31.5,-25.0,33.019867
2012-02-21,31.5,-25.0,35.67691
2012-02-22,31.5,-25.0,34.427826
2012-02-23,31.5,-25.0,36.398987
2012-02-24,31.5,-25.0,30.380096
2012-02-25,31.5,-25.0,35.168793
2012-02-26,31.5,-25.0,34.616608
2012-02-27,31.5,-25.0,32.92862
2012-02-28,31.5,-25.0,32.06494
2012-02-29,31.5,-25.0,31.228027
2012-03-01,31.5,-25.0,30.339691
2012-03-02,31.5,-25.0,31.824463
2012-03-03,31.5,-25.0,32.03586
2012-03-04,31.5,-25.0,34.897156
2012-03-05,31.5,-25.0,32.207703
2012-03-06,31.5,-25.0,27.744751
2012-03-07,31.5,-25.0,30.178162
2012-03-08,31.5,-25.0,31.631989
2012-03-09,31.5,-25.0,32.26956
2012-03-10,31.5,-25.0,34.06195
2012-03-11,31.5,-25.0,32.43454
2012-03-12,31.5,-25.0,30.822601
2012-03-13,31.5,-25.0,37.14496
2012-03-14,31.5,-25.0,29.672913
2012-03-15,31.5,-25.0,30.307037
2012-03-16,31.5,-25.0,32.568573
2012-03-17,31.5,-25.0,34.720154
2012-03-18,31.5,-25.0,24.580994
2012-03-19,31.5,-25.0,31.93274
2012-03-20,31.5,-25.0,30.288147
2012-03-21,31.5,-25.0,30.66449
2012-03-22,31.5,-25.0,33.692474
2012-03-23,31.5,-25.0,31.809021
2012-03-24,31.5,-25.0,29.202026
2012-03-25,31.5,-25.0,31.202362
2012-03-26,31.5,-25.0,33.171783
2012-03-27,31.5,-25.0,35.345673
2012-03-28,31.5,-25.0,31.341583
2012-03-29,31.5,-25.0,32.082245
2012-03-30,31.5,-25.0,34.096344
2012-03-31,31.5,-25.0,31.523743
2012-04-01,31.5,-25.0,24.799103
2012-04-02,31.5,-25.0,26.119171
2012-04-03,31.5,-25.0,25.962402
2012-04-04,31.5,-25.0,28.688019
2012-04-05,31.5,-25.0,29.047882
2012-04-06,31.5,-25.0,26.676758
2012-04-07,31.5,-25.0,28.94635
2012-04-08,31.5,-25.0,32.44867
2012-04-09,31.5,-25.0,36.002686
2012-04-10,31.5,-25.0,26.462982
2012-04-11,31.5,-25.0,27.706451
2012-04-12,31.5,-25.0,23.93512
2012-04-13,31.5,-25.0,24.946991
2012-04-14,31.5,-25.0,26.037231
2012-04-15,31.5,-25.0,30.378632
2012-04-16,31.5,-25.0,28.552643
2012-04-17,31.5,-25.0,27.936249
2012-04-18,31.5,-25.0,29.78183
2012-04-19,31.5,-25.0,26.664307
2012-04-20,31.5,-25.0,25.367401
2012-04-21,31.5,-25.0,27.369751
2012-04-22,31.5,-25.0,31.255096
2012-04-23,31.5,-25.0,21.865051
2012-04-24,31.5,-25.0,19.754028
2012-04-25,31.5,-25.0,22.713043
2012-04-26,31.5,-25.0,25.367401
2012-04-27,31.5,-25.0,30.102509
2012-04-28,31.5,-25.0,28.180328
2012-04-29,31.5,-25.0,34.258636
2012-04-30,31.5,-25.0,33.843567
2012-05-01,31.5,-25.0,36.40686
2012-05-02,31.5,-25.0,29.671448
2012-05-03,31.5,-25.0,34.277405
2012-05-04,31.5,-25.0,35.19406
2012-05-05,31.5,-25.0,29.784607
2012-05-06,31.5,-25.0,28.737823
2012-05-07,31.5,-25.0,27.777771
2012-05-08,31.5,-25.0,25.76715
2012-05-09,31.5,-25.0,28.021088
2012-05-10,31.5,-25.0,27.866425
2012-05-11,31.5,-25.0,26.376373
2012-05-12,31.5,-25.0,26.161346
2012-05-13,31.5,-25.0,28.396423
2012-05-14,31.5,-25.0,30.188263
2012-05-15,31.5,-25.0,27.574066
2012-05-16,31.5,-25.0,24.146942
2012-05-17,31.5,-25.0,27.566528
2012-05-18,31.5,-25.0,30.948364
2012-05-19,31.5,-25.0,28.879272
2012-05-20,31.5,-25.0,24.373291
2012-05-21,31.5,-25.0,19.950287
2012-05-22,31.5,-25.0,23.633911
2012-05-23,31.5,-25.0,27.187408
2012-05-24,31.5,-25.0,30.267456
2012-05-25,31.5,-25.0,26.133057
2012-05-26,31.5,-25.0,26.09909
2012-05-27,31.5,-25.0,25.46347
2012-05-28,31.5,-25.0,24.073395
2012-05-29,31.5,-25.0,27.443909
2012-05-30,31.5,-25.0,28.956604
2012-05-31,31.5,-25.0,23.535828
2012-06-01,31.5,-25.0,26.468964
2012-06-02,31.5,-25.0,25.125854
2012-06-03,31.5,-25.0,25.639282
2012-06-04,31.5,-25.0,23.472351
2012-06-05,31.5,-25.0,25.145386
2012-06-06,31.5,-25.0,27.261536
2012-06-07,31.5,-25.0,25.80716
2012-06-08,31.5,-25.0,31.197144
2012-06-09,31.5,-25.0,24.649506
2012-06-10,31.5,-25.0,21.496735
2012-06-11,31.5,-25.0,21.53189
2012-06-12,31.5,-25.0,24.713928
2012-06-13,31.5,-25.0,23.564117
2012-06-14,31.5,-25.0,21.592407
2012-06-15,31.5,-25.0,22.990173
2012-06-16,31.5,-25.0,24.530426
2012-06-17,31.5,-25.0,24.516754
2012-06-18,31.5,-25.0,27.058502
2012-06-19,31.5,-25.0,24.042389
2012-06-20,31.5,-25.0,26.8555
2012-06-21,31.5,-25.0,21.85202
2012-06-22,31.5,-25.0,21.404999
2012-06-23,31.5,-25.0,28.04242
2012-06-24,31.5,-25.0,26.675873
2012-06-25,31.5,-25.0,24.35083
2012-06-26,31.5,-25.0,23.380585
2012-06-27,31.5,-25.0,28.630035
2012-06-28,31.5,-25.0,23.527008
2012-06-29,31.5,-25.0,27.790588
2012-06-30,31.5,-25.0,28.628082
2012-07-01,31.5,-25.0,25.473053
2012-07-02,31.5,-25.0,29.559357
2012-07-03,31.5,-25.0,24.265442
2012-07-04,31.5,-25.0,28.666656
2012-07-05,31.5,-25.0,21.605438
2012-07-06,31.5,-25.0,26.480103
2012-07-07,31.5,-25.0,27.112
2012-07-08,31.5,-25.0,22.17514
2012-07-09,31.5,-25.0,22.895325
2012-07-10,31.5,-25.0,28.086914
2012-07-11,31.5,-25.0,29.065857
2012-07-12,31.5,-25.0,22.586395
2012-07-13,31.5,-25.0,24.532227
2012-07-14,31.5,-25.0,25.697754
2012-07-15,31.5,-25.0,23.838165
2012-07-16,31.5,-25.0,20.875244
2012-07-17,31.5,-25.0,22.774963
2012-07-18,31.5,-25.0,19.256378
2012-07-19,31.5,-25.0,22.460022
2012-07-20,31.5,-25.0,26.845184
2012-07-21,31.5,-25.0,29.549316
2012-07-22,31.5,-25.0,30.606506
2012-07-23,31.5,-25.0,20.756897
2012-07-24,31.5,-25.0,23.719788
2012-07-25,31.5,-25.0,23.603455
2012-07-26,31.5,-25.0,25.22232
2012-07-27,31.5,-25.0,29.27649
2012-07-28,31.5,-25.0,22.54425
2012-07-29,31.5,-25.0,19.78598
2012-07-30,31.5,-25.0,23.051788
2012-07-31,31.5,-25.0,26.538269
2012-08-01,31.5,-25.0,31.186981
2012-08-02,31.5,-25.0,20.711945
2012-08-03,31.5,-25.0,24.884277
2012-08-04,31.5,-25.0,27.584595
2012-08-05,31.5,-25.0,29.36908
2012-08-06,31.5,-25.0,29.600983
2012-08-07,31.5,-25.0,22.681183
2012-08-08,31.5,-25.0,22.20163
2012-08-09,31.5,-25.0,23.832825
2012-08-10,31.5,-25.0,28.3255
2012-08-11,31.5,-25.0,31.096588
2012-08-12,31.5,-25.0,24.559998
2012-08-13,31.5,-25.0,23.201965
2012-08-14,31.5,-25.0,26.947845
2012-08-15,31.5,-25.0,29.90561
2012-08-16,31.5,-25.0,27.173859
2012-08-17,31.5,-25.0,23.115509
2012-08-18,31.5,-25.0,23.532135
2012-08-19,31.5,-25.0,28.317657
2012-08-20,31.5,-25.0,34.940704
2012-08-21,31.5,-25.0,28.972107
2012-08-22,31.5,-25.0,34.92105
2012-08-23,31.5,-25.0,28.40805
2012-08-24,31.5,-25.0,33.32129
2012-08-25,31.5,-25.0,35.53421
2012-08-26,31.5,-25.0,28.410004
2012-08-27,31.5,-25.0,26.448639
2012-08-28,31.5,-25.0,25.57016
2012-08-29,31.5,-25.0,33.06189
2012-08-30,31.5,-25.0,34.26071
2012-08-31,31.5,-25.0,33.690765
2012-09-01,31.5,-25.0,39.22293
2012-09-02,31.5,-25.0,20.432098
2012-09-03,31.5,-25.0,31.553406
2012-09-04,31.5,-25.0,21.413696
2012-09-05,31.5,-25.0,17.506104
2012-09-06,31.5,-25.0,17.2016
2012-09-07,31.5,-25.0,20.507751
2012-09-08,31.5,-25.0,22.677155
2012-09-09,31.5,-25.0,27.063263
2012-09-10,31.5,-25.0,31.490967
2012-09-11,31.5,-25.0,22.7547
2012-09-12,31.5,-25.0,25.552063
2012-09-13,31.5,-25.0,29.686615
2012-09-14,31.5,-25.0,19.562042
2012-09-15,31.5,-25.0,16.7193
2012-09-16,31.5,-25.0,17.982758
2012-09-17,31.5,-25.0,21.837372
2012-09-18,31.5,-25.0,28.984894
2012-09-19,31.5,-25.0,29.225098
2012-09-20,31.5,-25.0,28.557465
2012-09-21,31.5,-25.0,32.7847
2012-09-22,31.5,-25.0,32.833862
2012-09-23,31.5,-25.0,22.735779
2012-09-24,31.5,-25.0,32.13217
2012-09-25,31.5,-25.0,25.08487
2012-09-26,31.5,-25.0,30.286163
2012-09-27,31.5,-25.0,34.976807
2012-09-28,31.5,-25.0,36.834137
2012-09-29,31.5,-25.0,27.093536
2012-09-30,31.5,-25.0,29.478546
2012-10-01,31.5,-25.0,30.611969
2012-10-02,31.5,-25.0,35.018097
2012-10-03,31.5,-25.0,36.86371
2012-10-04,31.5,-25.0,40.09613
2012-10-05,31.5,-25.0,31.075958
2012-10-06,31.5,-25.0,36.028534
2012-10-07,31.5,-25.0,35.43567
2012-10-08,31.5,-25.0,24.886078
2012-10-09,31.5,-25.0,28.98288
2012-10-10,31.5,-25.0,35.227753
2012-10-11,31.5,-25.0,24.087006
2012-10-12,31.5,-25.0,19.708374
2012-10-13,31.5,-25.0,23.263855
2012-10-14,31.5,-25.0,24.685028
2012-10-15,31.5,-25.0,29.476074
2012-10-16,31.5,-25.0,32.24106
2012-10-17,31.5,-25.0,25.851837
2012-10-18,31.5,-25.0,34.42694
2012-10-19,31.5,-25.0,27.022125
2012-10-20,31.5,-25.0,26.049469
2012-10-21,31.5,-25.0,30.098145
2012-10-22,31.5,-25.0,33.378693
2012-10-23,31.5,-25.0,20.80304
2012-10-24,31.5,-25.0,21.117493
2012-10-25,31.5,-25.0,22.561005
2012-10-26,31.5,-25.0,28.627167
2012-10-27,31.5,-25.0,23.382416
2012-10-28,31.5,-25.0,23.248383
2012-10-29,31.5,-25.0,26.73169
2012-10-30,31.5,-25.0,30.158295
2012-10-31,31.5,-25.0,26.135406
2012-11-01,31.5,-25.0,23.461823
2012-11-02,31.5,-25.0,21.568604
2012-11-03,31.5,-25.0,26.797485
2012-11-04,31.5,-25.0,33.756073
2012-11-05,31.5,-25.0,37.166595
2012-11-06,31.5,-25.0,32.984436
2012-11-07,31.5,-25.0,25.963196
2012-11-08,31.5,-25.0,20.300354
2012-11-09,31.5,-25.0,22.736023
2012-11-10,31.5,-25.0,29.272858
2012-11-11,31.5,-25.0,29.144531
2012-11-12,31.5,-25.0,33.16626
2012-11-13,31.5,-25.0,34.877625
2012-11-14,31.5,-25.0,26.823456
2012-11-15,31.5,-25.0,30.71991
2012-11-16,31.5,-25.0,36.546234
2012-11-17,31.5,-25.0,37.858795
2012-11-18,31.5,-25.0,25.138062
2012-11-19,31.5,-25.0,32.07068
2012-11-20,31.5,-25.0,32.08441
2012-11-21,31.5,-25.0,32.37323
2012-11-22,31.5,-25.0,23.082886
2012-11-23,31.5,-25.0,28.770142
2012-11-24,31.5,-25.0,33.474915
2012-11-25,31.5,-25.0,25.162506
2012-11-26,31.5,-25.0,24.51004
2012-11-27,31.5,-25.0,25.0372
2012-11-28,31.5,-25.0,24.467255
2012-11-29,31.5,-25.0,34.07544
2012-11-30,31.5,-25.0,28.884766
2012-12-01,31.5,-25.0,23.896484
2012-12-02,31.5,-25.0,25.917786
2012-12-03,31.5,-25.0,30.721924
2012-12-04,31.5,-25.0,29.717072
2012-12-05,31.5,-25.0,32.486664
2012-12-06,31.5,-25.0,26.290283
2012-12-07,31.5,-25.0,30.354431
2012-12-08,31.5,-25.0,30.409058
2012-12-09,31.5,-25.0,29.01184
2012-12-10,31.5,-25.0,29.015167
2012-12-11,31.5,-25.0,24.00409
2012-12-12,31.5,-25.0,23.95111
2012-12-13,31.5,-25.0,25.419495
2012-12-14,31.5,-25.0,26.897827
2012-12-15,31.5,-25.0,28.742004
2012-12-16,31.5,-25.0,30.144165
2012-12-17,31.5,-25.0,27.748718
2012-12-18,31.5,-25.0,24.985779
2012-12-19,31.5,-25.0,28.472168
2012-12-20,31.5,-25.0,31.761566
2012-12-21,31.5,-25.0,28.273499
2012-12-22,31.5,-25.0,30.705383
2012-12-23,31.5,-25.0,32.238342
2012-12-24,31.5,-25.0,34.33911
2012-12-25,31.5,-25.0,35.557526
2012-12-26,31.5,-25.0,26.763733
2012-12-27,31.5,-25.0,29.251892
2012-12-28,31.5,-25.0,33.863983
2012-12-29,31.5,-25.0,33.614014
2012-12-30,31.5,-25.0,35.362183
2012-12-31,31.5,-25.0,33.30609
2013-01-01,31.5,-25.0,30.498718
2013-01-02,31.5,-25.0,26.119629
2013-01-03,31.5,-25.0,33.161865
2013-01-04,31.5,-25.0,25.103241
2013-01-05,31.5,-25.0,25.743744
2013-01-06,31.5,-25.0,32.314056
2013-01-07,31.5,-25.0,30.44983
2013-01-08,31.5,-25.0,32.88208
2013-01-09,31.5,-25.0,37.835907
2013-01-10,31.5,-25.0,38.186523
2013-01-11,31.5,-25.0,27.33493
2013-01-12,31.5,-25.0,23.217102
2013-01-13,31.5,-25.0,23.39746
2013-01-14,31.5,-25.0,27.587769
2013-01-15,31.5,-25.0,27.041626
2013-01-16,31.5,-25.0,25.516205
2013-01-17,31.5,-25.0,29.83966
2013-01-18,31.5,-25.0,30.463318
2013-01-19,31.5,-25.0,24.2807
2013-01-20,31.5,-25.0,22.446808
2013-01-21,31.5,-25.0,26.719696
2013-01-22,31.5,-25.0,27.84903
2013-01-23,31.5,-25.0,28.62268
2013-01-24,31.5,-25.0,31.28418
2013-01-25,31.5,-25.0,30.968964
2013-01-26,31.5,-25.0,27.20346
2013-01-27,31.5,-25.0,29.135101
2013-01-28,31.5,-25.0,25.898834
2013-01-29,31.5,-25.0,27.39392
2013-01-30,31.5,-25.0,28.14566
2013-01-31,31.5,-25.0,29.740204
2013-02-01,31.5,-25.0,28.166534
2013-02-02,31.5,-25.0,27.983246
2013-02-03,31.5,-25.0,31.533997
2013-02-04,31.5,-25.0,28.85553
2013-02-05,31.5,-25.0,22.555176
2013-02-06,31.5,-25.0,25.938446
2013-02-07,31.5,-25.0,30.66803
2013-02-08,31.5,-25.0,30.925598
2013-02-09,31.5,-25.0,29.647217
2013-02-10,31.5,-25.0,29.56186
2013-02-11,31.5,-25.0,30.301422
2013-02-12,31.5,-25.0,28.689606
2013-02-13,31.5,-25.0,29.340637
2013-02-14,31.5,-25.0,31.361755
2013-02-15,31.5,-25.0,30.329865
2013-02-16,31.5,-25.0,28.795471
2013-02-17,31.5,-25.0,28.992981
2013-02-18,31.5,-25.0,31.161041
2013-02-19,31.5,-25.0,32.88507
2013-02-20,31.5,-25.0,34.247223
2013-02-21,31.5,-25.0,28.11438
2013-02-22,31.5,-25.0,27.08252
2013-02-23,31.5,-25.0,31.638275
2013-02-24,31.5,-25.0,26.194427
2013-02-25,31.5,-25.0,28.803375
2013-02-26,31.5,-25.0,30.44522
2013-02-27,31.5,-25.0,32.102875
2013-02-28,31.5,-25.0,33.069946
2013-03-01,31.5,-25.0,25.069305
2013-03-02,31.5,-25.0,26.112976
2013-03-03,31.5,-25.0,25.374146
2013-03-04,31.5,-25.0,28.756226
2013-03-05,31.5,-25.0,29.975616
2013-03-06,31.5,-25.0,33.14789
2013-03-07,31.5,-25.0,34.32605
2013-03-08,31.5,-25.0,34.72235
2013-03-09,31.5,-25.0,33.8024
2013-03-10,31.5,-25.0,25.555267
2013-03-11,31.5,-25.0,25.460205
2013-03-12,31.5,-25.0,27.337738
2013-03-13,31.5,-25.0,28.245148
2013-03-14,31.5,-25.0,26.035858
2013-03-15,31.5,-25.0,28.248718
2013-03-16,31.5,-25.0,33.24472
2013-03-17,31.5,-25.0,31.153778
2013-03-18,31.5,-25.0,29.921814
2013-03-19,31.5,-25.0,33.15506
2013-03-20,31.5,-25.0,25.114136
2013-03-21,31.5,-25.0,26.337128
2013-03-22,31.5,-25.0,29.095123
2013-03-23,31.5,-25.0,29.884155
2013-03-24,31.5,-25.0,29.12204
2013-03-25,31.5,-25.0,29.638489
2013-03-26,31.5,-25.0,28.401154
2013-03-27,31.5,-25.0,27.004211
2013-03-28,31.5,-25.0,29.229614
2013-03-29,31.5,-25.0,29.270874
2013-03-30,31.5,-25.0,28.175201
2013-03-31,31.5,-25.0,27.56549
2013-04-01,31.5,-25.0,28.582245
2013-04-02,31.5,-25.0,32.241394
2013-04-03,31.5,-25.0,22.97934
2013-04-04,31.5,-25.0,19.07724
2013-04-05,31.5,-25.0,23.60672
2013-04-06,31.5,-25.0,25.459839
2013-04-07,31.5,-25.0,27.610352
2013-04-08,31.5,-25.0,32.49344
2013-04-09,31.5,-25.0,33.09543
2013-04-10,31.5,-25.0,25.570465
2013-04-11,31.5,-25.0,20.88321
2013-04-12,31.5,-25.0,21.789825
2013-04-13,31.5,-25.0,24.049133
2013-04-14,31.5,-25.0,27.483429
2013-04-15,31.5,-25.0,28.553253
2013-04-16,31.5,-25.0,30.411835
2013-04-17,31.5,-25.0,31.31845
2013-04-18,31.5,-25.0,32.368317
2013-04-19,31.5,-25.0,22.388214
2013-04-20,31.5,-25.0,21.820679
2013-04-21,31.5,-25.0,26.734558
2013-04-22,31.5,-25.0,25.664734
2013-04-23,31.5,-25.0,23.972992
2013-04-24,31.5,-25.0,23.724579
2013-04-25,31.5,-25.0,24.64569
2013-04-26,31.5,-25.0,25.231384
2013-04-27,31.5,-25.0,24.460754
2013-04-28,31.5,-25.0,26.607635
2013-04-29,31.5,-25.0,27.588593
2013-04-30,31.5,-25.0,24.83609
2013-05-01,31.5,-25.0,25.268768
2013-05-02,31.5,-25.0,26.176208
2013-05-03,31.5,-25.0,27.704315
2013-05-04,31.5,-25.0,29.909698
2013-05-05,31.5,-25.0,23.797272
2013-05-06,31.5,-25.0,23.129425
2013-05-07,31.5,-25.0,23.101135
2013-05-08,31.5,-25.0,26.223358
2013-05-09,31.5,-25.0,29.705933
2013-05-10,31.5,-25.0,21.486267
2013-05-11,31.5,-25.0,23.79538
2013-05-12,31.5,-25.0,23.831238
2013-05-13,31.5,-25.0,24.706604
2013-05-14,31.5,-25.0,25.040497
2013-05-15,31.5,-25.0,26.87799
2013-05-16,31.5,-25.0,28.638153
2013-05-17,31.5,-25.0,25.244263
2013-05-18,31.5,-25.0,21.605103
2013-05-19,31.5,-25.0,22.372925
2013-05-20,31.5,-25.0,27.051575
2013-05-21,31.5,-25.0,26.189423
2013-05-22,31.5,-25.0,26.295074
2013-05-23,31.5,-25.0,27.06665
2013-05-24,31.5,-25.0,27.802399
2013-05-25,31.5,-25.0,26.528992
2013-05-26,31.5,-25.0,29.424835
2013-05-27,31.5,-25.0,31.041626
2013-05-28,31.5,-25.0,25.302734
2013-05-29,31.5,-25.0,24.38211
2013-05-30,31.5,-25.0,30.45111
2013-05-31,31.5,-25.0,25.963043
2013-06-01,31.5,-25.0,27.08493
2013-06-02,31.5,-25.0,29.600708
2013-06-03,31.5,-25.0,31.11908
2013-06-04,31.5,-25.0,25.060455
2013-06-05,31.5,-25.0,27.466858
2013-06-06,31.5,-25.0,20.240265
2013-06-07,31.5,-25.0,27.837646
2013-06-08,31.5,-25.0,30.587006
2013-06-09,31.5,-25.0,26.999664
2013-06-10,31.5,-25.0,19.795319
2013-06-11,31.5,-25.0,20.399689
2013-06-12,31.5,-25.0,23.480927
2013-06-13,31.5,-25.0,26.252533
2013-06-14,31.5,-25.0,27.164673
2013-06-15,31.5,-25.0,24.259552
2013-06-16,31.5,-25.0,21.821655
2013-06-17,31.5,-25.0,21.245087
2013-06-18,31.5,-25.0,20.816833
2013-06-19,31.5,-25.0,24.05008
2013-06-20,31.5,-25.0,24.876923
2013-06-21,31.5,-25.0,23.668152
2013-06-22,31.5,-25.0,25.679657
2013-06-23,31.5,-25.0,21.061554
2013-06-24,31.5,-25.0,23.98703
2013-06-25,31.5,-25.0,26.48056
2013-06-26,31.5,-25.0,29.341156
2013-06-27,31.5,-25.0,21.823517
2013-06-28,31.5,-25.0,17.865387
2013-06-29,31.5,-25.0,24.804626
2013-06-30,31.5,-25.0,30.192108
2013-07-01,31.5,-25.0,29.677917
2013-07-02,31.5,-25.0,27.587708
2013-07-03,31.5,-25.0,29.06546
2013-07-04,31.5,-25.0,21.044403
2013-07-05,31.5,-25.0,20.192932
2013-07-06,31.5,-25.0,21.77539
2013-07-07,31.5,-25.0,24.09082
2013-07-08,31.5,-25.0,22.889648
2013-07-09,31.5,-25.0,23.120789
2013-07-10,31.5,-25.0,20.27591
2013-07-11,31.5,-25.0,18.98581
2013-07-12,31.5,-25.0,20.544586
2013-07-13,31.5,-25.0,24.27063
2013-07-14,31.5,-25.0,25.770111
2013-07-15,31.5,-25.0,21.37436
2013-07-16,31.5,-25.0,24.829712
2013-07-17,31.5,-25.0,22.672333
2013-07-18,31.5,-25.0,19.89264
2013-07-19,31.5,-25.0,22.85608
2013-07-20,31.5,-25.0,27.694366
2013-07-21,31.5,-25.0,21.714142
2013-07-22,31.5,-25.0,22.198181
2013-07-23,31.5,-25.0,25.457977
2013-07-24,31.5,-25.0,28.680206
2013-07-25,31.5,-25.0,23.693726
2013-07-26,31.5,-25.0,28.814575
2013-07-27,31.5,-25.0,30.375305
2013-07-28,31.5,-25.0,31.540924
2013-07-29,31.5,-25.0,19.13794
2013-07-30,31.5,-25.0,22.144836
2013-07-31,31.5,-25.0,22.55774
2013-08-01,31.5,-25.0,22.005737
2013-08-02,31.5,-25.0,21.08017
2013-08-03,31.5,-25.0,22.280792
2013-08-04,31.5,-25.0,22.758636
2013-08-05,31.5,-25.0,21.254822
2013-08-06,31.5,-25.0,23.360962
2013-08-07,31.5,-25.0,26.762085
2013-08-08,31.5,-25.0,29.709473
2013-08-09,31.5,-25.0,26.960876
2013-08-10,31.5,-25.0,15.930267
2013-08-11,31.5,-25.0,21.317078
2013-08-12,31.5,-25.0,28.223755
2013-08-13,31.5,-25.0,27.990845
2013-08-14,31.5,-25.0,33.87155
2013-08-15,31.5,-25.0,24.141968
2013-08-16,31.5,-25.0,28.801971
2013-08-17,31.5,-25.0,31.85376
2013-08-18,31.5,-25.0,30.751495
2013-08-19,31.5,-25.0,20.499908
2013-08-20,31.5,-25.0,21.847107
2013-08-21,31.5,-25.0,28.458649
2013-08-22,31.5,-25.0,24.467224
2013-08-23,31.5,-25.0,20.48587
2013-08-24,31.5,-25.0,27.737854
2013-08-25,31.5,-25.0,20.845245
2013-08-26,31.5,-25.0,26.242096
2013-08-27,31.5,-25.0,29.512726
2013-08-28,31.5,-25.0,29.904236
2013-08-29,31.5,-25.0,29.488617
2013-08-30,31.5,-25.0,33.66678
2013-08-31,31.5,-25.0,25.856598
2013-09-01,31.5,-25.0,26.025574
2013-09-02,31.5,-25.0,25.533142
2013-09-03,31.5,-25.0,28.207184
2013-09-04,31.5,-25.0,26.820923
2013-09-05,31.5,-25.0,23.587524
2013-09-06,31.5,-25.0,30.388794
2013-09-07,31.5,-25.0,29.212524
2013-09-08,31.5,-25.0,34.7446
2013-09-09,31.5,-25.0,35.036346
2013-09-10,31.5,-25.0,28.32425
2013-09-11,31.5,-25.0,30.024597
2013-09-12,31.5,-25.0,22.74942
2013-09-13,31.5,-25.0,32.512817
2013-09-14,31.5,-25.0,37.305298
2013-09-15,31.5,-25.0,33.174347
2013-09-16,31.5,-25.0,31.078217
2013-09-17,31.5,-25.0,31.479614
2013-09-18,31.5,-25.0,34.896973
2013-09-19,31.5,-25.0,35.062378
2013-09-20,31.5,-25.0,36.283264
2013-09-21,31.5,-25.0,25.081573
2013-09-22,31.5,-25.0,17.388306
2013-09-23,31.5,-25.0,24.472046
2013-09-24,31.5,-25.0,35.116272
2013-09-25,31.5,-25.0,30.29776
2013-09-26,31.5,-25.0,32.6243
2013-09-27,31.5,-25.0,38.996338
2013-09-28,31.5,-25.0,31.349518
2013-09-29,31.5,-25.0,17.58899
2013-09-30,31.5,-25.0,20.504639
2013-10-01,31.5,-25.0,22.178833
2013-10-02,31.5,-25.0,27.592163
2013-10-03,31.5,-25.0,28.161896
2013-10-04,31.5,-25.0,29.704987
2013-10-05,31.5,-25.0,31.123535
2013-10-06,31.5,-25.0,33.61508
2013-10-07,31.5,-25.0,22.725311
2013-10-08,31.5,-25.0,22.9263
2013-10-09,31.5,-25.0,32.083588
2013-10-10,31.5,-25.0,33.18155
2013-10-11,31.5,-25.0,35.83255
2013-10-12,31.5,-25.0,41.076447
2013-10-13,31.5,-25.0,24.763428
2013-10-14,31.5,-25.0,22.368195
2013-10-15,31.5,-25.0,27.645325
2013-10-16,31.5,-25.0,33.920715
2013-10-17,31.5,-25.0,27.977509
2013-10-18,31.5,-25.0,23.105713
2013-10-19,31.5,-25.0,18.346832
2013-10-20,31.5,-25.0,25.050781
2013-10-21,31.5,-25.0,25.630463
2013-10-22,31.5,-25.0,19.52118
2013-10-23,31.5,-25.0,21.421417
2013-10-24,31.5,-25.0,22.059235
2013-10-25,31.5,-25.0,26.602173
2013-10-26,31.5,-25.0,29.043915
2013-10-27,31.5,-25.0,25.191956
2013-10-28,31.5,-25.0,25.718506
2013-10-29,31.5,-25.0,25.912842
2013-10-30,31.5,-25.0,29.949158
2013-10-31,31.5,-25.0,33.18985
2013-11-01,31.5,-25.0,29.468658
2013-11-02,31.5,-25.0,23.052338
2013-11-03,31.5,-25.0,25.274109
2013-11-04,31.5,-25.0,29.916168
2013-11-05,31.5,-25.0,35.03409
2013-11-06,31.5,-25.0,37.14557
2013-11-07,31.5,-25.0,38.864655
2013-11-08,31.5,-25.0,28.160828
2013-11-09,31.5,-25.0,31.52182
2013-11-10,31.5,-25.0,22.423615
2013-11-11,31.5,-25.0,21.577454
2013-11-12,31.5,-25.0,27.41864
2013-11-13,31.5,-25.0,35.183777
2013-11-14,31.5,-25.0,38.190247
2013-11-15,31.5,-25.0,37.64032
2013-11-16,31.5,-25.0,34.03665
2013-11-17,31.5,-25.0,36.66339
2013-11-18,31.5,-25.0,30.390442
2013-11-19,31.5,-25.0,28.384552
2013-11-20,31.5,-25.0,35.670685
2013-11-21,31.5,-25.0,24.897491
2013-11-22,31.5,-25.0,23.380096
2013-11-23,31.5,-25.0,29.772766
2013-11-24,31.5,-25.0,27.78894
2013-11-25,31.5,-25.0,27.77005
2013-11-26,31.5,-25.0,33.704193
2013-11-27,31.5,-25.0,30.325836
2013-11-28,31.5,-25.0,23.265045
2013-11-29,31.5,-25.0,21.903625
2013-11-30,31.5,-25.0,33.466248
2013-12-01,31.5,-25.0,27.434418
2013-12-02,31.5,-25.0,28.047363
2013-12-03,31.5,-25.0,30.52835
2013-12-04,31.5,-25.0,33.691223
2013-12-05,31.5,-25.0,22.414246
2013-12-06,31.5,-25.0,23.72754
2013-12-07,31.5,-25.0,23.963531
2013-12-08,31.5,-25.0,27.658142
2013-12-09,31.5,-25.0,25.569489
2013-12-10,31.5,-25.0,25.048462
2013-12-11,31.5,-25.0,25.492859
2013-12-12,31.5,-25.0,26.876617
2013-12-13,31.5,-25.0,28.726227
2013-12-14,31.5,-25.0,33.15796
2013-12-15,31.5,-25.0,37.076294
2013-12-16,31.5,-25.0,28.858032
2013-12-17,31.5,-25.0,23.238678
2013-12-18,31.5,-25.0,23.345947
2013-12-19,31.5,-25.0,24.253143
2013-12-20,31.5,-25.0,26.453674
2013-12-21,31.5,-25.0,31.665375
2013-12-22,31.5,-25.0,30.675446
2013-12-23,31.5,-25.0,30.683105
2013-12-24,31.5,-25.0,31.243988
2013-12-25,31.5,-25.0,32.48062
2013-12-26,31.5,-25.0,34.63211
2013-12-27,31.5,-25.0,24.475342
2013-12-28,31.5,-25.0,31.429382
2013-12-29,31.5,-25.0,23.692291
2013-12-30,31.5,-25.0,22.463287
2013-12-31,31.5,-25.0,28.04126
2014-01-01,31.5,-25.0,28.105316
2014-01-02,31.5,-25.0,29.558289
2014-01-03,31.5,-25.0,28.241028
2014-01-04,31.5,-25.0,28.75238
2014-01-05,31.5,-25.0,27.90509
2014-01-06,31.5,-25.0,28.024231
2014-01-07,31.5,-25.0,28.19635
2014-01-08,31.5,-25.0,27.721405
2014-01-09,31.5,-25.0,27.580719
2014-01-10,31.5,-25.0,33.971832
2014-01-11,31.5,-25.0,25.409546
2014-01-12,31.5,-25.0,29.611267
2014-01-13,31.5,-25.0,30.437042
2014-01-14,31.5,-25.0,25.47409
2014-01-15,31.5,-25.0,26.932007
2014-01-16,31.5,-25.0,27.99115
2014-01-17,31.5,-25.0,29.801575
2014-01-18,31.5,-25.0,30.663757
2014-01-19,31.5,-25.0,31.775818
2014-01-20,31.5,-25.0,31.130432
2014-01-21,31.5,-25.0,31.373688
2014-01-22,31.5,-25.0,29.118103
2014-01-23,31.5,-25.0,31.959503
2014-01-24,31.5,-25.0,34.112488
2014-01-25,31.5,-25.0,34.62552
2014-01-26,31.5,-25.0,24.5672
2014-01-27,31.5,-25.0,26.680481
2014-01-28,31.5,-25.0,28.312195
2014-01-29,31.5,-25.0,29.384521
2014-01-30,31.5,-25.0,30.518127
2014-01-31,31.5,-25.0,26.773163
2014-02-01,31.5,-25.0,28.964386
2014-02-02,31.5,-25.0,31.953064
2014-02-03,31.5,-25.0,27.760193
2014-02-04,31.5,-25.0,27.428131
2014-02-05,31.5,-25.0,31.296967
2014-02-06,31.5,-25.0,31.651611
2014-02-07,31.5,-25.0,26.744629
2014-02-08,31.5,-25.0,31.629028
2014-02-09,31.5,-25.0,31.22763
2014-02-10,31.5,-25.0,32.225494
2014-02-11,31.5,-25.0,33.08307
2014-02-12,31.5,-25.0,33.90036
2014-02-13,31.5,-25.0,30.998749
2014-02-14,31.5,-25.0,28.951477
2014-02-15,31.5,-25.0,29.499573
2014-02-16,31.5,-25.0,30.661835
2014-02-17,31.5,-25.0,29.088501
2014-02-18,31.5,-25.0,32.576904
2014-02-19,31.5,-25.0,31.496857
2014-02-20,31.5,-25.0,35.394684
2014-02-21,31.5,-25.0,28.226074
2014-02-22,31.5,-25.0,29.620483
2014-02-23,31.5,-25.0,31.54361
2014-02-24,31.5,-25.0,31.501678
2014-02-25,31.5,-25.0,34.753113
2014-02-26,31.5,-25.0,27.63446
2014-02-27,31.5,-25.0,30.13794
2014-02-28,31.5,-25.0,34.12442
2014-03-01,31.5,-25.0,35.75583
2014-03-02,31.5,-25.0,33.592834
2014-03-03,31.5,-25.0,25.956207
2014-03-04,31.5,-25.0,28.524994
2014-03-05,31.5,-25.0,27.779572
2014-03-06,31.5,-25.0,27.407745
2014-03-07,31.5,-25.0,29.926483
2014-03-08,31.5,-25.0,31.058014
2014-03-09,31.5,-25.0,30.435944
2014-03-10,31.5,-25.0,22.379242
2014-03-11,31.5,-25.0,28.524994
2014-03-12,31.5,-25.0,32.418396
2014-03-13,31.5,-25.0,20.713196
2014-03-14,31.5,-25.0,24.388489
2014-03-15,31.5,-25.0,29.391968
2014-03-16,31.5,-25.0,30.725525
2014-03-17,31.5,-25.0,32.05371
2014-03-18,31.5,-25.0,25.882935
2014-03-19,31.5,-25.0,32.2146
2014-03-20,31.5,-25.0,26.732025
2014-03-21,31.5,-25.0,25.498596
2014-03-22,31.5,-25.0,26.842865
2014-03-23,31.5,-25.0,29.030884
2014-03-24,31.5,-25.0,28.642975
2014-03-25,31.5,-25.0,27.014465
2014-03-26,31.5,-25.0,28.903961
2014-03-27,31.5,-25.0,27.345184
2014-03-28,31.5,-25.0,23.196167
2014-03-29,31.5,-25.0,26.971558
2014-03-30,31.5,-25.0,30.130249
2014-03-31,31.5,-25.0,25.63266
2014-04-01,31.5,-25.0,28.833954
2014-04-02,31.5,-25.0,32.10678
2014-04-03,31.5,-25.0,33.5672
2014-04-04,31.5,-25.0,23.835327
2014-04-05,31.5,-25.0,21.400085
2014-04-06,31.5,-25.0,26.33191
2014-04-07,31.5,-25.0,24.923859
2014-04-08,31.5,-25.0,23.69992
2014-04-09,31.5,-25.0,23.952667
2014-04-10,31.5,-25.0,24.777649
2014-04-11,31.5,-25.0,24.647644
2014-04-12,31.5,-25.0,25.499725
2014-04-13,31.5,-25.0,25.830078
2014-04-14,31.5,-25.0,26.795868
2014-04-15,31.5,-25.0,28.768951
2014-04-16,31.5,-25.0,23.705353
2014-04-17,31.5,-25.0,24.261353
2014-04-18,31.5,-25.0,28.61731
2014-04-19,31.5,-25.0,30.834106
2014-04-20,31.5,-25.0,30.02359
2014-04-21,31.5,-25.0,32.04181
2014-04-22,31.5,-25.0,31.821564
2014-04-23,31.5,-25.0,30.510986
2014-04-24,31.5,-25.0,30.926178
2014-04-25,31.5,-25.0,26.250671
2014-04-26,31.5,-25.0,28.846588
2014-04-27,31.5,-25.0,30.626526
2014-04-28,31.5,-25.0,23.9346
2014-04-29,31.5,-25.0,29.568665
2014-04-30,31.5,-25.0,26.983612
2014-05-01,31.5,-25.0,29.677338
2014-05-02,31.5,-25.0,27.341064
2014-05-03,31.5,-25.0,28.936646
2014-05-04,31.5,-25.0,29.17804
2014-05-05,31.5,-25.0,32.592194
2014-05-06,31.5,-25.0,23.167786
2014-05-07,31.5,-25.0,24.647308
2014-05-08,31.5,-25.0,27.584259
2014-05-09,31.5,-25.0,30.62622
2014-05-10,31.5,-25.0,27.250763
2014-05-11,31.5,-25.0,26.944916
2014-05-12,31.5,-25.0,26.885956
2014-05-13,31.5,-25.0,25.249817
2014-05-14,31.5,-25.0,25.692017
2014-05-15,31.5,-25.0,26.841736
2014-05-16,31.5,-25.0,31.659882
2014-05-17,31.5,-25.0,23.923218
2014-05-18,31.5,-25.0,22.270477
2014-05-19,31.5,-25.0,22.502655
2014-05-20,31.5,-25.0,25.260864
2014-05-21,31.5,-25.0,26.475067
2014-05-22,31.5,-25.0,21.87436
2014-05-23,31.5,-25.0,25.32904
2014-05-24,31.5,-25.0,26.296356
2014-05-25,31.5,-25.0,29.299622
2014-05-26,31.5,-25.0,28.525787
2014-05-27,31.5,-25.0,25.839417
2014-05-28,31.5,-25.0,29.235138
2014-05-29,31.5,-25.0,30.207977
2014-05-30,31.5,-25.0,31.131073
2014-05-31,31.5,-25.0,24.687836
2014-06-01,31.5,-25.0,31.56195
2014-06-02,31.5,-25.0,25.769836
2014-06-03,31.5,-25.0,30.588226
2014-06-04,31.5,-25.0,30.658844
2014-06-05,31.5,-25.0,31.775635
2014-06-06,31.5,-25.0,19.7789
2014-06-07,31.5,-25.0,20.676422
2014-06-08,31.5,-25.0,21.423431
2014-06-09,31.5,-25.0,24.378021
2014-06-10,31.5,-25.0,26.955383
2014-06-11,31.5,-25.0,21.562775
2014-06-12,31.5,-25.0,22.20575
2014-06-13,31.5,-25.0,23.735077
2014-06-14,31.5,-25.0,25.117584
2014-06-15,31.5,-25.0,29.859802
2014-06-16,31.5,-25.0,23.183167
2014-06-17,31.5,-25.0,23.768524
2014-06-18,31.5,-25.0,28.886078
2014-06-19,31.5,-25.0,29.285614
2014-06-20,31.5,-25.0,20.042755
2014-06-21,31.5,-25.0,22.621979
2014-06-22,31.5,-25.0,24.322266
2014-06-23,31.5,-25.0,25.020966
2014-06-24,31.5,-25.0,26.69336
2014-06-25,31.5,-25.0,25.51712
2014-06-26,31.5,-25.0,27.314026
2014-06-27,31.5,-25.0,25.483673
2014-06-28,31.5,-25.0,20.804626
2014-06-29,31.5,-25.0,24.755249
2014-06-30,31.5,-25.0,26.401642
2014-07-01,31.5,-25.0,24.06186
2014-07-02,31.5,-25.0,24.26413
2014-07-03,31.5,-25.0,25.403137
2014-07-04,31.5,-25.0,26.61087
2014-07-05,31.5,-25.0,27.885406
2014-07-06,31.5,-25.0,23.252777
2014-07-07,31.5,-25.0,16.674042
2014-07-08,31.5,-25.0,15.207062
2014-07-09,31.5,-25.0,18.73407
2014-07-10,31.5,-25.0,20.307068
2014-07-11,31.5,-25.0,21.60907
2014-07-12,31.5,-25.0,23.947968
2014-07-13,31.5,-25.0,24.380005
2014-07-14,31.5,-25.0,20.458282
2014-07-15,31.5,-25.0,22.60669
2014-07-16,31.5,-25.0,25.98639
2014-07-17,31.5,-25.0,29.953278
2014-07-18,31.5,-25.0,29.061707
2014-07-19,31.5,-25.0,29.03421
2014-07-20,31.5,-25.0,23.11728
2014-07-21,31.5,-25.0,22.79718
2014-07-22,31.5,-25.0,25.19693
2014-07-23,31.5,-25.0,26.24759
2014-07-24,31.5,-25.0,27.582977
2014-07-25,31.5,-25.0,30.2341
2014-07-26,31.5,-25.0,30.338196
2014-07-27,31.5,-25.0,25.136078
2014-07-28,31.5,-25.0,23.57483
2014-07-29,31.5,-25.0,19.794525
2014-07-30,31.5,-25.0,22.702911
2014-07-31,31.5,-25.0,26.978119
2014-08-01,31.5,-25.0,29.018188
2014-08-02,31.5,-25.0,27.25705
2014-08-03,31.5,-25.0,28.347015
2014-08-04,31.5,-25.0,27.849823
2014-08-05,31.5,-25.0,30.920868
2014-08-06,31.5,-25.0,27.605072
2014-08-07,31.5,-25.0,27.442535
2014-08-08,31.5,-25.0,23.476562
2014-08-09,31.5,-25.0,22.195374
2014-08-10,31.5,-25.0,25.541779
2014-08-11,31.5,-25.0,23.336975
2014-08-12,31.5,-25.0,22.977478
2014-08-13,31.5,-25.0,25.348633
2014-08-14,31.5,-25.0,29.645416
2014-08-15,31.5,-25.0,26.373596
2014-08-16,31.5,-25.0,20.279327
2014-08-17,31.5,-25.0,22.126556
2014-08-18,31.5,-25.0,26.977844
2014-08-19,31.5,-25.0,32.52713
2014-08-20,31.5,-25.0,33.026215
2014-08-21,31.5,-25.0,31.77179
2014-08-22,31.5,-25.0,26.970215
2014-08-23,31.5,-25.0,25.449982
2014-08-24,31.5,-25.0,23.730896
2014-08-25,31.5,-25.0,24.186005
2014-08-26,31.5,-25.0,29.291656
2014-08-27,31.5,-25.0,29.563171
2014-08-28,31.5,-25.0,32.900024
2014-08-29,31.5,-25.0,24.738647
2014-08-30,31.5,-25.0,23.738556
2014-08-31,31.5,-25.0,24.507263
2014-09-01,31.5,-25.0,23.638031
2014-09-02,31.5,-25.0,23.48053
2014-09-03,31.5,-25.0,23.612701
2014-09-04,31.5,-25.0,24.465515
2014-09-05,31.5,-25.0,24.70993
2014-09-06,31.5,-25.0,28.782074
2014-09-07,31.5,-25.0,31.45459
2014-09-08,31.5,-25.0,34.282806
2014-09-09,31.5,-25.0,29.989777
2014-09-10,31.5,-25.0,36.05542
2014-09-11,31.5,-25.0,29.76886
2014-09-12,31.5,-25.0,35.92685
2014-09-13,31.5,-25.0,29.600494
2014-09-14,31.5,-25.0,33.384735
2014-09-15,31.5,-25.0,33.96231
2014-09-16,31.5,-25.0,34.387817
2014-09-17,31.5,-25.0,35.173645
2014-09-18,31.5,-25.0,35.24243
2014-09-19,31.5,-25.0,28.990295
2014-09-20,31.5,-25.0,20.330017
2014-09-21,31.5,-25.0,23.408081
2014-09-22,31.5,-25.0,27.159729
2014-09-23,31.5,-25.0,29.645752
2014-09-24,31.5,-25.0,28.08136
2014-09-25,31.5,-25.0,30.554688
2014-09-26,31.5,-25.0,30.188934
2014-09-27,31.5,-25.0,34.912903
2014-09-28,31.5,-25.0,20.244904
2014-09-29,31.5,-25.0,27.85141
2014-09-30,31.5,-25.0,33.57846
2014-10-01,31.5,-25.0,29.24704
2014-10-02,31.5,-25.0,23.08377
2014-10-03,31.5,-25.0,22.68805
2014-10-04,31.5,-25.0,25.50467
2014-10-05,31.5,-25.0,26.498474
2014-10-06,31.5,-25.0,28.061676
2014-10-07,31.5,-25.0,34.78003
2014-10-08,31.5,-25.0,38.346924
2014-10-09,31.5,-25.0,32.181854
2014-10-10,31.5,-25.0,21.130219
2014-10-11,31.5,-25.0,24.34436
2014-10-12,31.5,-25.0,34.92328
2014-10-13,31.5,-25.0,27.05893
2014-10-14,31.5,-25.0,26.797485
2014-10-15,31.5,-25.0,30.974976
2014-10-16,31.5,-25.0,25.177002
2014-10-17,31.5,-25.0,24.786652
2014-10-18,31.5,-25.0,25.031952
2014-10-19,31.5,-25.0,26.500244
2014-10-20,31.5,-25.0,25.85025
2014-10-21,31.5,-25.0,24.253021
2014-10-22,31.5,-25.0,22.100708
2014-10-23,31.5,-25.0,23.432922
2014-10-24,31.5,-25.0,27.990051
2014-10-25,31.5,-25.0,24.253021
2014-10-26,31.5,-25.0,22.627167
2014-10-27,31.5,-25.0,22.956635
2014-10-28,31.5,-25.0,25.60315
2014-10-29,31.5,-25.0,29.408203
2014-10-30,31.5,-25.0,33.893677
2014-10-31,31.5,-25.0,26.100952
2014-11-01,31.5,-25.0,24.172852
2014-11-02,31.5,-25.0,28.523438
2014-11-03,31.5,-25.0,28.243378
2014-11-04,31.5,-25.0,28.958923
2014-11-05,31.5,-25.0,29.055695
2014-11-06,31.5,-25.0,26.070282
2014-11-07,31.5,-25.0,24.625946
2014-11-08,31.5,-25.0,27.409027
2014-11-09,31.5,-25.0,36.170288
2014-11-10,31.5,-25.0,34.70398
2014-11-11,31.5,-25.0,22.897156
2014-11-12,31.5,-25.0,29.332855
2014-11-13,31.5,-25.0,35.12628
2014-11-14,31.5,-25.0,25.325378
2014-11-15,31.5,-25.0,33.80365
2014-11-16,31.5,-25.0,19.485046
2014-11-17,31.5,-25.0,17.354492
2014-11-18,31.5,-25.0,23.603943
2014-11-19,31.5,-25.0,27.31958
2014-11-20,31.5,-25.0,34.604248
2014-11-21,31.5,-25.0,29.218475
2014-11-22,31.5,-25.0,30.350464
2014-11-23,31.5,-25.0,35.639465
2014-11-24,31.5,-25.0,35.945953
2014-11-25,31.5,-25.0,28.473572
2014-11-26,31.5,-25.0,24.844452
2014-11-27,31.5,-25.0,32.5177
2014-11-28,31.5,-25.0,35.202515
2014-11-29,31.5,-25.0,25.41922
2014-11-30,31.5,-25.0,25.614258
2014-12-01,31.5,-25.0,27.310486
2014-12-02,31.5,-25.0,29.408722
2014-12-03,31.5,-25.0,30.58725
2014-12-04,31.5,-25.0,35.02536
2014-12-05,31.5,-25.0,32.104034
2014-12-06,31.5,-25.0,26.041565
2014-12-07,31.5,-25.0,27.46637
2014-12-08,31.5,-25.0,27.611359
2014-12-09,31.5,-25.0,27.414917
2014-12-10,31.5,-25.0,33.792297
2014-12-11,31.5,-25.0,29.9216
2014-12-12,31.5,-25.0,31.285614
2014-12-13,31.5,-25.0,26.01352
2014-12-14,31.5,-25.0,29.648804
2014-12-15,31.5,-25.0,32.632477
2014-12-16,31.5,-25.0,22.378204
2014-12-17,31.5,-25.0,22.781952
2014-12-18,31.5,-25.0,28.839752
2014-12-19,31.5,-25.0,28.867798
2014-12-20,31.5,-25.0,31.906036
2014-12-21,31.5,-25.0,30.584106
2014-12-22,31.5,-25.0,27.670593
2014-12-23,31.5,-25.0,31.181183
2014-12-24,31.5,-25.0,34.77594
2014-12-25,31.5,-25.0,35.387024
2014-12-26,31.5,-25.0,29.876404
2014-12-27,31.5,-25.0,25.269928
2014-12-28,31.5,-25.0,27.932465
2014-12-29,31.5,-25.0,24.52478
2014-12-30,31.5,-25.0,25.971405
2014-12-31,31.5,-25.0,25.61911
2015-01-01,31.5,-25.0,26.492615
2015-01-02,31.5,-25.0,28.561432
2015-01-03,31.5,-25.0,29.566284
2015-01-04,31.5,-25.0,30.526398
2015-01-05,31.5,-25.0,31.349121
2015-01-06,31.5,-25.0,31.750122
2015-01-07,31.5,-25.0,26.722656
2015-01-08,31.5,-25.0,31.975372
2015-01-09,31.5,-25.0,31.424225
2015-01-10,31.5,-25.0,28.505493
2015-01-11,31.5,-25.0,30.63504
2015-01-12,31.5,-25.0,30.095062
2015-01-13,31.5,-25.0,33.259796
2015-01-14,31.5,-25.0,31.075958
2015-01-15,31.5,-25.0,31.449768
2015-01-16,31.5,-25.0,34.651245
2015-01-17,31.5,-25.0,25.225769
2015-01-18,31.5,-25.0,28.170013
2015-01-19,31.5,-25.0,27.015015
2015-01-20,31.5,-25.0,28.904877
2015-01-21,31.5,-25.0,32.58722
2015-01-22,31.5,-25.0,26.05487
2015-01-23,31.5,-25.0,28.486328
2015-01-24,31.5,-25.0,31.186188
2015-01-25,31.5,-25.0,34.563385
2015-01-26,31.5,-25.0,35.817444
2015-01-27,31.5,-25.0,38.677032
2015-01-28,31.5,-25.0,33.360443
2015-01-29,31.5,-25.0,30.38742
2015-01-30,31.5,-25.0,30.117432
2015-01-31,31.5,-25.0,34.18637
2015-02-01,31.5,-25.0,34.166656
2015-02-02,31.5,-25.0,27.74942
2015-02-03,31.5,-25.0,28.396301
2015-02-04,31.5,-25.0,31.945099
2015-02-05,31.5,-25.0,36.18927
2015-02-06,31.5,-25.0,28.86435
2015-02-07,31.5,-25.0,31.597412
2015-02-08,31.5,-25.0,32.160736
2015-02-09,31.5,-25.0,33.021606
2015-02-10,31.5,-25.0,35.082672
2015-02-11,31.5,-25.0,35.15457
2015-02-12,31.5,-25.0,34.30371
2015-02-13,31.5,-25.0,34.330475
2015-02-14,31.5,-25.0,37.51651
2015-02-15,31.5,-25.0,25.746826
2015-02-16,31.5,-25.0,27.002197
2015-02-17,31.5,-25.0,25.974182
2015-02-18,31.5,-25.0,30.45404
2015-02-19,31.5,-25.0,33.96939
2015-02-20,31.5,-25.0,33.03833
2015-02-21,31.5,-25.0,36.46341
2015-02-22,31.5,-25.0,25.623138
2015-02-23,31.5,-25.0,30.316986
2015-02-24,31.5,-25.0,31.888275
2015-02-25,31.5,-25.0,32.312866
2015-02-26,31.5,-25.0,33.66516
2015-02-27,31.5,-25.0,34.409027
2015-02-28,31.5,-25.0,29.98767
2015-03-01,31.5,-25.0,32.013
2015-03-02,31.5,-25.0,28.213623
2015-03-03,31.5,-25.0,27.196869
2015-03-04,31.5,-25.0,29.561188
2015-03-05,31.5,-25.0,32.959778
2015-03-06,31.5,-25.0,28.857666
2015-03-07,31.5,-25.0,33.316772
2015-03-08,31.5,-25.0,33.028015
2015-03-09,31.5,-25.0,31.750488
2015-03-10,31.5,-25.0,34.48407
2015-03-11,31.5,-25.0,32.802246
2015-03-12,31.5,-25.0,31.781982
2015-03-13,31.5,-25.0,34.52957
2015-03-14,31.5,-25.0,31.643738
2015-03-15,31.5,-25.0,33.953796
2015-03-16,31.5,-25.0,35.541077
2015-03-17,31.5,-25.0,30.31894
2015-03-18,31.5,-25.0,29.940948
2015-03-19,31.5,-25.0,36.367096
2015-03-20,31.5,-25.0,31.787231
2015-03-21,31.5,-25.0,34.855072
2015-03-22,31.5,-25.0,34.407043
2015-03-23,31.5,-25.0,33.86978
2015-03-24,31.5,-25.0,34.295044
2015-03-25,31.5,-25.0,35.444824
2015-03-26,31.5,-25.0,36.808105
2015-03-27,31.5,-25.0,31.51773
2015-03-28,31.5,-25.0,24.932312
2015-03-29,31.5,-25.0,25.60608
2015-03-30,31.5,-25.0,30.189453
2015-03-31,31.5,-25.0,27.779633
2015-04-01,31.5,-25.0,30.085968
2015-04-02,31.5,-25.0,29.990356
2015-04-03,31.5,-25.0,30.078766
2015-04-04,31.5,-25.0,32.1933
2015-04-05,31.5,-25.0,32.850037
2015-04-06,31.5,-25.0,28.108551
2015-04-07,31.5,-25.0,26.374695
2015-04-08,31.5,-25.0,24.714813
2015-04-09,31.5,-25.0,26.836578
2015-04-10,31.5,-25.0,27.182983
2015-04-11,31.5,-25.0,28.902405
2015-04-12,31.5,-25.0,27.906464
2015-04-13,31.5,-25.0,28.550598
2015-04-14,31.5,-25.0,32.400787
2015-04-15,31.5,-25.0,31.581665
2015-04-16,31.5,-25.0,28.052612
2015-04-17,31.5,-25.0,20.298096
2015-04-18,31.5,-25.0,21.990448
2015-04-19,31.5,-25.0,25.382385
2015-04-20,31.5,-25.0,27.671936
2015-04-21,31.5,-25.0,23.163208
2015-04-22,31.5,-25.0,25.651215
2015-04-23,31.5,-25.0,29.716095
2015-04-24,31.5,-25.0,24.801422
2015-04-25,31.5,-25.0,29.120728
2015-04-26,31.5,-25.0,30.244751
2015-04-27,31.5,-25.0,28.815796
2015-04-28,31.5,-25.0,27.031433
2015-04-29,31.5,-25.0,32.52527
2015-04-30,31.5,-25.0,36.71106
2015-05-01,31.5,-25.0,27.187958
2015-05-02,31.5,-25.0,31.791565
2015-05-03,31.5,-25.0,27.890656
2015-05-04,31.5,-25.0,32.839905
2015-05-05,31.5,-25.0,31.998596
2015-05-06,31.5,-25.0,28.980804
2015-05-07,31.5,-25.0,23.896698
2015-05-08,31.5,-25.0,25.452118
2015-05-09,31.5,-25.0,29.683472
2015-05-10,31.5,-25.0,30.5495
2015-05-11,31.5,-25.0,25.66864
2015-05-12,31.5,-25.0,25.288788
2015-05-13,31.5,-25.0,29.658783
2015-05-14,31.5,-25.0,32.059357
2015-05-15,31.5,-25.0,28.069183
2015-05-16,31.5,-25.0,34.180725
2015-05-17,31.5,-25.0,24.61267
2015-05-18,31.5,-25.0,29.058655
2015-05-19,31.5,-25.0,31.858032
2015-05-20,31.5,-25.0,29.61322
2015-05-21,31.5,-25.0,28.644623
2015-05-22,31.5,-25.0,24.567108
2015-05-23,31.5,-25.0,25.159637
2015-05-24,31.5,-25.0,29.113739
2015-05-25,31.5,-25.0,29.495453
2015-05-26,31.5,-25.0,28.783264
2015-05-27,31.5,-25.0,30.921753
2015-05-28,31.5,-25.0,29.56195
2015-05-29,31.5,-25.0,28.688324
2015-05-30,31.5,-25.0,30.456451
2015-05-31,31.5,-25.0,28.300873
2015-06-01,31.5,-25.0,25.722198
2015-06-02,31.5,-25.0,24.017487
2015-06-03,31.5,-25.0,27.419312
2015-06-04,31.5,-25.0,29.754272
2015-06-05,31.5,-25.0,21.914154
2015-06-06,31.5,-25.0,20.822601
2015-06-07,31.5,-25.0,21.59143
2015-06-08,31.5,-25.0,24.425629
2015-06-09,31.5,-25.0,23.958649
2015-06-10,31.5,-25.0,22.278625
2015-06-11,31.5,-25.0,22.98291
2015-06-12,31.5,-25.0,23.29422
2015-06-13,31.5,-25.0,24.552826
2015-06-14,31.5,-25.0,28.038177
2015-06-15,31.5,-25.0,29.963074
2015-06-16,31.5,-25.0,30.733795
2015-06-17,31.5,-25.0,24.860352
2015-06-18,31.5,-25.0,23.419525
2015-06-19,31.5,-25.0,23.62265
2015-06-20,31.5,-25.0,20.291077
2015-06-21,31.5,-25.0,24.15039
2015-06-22,31.5,-25.0,25.298859
2015-06-23,31.5,-25.0,27.238953
2015-06-24,31.5,-25.0,28.37796
2015-06-25,31.5,-25.0,28.884827
2015-06-26,31.5,-25.0,22.16092
2015-06-27,31.5,-25.0,20.904236
2015-06-28,31.5,-25.0,26.98648
2015-06-29,31.5,-25.0,26.601135
2015-06-30,31.5,-25.0,18.299713
2015-07-01,31.5,-25.0,25.171661
2015-07-02,31.5,-25.0,22.117493
2015-07-03,31.5,-25.0,22.978271
2015-07-04,31.5,-25.0,26.054138
2015-07-05,31.5,-25.0,26.7471
2015-07-06,31.5,-25.0,26.549683
2015-07-07,31.5,-25.0,21.34555
2015-07-08,31.5,-25.0,26.060059
2015-07-09,31.5,-25.0,23.965393
2015-07-10,31.5,-25.0,23.333618
2015-07-11,31.5,-25.0,24.334564
2015-07-12,31.5,-25.0,27.712524
2015-07-13,31.5,-25.0,24.070038
2015-07-14,31.5,-25.0,18.382202
2015-07-15,31.5,-25.0,24.772858
2015-07-16,31.5,-25.0,26.778687
2015-07-17,31.5,-25.0,26.954407
2015-07-18,31.5,-25.0,26.182465
2015-07-19,31.5,-25.0,26.60495
2015-07-20,31.5,-25.0,28.30478
2015-07-21,31.5,-25.0,26.401611
2015-07-22,31.5,-25.0,22.88153
2015-07-23,31.5,-25.0,23.807465
2015-07-24,31.5,-25.0,26.90506
2015-07-25,31.5,-25.0,26.269348
2015-07-26,31.5,-25.0,22.052338
2015-07-27,31.5,-25.0,22.249756
2015-07-28,31.5,-25.0,25.132172
2015-07-29,31.5,-25.0,28.393646
2015-07-30,31.5,-25.0,33.453644
2015-07-31,31.5,-25.0,27.368988
2015-08-01,31.5,-25.0,21.373505
2015-08-02,31.5,-25.0,23.080078
2015-08-03,31.5,-25.0,26.595459
2015-08-04,31.5,-25.0,29.416962
2015-08-05,31.5,-25.0,28.291962
2015-08-06,31.5,-25.0,23.639557
2015-08-07,31.5,-25.0,25.76123
2015-08-08,31.5,-25.0,28.10147
2015-08-09,31.5,-25.0,31.795319
2015-08-10,31.5,-25.0,20.364838
2015-08-11,31.5,-25.0,23.214417
2015-08-12,31.5,-25.0,24.235138
2015-08-13,31.5,-25.0,29.693695
2015-08-14,31.5,-25.0,29.872192
2015-08-15,31.5,-25.0,28.58075
2015-08-16,31.5,-25.0,31.55066
2015-08-17,31.5,-25.0,27.114838
2015-08-18,31.5,-25.0,27.403595
2015-08-19,31.5,-25.0,31.534607
2015-08-20,31.5,-25.0,24.098785
2015-08-21,31.5,-25.0,28.763214
2015-08-22,31.5,-25.0,28.302002
2015-08-23,31.5,-25.0,23.294647
2015-08-24,31.5,-25.0,27.750519
2015-08-25,31.5,-25.0,29.138214
2015-08-26,31.5,-25.0,28.867493
2015-08-27,31.5,-25.0,28.045319
2015-08-28,31.5,-25.0,30.552002
2015-08-29,31.5,-25.0,33.383545
2015-08-30,31.5,-25.0,31.949738
2015-08-31,31.5,-25.0,32.27057
2015-09-01,31.5,-25.0,32.375793
2015-09-02,31.5,-25.0,23.141937
2015-09-03,31.5,-25.0,19.232239
2015-09-04,31.5,-25.0,19.46701
2015-09-05,31.5,-25.0,15.246887
2015-09-06,31.5,-25.0,21.537292
2015-09-07,31.5,-25.0,26.405487
2015-09-08,31.5,-25.0,29.104462
2015-09-09,31.5,-25.0,23.054626
2015-09-10,31.5,-25.0,33.031586
2015-09-11,31.5,-25.0,26.463715
2015-09-12,31.5,-25.0,19.501953
2015-09-13,31.5,-25.0,18.981934
2015-09-14,31.5,-25.0,22.140747
2015-09-15,31.5,-25.0,27.721008
2015-09-16,31.5,-25.0,30.45877
2015-09-17,31.5,-25.0,33.31488
2015-09-18,31.5,-25.0,20.71463
2015-09-19,31.5,-25.0,17.643127
2015-09-20,31.5,-25.0,20.565216
2015-09-21,31.5,-25.0,29.775787
2015-09-22,31.5,-25.0,33.549652
2015-09-23,31.5,-25.0,30.365631
2015-09-24,31.5,-25.0,31.624878
2015-09-25,31.5,-25.0,32.715332
2015-09-26,31.5,-25.0,31.793701
2015-09-27,31.5,-25.0,30.594604
2015-09-28,31.5,-25.0,35.755768
2015-09-29,31.5,-25.0,35.414276
2015-09-30,31.5,-25.0,35.480255
2015-10-01,31.5,-25.0,34.42041
2015-10-02,31.5,-25.0,26.813568
2015-10-03,31.5,-25.0,31.850159
2015-10-04,31.5,-25.0,36.610107
2015-10-05,31.5,-25.0,38.48288
2015-10-06,31.5,-25.0,30.750275
2015-10-07,31.5,-25.0,36.595
2015-10-08,31.5,-25.0,40.268494
2015-10-09,31.5,-25.0,33.23169
2015-10-10,31.5,-25.0,35.141357
2015-10-11,31.5,-25.0,31.734467
2015-10-12,31.5,-25.0,30.591003
2015-10-13,31.5,-25.0,36.851532
2015-10-14,31.5,-25.0,36.03836
2015-10-15,31.5,-25.0,26.59729
2015-10-16,31.5,-25.0,22.211212
2015-10-17,31.5,-25.0,22.605225
2015-10-18,31.5,-25.0,28.071045
2015-10-19,31.5,-25.0,29.5448
2015-10-20,31.5,-25.0,28.141449
2015-10-21,31.5,-25.0,30.974945
2015-10-22,31.5,-25.0,28.112946
2015-10-23,31.5,-25.0,29.83316
2015-10-24,31.5,-25.0,28.07605
2015-10-25,31.5,-25.0,32.789062
2015-10-26,31.5,-25.0,30.389801
2015-10-27,31.5,-25.0,25.205688
2015-10-28,31.5,-25.0,27.494263
2015-10-29,31.5,-25.0,26.761597
2015-10-30,31.5,-25.0,29.249695
2015-10-31,31.5,-25.0,36.056824
2015-11-01,31.5,-25.0,37.428833
2015-11-02,31.5,-25.0,37.10782
2015-11-03,31.5,-25.0,26.22696
2015-11-04,31.5,-25.0,24.067322
2015-11-05,31.5,-25.0,27.53482
2015-11-06,31.5,-25.0,32.693176
2015-11-07,31.5,-25.0,35.661682
2015-11-08,31.5,-25.0,36.858307
2015-11-09,31.5,-25.0,37.881714
2015-11-10,31.5,-25.0,36.483276
2015-11-11,31.5,-25.0,39.183228
2015-11-12,31.5,-25.0,36.052612
2015-11-13,31.5,-25.0,37.29532
2015-11-14,31.5,-25.0,34.384033
2015-11-15,31.5,-25.0,33.737244
2015-11-16,31.5,-25.0,19.11554
2015-11-17,31.5,-25.0,28.14505
2015-11-18,31.5,-25.0,24.793549
2015-11-19,31.5,-25.0,25.174927
2015-11-20,31.5,-25.0,33.211243
2015-11-21,31.5,-25.0,33.63553
2015-11-22,31.5,-25.0,26.924591
2015-11-23,31.5,-25.0,29.940765
2015-11-24,31.5,-25.0,30.771912
2015-11-25,31.5,-25.0,35.275543
2015-11-26,31.5,-25.0,39.486755
2015-11-27,31.5,-25.0,27.561829
2015-11-28,31.5,-25.0,22.703827
2015-11-29,31.5,-25.0,27.568176
2015-11-30,31.5,-25.0,34.97043
2015-12-01,31.5,-25.0,37.581024
2015-12-02,31.5,-25.0,40.736572
2015-12-03,31.5,-25.0,32.14804
2015-12-04,31.5,-25.0,32.228577
2015-12-05,31.5,-25.0,34.804504
2015-12-06,31.5,-25.0,33.60736
2015-12-07,31.5,-25.0,35.576813
2015-12-08,31.5,-25.0,35.783722
2015-12-09,31.5,-25.0,37.197235
2015-12-10,31.5,-25.0,34.975098
2015-12-11,31.5,-25.0,37.25885
2015-12-12,31.5,-25.0,41.186707
2015-12-13,31.5,-25.0,33.953247
2015-12-14,31.5,-25.0,23.671661
2015-12-15,31.5,-25.0,23.51529
2015-12-16,31.5,-25.0,34.9198
2015-12-17,31.5,-25.0,29.996948
2015-12-18,31.5,-25.0,34.608673
2015-12-19,31.5,-25.0,38.189087
2015-12-20,31.5,-25.0,35.707916
2015-12-21,31.5,-25.0,40.499664
2015-12-22,31.5,-25.0,33.21884
2015-12-23,31.5,-25.0,31.238342
2015-12-24,31.5,-25.0,40.676575
2015-12-25,31.5,-25.0,32.544464
2015-12-26,31.5,-25.0,29.919586
2015-12-27,31.5,-25.0,34.194885
2015-12-28,31.5,-25.0,33.847443
2015-12-29,31.5,-25.0,35.861115
2015-12-30,31.5,-25.0,33.825317
2015-12-31,31.5,-25.0,34.44284
2016-01-01,31.5,-25.0,35.850464
2016-01-02,31.5,-25.0,30.90326
2016-01-03,31.5,-25.0,34.32126
2016-01-04,31.5,-25.0,35.525238
2016-01-05,31.5,-25.0,36.036957
2016-01-06,31.5,-25.0,38.64633
2016-01-07,31.5,-25.0,40.814087
2016-01-08,31.5,-25.0,28.240173
2016-01-09,31.5,-25.0,28.83844
2016-01-10,31.5,-25.0,28.968231
2016-01-11,31.5,-25.0,29.001068
2016-01-12,31.5,-25.0,30.973389
2016-01-13,31.5,-25.0,31.725311
2016-01-14,31.5,-25.0,36.278656
2016-01-15,31.5,-25.0,27.670258
2016-01-16,31.5,-25.0,24.662567
2016-01-17,31.5,-25.0,25.29663
2016-01-18,31.5,-25.0,27.327118
2016-01-19,31.5,-25.0,31.292664
2016-01-20,31.5,-25.0,29.902191
2016-01-21,31.5,-25.0,32.52649
2016-01-22,31.5,-25.0,29.745544
2016-01-23,31.5,-25.0,33.14862
2016-01-24,31.5,-25.0,35.780365
2016-01-25,31.5,-25.0,34.74646
2016-01-26,31.5,-25.0,28.128296
2016-01-27,31.5,-25.0,32.28778
2016-01-28,31.5,-25.0,31.450806
2016-01-29,31.5,-25.0,31.84616
2016-01-30,31.5,-25.0,33.478333
2016-01-31,31.5,-25.0,35.097046
2016-02-01,31.5,-25.0,32.808838
2016-02-02,31.5,-25.0,35.913055
2016-02-03,31.5,-25.0,38.084595
2016-02-04,31.5,-25.0,34.39804
2016-02-05,31.5,-25.0,30.081818
2016-02-06,31.5,-25.0,32.2565
2016-02-07,31.5,-25.0,31.551056
2016-02-08,31.5,-25.0,32.43799
2016-02-09,31.5,-25.0,33.509552
2016-02-10,31.5,-25.0,33.528473
2016-02-11,31.5,-25.0,34.55902
2016-02-12,31.5,-25.0,31.950348
2016-02-13,31.5,-25.0,35.633728
2016-02-14,31.5,-25.0,35.66214
2016-02-15,31.5,-25.0,37.835266
2016-02-16,31.5,-25.0,36.35022
2016-02-17,31.5,-25.0,30.654663
2016-02-18,31.5,-25.0,33.634216
2016-02-19,31.5,-25.0,38.742676
2016-02-20,31.5,-25.0,41.12097
2016-02-21,31.5,-25.0,29.766174
2016-02-22,31.5,-25.0,26.732971
2016-02-23,31.5,-25.0,27.683014
2016-02-24,31.5,-25.0,33.318604
2016-02-25,31.5,-25.0,33.015594
2016-02-26,31.5,-25.0,30.713074
2016-02-27,31.5,-25.0,25.65036
2016-02-28,31.5,-25.0,25.658264
2016-02-29,31.5,-25.0,28.47525
2016-03-01,31.5,-25.0,33.02298
2016-03-02,31.5,-25.0,34.72824
2016-03-03,31.5,-25.0,33.189606
2016-03-04,31.5,-25.0,34.776093
2016-03-05,31.5,-25.0,34.799133
2016-03-06,31.5,-25.0,36.738373
2016-03-07,31.5,-25.0,37.727478
2016-03-08,31.5,-25.0,38.165314
2016-03-09,31.5,-25.0,22.897827
2016-03-10,31.5,-25.0,25.007233
2016-03-11,31.5,-25.0,24.721863
2016-03-12,31.5,-25.0,25.074585
2016-03-13,31.5,-25.0,31.175903
2016-03-14,31.5,-25.0,26.957123
2016-03-15,31.5,-25.0,28.742126
2016-03-16,31.5,-25.0,29.321777
2016-03-17,31.5,-25.0,30.53601
2016-03-18,31.5,-25.0,28.369873
2016-03-19,31.5,-25.0,30.312653
2016-03-20,31.5,-25.0,30.380005
2016-03-21,31.5,-25.0,30.559052
2016-03-22,31.5,-25.0,20.646637
2016-03-23,31.5,-25.0,24.959381
2016-03-24,31.5,-25.0,29.164001
2016-03-25,31.5,-25.0,28.596771
2016-03-26,31.5,-25.0,28.646393
2016-03-27,31.5,-25.0,33.55121
2016-03-28,31.5,-25.0,35.887512
2016-03-29,31.5,-25.0,30.716827
2016-03-30,31.5,-25.0,34.581085
2016-03-31,31.5,-25.0,35.84851
2016-04-01,31.5,-25.0,35.642487
2016-04-02,31.5,-25.0,33.97415
2016-04-03,31.5,-25.0,27.584808
2016-04-04,31.5,-25.0,30.376678
2016-04-05,31.5,-25.0,33.198914
2016-04-06,31.5,-25.0,23.301392
2016-04-07,31.5,-25.0,22.62799
2016-04-08,31.5,-25.0,23.142426
2016-04-09,31.5,-25.0,25.862854
2016-04-10,31.5,-25.0,28.274292
2016-04-11,31.5,-25.0,30.478485
2016-04-12,31.5,-25.0,32.02179
2016-04-13,31.5,-25.0,30.237366
2016-04-14,31.5,-25.0,29.612183
2016-04-15,31.5,-25.0,30.380249
2016-04-16,31.5,-25.0,32.26117
2016-04-17,31.5,-25.0,32.711273
2016-04-18,31.5,-25.0,30.583893
2016-04-19,31.5,-25.0,31.821747
2016-04-20,31.5,-25.0,35.390625
2016-04-21,31.5,-25.0,35.84256
2016-04-22,31.5,-25.0,33.004242
2016-04-23,31.5,-25.0,36.365936
2016-04-24,31.5,-25.0,28.395752
2016-04-25,31.5,-25.0,31.250153
2016-04-26,31.5,-25.0,26.08435
2016-04-27,31.5,-25.0,27.827728
2016-04-28,31.5,-25.0,31.710999
2016-04-29,31.5,-25.0,34.75116
2016-04-30,31.5,-25.0,25.752106
2016-05-01,31.5,-25.0,23.222534
2016-05-02,31.5,-25.0,28.189148
2016-05-03,31.5,-25.0,28.356415
2016-05-04,31.5,-25.0,25.811798
2016-05-05,31.5,-25.0,25.564575
2016-05-06,31.5,-25.0,29.049744
2016-05-07,31.5,-25.0,24.019958
2016-05-08,31.5,-25.0,23.092438
2016-05-09,31.5,-25.0,22.031067
2016-05-10,31.5,-25.0,25.036682
2016-05-11,31.5,-25.0,26.886139
2016-05-12,31.5,-25.0,28.451233
2016-05-13,31.5,-25.0,29.120392
2016-05-14,31.5,-25.0,27.319244
2016-05-15,31.5,-25.0,24.79132
2016-05-16,31.5,-25.0,26.469788
2016-05-17,31.5,-25.0,27.19284
2016-05-18,31.5,-25.0,24.971619
2016-05-19,31.5,-25.0,24.568268
2016-05-20,31.5,-25.0,19.66861
2016-05-21,31.5,-25.0,22.902832
2016-05-22,31.5,-25.0,25.164948
2016-05-23,31.5,-25.0,26.129639
2016-05-24,31.5,-25.0,27.718872
2016-05-25,31.5,-25.0,25.743011
2016-05-26,31.5,-25.0,18.220612
2016-05-27,31.5,-25.0,23.445587
2016-05-28,31.5,-25.0,25.503235
2016-05-29,31.5,-25.0,24.638916
2016-05-30,31.5,-25.0,24.36383
2016-05-31,31.5,-25.0,25.060852
2016-06-01,31.5,-25.0,25.868195
2016-06-02,31.5,-25.0,26.325958
2016-06-03,31.5,-25.0,25.919495
2016-06-04,31.5,-25.0,25.465668
2016-06-05,31.5,-25.0,22.97165
2016-06-06,31.5,-25.0,23.455048
2016-06-07,31.5,-25.0,26.250977
2016-06-08,31.5,-25.0,25.76361
2016-06-09,31.5,-25.0,25.542633
2016-06-10,31.5,-25.0,28.391815
2016-06-11,31.5,-25.0,22.644104
2016-06-12,31.5,-25.0,19.755432
2016-06-13,31.5,-25.0,18.622864
2016-06-14,31.5,-25.0,23.589233
2016-06-15,31.5,-25.0,27.117188
2016-06-16,31.5,-25.0,30.051239
2016-06-17,31.5,-25.0,20.449982
2016-06-18,31.5,-25.0,25.447906
2016-06-19,31.5,-25.0,31.341644
2016-06-20,31.5,-25.0,32.499878
2016-06-21,31.5,-25.0,23.141327
2016-06-22,31.5,-25.0,18.912903
2016-06-23,31.5,-25.0,22.10147
2016-06-24,31.5,-25.0,21.006409
2016-06-25,31.5,-25.0,22.39154
2016-06-26,31.5,-25.0,24.688263
2016-06-27,31.5,-25.0,27.018524
2016-06-28,31.5,-25.0,26.136536
2016-06-29,31.5,-25.0,24.591583
2016-06-30,31.5,-25.0,26.158234
2016-07-01,31.5,-25.0,27.209229
2016-07-02,31.5,-25.0,19.993591
2016-07-03,31.5,-25.0,20.390778
2016-07-04,31.5,-25.0,21.347626
2016-07-05,31.5,-25.0,22.049744
2016-07-06,31.5,-25.0,26.069824
2016-07-07,31.5,-25.0,18.378723
2016-07-08,31.5,-25.0,23.536194
2016-07-09,31.5,-25.0,24.101898
2016-07-10,31.5,-25.0,20.868195
2016-07-11,31.5,-25.0,22.156067
2016-07-12,31.5,-25.0,23.068817
2016-07-13,31.5,-25.0,21.736816
2016-07-14,31.5,-25.0,23.39981
2016-07-15,31.5,-25.0,24.67163
2016-07-16,31.5,-25.0,25.512146
2016-07-17,31.5,-25.0,22.04773
2016-07-18,31.5,-25.0,23.297485
2016-07-19,31.5,-25.0,24.956482
2016-07-20,31.5,-25.0,27.22528
2016-07-21,31.5,-25.0,30.505127
2016-07-22,31.5,-25.0,30.450958
2016-07-23,31.5,-25.0,25.126984
2016-07-24,31.5,-25.0,17.042725
2016-07-25,31.5,-25.0,19.425873
2016-07-26,31.5,-25.0,21.732788
2016-07-27,31.5,-25.0,25.84314
2016-07-28,31.5,-25.0,25.476044
2016-07-29,31.5,-25.0,26.687653
2016-07-30,31.5,-25.0,24.404816
2016-07-31,31.5,-25.0,22.77594
2016-08-01,31.5,-25.0,24.612885
2016-08-02,31.5,-25.0,22.461273
2016-08-03,31.5,-25.0,29.007477
2016-08-04,31.5,-25.0,22.661194
2016-08-05,31.5,-25.0,23.858856
2016-08-06,31.5,-25.0,27.36618
2016-08-07,31.5,-25.0,28.731384
2016-08-08,31.5,-25.0,29.354034
2016-08-09,31.5,-25.0,24.129242
2016-08-10,31.5,-25.0,25.264069
2016-08-11,31.5,-25.0,24.967041
2016-08-12,31.5,-25.0,27.642273
2016-08-13,31.5,-25.0,28.592407
2016-08-14,31.5,-25.0,31.09436
2016-08-15,31.5,-25.0,26.703552
2016-08-16,31.5,-25.0,24.281555
2016-08-17,31.5,-25.0,24.471954
2016-08-18,31.5,-25.0,25.985718
2016-08-19,31.5,-25.0,28.815186
2016-08-20,31.5,-25.0,27.885986
2016-08-21,31.5,-25.0,30.266083
2016-08-22,31.5,-25.0,34.401733
2016-08-23,31.5,-25.0,21.316895
2016-08-24,31.5,-25.0,26.833038
2016-08-25,31.5,-25.0,28.98465
2016-08-26,31.5,-25.0,29.81482
2016-08-27,31.5,-25.0,27.842194
2016-08-28,31.5,-25.0,30.757324
2016-08-29,31.5,-25.0,30.926788
2016-08-30,31.5,-25.0,31.955017
2016-08-31,31.5,-25.0,29.571106
2016-09-01,31.5,-25.0,28.86145
2016-09-02,31.5,-25.0,29.49408
2016-09-03,31.5,-25.0,30.682983
2016-09-04,31.5,-25.0,30.398987
2016-09-05,31.5,-25.0,32.868805
2016-09-06,31.5,-25.0,34.852905
2016-09-07,31.5,-25.0,34.04007
2016-09-08,31.5,-25.0,32.6416
2016-09-09,31.5,-25.0,37.877045
2016-09-10,31.5,-25.0,24.297852
2016-09-11,31.5,-25.0,28.042755
2016-09-12,31.5,-25.0,30.44989
2016-09-13,31.5,-25.0,27.1026
2016-09-14,31.5,-25.0,26.401398
2016-09-15,31.5,-25.0,31.380249
2016-09-16,31.5,-25.0,37.07596
2016-09-17,31.5,-25.0,26.961578
2016-09-18,31.5,-25.0,16.114685
2016-09-19,31.5,-25.0,20.750763
2016-09-20,31.5,-25.0,29.102356
2016-09-21,31.5,-25.0,33.180237
2016-09-22,31.5,-25.0,36.90164
2016-09-23,31.5,-25.0,25.78247
2016-09-24,31.5,-25.0,27.980072
2016-09-25,31.5,-25.0,22.266754
2016-09-26,31.5,-25.0,26.947876
2016-09-27,31.5,-25.0,34.572815
2016-09-28,31.5,-25.0,33.810913
2016-09-29,31.5,-25.0,21.122894
2016-09-30,31.5,-25.0,29.505829
2016-10-01,31.5,-25.0,23.008667
2016-10-02,31.5,-25.0,20.832825
2016-10-03,31.5,-25.0,23.925812
2016-10-04,31.5,-25.0,23.851257
2016-10-05,31.5,-25.0,26.60614
2016-10-06,31.5,-25.0,34.329926
2016-10-07,31.5,-25.0,31.297638
2016-10-08,31.5,-25.0,28.076355
2016-10-09,31.5,-25.0,32.826782
2016-10-10,31.5,-25.0,28.44043
2016-10-11,31.5,-25.0,36.7294
2016-10-12,31.5,-25.0,30.618011
2016-10-13,31.5,-25.0,23.617188
2016-10-14,31.5,-25.0,23.303375
2016-10-15,31.5,-25.0,33.553223
2016-10-16,31.5,-25.0,38.340057
2016-10-17,31.5,-25.0,25.361328
2016-10-18,31.5,-25.0,21.990967
2016-10-19,31.5,-25.0,24.04889
2016-10-20,31.5,-25.0,28.858276
2016-10-21,31.5,-25.0,30.106567
2016-10-22,31.5,-25.0,36.64273
2016-10-23,31.5,-25.0,36.894104
2016-10-24,31.5,-25.0,35.04596
2016-10-25,31.5,-25.0,32.40027
2016-10-26,31.5,-25.0,27.374207
2016-10-27,31.5,-25.0,36.129547
2016-10-28,31.5,-25.0,36.457214
2016-10-29,31.5,-25.0,39.546722
2016-10-30,31.5,-25.0,33.35382
2016-10-31,31.5,-25.0,35.27307
2016-11-01,31.5,-25.0,25.996582
2016-11-02,31.5,-25.0,25.41275
2016-11-03,31.5,-25.0,29.203003
2016-11-04,31.5,-25.0,35.797394
2016-11-05,31.5,-25.0,36.437164
2016-11-06,31.5,-25.0,36.31314
2016-11-07,31.5,-25.0,23.859436
2016-11-08,31.5,-25.0,34.785553
2016-11-09,31.5,-25.0,34.04294
2016-11-10,31.5,-25.0,27.737427
2016-11-11,31.5,-25.0,24.025818
2016-11-12,31.5,-25.0,32.211334
2016-11-13,31.5,-25.0,24.037933
2016-11-14,31.5,-25.0,20.660583
2016-11-15,31.5,-25.0,20.389832
2016-11-16,31.5,-25.0,29.417786
2016-11-17,31.5,-25.0,36.01367
2016-11-18,31.5,-25.0,24.482574
2016-11-19,31.5,-25.0,24.163452
2016-11-20,31.5,-25.0,25.194977
2016-11-21,31.5,-25.0,33.40921
2016-11-22,31.5,-25.0,33.338104
2016-11-23,31.5,-25.0,29.062347
2016-11-24,31.5,-25.0,34.96704
2016-11-25,31.5,-25.0,26.447296
2016-11-26,31.5,-25.0,23.481323
2016-11-27,31.5,-25.0,27.692047
2016-11-28,31.5,-25.0,33.220154
2016-11-29,31.5,-25.0,33.797913
2016-11-30,31.5,-25.0,35.693024
2016-12-01,31.5,-25.0,37.50641
2016-12-02,31.5,-25.0,27.872986
2016-12-03,31.5,-25.0,29.955963
2016-12-04,31.5,-25.0,37.893158
2016-12-05,31.5,-25.0,30.095581
2016-12-06,31.5,-25.0,28.352814
2016-12-07,31.5,-25.0,34.99814
2016-12-08,31.5,-25.0,35.73474
2016-12-09,31.5,-25.0,38.690735
2016-12-10,31.5,-25.0,29.74414
2016-12-11,31.5,-25.0,24.84317
2016-12-12,31.5,-25.0,26.505707
2016-12-13,31.5,-25.0,33.04355
2016-12-14,31.5,-25.0,25.717773
2016-12-15,31.5,-25.0,28.163422
2016-12-16,31.5,-25.0,31.30075
2016-12-17,31.5,-25.0,26.300293
2016-12-18,31.5,-25.0,29.63501
2016-12-19,31.5,-25.0,31.936249
2016-12-20,31.5,-25.0,32.20746
2016-12-21,31.5,-25.0,36.01718
2016-12-22,31.5,-25.0,40.839508
2016-12-23,31.5,-25.0,37.755127
2016-12-24,31.5,-25.0,41.12033
2016-12-25,31.5,-25.0,21.251709
2016-12-26,31.5,-25.0,24.470856
2016-12-27,31.5,-25.0,31.356934
2016-12-28,31.5,-25.0,35.097656
2016-12-29,31.5,-25.0,22.713654
2016-12-30,31.5,-25.0,22.996094
2016-12-31,31.5,-25.0,26.552246
2017-01-01,31.5,-25.0,30.119934
2017-01-02,31.5,-25.0,29.832245
2017-01-03,31.5,-25.0,31.174744
2017-01-04,31.5,-25.0,26.719696
2017-01-05,31.5,-25.0,28.054321
2017-01-06,31.5,-25.0,31.089844
2017-01-07,31.5,-25.0,24.140045
2017-01-08,31.5,-25.0,19.493225
2017-01-09,31.5,-25.0,24.325562
2017-01-10,31.5,-25.0,27.642456
2017-01-11,31.5,-25.0,27.658173
2017-01-12,31.5,-25.0,31.05371
2017-01-13,31.5,-25.0,27.397247
2017-01-14,31.5,-25.0,26.994812
2017-01-15,31.5,-25.0,24.921326
2017-01-16,31.5,-25.0,25.924286
2017-01-17,31.5,-25.0,24.209229
2017-01-18,31.5,-25.0,25.359924
2017-01-19,31.5,-25.0,29.789825
2017-01-20,31.5,-25.0,31.184174
2017-01-21,31.5,-25.0,24.312988
2017-01-22,31.5,-25.0,27.614166
2017-01-23,31.5,-25.0,30.473633
2017-01-24,31.5,-25.0,33.932037
2017-01-25,31.5,-25.0,35.797974
2017-01-26,31.5,-25.0,22.91391
2017-01-27,31.5,-25.0,27.516693
2017-01-28,31.5,-25.0,31.816132
2017-01-29,31.5,-25.0,26.361298
2017-01-30,31.5,-25.0,27.837402
2017-01-31,31.5,-25.0,28.997528
2017-02-01,31.5,-25.0,29.059692
2017-02-02,31.5,-25.0,31.14331
2017-02-03,31.5,-25.0,28.323578
2017-02-04,31.5,-25.0,29.296661
2017-02-05,31.5,-25.0,33.10211
2017-02-06,31.5,-25.0,29.27771
2017-02-07,31.5,-25.0,31.141724
2017-02-08,31.5,-25.0,32.587128
2017-02-09,31.5,-25.0,31.037445
2017-02-10,31.5,-25.0,31.307587
2017-02-11,31.5,-25.0,31.329712
2017-02-12,31.5,-25.0,35.812836
2017-02-13,31.5,-25.0,33.005737
2017-02-14,31.5,-25.0,33.95514
2017-02-15,31.5,-25.0,31.882599
2017-02-16,31.5,-25.0,26.832367
2017-02-17,31.5,-25.0,28.35675
2017-02-18,31.5,-25.0,29.6268
2017-02-19,31.5,-25.0,29.671051
2017-02-20,31.5,-25.0,26.4169
2017-02-21,31.5,-25.0,21.486725
2017-02-22,31.5,-25.0,22.43927
2017-02-23,31.5,-25.0,22.123322
2017-02-24,31.5,-25.0,24.954102
2017-02-25,31.5,-25.0,29.88272
2017-02-26,31.5,-25.0,26.083588
2017-02-27,31.5,-25.0,23.930481
2017-02-28,31.5,-25.0,25.65866
2017-03-01,31.5,-25.0,29.120117
2017-03-02,31.5,-25.0,29.231567
2017-03-03,31.5,-25.0,31.691467
2017-03-04,31.5,-25.0,30.729797
2017-03-05,31.5,-25.0,31.220062
2017-03-06,31.5,-25.0,28.064178
2017-03-07,31.5,-25.0,29.785248
2017-03-08,31.5,-25.0,29.370422
2017-03-09,31.5,-25.0,28.624725
2017-03-10,31.5,-25.0,24.34259
2017-03-11,31.5,-25.0,25.143127
2017-03-12,31.5,-25.0,32.531433
2017-03-13,31.5,-25.0,28.050446
2017-03-14,31.5,-25.0,29.74582
2017-03-15,31.5,-25.0,33.136566
2017-03-16,31.5,-25.0,28.144745
2017-03-17,31.5,-25.0,29.999542
2017-03-18,31.5,-25.0,30.824066
2017-03-19,31.5,-25.0,27.378479
2017-03-20,31.5,-25.0,27.85846
2017-03-21,31.5,-25.0,28.955566
2017-03-22,31.5,-25.0,30.510376
2017-03-23,31.5,-25.0,31.79776
2017-03-24,31.5,-25.0,34.873077
2017-03-25,31.5,-25.0,23.680908
2017-03-26,31.5,-25.0,22.62323
2017-03-27,31.5,-25.0,29.565826
2017-03-28,31.5,-25.0,33.040558
2017-03-29,31.5,-25.0,26.094513
2017-03-30,31.5,-25.0,29.89154
2017-03-31,31.5,-25.0,32.492004
2017-04-01,31.5,-25.0,31.407959
2017-04-02,31.5,-25.0,28.5997
2017-04-03,31.5,-25.0,32.824066
2017-04-04,31.5,-25.0,30.034302
2017-04-05,31.5,-25.0,32.55081
2017-04-06,31.5,-25.0,30.18753
2017-04-07,31.5,-25.0,27.593475
2017-04-08,31.5,-25.0,28.568329
2017-04-09,31.5,-25.0,29.615173
2017-04-10,31.5,-25.0,29.80719
2017-04-11,31.5,-25.0,29.938293
2017-04-12,31.5,-25.0,31.487335
2017-04-13,31.5,-25.0,34.055573
2017-04-14,31.5,-25.0,31.888
2017-04-15,31.5,-25.0,21.192291
2017-04-16,31.5,-25.0,24.129791
2017-04-17,31.5,-25.0,27.81134
2017-04-18,31.5,-25.0,26.127502
2017-04-19,31.5,-25.0,26.904785
2017-04-20,31.5,-25.0,27.608246
2017-04-21,31.5,-25.0,27.17804
2017-04-22,31.5,-25.0,27.76886
2017-04-23,31.5,-25.0,27.048798
2017-04-24,31.5,-25.0,24.879395
2017-04-25,31.5,-25.0,23.871307
2017-04-26,31.5,-25.0,24.805542
2017-04-27,31.5,-25.0,27.253754
2017-04-28,31.5,-25.0,25.859772
2017-04-29,31.5,-25.0,23.2417
2017-04-30,31.5,-25.0,24.42334
2017-05-01,31.5,-25.0,23.392578
2017-05-02,31.5,-25.0,25.599152
2017-05-03,31.5,-25.0,26.977509
2017-05-04,31.5,-25.0,28.21109
2017-05-05,31.5,-25.0,30.16864
2017-05-06,31.5,-25.0,30.512268
2017-05-07,31.5,-25.0,30.701447
2017-05-08,31.5,-25.0,25.734283
2017-05-09,31.5,-25.0,27.508392
2017-05-10,31.5,-25.0,26.906097
2017-05-11,31.5,-25.0,27.98523
2017-05-12,31.5,-25.0,23.680206
2017-05-13,31.5,-25.0,19.670563
2017-05-14,31.5,-25.0,25.597198
2017-05-15,31.5,-25.0,23.346252
2017-05-16,31.5,-25.0,24.547028
2017-05-17,31.5,-25.0,27.081757
2017-05-18,31.5,-25.0,25.936981
2017-05-19,31.5,-25.0,27.906097
2017-05-20,31.5,-25.0,28.04895
2017-05-21,31.5,-25.0,27.701447
2017-05-22,31.5,-25.0,28.230408
2017-05-23,31.5,-25.0,29.49295
2017-05-24,31.5,-25.0,30.902222
2017-05-25,31.5,-25.0,27.417664
2017-05-26,31.5,-25.0,29.444702
2017-05-27,31.5,-25.0,25.78833
2017-05-28,31.5,-25.0,18.574036
2017-05-29,31.5,-25.0,22.139679
2017-05-30,31.5,-25.0,21.90802
2017-05-31,31.5,-25.0,26.340454
2017-06-01,31.5,-25.0,27.54663
2017-06-02,31.5,-25.0,27.225311
2017-06-03,31.5,-25.0,26.64151
2017-06-04,31.5,-25.0,27.820892
2017-06-05,31.5,-25.0,24.449219
2017-06-06,31.5,-25.0,23.610687
2017-06-07,31.5,-25.0,25.79123
2017-06-08,31.5,-25.0,30.391296
2017-06-09,31.5,-25.0,20.693512
2017-06-10,31.5,-25.0,23.832092
2017-06-11,31.5,-25.0,27.881653
2017-06-12,31.5,-25.0,29.970093
2017-06-13,31.5,-25.0,30.573517
2017-06-14,31.5,-25.0,27.909058
2017-06-15,31.5,-25.0,29.527313
2017-06-16,31.5,-25.0,21.733826
2017-06-17,31.5,-25.0,27.644592
2017-06-18,31.5,-25.0,20.818909
2017-06-19,31.5,-25.0,22.723206
2017-06-20,31.5,-25.0,27.771942
2017-06-21,31.5,-25.0,22.115875
2017-06-22,31.5,-25.0,29.049286
2017-06-23,31.5,-25.0,21.547699
2017-06-24,31.5,-25.0,21.70639
2017-06-25,31.5,-25.0,25.217194
2017-06-26,31.5,-25.0,22.58606
2017-06-27,31.5,-25.0,23.602875
2017-06-28,31.5,-25.0,27.24884
2017-06-29,31.5,-25.0,20.74054
2017-06-30,31.5,-25.0,24.711731
2017-07-01,31.5,-25.0,25.64618
2017-07-02,31.5,-25.0,23.179626
2017-07-03,31.5,-25.0,23.205383
2017-07-04,31.5,-25.0,22.708496
2017-07-05,31.5,-25.0,25.262146
2017-07-06,31.5,-25.0,24.731598
2017-07-07,31.5,-25.0,24.276306
2017-07-08,31.5,-25.0,26.135132
2017-07-09,31.5,-25.0,28.471008
2017-07-10,31.5,-25.0,30.224884
2017-07-11,31.5,-25.0,25.173065
2017-07-12,31.5,-25.0,24.262451
2017-07-13,31.5,-25.0,32.620148
2017-07-14,31.5,-25.0,23.638885
2017-07-15,31.5,-25.0,29.878448
2017-07-16,31.5,-25.0,33.3031
2017-07-17,31.5,-25.0,20.966492
2017-07-18,31.5,-25.0,24.323822
2017-07-19,31.5,-25.0,24.373322
2017-07-20,31.5,-25.0,28.783752
2017-07-21,31.5,-25.0,23.581482
2017-07-22,31.5,-25.0,28.32846
2017-07-23,31.5,-25.0,25.248291
2017-07-24,31.5,-25.0,24.501984
2017-07-25,31.5,-25.0,26.065826
2017-07-26,31.5,-25.0,25.10376
2017-07-27,31.5,-25.0,22.920319
2017-07-28,31.5,-25.0,23.844757
2017-07-29,31.5,-25.0,25.854034
2017-07-30,31.5,-25.0,25.82434
2017-07-31,31.5,-25.0,19.998474
2017-08-01,31.5,-25.0,23.32669
2017-08-02,31.5,-25.0,28.268646
2017-08-03,31.5,-25.0,25.960602
2017-08-04,31.5,-25.0,23.216156
2017-08-05,31.5,-25.0,27.496704
2017-08-06,31.5,-25.0,24.756134
2017-08-07,31.5,-25.0,23.117218
2017-08-08,31.5,-25.0,23.48767
2017-08-09,31.5,-25.0,24.930695
2017-08-10,31.5,-25.0,26.705383
2017-08-11,31.5,-25.0,29.362518
2017-08-12,31.5,-25.0,30.136414
2017-08-13,31.5,-25.0,27.880737
2017-08-14,31.5,-25.0,24.447754
2017-08-15,31.5,-25.0,31.783081
2017-08-16,31.5,-25.0,33.286224
2017-08-17,31.5,-25.0,25.017975
2017-08-18,31.5,-25.0,21.55783
2017-08-19,31.5,-25.0,21.42984
2017-08-20,31.5,-25.0,21.74405
2017-08-21,31.5,-25.0,24.878326
2017-08-22,31.5,-25.0,32.196198
2017-08-23,31.5,-25.0,22.83017
2017-08-24,31.5,-25.0,28.72638
2017-08-25,31.5,-25.0,22.657562
2017-08-26,31.5,-25.0,20.396057
2017-08-27,31.5,-25.0,26.720886
2017-08-28,31.5,-25.0,21.873993
2017-08-29,31.5,-25.0,27.457916
2017-08-30,31.5,-25.0,30.989807
2017-08-31,31.5,-25.0,26.303894
2017-09-01,31.5,-25.0,23.666931
2017-09-02,31.5,-25.0,21.510834
2017-09-03,31.5,-25.0,24.931885
2017-09-04,31.5,-25.0,24.701569
2017-09-05,31.5,-25.0,28.819275
2017-09-06,31.5,-25.0,32.751953
2017-09-07,31.5,-25.0,33.371216
2017-09-08,31.5,-25.0,33.922516
2017-09-09,31.5,-25.0,32.429108
2017-09-10,31.5,-25.0,31.885376
2017-09-11,31.5,-25.0,36.031403
2017-09-12,31.5,-25.0,34.492706
2017-09-13,31.5,-25.0,36.45056
2017-09-14,31.5,-25.0,31.60785
2017-09-15,31.5,-25.0,26.742493
2017-09-16,31.5,-25.0,35.068542
2017-09-17,31.5,-25.0,21.265411
2017-09-18,31.5,-25.0,21.697754
2017-09-19,31.5,-25.0,28.794739
2017-09-20,31.5,-25.0,26.087341
2017-09-21,31.5,-25.0,29.84256
2017-09-22,31.5,-25.0,34.14908
2017-09-23,31.5,-25.0,23.259125
2017-09-24,31.5,-25.0,22.721039
2017-09-25,31.5,-25.0,30.831879
2017-09-26,31.5,-25.0,34.60974
2017-09-27,31.5,-25.0,18.869537
2017-09-28,31.5,-25.0,18.150208
2017-09-29,31.5,-25.0,26.143982
2017-09-30,31.5,-25.0,25.900421
2017-10-01,31.5,-25.0,26.706879
2017-10-02,31.5,-25.0,25.247528
2017-10-03,31.5,-25.0,25.903992
2017-10-04,31.5,-25.0,31.515991
2017-10-05,31.5,-25.0,24.684845
2017-10-06,31.5,-25.0,22.940857
2017-10-07,31.5,-25.0,23.371918
2017-10-08,31.5,-25.0,32.328766
2017-10-09,31.5,-25.0,29.153412
2017-10-10,31.5,-25.0,28.784851
2017-10-11,31.5,-25.0,23.447601
2017-10-12,31.5,-25.0,30.012238
2017-10-13,31.5,-25.0,19.7836
2017-10-14,31.5,-25.0,22.091888
2017-10-15,31.5,-25.0,35.255707
2017-10-16,31.5,-25.0,31.326813
2017-10-17,31.5,-25.0,29.929962
2017-10-18,31.5,-25.0,22.386414
2017-10-19,31.5,-25.0,33.76837
2017-10-20,31.5,-25.0,24.721039
2017-10-21,31.5,-25.0,24.074463
2017-10-22,31.5,-25.0,31.3992
2017-10-23,31.5,-25.0,33.84735
2017-10-24,31.5,-25.0,35.540344
2017-10-25,31.5,-25.0,37.445557
2017-10-26,31.5,-25.0,33.355408
2017-10-27,31.5,-25.0,21.254456
2017-10-28,31.5,-25.0,16.720093
2017-10-29,31.5,-25.0,22.332123
2017-10-30,31.5,-25.0,29.676605
2017-10-31,31.5,-25.0,29.120483
2017-11-01,31.5,-25.0,29.192871
2017-11-02,31.5,-25.0,31.89035
2017-11-03,31.5,-25.0,30.55014
2017-11-04,31.5,-25.0,29.675293
2017-11-05,31.5,-25.0,29.904846
2017-11-06,31.5,-25.0,34.013885
2017-11-07,31.5,-25.0,27.565704
2017-11-08,31.5,-25.0,18.959839
2017-11-09,31.5,-25.0,25.847015
2017-11-10,31.5,-25.0,30.545502
2017-11-11,31.5,-25.0,24.709991
2017-11-12,31.5,-25.0,22.705902
2017-11-13,31.5,-25.0,30.049103
2017-11-14,31.5,-25.0,33.91461
2017-11-15,31.5,-25.0,34.258972
2017-11-16,31.5,-25.0,20.951538
2017-11-17,31.5,-25.0,23.099884
2017-11-18,31.5,-25.0,28.466919
2017-11-19,31.5,-25.0,32.06717
2017-11-20,31.5,-25.0,33.757965
2017-11-21,31.5,-25.0,37.16742
2017-11-22,31.5,-25.0,35.912537
2017-11-23,31.5,-25.0,21.95047
2017-11-24,31.5,-25.0,30.170105
2017-11-25,31.5,-25.0,20.85379
2017-11-26,31.5,-25.0,25.591064
2017-11-27,31.5,-25.0,20.808807
2017-11-28,31.5,-25.0,23.241058
2017-11-29,31.5,-25.0,31.45758
2017-11-30,31.5,-25.0,27.00882
2017-12-01,31.5,-25.0,34.316193
2017-12-02,31.5,-25.0,35.62686
2017-12-03,31.5,-25.0,37.77942
2017-12-04,31.5,-25.0,31.893768
2017-12-05,31.5,-25.0,28.933228
2017-12-06,31.5,-25.0,27.45758
2017-12-07,31.5,-25.0,20.77475
2017-12-08,31.5,-25.0,25.590271
2017-12-09,31.5,-25.0,30.140564
2017-12-10,31.5,-25.0,26.486145
2017-12-11,31.5,-25.0,25.898651
2017-12-12,31.5,-25.0,35.366272
2017-12-13,31.5,-25.0,28.282532
2017-12-14,31.5,-25.0,26.481506
2017-12-15,31.5,-25.0,22.675964
2017-12-16,31.5,-25.0,29.594727
2017-12-17,31.5,-25.0,34.572144
2017-12-18,31.5,-25.0,33.66086
2017-12-19,31.5,-25.0,28.634094
2017-12-20,31.5,-25.0,24.786896
2017-12-21,31.5,-25.0,30.156006
2017-12-22,31.5,-25.0,35.79956
2017-12-23,31.5,-25.0,35.38324
2017-12-24,31.5,-25.0,29.60553
2017-12-25,31.5,-25.0,34.976166
2017-12-26,31.5,-25.0,21.647491
2017-12-27,31.5,-25.0,25.721344
2017-12-28,31.5,-25.0,34.023224
2017-12-29,31.5,-25.0,27.198517
2017-12-30,31.5,-25.0,27.821472
2017-12-31,31.5,-25.0,33.89679
2018-01-01,31.5,-25.0,36.00232
2018-01-02,31.5,-25.0,22.178345
2018-01-03,31.5,-25.0,27.787964
2018-01-04,31.5,-25.0,28.028442
2018-01-05,31.5,-25.0,32.224365
2018-01-06,31.5,-25.0,34.212585
2018-01-07,31.5,-25.0,34.846832
2018-01-08,31.5,-25.0,39.26062
2018-01-09,31.5,-25.0,22.998169
2018-01-10,31.5,-25.0,22.39621
2018-01-11,31.5,-25.0,26.180603
2018-01-12,31.5,-25.0,29.103241
2018-01-13,31.5,-25.0,31.48523
2018-01-14,31.5,-25.0,31.388397
2018-01-15,31.5,-25.0,34.992065
2018-01-16,31.5,-25.0,29.175873
2018-01-17,31.5,-25.0,34.33847
2018-01-18,31.5,-25.0,33.48477
2018-01-19,31.5,-25.0,32.910248
2018-01-20,31.5,-25.0,34.70804
2018-01-21,31.5,-25.0,32.64557
2018-01-22,31.5,-25.0,32.92154
2018-01-23,31.5,-25.0,30.455627
2018-01-24,31.5,-25.0,33.941467
2018-01-25,31.5,-25.0,30.710602
2018-01-26,31.5,-25.0,30.875214
2018-01-27,31.5,-25.0,33.947937
2018-01-28,31.5,-25.0,32.371216
2018-01-29,31.5,-25.0,27.211853
2018-01-30,31.5,-25.0,32.187256
2018-01-31,31.5,-25.0,34.783875
2018-02-01,31.5,-25.0,30.97699
2018-02-02,31.5,-25.0,35.204987
2018-02-03,31.5,-25.0,27.45105
2018-02-04,31.5,-25.0,28.779755
2018-02-05,31.5,-25.0,28.968231
2018-02-06,31.5,-25.0,31.68219
2018-02-07,31.5,-25.0,29.756653
2018-02-08,31.5,-25.0,28.187653
2018-02-09,31.5,-25.0,29.717407
2018-02-10,31.5,-25.0,31.642914
2018-02-11,31.5,-25.0,29.54779
2018-02-12,31.5,-25.0,30.139893
2018-02-13,31.5,-25.0,30.672302
2018-02-14,31.5,-25.0,30.923615
2018-02-15,31.5,-25.0,34.738525
2018-02-16,31.5,-25.0,28.67453
2018-02-17,31.5,-25.0,29.335754
2018-02-18,31.5,-25.0,29.095459
2018-02-19,31.5,-25.0,26.824402
2018-02-20,31.5,-25.0,25.366913
2018-02-21,31.5,-25.0,26.05954
2018-02-22,31.5,-25.0,25.272675
2018-02-23,31.5,-25.0,26.150635
2018-02-24,31.5,-25.0,31.236145
2018-02-25,31.5,-25.0,29.554047
2018-02-26,31.5,-25.0,22.57129
2018-02-27,31.5,-25.0,27.729065
2018-02-28,31.5,-25.0,28.396545
2018-03-01,31.5,-25.0,28.63205
2018-03-02,31.5,-25.0,26.40451
2018-03-03,31.5,-25.0,27.867035
2018-03-04,31.5,-25.0,31.41858
2018-03-05,31.5,-25.0,31.707367
2018-03-06,31.5,-25.0,33.02127
2018-03-07,31.5,-25.0,34.083527
2018-03-08,31.5,-25.0,36.4563
2018-03-09,31.5,-25.0,27.25061
2018-03-10,31.5,-25.0,28.740143
2018-03-11,31.5,-25.0,33.975433
2018-03-12,31.5,-25.0,31.486145
2018-03-13,31.5,-25.0,31.087585
2018-03-14,31.5,-25.0,35.924316
2018-03-15,31.5,-25.0,37.741455
2018-03-16,31.5,-25.0,30.763336
2018-03-17,31.5,-25.0,23.737885
2018-03-18,31.5,-25.0,27.82312
2018-03-19,31.5,-25.0,32.37445
2018-03-20,31.5,-25.0,30.891663
2018-03-21,31.5,-25.0,33.772766
2018-03-22,31.5,-25.0,22.26358
2018-03-23,31.5,-25.0,19.934723
2018-03-24,31.5,-25.0,27.77414
2018-03-25,31.5,-25.0,32.744293
2018-03-26,31.5,-25.0,24.146576
2018-03-27,31.5,-25.0,27.042877
2018-03-28,31.5,-25.0,28.762085
2018-03-29,31.5,-25.0,31.227753
2018-03-30,31.5,-25.0,32.967224
2018-03-31,31.5,-25.0,30.276947
2018-04-01,31.5,-25.0,26.792328
2018-04-02,31.5,-25.0,27.90979
2018-04-03,31.5,-25.0,29.455597
2018-04-04,31.5,-25.0,29.30246
2018-04-05,31.5,-25.0,31.814423
2018-04-06,31.5,-25.0,33.24176
2018-04-07,31.5,-25.0,31.29126
2018-04-08,31.5,-25.0,30.580322
2018-04-09,31.5,-25.0,27.197021
2018-04-10,31.5,-25.0,32.52353
2018-04-11,31.5,-25.0,21.788483
2018-04-12,31.5,-25.0,23.201233
2018-04-13,31.5,-25.0,28.219666
2018-04-14,31.5,-25.0,29.931366
2018-04-15,31.5,-25.0,27.016571
2018-04-16,31.5,-25.0,27.238953
2018-04-17,31.5,-25.0,26.185333
2018-04-18,31.5,-25.0,30.05896
2018-04-19,31.5,-25.0,32.689423
2018-04-20,31.5,-25.0,25.377777
2018-04-21,31.5,-25.0,26.415009
2018-04-22,31.5,-25.0,27.804047
2018-04-23,31.5,-25.0,29.346222
2018-04-24,31.5,-25.0,31.681335
2018-04-25,31.5,-25.0,29.273315
2018-04-26,31.5,-25.0,30.808197
2018-04-27,31.5,-25.0,29.238678
2018-04-28,31.5,-25.0,31.92743
2018-04-29,31.5,-25.0,24.936646
2018-04-30,31.5,-25.0,27.31186
2018-05-01,31.5,-25.0,24.174103
2018-05-02,31.5,-25.0,25.7919
2018-05-03,31.5,-25.0,31.330292
2018-05-04,31.5,-25.0,25.628479
2018-05-05,31.5,-25.0,27.12326
2018-05-06,31.5,-25.0,29.15976
2018-05-07,31.5,-25.0,28.915527
2018-05-08,31.5,-25.0,27.167328
2018-05-09,31.5,-25.0,31.493713
2018-05-10,31.5,-25.0,27.641083
2018-05-11,31.5,-25.0,30.97406
2018-05-12,31.5,-25.0,30.900604
2018-05-13,31.5,-25.0,23.514862
2018-05-14,31.5,-25.0,19.961548
2018-05-15,31.5,-25.0,23.55893
2018-05-16,31.5,-25.0,20.743835
2018-05-17,31.5,-25.0,23.99231
2018-05-18,31.5,-25.0,22.851929
2018-05-19,31.5,-25.0,22.374481
2018-05-20,31.5,-25.0,23.742554
2018-05-21,31.5,-25.0,27.0094
2018-05-22,31.5,-25.0,31.124634
2018-05-23,31.5,-25.0,27.288513
2018-05-24,31.5,-25.0,29.903473
2018-05-25,31.5,-25.0,28.184662
2018-05-26,31.5,-25.0,27.361969
2018-05-27,31.5,-25.0,25.397095
2018-05-28,31.5,-25.0,26.458496
2018-05-29,31.5,-25.0,28.56662
2018-05-30,31.5,-25.0,23.187988
2018-05-31,31.5,-25.0,28.42154
2018-06-01,31.5,-25.0,31.933502
2018-06-02,31.5,-25.0,25.911255
2018-06-03,31.5,-25.0,28.53946
2018-06-04,31.5,-25.0,21.734253
2018-06-05,31.5,-25.0,21.103363
2018-06-06,31.5,-25.0,21.777985
2018-06-07,31.5,-25.0,24.33017
2018-06-08,31.5,-25.0,26.722717
2018-06-09,31.5,-25.0,26.857635
2018-06-10,31.5,-25.0,28.151764
2018-06-11,31.5,-25.0,22.445007
2018-06-12,31.5,-25.0,22.815582
2018-06-13,31.5,-25.0,23.328674
2018-06-14,31.5,-25.0,25.90744
2018-06-15,31.5,-25.0,28.925232
2018-06-16,31.5,-25.0,27.73941
2018-06-17,31.5,-25.0,21.96231
2018-06-18,31.5,-25.0,28.303802
2018-06-19,31.5,-25.0,31.485016
2018-06-20,31.5,-25.0,22.344269
2018-06-21,31.5,-25.0,24.90216
2018-06-22,31.5,-25.0,29.10196
2018-06-23,31.5,-25.0,25.84665
2018-06-24,31.5,-25.0,29.21408
2018-06-25,31.5,-25.0,25.725006
2018-06-26,31.5,-25.0,23.298248
2018-06-27,31.5,-25.0,25.398163
2018-06-28,31.5,-25.0,24.21045
2018-06-29,31.5,-25.0,24.039398
2018-06-30,31.5,-25.0,29.679657
2018-07-01,31.5,-25.0,26.478882
2018-07-02,31.5,-25.0,28.810638
2018-07-03,31.5,-25.0,21.029572
2018-07-04,31.5,-25.0,21.418518
2018-07-05,31.5,-25.0,20.565582
2018-07-06,31.5,-25.0,19.236847
2018-07-07,31.5,-25.0,21.270447
2018-07-08,31.5,-25.0,22.186554
2018-07-09,31.5,-25.0,19.860748
2018-07-10,31.5,-25.0,24.624939
2018-07-11,31.5,-25.0,24.613098
2018-07-12,31.5,-25.0,24.074066
2018-07-13,31.5,-25.0,26.157043
2018-07-14,31.5,-25.0,27.381165
2018-07-15,31.5,-25.0,17.777771
2018-07-16,31.5,-25.0,17.094635
2018-07-17,31.5,-25.0,19.98117
2018-07-18,31.5,-25.0,20.826202
2018-07-19,31.5,-25.0,20.822266
2018-07-20,31.5,-25.0,20.74527
2018-07-21,31.5,-25.0,22.834167
2018-07-22,31.5,-25.0,23.797668
2018-07-23,31.5,-25.0,23.357391
2018-07-24,31.5,-25.0,24.022736
2018-07-25,31.5,-25.0,26.022797
2018-07-26,31.5,-25.0,25.240936
2018-07-27,31.5,-25.0,25.521301
2018-07-28,31.5,-25.0,24.94873
2018-07-29,31.5,-25.0,27.292328
2018-07-30,31.5,-25.0,25.728607
2018-07-31,31.5,-25.0,25.392975
2018-08-01,31.5,-25.0,32.092987
2018-08-02,31.5,-25.0,24.523712
2018-08-03,31.5,-25.0,22.421234
2018-08-04,31.5,-25.0,25.81314
2018-08-05,31.5,-25.0,32.218994
2018-08-06,31.5,-25.0,23.631927
2018-08-07,31.5,-25.0,33.876556
2018-08-08,31.5,-25.0,19.38565
2018-08-09,31.5,-25.0,17.737946
2018-08-10,31.5,-25.0,26.037567
2018-08-11,31.5,-25.0,23.895721
2018-08-12,31.5,-25.0,25.025696
2018-08-13,31.5,-25.0,33.087128
2018-08-14,31.5,-25.0,33.272186
2018-08-15,31.5,-25.0,31.157898
2018-08-16,31.5,-25.0,28.779846
2018-08-17,31.5,-25.0,35.059692
2018-08-18,31.5,-25.0,16.025238
2018-08-19,31.5,-25.0,23.309082
2018-08-20,31.5,-25.0,31.738647
2018-08-21,31.5,-25.0,32.97296
2018-08-22,31.5,-25.0,27.789612
2018-08-23,31.5,-25.0,30.72284
2018-08-24,31.5,-25.0,20.30893
2018-08-25,31.5,-25.0,28.523926
2018-08-26,31.5,-25.0,33.67575
2018-08-27,31.5,-25.0,22.433044
2018-08-28,31.5,-25.0,20.923126
2018-08-29,31.5,-25.0,24.763885
2018-08-30,31.5,-25.0,27.746307
2018-08-31,31.5,-25.0,29.181427
2018-09-01,31.5,-25.0,31.533447
2018-09-02,31.5,-25.0,32.247223
2018-09-03,31.5,-25.0,35.65625
2018-09-04,31.5,-25.0,29.569122
2018-09-05,31.5,-25.0,36.594635
2018-09-06,31.5,-25.0,34.4628
2018-09-07,31.5,-25.0,34.65695
2018-09-08,31.5,-25.0,29.095154
2018-09-09,31.5,-25.0,22.448425
2018-09-10,31.5,-25.0,22.983276
2018-09-11,31.5,-25.0,27.935974
2018-09-12,31.5,-25.0,33.284576
2018-09-13,31.5,-25.0,32.051178
2018-09-14,31.5,-25.0,32.27768
2018-09-15,31.5,-25.0,35.290802
2018-09-16,31.5,-25.0,27.496277
2018-09-17,31.5,-25.0,37.519714
2018-09-18,31.5,-25.0,40.96869
2018-09-19,31.5,-25.0,38.378143
2018-09-20,31.5,-25.0,21.80127
2018-09-21,31.5,-25.0,27.526733
2018-09-22,31.5,-25.0,27.069916
2018-09-23,31.5,-25.0,30.058289
2018-09-24,31.5,-25.0,32.974335
2018-09-25,31.5,-25.0,33.358826
2018-09-26,31.5,-25.0,36.939148
2018-09-27,31.5,-25.0,32.959106
2018-09-28,31.5,-25.0,36.16446
2018-09-29,31.5,-25.0,27.418243
2018-09-30,31.5,-25.0,24.998993
2018-10-01,31.5,-25.0,31.421295
2018-10-02,31.5,-25.0,37.225067
2018-10-03,31.5,-25.0,24.036102
2018-10-04,31.5,-25.0,20.795197
2018-10-05,31.5,-25.0,24.603119
2018-10-06,31.5,-25.0,27.849213
2018-10-07,31.5,-25.0,27.611664
2018-10-08,31.5,-25.0,27.089722
2018-10-09,31.5,-25.0,28.133606
2018-10-10,31.5,-25.0,31.02246
2018-10-11,31.5,-25.0,33.25937
2018-10-12,31.5,-25.0,32.043823
2018-10-13,31.5,-25.0,19.470428
2018-10-14,31.5,-25.0,22.13562
2018-10-15,31.5,-25.0,33.592285
2018-10-16,31.5,-25.0,29.330078
2018-10-17,31.5,-25.0,21.464539
2018-10-18,31.5,-25.0,21.42987
2018-10-19,31.5,-25.0,29.14972
2018-10-20,31.5,-25.0,19.425323
2018-10-21,31.5,-25.0,23.854034
2018-10-22,31.5,-25.0,22.754639
2018-10-23,31.5,-25.0,24.792145
2018-10-24,31.5,-25.0,28.567108
2018-10-25,31.5,-25.0,31.740356
2018-10-26,31.5,-25.0,32.487732
2018-10-27,31.5,-25.0,33.798645
2018-10-28,31.5,-25.0,32.05075
2018-10-29,31.5,-25.0,30.063568
2018-10-30,31.5,-25.0,35.886414
2018-10-31,31.5,-25.0,25.137207
2018-11-01,31.5,-25.0,24.72229
2018-11-02,31.5,-25.0,20.177856
2018-11-03,31.5,-25.0,23.687927
2018-11-04,31.5,-25.0,29.241913
2018-11-05,31.5,-25.0,35.362793
2018-11-06,31.5,-25.0,29.136292
2018-11-07,31.5,-25.0,18.105988
2018-11-08,31.5,-25.0,23.810608
2018-11-09,31.5,-25.0,26.572083
2018-11-10,31.5,-25.0,25.93686
2018-11-11,31.5,-25.0,29.762207
2018-11-12,31.5,-25.0,27.659271
2018-11-13,31.5,-25.0,30.844727
2018-11-14,31.5,-25.0,30.501495
2018-11-15,31.5,-25.0,33.27072
2018-11-16,31.5,-25.0,35.002472
2018-11-17,31.5,-25.0,38.217438
2018-11-18,31.5,-25.0,31.425598
2018-11-19,31.5,-25.0,27.267883
2018-11-20,31.5,-25.0,38.243835
2018-11-21,31.5,-25.0,37.641235
2018-11-22,31.5,-25.0,28.010284
2018-11-23,31.5,-25.0,24.841888
2018-11-24,31.5,-25.0,30.955017
2018-11-25,31.5,-25.0,35.519653
2018-11-26,31.5,-25.0,37.029297
2018-11-27,31.5,-25.0,36.42511
2018-11-28,31.5,-25.0,35.01953
2018-11-29,31.5,-25.0,22.594513
2018-11-30,31.5,-25.0,27.4263
2018-12-01,31.5,-25.0,32.007874
2018-12-02,31.5,-25.0,36.92157
2018-12-03,31.5,-25.0,35.122498
2018-12-04,31.5,-25.0,34.524963
2018-12-05,31.5,-25.0,39.46472
2018-12-06,31.5,-25.0,35.029694
2018-12-07,31.5,-25.0,36.17752
2018-12-08,31.5,-25.0,37.558197
2018-12-09,31.5,-25.0,26.368011
2018-12-10,31.5,-25.0,23.32016
2018-12-11,31.5,-25.0,26.768555
2018-12-12,31.5,-25.0,32.401886
2018-12-13,31.5,-25.0,32.85614
2018-12-14,31.5,-25.0,30.674438
2018-12-15,31.5,-25.0,37.11371
2018-12-16,31.5,-25.0,34.135834
2018-12-17,31.5,-25.0,37.608643
2018-12-18,31.5,-25.0,38.982788
2018-12-19,31.5,-25.0,39.862
2018-12-20,31.5,-25.0,27.380737
2018-12-21,31.5,-25.0,28.505768
2018-12-22,31.5,-25.0,32.476776
2018-12-23,31.5,-25.0,29.365417
2018-12-24,31.5,-25.0,31.74411
2018-12-25,31.5,-25.0,37.0502
2018-12-26,31.5,-25.0,40.50348
2018-12-27,31.5,-25.0,39.565674
2018-12-28,31.5,-25.0,28.39505
2018-12-29,31.5,-25.0,28.246887
2018-12-30,31.5,-25.0,33.494354
2018-12-31,31.5,-25.0,32.87567
2019-01-01,31.5,-25.0,33.187256
2019-01-02,31.5,-25.0,28.242188
2019-01-03,31.5,-25.0,23.332214
2019-01-04,31.5,-25.0,28.318756
2019-01-05,31.5,-25.0,34.39041
2019-01-06,31.5,-25.0,27.500183
2019-01-07,31.5,-25.0,28.055481
2019-01-08,31.5,-25.0,33.93564
2019-01-09,31.5,-25.0,31.59793
2019-01-10,31.5,-25.0,36.21588
2019-01-11,31.5,-25.0,34.642517
2019-01-12,31.5,-25.0,41.81201
2019-01-13,31.5,-25.0,38.023804
2019-01-14,31.5,-25.0,33.318085
2019-01-15,31.5,-25.0,34.888275
2019-01-16,31.5,-25.0,31.336243
2019-01-17,31.5,-25.0,30.839966
2019-01-18,31.5,-25.0,33.969147
2019-01-19,31.5,-25.0,31.226135
2019-01-20,31.5,-25.0,27.897491
2019-01-21,31.5,-25.0,30.150635
2019-01-22,31.5,-25.0,35.22177
2019-01-23,31.5,-25.0,34.926575
2019-01-24,31.5,-25.0,34.09839
2019-01-25,31.5,-25.0,32.33673
2019-01-26,31.5,-25.0,26.820404
2019-01-27,31.5,-25.0,23.31305
2019-01-28,31.5,-25.0,24.221008
2019-01-29,31.5,-25.0,28.149628
2019-01-30,31.5,-25.0,29.025665
2019-01-31,31.5,-25.0,31.81015
2019-02-01,31.5,-25.0,30.59314
2019-02-02,31.5,-25.0,30.913849
2019-02-03,31.5,-25.0,32.11261
2019-02-04,31.5,-25.0,34.110016
2019-02-05,31.5,-25.0,25.919495
2019-02-06,31.5,-25.0,30.19458
2019-02-07,31.5,-25.0,25.421326
2019-02-08,31.5,-25.0,29.420837
2019-02-09,31.5,-25.0,29.448853
2019-02-10,31.5,-25.0,32.053436
2019-02-11,31.5,-25.0,34.946045
2019-02-12,31.5,-25.0,34.430725
2019-02-13,31.5,-25.0,33.01712
2019-02-14,31.5,-25.0,24.186768
2019-02-15,31.5,-25.0,26.599854
2019-02-16,31.5,-25.0,27.840637
2019-02-17,31.5,-25.0,28.457153
2019-02-18,31.5,-25.0,28.214294
2019-02-19,31.5,-25.0,27.656921
2019-02-20,31.5,-25.0,30.107391
2019-02-21,31.5,-25.0,29.599854
2019-02-22,31.5,-25.0,27.104248
2019-02-23,31.5,-25.0,32.777374
2019-02-24,31.5,-25.0,31.396454
2019-02-25,31.5,-25.0,30.669403
2019-02-26,31.5,-25.0,34.085114
2019-02-27,31.5,-25.0,32.12506
2019-02-28,31.5,-25.0,33.93564
2019-03-01,31.5,-25.0,28.036621
2019-03-02,31.5,-25.0,34.00421
2019-03-03,31.5,-25.0,28.239319
2019-03-04,31.5,-25.0,33.414062
2019-03-05,31.5,-25.0,28.29132
2019-03-06,31.5,-25.0,30.50293
2019-03-07,31.5,-25.0,32.413208
2019-03-08,31.5,-25.0,31.830261
2019-03-09,31.5,-25.0,33.801514
2019-03-10,31.5,-25.0,33.069702
2019-03-11,31.5,-25.0,30.24823
2019-03-12,31.5,-25.0,28.599854
2019-03-13,31.5,-25.0,30.849121
2019-03-14,31.5,-25.0,30.730743
2019-03-15,31.5,-25.0,29.380096
2019-03-16,31.5,-25.0,30.2016
2019-03-17,31.5,-25.0,34.271454
2019-03-18,31.5,-25.0,35.512665
2019-03-19,31.5,-25.0,32.985382
2019-03-20,31.5,-25.0,35.3638
2019-03-21,31.5,-25.0,34.095673
2019-03-22,31.5,-25.0,28.15503
2019-03-23,31.5,-25.0,28.111969
2019-03-24,31.5,-25.0,30.237488
2019-03-25,31.5,-25.0,35.525238
2019-03-26,31.5,-25.0,25.894989
2019-03-27,31.5,-25.0,24.700378
2019-03-28,31.5,-25.0,32.72171
2019-03-29,31.5,-25.0,28.827637
2019-03-30,31.5,-25.0,30.059906
2019-03-31,31.5,-25.0,30.793518
2019-04-01,31.5,-25.0,35.158142
2019-04-02,31.5,-25.0,21.686798
2019-04-03,31.5,-25.0,23.750336
2019-04-04,31.5,-25.0,31.426178
2019-04-05,31.5,-25.0,29.04657
2019-04-06,31.5,-25.0,24.558502
2019-04-07,31.5,-25.0,27.21112
2019-04-08,31.5,-25.0,28.568848
2019-04-09,31.5,-25.0,31.115479
2019-04-10,31.5,-25.0,28.468262
2019-04-11,31.5,-25.0,27.381714
2019-04-12,31.5,-25.0,26.079681
2019-04-13,31.5,-25.0,28.726898
2019-04-14,31.5,-25.0,31.047241
2019-04-15,31.5,-25.0,34.319427
2019-04-16,31.5,-25.0,31.151398
2019-04-17,31.5,-25.0,25.366669
2019-04-18,31.5,-25.0,29.04477
2019-04-19,31.5,-25.0,29.746979
2019-04-20,31.5,-25.0,31.338196
2019-04-21,31.5,-25.0,26.00064
2019-04-22,31.5,-25.0,23.861694
2019-04-23,31.5,-25.0,25.197876
2019-04-24,31.5,-25.0,27.489471
2019-04-25,31.5,-25.0,29.67694
2019-04-26,31.5,-25.0,29.500946
2019-04-27,31.5,-25.0,28.759216
2019-04-28,31.5,-25.0,27.647522
2019-04-29,31.5,-25.0,27.83252
2019-04-30,31.5,-25.0,28.73227
2019-05-01,31.5,-25.0,31.219696
2019-05-02,31.5,-25.0,29.82547
2019-05-03,31.5,-25.0,33.786438
2019-05-04,31.5,-25.0,32.040833
2019-05-05,31.5,-25.0,27.865662
2019-05-06,31.5,-25.0,32.837524
2019-05-07,31.5,-25.0,27.670258
2019-05-08,31.5,-25.0,28.22644
2019-05-09,31.5,-25.0,30.547028
2019-05-10,31.5,-25.0,24.80661
2019-05-11,31.5,-25.0,27.279419
2019-05-12,31.5,-25.0,25.526276
2019-05-13,31.5,-25.0,28.404938
2019-05-14,31.5,-25.0,26.610474
2019-05-15,31.5,-25.0,26.629272
2019-05-16,31.5,-25.0,29.3125
2019-05-17,31.5,-25.0,27.938934
2019-05-18,31.5,-25.0,28.388031
2019-05-19,31.5,-25.0,28.35608
2019-05-20,31.5,-25.0,29.7146
2019-05-21,31.5,-25.0,26.661224
2019-05-22,31.5,-25.0,25.486816
2019-05-23,31.5,-25.0,28.098663
2019-05-24,31.5,-25.0,24.799103
2019-05-25,31.5,-25.0,25.552582
2019-05-26,31.5,-25.0,24.723938
2019-05-27,31.5,-25.0,25.255707
2019-05-28,31.5,-25.0,24.878021
2019-05-29,31.5,-25.0,24.259827
2019-05-30,31.5,-25.0,24.567993
2019-05-31,31.5,-25.0,24.331238
2019-06-01,31.5,-25.0,23.618652
2019-06-02,31.5,-25.0,24.537079
2019-06-03,31.5,-25.0,25.032837
2019-06-04,31.5,-25.0,27.333862
2019-06-05,31.5,-25.0,30.577026
2019-06-06,31.5,-25.0,29.34256
2019-06-07,31.5,-25.0,19.638794
2019-06-08,31.5,-25.0,26.7117
2019-06-09,31.5,-25.0,20.375519
2019-06-10,31.5,-25.0,26.095459
2019-06-11,31.5,-25.0,26.210022
2019-06-12,31.5,-25.0,28.048859
2019-06-13,31.5,-25.0,22.423706
2019-06-14,31.5,-25.0,21.365051
2019-06-15,31.5,-25.0,21.825256
2019-06-16,31.5,-25.0,25.179016
2019-06-17,31.5,-25.0,24.586456
2019-06-18,31.5,-25.0,24.58252
2019-06-19,31.5,-25.0,23.16043
2019-06-20,31.5,-25.0,23.413239
2019-06-21,31.5,-25.0,24.685211
2019-06-22,31.5,-25.0,26.9823
2019-06-23,31.5,-25.0,27.669647
2019-06-24,31.5,-25.0,23.908997
2019-06-25,31.5,-25.0,23.638397
2019-06-26,31.5,-25.0,22.141266
2019-06-27,31.5,-25.0,24.067017
2019-06-28,31.5,-25.0,27.6716
2019-06-29,31.5,-25.0,30.735016
2019-06-30,31.5,-25.0,27.961945
2019-07-01,31.5,-25.0,28.45343
2019-07-02,31.5,-25.0,24.138214
2019-07-03,31.5,-25.0,25.834106
2019-07-04,31.5,-25.0,25.400085
2019-07-05,31.5,-25.0,29.168518
2019-07-06,31.5,-25.0,24.77298
2019-07-07,31.5,-25.0,30.820404
2019-07-08,31.5,-25.0,22.469086
2019-07-09,31.5,-25.0,26.277649
2019-07-10,31.5,-25.0,28.732574
2019-07-11,31.5,-25.0,28.889374
2019-07-12,31.5,-25.0,32.036407
2019-07-13,31.5,-25.0,23.782593
2019-07-14,31.5,-25.0,26.772858
2019-07-15,31.5,-25.0,27.243195
2019-07-16,31.5,-25.0,26.665771
2019-07-17,31.5,-25.0,28.625519
2019-07-18,31.5,-25.0,29.933289
2019-07-19,31.5,-25.0,32.080383
2019-07-20,31.5,-25.0,26.807281
2019-07-21,31.5,-25.0,19.700623
2019-07-22,31.5,-25.0,22.887817
2019-07-23,31.5,-25.0,28.506989
2019-07-24,31.5,-25.0,31.330902
2019-07-25,31.5,-25.0,24.69458
2019-07-26,31.5,-25.0,27.61792
2019-07-27,31.5,-25.0,22.933685
2019-07-28,31.5,-25.0,26.65622
2019-07-29,31.5,-25.0,27.107452
2019-07-30,31.5,-25.0,29.281311
2019-07-31,31.5,-25.0,30.378754
2019-08-01,31.5,-25.0,25.117645
2019-08-02,31.5,-25.0,25.143005
2019-08-03,31.5,-25.0,30.468048
2019-08-04,31.5,-25.0,30.791595
2019-08-05,31.5,-25.0,34.968597
2019-08-06,31.5,-25.0,33.15396
2019-08-07,31.5,-25.0,30.750671
2019-08-08,31.5,-25.0,34.413116
2019-08-09,31.5,-25.0,20.437775
2019-08-10,31.5,-25.0,22.297241
2019-08-11,31.5,-25.0,31.596588
2019-08-12,31.5,-25.0,35.52411
2019-08-13,31.5,-25.0,24.04367
2019-08-14,31.5,-25.0,30.292633
2019-08-15,31.5,-25.0,25.470459
2019-08-16,31.5,-25.0,31.752533
2019-08-17,31.5,-25.0,26.252045
2019-08-18,31.5,-25.0,24.499786
2019-08-19,31.5,-25.0,32.549713
2019-08-20,31.5,-25.0,22.42395
2019-08-21,31.5,-25.0,24.281464
2019-08-22,31.5,-25.0,24.823334
2019-08-23,31.5,-25.0,27.926361
2019-08-24,31.5,-25.0,27.698303
2019-08-25,31.5,-25.0,30.926086
2019-08-26,31.5,-25.0,33.88098
2019-08-27,31.5,-25.0,32.922028
2019-08-28,31.5,-25.0,29.051025
2019-08-29,31.5,-25.0,26.561981
2019-08-30,31.5,-25.0,33.284546
2019-08-31,31.5,-25.0,33.237762
2019-09-01,31.5,-25.0,24.466888
2019-09-02,31.5,-25.0,30.061432
2019-09-03,31.5,-25.0,28.973816
2019-09-04,31.5,-25.0,34.104706
2019-09-05,31.5,-25.0,28.941376
2019-09-06,31.5,-25.0,18.059448
2019-09-07,31.5,-25.0,19.826355
2019-09-08,31.5,-25.0,21.09906
2019-09-09,31.5,-25.0,25.710968
2019-09-10,31.5,-25.0,28.376587
2019-09-11,31.5,-25.0,32.42749
2019-09-12,31.5,-25.0,35.091217
2019-09-13,31.5,-25.0,38.272003
2019-09-14,31.5,-25.0,24.03183
2019-09-15,31.5,-25.0,26.037262
2019-09-16,31.5,-25.0,30.292328
2019-09-17,31.5,-25.0,32.801483
2019-09-18,31.5,-25.0,36.54135
2019-09-19,31.5,-25.0,30.486938
2019-09-20,31.5,-25.0,32.17752
2019-09-21,31.5,-25.0,35.50717
2019-09-22,31.5,-25.0,35.40033
2019-09-23,31.5,-25.0,22.299255
2019-09-24,31.5,-25.0,19.8779
2019-09-25,31.5,-25.0,22.112274
2019-09-26,31.5,-25.0,20.206085
2019-09-27,31.5,-25.0,25.793
2019-09-28,31.5,-25.0,31.299805
2019-09-29,31.5,-25.0,34.364227
2019-09-30,31.5,-25.0,35.63501
2019-10-01,31.5,-25.0,19.487518
2019-10-02,31.5,-25.0,22.210876
2019-10-03,31.5,-25.0,30.066345
2019-10-04,31.5,-25.0,35.48163
2019-10-05,31.5,-25.0,34.68106
2019-10-06,31.5,-25.0,34.843597
2019-10-07,31.5,-25.0,35.556793
2019-10-08,31.5,-25.0,35.315582
2019-10-09,31.5,-25.0,33.329865
2019-10-10,31.5,-25.0,23.619751
2019-10-11,31.5,-25.0,24.444824
2019-10-12,31.5,-25.0,31.457764
2019-10-13,31.5,-25.0,33.242462
2019-10-14,31.5,-25.0,26.724182
2019-10-15,31.5,-25.0,32.25833
2019-10-16,31.5,-25.0,28.243195
2019-10-17,31.5,-25.0,31.835327
2019-10-18,31.5,-25.0,34.896057
2019-10-19,31.5,-25.0,36.722687
2019-10-20,31.5,-25.0,38.42874
2019-10-21,31.5,-25.0,39.386627
2019-10-22,31.5,-25.0,20.896393
2019-10-23,31.5,-25.0,30.234161
2019-10-24,31.5,-25.0,31.139618
2019-10-25,31.5,-25.0,37.925323
2019-10-26,31.5,-25.0,35.995544
2019-10-27,31.5,-25.0,39.6698
2019-10-28,31.5,-25.0,42.949036
2019-10-29,31.5,-25.0,22.525513
2019-10-30,31.5,-25.0,26.617554
2019-10-31,31.5,-25.0,26.724182
2019-11-01,31.5,-25.0,25.237915
2019-11-02,31.5,-25.0,31.512177
2019-11-03,31.5,-25.0,38.088196
2019-11-04,31.5,-25.0,27.76474
2019-11-05,31.5,-25.0,29.013885
2019-11-06,31.5,-25.0,36.321075
2019-11-07,31.5,-25.0,39.259277
2019-11-08,31.5,-25.0,28.566467
2019-11-09,31.5,-25.0,23.994781
2019-11-10,31.5,-25.0,28.305237
2019-11-11,31.5,-25.0,31.277954
2019-11-12,31.5,-25.0,28.781158
2019-11-13,31.5,-25.0,29.312653
2019-11-14,31.5,-25.0,31.94757
2019-11-15,31.5,-25.0,27.982452
2019-11-16,31.5,-25.0,29.329163
2019-11-17,31.5,-25.0,31.593262
2019-11-18,31.5,-25.0,22.2742
2019-11-19,31.5,-25.0,33.606598
2019-11-20,31.5,-25.0,22.040009
2019-11-21,31.5,-25.0,28.964325
2019-11-22,31.5,-25.0,28.273712
2019-11-23,31.5,-25.0,31.99411
2019-11-24,31.5,-25.0,32.93396
2019-11-25,31.5,-25.0,27.703186
2019-11-26,31.5,-25.0,28.473389
2019-11-27,31.5,-25.0,32.310913
2019-11-28,31.5,-25.0,36.47873
2019-11-29,31.5,-25.0,37.92453
2019-11-30,31.5,-25.0,38.82086
2019-12-01,31.5,-25.0,31.825104
2019-12-02,31.5,-25.0,36.28714
2019-12-03,31.5,-25.0,39.584778
2019-12-04,31.5,-25.0,20.87262
2019-12-05,31.5,-25.0,18.996063
2019-12-06,31.5,-25.0,28.97351
2019-12-07,31.5,-25.0,29.206696
2019-12-08,31.5,-25.0,21.137115
2019-12-09,31.5,-25.0,19.04773
2019-12-10,31.5,-25.0,18.487427
2019-12-11,31.5,-25.0,26.453705
2019-12-12,31.5,-25.0,26.84497
2019-12-13,31.5,-25.0,26.078094
2019-12-14,31.5,-25.0,26.77768
2019-12-15,31.5,-25.0,34.582764
2019-12-16,31.5,-25.0,21.80542
2019-12-17,31.5,-25.0,25.905945
2019-12-18,31.5,-25.0,31.911163
2019-12-19,31.5,-25.0,34.690765
2019-12-20,31.5,-25.0,34.637543
2019-12-21,31.5,-25.0,34.413757
2019-12-22,31.5,-25.0,26.799591
2019-12-23,31.5,-25.0,32.386963
2019-12-24,31.5,-25.0,36.53131
2019-12-25,31.5,-25.0,38.50644
2019-12-26,31.5,-25.0,39.69748
2019-12-27,31.5,-25.0,38.802246
2019-12-28,31.5,-25.0,25.943481
2019-12-29,31.5,-25.0,31.662323
2019-12-30,31.5,-25.0,34.028717
2019-12-31,31.5,-25.0,31.075409
2020-01-01,31.5,-25.0,30.618042
2020-01-02,31.5,-25.0,33.795746
2020-01-03,31.5,-25.0,34.235443
2020-01-04,31.5,-25.0,36.10858
2020-01-05,31.5,-25.0,35.28717
2020-01-06,31.5,-25.0,35.301666
2020-01-07,31.5,-25.0,34.53018
2020-01-08,31.5,-25.0,34.546295
2020-01-09,31.5,-25.0,34.768555
2020-01-10,31.5,-25.0,24.898773
2020-01-11,31.5,-25.0,26.201752
2020-01-12,31.5,-25.0,30.87091
2020-01-13,31.5,-25.0,29.841736
2020-01-14,31.5,-25.0,27.189056
2020-01-15,31.5,-25.0,29.592072
2020-01-16,31.5,-25.0,29.592072
2020-01-17,31.5,-25.0,31.247772
2020-01-18,31.5,-25.0,32.39615
2020-01-19,31.5,-25.0,23.587769
2020-01-20,31.5,-25.0,22.466766
2020-01-21,31.5,-25.0,25.12909
2020-01-22,31.5,-25.0,25.196747
2020-01-23,31.5,-25.0,26.531952
2020-01-24,31.5,-25.0,26.82669
2020-01-25,31.5,-25.0,28.342255
2020-01-26,31.5,-25.0,33.170837
2020-01-27,31.5,-25.0,24.167572
2020-01-28,31.5,-25.0,26.757416
2020-01-29,31.5,-25.0,31.453949
2020-01-30,31.5,-25.0,29.004211
2020-01-31,31.5,-25.0,31.030365
2020-02-01,31.5,-25.0,32.685608
2020-02-02,31.5,-25.0,30.73117
2020-02-03,31.5,-25.0,32.032013
2020-02-04,31.5,-25.0,32.860535
2020-02-05,31.5,-25.0,36.04425
2020-02-06,31.5,-25.0,37.811035
2020-02-07,31.5,-25.0,28.980286
2020-02-08,31.5,-25.0,29.470093
2020-02-09,31.5,-25.0,28.816498
2020-02-10,31.5,-25.0,22.569946
2020-02-11,31.5,-25.0,21.067139
2020-02-12,31.5,-25.0,22.99295
2020-02-13,31.5,-25.0,28.638397
2020-02-14,31.5,-25.0,30.942688
2020-02-15,31.5,-25.0,30.319305
2020-02-16,31.5,-25.0,28.697235
2020-02-17,31.5,-25.0,30.896576
2020-02-18,31.5,-25.0,29.42398
2020-02-19,31.5,-25.0,29.239502
2020-02-20,31.5,-25.0,30.02829
2020-02-21,31.5,-25.0,29.368317
2020-02-22,31.5,-25.0,30.163452
2020-02-23,31.5,-25.0,25.127075
2020-02-24,31.5,-25.0,23.018402
2020-02-25,31.5,-25.0,24.953735
2020-02-26,31.5,-25.0,27.731934
2020-02-27,31.5,-25.0,29.797699
2020-02-28,31.5,-25.0,25.876099
2020-02-29,31.5,-25.0,22.083313
2020-03-01,31.5,-25.0,23.733612
2020-03-02,31.5,-25.0,25.661316
2020-03-03,31.5,-25.0,24.516296
2020-03-04,31.5,-25.0,26.109833
2020-03-05,31.5,-25.0,26.843262
2020-03-06,31.5,-25.0,25.809052
2020-03-07,31.5,-25.0,26.285706
2020-03-08,31.5,-25.0,27.37445
2020-03-09,31.5,-25.0,28.575745
2020-03-10,31.5,-25.0,29.56247
2020-03-11,31.5,-25.0,31.866577
2020-03-12,31.5,-25.0,28.442078
2020-03-13,31.5,-25.0,31.09793
2020-03-14,31.5,-25.0,32.47162
2020-03-15,31.5,-25.0,30.929108
2020-03-16,31.5,-25.0,27.99356
2020-03-17,31.5,-25.0,23.995667
2020-03-18,31.5,-25.0,29.669739
2020-03-19,31.5,-25.0,30.730347
2020-03-20,31.5,-25.0,31.372314
2020-03-21,31.5,-25.0,31.187653
2020-03-22,31.5,-25.0,29.601166
2020-03-23,31.5,-25.0,31.690674
2020-03-24,31.5,-25.0,32.304535
2020-03-25,31.5,-25.0,32.85504
2020-03-26,31.5,-25.0,37.22055
2020-03-27,31.5,-25.0,23.693146
2020-03-28,31.5,-25.0,25.054504
2020-03-29,31.5,-25.0,30.70044
2020-03-30,31.5,-25.0,28.475494
2020-03-31,31.5,-25.0,30.336365
2020-04-01,31.5,-25.0,27.546875
2020-04-02,31.5,-25.0,24.221039
2020-04-03,31.5,-25.0,22.593658
2020-04-04,31.5,-25.0,23.49936
2020-04-05,31.5,-25.0,28.356018
2020-04-06,31.5,-25.0,33.154358
2020-04-07,31.5,-25.0,34.193115
2020-04-08,31.5,-25.0,19.369843
2020-04-09,31.5,-25.0,21.423676
2020-04-10,31.5,-25.0,25.842957
2020-04-11,31.5,-25.0,30.076355
2020-04-12,31.5,-25.0,33.5972
2020-04-13,31.5,-25.0,29.640808
2020-04-14,31.5,-25.0,32.090088
2020-04-15,31.5,-25.0,27.000153
2020-04-16,31.5,-25.0,28.468994
2020-04-17,31.5,-25.0,23.732635
2020-04-18,31.5,-25.0,26.262115
2020-04-19,31.5,-25.0,25.740906
2020-04-20,31.5,-25.0,26.508118
2020-04-21,31.5,-25.0,27.13321
2020-04-22,31.5,-25.0,27.124084
2020-04-23,31.5,-25.0,26.462555
2020-04-24,31.5,-25.0,26.927277
2020-04-25,31.5,-25.0,29.086792
2020-04-26,31.5,-25.0,22.449677
2020-04-27,31.5,-25.0,25.965057
2020-04-28,31.5,-25.0,25.985107
2020-04-29,31.5,-25.0,26.497192
2020-04-30,31.5,-25.0,27.288116
2020-05-01,31.5,-25.0,27.39563
2020-05-02,31.5,-25.0,27.500427
2020-05-03,31.5,-25.0,29.98648
2020-05-04,31.5,-25.0,25.690094
2020-05-05,31.5,-25.0,27.068604
2020-05-06,31.5,-25.0,24.201355
2020-05-07,31.5,-25.0,25.588928
2020-05-08,31.5,-25.0,25.821991
2020-05-09,31.5,-25.0,25.019806
2020-05-10,31.5,-25.0,25.211304
2020-05-11,31.5,-25.0,27.601593
2020-05-12,31.5,-25.0,28.235748
2020-05-13,31.5,-25.0,29.67389
2020-05-14,31.5,-25.0,23.865295
2020-05-15,31.5,-25.0,27.117401
2020-05-16,31.5,-25.0,24.681946
2020-05-17,31.5,-25.0,25.319702
2020-05-18,31.5,-25.0,29.650421
2020-05-19,31.5,-25.0,26.306183
2020-05-20,31.5,-25.0,25.364868
2020-05-21,31.5,-25.0,24.07669
2020-05-22,31.5,-25.0,25.840057
2020-05-23,31.5,-25.0,26.125519
2020-05-24,31.5,-25.0,25.894257
2020-05-25,31.5,-25.0,27.95752
2020-05-26,31.5,-25.0,30.29721
2020-05-27,31.5,-25.0,21.894165
2020-05-28,31.5,-25.0,22.80838
2020-05-29,31.5,-25.0,28.63324
2020-05-30,31.5,-25.0,24.960175
2020-05-31,31.5,-25.0,26.454346
2020-06-01,31.5,-25.0,27.378693
2020-06-02,31.5,-25.0,26.262695
2020-06-03,31.5,-25.0,26.688995
2020-06-04,31.5,-25.0,23.649841
2020-06-05,31.5,-25.0,22.412567
2020-06-06,31.5,-25.0,23.598663
2020-06-07,31.5,-25.0,23.430023
2020-06-08,31.5,-25.0,24.566895
2020-06-09,31.5,-25.0,24.542267
2020-06-10,31.5,-25.0,26.412384
2020-06-11,31.5,-25.0,29.19577
2020-06-12,31.5,-25.0,21.781616
2020-06-13,31.5,-25.0,20.726227
2020-06-14,31.5,-25.0,21.887695
2020-06-15,31.5,-25.0,23.22351
2020-06-16,31.5,-25.0,16.671448
2020-06-17,31.5,-25.0,16.267883
2020-06-18,31.5,-25.0,18.420319
2020-06-19,31.5,-25.0,19.835693
2020-06-20,31.5,-25.0,21.647064
2020-06-21,31.5,-25.0,24.690033
2020-06-22,31.5,-25.0,21.844116
2020-06-23,31.5,-25.0,23.310669
2020-06-24,31.5,-25.0,22.808563
2020-06-25,31.5,-25.0,22.204132
2020-06-26,31.5,-25.0,24.978058
2020-06-27,31.5,-25.0,27.354065
2020-06-28,31.5,-25.0,27.636383
2020-06-29,31.5,-25.0,22.30075
2020-06-30,31.5,-25.0,21.671692
2020-07-01,31.5,-25.0,21.118683
2020-07-02,31.5,-25.0,26.058624
2020-07-03,31.5,-25.0,25.38327
2020-07-04,31.5,-25.0,23.045746
2020-07-05,31.5,-25.0,27.599457
2020-07-06,31.5,-25.0,27.364899
2020-07-07,31.5,-25.0,29.524475
2020-07-08,31.5,-25.0,19.636505
2020-07-09,31.5,-25.0,24.356049
2020-07-10,31.5,-25.0,28.586243
2020-07-11,31.5,-25.0,31.105743
2020-07-12,31.5,-25.0,21.54535
2020-07-13,31.5,-25.0,25.775543
2020-07-14,31.5,-25.0,29.045258
2020-07-15,31.5,-25.0,20.044983
2020-07-16,31.5,-25.0,20.390747
2020-07-17,31.5,-25.0,22.550323
2020-07-18,31.5,-25.0,23.870758
2020-07-19,31.5,-25.0,25.456055
2020-07-20,31.5,-25.0,22.706024
2020-07-21,31.5,-25.0,24.172028
2020-07-22,31.5,-25.0,23.229736
2020-07-23,31.5,-25.0,20.342224
2020-07-24,31.5,-25.0,18.89038
2020-07-25,31.5,-25.0,21.998291
2020-07-26,31.5,-25.0,24.341888
2020-07-27,31.5,-25.0,18.01886
2020-07-28,31.5,-25.0,18.219025
2020-07-29,31.5,-25.0,26.58841
2020-07-30,31.5,-25.0,27.085846
2020-07-31,31.5,-25.0,23.812103
2020-08-01,31.5,-25.0,25.03891
2020-08-02,31.5,-25.0,24.726257
2020-08-03,31.5,-25.0,25.235565
2020-08-04,31.5,-25.0,29.243073
2020-08-05,31.5,-25.0,22.39804
2020-08-06,31.5,-25.0,27.40451
2020-08-07,31.5,-25.0,16.424103
2020-08-08,31.5,-25.0,21.806152
2020-08-09,31.5,-25.0,30.041443
2020-08-10,31.5,-25.0,25.776306
2020-08-11,31.5,-25.0,25.982788
2020-08-12,31.5,-25.0,32.33426
2020-08-13,31.5,-25.0,32.226105
2020-08-14,31.5,-25.0,23.943634
2020-08-15,31.5,-25.0,31.628326
2020-08-16,31.5,-25.0,28.763275
2020-08-17,31.5,-25.0,19.373718
2020-08-18,31.5,-25.0,29.563599
2020-08-19,31.5,-25.0,22.038177
2020-08-20,31.5,-25.0,21.782562
2020-08-21,31.5,-25.0,21.479736
2020-08-22,31.5,-25.0,21.985077
2020-08-23,31.5,-25.0,28.822266
2020-08-24,31.5,-25.0,32.18286
2020-08-25,31.5,-25.0,32.355896
2020-08-26,31.5,-25.0,32.17105
2020-08-27,31.5,-25.0,24.238586
2020-08-28,31.5,-25.0,33.557373
2020-08-29,31.5,-25.0,35.919006
2020-08-30,31.5,-25.0,20.526031
2020-08-31,31.5,-25.0,14.662201
2020-09-01,31.5,-25.0,14.543915
2020-09-02,31.5,-25.0,20.064514
2020-09-03,31.5,-25.0,25.60199
2020-09-04,31.5,-25.0,23.386993
2020-09-05,31.5,-25.0,23.904205
2020-09-06,31.5,-25.0,22.17456
2020-09-07,31.5,-25.0,24.468262
2020-09-08,31.5,-25.0,23.703705
2020-09-09,31.5,-25.0,26.465881
2020-09-10,31.5,-25.0,26.567078
2020-09-11,31.5,-25.0,27.084259
2020-09-12,31.5,-25.0,27.92566
2020-09-13,31.5,-25.0,29.310486
2020-09-14,31.5,-25.0,33.25699
2020-09-15,31.5,-25.0,28.590912
2020-09-16,31.5,-25.0,31.519867
2020-09-17,31.5,-25.0,23.96231
2020-09-18,31.5,-25.0,28.868256
2020-09-19,31.5,-25.0,32.62735
2020-09-20,31.5,-25.0,34.1846
2020-09-21,31.5,-25.0,28.806427
2020-09-22,31.5,-25.0,20.484283
2020-09-23,31.5,-25.0,27.593994
2020-09-24,31.5,-25.0,31.549835
2020-09-25,31.5,-25.0,35.2471
2020-09-26,31.5,-25.0,33.43689
2020-09-27,31.5,-25.0,23.54068
2020-09-28,31.5,-25.0,20.83847
2020-09-29,31.5,-25.0,24.590057
2020-09-30,31.5,-25.0,17.978851
2020-10-01,31.5,-25.0,26.451355
2020-10-02,31.5,-25.0,17.163025
2020-10-03,31.5,-25.0,21.605865
2020-10-04,31.5,-25.0,26.084229
2020-10-05,31.5,-25.0,21.436676
2020-10-06,31.5,-25.0,21.82074
2020-10-07,31.5,-25.0,22.417969
2020-10-08,31.5,-25.0,25.238312
2020-10-09,31.5,-25.0,29.574554
2020-10-10,31.5,-25.0,26.782959
2020-10-11,31.5,-25.0,16.484589
2020-10-12,31.5,-25.0,16.817902
2020-10-13,31.5,-25.0,28.852112
2020-10-14,31.5,-25.0,23.181
2020-10-15,31.5,-25.0,27.945282
2020-10-16,31.5,-25.0,28.520508
2020-10-17,31.5,-25.0,29.234467
2020-10-18,31.5,-25.0,35.23889
2020-10-19,31.5,-25.0,33.641785
2020-10-20,31.5,-25.0,38.472046
2020-10-21,31.5,-25.0,24.485413
2020-10-22,31.5,-25.0,29.413818
2020-10-23,31.5,-25.0,29.985657
2020-10-24,31.5,-25.0,30.40863
2020-10-25,31.5,-25.0,34.06476
2020-10-26,31.5,-25.0,31.79596
2020-10-27,31.5,-25.0,32.630035
2020-10-28,31.5,-25.0,35.33026
2020-10-29,31.5,-25.0,34.743195
2020-10-30,31.5,-25.0,33.425232
2020-10-31,31.5,-25.0,26.23819
2020-11-01,31.5,-25.0,24.697449
2020-11-02,31.5,-25.0,27.91571
2020-11-03,31.5,-25.0,32.884583
2020-11-04,31.5,-25.0,29.619965
2020-11-05,31.5,-25.0,33.134003
2020-11-06,31.5,-25.0,36.585663
2020-11-07,31.5,-25.0,39.488983
2020-11-08,31.5,-25.0,40.81595
2020-11-09,31.5,-25.0,36.99655
2020-11-10,31.5,-25.0,28.280212
2020-11-11,31.5,-25.0,24.251373
2020-11-12,31.5,-25.0,25.010803
2020-11-13,31.5,-25.0,30.416138
2020-11-14,31.5,-25.0,34.030884
2020-11-15,31.5,-25.0,34.552063
2020-11-16,31.5,-25.0,33.205933
2020-11-17,31.5,-25.0,34.612823
2020-11-18,31.5,-25.0,35.365845
2020-11-19,31.5,-25.0,34.422577
2020-11-20,31.5,-25.0,24.636688
2020-11-21,31.5,-25.0,30.651154
2020-11-22,31.5,-25.0,33.338623
2020-11-23,31.5,-25.0,35.12442
2020-11-24,31.5,-25.0,38.78076
2020-11-25,31.5,-25.0,26.83496
2020-11-26,31.5,-25.0,29.795837
2020-11-27,31.5,-25.0,22.935608
2020-11-28,31.5,-25.0,28.691101
2020-11-29,31.5,-25.0,32.590424
2020-11-30,31.5,-25.0,29.487274
2020-12-01,31.5,-25.0,36.070953
2020-12-02,31.5,-25.0,22.349152
2020-12-03,31.5,-25.0,25.014526
2020-12-04,31.5,-25.0,29.029907
2020-12-05,31.5,-25.0,22.132019
2020-12-06,31.5,-25.0,27.491089
2020-12-07,31.5,-25.0,28.507507
2020-12-08,31.5,-25.0,29.127441
2020-12-09,31.5,-25.0,30.398773
2020-12-10,31.5,-25.0,35.984436
2020-12-11,31.5,-25.0,38.619904
2020-12-12,31.5,-25.0,37.754517
2020-12-13,31.5,-25.0,33.22937
2020-12-14,31.5,-25.0,35.80191
2020-12-15,31.5,-25.0,35.233887
2020-12-16,31.5,-25.0,26.188293
2020-12-17,31.5,-25.0,26.2182
2020-12-18,31.5,-25.0,23.502472
2020-12-19,31.5,-25.0,27.03952
2020-12-20,31.5,-25.0,29.748962
2020-12-21,31.5,-25.0,30.469574
2020-12-22,31.5,-25.0,30.96994
2020-12-23,31.5,-25.0,35.948242
2020-12-24,31.5,-25.0,26.562775
2020-12-25,31.5,-25.0,27.410828
2020-12-26,31.5,-25.0,29.396515
2020-12-27,31.5,-25.0,32.456818
2020-12-28,31.5,-25.0,28.279358
2020-12-29,31.5,-25.0,33.776917
2020-12-30,31.5,-25.0,33.80838
2020-12-31,31.5,-25.0,32.481995
2021-01-01,31.5,-25.0,33.828827
2021-01-02,31.5,-25.0,20.189026
2021-01-03,31.5,-25.0,25.06015
2021-01-04,31.5,-25.0,31.057678
2021-01-05,31.5,-25.0,33.59955
2021-01-06,31.5,-25.0,32.773865
2021-01-07,31.5,-25.0,25.520325
2021-01-08,31.5,-25.0,29.951202
2021-01-09,31.5,-25.0,29.098907
2021-01-10,31.5,-25.0,32.308685
2021-01-11,31.5,-25.0,29.693695
2021-01-12,31.5,-25.0,31.630829
2021-01-13,31.5,-25.0,32.803772
2021-01-14,31.5,-25.0,31.305206
2021-01-15,31.5,-25.0,34.294006
2021-01-16,31.5,-25.0,36.407257
2021-01-17,31.5,-25.0,25.158173
2021-01-18,31.5,-25.0,28.110413
2021-01-19,31.5,-25.0,29.341461
2021-01-20,31.5,-25.0,32.302032
2021-01-21,31.5,-25.0,29.51593
2021-01-22,31.5,-25.0,32.099335
2021-01-23,31.5,-25.0,31.158997
2021-01-24,31.5,-25.0,27.563812
2021-01-25,31.5,-25.0,23.553284
2021-01-26,31.5,-25.0,28.35962
2021-01-27,31.5,-25.0,30.431335
2021-01-28,31.5,-25.0,28.055573
2021-01-29,31.5,-25.0,28.110413
2021-01-30,31.5,-25.0,29.813293
2021-01-31,31.5,-25.0,29.95285
2021-02-01,31.5,-25.0,30.93686
2021-02-02,31.5,-25.0,20.214172
2021-02-03,31.5,-25.0,27.02295
2021-02-04,31.5,-25.0,31.717163
2021-02-05,31.5,-25.0,26.692108
2021-02-06,31.5,-25.0,27.242981
2021-02-07,31.5,-25.0,28.878479
2021-02-08,31.5,-25.0,29.391907
2021-02-09,31.5,-25.0,28.31665
2021-02-10,31.5,-25.0,28.663116
2021-02-11,31.5,-25.0,28.904999
2021-02-12,31.5,-25.0,26.200531
2021-02-13,31.5,-25.0,25.541962
2021-02-14,31.5,-25.0,25.726105
2021-02-15,31.5,-25.0,26.949585
2021-02-16,31.5,-25.0,22.826569
2021-02-17,31.5,-25.0,26.710846
2021-02-18,31.5,-25.0,30.620056
2021-02-19,31.5,-25.0,28.806671
2021-02-20,31.5,-25.0,32.30237
2021-02-21,31.5,-25.0,31.539246
2021-02-22,31.5,-25.0,25.991394
2021-02-23,31.5,-25.0,29.192139
2021-02-24,31.5,-25.0,29.864746
2021-02-25,31.5,-25.0,29.384094
2021-02-26,31.5,-25.0,24.664917
2021-02-27,31.5,-25.0,25.042572
2021-02-28,31.5,-25.0,23.769135
2021-03-01,31.5,-25.0,23.757172
2021-03-02,31.5,-25.0,25.90622
2021-03-03,31.5,-25.0,28.335632
2021-03-04,31.5,-25.0,29.603241
2021-03-05,31.5,-25.0,30.988342
2021-03-06,31.5,-25.0,27.95282
2021-03-07,31.5,-25.0,31.367798
2021-03-08,31.5,-25.0,32.44397
2021-03-09,31.5,-25.0,33.968445
2021-03-10,31.5,-25.0,35.454315
2021-03-11,31.5,-25.0,36.038574
2021-03-12,31.5,-25.0,27.52472
2021-03-13,31.5,-25.0,28.33899
2021-03-14,31.5,-25.0,28.464905
2021-03-15,31.5,-25.0,29.03238
2021-03-16,31.5,-25.0,31.240173
2021-03-17,31.5,-25.0,30.865784
2021-03-18,31.5,-25.0,32.131714
2021-03-19,31.5,-25.0,30.224426
2021-03-20,31.5,-25.0,28.647919
2021-03-21,31.5,-25.0,30.650879
2021-03-22,31.5,-25.0,25.117126
2021-03-23,31.5,-25.0,25.78534
2021-03-24,31.5,-25.0,25.865906
2021-03-25,31.5,-25.0,24.890472
2021-03-26,31.5,-25.0,29.279205
2021-03-27,31.5,-25.0,28.770477
2021-03-28,31.5,-25.0,26.317566
2021-03-29,31.5,-25.0,26.519012
2021-03-30,31.5,-25.0,25.672852
2021-03-31,31.5,-25.0,30.998413
2021-04-01,31.5,-25.0,31.57016
2021-04-02,31.5,-25.0,29.18216
2021-04-03,31.5,-25.0,25.73764
2021-04-04,31.5,-25.0,26.338257
2021-04-05,31.5,-25.0,27.635376
2021-04-06,31.5,-25.0,24.842133
2021-04-07,31.5,-25.0,27.08902
2021-04-08,31.5,-25.0,29.95462
2021-04-09,31.5,-25.0,29.399231
2021-04-10,31.5,-25.0,29.42456
2021-04-11,31.5,-25.0,31.732971
2021-04-12,31.5,-25.0,30.354431
2021-04-13,31.5,-25.0,31.06903
2021-04-14,31.5,-25.0,32.301025
2021-04-15,31.5,-25.0,30.573334
2021-04-16,31.5,-25.0,21.895142
2021-04-17,31.5,-25.0,22.030823
2021-04-18,31.5,-25.0,25.565765
2021-04-19,31.5,-25.0,27.919403
2021-04-20,31.5,-25.0,24.578003
2021-04-21,31.5,-25.0,26.651245
2021-04-22,31.5,-25.0,28.869171
2021-04-23,31.5,-25.0,26.976868
2021-04-24,31.5,-25.0,26.658478
2021-04-25,31.5,-25.0,27.049225
2021-04-26,31.5,-25.0,28.322845
2021-04-27,31.5,-25.0,31.91388
2021-04-28,31.5,-25.0,28.1745
2021-04-29,31.5,-25.0,29.82077
2021-04-30,31.5,-25.0,27.91397
2021-05-01,31.5,-25.0,17.930267
2021-05-02,31.5,-25.0,22.746918
2021-05-03,31.5,-25.0,23.392426
2021-05-04,31.5,-25.0,24.966522
2021-05-05,31.5,-25.0,26.942627
2021-05-06,31.5,-25.0,26.431152
2021-05-07,31.5,-25.0,24.800415
2021-05-08,31.5,-25.0,28.28836
2021-05-09,31.5,-25.0,24.668304
2021-05-10,31.5,-25.0,26.591583
2021-05-11,31.5,-25.0,26.970947
2021-05-12,31.5,-25.0,29.815277
2021-05-13,31.5,-25.0,27.684387
2021-05-14,31.5,-25.0,28.76587
2021-05-15,31.5,-25.0,30.74765
2021-05-16,31.5,-25.0,32.18396
2021-05-17,31.5,-25.0,25.502533
2021-05-18,31.5,-25.0,23.62268
2021-05-19,31.5,-25.0,27.691925
2021-05-20,31.5,-25.0,28.643188
2021-05-21,31.5,-25.0,31.336517
2021-05-22,31.5,-25.0,21.918335
2021-05-23,31.5,-25.0,22.939423
2021-05-24,31.5,-25.0,23.53775
2021-05-25,31.5,-25.0,25.342102
2021-05-26,31.5,-25.0,28.216614
2021-05-27,31.5,-25.0,27.831604
2021-05-28,31.5,-25.0,30.594757
2021-05-29,31.5,-25.0,25.917755
2021-05-30,31.5,-25.0,26.629333
2021-05-31,31.5,-25.0,21.053925
2021-06-01,31.5,-25.0,24.93161
2021-06-02,31.5,-25.0,17.819427
2021-06-03,31.5,-25.0,21.373535
2021-06-04,31.5,-25.0,19.737732
2021-06-05,31.5,-25.0,20.144714
2021-06-06,31.5,-25.0,17.8609
2021-06-07,31.5,-25.0,18.37259
2021-06-08,31.5,-25.0,21.20166
2021-06-09,31.5,-25.0,21.377502
2021-06-10,31.5,-25.0,21.488129
2021-06-11,31.5,-25.0,22.185516
2021-06-12,31.5,-25.0,23.359009
2021-06-13,31.5,-25.0,25.5401
2021-06-14,31.5,-25.0,27.857483
2021-06-15,31.5,-25.0,25.071869
2021-06-16,31.5,-25.0,24.635254
2021-06-17,31.5,-25.0,28.118256
2021-06-18,31.5,-25.0,21.987946
2021-06-19,31.5,-25.0,21.69162
2021-06-20,31.5,-25.0,22.566803
2021-06-21,31.5,-25.0,22.892792
2021-06-22,31.5,-25.0,25.024475
2021-06-23,31.5,-25.0,26.691864
2021-06-24,31.5,-25.0,27.618439
2021-06-25,31.5,-25.0,28.770203
2021-06-26,31.5,-25.0,30.558136
2021-06-27,31.5,-25.0,25.069916
2021-06-28,31.5,-25.0,28.867035
2021-06-29,31.5,-25.0,32.699707
2021-06-30,31.5,-25.0,33.68158
2021-07-01,31.5,-25.0,31.993408
2021-07-02,31.5,-25.0,26.456482
2021-07-03,31.5,-25.0,30.502777
2021-07-04,31.5,-25.0,28.628876
2021-07-05,31.5,-25.0,21.772736
2021-07-06,31.5,-25.0,21.216156
2021-07-07,31.5,-25.0,24.247498
2021-07-08,31.5,-25.0,24.195496
2021-07-09,31.5,-25.0,26.999573
2021-07-10,31.5,-25.0,24.476685
2021-07-11,31.5,-25.0,27.024628
2021-07-12,31.5,-25.0,26.801208
2021-07-13,31.5,-25.0,28.120453
2021-07-14,31.5,-25.0,18.132812
2021-07-15,31.5,-25.0,19.21518
2021-07-16,31.5,-25.0,19.58493
2021-07-17,31.5,-25.0,22.154053
2021-07-18,31.5,-25.0,21.29898
2021-07-19,31.5,-25.0,21.533936
2021-07-20,31.5,-25.0,25.410736
2021-07-21,31.5,-25.0,26.928314
2021-07-22,31.5,-25.0,24.902313
2021-07-23,31.5,-25.0,19.126587
2021-07-24,31.5,-25.0,19.101532
2021-07-25,31.5,-25.0,18.52185
2021-07-26,31.5,-25.0,20.547882
2021-07-27,31.5,-25.0,22.67212
2021-07-28,31.5,-25.0,24.555634
2021-07-29,31.5,-25.0,27.482971
2021-07-30,31.5,-25.0,23.311523
2021-07-31,31.5,-25.0,25.062164
2021-08-01,31.5,-25.0,28.996674
2021-08-02,31.5,-25.0,27.149475
2021-08-03,31.5,-25.0,23.21045
2021-08-04,31.5,-25.0,26.527435
2021-08-05,31.5,-25.0,28.154633
2021-08-06,31.5,-25.0,30.676971
2021-08-07,31.5,-25.0,25.575378
2021-08-08,31.5,-25.0,27.509827
2021-08-09,31.5,-25.0,33.956024
2021-08-10,31.5,-25.0,19.578644
2021-08-11,31.5,-25.0,24.456451
2021-08-12,31.5,-25.0,33.87448
2021-08-13,31.5,-25.0,16.739594
2021-08-14,31.5,-25.0,18.292816
2021-08-15,31.5,-25.0,20.299316
2021-08-16,31.5,-25.0,22.210999
2021-08-17,31.5,-25.0,25.723328
2021-08-18,31.5,-25.0,31.3237
2021-08-19,31.5,-25.0,31.695404
2021-08-20,31.5,-25.0,20.638794
2021-08-21,31.5,-25.0,23.71872
2021-08-22,31.5,-25.0,18.603851
2021-08-23,31.5,-25.0,25.626587
2021-08-24,31.5,-25.0,33.19742
2021-08-25,31.5,-25.0,27.680511
2021-08-26,31.5,-25.0,30.612488
2021-08-27,31.5,-25.0,33.428802
2021-08-28,31.5,-25.0,28.074982
2021-08-29,31.5,-25.0,20.858795
2021-08-30,31.5,-25.0,26.170898
2021-08-31,31.5,-25.0,32.053833
2021-09-01,31.5,-25.0,22.050385
2021-09-02,31.5,-25.0,28.081665
2021-09-03,31.5,-25.0,31.774414
2021-09-04,31.5,-25.0,31.189331
2021-09-05,31.5,-25.0,32.799255
2021-09-06,31.5,-25.0,32.27121
2021-09-07,31.5,-25.0,22.030151
2021-09-08,31.5,-25.0,19.888458
2021-09-09,31.5,-25.0,26.50119
2021-09-10,31.5,-25.0,24.052216
2021-09-11,31.5,-25.0,25.993347
2021-09-12,31.5,-25.0,29.958405
2021-09-13,31.5,-25.0,32.230713
2021-09-14,31.5,-25.0,33.169067
2021-09-15,31.5,-25.0,36.677826
2021-09-16,31.5,-25.0,22.856262
2021-09-17,31.5,-25.0,18.847076
2021-09-18,31.5,-25.0,21.9823
2021-09-19,31.5,-25.0,25.853516
2021-09-20,31.5,-25.0,31.831451
2021-09-21,31.5,-25.0,21.161713
2021-09-22,31.5,-25.0,24.269348
2021-09-23,31.5,-25.0,25.634583
2021-09-24,31.5,-25.0,31.176453
2021-09-25,31.5,-25.0,31.255554
2021-09-26,31.5,-25.0,33.47818
2021-09-27,31.5,-25.0,32.44232
2021-09-28,31.5,-25.0,35.664032
2021-09-29,31.5,-25.0,27.093628
2021-09-30,31.5,-25.0,21.761505
2021-10-01,31.5,-25.0,26.638031
2021-10-02,31.5,-25.0,32.20282
2021-10-03,31.5,-25.0,19.664307
2021-10-04,31.5,-25.0,19.259705
2021-10-05,31.5,-25.0,20.500092
2021-10-06,31.5,-25.0,25.88742
2021-10-07,31.5,-25.0,23.07663
2021-10-08,31.5,-25.0,26.744507
2021-10-09,31.5,-25.0,33.216064
2021-10-10,31.5,-25.0,20.48056
2021-10-11,31.5,-25.0,23.213287
2021-10-12,31.5,-25.0,31.27655
2021-10-13,31.5,-25.0,36.67099
2021-10-14,31.5,-25.0,38.599854
2021-10-15,31.5,-25.0,35.233643
2021-10-16,31.5,-25.0,39.228027
2021-10-17,31.5,-25.0,20.776917
2021-10-18,31.5,-25.0,18.04773
2021-10-19,31.5,-25.0,23.690613
2021-10-20,31.5,-25.0,26.652222
2021-10-21,31.5,-25.0,32.504486
2021-10-22,31.5,-25.0,33.006653
2021-10-23,31.5,-25.0,39.46402
2021-10-24,31.5,-25.0,28.4906
2021-10-25,31.5,-25.0,18.113403
2021-10-26,31.5,-25.0,22.615265
2021-10-27,31.5,-25.0,23.800629
2021-10-28,31.5,-25.0,24.318787
2021-10-29,31.5,-25.0,28.387665
2021-10-30,31.5,-25.0,33.32431
2021-10-31,31.5,-25.0,25.85904
2021-11-01,31.5,-25.0,33.448853
2021-11-02,31.5,-25.0,37.84445
2021-11-03,31.5,-25.0,29.482971
2021-11-04,31.5,-25.0,31.121246
2021-11-05,31.5,-25.0,35.662598
2021-11-06,31.5,-25.0,37.48004
2021-11-07,31.5,-25.0,35.2648
2021-11-08,31.5,-25.0,34.80475
2021-11-09,31.5,-25.0,29.019867
2021-11-10,31.5,-25.0,27.457489
2021-11-11,31.5,-25.0,32.50598
2021-11-12,31.5,-25.0,33.8497
2021-11-13,31.5,-25.0,31.71643
2021-11-14,31.5,-25.0,30.483551
2021-11-15,31.5,-25.0,28.696472
2021-11-16,31.5,-25.0,38.32727
2021-11-17,31.5,-25.0,33.64322
2021-11-18,31.5,-25.0,38.008423
2021-11-19,31.5,-25.0,21.297607
2021-11-20,31.5,-25.0,21.388702
2021-11-21,31.5,-25.0,19.751923
2021-11-22,31.5,-25.0,22.817444
2021-11-23,31.5,-25.0,30.163177
2021-11-24,31.5,-25.0,23.165161
2021-11-25,31.5,-25.0,20.787445
2021-11-26,31.5,-25.0,22.753693
2021-11-27,31.5,-25.0,21.14273
2021-11-28,31.5,-25.0,26.962524
2021-11-29,31.5,-25.0,32.272156
2021-11-30,31.5,-25.0,30.697632
2021-12-01,31.5,-25.0,28.405823
2021-12-02,31.5,-25.0,33.132416
2021-12-03,31.5,-25.0,34.971375
2021-12-04,31.5,-25.0,31.06726
2021-12-05,31.5,-25.0,28.467224
2021-12-06,31.5,-25.0,30.900818
2021-12-07,31.5,-25.0,25.744354
2021-12-08,31.5,-25.0,27.096893
2021-12-09,31.5,-25.0,30.078308
2021-12-10,31.5,-25.0,32.988617
2021-12-11,31.5,-25.0,34.91803
2021-12-12,31.5,-25.0,35.53534
2021-12-13,31.5,-25.0,33.57196
2021-12-14,31.5,-25.0,30.125183
2021-12-15,31.5,-25.0,30.361084
2021-12-16,31.5,-25.0,31.89624
2021-12-17,31.5,-25.0,19.408264
2021-12-18,31.5,-25.0,22.216766
2021-12-19,31.5,-25.0,21.639862
2021-12-20,31.5,-25.0,24.742462
2021-12-21,31.5,-25.0,27.639862
2021-12-22,31.5,-25.0,30.81842
2021-12-23,31.5,-25.0,29.545044
2021-12-24,31.5,-25.0,25.980286
2021-12-25,31.5,-25.0,27.371613
2021-12-26,31.5,-25.0,28.774231
2021-12-27,31.5,-25.0,30.916992
2021-12-28,31.5,-25.0,35.1055
2021-12-29,31.5,-25.0,28.04544
2021-12-30,31.5,-25.0,31.358124
2021-12-31,31.5,-25.0,26.558777
2022-01-01,31.5,-25.0,32.513977
2022-01-02,31.5,-25.0,30.330688
2022-01-03,31.5,-25.0,28.848328
2022-01-04,31.5,-25.0,31.779236
2022-01-05,31.5,-25.0,34.233185
2022-01-06,31.5,-25.0,27.066284
2022-01-07,31.5,-25.0,29.3172
2022-01-08,31.5,-25.0,28.190948
2022-01-09,31.5,-25.0,28.121643
2022-01-10,31.5,-25.0,29.839264
2022-01-11,31.5,-25.0,31.461823
2022-01-12,31.5,-25.0,28.848328
2022-01-13,31.5,-25.0,29.729706
2022-01-14,31.5,-25.0,30.045502
2022-01-15,31.5,-25.0,28.450348
2022-01-16,31.5,-25.0,29.906952
2022-01-17,31.5,-25.0,26.697296
2022-01-18,31.5,-25.0,28.983673
2022-01-19,31.5,-25.0,30.748016
2022-01-20,31.5,-25.0,29.699097
2022-01-21,31.5,-25.0,29.049744
2022-01-22,31.5,-25.0,26.431427
2022-01-23,31.5,-25.0,26.379883
2022-01-24,31.5,-25.0,28.7146
2022-01-25,31.5,-25.0,30.545013
2022-01-26,31.5,-25.0,29.175415
2022-01-27,31.5,-25.0,30.627167
2022-01-28,31.5,-25.0,31.331299
2022-01-29,31.5,-25.0,25.06668
2022-01-30,31.5,-25.0,25.098907
2022-01-31,31.5,-25.0,28.664642
2022-02-01,31.5,-25.0,29.992981
2022-02-02,31.5,-25.0,32.073822
2022-02-03,31.5,-25.0,35.993958
2022-02-04,31.5,-25.0,29.006775
2022-02-05,31.5,-25.0,27.802246
2022-02-06,31.5,-25.0,25.749268
2022-02-07,31.5,-25.0,29.181702
2022-02-08,31.5,-25.0,31.397247
2022-02-09,31.5,-25.0,35.001556
2022-02-10,31.5,-25.0,34.61914
2022-02-11,31.5,-25.0,34.55719
2022-02-12,31.5,-25.0,33.61743
2022-02-13,31.5,-25.0,33.1127
2022-02-14,31.5,-25.0,32.247223
2022-02-15,31.5,-25.0,27.879639
2022-02-16,31.5,-25.0,31.267181
2022-02-17,31.5,-25.0,31.18515
2022-02-18,31.5,-25.0,27.78366
2022-02-19,31.5,-25.0,30.633972
2022-02-20,31.5,-25.0,36.302063
2022-02-21,31.5,-25.0,31.291962
2022-02-22,31.5,-25.0,31.7518
2022-02-23,31.5,-25.0,32.522827
2022-02-24,31.5,-25.0,34.49063
2022-02-25,31.5,-25.0,33.244293
2022-02-26,31.5,-25.0,32.465515
2022-02-27,31.5,-25.0,30.812012
2022-02-28,31.5,-25.0,31.500977
2022-03-01,31.5,-25.0,32.61194
2022-03-02,31.5,-25.0,31.599579
2022-03-03,31.5,-25.0,34.21814
2022-03-04,31.5,-25.0,33.621002
2022-03-05,31.5,-25.0,32.429993
2022-03-06,31.5,-25.0,30.163757
2022-03-07,31.5,-25.0,32.300964
2022-03-08,31.5,-25.0,31.849365
2022-03-09,31.5,-25.0,29.77832
2022-03-10,31.5,-25.0,32.418396
2022-03-11,31.5,-25.0,30.555786
2022-03-12,31.5,-25.0,30.210083
2022-03-13,31.5,-25.0,32.841858
2022-03-14,31.5,-25.0,35.609314
2022-03-15,31.5,-25.0,22.698425
2022-03-16,31.5,-25.0,24.870361
2022-03-17,31.5,-25.0,24.427063
2022-03-18,31.5,-25.0,27.60141
2022-03-19,31.5,-25.0,28.206848
2022-03-20,31.5,-25.0,28.35904
2022-03-21,31.5,-25.0,27.76352
2022-03-22,31.5,-25.0,28.488068
2022-03-23,31.5,-25.0,29.723724
2022-03-24,31.5,-25.0,34.426575
2022-03-25,31.5,-25.0,30.896545
2022-03-26,31.5,-25.0,22.122772
2022-03-27,31.5,-25.0,27.245789
2022-03-28,31.5,-25.0,27.043976
2022-03-29,31.5,-25.0,28.46988
2022-03-30,31.5,-25.0,29.39621
2022-03-31,31.5,-25.0,29.910675
2022-04-01,31.5,-25.0,30.955627
2022-04-02,31.5,-25.0,31.541443
2022-04-03,31.5,-25.0,32.31897
2022-04-04,31.5,-25.0,31.550415
2022-04-05,31.5,-25.0,33.832764
2022-04-06,31.5,-25.0,34.260956
2022-04-07,31.5,-25.0,29.388062
2022-04-08,31.5,-25.0,22.630524
2022-04-09,31.5,-25.0,20.539856
2022-04-10,31.5,-25.0,21.67566
2022-04-11,31.5,-25.0,24.475769
2022-04-12,31.5,-25.0,28.809418
2022-04-13,31.5,-25.0,31.371246
2022-04-14,31.5,-25.0,29.866394
2022-04-15,31.5,-25.0,33.123352
2022-04-16,31.5,-25.0,20.271118
2022-04-17,31.5,-25.0,17.302612
2022-04-18,31.5,-25.0,20.552368
2022-04-19,31.5,-25.0,21.019958
2022-04-20,31.5,-25.0,22.041107
2022-04-21,31.5,-25.0,23.667816
2022-04-22,31.5,-25.0,26.012878
2022-04-23,31.5,-25.0,25.663544
2022-04-24,31.5,-25.0,29.05664
2022-04-25,31.5,-25.0,26.199188
2022-04-26,31.5,-25.0,22.232819
2022-04-27,31.5,-25.0,22.274017
2022-04-28,31.5,-25.0,23.07483
2022-04-29,31.5,-25.0,26.824432
2022-04-30,31.5,-25.0,25.948395
2022-05-01,31.5,-25.0,24.562012
2022-05-02,31.5,-25.0,25.02707
2022-05-03,31.5,-25.0,25.38794
2022-05-04,31.5,-25.0,23.88861
2022-05-05,31.5,-25.0,25.116364
2022-05-06,31.5,-25.0,27.14215
2022-05-07,31.5,-25.0,29.832
2022-05-08,31.5,-25.0,28.63031
2022-05-09,31.5,-25.0,22.774353
2022-05-10,31.5,-25.0,25.873474
2022-05-11,31.5,-25.0,28.82193
2022-05-12,31.5,-25.0,25.486542
2022-05-13,31.5,-25.0,29.54181
2022-05-14,31.5,-25.0,29.331604
2022-05-15,31.5,-25.0,20.402557
2022-05-16,31.5,-25.0,20.244446
2022-05-17,31.5,-25.0,22.731567
2022-05-18,31.5,-25.0,23.062683
2022-05-19,31.5,-25.0,25.505157
2022-05-20,31.5,-25.0,27.097504
2022-05-21,31.5,-25.0,19.111572
2022-05-22,31.5,-25.0,18.3526
2022-05-23,31.5,-25.0,18.588837
2022-05-24,31.5,-25.0,24.381561
2022-05-25,31.5,-25.0,25.730225
2022-05-26,31.5,-25.0,23.981628
2022-05-27,31.5,-25.0,22.928741
2022-05-28,31.5,-25.0,24.420624
2022-05-29,31.5,-25.0,25.588867
2022-05-30,31.5,-25.0,19.66034
2022-05-31,31.5,-25.0,23.399384
2022-06-01,31.5,-25.0,20.447052
2022-06-02,31.5,-25.0,21.121643
2022-06-03,31.5,-25.0,21.055267
2022-06-04,31.5,-25.0,22.94812
2022-06-05,31.5,-25.0,22.12796
2022-06-06,31.5,-25.0,20.294067
2022-06-07,31.5,-25.0,22.105835
2022-06-08,31.5,-25.0,22.328857
2022-06-09,31.5,-25.0,21.652435
2022-06-10,31.5,-25.0,21.093994
2022-06-11,31.5,-25.0,22.021057
2022-06-12,31.5,-25.0,23.727753
2022-06-13,31.5,-25.0,25.082428
2022-06-14,31.5,-25.0,25.312836
2022-06-15,31.5,-25.0,24.811493
2022-06-16,31.5,-25.0,18.340393
2022-06-17,31.5,-25.0,20.88388
2022-06-18,31.5,-25.0,24.594025
2022-06-19,31.5,-25.0,25.296234
2022-06-20,31.5,-25.0,21.9971
2022-06-21,31.5,-25.0,21.613739
2022-06-22,31.5,-25.0,20.612946
2022-06-23,31.5,-25.0,20.764069
2022-06-24,31.5,-25.0,24.402344
2022-06-25,31.5,-25.0,19.12741
2022-06-26,31.5,-25.0,20.270111
2022-06-27,31.5,-25.0,18.489685
2022-06-28,31.5,-25.0,18.683228
2022-06-29,31.5,-25.0,19.65268
2022-06-30,31.5,-25.0,20.636902
2022-07-01,31.5,-25.0,19.866333
2022-07-02,31.5,-25.0,22.871033
2022-07-03,31.5,-25.0,25.453796
2022-07-04,31.5,-25.0,26.799103
2022-07-05,31.5,-25.0,24.165253
2022-07-06,31.5,-25.0,26.05362
2022-07-07,31.5,-25.0,24.057404
2022-07-08,31.5,-25.0,24.095245
2022-07-09,31.5,-25.0,22.564514
2022-07-10,31.5,-25.0,24.070648
2022-07-11,31.5,-25.0,27.482178
2022-07-12,31.5,-25.0,24.116058
2022-07-13,31.5,-25.0,23.94577
2022-07-14,31.5,-25.0,27.160522
2022-07-15,31.5,-25.0,21.467072
2022-07-16,31.5,-25.0,21.162445
2022-07-17,31.5,-25.0,22.367737
2022-07-18,31.5,-25.0,23.561676
2022-07-19,31.5,-25.0,23.317596
2022-07-20,31.5,-25.0,26.038483
2022-07-21,31.5,-25.0,23.2211
2022-07-22,31.5,-25.0,20.816193
2022-07-23,31.5,-25.0,24.776428
2022-07-24,31.5,-25.0,22.984558
2022-07-25,31.5,-25.0,20.032837
2022-07-26,31.5,-25.0,22.628845
2022-07-27,31.5,-25.0,26.030914
2022-07-28,31.5,-25.0,22.899414
2022-07-29,31.5,-25.0,23.618439
2022-07-30,31.5,-25.0,27.24945
2022-07-31,31.5,-25.0,26.345001
2022-08-01,31.5,-25.0,19.037354
2022-08-02,31.5,-25.0,22.299377
2022-08-03,31.5,-25.0,23.892883
2022-08-04,31.5,-25.0,27.174683
2022-08-05,31.5,-25.0,26.507263
2022-08-06,31.5,-25.0,28.953796
2022-08-07,31.5,-25.0,28.541107
2022-08-08,31.5,-25.0,29.287506
2022-08-09,31.5,-25.0,22.344818
2022-08-10,31.5,-25.0,26.914032
2022-08-11,31.5,-25.0,28.639832
2022-08-12,31.5,-25.0,29.577759
2022-08-13,31.5,-25.0,29.481018
2022-08-14,31.5,-25.0,31.670837
2022-08-15,31.5,-25.0,22.279633
2022-08-16,31.5,-25.0,24.159454
2022-08-17,31.5,-25.0,30.728973
2022-08-18,31.5,-25.0,35.05136
2022-08-19,31.5,-25.0,22.230286
2022-08-20,31.5,-25.0,27.99414
2022-08-21,31.5,-25.0,20.887543
2022-08-22,31.5,-25.0,24.795288
2022-08-23,31.5,-25.0,21.606293
2022-08-24,31.5,-25.0,24.337189
2022-08-25,31.5,-25.0,28.246887
2022-08-26,31.5,-25.0,26.773834
2022-08-27,31.5,-25.0,31.362823
2022-08-28,31.5,-25.0,27.441254
2022-08-29,31.5,-25.0,34.29312
2022-08-30,31.5,-25.0,18.227753
2022-08-31,31.5,-25.0,22.591644
2022-09-01,31.5,-25.0,22.787079
2022-09-02,31.5,-25.0,26.986359
2022-09-03,31.5,-25.0,32.05063
2022-09-04,31.5,-25.0,30.750183
2022-09-05,31.5,-25.0,35.137177
2022-09-06,31.5,-25.0,25.289215
2022-09-07,31.5,-25.0,23.406342
2022-09-08,31.5,-25.0,29.531067
2022-09-09,31.5,-25.0,33.449738
2022-09-10,31.5,-25.0,35.98282
2022-09-11,31.5,-25.0,36.88266
2022-09-12,31.5,-25.0,24.05655
2022-09-13,31.5,-25.0,20.90805
2022-09-14,31.5,-25.0,22.481323
2022-09-15,31.5,-25.0,30.674713
2022-09-16,31.5,-25.0,33.418762
2022-09-17,31.5,-25.0,34.78885
2022-09-18,31.5,-25.0,33.720642
2022-09-19,31.5,-25.0,34.28958
2022-09-20,31.5,-25.0,19.890167
2022-09-21,31.5,-25.0,19.019348
2022-09-22,31.5,-25.0,25.504028
2022-09-23,31.5,-25.0,30.839203
2022-09-24,31.5,-25.0,28.631226
2022-09-25,31.5,-25.0,32.33896
2022-09-26,31.5,-25.0,34.277954
2022-09-27,31.5,-25.0,31.684875
2022-09-28,31.5,-25.0,28.886658
2022-09-29,31.5,-25.0,28.087433
2022-09-30,31.5,-25.0,30.324463
2022-10-01,31.5,-25.0,33.88675
2022-10-02,31.5,-25.0,29.620972
2022-10-03,31.5,-25.0,37.04959
2022-10-04,31.5,-25.0,29.28952
2022-10-05,31.5,-25.0,31.076752
2022-10-06,31.5,-25.0,36.816162
2022-10-07,31.5,-25.0,32.716064
2022-10-08,31.5,-25.0,30.364014
2022-10-09,31.5,-25.0,39.832855
2022-10-10,31.5,-25.0,29.959503
2022-10-11,31.5,-25.0,32.473724
2022-10-12,31.5,-25.0,36.31189
2022-10-13,31.5,-25.0,35.472626
2022-10-14,31.5,-25.0,37.087006
2022-10-15,31.5,-25.0,30.160858
2022-10-16,31.5,-25.0,28.79419
2022-10-17,31.5,-25.0,30.150177
2022-10-18,31.5,-25.0,32.03183
2022-10-19,31.5,-25.0,30.075348
2022-10-20,31.5,-25.0,32.300903
2022-10-21,31.5,-25.0,30.198303
2022-10-22,31.5,-25.0,27.126343
2022-10-23,31.5,-25.0,26.190857
2022-10-24,31.5,-25.0,32.25992
2022-10-25,31.5,-25.0,31.313751
2022-10-26,31.5,-25.0,25.743622
2022-10-27,31.5,-25.0,26.793121
2022-10-28,31.5,-25.0,28.15625
2022-10-29,31.5,-25.0,23.730103
2022-10-30,31.5,-25.0,31.06961
2022-10-31,31.5,-25.0,24.061523
2022-11-01,31.5,-25.0,20.621613
2022-11-02,31.5,-25.0,20.606506
2022-11-03,31.5,-25.0,27.667542
2022-11-04,31.5,-25.0,29.401093
2022-11-05,31.5,-25.0,32.36383
2022-11-06,31.5,-25.0,26.782654
2022-11-07,31.5,-25.0,27.376099
2022-11-08,31.5,-25.0,30.746552
2022-11-09,31.5,-25.0,33.500885
2022-11-10,31.5,-25.0,25.165375
2022-11-11,31.5,-25.0,25.503632
2022-11-12,31.5,-25.0,28.525238
2022-11-13,31.5,-25.0,28.819702
2022-11-14,31.5,-25.0,25.147247
2022-11-15,31.5,-25.0,28.694366
2022-11-16,31.5,-25.0,34.88562
2022-11-17,31.5,-25.0,34.05658
2022-11-18,31.5,-25.0,37.75473
2022-11-19,31.5,-25.0,39.486755
2022-11-20,31.5,-25.0,27.690186
2022-11-21,31.5,-25.0,30.489838
2022-11-22,31.5,-25.0,34.917328
2022-11-23,31.5,-25.0,33.349884
2022-11-24,31.5,-25.0,36.135956
2022-11-25,31.5,-25.0,30.011139
2022-11-26,31.5,-25.0,25.67276
2022-11-27,31.5,-25.0,26.880798
2022-11-28,31.5,-25.0,27.039368
2022-11-29,31.5,-25.0,26.4021
2022-11-30,31.5,-25.0,27.853271
2022-12-01,31.5,-25.0,29.95816
2022-12-02,31.5,-25.0,34.546265
2022-12-03,31.5,-25.0,33.706116
2022-12-04,31.5,-25.0,31.175995
2022-12-05,31.5,-25.0,37.149963
2022-12-06,31.5,-25.0,24.771545
2022-12-07,31.5,-25.0,31.904144
2022-12-08,31.5,-25.0,32.03058
2022-12-09,31.5,-25.0,29.436462
2022-12-10,31.5,-25.0,32.79712
2022-12-11,31.5,-25.0,31.689697
2022-12-12,31.5,-25.0,30.334259
2022-12-13,31.5,-25.0,27.298462
2022-12-14,31.5,-25.0,31.30243
2022-12-15,31.5,-25.0,33.914154
2022-12-16,31.5,-25.0,30.851135
2022-12-17,31.5,-25.0,33.7381
2022-12-18,31.5,-25.0,28.020203
2022-12-19,31.5,-25.0,26.75595
2022-12-20,31.5,-25.0,26.131836
2022-12-21,31.5,-25.0,21.855804
2022-12-22,31.5,-25.0,24.537903
2022-12-23,31.5,-25.0,28.834747
2022-12-24,31.5,-25.0,32.01297
2022-12-25,31.5,-25.0,34.631073
2022-12-26,31.5,-25.0,23.028809
2022-12-27,31.5,-25.0,26.138214
2022-12-28,31.5,-25.0,30.51828
2022-12-29,31.5,-25.0,32.347443
2022-12-30,31.5,-25.0,22.569519
2022-12-31,31.5,-25.0,18.933624
2023-01-01,31.5,-25.0,25.057526
2023-01-02,31.5,-25.0,28.045502
2023-01-03,31.5,-25.0,29.408752
2023-01-04,31.5,-25.0,33.537567
2023-01-05,31.5,-25.0,28.833221
2023-01-06,31.5,-25.0,22.819977
2023-01-07,31.5,-25.0,23.626373
2023-01-08,31.5,-25.0,26.37326
2023-01-09,31.5,-25.0,28.936798
2023-01-10,31.5,-25.0,31.445984
2023-01-11,31.5,-25.0,29.478363
2023-01-12,31.5,-25.0,29.41214
2023-01-13,31.5,-25.0,29.885803
2023-01-14,31.5,-25.0,31.12851
2023-01-15,31.5,-25.0,31.417145
2023-01-16,31.5,-25.0,31.05893
2023-01-17,31.5,-25.0,30.366241
2023-01-18,31.5,-25.0,31.826263
2023-01-19,31.5,-25.0,33.919556
2023-01-20,31.5,-25.0,34.815918
2023-01-21,31.5,-25.0,33.170868
2023-01-22,31.5,-25.0,33.311768
2023-01-23,31.5,-25.0,32.714172
2023-01-24,31.5,-25.0,33.78711
2023-01-25,31.5,-25.0,31.631042
2023-01-26,31.5,-25.0,31.257538
2023-01-27,31.5,-25.0,31.583496
2023-01-28,31.5,-25.0,34.09442
2023-01-29,31.5,-25.0,30.490173
2023-01-30,31.5,-25.0,26.889374
2023-01-31,31.5,-25.0,30.977417
2023-02-01,31.5,-25.0,27.457092
2023-02-02,31.5,-25.0,30.221863
2023-02-03,31.5,-25.0,26.137543
2023-02-04,31.5,-25.0,28.881897
2023-02-05,31.5,-25.0,29.569946
2023-02-06,31.5,-25.0,31.832031
2023-02-07,31.5,-25.0,30.534485
2023-02-08,31.5,-25.0,26.688934
2023-02-09,31.5,-25.0,26.478424
2023-02-10,31.5,-25.0,26.360596
2023-02-11,31.5,-25.0,26.228638
2023-02-12,31.5,-25.0,27.235596
2023-02-13,31.5,-25.0,29.012268
2023-02-14,31.5,-25.0,28.798645
2023-02-15,31.5,-25.0,28.867767
2023-02-16,31.5,-25.0,28.803345
2023-02-17,31.5,-25.0,27.966064
2023-02-18,31.5,-25.0,28.453033
2023-02-19,31.5,-25.0,28.797058
2023-02-20,31.5,-25.0,30.5596
2023-02-21,31.5,-25.0,30.664856
2023-02-22,31.5,-25.0,26.029144
2023-02-23,31.5,-25.0,27.006256
2023-02-24,31.5,-25.0,29.571503
2023-02-25,31.5,-25.0,27.463379
2023-02-26,31.5,-25.0,22.722412
2023-02-27,31.5,-25.0,26.305634
2023-02-28,31.5,-25.0,24.051392
2023-03-01,31.5,-25.0,28.04358
2023-03-02,31.5,-25.0,26.448303
2023-03-03,31.5,-25.0,27.824524
2023-03-04,31.5,-25.0,28.458282
2023-03-05,31.5,-25.0,28.668976
2023-03-06,31.5,-25.0,29.127136
2023-03-07,31.5,-25.0,27.184052
2023-03-08,31.5,-25.0,27.602112
2023-03-09,31.5,-25.0,29.889679
2023-03-10,31.5,-25.0,28.881348
2023-03-11,31.5,-25.0,30.254211
2023-03-12,31.5,-25.0,27.8797
2023-03-13,31.5,-25.0,27.03357
2023-03-14,31.5,-25.0,27.956604
2023-03-15,31.5,-25.0,27.40982
2023-03-16,31.5,-25.0,28.170654
2023-03-17,31.5,-25.0,28.311127
2023-03-18,31.5,-25.0,32.053467
2023-03-19,31.5,-25.0,33.790894
2023-03-20,31.5,-25.0,31.832764
2023-03-21,31.5,-25.0,30.682281
2023-03-22,31.5,-25.0,29.27597
2023-03-23,31.5,-25.0,29.088684
2023-03-24,31.5,-25.0,27.842896
2023-03-25,31.5,-25.0,29.148895
2023-03-26,31.5,-25.0,31.496643
2023-03-27,31.5,-25.0,22.99356
2023-03-28,31.5,-25.0,25.687439
2023-03-29,31.5,-25.0,32.076904
2023-03-30,31.5,-25.0,26.373047
2023-03-31,31.5,-25.0,25.27945
2023-04-01,31.5,-25.0,28.090546
2023-04-02,31.5,-25.0,28.201813
2023-04-03,31.5,-25.0,31.145325
2023-04-04,31.5,-25.0,26.018097
2023-04-05,31.5,-25.0,26.558807
2023-04-06,31.5,-25.0,27.923645
2023-04-07,31.5,-25.0,30.333374
2023-04-08,31.5,-25.0,32.167633
2023-04-09,31.5,-25.0,31.77124
2023-04-10,31.5,-25.0,30.237762
2023-04-11,31.5,-25.0,27.954926
2023-04-12,31.5,-25.0,26.78482
2023-04-13,31.5,-25.0,31.425232
2023-04-14,31.5,-25.0,34.878174
2023-04-15,31.5,-25.0,22.213959
2023-04-16,31.5,-25.0,25.639069
2023-04-17,31.5,-25.0,28.233124
2023-04-18,31.5,-25.0,29.184143
2023-04-19,31.5,-25.0,28.288757
2023-04-20,31.5,-25.0,29.630981
2023-04-21,31.5,-25.0,28.899017
2023-04-22,31.5,-25.0,28.469574
2023-04-23,31.5,-25.0,29.761383
2023-04-24,31.5,-25.0,29.107635
2023-04-25,31.5,-25.0,31.658234
2023-04-26,31.5,-25.0,27.12735
2023-04-27,31.5,-25.0,31.240936
2023-04-28,31.5,-25.0,30.435974
2023-04-29,31.5,-25.0,32.574493
2023-04-30,31.5,-25.0,26.710052
2023-05-01,31.5,-25.0,26.073608
2023-05-02,31.5,-25.0,31.614288
2023-05-03,31.5,-25.0,29.549408
2023-05-04,31.5,-25.0,29.37854
2023-05-05,31.5,-25.0,28.770477
2023-05-06,31.5,-25.0,30.142761
2023-05-07,31.5,-25.0,29.591644
2023-05-08,31.5,-25.0,23.621094
2023-05-09,31.5,-25.0,23.788269
2023-05-10,31.5,-25.0,24.56903
2023-05-11,31.5,-25.0,26.481445
2023-05-12,31.5,-25.0,27.750885
2023-05-13,31.5,-25.0,24.978699
2023-05-14,31.5,-25.0,25.741089
2023-05-15,31.5,-25.0,23.125061
2023-05-16,31.5,-25.0,22.651093
2023-05-17,31.5,-25.0,26.784576
2023-05-18,31.5,-25.0,29.154419
2023-05-19,31.5,-25.0,23.369415
2023-05-20,31.5,-25.0,21.12265
2023-05-21,31.5,-25.0,27.295288
2023-05-22,31.5,-25.0,21.539673
2023-05-23,31.5,-25.0,21.308197
2023-05-24,31.5,-25.0,27.190552
2023-05-25,31.5,-25.0,26.784576
2023-05-26,31.5,-25.0,28.908234
2023-05-27,31.5,-25.0,21.095093
2023-05-28,31.5,-25.0,25.37918
2023-05-29,31.5,-25.0,26.066254
2023-05-30,31.5,-25.0,25.046661
2023-05-31,31.5,-25.0,25.070557
2023-06-01,31.5,-25.0,26.794403
2023-06-02,31.5,-25.0,25.318237
2023-06-03,31.5,-25.0,30.47992
2023-06-04,31.5,-25.0,32.747345
2023-06-05,31.5,-25.0,29.336548
2023-06-06,31.5,-25.0,21.758453
2023-06-07,31.5,-25.0,28.957336
2023-06-08,31.5,-25.0,31.72586
2023-06-09,31.5,-25.0,28.200897
2023-06-10,31.5,-25.0,23.929169
2023-06-11,31.5,-25.0,23.994934
2023-06-12,31.5,-25.0,29.247559
2023-06-13,31.5,-25.0,27.361237
2023-06-14,31.5,-25.0,27.738495
2023-06-15,31.5,-25.0,27.757843
2023-06-16,31.5,-25.0,23.404877
2023-06-17,31.5,-25.0,26.134674
2023-06-18,31.5,-25.0,28.634247
2023-06-19,31.5,-25.0,28.301483
2023-06-20,31.5,-25.0,24.799744
2023-06-21,31.5,-25.0,24.772675
2023-06-22,31.5,-25.0,21.46054
2023-06-23,31.5,-25.0,21.359924
2023-06-24,31.5,-25.0,26.074707
2023-06-25,31.5,-25.0,26.22754
2023-06-26,31.5,-25.0,27.19873
2023-06-27,31.5,-25.0,25.05899
2023-06-28,31.5,-25.0,22.050598
2023-06-29,31.5,-25.0,25.273743
2023-06-30,31.5,-25.0,25.225372
2023-07-01,31.5,-25.0,24.190918
2023-07-02,31.5,-25.0,25.518616
2023-07-03,31.5,-25.0,24.022736
2023-07-04,31.5,-25.0,26.273407
2023-07-05,31.5,-25.0,23.322723
2023-07-06,31.5,-25.0,22.000885
2023-07-07,31.5,-25.0,26.752472
2023-07-08,31.5,-25.0,28.344147
2023-07-09,31.5,-25.0,25.65744
2023-07-10,31.5,-25.0,13.639648
2023-07-11,31.5,-25.0,18.569183
2023-07-12,31.5,-25.0,19.24768
2023-07-13,31.5,-25.0,20.158905
2023-07-14,31.5,-25.0,18.009918
2023-07-15,31.5,-25.0,21.118988
2023-07-16,31.5,-25.0,25.65158
2023-07-17,31.5,-25.0,26.16977
2023-07-18,31.5,-25.0,26.842407
2023-07-19,31.5,-25.0,28.594421
2023-07-20,31.5,-25.0,16.476898
2023-07-21,31.5,-25.0,13.512543
2023-07-22,31.5,-25.0,21.79361
2023-07-23,31.5,-25.0,26.991028
2023-07-24,31.5,-25.0,23.846771
2023-07-25,31.5,-25.0,17.974731
2023-07-26,31.5,-25.0,21.81903
2023-07-27,31.5,-25.0,25.438446
2023-07-28,31.5,-25.0,27.68518
2023-07-29,31.5,-25.0,28.404755
2023-07-30,31.5,-25.0,27.253052
2023-07-31,31.5,-25.0,24.09314
2023-08-01,31.5,-25.0,17.750305
2023-08-02,31.5,-25.0,20.34842
2023-08-03,31.5,-25.0,19.921844
2023-08-04,31.5,-25.0,22.459839
2023-08-05,31.5,-25.0,22.364838
2023-08-06,31.5,-25.0,23.601837
2023-08-07,31.5,-25.0,26.17862
2023-08-08,31.5,-25.0,25.868378
2023-08-09,31.5,-25.0,23.625122
2023-08-10,31.5,-25.0,22.835999
2023-08-11,31.5,-25.0,21.57959
2023-08-12,31.5,-25.0,24.862122
2023-08-13,31.5,-25.0,27.466034
2023-08-14,31.5,-25.0,31.306915
2023-08-15,31.5,-25.0,26.574127
2023-08-16,31.5,-25.0,19.842377
2023-08-17,31.5,-25.0,27.716125
2023-08-18,31.5,-25.0,33.680115
2023-08-19,31.5,-25.0,23.181122
2023-08-20,31.5,-25.0,31.43103
2023-08-21,31.5,-25.0,32.65445
2023-08-22,31.5,-25.0,31.628784
2023-08-23,31.5,-25.0,36.415863
2023-08-24,31.5,-25.0,21.180176
2023-08-25,31.5,-25.0,30.08545
2023-08-26,31.5,-25.0,32.66803
2023-08-27,31.5,-25.0,22.994965
2023-08-28,31.5,-25.0,21.513672
2023-08-29,31.5,-25.0,21.905334
2023-08-30,31.5,-25.0,24.024506
2023-08-31,31.5,-25.0,28.832916
2023-09-01,31.5,-25.0,34.23883
2023-09-02,31.5,-25.0,31.337616
2023-09-03,31.5,-25.0,31.61264
2023-09-04,31.5,-25.0,33.167816
2023-09-05,31.5,-25.0,32.935425
2023-09-06,31.5,-25.0,21.78186
2023-09-07,31.5,-25.0,28.205963
2023-09-08,31.5,-25.0,30.032288
2023-09-09,31.5,-25.0,31.554535
2023-09-10,31.5,-25.0,34.643616
2023-09-11,31.5,-25.0,38.468628
2023-09-12,31.5,-25.0,17.282867
2023-09-13,31.5,-25.0,19.020111
2023-09-14,31.5,-25.0,29.457062
2023-09-15,31.5,-25.0,35.580994
2023-09-16,31.5,-25.0,38.24008
2023-09-17,31.5,-25.0,21.43518
2023-09-18,31.5,-25.0,23.633362
2023-09-19,31.5,-25.0,31.635895
2023-09-20,31.5,-25.0,35.017395
2023-09-21,31.5,-25.0,31.182678
2023-09-22,31.5,-25.0,36.152313
2023-09-23,31.5,-25.0,34.78305
2023-09-24,31.5,-25.0,33.779846
2023-09-25,31.5,-25.0,32.68753
2023-09-26,31.5,-25.0,32.120056
2023-09-27,31.5,-25.0,17.108551
2023-09-28,31.5,-25.0,21.717957
2023-09-29,31.5,-25.0,28.054901
2023-09-30,31.5,-25.0,33.303406
2023-10-01,31.5,-25.0,22.948547
2023-10-02,31.5,-25.0,19.68283
2023-10-03,31.5,-25.0,25.76358
2023-10-04,31.5,-25.0,30.036316
2023-10-05,31.5,-25.0,31.557373
2023-10-06,31.5,-25.0,31.85315
2023-10-07,31.5,-25.0,34.726257
2023-10-08,31.5,-25.0,24.717865
2023-10-09,31.5,-25.0,23.65451
2023-10-10,31.5,-25.0,27.892029
2023-10-11,31.5,-25.0,31.400696
2023-10-12,31.5,-25.0,32.70874
2023-10-13,31.5,-25.0,32.377777
2023-10-14,31.5,-25.0,27.462463
2023-10-15,31.5,-25.0,24.312927
2023-10-16,31.5,-25.0,19.624725
2023-10-17,31.5,-25.0,24.302368
2023-10-18,31.5,-25.0,24.28302
2023-10-19,31.5,-25.0,26.089264
2023-10-20,31.5,-25.0,28.38498
2023-10-21,31.5,-25.0,34.69107
2023-10-22,31.5,-25.0,23.636902
2023-10-23,31.5,-25.0,26.668488
2023-10-24,31.5,-25.0,36.347687
2023-10-25,31.5,-25.0,24.846375
2023-10-26,31.5,-25.0,30.34439
2023-10-27,31.5,-25.0,35.279053
2023-10-28,31.5,-25.0,33.370697
2023-10-29,31.5,-25.0,18.95224
2023-10-30,31.5,-25.0,16.510437
2023-10-31,31.5,-25.0,16.198822
2023-11-01,31.5,-25.0,21.023865
2023-11-02,31.5,-25.0,24.962921
2023-11-03,31.5,-25.0,25.352753
2023-11-04,31.5,-25.0,27.668304
2023-11-05,31.5,-25.0,30.404968
2023-11-06,31.5,-25.0,32.526367
2023-11-07,31.5,-25.0,33.62384
2023-11-08,31.5,-25.0,24.584045
2023-11-09,31.5,-25.0,26.299957
2023-11-10,31.5,-25.0,23.813782
2023-11-11,31.5,-25.0,31.715363
2023-11-12,31.5,-25.0,32.454346
2023-11-13,31.5,-25.0,20.94403
2023-11-14,31.5,-25.0,17.955292
2023-11-15,31.5,-25.0,21.64856
2023-11-16,31.5,-25.0,29.720795
2023-11-17,31.5,-25.0,32.523224
2023-11-18,31.5,-25.0,34.766724
2023-11-19,31.5,-25.0,33.893127
2023-11-20,31.5,-25.0,38.245483
2023-11-21,31.5,-25.0,37.97934
2023-11-22,31.5,-25.0,37.72101
2023-11-23,31.5,-25.0,38.59149
2023-11-24,31.5,-25.0,38.44745
2023-11-25,31.5,-25.0,36.319794
2023-11-26,31.5,-25.0,34.603912
2023-11-27,31.5,-25.0,34.55069
2023-11-28,31.5,-25.0,37.240387
2023-11-29,31.5,-25.0,32.441803
2023-11-30,31.5,-25.0,25.368408
2023-12-01,31.5,-25.0,28.986755
2023-12-02,31.5,-25.0,32.002655
2023-12-03,31.5,-25.0,30.696808
2023-12-04,31.5,-25.0,33.493134
2023-12-05,31.5,-25.0,31.89621
2023-12-06,31.5,-25.0,23.375824
2023-12-07,31.5,-25.0,27.627686
2023-12-08,31.5,-25.0,33.81253
2023-12-09,31.5,-25.0,36.126434
2023-12-10,31.5,-25.0,25.032654
2023-12-11,31.5,-25.0,21.38794
2023-12-12,31.5,-25.0,31.934448
2023-12-13,31.5,-25.0,26.288574
2023-12-14,31.5,-25.0,28.660706
2023-12-15,31.5,-25.0,27.406433
2023-12-16,31.5,-25.0,23.262695
2023-12-17,31.5,-25.0,27.3266
2023-12-18,31.5,-25.0,31.112701
2023-12-19,31.5,-25.0,27.05545
2023-12-20,31.5,-25.0,29.397644
2023-12-21,31.5,-25.0,31.6633
2023-12-22,31.5,-25.0,30.249329
2023-12-23,31.5,-25.0,32.804474
2023-12-24,31.5,-25.0,30.720123
2023-12-25,31.5,-25.0,28.537628
2023-12-26,31.5,-25.0,23.279327
2023-12-27,31.5,-25.0,18.075928
2023-12-28,31.5,-25.0,21.808807
2023-12-29,31.5,-25.0,25.253876
2023-12-30,31.5,-25.0,26.556396
2023-12-31,31.5,-25.0,28.186615
2024-01-01,31.5,-25.0,27.774506
2024-01-02,31.5,-25.0,26.19101
2024-01-03,31.5,-25.0,27.54013
2024-01-04,31.5,-25.0,24.236542
2024-01-05,31.5,-25.0,27.307526
2024-01-06,31.5,-25.0,29.867432
2024-01-07,31.5,-25.0,32.27234
2024-01-08,31.5,-25.0,30.048065
2024-01-09,31.5,-25.0,30.500214
2024-01-10,31.5,-25.0,30.636536
2024-01-11,31.5,-25.0,34.452484
2024-01-12,31.5,-25.0,32.28714
2024-01-13,31.5,-25.0,31.330414
2024-01-14,31.5,-25.0,31.10431
2024-01-15,31.5,-25.0,34.725586
2024-01-16,31.5,-25.0,31.349762
2024-01-17,31.5,-25.0,32.12375
2024-01-18,31.5,-25.0,22.928558
2024-01-19,31.5,-25.0,25.62201
2024-01-20,31.5,-25.0,27.03543
2024-01-21,31.5,-25.0,29.072021
2024-01-22,31.5,-25.0,31.338593
2024-01-23,31.5,-25.0,30.15564
2024-01-24,31.5,-25.0,27.354797
2024-01-25,31.5,-25.0,29.90207
2024-01-26,31.5,-25.0,31.18753
2024-01-27,31.5,-25.0,31.245758
2024-01-28,31.5,-25.0,31.712921
2024-01-29,31.5,-25.0,32.11383
2024-01-30,31.5,-25.0,32.563538
2024-01-31,31.5,-25.0,29.324005
2024-02-01,31.5,-25.0,29.023804
2024-02-02,31.5,-25.0,30.426086
2024-02-03,31.5,-25.0,30.998016
2024-02-04,31.5,-25.0,30.623413
2024-02-05,31.5,-25.0,33.64969
2024-02-06,31.5,-25.0,32.951508
2024-02-07,31.5,-25.0,37.916046
2024-02-08,31.5,-25.0,29.402802
2024-02-09,31.5,-25.0,31.462402
2024-02-10,31.5,-25.0,35.771973
2024-02-11,31.5,-25.0,26.733978
2024-02-12,31.5,-25.0,28.402985
2024-02-13,31.5,-25.0,31.359344
2024-02-14,31.5,-25.0,31.915253
2024-02-15,31.5,-25.0,34.383575
2024-02-16,31.5,-25.0,37.78775
2024-02-17,31.5,-25.0,37.277924
2024-02-18,31.5,-25.0,32.583282
2024-02-19,31.5,-25.0,30.707428
2024-02-20,31.5,-25.0,32.32379
2024-02-21,31.5,-25.0,33.89499
2024-02-22,31.5,-25.0,31.385376
2024-02-23,31.5,-25.0,33.809845
2024-02-24,31.5,-25.0,36.41037
2024-02-25,31.5,-25.0,38.459198
2024-02-26,31.5,-25.0,25.720978
2024-02-27,31.5,-25.0,24.259216
2024-02-28,31.5,-25.0,28.307281
2024-02-29,31.5,-25.0,27.388947
2024-03-01,31.5,-25.0,29.988861
2024-03-02,31.5,-25.0,33.15988
2024-03-03,31.5,-25.0,31.32602
2024-03-04,31.5,-25.0,34.05078
2024-03-05,31.5,-25.0,38.244934
2024-03-06,31.5,-25.0,35.194702
2024-03-07,31.5,-25.0,35.586212
2024-03-08,31.5,-25.0,38.16104
2024-03-09,31.5,-25.0,33.068268
2024-03-10,31.5,-25.0,33.556305
2024-03-11,31.5,-25.0,33.281616
2024-03-12,31.5,-25.0,25.454926
2024-03-13,31.5,-25.0,31.647614
2024-03-14,31.5,-25.0,25.732635
2024-03-15,31.5,-25.0,22.845245
2024-03-16,31.5,-25.0,32.911835
2024-03-17,31.5,-25.0,25.65271
2024-03-18,31.5,-25.0,26.209991
2024-03-19,31.5,-25.0,32.174896
2024-03-20,31.5,-25.0,28.973602
2024-03-21,31.5,-25.0,24.348328
2024-03-22,31.5,-25.0,27.802277
2024-03-23,31.5,-25.0,26.305878
2024-03-24,31.5,-25.0,23.57077
2024-03-25,31.5,-25.0,24.594147
2024-03-26,31.5,-25.0,25.734772
2024-03-27,31.5,-25.0,27.091736
2024-03-28,31.5,-25.0,26.494232
2024-03-29,31.5,-25.0,26.346832
2024-03-30,31.5,-25.0,26.095459
2024-03-31,31.5,-25.0,25.69278
2024-04-01,31.5,-25.0,26.306152
2024-04-02,31.5,-25.0,28.1633
2024-04-03,31.5,-25.0,27.61914
2024-04-04,31.5,-25.0,28.52945
2024-04-05,31.5,-25.0,32.624664
2024-04-06,31.5,-25.0,22.848236
2024-04-07,31.5,-25.0,21.00235
2024-04-08,31.5,-25.0,22.946838
2024-04-09,31.5,-25.0,25.781921
2024-04-10,31.5,-25.0,27.055237
2024-04-11,31.5,-25.0,21.164825
2024-04-12,31.5,-25.0,22.83078
2024-04-13,31.5,-25.0,24.403046
2024-04-14,31.5,-25.0,25.944244
2024-04-15,31.5,-25.0,25.081268
2024-04-16,31.5,-25.0,23.813812
2024-04-17,31.5,-25.0,23.367218
2024-04-18,31.5,-25.0,27.43924
2024-04-19,31.5,-25.0,29.840118
2024-04-20,31.5,-25.0,31.067352
2024-04-21,31.5,-25.0,32.44223
2024-04-22,31.5,-25.0,34.376373
2024-04-23,31.5,-25.0,29.962585
2024-04-24,31.5,-25.0,29.168457
2024-04-25,31.5,-25.0,27.908356
2024-04-26,31.5,-25.0,26.40622
2024-04-27,31.5,-25.0,24.733978
2024-04-28,31.5,-25.0,24.374542
2024-04-29,31.5,-25.0,26.064392
2024-04-30,31.5,-25.0,31.510773
2024-05-01,31.5,-25.0,34.80612
2024-05-02,31.5,-25.0,27.924469
2024-05-03,31.5,-25.0,28.02127
2024-05-04,31.5,-25.0,26.961395
2024-05-05,31.5,-25.0,31.400604
2024-05-06,31.5,-25.0,32.002563
2024-05-07,31.5,-25.0,30.689362
2024-05-08,31.5,-25.0,31.434296
2024-05-09,31.5,-25.0,28.653778
2024-05-10,31.5,-25.0,32.21649
2024-05-11,31.5,-25.0,32.13388
2024-05-12,31.5,-25.0,25.812653
2024-05-13,31.5,-25.0,22.02591
2024-05-14,31.5,-25.0,24.198975
2024-05-15,31.5,-25.0,26.393585
2024-05-16,31.5,-25.0,28.264984
2024-05-17,31.5,-25.0,31.4393
2024-05-18,31.5,-25.0,26.666931
2024-05-19,31.5,-25.0,26.789948
2024-05-20,31.5,-25.0,27.186676
2024-05-21,31.5,-25.0,24.322968
2024-05-22,31.5,-25.0,25.412811
2024-05-23,31.5,-25.0,26.652863
2024-05-24,31.5,-25.0,27.424591
2024-05-25,31.5,-25.0,25.733398
2024-05-26,31.5,-25.0,28.96817
2024-05-27,31.5,-25.0,23.305023
2024-05-28,31.5,-25.0,25.245941
2024-05-29,31.5,-25.0,25.58606
2024-05-30,31.5,-25.0,27.46225
2024-05-31,31.5,-25.0,29.221893
2024-06-01,31.5,-25.0,29.004913
2024-06-02,31.5,-25.0,27.695068
2024-06-03,31.5,-25.0,27.271637
2024-06-04,31.5,-25.0,24.352997
2024-06-05,31.5,-25.0,27.506042
2024-06-06,31.5,-25.0,31.100525
2024-06-07,31.5,-25.0,25.416168
2024-06-08,31.5,-25.0,21.059845
2024-06-09,31.5,-25.0,21.247833
2024-06-10,31.5,-25.0,21.611603
2024-06-11,31.5,-25.0,21.335297
2024-06-12,31.5,-25.0,24.217316
2024-06-13,31.5,-25.0,24.03592
2024-06-14,31.5,-25.0,23.336334
2024-06-15,31.5,-25.0,25.296417
2024-06-16,31.5,-25.0,23.012085
2024-06-17,31.5,-25.0,22.760101
2024-06-18,31.5,-25.0,27.048553
2024-06-19,31.5,-25.0,28.337677
2024-06-20,31.5,-25.0,24.531158
2024-06-21,31.5,-25.0,24.26773
2024-06-22,31.5,-25.0,27.04721
2024-06-23,31.5,-25.0,22.861084
2024-06-24,31.5,-25.0,24.796783
2024-06-25,31.5,-25.0,25.417236
2024-06-26,31.5,-25.0,21.193726
2024-06-27,31.5,-25.0,21.431854
2024-06-28,31.5,-25.0,22.420807
2024-06-29,31.5,-25.0,23.894806
2024-06-30,31.5,-25.0,27.49228
2024-07-01,31.5,-25.0,26.70993
2024-07-02,31.5,-25.0,24.7706
2024-07-03,31.5,-25.0,29.099152
2024-07-04,31.5,-25.0,30.653809
2024-07-05,31.5,-25.0,26.546417
2024-07-06,31.5,-25.0,22.984497
2024-07-07,31.5,-25.0,26.31894
2024-07-08,31.5,-25.0,28.329254
2024-07-09,31.5,-25.0,23.587006
2024-07-10,31.5,-25.0,28.992157
2024-07-11,31.5,-25.0,32.72824
2024-07-12,31.5,-25.0,32.177704
2024-07-13,31.5,-25.0,30.837616
2024-07-14,31.5,-25.0,32.09854
2024-07-15,31.5,-25.0,22.05539
2024-07-16,31.5,-25.0,25.052826
2024-07-17,31.5,-25.0,29.719788
2024-07-18,31.5,-25.0,29.73288
2024-07-19,31.5,-25.0,25.34967
2024-07-20,31.5,-25.0,24.633972
2024-07-21,31.5,-25.0,22.556091
2024-07-22,31.5,-25.0,26.420319
2024-07-23,31.5,-25.0,24.951447
2024-07-24,31.5,-25.0,31.035675
2024-07-25,31.5,-25.0,23.372955
2024-07-26,31.5,-25.0,23.741669
2024-07-27,31.5,-25.0,28.225159
2024-07-28,31.5,-25.0,30.975983
2024-07-29,31.5,-25.0,22.272919
2024-07-30,31.5,-25.0,25.34024
2024-07-31,31.5,-25.0,18.285736
2024-08-01,31.5,-25.0,24.014435
2024-08-02,31.5,-25.0,27.639679
2024-08-03,31.5,-25.0,26.26175
2024-08-04,31.5,-25.0,32.01892
2024-08-05,31.5,-25.0,20.600128
2024-08-06,31.5,-25.0,23.331024
2024-08-07,31.5,-25.0,26.211212
2024-08-08,31.5,-25.0,29.854584
2024-08-09,31.5,-25.0,36.84137
2024-08-10,31.5,-25.0,31.345154
2024-08-11,31.5,-25.0,35.618195
2024-08-12,31.5,-25.0,25.581177
2024-08-13,31.5,-25.0,26.342804
2024-08-14,31.5,-25.0,33.01596
2024-08-15,31.5,-25.0,25.164215
2024-08-16,31.5,-25.0,27.683868
2024-08-17,31.5,-25.0,30.1521
2024-08-18,31.5,-25.0,32.28665
2024-08-19,31.5,-25.0,25.549286
2024-08-20,31.5,-25.0,25.653564
2024-08-21,31.5,-25.0,30.11203
2024-08-22,31.5,-25.0,20.805908
2024-08-23,31.5,-25.0,19.101593
2024-08-24,31.5,-25.0,25.217285
2024-08-25,31.5,-25.0,29.96225
2024-08-26,31.5,-25.0,31.647552
2024-08-27,31.5,-25.0,36.58069
2024-08-28,31.5,-25.0,37.541656
2024-08-29,31.5,-25.0,19.25174
2024-08-30,31.5,-25.0,14.702759
2024-08-31,31.5,-25.0,20.667572
2024-09-01,31.5,-25.0,23.526093
2024-09-02,31.5,-25.0,25.654999
2024-09-03,31.5,-25.0,25.950775
2024-09-04,31.5,-25.0,28.602692
2024-09-05,31.5,-25.0,31.539581
2024-09-06,31.5,-25.0,27.277557
2024-09-07,31.5,-25.0,29.156036
2024-09-08,31.5,-25.0,35.214874
2024-09-09,31.5,-25.0,22.142914
2024-09-10,31.5,-25.0,17.27591
2024-09-11,31.5,-25.0,24.707184
2024-09-12,31.5,-25.0,32.388794
2024-09-13,31.5,-25.0,36.39505
2024-09-14,31.5,-25.0,36.483673
2024-09-15,31.5,-25.0,32.238403
2024-09-16,31.5,-25.0,28.601898
2024-09-17,31.5,-25.0,29.591034
2024-09-18,31.5,-25.0,35.2872
2024-09-19,31.5,-25.0,34.141144
2024-09-20,31.5,-25.0,16.885895
2024-09-21,31.5,-25.0,13.298126
2024-09-22,31.5,-25.0,18.407867
2024-09-23,31.5,-25.0,21.645752
2024-09-24,31.5,-25.0,27.192535
2024-09-25,31.5,-25.0,35.448944
2024-09-26,31.5,-25.0,38.605377
2024-09-27,31.5,-25.0,29.596283
2024-09-28,31.5,-25.0,31.95169
2024-09-29,31.5,-25.0,37.65323
2024-09-30,31.5,-25.0,21.603119
2024-10-01,31.5,-25.0,23.8909
2024-10-02,31.5,-25.0,21.536224
2024-10-03,31.5,-25.0,21.476318
2024-10-04,31.5,-25.0,25.181915
2024-10-05,31.5,-25.0,26.625336
2024-10-06,31.5,-25.0,31.221527
2024-10-07,31.5,-25.0,36.598083
2024-10-08,31.5,-25.0,29.025879
2024-10-09,31.5,-25.0,30.004913
2024-10-10,31.5,-25.0,33.276917
2024-10-11,31.5,-25.0,35.237885
2024-10-12,31.5,-25.0,35.386444
2024-10-13,31.5,-25.0,36.134552
2024-10-14,31.5,-25.0,37.064697
2024-10-15,31.5,-25.0,20.430786
2024-10-16,31.5,-25.0,23.184998
2024-10-17,31.5,-25.0,28.460144
2024-10-18,31.5,-25.0,34.00708
2024-10-19,31.5,-25.0,32.54727
2024-10-20,31.5,-25.0,28.663055
2024-10-21,31.5,-25.0,26.699005
2024-10-22,31.5,-25.0,31.173004
2024-10-23,31.5,-25.0,25.918396
2024-10-24,31.5,-25.0,27.168915
2024-10-25,31.5,-25.0,32.710114
2024-10-26,31.5,-25.0,23.466705
2024-10-27,31.5,-25.0,34.56604
2024-10-28,31.5,-25.0,35.250397
2024-10-29,31.5,-25.0,33.401093
2024-10-30,31.5,-25.0,27.25174
2024-10-31,31.5,-25.0,25.203888
2024-11-01,31.5,-25.0,29.198425
2024-11-02,31.5,-25.0,36.52643
2024-11-03,31.5,-25.0,38.83426
2024-11-04,31.5,-25.0,37.485992
2024-11-05,31.5,-25.0,26.503204
2024-11-06,31.5,-25.0,21.426056
2024-11-07,31.5,-25.0,20.72815
2024-11-08,31.5,-25.0,25.458588
2024-11-09,31.5,-25.0,33.751587
2024-11-10,31.5,-25.0,32.26706
2024-11-11,31.5,-25.0,23.635895
2024-11-12,31.5,-25.0,19.935974
2024-11-13,31.5,-25.0,28.734344
2024-11-14,31.5,-25.0,23.825592
2024-11-15,31.5,-25.0,26.172302
2024-11-16,31.5,-25.0,31.683685
2024-11-17,31.5,-25.0,31.576813
2024-11-18,31.5,-25.0,33.493073
2024-11-19,31.5,-25.0,32.087982
2024-11-20,31.5,-25.0,30.594269
2024-11-21,31.5,-25.0,31.972626
2024-11-22,31.5,-25.0,32.56653
2024-11-23,31.5,-25.0,35.743866
2024-11-24,31.5,-25.0,31.760773
2024-11-25,31.5,-25.0,36.02417
2024-11-26,31.5,-25.0,37.135895
2024-11-27,31.5,-25.0,38.187653
2024-11-28,31.5,-25.0,22.861359
2024-11-29,31.5,-25.0,26.536469
2024-11-30,31.5,-25.0,28.671906
2024-12-01,31.5,-25.0,31.731262
2024-12-02,31.5,-25.0,34.84665
2024-12-03,31.5,-25.0,37.268036
2024-12-04,31.5,-25.0,38.2789
2024-12-05,31.5,-25.0,40.34787
2024-12-06,31.5,-25.0,38.474884
2024-12-07,31.5,-25.0,27.954956
2024-12-08,31.5,-25.0,33.646545
2024-12-09,31.5,-25.0,34.792816
2024-12-10,31.5,-25.0,38.97473
2024-12-11,31.5,-25.0,39.42459
2024-12-12,31.5,-25.0,40.415863
2024-12-13,31.5,-25.0,42.82547
2024-12-14,31.5,-25.0,25.795563
2024-12-15,31.5,-25.0,34.09091
2024-12-16,31.5,-25.0,39.407135
2024-12-17,31.5,-25.0,37.57617
2024-12-18,31.5,-25.0,36.0372
2024-12-19,31.5,-25.0,30.127533
2024-12-20,31.5,-25.0,24.995056
2024-12-21,31.5,-25.0,28.667023
2024-12-22,31.5,-25.0,32.3497
2024-12-23,31.5,-25.0,35.11087
2024-12-24,31.5,-25.0,24.758362
2024-12-25,31.5,-25.0,23.514587
2024-12-26,31.5,-25.0,29.26355
2024-12-27,31.5,-25.0,32.04413
2024-12-28,31.5,-25.0,30.483276
2024-12-29,31.5,-25.0,27.693817
2024-12-30,31.5,-25.0,30.78946
2024-12-31,31.5,-25.0,33.66928
