time,longitude,latitude,tasmin
1959-01-01,31.5,-25.0,23.259125
1959-01-02,31.5,-25.0,20.88977
1959-01-03,31.5,-25.0,20.20227
1959-01-04,31.5,-25.0,18.671326
1959-01-05,31.5,-25.0,22.42572
1959-01-06,31.5,-25.0,21.739899
1959-01-07,31.5,-25.0,20.829376
1959-01-08,31.5,-25.0,20.021149
1959-01-09,31.5,-25.0,20.219025
1959-01-10,31.5,-25.0,22.029999
1959-01-11,31.5,-25.0,22.197693
1959-01-12,31.5,-25.0,20.215668
1959-01-13,31.5,-25.0,19.23639
1959-01-14,31.5,-25.0,17.222534
1959-01-15,31.5,-25.0,18.025726
1959-01-16,31.5,-25.0,18.579102
1959-01-17,31.5,-25.0,21.981384
1959-01-18,31.5,-25.0,21.66446
1959-01-19,31.5,-25.0,19.990967
1959-01-20,31.5,-25.0,22.895233
1959-01-21,31.5,-25.0,21.45819
1959-01-22,31.5,-25.0,18.852417
1959-01-23,31.5,-25.0,22.122223
1959-01-24,31.5,-25.0,20.928314
1959-01-25,31.5,-25.0,21.443115
1959-01-26,31.5,-25.0,22.419037
1959-01-27,31.5,-25.0,21.962921
1959-01-28,31.5,-25.0,21.602417
1959-01-29,31.5,-25.0,21.53534
1959-01-30,31.5,-25.0,20.24585
1959-01-31,31.5,-25.0,19.222992
1959-02-01,31.5,-25.0,18.506989
1959-02-02,31.5,-25.0,20.974365
1959-02-03,31.5,-25.0,20.439453
1959-02-04,31.5,-25.0,20.209747
1959-02-05,31.5,-25.0,19.851532
1959-02-06,31.5,-25.0,21.796844
1959-02-07,31.5,-25.0,21.347046
1959-02-08,31.5,-25.0,23.049805
1959-02-09,31.5,-25.0,20.542267
1959-02-10,31.5,-25.0,19.404938
1959-02-11,31.5,-25.0,18.582489
1959-02-12,31.5,-25.0,20.167969
1959-02-13,31.5,-25.0,18.081299
1959-02-14,31.5,-25.0,19.984833
1959-02-15,31.5,-25.0,22.03778
1959-02-16,31.5,-25.0,22.73175
1959-02-17,31.5,-25.0,22.768707
1959-02-18,31.5,-25.0,21.620148
1959-02-19,31.5,-25.0,21.690826
1959-02-20,31.5,-25.0,20.625793
1959-02-21,31.5,-25.0,18.188934
1959-02-22,31.5,-25.0,16.65805
1959-02-23,31.5,-25.0,15.435608
1959-02-24,31.5,-25.0,15.390625
1959-02-25,31.5,-25.0,16.829926
1959-02-26,31.5,-25.0,18.036316
1959-02-27,31.5,-25.0,19.165588
1959-02-28,31.5,-25.0,18.335114
1959-03-01,31.5,-25.0,19.832336
1959-03-02,31.5,-25.0,20.254333
1959-03-03,31.5,-25.0,18.699219
1959-03-04,31.5,-25.0,20.027374
1959-03-05,31.5,-25.0,20.990692
1959-03-06,31.5,-25.0,22.307068
1959-03-07,31.5,-25.0,21.40091
1959-03-08,31.5,-25.0,21.664856
1959-03-09,31.5,-25.0,23.719269
1959-03-10,31.5,-25.0,21.528687
1959-03-11,31.5,-25.0,19.827301
1959-03-12,31.5,-25.0,18.226807
1959-03-13,31.5,-25.0,18.44873
1959-03-14,31.5,-25.0,18.174683
1959-03-15,31.5,-25.0,18.411743
1959-03-16,31.5,-25.0,16.965912
1959-03-17,31.5,-25.0,19.34143
1959-03-18,31.5,-25.0,20.392181
1959-03-19,31.5,-25.0,19.190125
1959-03-20,31.5,-25.0,18.095673
1959-03-21,31.5,-25.0,16.000916
1959-03-22,31.5,-25.0,16.118591
1959-03-23,31.5,-25.0,15.815979
1959-03-24,31.5,-25.0,17.55603
1959-03-25,31.5,-25.0,19.412048
1959-03-26,31.5,-25.0,21.229431
1959-03-27,31.5,-25.0,19.924805
1959-03-28,31.5,-25.0,19.354889
1959-03-29,31.5,-25.0,18.413422
1959-03-30,31.5,-25.0,19.053955
1959-03-31,31.5,-25.0,18.13266
1959-04-01,31.5,-25.0,19.327667
1959-04-02,31.5,-25.0,17.705048
1959-04-03,31.5,-25.0,18.504822
1959-04-04,31.5,-25.0,21.404297
1959-04-05,31.5,-25.0,21.02658
1959-04-06,31.5,-25.0,20.370422
1959-04-07,31.5,-25.0,19.531616
1959-04-08,31.5,-25.0,21.02127
1959-04-09,31.5,-25.0,18.753113
1959-04-10,31.5,-25.0,17.99231
1959-04-11,31.5,-25.0,19.799408
1959-04-12,31.5,-25.0,18.370056
1959-04-13,31.5,-25.0,20.32077
1959-04-14,31.5,-25.0,20.702057
1959-04-15,31.5,-25.0,20.856323
1959-04-16,31.5,-25.0,19.187592
1959-04-17,31.5,-25.0,18.20691
1959-04-18,31.5,-25.0,15.177948
1959-04-19,31.5,-25.0,13.901123
1959-04-20,31.5,-25.0,16.073517
1959-04-21,31.5,-25.0,18.987183
1959-04-22,31.5,-25.0,18.92868
1959-04-23,31.5,-25.0,18.508362
1959-04-24,31.5,-25.0,17.013428
1959-04-25,31.5,-25.0,19.024445
1959-04-26,31.5,-25.0,19.121979
1959-04-27,31.5,-25.0,17.896545
1959-04-28,31.5,-25.0,15.974213
1959-04-29,31.5,-25.0,18.575775
1959-04-30,31.5,-25.0,16.765137
1959-05-01,31.5,-25.0,11.42453
1959-05-02,31.5,-25.0,11.596741
1959-05-03,31.5,-25.0,11.233368
1959-05-04,31.5,-25.0,12.768188
1959-05-05,31.5,-25.0,11.030884
1959-05-06,31.5,-25.0,12.397247
1959-05-07,31.5,-25.0,16.11029
1959-05-08,31.5,-25.0,17.586426
1959-05-09,31.5,-25.0,14.420319
1959-05-10,31.5,-25.0,16.530426
1959-05-11,31.5,-25.0,17.857056
1959-05-12,31.5,-25.0,17.245789
1959-05-13,31.5,-25.0,15.251129
1959-05-14,31.5,-25.0,13.358643
1959-05-15,31.5,-25.0,14.793152
1959-05-16,31.5,-25.0,16.25412
1959-05-17,31.5,-25.0,16.413116
1959-05-18,31.5,-25.0,17.404755
1959-05-19,31.5,-25.0,13.801483
1959-05-20,31.5,-25.0,12.450256
1959-05-21,31.5,-25.0,11.871155
1959-05-22,31.5,-25.0,14.810181
1959-05-23,31.5,-25.0,11.479401
1959-05-24,31.5,-25.0,10.786743
1959-05-25,31.5,-25.0,14.71933
1959-05-26,31.5,-25.0,12.096344
1959-05-27,31.5,-25.0,14.125092
1959-05-28,31.5,-25.0,11.547546
1959-05-29,31.5,-25.0,11.059265
1959-05-30,31.5,-25.0,13.737122
1959-05-31,31.5,-25.0,15.26059
1959-06-01,31.5,-25.0,14.173126
1959-06-02,31.5,-25.0,17.744385
1959-06-03,31.5,-25.0,15.193207
1959-06-04,31.5,-25.0,14.252197
1959-06-05,31.5,-25.0,13.56958
1959-06-06,31.5,-25.0,10.632721
1959-06-07,31.5,-25.0,10.277893
1959-06-08,31.5,-25.0,13.145325
1959-06-09,31.5,-25.0,13.615845
1959-06-10,31.5,-25.0,9.587555
1959-06-11,31.5,-25.0,9.620331
1959-06-12,31.5,-25.0,9.147919
1959-06-13,31.5,-25.0,8.910706
1959-06-14,31.5,-25.0,9.462219
1959-06-15,31.5,-25.0,9.813171
1959-06-16,31.5,-25.0,9.547058
1959-06-17,31.5,-25.0,11.392487
1959-06-18,31.5,-25.0,10.721436
1959-06-19,31.5,-25.0,8.908783
1959-06-20,31.5,-25.0,11.988342
1959-06-21,31.5,-25.0,8.17218
1959-06-22,31.5,-25.0,7.9735413
1959-06-23,31.5,-25.0,11.168793
1959-06-24,31.5,-25.0,10.802399
1959-06-25,31.5,-25.0,12.034607
1959-06-26,31.5,-25.0,10.615356
1959-06-27,31.5,-25.0,9.737976
1959-06-28,31.5,-25.0,8.222321
1959-06-29,31.5,-25.0,11.920837
1959-06-30,31.5,-25.0,12.1753845
1959-07-01,31.5,-25.0,11.848755
1959-07-02,31.5,-25.0,13.399963
1959-07-03,31.5,-25.0,9.416748
1959-07-04,31.5,-25.0,12.351532
1959-07-05,31.5,-25.0,14.078125
1959-07-06,31.5,-25.0,13.970947
1959-07-07,31.5,-25.0,10.358002
1959-07-08,31.5,-25.0,14.300262
1959-07-09,31.5,-25.0,12.392456
1959-07-10,31.5,-25.0,10.276154
1959-07-11,31.5,-25.0,12.462616
1959-07-12,31.5,-25.0,11.199829
1959-07-13,31.5,-25.0,11.344055
1959-07-14,31.5,-25.0,13.170013
1959-07-15,31.5,-25.0,12.624359
1959-07-16,31.5,-25.0,14.943359
1959-07-17,31.5,-25.0,13.764374
1959-07-18,31.5,-25.0,11.651947
1959-07-19,31.5,-25.0,11.466827
1959-07-20,31.5,-25.0,8.730804
1959-07-21,31.5,-25.0,8.420959
1959-07-22,31.5,-25.0,9.777252
1959-07-23,31.5,-25.0,9.991638
1959-07-24,31.5,-25.0,9.270599
1959-07-25,31.5,-25.0,10.862701
1959-07-26,31.5,-25.0,13.651337
1959-07-27,31.5,-25.0,14.208679
1959-07-28,31.5,-25.0,10.0208435
1959-07-29,31.5,-25.0,10.375519
1959-07-30,31.5,-25.0,12.737396
1959-07-31,31.5,-25.0,10.761383
1959-08-01,31.5,-25.0,10.470947
1959-08-02,31.5,-25.0,8.763306
1959-08-03,31.5,-25.0,10.418091
1959-08-04,31.5,-25.0,10.322113
1959-08-05,31.5,-25.0,9.683716
1959-08-06,31.5,-25.0,12.936462
1959-08-07,31.5,-25.0,15.484253
1959-08-08,31.5,-25.0,14.593201
1959-08-09,31.5,-25.0,12.0278015
1959-08-10,31.5,-25.0,8.346191
1959-08-11,31.5,-25.0,7.551117
1959-08-12,31.5,-25.0,6.9048767
1959-08-13,31.5,-25.0,7.4570923
1959-08-14,31.5,-25.0,7.791992
1959-08-15,31.5,-25.0,12.497803
1959-08-16,31.5,-25.0,11.994537
1959-08-17,31.5,-25.0,13.308563
1959-08-18,31.5,-25.0,12.899261
1959-08-19,31.5,-25.0,9.554474
1959-08-20,31.5,-25.0,11.878998
1959-08-21,31.5,-25.0,10.006836
1959-08-22,31.5,-25.0,8.491089
1959-08-23,31.5,-25.0,9.515289
1959-08-24,31.5,-25.0,9.550537
1959-08-25,31.5,-25.0,11.463806
1959-08-26,31.5,-25.0,12.217773
1959-08-27,31.5,-25.0,11.487335
1959-08-28,31.5,-25.0,15.920959
1959-08-29,31.5,-25.0,14.777283
1959-08-30,31.5,-25.0,14.9574585
1959-08-31,31.5,-25.0,12.850311
1959-09-01,31.5,-25.0,10.911011
1959-09-02,31.5,-25.0,13.938385
1959-09-03,31.5,-25.0,8.997437
1959-09-04,31.5,-25.0,10.850525
1959-09-05,31.5,-25.0,13.799896
1959-09-06,31.5,-25.0,9.555328
1959-09-07,31.5,-25.0,12.485168
1959-09-08,31.5,-25.0,14.207581
1959-09-09,31.5,-25.0,11.500092
1959-09-10,31.5,-25.0,15.179016
1959-09-11,31.5,-25.0,14.320709
1959-09-12,31.5,-25.0,11.047546
1959-09-13,31.5,-25.0,10.614502
1959-09-14,31.5,-25.0,10.435059
1959-09-15,31.5,-25.0,8.184021
1959-09-16,31.5,-25.0,9.834259
1959-09-17,31.5,-25.0,13.126923
1959-09-18,31.5,-25.0,11.899994
1959-09-19,31.5,-25.0,12.215973
1959-09-20,31.5,-25.0,14.045685
1959-09-21,31.5,-25.0,15.828552
1959-09-22,31.5,-25.0,18.009369
1959-09-23,31.5,-25.0,16.281128
1959-09-24,31.5,-25.0,13.121094
1959-09-25,31.5,-25.0,11.014404
1959-09-26,31.5,-25.0,14.018372
1959-09-27,31.5,-25.0,16.247955
1959-09-28,31.5,-25.0,14.174438
1959-09-29,31.5,-25.0,16.5737
1959-09-30,31.5,-25.0,17.537323
1959-10-01,31.5,-25.0,17.158356
1959-10-02,31.5,-25.0,18.252777
1959-10-03,31.5,-25.0,17.437134
1959-10-04,31.5,-25.0,17.538666
1959-10-05,31.5,-25.0,14.0902405
1959-10-06,31.5,-25.0,12.978638
1959-10-07,31.5,-25.0,13.537872
1959-10-08,31.5,-25.0,12.471008
1959-10-09,31.5,-25.0,12.121704
1959-10-10,31.5,-25.0,13.255676
1959-10-11,31.5,-25.0,14.269196
1959-10-12,31.5,-25.0,18.579712
1959-10-13,31.5,-25.0,18.421417
1959-10-14,31.5,-25.0,20.453613
1959-10-15,31.5,-25.0,19.942566
1959-10-16,31.5,-25.0,17.266785
1959-10-17,31.5,-25.0,19.689606
1959-10-18,31.5,-25.0,20.047516
1959-10-19,31.5,-25.0,15.835114
1959-10-20,31.5,-25.0,14.477417
1959-10-21,31.5,-25.0,16.05365
1959-10-22,31.5,-25.0,17.920654
1959-10-23,31.5,-25.0,15.881561
1959-10-24,31.5,-25.0,17.693512
1959-10-25,31.5,-25.0,16.320343
1959-10-26,31.5,-25.0,16.058807
1959-10-27,31.5,-25.0,17.008667
1959-10-28,31.5,-25.0,20.052673
1959-10-29,31.5,-25.0,18.822357
1959-10-30,31.5,-25.0,21.737305
1959-10-31,31.5,-25.0,24.079285
1959-11-01,31.5,-25.0,17.896393
1959-11-02,31.5,-25.0,15.41156
1959-11-03,31.5,-25.0,13.505005
1959-11-04,31.5,-25.0,12.968842
1959-11-05,31.5,-25.0,14.146454
1959-11-06,31.5,-25.0,17.33429
1959-11-07,31.5,-25.0,18.931458
1959-11-08,31.5,-25.0,18.108582
1959-11-09,31.5,-25.0,18.848846
1959-11-10,31.5,-25.0,17.368317
1959-11-11,31.5,-25.0,19.715454
1959-11-12,31.5,-25.0,18.19928
1959-11-13,31.5,-25.0,17.868835
1959-11-14,31.5,-25.0,18.853699
1959-11-15,31.5,-25.0,21.009705
1959-11-16,31.5,-25.0,20.797516
1959-11-17,31.5,-25.0,19.608551
1959-11-18,31.5,-25.0,19.203583
1959-11-19,31.5,-25.0,18.411499
1959-11-20,31.5,-25.0,16.710663
1959-11-21,31.5,-25.0,16.799744
1959-11-22,31.5,-25.0,15.907227
1959-11-23,31.5,-25.0,16.177734
1959-11-24,31.5,-25.0,15.899139
1959-11-25,31.5,-25.0,16.176117
1959-11-26,31.5,-25.0,19.691162
1959-11-27,31.5,-25.0,19.940613
1959-11-28,31.5,-25.0,20.572357
1959-11-29,31.5,-25.0,19.663635
1959-11-30,31.5,-25.0,21.183014
1959-12-01,31.5,-25.0,22.397858
1959-12-02,31.5,-25.0,19.03595
1959-12-03,31.5,-25.0,18.083435
1959-12-04,31.5,-25.0,18.342316
1959-12-05,31.5,-25.0,19.386078
1959-12-06,31.5,-25.0,17.72171
1959-12-07,31.5,-25.0,17.406403
1959-12-08,31.5,-25.0,18.269287
1959-12-09,31.5,-25.0,19.452454
1959-12-10,31.5,-25.0,20.433136
1959-12-11,31.5,-25.0,20.550964
1959-12-12,31.5,-25.0,20.315338
1959-12-13,31.5,-25.0,19.863983
1959-12-14,31.5,-25.0,21.639526
1959-12-15,31.5,-25.0,22.728088
1959-12-16,31.5,-25.0,22.406158
1959-12-17,31.5,-25.0,24.102081
1959-12-18,31.5,-25.0,17.947388
1959-12-19,31.5,-25.0,17.831207
1959-12-20,31.5,-25.0,18.045288
1959-12-21,31.5,-25.0,18.499939
1959-12-22,31.5,-25.0,21.36737
1959-12-23,31.5,-25.0,19.550354
1959-12-24,31.5,-25.0,18.791992
1959-12-25,31.5,-25.0,20.219086
1959-12-26,31.5,-25.0,21.312622
1959-12-27,31.5,-25.0,21.515076
1959-12-28,31.5,-25.0,18.647644
1959-12-29,31.5,-25.0,18.252716
1959-12-30,31.5,-25.0,19.02597
1959-12-31,31.5,-25.0,19.299774
1960-01-01,31.5,-25.0,19.048096
1960-01-02,31.5,-25.0,17.523376
1960-01-03,31.5,-25.0,22.006317
1960-01-04,31.5,-25.0,21.57138
1960-01-05,31.5,-25.0,18.46167
1960-01-06,31.5,-25.0,16.747986
1960-01-07,31.5,-25.0,18.087006
1960-01-08,31.5,-25.0,16.342377
1960-01-09,31.5,-25.0,19.284302
1960-01-10,31.5,-25.0,19.557953
1960-01-11,31.5,-25.0,22.503143
1960-01-12,31.5,-25.0,21.52414
1960-01-13,31.5,-25.0,20.85138
1960-01-14,31.5,-25.0,21.120148
1960-01-15,31.5,-25.0,19.492798
1960-01-16,31.5,-25.0,18.657135
1960-01-17,31.5,-25.0,20.207916
1960-01-18,31.5,-25.0,20.691742
1960-01-19,31.5,-25.0,21.273285
1960-01-20,31.5,-25.0,20.799255
1960-01-21,31.5,-25.0,19.976624
1960-01-22,31.5,-25.0,19.000854
1960-01-23,31.5,-25.0,19.380402
1960-01-24,31.5,-25.0,20.284485
1960-01-25,31.5,-25.0,22.33374
1960-01-26,31.5,-25.0,19.997803
1960-01-27,31.5,-25.0,18.834717
1960-01-28,31.5,-25.0,19.541687
1960-01-29,31.5,-25.0,21.423126
1960-01-30,31.5,-25.0,19.799042
1960-01-31,31.5,-25.0,20.072723
1960-02-01,31.5,-25.0,22.554962
1960-02-02,31.5,-25.0,23.356537
1960-02-03,31.5,-25.0,22.624573
1960-02-04,31.5,-25.0,19.837677
1960-02-05,31.5,-25.0,18.644226
1960-02-06,31.5,-25.0,17.471832
1960-02-07,31.5,-25.0,19.560791
1960-02-08,31.5,-25.0,23.095825
1960-02-09,31.5,-25.0,22.644012
1960-02-10,31.5,-25.0,20.694336
1960-02-11,31.5,-25.0,20.828735
1960-02-12,31.5,-25.0,19.72757
1960-02-13,31.5,-25.0,16.66214
1960-02-14,31.5,-25.0,14.845245
1960-02-15,31.5,-25.0,18.06128
1960-02-16,31.5,-25.0,17.46048
1960-02-17,31.5,-25.0,18.997253
1960-02-18,31.5,-25.0,20.878937
1960-02-19,31.5,-25.0,23.22049
1960-02-20,31.5,-25.0,21.82138
1960-02-21,31.5,-25.0,21.184998
1960-02-22,31.5,-25.0,20.820618
1960-02-23,31.5,-25.0,20.472473
1960-02-24,31.5,-25.0,19.547821
1960-02-25,31.5,-25.0,20.182617
1960-02-26,31.5,-25.0,19.79721
1960-02-27,31.5,-25.0,19.858734
1960-02-28,31.5,-25.0,20.725098
1960-02-29,31.5,-25.0,19.528381
1960-03-01,31.5,-25.0,17.230713
1960-03-02,31.5,-25.0,16.163208
1960-03-03,31.5,-25.0,16.049347
1960-03-04,31.5,-25.0,18.490356
1960-03-05,31.5,-25.0,19.315887
1960-03-06,31.5,-25.0,21.260498
1960-03-07,31.5,-25.0,20.280182
1960-03-08,31.5,-25.0,19.94928
1960-03-09,31.5,-25.0,19.712646
1960-03-10,31.5,-25.0,17.39795
1960-03-11,31.5,-25.0,19.015198
1960-03-12,31.5,-25.0,19.766022
1960-03-13,31.5,-25.0,21.931244
1960-03-14,31.5,-25.0,19.817596
1960-03-15,31.5,-25.0,20.315765
1960-03-16,31.5,-25.0,20.687622
1960-03-17,31.5,-25.0,21.356567
1960-03-18,31.5,-25.0,21.08081
1960-03-19,31.5,-25.0,20.56662
1960-03-20,31.5,-25.0,19.175323
1960-03-21,31.5,-25.0,18.949371
1960-03-22,31.5,-25.0,20.088043
1960-03-23,31.5,-25.0,21.006073
1960-03-24,31.5,-25.0,20.65915
1960-03-25,31.5,-25.0,19.214478
1960-03-26,31.5,-25.0,20.016876
1960-03-27,31.5,-25.0,19.470673
1960-03-28,31.5,-25.0,17.60434
1960-03-29,31.5,-25.0,16.49591
1960-03-30,31.5,-25.0,15.581421
1960-03-31,31.5,-25.0,16.68451
1960-04-01,31.5,-25.0,17.944244
1960-04-02,31.5,-25.0,19.06308
1960-04-03,31.5,-25.0,17.699615
1960-04-04,31.5,-25.0,19.482178
1960-04-05,31.5,-25.0,18.171814
1960-04-06,31.5,-25.0,18.9057
1960-04-07,31.5,-25.0,17.640839
1960-04-08,31.5,-25.0,17.595306
1960-04-09,31.5,-25.0,17.10794
1960-04-10,31.5,-25.0,17.1857
1960-04-11,31.5,-25.0,15.917053
1960-04-12,31.5,-25.0,13.078186
1960-04-13,31.5,-25.0,12.674286
1960-04-14,31.5,-25.0,13.977081
1960-04-15,31.5,-25.0,16.867126
1960-04-16,31.5,-25.0,16.16925
1960-04-17,31.5,-25.0,13.717255
1960-04-18,31.5,-25.0,14.415131
1960-04-19,31.5,-25.0,14.5896
1960-04-20,31.5,-25.0,14.959381
1960-04-21,31.5,-25.0,16.082031
1960-04-22,31.5,-25.0,15.617401
1960-04-23,31.5,-25.0,17.104156
1960-04-24,31.5,-25.0,16.207184
1960-04-25,31.5,-25.0,14.951782
1960-04-26,31.5,-25.0,14.38858
1960-04-27,31.5,-25.0,14.043457
1960-04-28,31.5,-25.0,11.94986
1960-04-29,31.5,-25.0,12.380341
1960-04-30,31.5,-25.0,14.109802
1960-05-01,31.5,-25.0,11.603943
1960-05-02,31.5,-25.0,13.61911
1960-05-03,31.5,-25.0,13.99176
1960-05-04,31.5,-25.0,12.189575
1960-05-05,31.5,-25.0,12.546448
1960-05-06,31.5,-25.0,12.775177
1960-05-07,31.5,-25.0,14.108093
1960-05-08,31.5,-25.0,14.2421875
1960-05-09,31.5,-25.0,15.618469
1960-05-10,31.5,-25.0,15.026947
1960-05-11,31.5,-25.0,13.719666
1960-05-12,31.5,-25.0,14.831757
1960-05-13,31.5,-25.0,12.380829
1960-05-14,31.5,-25.0,13.222778
1960-05-15,31.5,-25.0,12.307861
1960-05-16,31.5,-25.0,10.547058
1960-05-17,31.5,-25.0,9.17865
1960-05-18,31.5,-25.0,9.442871
1960-05-19,31.5,-25.0,10.541168
1960-05-20,31.5,-25.0,11.043945
1960-05-21,31.5,-25.0,10.890167
1960-05-22,31.5,-25.0,11.045929
1960-05-23,31.5,-25.0,11.86618
1960-05-24,31.5,-25.0,11.375214
1960-05-25,31.5,-25.0,11.223389
1960-05-26,31.5,-25.0,11.300293
1960-05-27,31.5,-25.0,11.655212
1960-05-28,31.5,-25.0,10.801422
1960-05-29,31.5,-25.0,9.809631
1960-05-30,31.5,-25.0,8.815857
1960-05-31,31.5,-25.0,10.852692
1960-06-01,31.5,-25.0,12.19632
1960-06-02,31.5,-25.0,10.734528
1960-06-03,31.5,-25.0,8.440247
1960-06-04,31.5,-25.0,10.858002
1960-06-05,31.5,-25.0,8.286896
1960-06-06,31.5,-25.0,7.7591248
1960-06-07,31.5,-25.0,10.302338
1960-06-08,31.5,-25.0,10.330231
1960-06-09,31.5,-25.0,10.9635315
1960-06-10,31.5,-25.0,11.192566
1960-06-11,31.5,-25.0,8.424316
1960-06-12,31.5,-25.0,8.215179
1960-06-13,31.5,-25.0,7.9085083
1960-06-14,31.5,-25.0,7.2970886
1960-06-15,31.5,-25.0,12.473145
1960-06-16,31.5,-25.0,12.082794
1960-06-17,31.5,-25.0,9.408142
1960-06-18,31.5,-25.0,9.569458
1960-06-19,31.5,-25.0,10.015564
1960-06-20,31.5,-25.0,12.909302
1960-06-21,31.5,-25.0,14.745514
1960-06-22,31.5,-25.0,13.745758
1960-06-23,31.5,-25.0,11.738251
1960-06-24,31.5,-25.0,11.662567
1960-06-25,31.5,-25.0,10.248566
1960-06-26,31.5,-25.0,7.6993713
1960-06-27,31.5,-25.0,7.1377563
1960-06-28,31.5,-25.0,10.302338
1960-06-29,31.5,-25.0,9.513702
1960-06-30,31.5,-25.0,13.31955
1960-07-01,31.5,-25.0,8.56842
1960-07-02,31.5,-25.0,6.050354
1960-07-03,31.5,-25.0,8.112579
1960-07-04,31.5,-25.0,10.009003
1960-07-05,31.5,-25.0,7.4238586
1960-07-06,31.5,-25.0,6.7410583
1960-07-07,31.5,-25.0,9.373566
1960-07-08,31.5,-25.0,10.453003
1960-07-09,31.5,-25.0,7.901428
1960-07-10,31.5,-25.0,7.3015137
1960-07-11,31.5,-25.0,7.187042
1960-07-12,31.5,-25.0,7.4475403
1960-07-13,31.5,-25.0,10.612854
1960-07-14,31.5,-25.0,9.209778
1960-07-15,31.5,-25.0,9.754425
1960-07-16,31.5,-25.0,8.47171
1960-07-17,31.5,-25.0,10.010986
1960-07-18,31.5,-25.0,10.829926
1960-07-19,31.5,-25.0,11.42392
1960-07-20,31.5,-25.0,8.819031
1960-07-21,31.5,-25.0,7.3863525
1960-07-22,31.5,-25.0,9.77417
1960-07-23,31.5,-25.0,10.30896
1960-07-24,31.5,-25.0,6.6877747
1960-07-25,31.5,-25.0,5.274811
1960-07-26,31.5,-25.0,6.0543213
1960-07-27,31.5,-25.0,5.000519
1960-07-28,31.5,-25.0,5.5767517
1960-07-29,31.5,-25.0,4.665039
1960-07-30,31.5,-25.0,7.540283
1960-07-31,31.5,-25.0,9.353821
1960-08-01,31.5,-25.0,9.192657
1960-08-02,31.5,-25.0,10.598053
1960-08-03,31.5,-25.0,12.792603
1960-08-04,31.5,-25.0,11.885498
1960-08-05,31.5,-25.0,11.680084
1960-08-06,31.5,-25.0,8.108582
1960-08-07,31.5,-25.0,10.331604
1960-08-08,31.5,-25.0,11.05365
1960-08-09,31.5,-25.0,9.9878845
1960-08-10,31.5,-25.0,12.530243
1960-08-11,31.5,-25.0,11.1675415
1960-08-12,31.5,-25.0,12.302429
1960-08-13,31.5,-25.0,9.4895935
1960-08-14,31.5,-25.0,9.078735
1960-08-15,31.5,-25.0,13.38446
1960-08-16,31.5,-25.0,14.61087
1960-08-17,31.5,-25.0,13.709869
1960-08-18,31.5,-25.0,14.771545
1960-08-19,31.5,-25.0,13.136322
1960-08-20,31.5,-25.0,12.949219
1960-08-21,31.5,-25.0,15.066467
1960-08-22,31.5,-25.0,10.996704
1960-08-23,31.5,-25.0,8.399445
1960-08-24,31.5,-25.0,7.6997986
1960-08-25,31.5,-25.0,9.469238
1960-08-26,31.5,-25.0,11.356689
1960-08-27,31.5,-25.0,11.47464
1960-08-28,31.5,-25.0,14.214264
1960-08-29,31.5,-25.0,13.870544
1960-08-30,31.5,-25.0,11.13501
1960-08-31,31.5,-25.0,14.328186
1960-09-01,31.5,-25.0,14.424896
1960-09-02,31.5,-25.0,12.632965
1960-09-03,31.5,-25.0,15.502747
1960-09-04,31.5,-25.0,16.363861
1960-09-05,31.5,-25.0,14.628082
1960-09-06,31.5,-25.0,17.165009
1960-09-07,31.5,-25.0,17.093384
1960-09-08,31.5,-25.0,13.372192
1960-09-09,31.5,-25.0,11.290009
1960-09-10,31.5,-25.0,9.10141
1960-09-11,31.5,-25.0,10.856567
1960-09-12,31.5,-25.0,14.181061
1960-09-13,31.5,-25.0,14.161713
1960-09-14,31.5,-25.0,16.334839
1960-09-15,31.5,-25.0,15.156342
1960-09-16,31.5,-25.0,12.853577
1960-09-17,31.5,-25.0,12.445282
1960-09-18,31.5,-25.0,15.833649
1960-09-19,31.5,-25.0,15.725281
1960-09-20,31.5,-25.0,15.38858
1960-09-21,31.5,-25.0,18.22351
1960-09-22,31.5,-25.0,12.60202
1960-09-23,31.5,-25.0,12.25177
1960-09-24,31.5,-25.0,14.312653
1960-09-25,31.5,-25.0,11.659607
1960-09-26,31.5,-25.0,14.417145
1960-09-27,31.5,-25.0,16.16455
1960-09-28,31.5,-25.0,16.923096
1960-09-29,31.5,-25.0,18.546661
1960-09-30,31.5,-25.0,16.346436
1960-10-01,31.5,-25.0,14.904694
1960-10-02,31.5,-25.0,14.093689
1960-10-03,31.5,-25.0,15.902283
1960-10-04,31.5,-25.0,17.552979
1960-10-05,31.5,-25.0,16.401093
1960-10-06,31.5,-25.0,17.536835
1960-10-07,31.5,-25.0,19.532043
1960-10-08,31.5,-25.0,18.758728
1960-10-09,31.5,-25.0,17.256927
1960-10-10,31.5,-25.0,18.405243
1960-10-11,31.5,-25.0,17.47403
1960-10-12,31.5,-25.0,16.533875
1960-10-13,31.5,-25.0,16.996765
1960-10-14,31.5,-25.0,17.441742
1960-10-15,31.5,-25.0,14.960327
1960-10-16,31.5,-25.0,14.423828
1960-10-17,31.5,-25.0,17.6409
1960-10-18,31.5,-25.0,18.164825
1960-10-19,31.5,-25.0,18.740784
1960-10-20,31.5,-25.0,18.089478
1960-10-21,31.5,-25.0,19.679169
1960-10-22,31.5,-25.0,18.500336
1960-10-23,31.5,-25.0,20.89386
1960-10-24,31.5,-25.0,19.799377
1960-10-25,31.5,-25.0,19.408234
1960-10-26,31.5,-25.0,21.116333
1960-10-27,31.5,-25.0,20.951263
1960-10-28,31.5,-25.0,19.463837
1960-10-29,31.5,-25.0,19.589447
1960-10-30,31.5,-25.0,19.31314
1960-10-31,31.5,-25.0,18.941742
1960-11-01,31.5,-25.0,18.78778
1960-11-02,31.5,-25.0,19.816772
1960-11-03,31.5,-25.0,18.902985
1960-11-04,31.5,-25.0,17.8945
1960-11-05,31.5,-25.0,19.054504
1960-11-06,31.5,-25.0,21.29712
1960-11-07,31.5,-25.0,21.454926
1960-11-08,31.5,-25.0,18.909302
1960-11-09,31.5,-25.0,16.775574
1960-11-10,31.5,-25.0,18.628387
1960-11-11,31.5,-25.0,17.479462
1960-11-12,31.5,-25.0,17.542572
1960-11-13,31.5,-25.0,17.208008
1960-11-14,31.5,-25.0,19.889343
1960-11-15,31.5,-25.0,17.204834
1960-11-16,31.5,-25.0,15.87915
1960-11-17,31.5,-25.0,15.344147
1960-11-18,31.5,-25.0,18.776733
1960-11-19,31.5,-25.0,19.150757
1960-11-20,31.5,-25.0,17.839264
1960-11-21,31.5,-25.0,18.579437
1960-11-22,31.5,-25.0,17.024933
1960-11-23,31.5,-25.0,15.367828
1960-11-24,31.5,-25.0,12.807983
1960-11-25,31.5,-25.0,16.627228
1960-11-26,31.5,-25.0,17.204834
1960-11-27,31.5,-25.0,19.668396
1960-11-28,31.5,-25.0,19.400116
1960-11-29,31.5,-25.0,20.220764
1960-11-30,31.5,-25.0,19.633698
1960-12-01,31.5,-25.0,18.257507
1960-12-02,31.5,-25.0,21.778503
1960-12-03,31.5,-25.0,21.54712
1960-12-04,31.5,-25.0,21.322266
1960-12-05,31.5,-25.0,21.450989
1960-12-06,31.5,-25.0,21.775238
1960-12-07,31.5,-25.0,20.875854
1960-12-08,31.5,-25.0,20.02533
1960-12-09,31.5,-25.0,19.472992
1960-12-10,31.5,-25.0,20.950806
1960-12-11,31.5,-25.0,20.903534
1960-12-12,31.5,-25.0,20.097015
1960-12-13,31.5,-25.0,18.27707
1960-12-14,31.5,-25.0,18.568726
1960-12-15,31.5,-25.0,19.54956
1960-12-16,31.5,-25.0,18.56546
1960-12-17,31.5,-25.0,19.689697
1960-12-18,31.5,-25.0,19.39151
1960-12-19,31.5,-25.0,18.609436
1960-12-20,31.5,-25.0,20.03186
1960-12-21,31.5,-25.0,20.540192
1960-12-22,31.5,-25.0,21.152832
1960-12-23,31.5,-25.0,22.71698
1960-12-24,31.5,-25.0,22.03592
1960-12-25,31.5,-25.0,21.571564
1960-12-26,31.5,-25.0,20.805786
1960-12-27,31.5,-25.0,20.999664
1960-12-28,31.5,-25.0,20.999664
1960-12-29,31.5,-25.0,21.304352
1960-12-30,31.5,-25.0,17.26361
1960-12-31,31.5,-25.0,15.875427
1961-01-01,31.5,-25.0,15.687714
1961-01-02,31.5,-25.0,16.494446
1961-01-03,31.5,-25.0,16.661346
1961-01-04,31.5,-25.0,17.148987
1961-01-05,31.5,-25.0,21.68982
1961-01-06,31.5,-25.0,21.863281
1961-01-07,31.5,-25.0,22.121826
1961-01-08,31.5,-25.0,21.439453
1961-01-09,31.5,-25.0,20.704742
1961-01-10,31.5,-25.0,21.000916
1961-01-11,31.5,-25.0,19.00296
1961-01-12,31.5,-25.0,19.757294
1961-01-13,31.5,-25.0,22.899078
1961-01-14,31.5,-25.0,21.176025
1961-01-15,31.5,-25.0,23.350708
1961-01-16,31.5,-25.0,24.165619
1961-01-17,31.5,-25.0,24.677795
1961-01-18,31.5,-25.0,23.149445
1961-01-19,31.5,-25.0,22.705994
1961-01-20,31.5,-25.0,20.529663
1961-01-21,31.5,-25.0,20.39383
1961-01-22,31.5,-25.0,19.670593
1961-01-23,31.5,-25.0,20.325104
1961-01-24,31.5,-25.0,19.16333
1961-01-25,31.5,-25.0,18.919495
1961-01-26,31.5,-25.0,16.260437
1961-01-27,31.5,-25.0,20.955109
1961-01-28,31.5,-25.0,24.861053
1961-01-29,31.5,-25.0,25.163788
1961-01-30,31.5,-25.0,22.591461
1961-01-31,31.5,-25.0,21.621094
1961-02-01,31.5,-25.0,19.481934
1961-02-02,31.5,-25.0,20.346436
1961-02-03,31.5,-25.0,21.515106
1961-02-04,31.5,-25.0,22.394043
1961-02-05,31.5,-25.0,23.112854
1961-02-06,31.5,-25.0,21.763275
1961-02-07,31.5,-25.0,22.442047
1961-02-08,31.5,-25.0,21.921753
1961-02-09,31.5,-25.0,21.532715
1961-02-10,31.5,-25.0,23.07602
1961-02-11,31.5,-25.0,21.470306
1961-02-12,31.5,-25.0,20.277588
1961-02-13,31.5,-25.0,19.31546
1961-02-14,31.5,-25.0,19.784515
1961-02-15,31.5,-25.0,18.554993
1961-02-16,31.5,-25.0,17.664886
1961-02-17,31.5,-25.0,17.648895
1961-02-18,31.5,-25.0,17.15741
1961-02-19,31.5,-25.0,19.38269
1961-02-20,31.5,-25.0,20.511353
1961-02-21,31.5,-25.0,19.3891
1961-02-22,31.5,-25.0,22.088257
1961-02-23,31.5,-25.0,22.922333
1961-02-24,31.5,-25.0,21.204529
1961-02-25,31.5,-25.0,21.21576
1961-02-26,31.5,-25.0,23.085632
1961-02-27,31.5,-25.0,20.993225
1961-02-28,31.5,-25.0,21.545532
1961-03-01,31.5,-25.0,21.444794
1961-03-02,31.5,-25.0,19.778137
1961-03-03,31.5,-25.0,21.604004
1961-03-04,31.5,-25.0,20.672424
1961-03-05,31.5,-25.0,20.059296
1961-03-06,31.5,-25.0,18.88382
1961-03-07,31.5,-25.0,21.565063
1961-03-08,31.5,-25.0,20.82489
1961-03-09,31.5,-25.0,19.60199
1961-03-10,31.5,-25.0,17.440735
1961-03-11,31.5,-25.0,18.672089
1961-03-12,31.5,-25.0,20.85028
1961-03-13,31.5,-25.0,19.398712
1961-03-14,31.5,-25.0,21.983429
1961-03-15,31.5,-25.0,21.907196
1961-03-16,31.5,-25.0,21.95462
1961-03-17,31.5,-25.0,20.81134
1961-03-18,31.5,-25.0,20.89264
1961-03-19,31.5,-25.0,19.442749
1961-03-20,31.5,-25.0,20.936676
1961-03-21,31.5,-25.0,21.380432
1961-03-22,31.5,-25.0,19.737488
1961-03-23,31.5,-25.0,21.617554
1961-03-24,31.5,-25.0,22.537292
1961-03-25,31.5,-25.0,20.896027
1961-03-26,31.5,-25.0,20.140594
1961-03-27,31.5,-25.0,19.842499
1961-03-28,31.5,-25.0,18.089447
1961-03-29,31.5,-25.0,20.738495
1961-03-30,31.5,-25.0,19.06845
1961-03-31,31.5,-25.0,19.48172
1961-04-01,31.5,-25.0,19.301819
1961-04-02,31.5,-25.0,20.60144
1961-04-03,31.5,-25.0,19.51538
1961-04-04,31.5,-25.0,21.645538
1961-04-05,31.5,-25.0,20.700012
1961-04-06,31.5,-25.0,21.444763
1961-04-07,31.5,-25.0,20.858826
1961-04-08,31.5,-25.0,20.35321
1961-04-09,31.5,-25.0,19.577454
1961-04-10,31.5,-25.0,19.161255
1961-04-11,31.5,-25.0,19.409515
1961-04-12,31.5,-25.0,19.508087
1961-04-13,31.5,-25.0,17.354187
1961-04-14,31.5,-25.0,17.775818
1961-04-15,31.5,-25.0,18.071533
1961-04-16,31.5,-25.0,19.082764
1961-04-17,31.5,-25.0,17.87622
1961-04-18,31.5,-25.0,19.466095
1961-04-19,31.5,-25.0,19.584747
1961-04-20,31.5,-25.0,19.294525
1961-04-21,31.5,-25.0,19.292694
1961-04-22,31.5,-25.0,17.343231
1961-04-23,31.5,-25.0,16.5766
1961-04-24,31.5,-25.0,15.433929
1961-04-25,31.5,-25.0,16.90149
1961-04-26,31.5,-25.0,12.566315
1961-04-27,31.5,-25.0,13.789307
1961-04-28,31.5,-25.0,13.577545
1961-04-29,31.5,-25.0,12.867493
1961-04-30,31.5,-25.0,13.860474
1961-05-01,31.5,-25.0,14.797516
1961-05-02,31.5,-25.0,15.128571
1961-05-03,31.5,-25.0,19.000458
1961-05-04,31.5,-25.0,18.56665
1961-05-05,31.5,-25.0,17.858856
1961-05-06,31.5,-25.0,16.066559
1961-05-07,31.5,-25.0,14.854584
1961-05-08,31.5,-25.0,17.126343
1961-05-09,31.5,-25.0,16.291077
1961-05-10,31.5,-25.0,15.984741
1961-05-11,31.5,-25.0,14.677643
1961-05-12,31.5,-25.0,18.610413
1961-05-13,31.5,-25.0,16.213074
1961-05-14,31.5,-25.0,11.228119
1961-05-15,31.5,-25.0,13.435211
1961-05-16,31.5,-25.0,12.426788
1961-05-17,31.5,-25.0,13.705383
1961-05-18,31.5,-25.0,16.234009
1961-05-19,31.5,-25.0,17.839844
1961-05-20,31.5,-25.0,17.588684
1961-05-21,31.5,-25.0,18.307892
1961-05-22,31.5,-25.0,16.909454
1961-05-23,31.5,-25.0,13.513214
1961-05-24,31.5,-25.0,12.729309
1961-05-25,31.5,-25.0,12.381134
1961-05-26,31.5,-25.0,11.296631
1961-05-27,31.5,-25.0,15.15329
1961-05-28,31.5,-25.0,14.978241
1961-05-29,31.5,-25.0,15.176117
1961-05-30,31.5,-25.0,15.353088
1961-05-31,31.5,-25.0,15.872498
1961-06-01,31.5,-25.0,13.859467
1961-06-02,31.5,-25.0,15.853455
1961-06-03,31.5,-25.0,14.501282
1961-06-04,31.5,-25.0,13.893738
1961-06-05,31.5,-25.0,13.609955
1961-06-06,31.5,-25.0,15.444
1961-06-07,31.5,-25.0,13.478546
1961-06-08,31.5,-25.0,14.002289
1961-06-09,31.5,-25.0,12.343475
1961-06-10,31.5,-25.0,12.589142
1961-06-11,31.5,-25.0,13.518555
1961-06-12,31.5,-25.0,10.132324
1961-06-13,31.5,-25.0,8.536346
1961-06-14,31.5,-25.0,10.473236
1961-06-15,31.5,-25.0,7.947876
1961-06-16,31.5,-25.0,11.673096
1961-06-17,31.5,-25.0,9.265778
1961-06-18,31.5,-25.0,12.292053
1961-06-19,31.5,-25.0,12.939575
1961-06-20,31.5,-25.0,14.54126
1961-06-21,31.5,-25.0,12.314911
1961-06-22,31.5,-25.0,11.922577
1961-06-23,31.5,-25.0,12.036835
1961-06-24,31.5,-25.0,15.192596
1961-06-25,31.5,-25.0,15.967743
1961-06-26,31.5,-25.0,14.861237
1961-06-27,31.5,-25.0,13.427124
1961-06-28,31.5,-25.0,10.918884
1961-06-29,31.5,-25.0,8.818237
1961-06-30,31.5,-25.0,13.276672
1961-07-01,31.5,-25.0,12.468353
1961-07-02,31.5,-25.0,9.8785095
1961-07-03,31.5,-25.0,13.287872
1961-07-04,31.5,-25.0,11.537445
1961-07-05,31.5,-25.0,14.011902
1961-07-06,31.5,-25.0,11.107788
1961-07-07,31.5,-25.0,9.743256
1961-07-08,31.5,-25.0,7.913269
1961-07-09,31.5,-25.0,7.25885
1961-07-10,31.5,-25.0,7.201172
1961-07-11,31.5,-25.0,8.484131
1961-07-12,31.5,-25.0,11.6249695
1961-07-13,31.5,-25.0,8.235504
1961-07-14,31.5,-25.0,9.63385
1961-07-15,31.5,-25.0,12.722961
1961-07-16,31.5,-25.0,15.314789
1961-07-17,31.5,-25.0,13.73941
1961-07-18,31.5,-25.0,11.077972
1961-07-19,31.5,-25.0,12.585724
1961-07-20,31.5,-25.0,11.083923
1961-07-21,31.5,-25.0,9.606018
1961-07-22,31.5,-25.0,11.71051
1961-07-23,31.5,-25.0,11.19931
1961-07-24,31.5,-25.0,10.8810425
1961-07-25,31.5,-25.0,12.036713
1961-07-26,31.5,-25.0,10.994415
1961-07-27,31.5,-25.0,15.867767
1961-07-28,31.5,-25.0,14.413727
1961-07-29,31.5,-25.0,14.4435425
1961-07-30,31.5,-25.0,14.294373
1961-07-31,31.5,-25.0,10.300201
1961-08-01,31.5,-25.0,10.749786
1961-08-02,31.5,-25.0,14.156952
1961-08-03,31.5,-25.0,15.8237
1961-08-04,31.5,-25.0,12.255249
1961-08-05,31.5,-25.0,11.050476
1961-08-06,31.5,-25.0,11.998352
1961-08-07,31.5,-25.0,8.372162
1961-08-08,31.5,-25.0,6.2991943
1961-08-09,31.5,-25.0,8.304474
1961-08-10,31.5,-25.0,8.320404
1961-08-11,31.5,-25.0,8.63501
1961-08-12,31.5,-25.0,8.668884
1961-08-13,31.5,-25.0,12.398621
1961-08-14,31.5,-25.0,12.299042
1961-08-15,31.5,-25.0,14.851929
1961-08-16,31.5,-25.0,10.785645
1961-08-17,31.5,-25.0,13.330566
1961-08-18,31.5,-25.0,13.623291
1961-08-19,31.5,-25.0,10.620361
1961-08-20,31.5,-25.0,11.058441
1961-08-21,31.5,-25.0,10.799591
1961-08-22,31.5,-25.0,10.974823
1961-08-23,31.5,-25.0,8.860046
1961-08-24,31.5,-25.0,12.673431
1961-08-25,31.5,-25.0,11.359131
1961-08-26,31.5,-25.0,11.61203
1961-08-27,31.5,-25.0,13.908051
1961-08-28,31.5,-25.0,10.309723
1961-08-29,31.5,-25.0,16.797455
1961-08-30,31.5,-25.0,14.897736
1961-08-31,31.5,-25.0,17.914581
1961-09-01,31.5,-25.0,18.325195
1961-09-02,31.5,-25.0,15.999481
1961-09-03,31.5,-25.0,14.827362
1961-09-04,31.5,-25.0,11.920197
1961-09-05,31.5,-25.0,8.933411
1961-09-06,31.5,-25.0,9.692596
1961-09-07,31.5,-25.0,12.51828
1961-09-08,31.5,-25.0,14.77179
1961-09-09,31.5,-25.0,17.554901
1961-09-10,31.5,-25.0,15.255096
1961-09-11,31.5,-25.0,15.76059
1961-09-12,31.5,-25.0,18.639984
1961-09-13,31.5,-25.0,17.532654
1961-09-14,31.5,-25.0,18.499237
1961-09-15,31.5,-25.0,19.882477
1961-09-16,31.5,-25.0,18.71405
1961-09-17,31.5,-25.0,17.9104
1961-09-18,31.5,-25.0,16.638306
1961-09-19,31.5,-25.0,14.766235
1961-09-20,31.5,-25.0,17.06604
1961-09-21,31.5,-25.0,19.25473
1961-09-22,31.5,-25.0,18.354828
1961-09-23,31.5,-25.0,16.480896
1961-09-24,31.5,-25.0,16.903107
1961-09-25,31.5,-25.0,18.745514
1961-09-26,31.5,-25.0,16.819763
1961-09-27,31.5,-25.0,14.649597
1961-09-28,31.5,-25.0,17.466003
1961-09-29,31.5,-25.0,13.921875
1961-09-30,31.5,-25.0,13.818176
1961-10-01,31.5,-25.0,10.920624
1961-10-02,31.5,-25.0,13.257477
1961-10-03,31.5,-25.0,14.184418
1961-10-04,31.5,-25.0,14.738861
1961-10-05,31.5,-25.0,14.374908
1961-10-06,31.5,-25.0,11.075409
1961-10-07,31.5,-25.0,10.078735
1961-10-08,31.5,-25.0,13.854462
1961-10-09,31.5,-25.0,16.136902
1961-10-10,31.5,-25.0,15.528015
1961-10-11,31.5,-25.0,14.00412
1961-10-12,31.5,-25.0,19.060547
1961-10-13,31.5,-25.0,18.176147
1961-10-14,31.5,-25.0,18.194855
1961-10-15,31.5,-25.0,18.019653
1961-10-16,31.5,-25.0,16.276367
1961-10-17,31.5,-25.0,15.405579
1961-10-18,31.5,-25.0,14.485443
1961-10-19,31.5,-25.0,15.301819
1961-10-20,31.5,-25.0,17.371674
1961-10-21,31.5,-25.0,20.446686
1961-10-22,31.5,-25.0,19.631989
1961-10-23,31.5,-25.0,18.45337
1961-10-24,31.5,-25.0,19.683014
1961-10-25,31.5,-25.0,17.99414
1961-10-26,31.5,-25.0,16.689667
1961-10-27,31.5,-25.0,22.047089
1961-10-28,31.5,-25.0,20.103119
1961-10-29,31.5,-25.0,13.806854
1961-10-30,31.5,-25.0,13.293213
1961-10-31,31.5,-25.0,14.135101
1961-11-01,31.5,-25.0,14.557037
1961-11-02,31.5,-25.0,15.997314
1961-11-03,31.5,-25.0,18.136047
1961-11-04,31.5,-25.0,17.873749
1961-11-05,31.5,-25.0,18.804962
1961-11-06,31.5,-25.0,17.153595
1961-11-07,31.5,-25.0,15.326843
1961-11-08,31.5,-25.0,15.292694
1961-11-09,31.5,-25.0,16.182007
1961-11-10,31.5,-25.0,18.300568
1961-11-11,31.5,-25.0,18.064636
1961-11-12,31.5,-25.0,17.0372
1961-11-13,31.5,-25.0,15.537933
1961-11-14,31.5,-25.0,18.42627
1961-11-15,31.5,-25.0,17.046509
1961-11-16,31.5,-25.0,16.42102
1961-11-17,31.5,-25.0,17.490387
1961-11-18,31.5,-25.0,18.888794
1961-11-19,31.5,-25.0,19.07193
1961-11-20,31.5,-25.0,22.762695
1961-11-21,31.5,-25.0,20.945251
1961-11-22,31.5,-25.0,21.716614
1961-11-23,31.5,-25.0,20.766754
1961-11-24,31.5,-25.0,20.433075
1961-11-25,31.5,-25.0,19.951935
1961-11-26,31.5,-25.0,19.456848
1961-11-27,31.5,-25.0,18.63736
1961-11-28,31.5,-25.0,19.74707
1961-11-29,31.5,-25.0,20.935944
1961-11-30,31.5,-25.0,21.133057
1961-12-01,31.5,-25.0,15.897186
1961-12-02,31.5,-25.0,15.324554
1961-12-03,31.5,-25.0,15.822571
1961-12-04,31.5,-25.0,17.57129
1961-12-05,31.5,-25.0,20.236572
1961-12-06,31.5,-25.0,17.934662
1961-12-07,31.5,-25.0,15.936127
1961-12-08,31.5,-25.0,17.229004
1961-12-09,31.5,-25.0,19.451416
1961-12-10,31.5,-25.0,20.81894
1961-12-11,31.5,-25.0,20.479889
1961-12-12,31.5,-25.0,19.792084
1961-12-13,31.5,-25.0,21.419159
1961-12-14,31.5,-25.0,17.136536
1961-12-15,31.5,-25.0,16.276764
1961-12-16,31.5,-25.0,16.919159
1961-12-17,31.5,-25.0,16.604462
1961-12-18,31.5,-25.0,18.226654
1961-12-19,31.5,-25.0,21.389954
1961-12-20,31.5,-25.0,21.811737
1961-12-21,31.5,-25.0,23.422577
1961-12-22,31.5,-25.0,23.067322
1961-12-23,31.5,-25.0,21.252075
1961-12-24,31.5,-25.0,20.526947
1961-12-25,31.5,-25.0,18.818756
1961-12-26,31.5,-25.0,15.898804
1961-12-27,31.5,-25.0,15.374847
1961-12-28,31.5,-25.0,17.280914
1961-12-29,31.5,-25.0,17.456116
1961-12-30,31.5,-25.0,17.186829
1961-12-31,31.5,-25.0,18.228271
1962-01-01,31.5,-25.0,18.022766
1962-01-02,31.5,-25.0,20.747528
1962-01-03,31.5,-25.0,20.335175
1962-01-04,31.5,-25.0,19.742004
1962-01-05,31.5,-25.0,23.486572
1962-01-06,31.5,-25.0,23.220123
1962-01-07,31.5,-25.0,23.172546
1962-01-08,31.5,-25.0,22.848999
1962-01-09,31.5,-25.0,22.094055
1962-01-10,31.5,-25.0,20.614319
1962-01-11,31.5,-25.0,19.627808
1962-01-12,31.5,-25.0,20.024323
1962-01-13,31.5,-25.0,20.24002
1962-01-14,31.5,-25.0,21.886292
1962-01-15,31.5,-25.0,21.967194
1962-01-16,31.5,-25.0,21.854584
1962-01-17,31.5,-25.0,21.7388
1962-01-18,31.5,-25.0,21.461243
1962-01-19,31.5,-25.0,21.843475
1962-01-20,31.5,-25.0,21.339111
1962-01-21,31.5,-25.0,20.243195
1962-01-22,31.5,-25.0,19.09967
1962-01-23,31.5,-25.0,18.933136
1962-01-24,31.5,-25.0,19.562805
1962-01-25,31.5,-25.0,19.859375
1962-01-26,31.5,-25.0,18.780884
1962-01-27,31.5,-25.0,20.09253
1962-01-28,31.5,-25.0,19.37088
1962-01-29,31.5,-25.0,18.433563
1962-01-30,31.5,-25.0,16.971252
1962-01-31,31.5,-25.0,20.668243
1962-02-01,31.5,-25.0,19.960419
1962-02-02,31.5,-25.0,20.819916
1962-02-03,31.5,-25.0,22.139984
1962-02-04,31.5,-25.0,23.618683
1962-02-05,31.5,-25.0,22.651367
1962-02-06,31.5,-25.0,21.69638
1962-02-07,31.5,-25.0,22.23703
1962-02-08,31.5,-25.0,23.00409
1962-02-09,31.5,-25.0,24.26715
1962-02-10,31.5,-25.0,24.590637
1962-02-11,31.5,-25.0,24.083862
1962-02-12,31.5,-25.0,23.289062
1962-02-13,31.5,-25.0,24.284119
1962-02-14,31.5,-25.0,20.852264
1962-02-15,31.5,-25.0,20.502625
1962-02-16,31.5,-25.0,18.142853
1962-02-17,31.5,-25.0,18.22757
1962-02-18,31.5,-25.0,22.4003
1962-02-19,31.5,-25.0,21.88736
1962-02-20,31.5,-25.0,21.938202
1962-02-21,31.5,-25.0,21.225037
1962-02-22,31.5,-25.0,20.946228
1962-02-23,31.5,-25.0,20.598114
1962-02-24,31.5,-25.0,20.416351
1962-02-25,31.5,-25.0,21.587006
1962-02-26,31.5,-25.0,20.44101
1962-02-27,31.5,-25.0,19.442871
1962-02-28,31.5,-25.0,21.101807
1962-03-01,31.5,-25.0,20.154968
1962-03-02,31.5,-25.0,19.286041
1962-03-03,31.5,-25.0,17.946259
1962-03-04,31.5,-25.0,18.893097
1962-03-05,31.5,-25.0,18.346008
1962-03-06,31.5,-25.0,19.160706
1962-03-07,31.5,-25.0,21.974121
1962-03-08,31.5,-25.0,22.897247
1962-03-09,31.5,-25.0,22.89386
1962-03-10,31.5,-25.0,21.19159
1962-03-11,31.5,-25.0,21.227142
1962-03-12,31.5,-25.0,17.925934
1962-03-13,31.5,-25.0,17.685425
1962-03-14,31.5,-25.0,17.099365
1962-03-15,31.5,-25.0,21.369415
1962-03-16,31.5,-25.0,21.76239
1962-03-17,31.5,-25.0,20.956146
1962-03-18,31.5,-25.0,18.964233
1962-03-19,31.5,-25.0,17.299225
1962-03-20,31.5,-25.0,20.082153
1962-03-21,31.5,-25.0,21.17804
1962-03-22,31.5,-25.0,21.391449
1962-03-23,31.5,-25.0,21.843689
1962-03-24,31.5,-25.0,22.854889
1962-03-25,31.5,-25.0,20.173615
1962-03-26,31.5,-25.0,20.066895
1962-03-27,31.5,-25.0,20.066895
1962-03-28,31.5,-25.0,18.943909
1962-03-29,31.5,-25.0,19.418182
1962-03-30,31.5,-25.0,18.977783
1962-03-31,31.5,-25.0,20.249817
1962-04-01,31.5,-25.0,21.18219
1962-04-02,31.5,-25.0,20.765808
1962-04-03,31.5,-25.0,20.274445
1962-04-04,31.5,-25.0,19.543
1962-04-05,31.5,-25.0,18.70465
1962-04-06,31.5,-25.0,18.35019
1962-04-07,31.5,-25.0,16.793549
1962-04-08,31.5,-25.0,14.848663
1962-04-09,31.5,-25.0,15.450684
1962-04-10,31.5,-25.0,16.114594
1962-04-11,31.5,-25.0,16.397797
1962-04-12,31.5,-25.0,17.961975
1962-04-13,31.5,-25.0,18.112
1962-04-14,31.5,-25.0,19.764313
1962-04-15,31.5,-25.0,18.310791
1962-04-16,31.5,-25.0,17.94696
1962-04-17,31.5,-25.0,18.67276
1962-04-18,31.5,-25.0,17.49121
1962-04-19,31.5,-25.0,17.273651
1962-04-20,31.5,-25.0,17.900085
1962-04-21,31.5,-25.0,19.466095
1962-04-22,31.5,-25.0,19.224152
1962-04-23,31.5,-25.0,17.433075
1962-04-24,31.5,-25.0,18.235779
1962-04-25,31.5,-25.0,15.930817
1962-04-26,31.5,-25.0,16.114594
1962-04-27,31.5,-25.0,14.662994
1962-04-28,31.5,-25.0,15.58197
1962-04-29,31.5,-25.0,13.852783
1962-04-30,31.5,-25.0,12.258606
1962-05-01,31.5,-25.0,13.378845
1962-05-02,31.5,-25.0,13.952667
1962-05-03,31.5,-25.0,15.431763
1962-05-04,31.5,-25.0,12.838013
1962-05-05,31.5,-25.0,10.401276
1962-05-06,31.5,-25.0,12.002502
1962-05-07,31.5,-25.0,10.5408325
1962-05-08,31.5,-25.0,10.032959
1962-05-09,31.5,-25.0,12.229309
1962-05-10,31.5,-25.0,13.628937
1962-05-11,31.5,-25.0,13.289673
1962-05-12,31.5,-25.0,11.083618
1962-05-13,31.5,-25.0,13.586273
1962-05-14,31.5,-25.0,15.679901
1962-05-15,31.5,-25.0,13.747162
1962-05-16,31.5,-25.0,13.396301
1962-05-17,31.5,-25.0,13.28775
1962-05-18,31.5,-25.0,11.874542
1962-05-19,31.5,-25.0,12.3281555
1962-05-20,31.5,-25.0,10.967316
1962-05-21,31.5,-25.0,11.23291
1962-05-22,31.5,-25.0,14.001129
1962-05-23,31.5,-25.0,12.946564
1962-05-24,31.5,-25.0,10.816101
1962-05-25,31.5,-25.0,12.085846
1962-05-26,31.5,-25.0,12.306854
1962-05-27,31.5,-25.0,14.36557
1962-05-28,31.5,-25.0,14.255066
1962-05-29,31.5,-25.0,11.5546875
1962-05-30,31.5,-25.0,9.385468
1962-05-31,31.5,-25.0,9.131531
1962-06-01,31.5,-25.0,8.711243
1962-06-02,31.5,-25.0,8.716858
1962-06-03,31.5,-25.0,9.798706
1962-06-04,31.5,-25.0,8.681183
1962-06-05,31.5,-25.0,9.312256
1962-06-06,31.5,-25.0,8.452057
1962-06-07,31.5,-25.0,10.771576
1962-06-08,31.5,-25.0,9.661591
1962-06-09,31.5,-25.0,12.807495
1962-06-10,31.5,-25.0,11.530365
1962-06-11,31.5,-25.0,9.51886
1962-06-12,31.5,-25.0,11.84964
1962-06-13,31.5,-25.0,13.506195
1962-06-14,31.5,-25.0,14.135376
1962-06-15,31.5,-25.0,13.079834
1962-06-16,31.5,-25.0,12.854462
1962-06-17,31.5,-25.0,11.658081
1962-06-18,31.5,-25.0,13.759735
1962-06-19,31.5,-25.0,14.343842
1962-06-20,31.5,-25.0,13.725922
1962-06-21,31.5,-25.0,14.024567
1962-06-22,31.5,-25.0,16.539398
1962-06-23,31.5,-25.0,12.407471
1962-06-24,31.5,-25.0,13.57193
1962-06-25,31.5,-25.0,9.776154
1962-06-26,31.5,-25.0,10.835449
1962-06-27,31.5,-25.0,11.605469
1962-06-28,31.5,-25.0,11.922882
1962-06-29,31.5,-25.0,9.639038
1962-06-30,31.5,-25.0,10.987579
1962-07-01,31.5,-25.0,15.069519
1962-07-02,31.5,-25.0,12.116852
1962-07-03,31.5,-25.0,12.359222
1962-07-04,31.5,-25.0,9.705444
1962-07-05,31.5,-25.0,11.29892
1962-07-06,31.5,-25.0,11.349396
1962-07-07,31.5,-25.0,9.646881
1962-07-08,31.5,-25.0,12.118866
1962-07-09,31.5,-25.0,11.478668
1962-07-10,31.5,-25.0,9.810455
1962-07-11,31.5,-25.0,7.9483643
1962-07-12,31.5,-25.0,8.956146
1962-07-13,31.5,-25.0,7.370758
1962-07-14,31.5,-25.0,7.3081665
1962-07-15,31.5,-25.0,10.228516
1962-07-16,31.5,-25.0,12.664185
1962-07-17,31.5,-25.0,9.1763
1962-07-18,31.5,-25.0,9.063202
1962-07-19,31.5,-25.0,9.772095
1962-07-20,31.5,-25.0,13.603302
1962-07-21,31.5,-25.0,11.159546
1962-07-22,31.5,-25.0,9.941742
1962-07-23,31.5,-25.0,10.315369
1962-07-24,31.5,-25.0,9.978088
1962-07-25,31.5,-25.0,12.019928
1962-07-26,31.5,-25.0,12.91864
1962-07-27,31.5,-25.0,11.2565
1962-07-28,31.5,-25.0,9.384308
1962-07-29,31.5,-25.0,10.606171
1962-07-30,31.5,-25.0,9.131866
1962-07-31,31.5,-25.0,7.792877
1962-08-01,31.5,-25.0,7.672821
1962-08-02,31.5,-25.0,9.626709
1962-08-03,31.5,-25.0,11.01889
1962-08-04,31.5,-25.0,14.587189
1962-08-05,31.5,-25.0,14.292175
1962-08-06,31.5,-25.0,10.337952
1962-08-07,31.5,-25.0,11.509857
1962-08-08,31.5,-25.0,12.138275
1962-08-09,31.5,-25.0,11.22699
1962-08-10,31.5,-25.0,12.231201
1962-08-11,31.5,-25.0,12.821228
1962-08-12,31.5,-25.0,9.790375
1962-08-13,31.5,-25.0,11.645264
1962-08-14,31.5,-25.0,15.672211
1962-08-15,31.5,-25.0,14.7508545
1962-08-16,31.5,-25.0,11.911957
1962-08-17,31.5,-25.0,9.644897
1962-08-18,31.5,-25.0,9.339783
1962-08-19,31.5,-25.0,8.715454
1962-08-20,31.5,-25.0,11.0896
1962-08-21,31.5,-25.0,16.15512
1962-08-22,31.5,-25.0,14.546783
1962-08-23,31.5,-25.0,14.760956
1962-08-24,31.5,-25.0,14.346741
1962-08-25,31.5,-25.0,12.710083
1962-08-26,31.5,-25.0,19.036438
1962-08-27,31.5,-25.0,13.435455
1962-08-28,31.5,-25.0,10.919861
1962-08-29,31.5,-25.0,9.612579
1962-08-30,31.5,-25.0,8.371948
1962-08-31,31.5,-25.0,10.74408
1962-09-01,31.5,-25.0,9.875763
1962-09-02,31.5,-25.0,12.789551
1962-09-03,31.5,-25.0,15.732086
1962-09-04,31.5,-25.0,16.5654
1962-09-05,31.5,-25.0,12.210999
1962-09-06,31.5,-25.0,14.6362915
1962-09-07,31.5,-25.0,12.8125305
1962-09-08,31.5,-25.0,16.007935
1962-09-09,31.5,-25.0,13.739746
1962-09-10,31.5,-25.0,13.410248
1962-09-11,31.5,-25.0,16.142029
1962-09-12,31.5,-25.0,16.688019
1962-09-13,31.5,-25.0,17.038574
1962-09-14,31.5,-25.0,16.944702
1962-09-15,31.5,-25.0,12.97345
1962-09-16,31.5,-25.0,11.184204
1962-09-17,31.5,-25.0,13.96579
1962-09-18,31.5,-25.0,14.552002
1962-09-19,31.5,-25.0,16.739746
1962-09-20,31.5,-25.0,16.268463
1962-09-21,31.5,-25.0,16.9198
1962-09-22,31.5,-25.0,18.096039
1962-09-23,31.5,-25.0,18.074982
1962-09-24,31.5,-25.0,20.40448
1962-09-25,31.5,-25.0,21.33551
1962-09-26,31.5,-25.0,21.624786
1962-09-27,31.5,-25.0,18.971527
1962-09-28,31.5,-25.0,17.498352
1962-09-29,31.5,-25.0,17.392975
1962-09-30,31.5,-25.0,14.666931
1962-10-01,31.5,-25.0,17.699738
1962-10-02,31.5,-25.0,15.2777405
1962-10-03,31.5,-25.0,19.788239
1962-10-04,31.5,-25.0,18.189636
1962-10-05,31.5,-25.0,19.569946
1962-10-06,31.5,-25.0,20.199066
1962-10-07,31.5,-25.0,22.234314
1962-10-08,31.5,-25.0,23.76416
1962-10-09,31.5,-25.0,15.508087
1962-10-10,31.5,-25.0,13.961029
1962-10-11,31.5,-25.0,14.414856
1962-10-12,31.5,-25.0,17.42987
1962-10-13,31.5,-25.0,15.46167
1962-10-14,31.5,-25.0,17.864746
1962-10-15,31.5,-25.0,20.236877
1962-10-16,31.5,-25.0,20.310822
1962-10-17,31.5,-25.0,23.619751
1962-10-18,31.5,-25.0,20.69757
1962-10-19,31.5,-25.0,17.713501
1962-10-20,31.5,-25.0,17.108429
1962-10-21,31.5,-25.0,17.163422
1962-10-22,31.5,-25.0,15.652466
1962-10-23,31.5,-25.0,18.571228
1962-10-24,31.5,-25.0,19.282867
1962-10-25,31.5,-25.0,17.51236
1962-10-26,31.5,-25.0,18.495605
1962-10-27,31.5,-25.0,19.432434
1962-10-28,31.5,-25.0,20.65976
1962-10-29,31.5,-25.0,21.075745
1962-10-30,31.5,-25.0,22.126007
1962-10-31,31.5,-25.0,19.410095
1962-11-01,31.5,-25.0,18.353577
1962-11-02,31.5,-25.0,16.743042
1962-11-03,31.5,-25.0,20.5307
1962-11-04,31.5,-25.0,18.969482
1962-11-05,31.5,-25.0,20.761444
1962-11-06,31.5,-25.0,19.55832
1962-11-07,31.5,-25.0,18.967896
1962-11-08,31.5,-25.0,17.24115
1962-11-09,31.5,-25.0,19.289368
1962-11-10,31.5,-25.0,20.13443
1962-11-11,31.5,-25.0,20.5307
1962-11-12,31.5,-25.0,22.44519
1962-11-13,31.5,-25.0,26.202606
1962-11-14,31.5,-25.0,18.966309
1962-11-15,31.5,-25.0,17.430542
1962-11-16,31.5,-25.0,18.908997
1962-11-17,31.5,-25.0,16.747803
1962-11-18,31.5,-25.0,16.397705
1962-11-19,31.5,-25.0,18.154663
1962-11-20,31.5,-25.0,20.333344
1962-11-21,31.5,-25.0,19.524902
1962-11-22,31.5,-25.0,21.802246
1962-11-23,31.5,-25.0,17.954132
1962-11-24,31.5,-25.0,17.333466
1962-11-25,31.5,-25.0,17.497375
1962-11-26,31.5,-25.0,20.565704
1962-11-27,31.5,-25.0,18.692566
1962-11-28,31.5,-25.0,17.922302
1962-11-29,31.5,-25.0,16.528198
1962-11-30,31.5,-25.0,18.606628
1962-12-01,31.5,-25.0,18.33252
1962-12-02,31.5,-25.0,19.165283
1962-12-03,31.5,-25.0,18.527985
1962-12-04,31.5,-25.0,16.390411
1962-12-05,31.5,-25.0,19.486328
1962-12-06,31.5,-25.0,20.075928
1962-12-07,31.5,-25.0,19.638885
1962-12-08,31.5,-25.0,20.307953
1962-12-09,31.5,-25.0,18.95868
1962-12-10,31.5,-25.0,21.08194
1962-12-11,31.5,-25.0,21.773285
1962-12-12,31.5,-25.0,21.031097
1962-12-13,31.5,-25.0,20.139496
1962-12-14,31.5,-25.0,20.04892
1962-12-15,31.5,-25.0,21.48404
1962-12-16,31.5,-25.0,21.793945
1962-12-17,31.5,-25.0,21.919495
1962-12-18,31.5,-25.0,21.824127
1962-12-19,31.5,-25.0,22.386719
1962-12-20,31.5,-25.0,21.544403
1962-12-21,31.5,-25.0,19.983765
1962-12-22,31.5,-25.0,21.382324
1962-12-23,31.5,-25.0,19.81369
1962-12-24,31.5,-25.0,21.461761
1962-12-25,31.5,-25.0,19.702454
1962-12-26,31.5,-25.0,19.100128
1962-12-27,31.5,-25.0,17.572845
1962-12-28,31.5,-25.0,19.217743
1962-12-29,31.5,-25.0,18.888763
1962-12-30,31.5,-25.0,19.624573
1962-12-31,31.5,-25.0,19.104889
1963-01-01,31.5,-25.0,17.44992
1963-01-02,31.5,-25.0,18.22467
1963-01-03,31.5,-25.0,19.826813
1963-01-04,31.5,-25.0,16.865295
1963-01-05,31.5,-25.0,19.74057
1963-01-06,31.5,-25.0,19.106415
1963-01-07,31.5,-25.0,18.72464
1963-01-08,31.5,-25.0,21.282013
1963-01-09,31.5,-25.0,21.775604
1963-01-10,31.5,-25.0,21.927368
1963-01-11,31.5,-25.0,20.27887
1963-01-12,31.5,-25.0,19.085632
1963-01-13,31.5,-25.0,18.71344
1963-01-14,31.5,-25.0,18.216675
1963-01-15,31.5,-25.0,19.841187
1963-01-16,31.5,-25.0,21.33313
1963-01-17,31.5,-25.0,20.127136
1963-01-18,31.5,-25.0,21.194153
1963-01-19,31.5,-25.0,21.911377
1963-01-20,31.5,-25.0,22.023193
1963-01-21,31.5,-25.0,21.778809
1963-01-22,31.5,-25.0,22.15738
1963-01-23,31.5,-25.0,22.532745
1963-01-24,31.5,-25.0,20.92102
1963-01-25,31.5,-25.0,18.57608
1963-01-26,31.5,-25.0,17.68634
1963-01-27,31.5,-25.0,18.167145
1963-01-28,31.5,-25.0,19.689453
1963-01-29,31.5,-25.0,20.00412
1963-01-30,31.5,-25.0,19.425873
1963-01-31,31.5,-25.0,19.30606
1963-02-01,31.5,-25.0,20.035217
1963-02-02,31.5,-25.0,21.111664
1963-02-03,31.5,-25.0,20.329071
1963-02-04,31.5,-25.0,17.441528
1963-02-05,31.5,-25.0,15.814087
1963-02-06,31.5,-25.0,18.431732
1963-02-07,31.5,-25.0,20.147003
1963-02-08,31.5,-25.0,19.592834
1963-02-09,31.5,-25.0,21.675446
1963-02-10,31.5,-25.0,21.662659
1963-02-11,31.5,-25.0,19.401184
1963-02-12,31.5,-25.0,19.16159
1963-02-13,31.5,-25.0,21.368805
1963-02-14,31.5,-25.0,22.041168
1963-02-15,31.5,-25.0,22.349426
1963-02-16,31.5,-25.0,22.641693
1963-02-17,31.5,-25.0,21.89264
1963-02-18,31.5,-25.0,22.523499
1963-02-19,31.5,-25.0,21.899048
1963-02-20,31.5,-25.0,21.183533
1963-02-21,31.5,-25.0,21.159576
1963-02-22,31.5,-25.0,20.487183
1963-02-23,31.5,-25.0,23.445038
1963-02-24,31.5,-25.0,21.169159
1963-02-25,31.5,-25.0,19.888275
1963-02-26,31.5,-25.0,17.974945
1963-02-27,31.5,-25.0,17.957397
1963-02-28,31.5,-25.0,15.56015
1963-03-01,31.5,-25.0,16.695679
1963-03-02,31.5,-25.0,19.455688
1963-03-03,31.5,-25.0,21.744568
1963-03-04,31.5,-25.0,20.907776
1963-03-05,31.5,-25.0,20.510468
1963-03-06,31.5,-25.0,18.951172
1963-03-07,31.5,-25.0,21.2453
1963-03-08,31.5,-25.0,22.463593
1963-03-09,31.5,-25.0,19.244751
1963-03-10,31.5,-25.0,18.40268
1963-03-11,31.5,-25.0,17.238892
1963-03-12,31.5,-25.0,17.64148
1963-03-13,31.5,-25.0,19.373077
1963-03-14,31.5,-25.0,18.38684
1963-03-15,31.5,-25.0,20.311829
1963-03-16,31.5,-25.0,20.29248
1963-03-17,31.5,-25.0,20.021759
1963-03-18,31.5,-25.0,19.130463
1963-03-19,31.5,-25.0,16.470673
1963-03-20,31.5,-25.0,15.422913
1963-03-21,31.5,-25.0,14.192322
1963-03-22,31.5,-25.0,15.2699585
1963-03-23,31.5,-25.0,18.520447
1963-03-24,31.5,-25.0,16.86621
1963-03-25,31.5,-25.0,15.175049
1963-03-26,31.5,-25.0,14.87442
1963-03-27,31.5,-25.0,18.327087
1963-03-28,31.5,-25.0,18.743713
1963-03-29,31.5,-25.0,16.337067
1963-03-30,31.5,-25.0,17.198456
1963-03-31,31.5,-25.0,18.279602
1963-04-01,31.5,-25.0,20.046936
1963-04-02,31.5,-25.0,20.897675
1963-04-03,31.5,-25.0,19.942657
1963-04-04,31.5,-25.0,19.298676
1963-04-05,31.5,-25.0,19.743256
1963-04-06,31.5,-25.0,20.65802
1963-04-07,31.5,-25.0,18.954712
1963-04-08,31.5,-25.0,17.814941
1963-04-09,31.5,-25.0,17.130707
1963-04-10,31.5,-25.0,19.232819
1963-04-11,31.5,-25.0,18.819336
1963-04-12,31.5,-25.0,17.805786
1963-04-13,31.5,-25.0,18.41684
1963-04-14,31.5,-25.0,19.421265
1963-04-15,31.5,-25.0,18.753479
1963-04-16,31.5,-25.0,17.858826
1963-04-17,31.5,-25.0,17.220337
1963-04-18,31.5,-25.0,18.074738
1963-04-19,31.5,-25.0,16.312897
1963-04-20,31.5,-25.0,15.617676
1963-04-21,31.5,-25.0,14.501678
1963-04-22,31.5,-25.0,12.421509
1963-04-23,31.5,-25.0,11.058502
1963-04-24,31.5,-25.0,12.1397705
1963-04-25,31.5,-25.0,12.187317
1963-04-26,31.5,-25.0,13.627167
1963-04-27,31.5,-25.0,13.252106
1963-04-28,31.5,-25.0,12.476379
1963-04-29,31.5,-25.0,12.390411
1963-04-30,31.5,-25.0,15.870148
1963-05-01,31.5,-25.0,14.888763
1963-05-02,31.5,-25.0,11.43515
1963-05-03,31.5,-25.0,12.58194
1963-05-04,31.5,-25.0,13.478516
1963-05-05,31.5,-25.0,11.427551
1963-05-06,31.5,-25.0,13.190399
1963-05-07,31.5,-25.0,12.655853
1963-05-08,31.5,-25.0,15.58252
1963-05-09,31.5,-25.0,15.410034
1963-05-10,31.5,-25.0,15.701935
1963-05-11,31.5,-25.0,12.68808
1963-05-12,31.5,-25.0,14.3125305
1963-05-13,31.5,-25.0,14.629089
1963-05-14,31.5,-25.0,12.5572815
1963-05-15,31.5,-25.0,11.812347
1963-05-16,31.5,-25.0,16.410858
1963-05-17,31.5,-25.0,13.476624
1963-05-18,31.5,-25.0,12.195251
1963-05-19,31.5,-25.0,9.501709
1963-05-20,31.5,-25.0,8.512268
1963-05-21,31.5,-25.0,9.674225
1963-05-22,31.5,-25.0,10.557526
1963-05-23,31.5,-25.0,12.390472
1963-05-24,31.5,-25.0,12.189575
1963-05-25,31.5,-25.0,10.222015
1963-05-26,31.5,-25.0,12.91745
1963-05-27,31.5,-25.0,14.530518
1963-05-28,31.5,-25.0,11.981049
1963-05-29,31.5,-25.0,14.113495
1963-05-30,31.5,-25.0,9.115051
1963-05-31,31.5,-25.0,8.783325
1963-06-01,31.5,-25.0,9.680389
1963-06-02,31.5,-25.0,9.937683
1963-06-03,31.5,-25.0,9.045837
1963-06-04,31.5,-25.0,11.247406
1963-06-05,31.5,-25.0,9.363098
1963-06-06,31.5,-25.0,8.217834
1963-06-07,31.5,-25.0,9.794525
1963-06-08,31.5,-25.0,8.537048
1963-06-09,31.5,-25.0,9.293457
1963-06-10,31.5,-25.0,10.127258
1963-06-11,31.5,-25.0,10.846924
1963-06-12,31.5,-25.0,13.530212
1963-06-13,31.5,-25.0,12.9711
1963-06-14,31.5,-25.0,10.314941
1963-06-15,31.5,-25.0,10.131134
1963-06-16,31.5,-25.0,10.723114
1963-06-17,31.5,-25.0,14.3272705
1963-06-18,31.5,-25.0,14.263428
1963-06-19,31.5,-25.0,13.209076
1963-06-20,31.5,-25.0,12.315277
1963-06-21,31.5,-25.0,9.425018
1963-06-22,31.5,-25.0,10.626404
1963-06-23,31.5,-25.0,13.021423
1963-06-24,31.5,-25.0,12.003815
1963-06-25,31.5,-25.0,9.711334
1963-06-26,31.5,-25.0,7.681946
1963-06-27,31.5,-25.0,7.159607
1963-06-28,31.5,-25.0,10.316864
1963-06-29,31.5,-25.0,10.009247
1963-06-30,31.5,-25.0,8.643433
1963-07-01,31.5,-25.0,12.868225
1963-07-02,31.5,-25.0,9.351837
1963-07-03,31.5,-25.0,10.786774
1963-07-04,31.5,-25.0,9.684937
1963-07-05,31.5,-25.0,9.878113
1963-07-06,31.5,-25.0,8.691528
1963-07-07,31.5,-25.0,8.358429
1963-07-08,31.5,-25.0,8.080505
1963-07-09,31.5,-25.0,6.767761
1963-07-10,31.5,-25.0,10.636963
1963-07-11,31.5,-25.0,8.050934
1963-07-12,31.5,-25.0,6.1665955
1963-07-13,31.5,-25.0,6.499695
1963-07-14,31.5,-25.0,7.256592
1963-07-15,31.5,-25.0,5.480652
1963-07-16,31.5,-25.0,4.9327087
1963-07-17,31.5,-25.0,5.673828
1963-07-18,31.5,-25.0,7.4852295
1963-07-19,31.5,-25.0,7.678406
1963-07-20,31.5,-25.0,14.190796
1963-07-21,31.5,-25.0,12.034454
1963-07-22,31.5,-25.0,10.540375
1963-07-23,31.5,-25.0,11.488464
1963-07-24,31.5,-25.0,12.170471
1963-07-25,31.5,-25.0,8.598877
1963-07-26,31.5,-25.0,10.644867
1963-07-27,31.5,-25.0,11.577179
1963-07-28,31.5,-25.0,8.248047
1963-07-29,31.5,-25.0,8.133728
1963-07-30,31.5,-25.0,9.046326
1963-07-31,31.5,-25.0,8.638306
1963-08-01,31.5,-25.0,12.600861
1963-08-02,31.5,-25.0,10.134735
1963-08-03,31.5,-25.0,8.889099
1963-08-04,31.5,-25.0,7.765167
1963-08-05,31.5,-25.0,8.313629
1963-08-06,31.5,-25.0,10.281494
1963-08-07,31.5,-25.0,10.862793
1963-08-08,31.5,-25.0,15.111389
1963-08-09,31.5,-25.0,11.420898
1963-08-10,31.5,-25.0,10.723755
1963-08-11,31.5,-25.0,12.438629
1963-08-12,31.5,-25.0,9.609436
1963-08-13,31.5,-25.0,14.070496
1963-08-14,31.5,-25.0,12.629822
1963-08-15,31.5,-25.0,10.387726
1963-08-16,31.5,-25.0,7.4465027
1963-08-17,31.5,-25.0,10.828033
1963-08-18,31.5,-25.0,12.141235
1963-08-19,31.5,-25.0,12.573822
1963-08-20,31.5,-25.0,8.976013
1963-08-21,31.5,-25.0,10.509369
1963-08-22,31.5,-25.0,12.625977
1963-08-23,31.5,-25.0,13.352081
1963-08-24,31.5,-25.0,12.388428
1963-08-25,31.5,-25.0,14.016418
1963-08-26,31.5,-25.0,15.710083
1963-08-27,31.5,-25.0,14.613159
1963-08-28,31.5,-25.0,12.432831
1963-08-29,31.5,-25.0,12.965851
1963-08-30,31.5,-25.0,11.743408
1963-08-31,31.5,-25.0,13.386841
1963-09-01,31.5,-25.0,15.836548
1963-09-02,31.5,-25.0,15.38974
1963-09-03,31.5,-25.0,13.8573
1963-09-04,31.5,-25.0,13.557098
1963-09-05,31.5,-25.0,15.78421
1963-09-06,31.5,-25.0,17.513855
1963-09-07,31.5,-25.0,15.5590515
1963-09-08,31.5,-25.0,16.895996
1963-09-09,31.5,-25.0,14.815521
1963-09-10,31.5,-25.0,14.106903
1963-09-11,31.5,-25.0,13.9219055
1963-09-12,31.5,-25.0,16.854095
1963-09-13,31.5,-25.0,17.379456
1963-09-14,31.5,-25.0,16.972809
1963-09-15,31.5,-25.0,14.520569
1963-09-16,31.5,-25.0,14.9010315
1963-09-17,31.5,-25.0,16.937897
1963-09-18,31.5,-25.0,17.00595
1963-09-19,31.5,-25.0,17.262512
1963-09-20,31.5,-25.0,14.16626
1963-09-21,31.5,-25.0,17.517365
1963-09-22,31.5,-25.0,16.477112
1963-09-23,31.5,-25.0,18.400513
1963-09-24,31.5,-25.0,17.812317
1963-09-25,31.5,-25.0,17.8891
1963-09-26,31.5,-25.0,16.786041
1963-09-27,31.5,-25.0,14.106903
1963-09-28,31.5,-25.0,16.92218
1963-09-29,31.5,-25.0,16.410797
1963-09-30,31.5,-25.0,14.263977
1963-10-01,31.5,-25.0,17.682922
1963-10-02,31.5,-25.0,19.855438
1963-10-03,31.5,-25.0,19.59784
1963-10-04,31.5,-25.0,18.66919
1963-10-05,31.5,-25.0,23.319214
1963-10-06,31.5,-25.0,19.31485
1963-10-07,31.5,-25.0,17.649048
1963-10-08,31.5,-25.0,16.754272
1963-10-09,31.5,-25.0,17.745636
1963-10-10,31.5,-25.0,16.58313
1963-10-11,31.5,-25.0,17.923584
1963-10-12,31.5,-25.0,20.872192
1963-10-13,31.5,-25.0,19.147095
1963-10-14,31.5,-25.0,20.02829
1963-10-15,31.5,-25.0,19.306366
1963-10-16,31.5,-25.0,18.697998
1963-10-17,31.5,-25.0,16.869507
1963-10-18,31.5,-25.0,17.652435
1963-10-19,31.5,-25.0,17.449066
1963-10-20,31.5,-25.0,15.757843
1963-10-21,31.5,-25.0,18.958984
1963-10-22,31.5,-25.0,18.26587
1963-10-23,31.5,-25.0,17.288086
1963-10-24,31.5,-25.0,16.903412
1963-10-25,31.5,-25.0,14.085266
1963-10-26,31.5,-25.0,14.94104
1963-10-27,31.5,-25.0,14.71228
1963-10-28,31.5,-25.0,17.903229
1963-10-29,31.5,-25.0,17.520264
1963-10-30,31.5,-25.0,16.535675
1963-10-31,31.5,-25.0,15.645996
1963-11-01,31.5,-25.0,17.699615
1963-11-02,31.5,-25.0,16.9346
1963-11-03,31.5,-25.0,16.14212
1963-11-04,31.5,-25.0,18.731476
1963-11-05,31.5,-25.0,20.133728
1963-11-06,31.5,-25.0,19.072723
1963-11-07,31.5,-25.0,19.124481
1963-11-08,31.5,-25.0,18.82367
1963-11-09,31.5,-25.0,18.587524
1963-11-10,31.5,-25.0,18.107178
1963-11-11,31.5,-25.0,20.114319
1963-11-12,31.5,-25.0,21.76886
1963-11-13,31.5,-25.0,20.61731
1963-11-14,31.5,-25.0,19.878174
1963-11-15,31.5,-25.0,19.058167
1963-11-16,31.5,-25.0,21.178528
1963-11-17,31.5,-25.0,20.198395
1963-11-18,31.5,-25.0,19.567657
1963-11-19,31.5,-25.0,19.837738
1963-11-20,31.5,-25.0,21.062073
1963-11-21,31.5,-25.0,20.159607
1963-11-22,31.5,-25.0,19.3768
1963-11-23,31.5,-25.0,18.603699
1963-11-24,31.5,-25.0,19.488403
1963-11-25,31.5,-25.0,17.72873
1963-11-26,31.5,-25.0,17.157806
1963-11-27,31.5,-25.0,22.098785
1963-11-28,31.5,-25.0,19.481934
1963-11-29,31.5,-25.0,17.938965
1963-11-30,31.5,-25.0,18.053802
1963-12-01,31.5,-25.0,17.236755
1963-12-02,31.5,-25.0,20.042572
1963-12-03,31.5,-25.0,19.959167
1963-12-04,31.5,-25.0,19.48108
1963-12-05,31.5,-25.0,20.902466
1963-12-06,31.5,-25.0,20.56717
1963-12-07,31.5,-25.0,21.516876
1963-12-08,31.5,-25.0,20.41156
1963-12-09,31.5,-25.0,20.719574
1963-12-10,31.5,-25.0,22.72168
1963-12-11,31.5,-25.0,21.69815
1963-12-12,31.5,-25.0,21.107788
1963-12-13,31.5,-25.0,20.655396
1963-12-14,31.5,-25.0,20.057007
1963-12-15,31.5,-25.0,19.253296
1963-12-16,31.5,-25.0,19.3768
1963-12-17,31.5,-25.0,18.691803
1963-12-18,31.5,-25.0,21.481598
1963-12-19,31.5,-25.0,21.369293
1963-12-20,31.5,-25.0,25.129639
1963-12-21,31.5,-25.0,21.959656
1963-12-22,31.5,-25.0,16.766693
1963-12-23,31.5,-25.0,16.388092
1963-12-24,31.5,-25.0,16.328735
1963-12-25,31.5,-25.0,15.062988
1963-12-26,31.5,-25.0,17.926575
1963-12-27,31.5,-25.0,20.321716
1963-12-28,31.5,-25.0,20.201385
1963-12-29,31.5,-25.0,22.585297
1963-12-30,31.5,-25.0,23.052155
1963-12-31,31.5,-25.0,22.984772
1964-01-01,31.5,-25.0,24.652618
1964-01-02,31.5,-25.0,20.479492
1964-01-03,31.5,-25.0,19.75418
1964-01-04,31.5,-25.0,18.315002
1964-01-05,31.5,-25.0,21.962982
1964-01-06,31.5,-25.0,23.080536
1964-01-07,31.5,-25.0,22.798279
1964-01-08,31.5,-25.0,21.300018
1964-01-09,31.5,-25.0,20.372833
1964-01-10,31.5,-25.0,19.957672
1964-01-11,31.5,-25.0,19.737762
1964-01-12,31.5,-25.0,19.227417
1964-01-13,31.5,-25.0,20.525452
1964-01-14,31.5,-25.0,19.714783
1964-01-15,31.5,-25.0,20.645264
1964-01-16,31.5,-25.0,20.167725
1964-01-17,31.5,-25.0,20.955414
1964-01-18,31.5,-25.0,21.213043
1964-01-19,31.5,-25.0,19.857574
1964-01-20,31.5,-25.0,19.572021
1964-01-21,31.5,-25.0,19.78534
1964-01-22,31.5,-25.0,19.24054
1964-01-23,31.5,-25.0,18.825348
1964-01-24,31.5,-25.0,23.195404
1964-01-25,31.5,-25.0,22.86554
1964-01-26,31.5,-25.0,21.364014
1964-01-27,31.5,-25.0,20.605865
1964-01-28,31.5,-25.0,19.809967
1964-01-29,31.5,-25.0,19.440735
1964-01-30,31.5,-25.0,21.295105
1964-01-31,31.5,-25.0,20.682983
1964-02-01,31.5,-25.0,21.777557
1964-02-02,31.5,-25.0,21.992004
1964-02-03,31.5,-25.0,21.287415
1964-02-04,31.5,-25.0,20.455444
1964-02-05,31.5,-25.0,19.191345
1964-02-06,31.5,-25.0,19.325165
1964-02-07,31.5,-25.0,18.694763
1964-02-08,31.5,-25.0,20.12973
1964-02-09,31.5,-25.0,22.290314
1964-02-10,31.5,-25.0,18.325531
1964-02-11,31.5,-25.0,19.794373
1964-02-12,31.5,-25.0,20.489288
1964-02-13,31.5,-25.0,20.457062
1964-02-14,31.5,-25.0,21.759827
1964-02-15,31.5,-25.0,23.910706
1964-02-16,31.5,-25.0,23.823639
1964-02-17,31.5,-25.0,23.243195
1964-02-18,31.5,-25.0,22.659515
1964-02-19,31.5,-25.0,20.78598
1964-02-20,31.5,-25.0,19.131683
1964-02-21,31.5,-25.0,18.127197
1964-02-22,31.5,-25.0,20.437714
1964-02-23,31.5,-25.0,22.069397
1964-02-24,31.5,-25.0,20.677948
1964-02-25,31.5,-25.0,20.542511
1964-02-26,31.5,-25.0,19.725037
1964-02-27,31.5,-25.0,20.655365
1964-02-28,31.5,-25.0,18.904358
1964-02-29,31.5,-25.0,19.9169
1964-03-01,31.5,-25.0,20.300354
1964-03-02,31.5,-25.0,21.395203
1964-03-03,31.5,-25.0,19.981018
1964-03-04,31.5,-25.0,23.281403
1964-03-05,31.5,-25.0,23.383179
1964-03-06,31.5,-25.0,23.44284
1964-03-07,31.5,-25.0,22.848022
1964-03-08,31.5,-25.0,22.737488
1964-03-09,31.5,-25.0,22.554993
1964-03-10,31.5,-25.0,21.226776
1964-03-11,31.5,-25.0,20.11084
1964-03-12,31.5,-25.0,20.361755
1964-03-13,31.5,-25.0,20.072235
1964-03-14,31.5,-25.0,19.424805
1964-03-15,31.5,-25.0,18.600128
1964-03-16,31.5,-25.0,21.456635
1964-03-17,31.5,-25.0,21.791748
1964-03-18,31.5,-25.0,21.665436
1964-03-19,31.5,-25.0,21.232025
1964-03-20,31.5,-25.0,21.577698
1964-03-21,31.5,-25.0,20.861816
1964-03-22,31.5,-25.0,22.58133
1964-03-23,31.5,-25.0,21.34784
1964-03-24,31.5,-25.0,20.195068
1964-03-25,31.5,-25.0,21.295197
1964-03-26,31.5,-25.0,20.916199
1964-03-27,31.5,-25.0,21.675964
1964-03-28,31.5,-25.0,21.596985
1964-03-29,31.5,-25.0,22.302338
1964-03-30,31.5,-25.0,22.458496
1964-03-31,31.5,-25.0,22.65326
1964-04-01,31.5,-25.0,20.749542
1964-04-02,31.5,-25.0,20.755219
1964-04-03,31.5,-25.0,21.661774
1964-04-04,31.5,-25.0,21.601227
1964-04-05,31.5,-25.0,20.740082
1964-04-06,31.5,-25.0,19.765411
1964-04-07,31.5,-25.0,22.496399
1964-04-08,31.5,-25.0,22.182251
1964-04-09,31.5,-25.0,20.844177
1964-04-10,31.5,-25.0,19.822174
1964-04-11,31.5,-25.0,20.24234
1964-04-12,31.5,-25.0,20.329407
1964-04-13,31.5,-25.0,19.31308
1964-04-14,31.5,-25.0,18.567383
1964-04-15,31.5,-25.0,17.195282
1964-04-16,31.5,-25.0,15.38974
1964-04-17,31.5,-25.0,14.833313
1964-04-18,31.5,-25.0,16.089996
1964-04-19,31.5,-25.0,17.657074
1964-04-20,31.5,-25.0,16.294403
1964-04-21,31.5,-25.0,14.829529
1964-04-22,31.5,-25.0,13.429016
1964-04-23,31.5,-25.0,11.067078
1964-04-24,31.5,-25.0,11.668915
1964-04-25,31.5,-25.0,12.227234
1964-04-26,31.5,-25.0,14.638397
1964-04-27,31.5,-25.0,17.409119
1964-04-28,31.5,-25.0,15.55249
1964-04-29,31.5,-25.0,14.011932
1964-04-30,31.5,-25.0,13.124329
1964-05-01,31.5,-25.0,12.492981
1964-05-02,31.5,-25.0,10.876068
1964-05-03,31.5,-25.0,11.7977295
1964-05-04,31.5,-25.0,12.3567505
1964-05-05,31.5,-25.0,10.391205
1964-05-06,31.5,-25.0,11.877869
1964-05-07,31.5,-25.0,13.278381
1964-05-08,31.5,-25.0,12.326691
1964-05-09,31.5,-25.0,16.975037
1964-05-10,31.5,-25.0,13.342499
1964-05-11,31.5,-25.0,15.624603
1964-05-12,31.5,-25.0,14.843201
1964-05-13,31.5,-25.0,15.42627
1964-05-14,31.5,-25.0,13.268372
1964-05-15,31.5,-25.0,11.655487
1964-05-16,31.5,-25.0,12.747437
1964-05-17,31.5,-25.0,13.663086
1964-05-18,31.5,-25.0,14.073822
1964-05-19,31.5,-25.0,14.801117
1964-05-20,31.5,-25.0,12.641235
1964-05-21,31.5,-25.0,12.915741
1964-05-22,31.5,-25.0,16.013306
1964-05-23,31.5,-25.0,13.793304
1964-05-24,31.5,-25.0,12.899719
1964-05-25,31.5,-25.0,11.805756
1964-05-26,31.5,-25.0,14.101868
1964-05-27,31.5,-25.0,14.929352
1964-05-28,31.5,-25.0,13.927551
1964-05-29,31.5,-25.0,12.024139
1964-05-30,31.5,-25.0,10.68573
1964-05-31,31.5,-25.0,11.152557
1964-06-01,31.5,-25.0,12.796051
1964-06-02,31.5,-25.0,10.013702
1964-06-03,31.5,-25.0,9.988556
1964-06-04,31.5,-25.0,9.180359
1964-06-05,31.5,-25.0,10.850922
1964-06-06,31.5,-25.0,10.431335
1964-06-07,31.5,-25.0,12.714844
1964-06-08,31.5,-25.0,13.060944
1964-06-09,31.5,-25.0,10.24765
1964-06-10,31.5,-25.0,8.896118
1964-06-11,31.5,-25.0,9.947968
1964-06-12,31.5,-25.0,10.951447
1964-06-13,31.5,-25.0,10.348206
1964-06-14,31.5,-25.0,9.576721
1964-06-15,31.5,-25.0,7.0611877
1964-06-16,31.5,-25.0,7.271942
1964-06-17,31.5,-25.0,8.865173
1964-06-18,31.5,-25.0,11.823486
1964-06-19,31.5,-25.0,8.69696
1964-06-20,31.5,-25.0,9.472321
1964-06-21,31.5,-25.0,7.277771
1964-06-22,31.5,-25.0,5.800537
1964-06-23,31.5,-25.0,6.790497
1964-06-24,31.5,-25.0,7.5059204
1964-06-25,31.5,-25.0,4.7699585
1964-06-26,31.5,-25.0,4.271118
1964-06-27,31.5,-25.0,2.9292603
1964-06-28,31.5,-25.0,2.9118347
1964-06-29,31.5,-25.0,4.3136597
1964-06-30,31.5,-25.0,3.8843994
1964-07-01,31.5,-25.0,8.013733
1964-07-02,31.5,-25.0,9.969513
1964-07-03,31.5,-25.0,7.7221375
1964-07-04,31.5,-25.0,7.0980835
1964-07-05,31.5,-25.0,11.250671
1964-07-06,31.5,-25.0,9.695404
1964-07-07,31.5,-25.0,7.057251
1964-07-08,31.5,-25.0,4.279114
1964-07-09,31.5,-25.0,6.0385437
1964-07-10,31.5,-25.0,7.5004883
1964-07-11,31.5,-25.0,8.795288
1964-07-12,31.5,-25.0,9.792603
1964-07-13,31.5,-25.0,11.067932
1964-07-14,31.5,-25.0,10.496368
1964-07-15,31.5,-25.0,8.830261
1964-07-16,31.5,-25.0,9.617645
1964-07-17,31.5,-25.0,9.897583
1964-07-18,31.5,-25.0,8.283966
1964-07-19,31.5,-25.0,8.435608
1964-07-20,31.5,-25.0,11.192352
1964-07-21,31.5,-25.0,8.144012
1964-07-22,31.5,-25.0,7.587982
1964-07-23,31.5,-25.0,9.611786
1964-07-24,31.5,-25.0,11.931122
1964-07-25,31.5,-25.0,11.721161
1964-07-26,31.5,-25.0,8.686401
1964-07-27,31.5,-25.0,5.188965
1964-07-28,31.5,-25.0,6.8745117
1964-07-29,31.5,-25.0,6.083252
1964-07-30,31.5,-25.0,7.3371887
1964-07-31,31.5,-25.0,8.116791
1964-08-01,31.5,-25.0,9.308655
1964-08-02,31.5,-25.0,9.400726
1964-08-03,31.5,-25.0,14.668304
1964-08-04,31.5,-25.0,9.015167
1964-08-05,31.5,-25.0,13.893311
1964-08-06,31.5,-25.0,11.541504
1964-08-07,31.5,-25.0,12.314575
1964-08-08,31.5,-25.0,11.579895
1964-08-09,31.5,-25.0,8.522156
1964-08-10,31.5,-25.0,10.4826355
1964-08-11,31.5,-25.0,9.214661
1964-08-12,31.5,-25.0,12.343353
1964-08-13,31.5,-25.0,10.542114
1964-08-14,31.5,-25.0,7.76062
1964-08-15,31.5,-25.0,5.991974
1964-08-16,31.5,-25.0,9.56955
1964-08-17,31.5,-25.0,12.30307
1964-08-18,31.5,-25.0,13.897156
1964-08-19,31.5,-25.0,12.12085
1964-08-20,31.5,-25.0,12.207153
1964-08-21,31.5,-25.0,12.117004
1964-08-22,31.5,-25.0,15.27063
1964-08-23,31.5,-25.0,12.736603
1964-08-24,31.5,-25.0,15.567963
1964-08-25,31.5,-25.0,11.986542
1964-08-26,31.5,-25.0,10.630341
1964-08-27,31.5,-25.0,9.6232605
1964-08-28,31.5,-25.0,11.246094
1964-08-29,31.5,-25.0,15.274475
1964-08-30,31.5,-25.0,9.139862
1964-08-31,31.5,-25.0,11.775543
1964-09-01,31.5,-25.0,13.063751
1964-09-02,31.5,-25.0,14.947784
1964-09-03,31.5,-25.0,13.026489
1964-09-04,31.5,-25.0,10.410461
1964-09-05,31.5,-25.0,15.25
1964-09-06,31.5,-25.0,12.649658
1964-09-07,31.5,-25.0,14.3237
1964-09-08,31.5,-25.0,14.516022
1964-09-09,31.5,-25.0,12.46521
1964-09-10,31.5,-25.0,12.392578
1964-09-11,31.5,-25.0,13.422913
1964-09-12,31.5,-25.0,13.052002
1964-09-13,31.5,-25.0,14.04895
1964-09-14,31.5,-25.0,14.44931
1964-09-15,31.5,-25.0,17.701172
1964-09-16,31.5,-25.0,15.271576
1964-09-17,31.5,-25.0,15.748474
1964-09-18,31.5,-25.0,16.498169
1964-09-19,31.5,-25.0,14.4375305
1964-09-20,31.5,-25.0,14.686768
1964-09-21,31.5,-25.0,16.140991
1964-09-22,31.5,-25.0,15.921173
1964-09-23,31.5,-25.0,13.365997
1964-09-24,31.5,-25.0,15.858368
1964-09-25,31.5,-25.0,15.993805
1964-09-26,31.5,-25.0,16.466766
1964-09-27,31.5,-25.0,14.107819
1964-09-28,31.5,-25.0,18.72757
1964-09-29,31.5,-25.0,15.063568
1964-09-30,31.5,-25.0,13.171692
1964-10-01,31.5,-25.0,18.341888
1964-10-02,31.5,-25.0,13.895111
1964-10-03,31.5,-25.0,13.417572
1964-10-04,31.5,-25.0,13.475769
1964-10-05,31.5,-25.0,16.572083
1964-10-06,31.5,-25.0,14.591736
1964-10-07,31.5,-25.0,17.133484
1964-10-08,31.5,-25.0,17.362854
1964-10-09,31.5,-25.0,16.825409
1964-10-10,31.5,-25.0,18.466827
1964-10-11,31.5,-25.0,21.665833
1964-10-12,31.5,-25.0,20.844269
1964-10-13,31.5,-25.0,19.43219
1964-10-14,31.5,-25.0,18.822845
1964-10-15,31.5,-25.0,17.797607
1964-10-16,31.5,-25.0,20.255463
1964-10-17,31.5,-25.0,19.533173
1964-10-18,31.5,-25.0,19.319214
1964-10-19,31.5,-25.0,18.453156
1964-10-20,31.5,-25.0,18.668793
1964-10-21,31.5,-25.0,17.354279
1964-10-22,31.5,-25.0,16.553253
1964-10-23,31.5,-25.0,17.40393
1964-10-24,31.5,-25.0,16.821991
1964-10-25,31.5,-25.0,20.917877
1964-10-26,31.5,-25.0,19.122375
1964-10-27,31.5,-25.0,16.214355
1964-10-28,31.5,-25.0,15.44928
1964-10-29,31.5,-25.0,14.482208
1964-10-30,31.5,-25.0,16.174988
1964-10-31,31.5,-25.0,14.793732
1964-11-01,31.5,-25.0,16.398743
1964-11-02,31.5,-25.0,18.53241
1964-11-03,31.5,-25.0,19.455566
1964-11-04,31.5,-25.0,18.752197
1964-11-05,31.5,-25.0,19.141571
1964-11-06,31.5,-25.0,16.53064
1964-11-07,31.5,-25.0,17.628082
1964-11-08,31.5,-25.0,21.705414
1964-11-09,31.5,-25.0,20.27356
1964-11-10,31.5,-25.0,20.304962
1964-11-11,31.5,-25.0,19.3237
1964-11-12,31.5,-25.0,20.317505
1964-11-13,31.5,-25.0,21.149628
1964-11-14,31.5,-25.0,20.425842
1964-11-15,31.5,-25.0,22.030396
1964-11-16,31.5,-25.0,21.328613
1964-11-17,31.5,-25.0,21.154327
1964-11-18,31.5,-25.0,17.635925
1964-11-19,31.5,-25.0,16.885468
1964-11-20,31.5,-25.0,18.877808
1964-11-21,31.5,-25.0,15.262054
1964-11-22,31.5,-25.0,12.980835
1964-11-23,31.5,-25.0,11.203583
1964-11-24,31.5,-25.0,11.4328
1964-11-25,31.5,-25.0,16.387756
1964-11-26,31.5,-25.0,19.209076
1964-11-27,31.5,-25.0,17.42398
1964-11-28,31.5,-25.0,16.25589
1964-11-29,31.5,-25.0,17.045593
1964-11-30,31.5,-25.0,15.596466
1964-12-01,31.5,-25.0,18.206146
1964-12-02,31.5,-25.0,18.306305
1964-12-03,31.5,-25.0,17.776398
1964-12-04,31.5,-25.0,17.601898
1964-12-05,31.5,-25.0,18.312775
1964-12-06,31.5,-25.0,19.327362
1964-12-07,31.5,-25.0,18.803894
1964-12-08,31.5,-25.0,17.466187
1964-12-09,31.5,-25.0,20.518036
1964-12-10,31.5,-25.0,20.765228
1964-12-11,31.5,-25.0,20.67154
1964-12-12,31.5,-25.0,20.256317
1964-12-13,31.5,-25.0,19.212646
1964-12-14,31.5,-25.0,20.794312
1964-12-15,31.5,-25.0,20.593994
1964-12-16,31.5,-25.0,19.710236
1964-12-17,31.5,-25.0,20.29187
1964-12-18,31.5,-25.0,19.159332
1964-12-19,31.5,-25.0,17.052612
1964-12-20,31.5,-25.0,18.306305
1964-12-21,31.5,-25.0,17.836151
1964-12-22,31.5,-25.0,16.181793
1964-12-23,31.5,-25.0,18.254608
1964-12-24,31.5,-25.0,18.105957
1964-12-25,31.5,-25.0,17.769928
1964-12-26,31.5,-25.0,17.716614
1964-12-27,31.5,-25.0,17.776398
1964-12-28,31.5,-25.0,18.886292
1964-12-29,31.5,-25.0,18.065582
1964-12-30,31.5,-25.0,19.26596
1964-12-31,31.5,-25.0,19.482452
1965-01-01,31.5,-25.0,20.06903
1965-01-02,31.5,-25.0,19.219666
1965-01-03,31.5,-25.0,20.801636
1965-01-04,31.5,-25.0,20.238586
1965-01-05,31.5,-25.0,20.588898
1965-01-06,31.5,-25.0,21.332703
1965-01-07,31.5,-25.0,19.995453
1965-01-08,31.5,-25.0,21.111969
1965-01-09,31.5,-25.0,21.04477
1965-01-10,31.5,-25.0,20.473724
1965-01-11,31.5,-25.0,21.147156
1965-01-12,31.5,-25.0,22.613953
1965-01-13,31.5,-25.0,21.075165
1965-01-14,31.5,-25.0,20.104218
1965-01-15,31.5,-25.0,19.069305
1965-01-16,31.5,-25.0,18.247131
1965-01-17,31.5,-25.0,19.400421
1965-01-18,31.5,-25.0,20.36496
1965-01-19,31.5,-25.0,21.444672
1965-01-20,31.5,-25.0,20.828827
1965-01-21,31.5,-25.0,21.505463
1965-01-22,31.5,-25.0,22.45398
1965-01-23,31.5,-25.0,21.55185
1965-01-24,31.5,-25.0,22.081299
1965-01-25,31.5,-25.0,22.001312
1965-01-26,31.5,-25.0,21.897339
1965-01-27,31.5,-25.0,21.369476
1965-01-28,31.5,-25.0,19.114105
1965-01-29,31.5,-25.0,19.042114
1965-01-30,31.5,-25.0,19.84671
1965-01-31,31.5,-25.0,20.516907
1965-02-01,31.5,-25.0,21.830109
1965-02-02,31.5,-25.0,21.727081
1965-02-03,31.5,-25.0,20.57013
1965-02-04,31.5,-25.0,19.658295
1965-02-05,31.5,-25.0,19.15866
1965-02-06,31.5,-25.0,20.300018
1965-02-07,31.5,-25.0,18.121918
1965-02-08,31.5,-25.0,17.842438
1965-02-09,31.5,-25.0,20.042389
1965-02-10,31.5,-25.0,19.706696
1965-02-11,31.5,-25.0,20.406189
1965-02-12,31.5,-25.0,21.317993
1965-02-13,31.5,-25.0,21.93161
1965-02-14,31.5,-25.0,23.24939
1965-02-15,31.5,-25.0,22.609222
1965-02-16,31.5,-25.0,22.51242
1965-02-17,31.5,-25.0,22.415619
1965-02-18,31.5,-25.0,23.136963
1965-02-19,31.5,-25.0,21.091614
1965-02-20,31.5,-25.0,20.515472
1965-02-21,31.5,-25.0,19.858154
1965-02-22,31.5,-25.0,20.737183
1965-02-23,31.5,-25.0,17.922089
1965-02-24,31.5,-25.0,20.093903
1965-02-25,31.5,-25.0,20.69345
1965-02-26,31.5,-25.0,21.617767
1965-02-27,31.5,-25.0,21.347656
1965-02-28,31.5,-25.0,21.819183
1965-03-01,31.5,-25.0,23.044006
1965-03-02,31.5,-25.0,22.106018
1965-03-03,31.5,-25.0,21.677734
1965-03-04,31.5,-25.0,20.769836
1965-03-05,31.5,-25.0,20.791077
1965-03-06,31.5,-25.0,22.422821
1965-03-07,31.5,-25.0,23.164368
1965-03-08,31.5,-25.0,17.387787
1965-03-09,31.5,-25.0,17.628479
1965-03-10,31.5,-25.0,16.403778
1965-03-11,31.5,-25.0,14.963196
1965-03-12,31.5,-25.0,14.149078
1965-03-13,31.5,-25.0,17.591309
1965-03-14,31.5,-25.0,18.83902
1965-03-15,31.5,-25.0,18.605408
1965-03-16,31.5,-25.0,18.624878
1965-03-17,31.5,-25.0,18.93634
1965-03-18,31.5,-25.0,18.515137
1965-03-19,31.5,-25.0,18.85141
1965-03-20,31.5,-25.0,20.263672
1965-03-21,31.5,-25.0,19.808838
1965-03-22,31.5,-25.0,20.345093
1965-03-23,31.5,-25.0,20.539764
1965-03-24,31.5,-25.0,21.07779
1965-03-25,31.5,-25.0,21.22113
1965-03-26,31.5,-25.0,18.685028
1965-03-27,31.5,-25.0,17.72937
1965-03-28,31.5,-25.0,17.81961
1965-03-29,31.5,-25.0,19.205353
1965-03-30,31.5,-25.0,19.341614
1965-03-31,31.5,-25.0,20.824707
1965-04-01,31.5,-25.0,20.470581
1965-04-02,31.5,-25.0,18.150421
1965-04-03,31.5,-25.0,19.038116
1965-04-04,31.5,-25.0,18.72818
1965-04-05,31.5,-25.0,17.266388
1965-04-06,31.5,-25.0,15.3515625
1965-04-07,31.5,-25.0,18.060547
1965-04-08,31.5,-25.0,17.609375
1965-04-09,31.5,-25.0,18.733673
1965-04-10,31.5,-25.0,20.32016
1965-04-11,31.5,-25.0,19.83963
1965-04-12,31.5,-25.0,21.41513
1965-04-13,31.5,-25.0,16.901398
1965-04-14,31.5,-25.0,16.395172
1965-04-15,31.5,-25.0,15.918304
1965-04-16,31.5,-25.0,15.822937
1965-04-17,31.5,-25.0,13.7100525
1965-04-18,31.5,-25.0,14.115387
1965-04-19,31.5,-25.0,16.585938
1965-04-20,31.5,-25.0,17.015106
1965-04-21,31.5,-25.0,18.434723
1965-04-22,31.5,-25.0,18.91159
1965-04-23,31.5,-25.0,17.732239
1965-04-24,31.5,-25.0,16.446533
1965-04-25,31.5,-25.0,12.969055
1965-04-26,31.5,-25.0,11.283539
1965-04-27,31.5,-25.0,13.033264
1965-04-28,31.5,-25.0,10.757141
1965-04-29,31.5,-25.0,12.835175
1965-04-30,31.5,-25.0,15.782593
1965-05-01,31.5,-25.0,13.718689
1965-05-02,31.5,-25.0,13.4664
1965-05-03,31.5,-25.0,12.582428
1965-05-04,31.5,-25.0,13.164368
1965-05-05,31.5,-25.0,17.116516
1965-05-06,31.5,-25.0,14.2343445
1965-05-07,31.5,-25.0,15.735291
1965-05-08,31.5,-25.0,14.781311
1965-05-09,31.5,-25.0,14.9157715
1965-05-10,31.5,-25.0,16.116516
1965-05-11,31.5,-25.0,11.85498
1965-05-12,31.5,-25.0,14.238037
1965-05-13,31.5,-25.0,15.761078
1965-05-14,31.5,-25.0,13.60083
1965-05-15,31.5,-25.0,10.064911
1965-05-16,31.5,-25.0,10.700256
1965-05-17,31.5,-25.0,10.552948
1965-05-18,31.5,-25.0,13.707642
1965-05-19,31.5,-25.0,11.328278
1965-05-20,31.5,-25.0,9.477417
1965-05-21,31.5,-25.0,12.07782
1965-05-22,31.5,-25.0,10.709473
1965-05-23,31.5,-25.0,11.632141
1965-05-24,31.5,-25.0,11.589783
1965-05-25,31.5,-25.0,11.330109
1965-05-26,31.5,-25.0,14.945221
1965-05-27,31.5,-25.0,12.803406
1965-05-28,31.5,-25.0,14.085175
1965-05-29,31.5,-25.0,13.757385
1965-05-30,31.5,-25.0,12.8255005
1965-05-31,31.5,-25.0,12.8402405
1965-06-01,31.5,-25.0,9.293152
1965-06-02,31.5,-25.0,8.558563
1965-06-03,31.5,-25.0,6.9582214
1965-06-04,31.5,-25.0,6.497406
1965-06-05,31.5,-25.0,8.992371
1965-06-06,31.5,-25.0,6.9601746
1965-06-07,31.5,-25.0,7.5193176
1965-06-08,31.5,-25.0,9.566956
1965-06-09,31.5,-25.0,11.365875
1965-06-10,31.5,-25.0,10.012329
1965-06-11,31.5,-25.0,6.634308
1965-06-12,31.5,-25.0,7.941559
1965-06-13,31.5,-25.0,10.023926
1965-06-14,31.5,-25.0,8.878632
1965-06-15,31.5,-25.0,11.786194
1965-06-16,31.5,-25.0,12.395477
1965-06-17,31.5,-25.0,14.290802
1965-06-18,31.5,-25.0,12.343414
1965-06-19,31.5,-25.0,8.533478
1965-06-20,31.5,-25.0,6.859894
1965-06-21,31.5,-25.0,6.742279
1965-06-22,31.5,-25.0,7.567505
1965-06-23,31.5,-25.0,8.656891
1965-06-24,31.5,-25.0,6.4453735
1965-06-25,31.5,-25.0,4.87204
1965-06-26,31.5,-25.0,4.4864197
1965-06-27,31.5,-25.0,6.227478
1965-06-28,31.5,-25.0,8.664612
1965-06-29,31.5,-25.0,9.736633
1965-06-30,31.5,-25.0,10.145386
1965-07-01,31.5,-25.0,9.024414
1965-07-02,31.5,-25.0,9.251282
1965-07-03,31.5,-25.0,6.654541
1965-07-04,31.5,-25.0,8.686157
1965-07-05,31.5,-25.0,10.764374
1965-07-06,31.5,-25.0,7.9387207
1965-07-07,31.5,-25.0,8.791473
1965-07-08,31.5,-25.0,11.837921
1965-07-09,31.5,-25.0,8.92923
1965-07-10,31.5,-25.0,7.981262
1965-07-11,31.5,-25.0,8.106842
1965-07-12,31.5,-25.0,8.054199
1965-07-13,31.5,-25.0,9.30191
1965-07-14,31.5,-25.0,13.2517395
1965-07-15,31.5,-25.0,10.144562
1965-07-16,31.5,-25.0,9.056824
1965-07-17,31.5,-25.0,9.935913
1965-07-18,31.5,-25.0,11.054016
1965-07-19,31.5,-25.0,11.702209
1965-07-20,31.5,-25.0,8.449158
1965-07-21,31.5,-25.0,8.7854
1965-07-22,31.5,-25.0,10.130371
1965-07-23,31.5,-25.0,8.815796
1965-07-24,31.5,-25.0,7.1365967
1965-07-25,31.5,-25.0,13.012726
1965-07-26,31.5,-25.0,8.372192
1965-07-27,31.5,-25.0,8.791473
1965-07-28,31.5,-25.0,8.732758
1965-07-29,31.5,-25.0,10.033142
1965-07-30,31.5,-25.0,11.398376
1965-07-31,31.5,-25.0,10.960846
1965-08-01,31.5,-25.0,13.947632
1965-08-02,31.5,-25.0,14.125183
1965-08-03,31.5,-25.0,13.231628
1965-08-04,31.5,-25.0,10.2777405
1965-08-05,31.5,-25.0,11.563477
1965-08-06,31.5,-25.0,14.343689
1965-08-07,31.5,-25.0,12.782867
1965-08-08,31.5,-25.0,14.267609
1965-08-09,31.5,-25.0,10.6484375
1965-08-10,31.5,-25.0,10.418213
1965-08-11,31.5,-25.0,8.913971
1965-08-12,31.5,-25.0,9.832916
1965-08-13,31.5,-25.0,10.948914
1965-08-14,31.5,-25.0,10.051422
1965-08-15,31.5,-25.0,11.015228
1965-08-16,31.5,-25.0,11.840515
1965-08-17,31.5,-25.0,9.068115
1965-08-18,31.5,-25.0,9.358826
1965-08-19,31.5,-25.0,11.586884
1965-08-20,31.5,-25.0,13.157471
1965-08-21,31.5,-25.0,12.642395
1965-08-22,31.5,-25.0,14.191528
1965-08-23,31.5,-25.0,14.101776
1965-08-24,31.5,-25.0,16.30838
1965-08-25,31.5,-25.0,17.47705
1965-08-26,31.5,-25.0,18.115051
1965-08-27,31.5,-25.0,12.347809
1965-08-28,31.5,-25.0,11.865906
1965-08-29,31.5,-25.0,13.986664
1965-08-30,31.5,-25.0,13.756439
1965-08-31,31.5,-25.0,12.343903
1965-09-01,31.5,-25.0,10.775513
1965-09-02,31.5,-25.0,8.255554
1965-09-03,31.5,-25.0,11.209381
1965-09-04,31.5,-25.0,9.873627
1965-09-05,31.5,-25.0,9.451111
1965-09-06,31.5,-25.0,14.814972
1965-09-07,31.5,-25.0,14.409515
1965-09-08,31.5,-25.0,14.176483
1965-09-09,31.5,-25.0,14.90213
1965-09-10,31.5,-25.0,13.390167
1965-09-11,31.5,-25.0,13.386383
1965-09-12,31.5,-25.0,12.550812
1965-09-13,31.5,-25.0,13.9453125
1965-09-14,31.5,-25.0,12.668304
1965-09-15,31.5,-25.0,15.606964
1965-09-16,31.5,-25.0,18.606262
1965-09-17,31.5,-25.0,19.242859
1965-09-18,31.5,-25.0,18.469818
1965-09-19,31.5,-25.0,18.384583
1965-09-20,31.5,-25.0,18.183746
1965-09-21,31.5,-25.0,16.628204
1965-09-22,31.5,-25.0,14.900238
1965-09-23,31.5,-25.0,18.880981
1965-09-24,31.5,-25.0,14.765717
1965-09-25,31.5,-25.0,11.614838
1965-09-26,31.5,-25.0,9.841431
1965-09-27,31.5,-25.0,9.873627
1965-09-28,31.5,-25.0,10.262054
1965-09-29,31.5,-25.0,12.003265
1965-09-30,31.5,-25.0,12.901337
1965-10-01,31.5,-25.0,16.094177
1965-10-02,31.5,-25.0,14.975433
1965-10-03,31.5,-25.0,17.144012
1965-10-04,31.5,-25.0,12.31546
1965-10-05,31.5,-25.0,10.058014
1965-10-06,31.5,-25.0,10.038086
1965-10-07,31.5,-25.0,12.277374
1965-10-08,31.5,-25.0,16.161255
1965-10-09,31.5,-25.0,19.30899
1965-10-10,31.5,-25.0,17.876556
1965-10-11,31.5,-25.0,16.086914
1965-10-12,31.5,-25.0,14.815857
1965-10-13,31.5,-25.0,12.661774
1965-10-14,31.5,-25.0,12.210297
1965-10-15,31.5,-25.0,14.349884
1965-10-16,31.5,-25.0,14.134094
1965-10-17,31.5,-25.0,17.399689
1965-10-18,31.5,-25.0,11.1024475
1965-10-19,31.5,-25.0,9.211273
1965-10-20,31.5,-25.0,6.4570007
1965-10-21,31.5,-25.0,7.428894
1965-10-22,31.5,-25.0,8.60202
1965-10-23,31.5,-25.0,12.957336
1965-10-24,31.5,-25.0,15.009888
1965-10-25,31.5,-25.0,15.943695
1965-10-26,31.5,-25.0,17.376099
1965-10-27,31.5,-25.0,16.670776
1965-10-28,31.5,-25.0,19.755035
1965-10-29,31.5,-25.0,19.530182
1965-10-30,31.5,-25.0,22.525604
1965-10-31,31.5,-25.0,22.264496
1965-11-01,31.5,-25.0,21.31314
1965-11-02,31.5,-25.0,20.94455
1965-11-03,31.5,-25.0,25.052063
1965-11-04,31.5,-25.0,22.34842
1965-11-05,31.5,-25.0,18.40918
1965-11-06,31.5,-25.0,16.721619
1965-11-07,31.5,-25.0,18.287384
1965-11-08,31.5,-25.0,17.668793
1965-11-09,31.5,-25.0,14.9427185
1965-11-10,31.5,-25.0,17.500488
1965-11-11,31.5,-25.0,18.452454
1965-11-12,31.5,-25.0,19.559875
1965-11-13,31.5,-25.0,18.13675
1965-11-14,31.5,-25.0,14.497192
1965-11-15,31.5,-25.0,13.816071
1965-11-16,31.5,-25.0,15.468384
1965-11-17,31.5,-25.0,14.530853
1965-11-18,31.5,-25.0,17.771332
1965-11-19,31.5,-25.0,20.274628
1965-11-20,31.5,-25.0,18.928436
1965-11-21,31.5,-25.0,18.030975
1965-11-22,31.5,-25.0,18.329071
1965-11-23,31.5,-25.0,18.939667
1965-11-24,31.5,-25.0,20.463745
1965-11-25,31.5,-25.0,20.281036
1965-11-26,31.5,-25.0,19.506989
1965-11-27,31.5,-25.0,20.297089
1965-11-28,31.5,-25.0,19.495758
1965-11-29,31.5,-25.0,20.47818
1965-11-30,31.5,-25.0,21.157684
1965-12-01,31.5,-25.0,19.378052
1965-12-02,31.5,-25.0,18.821716
1965-12-03,31.5,-25.0,18.6669
1965-12-04,31.5,-25.0,18.555634
1965-12-05,31.5,-25.0,19.794128
1965-12-06,31.5,-25.0,19.64737
1965-12-07,31.5,-25.0,20.9552
1965-12-08,31.5,-25.0,21.14386
1965-12-09,31.5,-25.0,21.045502
1965-12-10,31.5,-25.0,19.602203
1965-12-11,31.5,-25.0,18.578217
1965-12-12,31.5,-25.0,18.067017
1965-12-13,31.5,-25.0,19.792511
1965-12-14,31.5,-25.0,20.863281
1965-12-15,31.5,-25.0,22.930634
1965-12-16,31.5,-25.0,22.485565
1965-12-17,31.5,-25.0,20.843933
1965-12-18,31.5,-25.0,19.449005
1965-12-19,31.5,-25.0,17.671936
1965-12-20,31.5,-25.0,17.700958
1965-12-21,31.5,-25.0,19.619965
1965-12-22,31.5,-25.0,20.55365
1965-12-23,31.5,-25.0,22.05014
1965-12-24,31.5,-25.0,20.922943
1965-12-25,31.5,-25.0,18.970062
1965-12-26,31.5,-25.0,20.015045
1965-12-27,31.5,-25.0,20.552032
1965-12-28,31.5,-25.0,22.193665
1965-12-29,31.5,-25.0,20.37143
1965-12-30,31.5,-25.0,20.1521
1965-12-31,31.5,-25.0,18.763672
1966-01-01,31.5,-25.0,18.90799
1966-01-02,31.5,-25.0,18.564392
1966-01-03,31.5,-25.0,20.16272
1966-01-04,31.5,-25.0,21.466309
1966-01-05,31.5,-25.0,21.752625
1966-01-06,31.5,-25.0,22.335358
1966-01-07,31.5,-25.0,22.503784
1966-01-08,31.5,-25.0,22.345459
1966-01-09,31.5,-25.0,18.88272
1966-01-10,31.5,-25.0,18.118073
1966-01-11,31.5,-25.0,18.084412
1966-01-12,31.5,-25.0,20.487793
1966-01-13,31.5,-25.0,22.645264
1966-01-14,31.5,-25.0,22.537476
1966-01-15,31.5,-25.0,22.517273
1966-01-16,31.5,-25.0,25.104218
1966-01-17,31.5,-25.0,25.80487
1966-01-18,31.5,-25.0,25.520233
1966-01-19,31.5,-25.0,26.397705
1966-01-20,31.5,-25.0,22.535797
1966-01-21,31.5,-25.0,21.961456
1966-01-22,31.5,-25.0,22.667145
1966-01-23,31.5,-25.0,22.574524
1966-01-24,31.5,-25.0,22.045685
1966-01-25,31.5,-25.0,23.608643
1966-01-26,31.5,-25.0,24.083588
1966-01-27,31.5,-25.0,23.231384
1966-01-28,31.5,-25.0,22.072632
1966-01-29,31.5,-25.0,21.380402
1966-01-30,31.5,-25.0,19.817474
1966-01-31,31.5,-25.0,17.78125
1966-02-01,31.5,-25.0,20.437714
1966-02-02,31.5,-25.0,19.023804
1966-02-03,31.5,-25.0,19.105774
1966-02-04,31.5,-25.0,19.95224
1966-02-05,31.5,-25.0,19.670074
1966-02-06,31.5,-25.0,20.708832
1966-02-07,31.5,-25.0,17.690308
1966-02-08,31.5,-25.0,17.499573
1966-02-09,31.5,-25.0,19.63382
1966-02-10,31.5,-25.0,19.87027
1966-02-11,31.5,-25.0,20.940552
1966-02-12,31.5,-25.0,19.890747
1966-02-13,31.5,-25.0,21.314117
1966-02-14,31.5,-25.0,21.411835
1966-02-15,31.5,-25.0,20.798676
1966-02-16,31.5,-25.0,19.79776
1966-02-17,31.5,-25.0,21.528473
1966-02-18,31.5,-25.0,21.984009
1966-02-19,31.5,-25.0,22.510498
1966-02-20,31.5,-25.0,22.419067
1966-02-21,31.5,-25.0,21.082397
1966-02-22,31.5,-25.0,21.536346
1966-02-23,31.5,-25.0,20.88379
1966-02-24,31.5,-25.0,19.080566
1966-02-25,31.5,-25.0,17.6698
1966-02-26,31.5,-25.0,16.590088
1966-02-27,31.5,-25.0,18.744812
1966-02-28,31.5,-25.0,17.961426
1966-03-01,31.5,-25.0,16.249756
1966-03-02,31.5,-25.0,15.753021
1966-03-03,31.5,-25.0,17.251678
1966-03-04,31.5,-25.0,20.218475
1966-03-05,31.5,-25.0,19.643768
1966-03-06,31.5,-25.0,21.542542
1966-03-07,31.5,-25.0,21.410309
1966-03-08,31.5,-25.0,21.437408
1966-03-09,31.5,-25.0,19.39627
1966-03-10,31.5,-25.0,18.13324
1966-03-11,31.5,-25.0,17.28897
1966-03-12,31.5,-25.0,20.698273
1966-03-13,31.5,-25.0,18.036621
1966-03-14,31.5,-25.0,17.4263
1966-03-15,31.5,-25.0,16.944824
1966-03-16,31.5,-25.0,17.939972
1966-03-17,31.5,-25.0,19.51831
1966-03-18,31.5,-25.0,20.518555
1966-03-19,31.5,-25.0,19.54715
1966-03-20,31.5,-25.0,19.918427
1966-03-21,31.5,-25.0,18.272278
1966-03-22,31.5,-25.0,18.16037
1966-03-23,31.5,-25.0,17.800964
1966-03-24,31.5,-25.0,19.177551
1966-03-25,31.5,-25.0,20.696564
1966-03-26,31.5,-25.0,20.27951
1966-03-27,31.5,-25.0,21.018677
1966-03-28,31.5,-25.0,19.85907
1966-03-29,31.5,-25.0,20.933899
1966-03-30,31.5,-25.0,20.788116
1966-03-31,31.5,-25.0,18.874115
1966-04-01,31.5,-25.0,17.864288
1966-04-02,31.5,-25.0,16.071747
1966-04-03,31.5,-25.0,15.668976
1966-04-04,31.5,-25.0,14.520538
1966-04-05,31.5,-25.0,14.213928
1966-04-06,31.5,-25.0,18.814972
1966-04-07,31.5,-25.0,18.446686
1966-04-08,31.5,-25.0,15.527466
1966-04-09,31.5,-25.0,19.976135
1966-04-10,31.5,-25.0,18.831299
1966-04-11,31.5,-25.0,21.306
1966-04-12,31.5,-25.0,19.841858
1966-04-13,31.5,-25.0,19.459045
1966-04-14,31.5,-25.0,19.765656
1966-04-15,31.5,-25.0,17.403442
1966-04-16,31.5,-25.0,16.815613
1966-04-17,31.5,-25.0,16.38382
1966-04-18,31.5,-25.0,19.440918
1966-04-19,31.5,-25.0,16.792023
1966-04-20,31.5,-25.0,15.235352
1966-04-21,31.5,-25.0,13.255981
1966-04-22,31.5,-25.0,12.813263
1966-04-23,31.5,-25.0,11.868042
1966-04-24,31.5,-25.0,11.350952
1966-04-25,31.5,-25.0,11.750092
1966-04-26,31.5,-25.0,15.433136
1966-04-27,31.5,-25.0,15.737915
1966-04-28,31.5,-25.0,15.801422
1966-04-29,31.5,-25.0,15.552856
1966-04-30,31.5,-25.0,16.206024
1966-05-01,31.5,-25.0,16.751923
1966-05-02,31.5,-25.0,15.2291565
1966-05-03,31.5,-25.0,11.907654
1966-05-04,31.5,-25.0,14.713318
1966-05-05,31.5,-25.0,13.62265
1966-05-06,31.5,-25.0,11.970459
1966-05-07,31.5,-25.0,12.7547
1966-05-08,31.5,-25.0,14.838959
1966-05-09,31.5,-25.0,13.291473
1966-05-10,31.5,-25.0,16.99936
1966-05-11,31.5,-25.0,15.836365
1966-05-12,31.5,-25.0,14.06427
1966-05-13,31.5,-25.0,15.788788
1966-05-14,31.5,-25.0,15.261536
1966-05-15,31.5,-25.0,11.42038
1966-05-16,31.5,-25.0,11.974274
1966-05-17,31.5,-25.0,12.74707
1966-05-18,31.5,-25.0,12.539612
1966-05-19,31.5,-25.0,13.845367
1966-05-20,31.5,-25.0,13.567444
1966-05-21,31.5,-25.0,11.3785095
1966-05-22,31.5,-25.0,9.95282
1966-05-23,31.5,-25.0,9.57785
1966-05-24,31.5,-25.0,8.96875
1966-05-25,31.5,-25.0,8.083649
1966-05-26,31.5,-25.0,12.480591
1966-05-27,31.5,-25.0,11.641174
1966-05-28,31.5,-25.0,11.821991
1966-05-29,31.5,-25.0,10.866486
1966-05-30,31.5,-25.0,10.588562
1966-05-31,31.5,-25.0,13.763519
1966-06-01,31.5,-25.0,11.650085
1966-06-02,31.5,-25.0,11.077667
1966-06-03,31.5,-25.0,15.939209
1966-06-04,31.5,-25.0,15.99762
1966-06-05,31.5,-25.0,14.013672
1966-06-06,31.5,-25.0,12.282837
1966-06-07,31.5,-25.0,14.221985
1966-06-08,31.5,-25.0,12.313995
1966-06-09,31.5,-25.0,10.016571
1966-06-10,31.5,-25.0,12.273102
1966-06-11,31.5,-25.0,11.408661
1966-06-12,31.5,-25.0,13.820923
1966-06-13,31.5,-25.0,15.460266
1966-06-14,31.5,-25.0,14.3797
1966-06-15,31.5,-25.0,14.132446
1966-06-16,31.5,-25.0,13.392578
1966-06-17,31.5,-25.0,11.737671
1966-06-18,31.5,-25.0,11.506012
1966-06-19,31.5,-25.0,9.79657
1966-06-20,31.5,-25.0,7.55954
1966-06-21,31.5,-25.0,10.425446
1966-06-22,31.5,-25.0,11.579987
1966-06-23,31.5,-25.0,11.504059
1966-06-24,31.5,-25.0,11.877869
1966-06-25,31.5,-25.0,12.016113
1966-06-26,31.5,-25.0,10.970581
1966-06-27,31.5,-25.0,10.766144
1966-06-28,31.5,-25.0,10.437134
1966-06-29,31.5,-25.0,9.8471985
1966-06-30,31.5,-25.0,11.764954
1966-07-01,31.5,-25.0,7.314728
1966-07-02,31.5,-25.0,9.685669
1966-07-03,31.5,-25.0,15.122192
1966-07-04,31.5,-25.0,13.901337
1966-07-05,31.5,-25.0,10.51236
1966-07-06,31.5,-25.0,11.683472
1966-07-07,31.5,-25.0,10.386047
1966-07-08,31.5,-25.0,11.377289
1966-07-09,31.5,-25.0,11.279694
1966-07-10,31.5,-25.0,12.630707
1966-07-11,31.5,-25.0,10.280823
1966-07-12,31.5,-25.0,10.462616
1966-07-13,31.5,-25.0,11.231873
1966-07-14,31.5,-25.0,10.9410095
1966-07-15,31.5,-25.0,12.414459
1966-07-16,31.5,-25.0,8.788208
1966-07-17,31.5,-25.0,12.121674
1966-07-18,31.5,-25.0,10.833832
1966-07-19,31.5,-25.0,12.332184
1966-07-20,31.5,-25.0,13.86496
1966-07-21,31.5,-25.0,10.59082
1966-07-22,31.5,-25.0,8.895355
1966-07-23,31.5,-25.0,9.779449
1966-07-24,31.5,-25.0,14.509857
1966-07-25,31.5,-25.0,13.463104
1966-07-26,31.5,-25.0,9.033142
1966-07-27,31.5,-25.0,7.2171326
1966-07-28,31.5,-25.0,9.500061
1966-07-29,31.5,-25.0,11.340942
1966-07-30,31.5,-25.0,9.656982
1966-07-31,31.5,-25.0,8.895355
1966-08-01,31.5,-25.0,12.662109
1966-08-02,31.5,-25.0,9.381073
1966-08-03,31.5,-25.0,9.7621155
1966-08-04,31.5,-25.0,13.737061
1966-08-05,31.5,-25.0,16.5047
1966-08-06,31.5,-25.0,15.880981
1966-08-07,31.5,-25.0,14.675659
1966-08-08,31.5,-25.0,11.510925
1966-08-09,31.5,-25.0,8.179749
1966-08-10,31.5,-25.0,9.730011
1966-08-11,31.5,-25.0,11.224152
1966-08-12,31.5,-25.0,9.932587
1966-08-13,31.5,-25.0,10.712738
1966-08-14,31.5,-25.0,10.452026
1966-08-15,31.5,-25.0,16.326202
1966-08-16,31.5,-25.0,14.900269
1966-08-17,31.5,-25.0,11.835815
1966-08-18,31.5,-25.0,11.944122
1966-08-19,31.5,-25.0,13.564606
1966-08-20,31.5,-25.0,10.752838
1966-08-21,31.5,-25.0,6.216339
1966-08-22,31.5,-25.0,6.4609985
1966-08-23,31.5,-25.0,5.937561
1966-08-24,31.5,-25.0,6.761841
1966-08-25,31.5,-25.0,8.795441
1966-08-26,31.5,-25.0,12.601929
1966-08-27,31.5,-25.0,14.306641
1966-08-28,31.5,-25.0,17.413208
1966-08-29,31.5,-25.0,15.790741
1966-08-30,31.5,-25.0,15.167023
1966-08-31,31.5,-25.0,13.408173
1966-09-01,31.5,-25.0,13.108887
1966-09-02,31.5,-25.0,15.178131
1966-09-03,31.5,-25.0,14.666931
1966-09-04,31.5,-25.0,15.379944
1966-09-05,31.5,-25.0,12.163849
1966-09-06,31.5,-25.0,13.327698
1966-09-07,31.5,-25.0,9.645691
1966-09-08,31.5,-25.0,11.390472
1966-09-09,31.5,-25.0,11.0321045
1966-09-10,31.5,-25.0,12.699554
1966-09-11,31.5,-25.0,17.17569
1966-09-12,31.5,-25.0,14.468872
1966-09-13,31.5,-25.0,13.510651
1966-09-14,31.5,-25.0,16.709778
1966-09-15,31.5,-25.0,17.0625
1966-09-16,31.5,-25.0,14.980072
1966-09-17,31.5,-25.0,12.454346
1966-09-18,31.5,-25.0,12.39209
1966-09-19,31.5,-25.0,13.408783
1966-09-20,31.5,-25.0,11.484802
1966-09-21,31.5,-25.0,12.167633
1966-09-22,31.5,-25.0,11.53949
1966-09-23,31.5,-25.0,14.274597
1966-09-24,31.5,-25.0,15.787384
1966-09-25,31.5,-25.0,17.864166
1966-09-26,31.5,-25.0,16.64563
1966-09-27,31.5,-25.0,17.920776
1966-09-28,31.5,-25.0,18.343292
1966-09-29,31.5,-25.0,15.547821
1966-09-30,31.5,-25.0,13.648346
1966-10-01,31.5,-25.0,11.240753
1966-10-02,31.5,-25.0,16.897095
1966-10-03,31.5,-25.0,15.529602
1966-10-04,31.5,-25.0,16.156586
1966-10-05,31.5,-25.0,17.569824
1966-10-06,31.5,-25.0,15.754974
1966-10-07,31.5,-25.0,14.229919
1966-10-08,31.5,-25.0,14.007935
1966-10-09,31.5,-25.0,15.077179
1966-10-10,31.5,-25.0,18.667877
1966-10-11,31.5,-25.0,18.869537
1966-10-12,31.5,-25.0,17.139404
1966-10-13,31.5,-25.0,16.383667
1966-10-14,31.5,-25.0,17.29361
1966-10-15,31.5,-25.0,14.87384
1966-10-16,31.5,-25.0,14.6315
1966-10-17,31.5,-25.0,13.406372
1966-10-18,31.5,-25.0,14.595917
1966-10-19,31.5,-25.0,14.097748
1966-10-20,31.5,-25.0,14.26889
1966-10-21,31.5,-25.0,13.7283325
1966-10-22,31.5,-25.0,12.728546
1966-10-23,31.5,-25.0,11.469513
1966-10-24,31.5,-25.0,12.267639
1966-10-25,31.5,-25.0,14.214661
1966-10-26,31.5,-25.0,16.603943
1966-10-27,31.5,-25.0,15.673645
1966-10-28,31.5,-25.0,17.344452
1966-10-29,31.5,-25.0,19.02713
1966-10-30,31.5,-25.0,20.047241
1966-10-31,31.5,-25.0,19.76593
1966-11-01,31.5,-25.0,19.079834
1966-11-02,31.5,-25.0,20.648865
1966-11-03,31.5,-25.0,21.301453
1966-11-04,31.5,-25.0,20.723785
1966-11-05,31.5,-25.0,18.791016
1966-11-06,31.5,-25.0,19.890106
1966-11-07,31.5,-25.0,19.295288
1966-11-08,31.5,-25.0,18.325775
1966-11-09,31.5,-25.0,18.033844
1966-11-10,31.5,-25.0,17.47647
1966-11-11,31.5,-25.0,17.101807
1966-11-12,31.5,-25.0,17.73877
1966-11-13,31.5,-25.0,17.382812
1966-11-14,31.5,-25.0,17.51239
1966-11-15,31.5,-25.0,18.480347
1966-11-16,31.5,-25.0,18.406952
1966-11-17,31.5,-25.0,17.106476
1966-11-18,31.5,-25.0,20.981415
1966-11-19,31.5,-25.0,17.857422
1966-11-20,31.5,-25.0,16.592834
1966-11-21,31.5,-25.0,17.958893
1966-11-22,31.5,-25.0,18.15094
1966-11-23,31.5,-25.0,18.733246
1966-11-24,31.5,-25.0,17.318817
1966-11-25,31.5,-25.0,19.66687
1966-11-26,31.5,-25.0,19.812042
1966-11-27,31.5,-25.0,18.149353
1966-11-28,31.5,-25.0,19.598175
1966-11-29,31.5,-25.0,19.676239
1966-11-30,31.5,-25.0,19.11731
1966-12-01,31.5,-25.0,17.99704
1966-12-02,31.5,-25.0,21.18689
1966-12-03,31.5,-25.0,21.40622
1966-12-04,31.5,-25.0,23.448547
1966-12-05,31.5,-25.0,23.152924
1966-12-06,31.5,-25.0,23.715576
1966-12-07,31.5,-25.0,22.92566
1966-12-08,31.5,-25.0,20.865845
1966-12-09,31.5,-25.0,20.465332
1966-12-10,31.5,-25.0,21.59378
1966-12-11,31.5,-25.0,20.948486
1966-12-12,31.5,-25.0,19.392517
1966-12-13,31.5,-25.0,19.90747
1966-12-14,31.5,-25.0,20.196716
1966-12-15,31.5,-25.0,19.07782
1966-12-16,31.5,-25.0,17.602875
1966-12-17,31.5,-25.0,17.369263
1966-12-18,31.5,-25.0,18.103546
1966-12-19,31.5,-25.0,17.591766
1966-12-20,31.5,-25.0,18.31491
1966-12-21,31.5,-25.0,17.591766
1966-12-22,31.5,-25.0,19.214508
1966-12-23,31.5,-25.0,20.737091
1966-12-24,31.5,-25.0,21.469788
1966-12-25,31.5,-25.0,20.07434
1966-12-26,31.5,-25.0,20.532074
1966-12-27,31.5,-25.0,21.509521
1966-12-28,31.5,-25.0,18.259277
1966-12-29,31.5,-25.0,16.474426
1966-12-30,31.5,-25.0,17.695068
1966-12-31,31.5,-25.0,21.63031
1967-01-01,31.5,-25.0,22.466583
1967-01-02,31.5,-25.0,20.547394
1967-01-03,31.5,-25.0,19.467651
1967-01-04,31.5,-25.0,17.64859
1967-01-05,31.5,-25.0,20.7677
1967-01-06,31.5,-25.0,20.961273
1967-01-07,31.5,-25.0,20.604126
1967-01-08,31.5,-25.0,22.45993
1967-01-09,31.5,-25.0,21.67389
1967-01-10,31.5,-25.0,20.51236
1967-01-11,31.5,-25.0,19.152222
1967-01-12,31.5,-25.0,22.43988
1967-01-13,31.5,-25.0,22.37146
1967-01-14,31.5,-25.0,22.42987
1967-01-15,31.5,-25.0,20.897858
1967-01-16,31.5,-25.0,20.33377
1967-01-17,31.5,-25.0,22.565063
1967-01-18,31.5,-25.0,21.341766
1967-01-19,31.5,-25.0,21.970947
1967-01-20,31.5,-25.0,22.511658
1967-01-21,31.5,-25.0,23.661499
1967-01-22,31.5,-25.0,21.108124
1967-01-23,31.5,-25.0,22.37146
1967-01-24,31.5,-25.0,22.434875
1967-01-25,31.5,-25.0,21.208282
1967-01-26,31.5,-25.0,18.511383
1967-01-27,31.5,-25.0,18.441284
1967-01-28,31.5,-25.0,20.854462
1967-01-29,31.5,-25.0,21.920868
1967-01-30,31.5,-25.0,22.63681
1967-01-31,31.5,-25.0,22.573395
1967-02-01,31.5,-25.0,20.987
1967-02-02,31.5,-25.0,20.747375
1967-02-03,31.5,-25.0,21.8378
1967-02-04,31.5,-25.0,20.47879
1967-02-05,31.5,-25.0,20.070282
1967-02-06,31.5,-25.0,19.377075
1967-02-07,31.5,-25.0,21.072235
1967-02-08,31.5,-25.0,21.59494
1967-02-09,31.5,-25.0,21.028809
1967-02-10,31.5,-25.0,20.314728
1967-02-11,31.5,-25.0,20.515778
1967-02-12,31.5,-25.0,20.264862
1967-02-13,31.5,-25.0,21.368164
1967-02-14,31.5,-25.0,19.92392
1967-02-15,31.5,-25.0,21.183228
1967-02-16,31.5,-25.0,18.69516
1967-02-17,31.5,-25.0,19.554016
1967-02-18,31.5,-25.0,19.597412
1967-02-19,31.5,-25.0,17.837921
1967-02-20,31.5,-25.0,17.20105
1967-02-21,31.5,-25.0,17.028961
1967-02-22,31.5,-25.0,15.107025
1967-02-23,31.5,-25.0,18.072754
1967-02-24,31.5,-25.0,19.385132
1967-02-25,31.5,-25.0,19.243591
1967-02-26,31.5,-25.0,19.909424
1967-02-27,31.5,-25.0,18.608307
1967-02-28,31.5,-25.0,18.679077
1967-03-01,31.5,-25.0,20.718292
1967-03-02,31.5,-25.0,19.837555
1967-03-03,31.5,-25.0,19.931183
1967-03-04,31.5,-25.0,20.017853
1967-03-05,31.5,-25.0,17.911377
1967-03-06,31.5,-25.0,16.635376
1967-03-07,31.5,-25.0,16.224457
1967-03-08,31.5,-25.0,16.42212
1967-03-09,31.5,-25.0,17.739746
1967-03-10,31.5,-25.0,19.317444
1967-03-11,31.5,-25.0,22.240509
1967-03-12,31.5,-25.0,21.699585
1967-03-13,31.5,-25.0,20.270996
1967-03-14,31.5,-25.0,19.279297
1967-03-15,31.5,-25.0,19.61737
1967-03-16,31.5,-25.0,19.419739
1967-03-17,31.5,-25.0,16.843414
1967-03-18,31.5,-25.0,15.905457
1967-03-19,31.5,-25.0,18.414154
1967-03-20,31.5,-25.0,18.0466
1967-03-21,31.5,-25.0,17.720673
1967-03-22,31.5,-25.0,20.076813
1967-03-23,31.5,-25.0,20.742554
1967-03-24,31.5,-25.0,19.553223
1967-03-25,31.5,-25.0,19.072968
1967-03-26,31.5,-25.0,18.755707
1967-03-27,31.5,-25.0,19.499481
1967-03-28,31.5,-25.0,17.37741
1967-03-29,31.5,-25.0,19.246338
1967-03-30,31.5,-25.0,18.459229
1967-03-31,31.5,-25.0,18.559784
1967-04-01,31.5,-25.0,20.185394
1967-04-02,31.5,-25.0,18.16159
1967-04-03,31.5,-25.0,17.858276
1967-04-04,31.5,-25.0,16.376099
1967-04-05,31.5,-25.0,17.771637
1967-04-06,31.5,-25.0,17.630798
1967-04-07,31.5,-25.0,18.067688
1967-04-08,31.5,-25.0,16.668549
1967-04-09,31.5,-25.0,19.640167
1967-04-10,31.5,-25.0,19.663635
1967-04-11,31.5,-25.0,18.89093
1967-04-12,31.5,-25.0,18.632782
1967-04-13,31.5,-25.0,17.72467
1967-04-14,31.5,-25.0,18.854828
1967-04-15,31.5,-25.0,20.14386
1967-04-16,31.5,-25.0,19.277283
1967-04-17,31.5,-25.0,19.09494
1967-04-18,31.5,-25.0,19.085907
1967-04-19,31.5,-25.0,17.0531
1967-04-20,31.5,-25.0,16.516907
1967-04-21,31.5,-25.0,15.708099
1967-04-22,31.5,-25.0,14.184387
1967-04-23,31.5,-25.0,13.166168
1967-04-24,31.5,-25.0,12.153351
1967-04-25,31.5,-25.0,12.563171
1967-04-26,31.5,-25.0,13.223938
1967-04-27,31.5,-25.0,12.519836
1967-04-28,31.5,-25.0,16.695618
1967-04-29,31.5,-25.0,18.342102
1967-04-30,31.5,-25.0,17.331116
1967-05-01,31.5,-25.0,17.487488
1967-05-02,31.5,-25.0,17.283203
1967-05-03,31.5,-25.0,14.388947
1967-05-04,31.5,-25.0,17.724243
1967-05-05,31.5,-25.0,15.771179
1967-05-06,31.5,-25.0,15.901001
1967-05-07,31.5,-25.0,14.8414
1967-05-08,31.5,-25.0,17.059845
1967-05-09,31.5,-25.0,15.454254
1967-05-10,31.5,-25.0,14.047211
1967-05-11,31.5,-25.0,12.134247
1967-05-12,31.5,-25.0,12.603882
1967-05-13,31.5,-25.0,13.611908
1967-05-14,31.5,-25.0,15.372162
1967-05-15,31.5,-25.0,16.450836
1967-05-16,31.5,-25.0,13.955566
1967-05-17,31.5,-25.0,14.243835
1967-05-18,31.5,-25.0,14.341217
1967-05-19,31.5,-25.0,13.144165
1967-05-20,31.5,-25.0,11.004028
1967-05-21,31.5,-25.0,10.404541
1967-05-22,31.5,-25.0,15.091522
1967-05-23,31.5,-25.0,12.069336
1967-05-24,31.5,-25.0,10.100983
1967-05-25,31.5,-25.0,9.692444
1967-05-26,31.5,-25.0,9.631348
1967-05-27,31.5,-25.0,10.946747
1967-05-28,31.5,-25.0,14.093018
1967-05-29,31.5,-25.0,12.56189
1967-05-30,31.5,-25.0,10.435089
1967-05-31,31.5,-25.0,12.840637
1967-06-01,31.5,-25.0,13.534454
1967-06-02,31.5,-25.0,10.700439
1967-06-03,31.5,-25.0,9.2229
1967-06-04,31.5,-25.0,9.599487
1967-06-05,31.5,-25.0,7.891388
1967-06-06,31.5,-25.0,8.805939
1967-06-07,31.5,-25.0,7.895233
1967-06-08,31.5,-25.0,8.8367
1967-06-09,31.5,-25.0,7.824127
1967-06-10,31.5,-25.0,11.985809
1967-06-11,31.5,-25.0,11.078949
1967-06-12,31.5,-25.0,8.158447
1967-06-13,31.5,-25.0,8.3160095
1967-06-14,31.5,-25.0,9.826202
1967-06-15,31.5,-25.0,8.936615
1967-06-16,31.5,-25.0,7.1996765
1967-06-17,31.5,-25.0,6.8077393
1967-06-18,31.5,-25.0,6.361969
1967-06-19,31.5,-25.0,8.300629
1967-06-20,31.5,-25.0,8.098877
1967-06-21,31.5,-25.0,10.7734375
1967-06-22,31.5,-25.0,8.406311
1967-06-23,31.5,-25.0,10.16629
1967-06-24,31.5,-25.0,12.337433
1967-06-25,31.5,-25.0,15.417389
1967-06-26,31.5,-25.0,12.673676
1967-06-27,31.5,-25.0,10.685059
1967-06-28,31.5,-25.0,10.696594
1967-06-29,31.5,-25.0,11.009766
1967-06-30,31.5,-25.0,9.78009
1967-07-01,31.5,-25.0,9.906097
1967-07-02,31.5,-25.0,12.335968
1967-07-03,31.5,-25.0,9.689087
1967-07-04,31.5,-25.0,10.237457
1967-07-05,31.5,-25.0,11.113281
1967-07-06,31.5,-25.0,11.0842285
1967-07-07,31.5,-25.0,8.406311
1967-07-08,31.5,-25.0,8.979889
1967-07-09,31.5,-25.0,8.427643
1967-07-10,31.5,-25.0,8.704712
1967-07-11,31.5,-25.0,7.4355164
1967-07-12,31.5,-25.0,5.5346375
1967-07-13,31.5,-25.0,8.187347
1967-07-14,31.5,-25.0,9.00119
1967-07-15,31.5,-25.0,9.02832
1967-07-16,31.5,-25.0,7.7184143
1967-07-17,31.5,-25.0,7.344452
1967-07-18,31.5,-25.0,5.8814697
1967-07-19,31.5,-25.0,5.7322693
1967-07-20,31.5,-25.0,5.573395
1967-07-21,31.5,-25.0,10.85556
1967-07-22,31.5,-25.0,8.627197
1967-07-23,31.5,-25.0,6.5228577
1967-07-24,31.5,-25.0,7.20105
1967-07-25,31.5,-25.0,9.628998
1967-07-26,31.5,-25.0,10.632751
1967-07-27,31.5,-25.0,7.617676
1967-07-28,31.5,-25.0,7.3211975
1967-07-29,31.5,-25.0,7.0092163
1967-07-30,31.5,-25.0,7.402588
1967-07-31,31.5,-25.0,8.662079
1967-08-01,31.5,-25.0,12.791534
1967-08-02,31.5,-25.0,9.42688
1967-08-03,31.5,-25.0,9.460144
1967-08-04,31.5,-25.0,9.309509
1967-08-05,31.5,-25.0,8.63266
1967-08-06,31.5,-25.0,9.2117
1967-08-07,31.5,-25.0,12.433563
1967-08-08,31.5,-25.0,12.263367
1967-08-09,31.5,-25.0,9.1432495
1967-08-10,31.5,-25.0,9.747711
1967-08-11,31.5,-25.0,12.818909
1967-08-12,31.5,-25.0,12.171417
1967-08-13,31.5,-25.0,10.884247
1967-08-14,31.5,-25.0,12.752411
1967-08-15,31.5,-25.0,14.160858
1967-08-16,31.5,-25.0,11.737152
1967-08-17,31.5,-25.0,11.917114
1967-08-18,31.5,-25.0,12.607666
1967-08-19,31.5,-25.0,10.438232
1967-08-20,31.5,-25.0,7.7621765
1967-08-21,31.5,-25.0,8.026245
1967-08-22,31.5,-25.0,7.7387085
1967-08-23,31.5,-25.0,7.5509033
1967-08-24,31.5,-25.0,9.775085
1967-08-25,31.5,-25.0,11.51413
1967-08-26,31.5,-25.0,13.370575
1967-08-27,31.5,-25.0,10.446075
1967-08-28,31.5,-25.0,13.464478
1967-08-29,31.5,-25.0,15.583008
1967-08-30,31.5,-25.0,14.612762
1967-08-31,31.5,-25.0,13.930023
1967-09-01,31.5,-25.0,15.393494
1967-09-02,31.5,-25.0,17.103119
1967-09-03,31.5,-25.0,16.420013
1967-09-04,31.5,-25.0,17.620056
1967-09-05,31.5,-25.0,17.877594
1967-09-06,31.5,-25.0,17.115906
1967-09-07,31.5,-25.0,14.058289
1967-09-08,31.5,-25.0,11.899353
1967-09-09,31.5,-25.0,11.283783
1967-09-10,31.5,-25.0,12.4418335
1967-09-11,31.5,-25.0,11.674683
1967-09-12,31.5,-25.0,13.362396
1967-09-13,31.5,-25.0,13.134064
1967-09-14,31.5,-25.0,12.553223
1967-09-15,31.5,-25.0,12.144104
1967-09-16,31.5,-25.0,12.527679
1967-09-17,31.5,-25.0,17.23648
1967-09-18,31.5,-25.0,16.418182
1967-09-19,31.5,-25.0,16.129578
1967-09-20,31.5,-25.0,15.196228
1967-09-21,31.5,-25.0,17.357025
1967-09-22,31.5,-25.0,15.296692
1967-09-23,31.5,-25.0,12.463745
1967-09-24,31.5,-25.0,10.184235
1967-09-25,31.5,-25.0,12.2500305
1967-09-26,31.5,-25.0,14.871094
1967-09-27,31.5,-25.0,15.009918
1967-09-28,31.5,-25.0,16.71225
1967-09-29,31.5,-25.0,16.555176
1967-09-30,31.5,-25.0,17.338745
1967-10-01,31.5,-25.0,17.50409
1967-10-02,31.5,-25.0,17.623505
1967-10-03,31.5,-25.0,17.491425
1967-10-04,31.5,-25.0,16.57788
1967-10-05,31.5,-25.0,17.592743
1967-10-06,31.5,-25.0,17.111542
1967-10-07,31.5,-25.0,15.951965
1967-10-08,31.5,-25.0,15.175903
1967-10-09,31.5,-25.0,14.508362
1967-10-10,31.5,-25.0,13.629181
1967-10-11,31.5,-25.0,14.911774
1967-10-12,31.5,-25.0,15.713165
1967-10-13,31.5,-25.0,16.934265
1967-10-14,31.5,-25.0,15.420105
1967-10-15,31.5,-25.0,17.516754
1967-10-16,31.5,-25.0,15.695099
1967-10-17,31.5,-25.0,15.40744
1967-10-18,31.5,-25.0,15.371277
1967-10-19,31.5,-25.0,16.952362
1967-10-20,31.5,-25.0,17.408203
1967-10-21,31.5,-25.0,19.293213
1967-10-22,31.5,-25.0,20.03128
1967-10-23,31.5,-25.0,19.873901
1967-10-24,31.5,-25.0,21.020813
1967-10-25,31.5,-25.0,18.231323
1967-10-26,31.5,-25.0,15.736694
1967-10-27,31.5,-25.0,16.058685
1967-10-28,31.5,-25.0,15.67337
1967-10-29,31.5,-25.0,15.199402
1967-10-30,31.5,-25.0,14.745361
1967-10-31,31.5,-25.0,16.406036
1967-11-01,31.5,-25.0,15.738617
1967-11-02,31.5,-25.0,17.83664
1967-11-03,31.5,-25.0,17.503723
1967-11-04,31.5,-25.0,16.84259
1967-11-05,31.5,-25.0,16.836304
1967-11-06,31.5,-25.0,18.180542
1967-11-07,31.5,-25.0,19.724213
1967-11-08,31.5,-25.0,20.785767
1967-11-09,31.5,-25.0,20.98993
1967-11-10,31.5,-25.0,21.29773
1967-11-11,31.5,-25.0,20.451294
1967-11-12,31.5,-25.0,22.08603
1967-11-13,31.5,-25.0,18.612396
1967-11-14,31.5,-25.0,17.417358
1967-11-15,31.5,-25.0,18.417664
1967-11-16,31.5,-25.0,21.636932
1967-11-17,31.5,-25.0,18.309326
1967-11-18,31.5,-25.0,14.63623
1967-11-19,31.5,-25.0,14.18866
1967-11-20,31.5,-25.0,13.609192
1967-11-21,31.5,-25.0,12.502106
1967-11-22,31.5,-25.0,15.845398
1967-11-23,31.5,-25.0,16.643158
1967-11-24,31.5,-25.0,20.112091
1967-11-25,31.5,-25.0,18.113007
1967-11-26,31.5,-25.0,18.051758
1967-11-27,31.5,-25.0,17.418915
1967-11-28,31.5,-25.0,21.536407
1967-11-29,31.5,-25.0,20.300537
1967-11-30,31.5,-25.0,21.008759
1967-12-01,31.5,-25.0,20.564087
1967-12-02,31.5,-25.0,18.386566
1967-12-03,31.5,-25.0,18.311981
1967-12-04,31.5,-25.0,16.245575
1967-12-05,31.5,-25.0,20.10382
1967-12-06,31.5,-25.0,19.860992
1967-12-07,31.5,-25.0,19.69278
1967-12-08,31.5,-25.0,20.657715
1967-12-09,31.5,-25.0,19.57373
1967-12-10,31.5,-25.0,21.47351
1967-12-11,31.5,-25.0,17.88504
1967-12-12,31.5,-25.0,15.858307
1967-12-13,31.5,-25.0,14.891785
1967-12-14,31.5,-25.0,15.712311
1967-12-15,31.5,-25.0,18.519897
1967-12-16,31.5,-25.0,18.818268
1967-12-17,31.5,-25.0,19.770538
1967-12-18,31.5,-25.0,20.543457
1967-12-19,31.5,-25.0,19.061096
1967-12-20,31.5,-25.0,20.526001
1967-12-21,31.5,-25.0,19.457886
1967-12-22,31.5,-25.0,20.846588
1967-12-23,31.5,-25.0,20.126038
1967-12-24,31.5,-25.0,21.049744
1967-12-25,31.5,-25.0,20.318085
1967-12-26,31.5,-25.0,20.214935
1967-12-27,31.5,-25.0,20.045105
1967-12-28,31.5,-25.0,20.040344
1967-12-29,31.5,-25.0,18.938904
1967-12-30,31.5,-25.0,19.38327
1967-12-31,31.5,-25.0,19.5896
1968-01-01,31.5,-25.0,19.56604
1968-01-02,31.5,-25.0,21.06485
1968-01-03,31.5,-25.0,19.042542
1968-01-04,31.5,-25.0,22.550568
1968-01-05,31.5,-25.0,20.823456
1968-01-06,31.5,-25.0,21.216522
1968-01-07,31.5,-25.0,20.66037
1968-01-08,31.5,-25.0,21.457886
1968-01-09,31.5,-25.0,21.62259
1968-01-10,31.5,-25.0,21.583466
1968-01-11,31.5,-25.0,21.485596
1968-01-12,31.5,-25.0,20.64569
1968-01-13,31.5,-25.0,19.326324
1968-01-14,31.5,-25.0,18.125977
1968-01-15,31.5,-25.0,20.05368
1968-01-16,31.5,-25.0,21.353516
1968-01-17,31.5,-25.0,23.198029
1968-01-18,31.5,-25.0,23.361115
1968-01-19,31.5,-25.0,24.10318
1968-01-20,31.5,-25.0,21.340454
1968-01-21,31.5,-25.0,20.389648
1968-01-22,31.5,-25.0,20.43042
1968-01-23,31.5,-25.0,20.727234
1968-01-24,31.5,-25.0,18.484772
1968-01-25,31.5,-25.0,16.795166
1968-01-26,31.5,-25.0,17.052856
1968-01-27,31.5,-25.0,19.724243
1968-01-28,31.5,-25.0,20.373352
1968-01-29,31.5,-25.0,19.86615
1968-01-30,31.5,-25.0,19.515503
1968-01-31,31.5,-25.0,20.386383
1968-02-01,31.5,-25.0,18.263824
1968-02-02,31.5,-25.0,17.91803
1968-02-03,31.5,-25.0,17.832825
1968-02-04,31.5,-25.0,18.666992
1968-02-05,31.5,-25.0,19.743713
1968-02-06,31.5,-25.0,19.320892
1968-02-07,31.5,-25.0,20.999084
1968-02-08,31.5,-25.0,21.310455
1968-02-09,31.5,-25.0,21.566132
1968-02-10,31.5,-25.0,20.276337
1968-02-11,31.5,-25.0,20.386139
1968-02-12,31.5,-25.0,20.812256
1968-02-13,31.5,-25.0,19.93219
1968-02-14,31.5,-25.0,20.51889
1968-02-15,31.5,-25.0,20.918793
1968-02-16,31.5,-25.0,22.123352
1968-02-17,31.5,-25.0,17.56076
1968-02-18,31.5,-25.0,17.080597
1968-02-19,31.5,-25.0,14.932037
1968-02-20,31.5,-25.0,18.734192
1968-02-21,31.5,-25.0,16.964233
1968-02-22,31.5,-25.0,16.657776
1968-02-23,31.5,-25.0,17.342804
1968-02-24,31.5,-25.0,18.168793
1968-02-25,31.5,-25.0,20.343536
1968-02-26,31.5,-25.0,20.145233
1968-02-27,31.5,-25.0,19.953491
1968-02-28,31.5,-25.0,20.432037
1968-02-29,31.5,-25.0,19.098022
1968-03-01,31.5,-25.0,18.71991
1968-03-02,31.5,-25.0,19.038818
1968-03-03,31.5,-25.0,19.02179
1968-03-04,31.5,-25.0,21.148438
1968-03-05,31.5,-25.0,21.375244
1968-03-06,31.5,-25.0,21.687347
1968-03-07,31.5,-25.0,18.574951
1968-03-08,31.5,-25.0,18.569855
1968-03-09,31.5,-25.0,18.887054
1968-03-10,31.5,-25.0,15.870148
1968-03-11,31.5,-25.0,15.419922
1968-03-12,31.5,-25.0,16.88147
1968-03-13,31.5,-25.0,18.298676
1968-03-14,31.5,-25.0,16.252167
1968-03-15,31.5,-25.0,15.882111
1968-03-16,31.5,-25.0,16.59668
1968-03-17,31.5,-25.0,19.410614
1968-03-18,31.5,-25.0,19.903473
1968-03-19,31.5,-25.0,17.845032
1968-03-20,31.5,-25.0,17.712006
1968-03-21,31.5,-25.0,19.659607
1968-03-22,31.5,-25.0,18.876831
1968-03-23,31.5,-25.0,16.939453
1968-03-24,31.5,-25.0,19.79773
1968-03-25,31.5,-25.0,16.837128
1968-03-26,31.5,-25.0,15.588776
1968-03-27,31.5,-25.0,14.691711
1968-03-28,31.5,-25.0,16.323792
1968-03-29,31.5,-25.0,14.920227
1968-03-30,31.5,-25.0,14.577454
1968-03-31,31.5,-25.0,15.64505
1968-04-01,31.5,-25.0,17.409912
1968-04-02,31.5,-25.0,16.918549
1968-04-03,31.5,-25.0,18.246307
1968-04-04,31.5,-25.0,17.904877
1968-04-05,31.5,-25.0,16.736115
1968-04-06,31.5,-25.0,15.238556
1968-04-07,31.5,-25.0,13.280365
1968-04-08,31.5,-25.0,16.18695
1968-04-09,31.5,-25.0,17.390045
1968-04-10,31.5,-25.0,18.266174
1968-04-11,31.5,-25.0,18.222809
1968-04-12,31.5,-25.0,16.880615
1968-04-13,31.5,-25.0,16.12912
1968-04-14,31.5,-25.0,17.390045
1968-04-15,31.5,-25.0,16.604218
1968-04-16,31.5,-25.0,16.61325
1968-04-17,31.5,-25.0,17.362946
1968-04-18,31.5,-25.0,17.399078
1968-04-19,31.5,-25.0,16.400116
1968-04-20,31.5,-25.0,12.884766
1968-04-21,31.5,-25.0,14.801392
1968-04-22,31.5,-25.0,13.518829
1968-04-23,31.5,-25.0,10.390045
1968-04-24,31.5,-25.0,13.851196
1968-04-25,31.5,-25.0,12.122437
1968-04-26,31.5,-25.0,9.994446
1968-04-27,31.5,-25.0,12.434937
1968-04-28,31.5,-25.0,13.54953
1968-04-29,31.5,-25.0,13.242432
1968-04-30,31.5,-25.0,11.457642
1968-05-01,31.5,-25.0,13.438141
1968-05-02,31.5,-25.0,15.485077
1968-05-03,31.5,-25.0,14.391663
1968-05-04,31.5,-25.0,12.398102
1968-05-05,31.5,-25.0,11.440887
1968-05-06,31.5,-25.0,15.059845
1968-05-07,31.5,-25.0,15.046967
1968-05-08,31.5,-25.0,12.668671
1968-05-09,31.5,-25.0,13.57251
1968-05-10,31.5,-25.0,15.372772
1968-05-11,31.5,-25.0,15.902924
1968-05-12,31.5,-25.0,16.190094
1968-05-13,31.5,-25.0,13.662689
1968-05-14,31.5,-25.0,13.843109
1968-05-15,31.5,-25.0,12.723907
1968-05-16,31.5,-25.0,13.876221
1968-05-17,31.5,-25.0,16.15326
1968-05-18,31.5,-25.0,15.545807
1968-05-19,31.5,-25.0,13.705048
1968-05-20,31.5,-25.0,12.324463
1968-05-21,31.5,-25.0,13.358978
1968-05-22,31.5,-25.0,13.605621
1968-05-23,31.5,-25.0,13.635101
1968-05-24,31.5,-25.0,13.009216
1968-05-25,31.5,-25.0,13.609314
1968-05-26,31.5,-25.0,13.966431
1968-05-27,31.5,-25.0,10.5112915
1968-05-28,31.5,-25.0,10.023499
1968-05-29,31.5,-25.0,12.572968
1968-05-30,31.5,-25.0,9.570648
1968-05-31,31.5,-25.0,8.234253
1968-06-01,31.5,-25.0,10.985626
1968-06-02,31.5,-25.0,8.534576
1968-06-03,31.5,-25.0,7.2835693
1968-06-04,31.5,-25.0,7.6577454
1968-06-05,31.5,-25.0,5.7698364
1968-06-06,31.5,-25.0,5.561981
1968-06-07,31.5,-25.0,6.2876587
1968-06-08,31.5,-25.0,7.204193
1968-06-09,31.5,-25.0,10.613342
1968-06-10,31.5,-25.0,10.481049
1968-06-11,31.5,-25.0,10.755066
1968-06-12,31.5,-25.0,8.74057
1968-06-13,31.5,-25.0,8.929535
1968-06-14,31.5,-25.0,7.234436
1968-06-15,31.5,-25.0,5.1651306
1968-06-16,31.5,-25.0,4.881653
1968-06-17,31.5,-25.0,7.4498596
1968-06-18,31.5,-25.0,9.893341
1968-06-19,31.5,-25.0,9.842316
1968-06-20,31.5,-25.0,6.6618347
1968-06-21,31.5,-25.0,6.990631
1968-06-22,31.5,-25.0,8.152863
1968-06-23,31.5,-25.0,5.722595
1968-06-24,31.5,-25.0,6.7033997
1968-06-25,31.5,-25.0,5.9833984
1968-06-26,31.5,-25.0,6.9263916
1968-06-27,31.5,-25.0,12.735535
1968-06-28,31.5,-25.0,12.004211
1968-06-29,31.5,-25.0,10.25238
1968-06-30,31.5,-25.0,6.4463806
1968-07-01,31.5,-25.0,5.7524414
1968-07-02,31.5,-25.0,9.38324
1968-07-03,31.5,-25.0,8.933624
1968-07-04,31.5,-25.0,9.920746
1968-07-05,31.5,-25.0,13.026001
1968-07-06,31.5,-25.0,11.475372
1968-07-07,31.5,-25.0,9.884796
1968-07-08,31.5,-25.0,5.7864075
1968-07-09,31.5,-25.0,8.85968
1968-07-10,31.5,-25.0,11.555298
1968-07-11,31.5,-25.0,10.64212
1968-07-12,31.5,-25.0,14.358826
1968-07-13,31.5,-25.0,10.284424
1968-07-14,31.5,-25.0,8.012451
1968-07-15,31.5,-25.0,7.7147217
1968-07-16,31.5,-25.0,8.665863
1968-07-17,31.5,-25.0,8.420074
1968-07-18,31.5,-25.0,8.645874
1968-07-19,31.5,-25.0,8.815735
1968-07-20,31.5,-25.0,10.004669
1968-07-21,31.5,-25.0,14.580627
1968-07-22,31.5,-25.0,11.301544
1968-07-23,31.5,-25.0,10.552185
1968-07-24,31.5,-25.0,9.656982
1968-07-25,31.5,-25.0,10.863922
1968-07-26,31.5,-25.0,11.908997
1968-07-27,31.5,-25.0,11.559296
1968-07-28,31.5,-25.0,14.532654
1968-07-29,31.5,-25.0,14.258911
1968-07-30,31.5,-25.0,15.637695
1968-07-31,31.5,-25.0,12.776215
1968-08-01,31.5,-25.0,9.820435
1968-08-02,31.5,-25.0,14.056183
1968-08-03,31.5,-25.0,10.507202
1968-08-04,31.5,-25.0,13.242584
1968-08-05,31.5,-25.0,12.674835
1968-08-06,31.5,-25.0,13.107971
1968-08-07,31.5,-25.0,10.470154
1968-08-08,31.5,-25.0,11.917816
1968-08-09,31.5,-25.0,12.895294
1968-08-10,31.5,-25.0,10.813538
1968-08-11,31.5,-25.0,10.397949
1968-08-12,31.5,-25.0,7.330902
1968-08-13,31.5,-25.0,11.654419
1968-08-14,31.5,-25.0,14.830719
1968-08-15,31.5,-25.0,12.668976
1968-08-16,31.5,-25.0,14.440521
1968-08-17,31.5,-25.0,12.487518
1968-08-18,31.5,-25.0,11.24472
1968-08-19,31.5,-25.0,9.121979
1968-08-20,31.5,-25.0,11.441772
1968-08-21,31.5,-25.0,13.310883
1968-08-22,31.5,-25.0,15.267761
1968-08-23,31.5,-25.0,14.910736
1968-08-24,31.5,-25.0,10.9696045
1968-08-25,31.5,-25.0,8.653717
1968-08-26,31.5,-25.0,9.582428
1968-08-27,31.5,-25.0,11.590057
1968-08-28,31.5,-25.0,14.192749
1968-08-29,31.5,-25.0,17.97583
1968-08-30,31.5,-25.0,16.134033
1968-08-31,31.5,-25.0,15.410187
1968-09-01,31.5,-25.0,15.235474
1968-09-02,31.5,-25.0,15.533691
1968-09-03,31.5,-25.0,11.179413
1968-09-04,31.5,-25.0,11.360779
1968-09-05,31.5,-25.0,11.759735
1968-09-06,31.5,-25.0,9.958374
1968-09-07,31.5,-25.0,10.744202
1968-09-08,31.5,-25.0,15.078308
1968-09-09,31.5,-25.0,15.582062
1968-09-10,31.5,-25.0,15.4410095
1968-09-11,31.5,-25.0,17.264526
1968-09-12,31.5,-25.0,15.74527
1968-09-13,31.5,-25.0,14.457733
1968-09-14,31.5,-25.0,13.023102
1968-09-15,31.5,-25.0,17.103333
1968-09-16,31.5,-25.0,18.122894
1968-09-17,31.5,-25.0,18.036224
1968-09-18,31.5,-25.0,18.028168
1968-09-19,31.5,-25.0,17.117432
1968-09-20,31.5,-25.0,15.344299
1968-09-21,31.5,-25.0,12.847778
1968-09-22,31.5,-25.0,15.394653
1968-09-23,31.5,-25.0,19.049744
1968-09-24,31.5,-25.0,15.265717
1968-09-25,31.5,-25.0,11.191528
1968-09-26,31.5,-25.0,8.779633
1968-09-27,31.5,-25.0,11.646881
1968-09-28,31.5,-25.0,15.267731
1968-09-29,31.5,-25.0,14.63504
1968-09-30,31.5,-25.0,13.984222
1968-10-01,31.5,-25.0,12.439301
1968-10-02,31.5,-25.0,17.339294
1968-10-03,31.5,-25.0,16.011719
1968-10-04,31.5,-25.0,14.564117
1968-10-05,31.5,-25.0,14.7074585
1968-10-06,31.5,-25.0,12.958862
1968-10-07,31.5,-25.0,11.957367
1968-10-08,31.5,-25.0,14.161011
1968-10-09,31.5,-25.0,16.660278
1968-10-10,31.5,-25.0,17.373352
1968-10-11,31.5,-25.0,17.776459
1968-10-12,31.5,-25.0,14.52652
1968-10-13,31.5,-25.0,11.962738
1968-10-14,31.5,-25.0,15.155365
1968-10-15,31.5,-25.0,19.437256
1968-10-16,31.5,-25.0,17.477264
1968-10-17,31.5,-25.0,17.96814
1968-10-18,31.5,-25.0,19.817078
1968-10-19,31.5,-25.0,18.172394
1968-10-20,31.5,-25.0,17.860657
1968-10-21,31.5,-25.0,17.430664
1968-10-22,31.5,-25.0,17.246124
1968-10-23,31.5,-25.0,17.009644
1968-10-24,31.5,-25.0,18.177765
1968-10-25,31.5,-25.0,19.55011
1968-10-26,31.5,-25.0,20.094757
1968-10-27,31.5,-25.0,18.813782
1968-10-28,31.5,-25.0,17.656403
1968-10-29,31.5,-25.0,16.352142
1968-10-30,31.5,-25.0,16.169403
1968-10-31,31.5,-25.0,19.198975
1968-11-01,31.5,-25.0,18.209656
1968-11-02,31.5,-25.0,17.07602
1968-11-03,31.5,-25.0,18.259644
1968-11-04,31.5,-25.0,17.434021
1968-11-05,31.5,-25.0,17.58722
1968-11-06,31.5,-25.0,17.36145
1968-11-07,31.5,-25.0,18.21933
1968-11-08,31.5,-25.0,20.38501
1968-11-09,31.5,-25.0,17.022797
1968-11-10,31.5,-25.0,12.056122
1968-11-11,31.5,-25.0,11.909363
1968-11-12,31.5,-25.0,12.383484
1968-11-13,31.5,-25.0,13.594513
1968-11-14,31.5,-25.0,11.324005
1968-11-15,31.5,-25.0,13.97345
1968-11-16,31.5,-25.0,12.378632
1968-11-17,31.5,-25.0,12.3125305
1968-11-18,31.5,-25.0,14.165344
1968-11-19,31.5,-25.0,13.923462
1968-11-20,31.5,-25.0,15.964966
1968-11-21,31.5,-25.0,14.229858
1968-11-22,31.5,-25.0,16.480988
1968-11-23,31.5,-25.0,19.401337
1968-11-24,31.5,-25.0,18.00647
1968-11-25,31.5,-25.0,17.527557
1968-11-26,31.5,-25.0,17.311462
1968-11-27,31.5,-25.0,17.01474
1968-11-28,31.5,-25.0,18.37735
1968-11-29,31.5,-25.0,20.51239
1968-11-30,31.5,-25.0,20.081848
1968-12-01,31.5,-25.0,19.118927
1968-12-02,31.5,-25.0,21.47525
1968-12-03,31.5,-25.0,20.146057
1968-12-04,31.5,-25.0,21.901459
1968-12-05,31.5,-25.0,20.941284
1968-12-06,31.5,-25.0,19.097717
1968-12-07,31.5,-25.0,18.75644
1968-12-08,31.5,-25.0,19.752533
1968-12-09,31.5,-25.0,17.484375
1968-12-10,31.5,-25.0,19.295288
1968-12-11,31.5,-25.0,16.870392
1968-12-12,31.5,-25.0,15.381165
1968-12-13,31.5,-25.0,18.981781
1968-12-14,31.5,-25.0,19.15976
1968-12-15,31.5,-25.0,19.587585
1968-12-16,31.5,-25.0,19.476562
1968-12-17,31.5,-25.0,21.620605
1968-12-18,31.5,-25.0,22.639557
1968-12-19,31.5,-25.0,22.363586
1968-12-20,31.5,-25.0,21.068665
1968-12-21,31.5,-25.0,21.290741
1968-12-22,31.5,-25.0,21.627136
1968-12-23,31.5,-25.0,20.60492
1968-12-24,31.5,-25.0,23.28946
1968-12-25,31.5,-25.0,22.281921
1968-12-26,31.5,-25.0,21.898193
1968-12-27,31.5,-25.0,19.151611
1968-12-28,31.5,-25.0,19.906006
1968-12-29,31.5,-25.0,21.983093
1968-12-30,31.5,-25.0,18.901764
1968-12-31,31.5,-25.0,18.095093
1969-01-01,31.5,-25.0,16.841156
1969-01-02,31.5,-25.0,15.450775
1969-01-03,31.5,-25.0,21.269928
1969-01-04,31.5,-25.0,21.54596
1969-01-05,31.5,-25.0,21.51062
1969-01-06,31.5,-25.0,21.46518
1969-01-07,31.5,-25.0,20.909698
1969-01-08,31.5,-25.0,20.145477
1969-01-09,31.5,-25.0,19.938416
1969-01-10,31.5,-25.0,20.81543
1969-01-11,31.5,-25.0,20.227966
1969-01-12,31.5,-25.0,19.384613
1969-01-13,31.5,-25.0,21.148712
1969-01-14,31.5,-25.0,22.165436
1969-01-15,31.5,-25.0,20.051208
1969-01-16,31.5,-25.0,22.040863
1969-01-17,31.5,-25.0,22.993591
1969-01-18,31.5,-25.0,22.394348
1969-01-19,31.5,-25.0,21.306946
1969-01-20,31.5,-25.0,21.805206
1969-01-21,31.5,-25.0,24.70047
1969-01-22,31.5,-25.0,19.12204
1969-01-23,31.5,-25.0,18.110382
1969-01-24,31.5,-25.0,18.056519
1969-01-25,31.5,-25.0,21.955017
1969-01-26,31.5,-25.0,24.730774
1969-01-27,31.5,-25.0,23.490173
1969-01-28,31.5,-25.0,22.431396
1969-01-29,31.5,-25.0,21.633514
1969-01-30,31.5,-25.0,20.891174
1969-01-31,31.5,-25.0,21.712616
1969-02-01,31.5,-25.0,22.879974
1969-02-02,31.5,-25.0,22.426025
1969-02-03,31.5,-25.0,24.809326
1969-02-04,31.5,-25.0,24.330688
1969-02-05,31.5,-25.0,22.274689
1969-02-06,31.5,-25.0,21.879944
1969-02-07,31.5,-25.0,20.689117
1969-02-08,31.5,-25.0,21.748352
1969-02-09,31.5,-25.0,20.950623
1969-02-10,31.5,-25.0,19.286102
1969-02-11,31.5,-25.0,20.677612
1969-02-12,31.5,-25.0,19.88153
1969-02-13,31.5,-25.0,18.527863
1969-02-14,31.5,-25.0,19.001556
1969-02-15,31.5,-25.0,20.549316
1969-02-16,31.5,-25.0,19.45224
1969-02-17,31.5,-25.0,21.432556
1969-02-18,31.5,-25.0,21.111816
1969-02-19,31.5,-25.0,21.496704
1969-02-20,31.5,-25.0,22.79773
1969-02-21,31.5,-25.0,22.180939
1969-02-22,31.5,-25.0,21.174316
1969-02-23,31.5,-25.0,22.013184
1969-02-24,31.5,-25.0,21.59375
1969-02-25,31.5,-25.0,22.322388
1969-02-26,31.5,-25.0,23.072418
1969-02-27,31.5,-25.0,22.447388
1969-02-28,31.5,-25.0,22.764832
1969-03-01,31.5,-25.0,24.232025
1969-03-02,31.5,-25.0,21.680573
1969-03-03,31.5,-25.0,21.037506
1969-03-04,31.5,-25.0,19.694
1969-03-05,31.5,-25.0,22.629547
1969-03-06,31.5,-25.0,22.447052
1969-03-07,31.5,-25.0,22.191559
1969-03-08,31.5,-25.0,24.002594
1969-03-09,31.5,-25.0,25.68155
1969-03-10,31.5,-25.0,18.253143
1969-03-11,31.5,-25.0,18.070648
1969-03-12,31.5,-25.0,19.315094
1969-03-13,31.5,-25.0,18.884064
1969-03-14,31.5,-25.0,18.970978
1969-03-15,31.5,-25.0,19.273376
1969-03-16,31.5,-25.0,19.46109
1969-03-17,31.5,-25.0,19.339417
1969-03-18,31.5,-25.0,19.09262
1969-03-19,31.5,-25.0,19.509766
1969-03-20,31.5,-25.0,18.86496
1969-03-21,31.5,-25.0,21.266907
1969-03-22,31.5,-25.0,18.581635
1969-03-23,31.5,-25.0,16.440369
1969-03-24,31.5,-25.0,15.267212
1969-03-25,31.5,-25.0,15.103821
1969-03-26,31.5,-25.0,18.9953
1969-03-27,31.5,-25.0,18.96228
1969-03-28,31.5,-25.0,19.615784
1969-03-29,31.5,-25.0,19.39331
1969-03-30,31.5,-25.0,18.385254
1969-03-31,31.5,-25.0,17.83081
1969-04-01,31.5,-25.0,18.53952
1969-04-02,31.5,-25.0,20.505554
1969-04-03,31.5,-25.0,18.900696
1969-04-04,31.5,-25.0,18.651611
1969-04-05,31.5,-25.0,16.397308
1969-04-06,31.5,-25.0,17.576935
1969-04-07,31.5,-25.0,17.859833
1969-04-08,31.5,-25.0,17.72107
1969-04-09,31.5,-25.0,18.270844
1969-04-10,31.5,-25.0,15.587769
1969-04-11,31.5,-25.0,16.345734
1969-04-12,31.5,-25.0,18.73877
1969-04-13,31.5,-25.0,17.173065
1969-04-14,31.5,-25.0,16.379517
1969-04-15,31.5,-25.0,18.459442
1969-04-16,31.5,-25.0,18.372253
1969-04-17,31.5,-25.0,16.440033
1969-04-18,31.5,-25.0,17.82425
1969-04-19,31.5,-25.0,19.290344
1969-04-20,31.5,-25.0,19.986023
1969-04-21,31.5,-25.0,18.763702
1969-04-22,31.5,-25.0,20.453949
1969-04-23,31.5,-25.0,15.835083
1969-04-24,31.5,-25.0,15.2621765
1969-04-25,31.5,-25.0,16.81543
1969-04-26,31.5,-25.0,17.263794
1969-04-27,31.5,-25.0,15.390289
1969-04-28,31.5,-25.0,14.465088
1969-04-29,31.5,-25.0,13.986481
1969-04-30,31.5,-25.0,16.221191
1969-05-01,31.5,-25.0,17.735962
1969-05-02,31.5,-25.0,18.784515
1969-05-03,31.5,-25.0,16.936523
1969-05-04,31.5,-25.0,15.127136
1969-05-05,31.5,-25.0,15.084656
1969-05-06,31.5,-25.0,15.009338
1969-05-07,31.5,-25.0,14.323822
1969-05-08,31.5,-25.0,13.810181
1969-05-09,31.5,-25.0,11.630035
1969-05-10,31.5,-25.0,15.092377
1969-05-11,31.5,-25.0,15.716095
1969-05-12,31.5,-25.0,14.725464
1969-05-13,31.5,-25.0,12.462311
1969-05-14,31.5,-25.0,10.791962
1969-05-15,31.5,-25.0,14.341217
1969-05-16,31.5,-25.0,13.311951
1969-05-17,31.5,-25.0,12.050995
1969-05-18,31.5,-25.0,12.713348
1969-05-19,31.5,-25.0,13.422028
1969-05-20,31.5,-25.0,14.601898
1969-05-21,31.5,-25.0,15.177338
1969-05-22,31.5,-25.0,15.042175
1969-05-23,31.5,-25.0,12.9045105
1969-05-24,31.5,-25.0,12.08963
1969-05-25,31.5,-25.0,11.693756
1969-05-26,31.5,-25.0,10.863403
1969-05-27,31.5,-25.0,11.160797
1969-05-28,31.5,-25.0,11.641632
1969-05-29,31.5,-25.0,11.174316
1969-05-30,31.5,-25.0,10.844116
1969-05-31,31.5,-25.0,11.881073
1969-06-01,31.5,-25.0,11.399292
1969-06-02,31.5,-25.0,14.379913
1969-06-03,31.5,-25.0,12.479919
1969-06-04,31.5,-25.0,12.0781555
1969-06-05,31.5,-25.0,14.059296
1969-06-06,31.5,-25.0,14.225555
1969-06-07,31.5,-25.0,13.247833
1969-06-08,31.5,-25.0,10.344421
1969-06-09,31.5,-25.0,12.535339
1969-06-10,31.5,-25.0,12.183044
1969-06-11,31.5,-25.0,14.947937
1969-06-12,31.5,-25.0,13.610016
1969-06-13,31.5,-25.0,13.255768
1969-06-14,31.5,-25.0,12.715454
1969-06-15,31.5,-25.0,9.6180725
1969-06-16,31.5,-25.0,10.581909
1969-06-17,31.5,-25.0,7.1362
1969-06-18,31.5,-25.0,5.451935
1969-06-19,31.5,-25.0,6.0694275
1969-06-20,31.5,-25.0,10.229614
1969-06-21,31.5,-25.0,8.250458
1969-06-22,31.5,-25.0,6.7403564
1969-06-23,31.5,-25.0,7.2846375
1969-06-24,31.5,-25.0,8.288055
1969-06-25,31.5,-25.0,9.105469
1969-06-26,31.5,-25.0,8.957031
1969-06-27,31.5,-25.0,11.316193
1969-06-28,31.5,-25.0,13.087524
1969-06-29,31.5,-25.0,11.826813
1969-06-30,31.5,-25.0,13.582306
1969-07-01,31.5,-25.0,12.4253235
1969-07-02,31.5,-25.0,14.244446
1969-07-03,31.5,-25.0,12.005676
1969-07-04,31.5,-25.0,11.61084
1969-07-05,31.5,-25.0,12.073914
1969-07-06,31.5,-25.0,13.795868
1969-07-07,31.5,-25.0,11.550903
1969-07-08,31.5,-25.0,14.310608
1969-07-09,31.5,-25.0,11.474426
1969-07-10,31.5,-25.0,8.776733
1969-07-11,31.5,-25.0,8.284729
1969-07-12,31.5,-25.0,9.161224
1969-07-13,31.5,-25.0,8.576202
1969-07-14,31.5,-25.0,9.88269
1969-07-15,31.5,-25.0,11.852722
1969-07-16,31.5,-25.0,12.162781
1969-07-17,31.5,-25.0,12.789154
1969-07-18,31.5,-25.0,12.880096
1969-07-19,31.5,-25.0,12.902832
1969-07-20,31.5,-25.0,9.558136
1969-07-21,31.5,-25.0,6.738495
1969-07-22,31.5,-25.0,5.9715576
1969-07-23,31.5,-25.0,6.3891296
1969-07-24,31.5,-25.0,6.738495
1969-07-25,31.5,-25.0,9.737976
1969-07-26,31.5,-25.0,10.343658
1969-07-27,31.5,-25.0,8.026337
1969-07-28,31.5,-25.0,11.726624
1969-07-29,31.5,-25.0,14.126617
1969-07-30,31.5,-25.0,13.423767
1969-07-31,31.5,-25.0,10.558655
1969-08-01,31.5,-25.0,11.169037
1969-08-02,31.5,-25.0,12.1657715
1969-08-03,31.5,-25.0,11.31369
1969-08-04,31.5,-25.0,11.2760315
1969-08-05,31.5,-25.0,15.187653
1969-08-06,31.5,-25.0,13.998718
1969-08-07,31.5,-25.0,12.910828
1969-08-08,31.5,-25.0,12.4114685
1969-08-09,31.5,-25.0,15.12027
1969-08-10,31.5,-25.0,11.369171
1969-08-11,31.5,-25.0,11.210632
1969-08-12,31.5,-25.0,13.618256
1969-08-13,31.5,-25.0,9.956299
1969-08-14,31.5,-25.0,7.715149
1969-08-15,31.5,-25.0,13.945221
1969-08-16,31.5,-25.0,14.343506
1969-08-17,31.5,-25.0,13.905579
1969-08-18,31.5,-25.0,12.243042
1969-08-19,31.5,-25.0,13.223907
1969-08-20,31.5,-25.0,14.266235
1969-08-21,31.5,-25.0,13.616272
1969-08-22,31.5,-25.0,10.235718
1969-08-23,31.5,-25.0,10.408112
1969-08-24,31.5,-25.0,9.585754
1969-08-25,31.5,-25.0,10.489349
1969-08-26,31.5,-25.0,12.877136
1969-08-27,31.5,-25.0,12.393646
1969-08-28,31.5,-25.0,13.156555
1969-08-29,31.5,-25.0,13.299225
1969-08-30,31.5,-25.0,13.965027
1969-08-31,31.5,-25.0,16.604462
1969-09-01,31.5,-25.0,12.871246
1969-09-02,31.5,-25.0,12.598114
1969-09-03,31.5,-25.0,11.42569
1969-09-04,31.5,-25.0,13.372589
1969-09-05,31.5,-25.0,11.605164
1969-09-06,31.5,-25.0,8.704346
1969-09-07,31.5,-25.0,12.369873
1969-09-08,31.5,-25.0,14.106079
1969-09-09,31.5,-25.0,12.855621
1969-09-10,31.5,-25.0,14.611359
1969-09-11,31.5,-25.0,13.764709
1969-09-12,31.5,-25.0,11.281342
1969-09-13,31.5,-25.0,13.34137
1969-09-14,31.5,-25.0,12.106537
1969-09-15,31.5,-25.0,9.014526
1969-09-16,31.5,-25.0,10.204498
1969-09-17,31.5,-25.0,12.207977
1969-09-18,31.5,-25.0,16.109558
1969-09-19,31.5,-25.0,15.736938
1969-09-20,31.5,-25.0,12.358185
1969-09-21,31.5,-25.0,15.216095
1969-09-22,31.5,-25.0,17.102509
1969-09-23,31.5,-25.0,15.27655
1969-09-24,31.5,-25.0,14.127533
1969-09-25,31.5,-25.0,15.454071
1969-09-26,31.5,-25.0,15.90863
1969-09-27,31.5,-25.0,16.967896
1969-09-28,31.5,-25.0,18.167633
1969-09-29,31.5,-25.0,16.19345
1969-09-30,31.5,-25.0,16.166138
1969-10-01,31.5,-25.0,16.766754
1969-10-02,31.5,-25.0,17.325317
1969-10-03,31.5,-25.0,16.52002
1969-10-04,31.5,-25.0,14.928253
1969-10-05,31.5,-25.0,14.906006
1969-10-06,31.5,-25.0,15.562225
1969-10-07,31.5,-25.0,16.514893
1969-10-08,31.5,-25.0,18.732025
1969-10-09,31.5,-25.0,18.346497
1969-10-10,31.5,-25.0,17.400696
1969-10-11,31.5,-25.0,16.352112
1969-10-12,31.5,-25.0,18.507568
1969-10-13,31.5,-25.0,18.738892
1969-10-14,31.5,-25.0,18.41333
1969-10-15,31.5,-25.0,19.518463
1969-10-16,31.5,-25.0,20.757263
1969-10-17,31.5,-25.0,16.621124
1969-10-18,31.5,-25.0,13.281677
1969-10-19,31.5,-25.0,13.11377
1969-10-20,31.5,-25.0,15.402893
1969-10-21,31.5,-25.0,15.067047
1969-10-22,31.5,-25.0,16.057404
1969-10-23,31.5,-25.0,15.305206
1969-10-24,31.5,-25.0,14.751801
1969-10-25,31.5,-25.0,14.523895
1969-10-26,31.5,-25.0,14.801483
1969-10-27,31.5,-25.0,14.527344
1969-10-28,31.5,-25.0,17.366455
1969-10-29,31.5,-25.0,19.902283
1969-10-30,31.5,-25.0,14.858032
1969-10-31,31.5,-25.0,12.71283
1969-11-01,31.5,-25.0,15.492523
1969-11-02,31.5,-25.0,14.365265
1969-11-03,31.5,-25.0,17.02417
1969-11-04,31.5,-25.0,17.284912
1969-11-05,31.5,-25.0,16.295013
1969-11-06,31.5,-25.0,14.413666
1969-11-07,31.5,-25.0,15.077209
1969-11-08,31.5,-25.0,19.83606
1969-11-09,31.5,-25.0,22.362274
1969-11-10,31.5,-25.0,20.488708
1969-11-11,31.5,-25.0,14.210693
1969-11-12,31.5,-25.0,11.625153
1969-11-13,31.5,-25.0,10.452606
1969-11-14,31.5,-25.0,13.250488
1969-11-15,31.5,-25.0,13.337921
1969-11-16,31.5,-25.0,16.44336
1969-11-17,31.5,-25.0,16.758728
1969-11-18,31.5,-25.0,19.932861
1969-11-19,31.5,-25.0,20.765045
1969-11-20,31.5,-25.0,20.791595
1969-11-21,31.5,-25.0,19.347382
1969-11-22,31.5,-25.0,19.954742
1969-11-23,31.5,-25.0,21.37085
1969-11-24,31.5,-25.0,21.442657
1969-11-25,31.5,-25.0,23.192871
1969-11-26,31.5,-25.0,22.023468
1969-11-27,31.5,-25.0,21.160065
1969-11-28,31.5,-25.0,21.00238
1969-11-29,31.5,-25.0,17.733002
1969-11-30,31.5,-25.0,18.051514
1969-12-01,31.5,-25.0,17.610352
1969-12-02,31.5,-25.0,19.26178
1969-12-03,31.5,-25.0,19.63089
1969-12-04,31.5,-25.0,18.923157
1969-12-05,31.5,-25.0,18.61502
1969-12-06,31.5,-25.0,22.121674
1969-12-07,31.5,-25.0,22.126465
1969-12-08,31.5,-25.0,16.628174
1969-12-09,31.5,-25.0,16.283112
1969-12-10,31.5,-25.0,16.11142
1969-12-11,31.5,-25.0,16.145111
1969-12-12,31.5,-25.0,15.243164
1969-12-13,31.5,-25.0,17.693817
1969-12-14,31.5,-25.0,21.242188
1969-12-15,31.5,-25.0,19.980743
1969-12-16,31.5,-25.0,19.900513
1969-12-17,31.5,-25.0,20.102722
1969-12-18,31.5,-25.0,19.821869
1969-12-19,31.5,-25.0,21.786255
1969-12-20,31.5,-25.0,19.09488
1969-12-21,31.5,-25.0,18.873383
1969-12-22,31.5,-25.0,18.916718
1969-12-23,31.5,-25.0,17.998749
1969-12-24,31.5,-25.0,18.491425
1969-12-25,31.5,-25.0,19.321167
1969-12-26,31.5,-25.0,17.385681
1969-12-27,31.5,-25.0,15.6058655
1969-12-28,31.5,-25.0,19.231293
1969-12-29,31.5,-25.0,19.224854
1969-12-30,31.5,-25.0,17.844666
1969-12-31,31.5,-25.0,20.977386
1970-01-01,31.5,-25.0,21.211548
1970-01-02,31.5,-25.0,23.498383
1970-01-03,31.5,-25.0,22.594421
1970-01-04,31.5,-25.0,22.525787
1970-01-05,31.5,-25.0,23.073364
1970-01-06,31.5,-25.0,21.298187
1970-01-07,31.5,-25.0,21.26059
1970-01-08,31.5,-25.0,19.876038
1970-01-09,31.5,-25.0,18.032196
1970-01-10,31.5,-25.0,20.963074
1970-01-11,31.5,-25.0,18.94757
1970-01-12,31.5,-25.0,21.752594
1970-01-13,31.5,-25.0,20.928741
1970-01-14,31.5,-25.0,19.74527
1970-01-15,31.5,-25.0,22.891937
1970-01-16,31.5,-25.0,21.316162
1970-01-17,31.5,-25.0,20.616547
1970-01-18,31.5,-25.0,20.763641
1970-01-19,31.5,-25.0,23.44281
1970-01-20,31.5,-25.0,23.114227
1970-01-21,31.5,-25.0,22.131836
1970-01-22,31.5,-25.0,21.865387
1970-01-23,31.5,-25.0,22.432617
1970-01-24,31.5,-25.0,20.78653
1970-01-25,31.5,-25.0,19.947968
1970-01-26,31.5,-25.0,22.816742
1970-01-27,31.5,-25.0,22.717041
1970-01-28,31.5,-25.0,22.414612
1970-01-29,31.5,-25.0,22.198853
1970-01-30,31.5,-25.0,21.204987
1970-01-31,31.5,-25.0,19.83844
1970-02-01,31.5,-25.0,20.816711
1970-02-02,31.5,-25.0,18.060638
1970-02-03,31.5,-25.0,15.882172
1970-02-04,31.5,-25.0,15.286865
1970-02-05,31.5,-25.0,19.2641
1970-02-06,31.5,-25.0,20.837616
1970-02-07,31.5,-25.0,23.886536
1970-02-08,31.5,-25.0,22.259918
1970-02-09,31.5,-25.0,21.727356
1970-02-10,31.5,-25.0,21.835144
1970-02-11,31.5,-25.0,21.685516
1970-02-12,31.5,-25.0,20.39679
1970-02-13,31.5,-25.0,20.488495
1970-02-14,31.5,-25.0,20.047638
1970-02-15,31.5,-25.0,21.183533
1970-02-16,31.5,-25.0,19.386383
1970-02-17,31.5,-25.0,18.29071
1970-02-18,31.5,-25.0,16.783173
1970-02-19,31.5,-25.0,19.526367
1970-02-20,31.5,-25.0,18.707428
1970-02-21,31.5,-25.0,17.304443
1970-02-22,31.5,-25.0,18.863495
1970-02-23,31.5,-25.0,18.881195
1970-02-24,31.5,-25.0,22.483551
1970-02-25,31.5,-25.0,22.428833
1970-02-26,31.5,-25.0,22.11029
1970-02-27,31.5,-25.0,19.201355
1970-02-28,31.5,-25.0,20.345306
1970-03-01,31.5,-25.0,22.64627
1970-03-02,31.5,-25.0,21.415497
1970-03-03,31.5,-25.0,19.019836
1970-03-04,31.5,-25.0,20.783203
1970-03-05,31.5,-25.0,22.98291
1970-03-06,31.5,-25.0,22.567902
1970-03-07,31.5,-25.0,21.743225
1970-03-08,31.5,-25.0,20.542725
1970-03-09,31.5,-25.0,20.024414
1970-03-10,31.5,-25.0,19.958527
1970-03-11,31.5,-25.0,18.820374
1970-03-12,31.5,-25.0,18.002808
1970-03-13,31.5,-25.0,18.638672
1970-03-14,31.5,-25.0,17.057007
1970-03-15,31.5,-25.0,15.553711
1970-03-16,31.5,-25.0,17.947601
1970-03-17,31.5,-25.0,16.57254
1970-03-18,31.5,-25.0,18.476593
1970-03-19,31.5,-25.0,19.773285
1970-03-20,31.5,-25.0,20.973785
1970-03-21,31.5,-25.0,21.333557
1970-03-22,31.5,-25.0,20.784973
1970-03-23,31.5,-25.0,20.544525
1970-03-24,31.5,-25.0,19.849884
1970-03-25,31.5,-25.0,18.70993
1970-03-26,31.5,-25.0,17.710693
1970-03-27,31.5,-25.0,17.990356
1970-03-28,31.5,-25.0,17.717834
1970-03-29,31.5,-25.0,17.040985
1970-03-30,31.5,-25.0,15.062134
1970-03-31,31.5,-25.0,15.272308
1970-04-01,31.5,-25.0,17.319794
1970-04-02,31.5,-25.0,17.49115
1970-04-03,31.5,-25.0,17.74356
1970-04-04,31.5,-25.0,16.387512
1970-04-05,31.5,-25.0,17.384277
1970-04-06,31.5,-25.0,16.44278
1970-04-07,31.5,-25.0,16.105621
1970-04-08,31.5,-25.0,20.087128
1970-04-09,31.5,-25.0,18.11203
1970-04-10,31.5,-25.0,17.813568
1970-04-11,31.5,-25.0,16.69519
1970-04-12,31.5,-25.0,18.885864
1970-04-13,31.5,-25.0,18.462097
1970-04-14,31.5,-25.0,19.923157
1970-04-15,31.5,-25.0,21.53711
1970-04-16,31.5,-25.0,20.123962
1970-04-17,31.5,-25.0,17.399017
1970-04-18,31.5,-25.0,14.681427
1970-04-19,31.5,-25.0,15.484711
1970-04-20,31.5,-25.0,16.879456
1970-04-21,31.5,-25.0,18.758728
1970-04-22,31.5,-25.0,16.389374
1970-04-23,31.5,-25.0,16.009827
1970-04-24,31.5,-25.0,13.837585
1970-04-25,31.5,-25.0,12.3802185
1970-04-26,31.5,-25.0,17.441406
1970-04-27,31.5,-25.0,14.841705
1970-04-28,31.5,-25.0,12.326782
1970-04-29,31.5,-25.0,15.54184
1970-04-30,31.5,-25.0,17.192657
1970-05-01,31.5,-25.0,15.803497
1970-05-02,31.5,-25.0,16.399506
1970-05-03,31.5,-25.0,16.237488
1970-05-04,31.5,-25.0,16.233612
1970-05-05,31.5,-25.0,16.974304
1970-05-06,31.5,-25.0,16.386017
1970-05-07,31.5,-25.0,14.528503
1970-05-08,31.5,-25.0,16.389862
1970-05-09,31.5,-25.0,12.096191
1970-05-10,31.5,-25.0,10.321625
1970-05-11,31.5,-25.0,14.09256
1970-05-12,31.5,-25.0,16.738983
1970-05-13,31.5,-25.0,15.217102
1970-05-14,31.5,-25.0,15.03772
1970-05-15,31.5,-25.0,14.165863
1970-05-16,31.5,-25.0,11.968872
1970-05-17,31.5,-25.0,12.665192
1970-05-18,31.5,-25.0,12.82724
1970-05-19,31.5,-25.0,13.095337
1970-05-20,31.5,-25.0,11.743195
1970-05-21,31.5,-25.0,13.000824
1970-05-22,31.5,-25.0,15.226746
1970-05-23,31.5,-25.0,12.750061
1970-05-24,31.5,-25.0,13.484985
1970-05-25,31.5,-25.0,17.46231
1970-05-26,31.5,-25.0,15.236389
1970-05-27,31.5,-25.0,17.63205
1970-05-28,31.5,-25.0,13.540924
1970-05-29,31.5,-25.0,11.965027
1970-05-30,31.5,-25.0,12.744293
1970-05-31,31.5,-25.0,13.697144
1970-06-01,31.5,-25.0,13.076721
1970-06-02,31.5,-25.0,13.994568
1970-06-03,31.5,-25.0,12.93219
1970-06-04,31.5,-25.0,10.327057
1970-06-05,31.5,-25.0,10.5477295
1970-06-06,31.5,-25.0,12.072937
1970-06-07,31.5,-25.0,10.51062
1970-06-08,31.5,-25.0,12.35611
1970-06-09,31.5,-25.0,11.928406
1970-06-10,31.5,-25.0,8.700287
1970-06-11,31.5,-25.0,10.545776
1970-06-12,31.5,-25.0,12.223297
1970-06-13,31.5,-25.0,10.866028
1970-06-14,31.5,-25.0,12.0338745
1970-06-15,31.5,-25.0,11.127716
1970-06-16,31.5,-25.0,7.9347534
1970-06-17,31.5,-25.0,8.3116455
1970-06-18,31.5,-25.0,12.916565
1970-06-19,31.5,-25.0,11.539795
1970-06-20,31.5,-25.0,12.674408
1970-06-21,31.5,-25.0,12.943909
1970-06-22,31.5,-25.0,11.848358
1970-06-23,31.5,-25.0,9.209991
1970-06-24,31.5,-25.0,9.104523
1970-06-25,31.5,-25.0,9.348633
1970-06-26,31.5,-25.0,10.553589
1970-06-27,31.5,-25.0,9.661102
1970-06-28,31.5,-25.0,8.7256775
1970-06-29,31.5,-25.0,8.729584
1970-06-30,31.5,-25.0,8.672943
1970-07-01,31.5,-25.0,8.469482
1970-07-02,31.5,-25.0,11.916138
1970-07-03,31.5,-25.0,9.530609
1970-07-04,31.5,-25.0,9.164368
1970-07-05,31.5,-25.0,11.6033325
1970-07-06,31.5,-25.0,8.410095
1970-07-07,31.5,-25.0,10.613495
1970-07-08,31.5,-25.0,12.12204
1970-07-09,31.5,-25.0,9.669189
1970-07-10,31.5,-25.0,9.599884
1970-07-11,31.5,-25.0,10.587769
1970-07-12,31.5,-25.0,10.138367
1970-07-13,31.5,-25.0,10.734253
1970-07-14,31.5,-25.0,14.6026
1970-07-15,31.5,-25.0,14.018585
1970-07-16,31.5,-25.0,11.840912
1970-07-17,31.5,-25.0,10.484802
1970-07-18,31.5,-25.0,10.851074
1970-07-19,31.5,-25.0,13.139587
1970-07-20,31.5,-25.0,13.349457
1970-07-21,31.5,-25.0,14.428375
1970-07-22,31.5,-25.0,11.724121
1970-07-23,31.5,-25.0,10.463043
1970-07-24,31.5,-25.0,7.2875977
1970-07-25,31.5,-25.0,5.856262
1970-07-26,31.5,-25.0,6.372986
1970-07-27,31.5,-25.0,6.4482117
1970-07-28,31.5,-25.0,8.016113
1970-07-29,31.5,-25.0,8.948578
1970-07-30,31.5,-25.0,11.138123
1970-07-31,31.5,-25.0,12.48233
1970-08-01,31.5,-25.0,9.211517
1970-08-02,31.5,-25.0,9.460419
1970-08-03,31.5,-25.0,13.653412
1970-08-04,31.5,-25.0,13.55426
1970-08-05,31.5,-25.0,14.34552
1970-08-06,31.5,-25.0,14.525604
1970-08-07,31.5,-25.0,15.602203
1970-08-08,31.5,-25.0,13.455109
1970-08-09,31.5,-25.0,14.327301
1970-08-10,31.5,-25.0,14.827148
1970-08-11,31.5,-25.0,14.171478
1970-08-12,31.5,-25.0,13.653412
1970-08-13,31.5,-25.0,10.986267
1970-08-14,31.5,-25.0,14.9930725
1970-08-15,31.5,-25.0,13.268921
1970-08-16,31.5,-25.0,14.460846
1970-08-17,31.5,-25.0,10.78186
1970-08-18,31.5,-25.0,14.841309
1970-08-19,31.5,-25.0,14.252411
1970-08-20,31.5,-25.0,10.184906
1970-08-21,31.5,-25.0,11.844269
1970-08-22,31.5,-25.0,15.027496
1970-08-23,31.5,-25.0,13.851746
1970-08-24,31.5,-25.0,11.534668
1970-08-25,31.5,-25.0,15.76004
1970-08-26,31.5,-25.0,14.34552
1970-08-27,31.5,-25.0,15.707428
1970-08-28,31.5,-25.0,11.789642
1970-08-29,31.5,-25.0,11.46991
1970-08-30,31.5,-25.0,11.051025
1970-08-31,31.5,-25.0,13.463196
1970-09-01,31.5,-25.0,17.153168
1970-09-02,31.5,-25.0,15.692993
1970-09-03,31.5,-25.0,14.187378
1970-09-04,31.5,-25.0,14.085083
1970-09-05,31.5,-25.0,15.872925
1970-09-06,31.5,-25.0,14.9487
1970-09-07,31.5,-25.0,14.755524
1970-09-08,31.5,-25.0,12.124939
1970-09-09,31.5,-25.0,14.783936
1970-09-10,31.5,-25.0,16.787659
1970-09-11,31.5,-25.0,16.516846
1970-09-12,31.5,-25.0,15.831238
1970-09-13,31.5,-25.0,15.115356
1970-09-14,31.5,-25.0,17.935364
1970-09-15,31.5,-25.0,16.783875
1970-09-16,31.5,-25.0,15.441101
1970-09-17,31.5,-25.0,14.7612
1970-09-18,31.5,-25.0,16.596375
1970-09-19,31.5,-25.0,16.196777
1970-09-20,31.5,-25.0,17.668304
1970-09-21,31.5,-25.0,14.670319
1970-09-22,31.5,-25.0,14.778259
1970-09-23,31.5,-25.0,17.4581
1970-09-24,31.5,-25.0,17.560364
1970-09-25,31.5,-25.0,18.10202
1970-09-26,31.5,-25.0,18.270569
1970-09-27,31.5,-25.0,19.978851
1970-09-28,31.5,-25.0,19.494019
1970-09-29,31.5,-25.0,20.509125
1970-09-30,31.5,-25.0,14.609711
1970-10-01,31.5,-25.0,13.583313
1970-10-02,31.5,-25.0,14.403137
1970-10-03,31.5,-25.0,13.118225
1970-10-04,31.5,-25.0,16.787933
1970-10-05,31.5,-25.0,16.942383
1970-10-06,31.5,-25.0,19.276245
1970-10-07,31.5,-25.0,19.434113
1970-10-08,31.5,-25.0,18.210297
1970-10-09,31.5,-25.0,14.194366
1970-10-10,31.5,-25.0,13.86676
1970-10-11,31.5,-25.0,15.022675
1970-10-12,31.5,-25.0,14.875
1970-10-13,31.5,-25.0,15.509827
1970-10-14,31.5,-25.0,13.792084
1970-10-15,31.5,-25.0,18.111877
1970-10-16,31.5,-25.0,12.590363
1970-10-17,31.5,-25.0,12.90097
1970-10-18,31.5,-25.0,11.010132
1970-10-19,31.5,-25.0,13.141998
1970-10-20,31.5,-25.0,13.647827
1970-10-21,31.5,-25.0,15.265381
1970-10-22,31.5,-25.0,14.085724
1970-10-23,31.5,-25.0,16.068237
1970-10-24,31.5,-25.0,17.558533
1970-10-25,31.5,-25.0,13.958435
1970-10-26,31.5,-25.0,12.400269
1970-10-27,31.5,-25.0,15.285767
1970-10-28,31.5,-25.0,17.977783
1970-10-29,31.5,-25.0,18.68219
1970-10-30,31.5,-25.0,18.419098
1970-10-31,31.5,-25.0,18.2901
1970-11-01,31.5,-25.0,18.747406
1970-11-02,31.5,-25.0,19.336365
1970-11-03,31.5,-25.0,20.386993
1970-11-04,31.5,-25.0,17.4357
1970-11-05,31.5,-25.0,16.685944
1970-11-06,31.5,-25.0,16.88971
1970-11-07,31.5,-25.0,16.63977
1970-11-08,31.5,-25.0,18.244354
1970-11-09,31.5,-25.0,17.502563
1970-11-10,31.5,-25.0,16.593628
1970-11-11,31.5,-25.0,16.590424
1970-11-12,31.5,-25.0,16.40738
1970-11-13,31.5,-25.0,19.03711
1970-11-14,31.5,-25.0,20.211884
1970-11-15,31.5,-25.0,20.751526
1970-11-16,31.5,-25.0,20.86615
1970-11-17,31.5,-25.0,22.459595
1970-11-18,31.5,-25.0,20.32492
1970-11-19,31.5,-25.0,20.0766
1970-11-20,31.5,-25.0,18.968658
1970-11-21,31.5,-25.0,17.763641
1970-11-22,31.5,-25.0,15.431549
1970-11-23,31.5,-25.0,17.836853
1970-11-24,31.5,-25.0,20.514343
1970-11-25,31.5,-25.0,19.823486
1970-11-26,31.5,-25.0,19.817108
1970-11-27,31.5,-25.0,22.825714
1970-11-28,31.5,-25.0,21.757568
1970-11-29,31.5,-25.0,22.282898
1970-11-30,31.5,-25.0,21.563385
1970-12-01,31.5,-25.0,21.406372
1970-12-02,31.5,-25.0,21.255157
1970-12-03,31.5,-25.0,20.601532
1970-12-04,31.5,-25.0,21.523438
1970-12-05,31.5,-25.0,24.292328
1970-12-06,31.5,-25.0,23.8078
1970-12-07,31.5,-25.0,19.370728
1970-12-08,31.5,-25.0,17.717194
1970-12-09,31.5,-25.0,18.23587
1970-12-10,31.5,-25.0,20.460083
1970-12-11,31.5,-25.0,19.611359
1970-12-12,31.5,-25.0,21.477905
1970-12-13,31.5,-25.0,23.557404
1970-12-14,31.5,-25.0,20.964111
1970-12-15,31.5,-25.0,19.970703
1970-12-16,31.5,-25.0,19.85852
1970-12-17,31.5,-25.0,22.1055
1970-12-18,31.5,-25.0,21.77707
1970-12-19,31.5,-25.0,21.409607
1970-12-20,31.5,-25.0,20.365784
1970-12-21,31.5,-25.0,22.365631
1970-12-22,31.5,-25.0,18.629333
1970-12-23,31.5,-25.0,18.58545
1970-12-24,31.5,-25.0,19.380493
1970-12-25,31.5,-25.0,18.588684
1970-12-26,31.5,-25.0,20.834045
1970-12-27,31.5,-25.0,21.217743
1970-12-28,31.5,-25.0,22.2128
1970-12-29,31.5,-25.0,22.248566
1970-12-30,31.5,-25.0,22.142883
1970-12-31,31.5,-25.0,21.299042
1971-01-01,31.5,-25.0,18.654022
1971-01-02,31.5,-25.0,19.0578
1971-01-03,31.5,-25.0,19.366882
1971-01-04,31.5,-25.0,18.320038
1971-01-05,31.5,-25.0,16.287842
1971-01-06,31.5,-25.0,15.3888855
1971-01-07,31.5,-25.0,18.429718
1971-01-08,31.5,-25.0,19.900269
1971-01-09,31.5,-25.0,20.20935
1971-01-10,31.5,-25.0,19.903595
1971-01-11,31.5,-25.0,21.508759
1971-01-12,31.5,-25.0,20.985321
1971-01-13,31.5,-25.0,20.528381
1971-01-14,31.5,-25.0,21.686554
1971-01-15,31.5,-25.0,23.4263
1971-01-16,31.5,-25.0,21.746368
1971-01-17,31.5,-25.0,20.736084
1971-01-18,31.5,-25.0,21.25119
1971-01-19,31.5,-25.0,21.714813
1971-01-20,31.5,-25.0,23.245178
1971-01-21,31.5,-25.0,17.884674
1971-01-22,31.5,-25.0,17.794952
1971-01-23,31.5,-25.0,19.740753
1971-01-24,31.5,-25.0,20.883972
1971-01-25,31.5,-25.0,20.672943
1971-01-26,31.5,-25.0,19.840454
1971-01-27,31.5,-25.0,20.343933
1971-01-28,31.5,-25.0,19.120972
1971-01-29,31.5,-25.0,18.90329
1971-01-30,31.5,-25.0,18.426392
1971-01-31,31.5,-25.0,19.966736
1971-02-01,31.5,-25.0,19.491028
1971-02-02,31.5,-25.0,20.722137
1971-02-03,31.5,-25.0,18.684357
1971-02-04,31.5,-25.0,21.104431
1971-02-05,31.5,-25.0,19.689758
1971-02-06,31.5,-25.0,20.129333
1971-02-07,31.5,-25.0,18.89151
1971-02-08,31.5,-25.0,20.52002
1971-02-09,31.5,-25.0,21.778046
1971-02-10,31.5,-25.0,20.41394
1971-02-11,31.5,-25.0,20.479614
1971-02-12,31.5,-25.0,21.205475
1971-02-13,31.5,-25.0,19.987854
1971-02-14,31.5,-25.0,19.824493
1971-02-15,31.5,-25.0,20.223633
1971-02-16,31.5,-25.0,19.944061
1971-02-17,31.5,-25.0,20.52002
1971-02-18,31.5,-25.0,20.193329
1971-02-19,31.5,-25.0,18.419952
1971-02-20,31.5,-25.0,16.41922
1971-02-21,31.5,-25.0,20.710327
1971-02-22,31.5,-25.0,20.784424
1971-02-23,31.5,-25.0,20.210144
1971-02-24,31.5,-25.0,18.65741
1971-02-25,31.5,-25.0,19.25528
1971-02-26,31.5,-25.0,20.264038
1971-02-27,31.5,-25.0,18.70456
1971-02-28,31.5,-25.0,19.950806
1971-03-01,31.5,-25.0,21.335785
1971-03-02,31.5,-25.0,22.778107
1971-03-03,31.5,-25.0,21.805908
1971-03-04,31.5,-25.0,20.517944
1971-03-05,31.5,-25.0,21.186768
1971-03-06,31.5,-25.0,20.537445
1971-03-07,31.5,-25.0,21.43515
1971-03-08,31.5,-25.0,20.943726
1971-03-09,31.5,-25.0,19.547516
1971-03-10,31.5,-25.0,17.714905
1971-03-11,31.5,-25.0,16.916595
1971-03-12,31.5,-25.0,20.695343
1971-03-13,31.5,-25.0,20.21457
1971-03-14,31.5,-25.0,19.244171
1971-03-15,31.5,-25.0,18.928375
1971-03-16,31.5,-25.0,19.928955
1971-03-17,31.5,-25.0,20.654541
1971-03-18,31.5,-25.0,19.671722
1971-03-19,31.5,-25.0,20.079742
1971-03-20,31.5,-25.0,21.742035
1971-03-21,31.5,-25.0,19.23352
1971-03-22,31.5,-25.0,20.289093
1971-03-23,31.5,-25.0,20.82486
1971-03-24,31.5,-25.0,21.085632
1971-03-25,31.5,-25.0,19.882812
1971-03-26,31.5,-25.0,20.148926
1971-03-27,31.5,-25.0,21.007599
1971-03-28,31.5,-25.0,20.482452
1971-03-29,31.5,-25.0,19.0029
1971-03-30,31.5,-25.0,19.292053
1971-03-31,31.5,-25.0,19.40207
1971-04-01,31.5,-25.0,19.483887
1971-04-02,31.5,-25.0,18.007935
1971-04-03,31.5,-25.0,19.518127
1971-04-04,31.5,-25.0,19.512726
1971-04-05,31.5,-25.0,17.328552
1971-04-06,31.5,-25.0,16.508575
1971-04-07,31.5,-25.0,19.040558
1971-04-08,31.5,-25.0,19.727173
1971-04-09,31.5,-25.0,18.004333
1971-04-10,31.5,-25.0,17.44928
1971-04-11,31.5,-25.0,15.940918
1971-04-12,31.5,-25.0,18.972076
1971-04-13,31.5,-25.0,18.036774
1971-04-14,31.5,-25.0,17.982727
1971-04-15,31.5,-25.0,17.943085
1971-04-16,31.5,-25.0,19.085602
1971-04-17,31.5,-25.0,18.34674
1971-04-18,31.5,-25.0,20.284027
1971-04-19,31.5,-25.0,19.835297
1971-04-20,31.5,-25.0,17.270874
1971-04-21,31.5,-25.0,19.606415
1971-04-22,31.5,-25.0,18.489105
1971-04-23,31.5,-25.0,17.182587
1971-04-24,31.5,-25.0,16.739258
1971-04-25,31.5,-25.0,17.151947
1971-04-26,31.5,-25.0,17.543
1971-04-27,31.5,-25.0,14.79657
1971-04-28,31.5,-25.0,18.85495
1971-04-29,31.5,-25.0,15.876038
1971-04-30,31.5,-25.0,17.209625
1971-05-01,31.5,-25.0,17.99945
1971-05-02,31.5,-25.0,18.10141
1971-05-03,31.5,-25.0,16.135986
1971-05-04,31.5,-25.0,16.894958
1971-05-05,31.5,-25.0,15.282593
1971-05-06,31.5,-25.0,13.294495
1971-05-07,31.5,-25.0,13.424774
1971-05-08,31.5,-25.0,14.6293335
1971-05-09,31.5,-25.0,14.767151
1971-05-10,31.5,-25.0,14.266846
1971-05-11,31.5,-25.0,13.987427
1971-05-12,31.5,-25.0,17.516113
1971-05-13,31.5,-25.0,16.402191
1971-05-14,31.5,-25.0,13.76651
1971-05-15,31.5,-25.0,13.672119
1971-05-16,31.5,-25.0,10.220825
1971-05-17,31.5,-25.0,9.80545
1971-05-18,31.5,-25.0,8.415863
1971-05-19,31.5,-25.0,8.421539
1971-05-20,31.5,-25.0,10.330322
1971-05-21,31.5,-25.0,12.739441
1971-05-22,31.5,-25.0,9.671387
1971-05-23,31.5,-25.0,8.874664
1971-05-24,31.5,-25.0,9.305115
1971-05-25,31.5,-25.0,11.487671
1971-05-26,31.5,-25.0,10.766449
1971-05-27,31.5,-25.0,11.515991
1971-05-28,31.5,-25.0,12.401489
1971-05-29,31.5,-25.0,12.531738
1971-05-30,31.5,-25.0,9.688385
1971-05-31,31.5,-25.0,9.6128845
1971-06-01,31.5,-25.0,9.922119
1971-06-02,31.5,-25.0,10.3515625
1971-06-03,31.5,-25.0,8.791107
1971-06-04,31.5,-25.0,9.168091
1971-06-05,31.5,-25.0,11.680786
1971-06-06,31.5,-25.0,10.483734
1971-06-07,31.5,-25.0,8.171173
1971-06-08,31.5,-25.0,9.090363
1971-06-09,31.5,-25.0,10.69165
1971-06-10,31.5,-25.0,10.097015
1971-06-11,31.5,-25.0,9.982361
1971-06-12,31.5,-25.0,9.274994
1971-06-13,31.5,-25.0,9.1409
1971-06-14,31.5,-25.0,10.8685
1971-06-15,31.5,-25.0,12.205505
1971-06-16,31.5,-25.0,11.832367
1971-06-17,31.5,-25.0,11.115295
1971-06-18,31.5,-25.0,11.191101
1971-06-19,31.5,-25.0,7.7300415
1971-06-20,31.5,-25.0,10.932617
1971-06-21,31.5,-25.0,11.8246155
1971-06-22,31.5,-25.0,9.852142
1971-06-23,31.5,-25.0,11.40097
1971-06-24,31.5,-25.0,9.52179
1971-06-25,31.5,-25.0,13.775696
1971-06-26,31.5,-25.0,11.927612
1971-06-27,31.5,-25.0,8.262512
1971-06-28,31.5,-25.0,8.660889
1971-06-29,31.5,-25.0,9.589813
1971-06-30,31.5,-25.0,7.914673
1971-07-01,31.5,-25.0,8.974213
1971-07-02,31.5,-25.0,10.052216
1971-07-03,31.5,-25.0,11.426239
1971-07-04,31.5,-25.0,11.776245
1971-07-05,31.5,-25.0,13.220276
1971-07-06,31.5,-25.0,11.1562195
1971-07-07,31.5,-25.0,9.1502075
1971-07-08,31.5,-25.0,10.790222
1971-07-09,31.5,-25.0,11.0642395
1971-07-10,31.5,-25.0,11.530243
1971-07-11,31.5,-25.0,12.468262
1971-07-12,31.5,-25.0,12.878265
1971-07-13,31.5,-25.0,11.820251
1971-07-14,31.5,-25.0,7.974182
1971-07-15,31.5,-25.0,7.7921753
1971-07-16,31.5,-25.0,9.882202
1971-07-17,31.5,-25.0,12.332245
1971-07-18,31.5,-25.0,11.884247
1971-07-19,31.5,-25.0,7.5801697
1971-07-20,31.5,-25.0,7.980194
1971-07-21,31.5,-25.0,8.514191
1971-07-22,31.5,-25.0,8.750183
1971-07-23,31.5,-25.0,9.85022
1971-07-24,31.5,-25.0,8.810211
1971-07-25,31.5,-25.0,9.60022
1971-07-26,31.5,-25.0,9.68222
1971-07-27,31.5,-25.0,8.644196
1971-07-28,31.5,-25.0,9.102203
1971-07-29,31.5,-25.0,8.802185
1971-07-30,31.5,-25.0,10.740234
1971-07-31,31.5,-25.0,11.662231
1971-08-01,31.5,-25.0,7.3607483
1971-08-02,31.5,-25.0,9.076477
1971-08-03,31.5,-25.0,14.544464
1971-08-04,31.5,-25.0,11.180603
1971-08-05,31.5,-25.0,7.664093
1971-08-06,31.5,-25.0,11.899353
1971-08-07,31.5,-25.0,9.1093445
1971-08-08,31.5,-25.0,13.491455
1971-08-09,31.5,-25.0,9.569183
1971-08-10,31.5,-25.0,14.523224
1971-08-11,31.5,-25.0,14.243042
1971-08-12,31.5,-25.0,12.989075
1971-08-13,31.5,-25.0,10.595154
1971-08-14,31.5,-25.0,11.112976
1971-08-15,31.5,-25.0,12.857697
1971-08-16,31.5,-25.0,12.703125
1971-08-17,31.5,-25.0,12.66449
1971-08-18,31.5,-25.0,12.345673
1971-08-19,31.5,-25.0,13.561005
1971-08-20,31.5,-25.0,15.133759
1971-08-21,31.5,-25.0,14.544464
1971-08-22,31.5,-25.0,11.478149
1971-08-23,31.5,-25.0,9.381775
1971-08-24,31.5,-25.0,10.879181
1971-08-25,31.5,-25.0,10.5043335
1971-08-26,31.5,-25.0,12.674133
1971-08-27,31.5,-25.0,13.85083
1971-08-28,31.5,-25.0,12.757233
1971-08-29,31.5,-25.0,11.578613
1971-08-30,31.5,-25.0,13.561005
1971-08-31,31.5,-25.0,13.984131
1971-09-01,31.5,-25.0,15.361237
1971-09-02,31.5,-25.0,13.619263
1971-09-03,31.5,-25.0,15.251862
1971-09-04,31.5,-25.0,18.62259
1971-09-05,31.5,-25.0,17.62268
1971-09-06,31.5,-25.0,17.08368
1971-09-07,31.5,-25.0,13.720795
1971-09-08,31.5,-25.0,13.740326
1971-09-09,31.5,-25.0,12.619354
1971-09-10,31.5,-25.0,14.337921
1971-09-11,31.5,-25.0,11.568695
1971-09-12,31.5,-25.0,15.841644
1971-09-13,31.5,-25.0,13.552856
1971-09-14,31.5,-25.0,14.8749695
1971-09-15,31.5,-25.0,16.909882
1971-09-16,31.5,-25.0,18.071869
1971-09-17,31.5,-25.0,16.945038
1971-09-18,31.5,-25.0,15.224518
1971-09-19,31.5,-25.0,13.707123
1971-09-20,31.5,-25.0,16.378693
1971-09-21,31.5,-25.0,14.667969
1971-09-22,31.5,-25.0,15.640503
1971-09-23,31.5,-25.0,13.951233
1971-09-24,31.5,-25.0,15.441315
1971-09-25,31.5,-25.0,18.263245
1971-09-26,31.5,-25.0,18.151917
1971-09-27,31.5,-25.0,18.355042
1971-09-28,31.5,-25.0,17.927338
1971-09-29,31.5,-25.0,18.450714
1971-09-30,31.5,-25.0,15.626831
1971-10-01,31.5,-25.0,15.389862
1971-10-02,31.5,-25.0,15.4183655
1971-10-03,31.5,-25.0,17.69748
1971-10-04,31.5,-25.0,19.5607
1971-10-05,31.5,-25.0,15.515625
1971-10-06,31.5,-25.0,15.196991
1971-10-07,31.5,-25.0,16.131134
1971-10-08,31.5,-25.0,16.174713
1971-10-09,31.5,-25.0,18.341492
1971-10-10,31.5,-25.0,18.05304
1971-10-11,31.5,-25.0,16.573853
1971-10-12,31.5,-25.0,18.77417
1971-10-13,31.5,-25.0,18.96701
1971-10-14,31.5,-25.0,18.792603
1971-10-15,31.5,-25.0,18.960327
1971-10-16,31.5,-25.0,18.427002
1971-10-17,31.5,-25.0,17.860168
1971-10-18,31.5,-25.0,15.540802
1971-10-19,31.5,-25.0,14.507721
1971-10-20,31.5,-25.0,12.864197
1971-10-21,31.5,-25.0,15.307678
1971-10-22,31.5,-25.0,17.209473
1971-10-23,31.5,-25.0,11.958588
1971-10-24,31.5,-25.0,10.9305725
1971-10-25,31.5,-25.0,12.478485
1971-10-26,31.5,-25.0,11.074799
1971-10-27,31.5,-25.0,14.350098
1971-10-28,31.5,-25.0,16.82373
1971-10-29,31.5,-25.0,16.087524
1971-10-30,31.5,-25.0,17.989288
1971-10-31,31.5,-25.0,19.267212
1971-11-01,31.5,-25.0,16.451416
1971-11-02,31.5,-25.0,15.823883
1971-11-03,31.5,-25.0,15.44577
1971-11-04,31.5,-25.0,16.846771
1971-11-05,31.5,-25.0,18.351288
1971-11-06,31.5,-25.0,19.716187
1971-11-07,31.5,-25.0,19.730286
1971-11-08,31.5,-25.0,16.404358
1971-11-09,31.5,-25.0,14.785309
1971-11-10,31.5,-25.0,16.650665
1971-11-11,31.5,-25.0,15.809753
1971-11-12,31.5,-25.0,18.687012
1971-11-13,31.5,-25.0,18.010834
1971-11-14,31.5,-25.0,16.379242
1971-11-15,31.5,-25.0,18.956848
1971-11-16,31.5,-25.0,15.230835
1971-11-17,31.5,-25.0,14.76178
1971-11-18,31.5,-25.0,15.208893
1971-11-19,31.5,-25.0,18.329315
1971-11-20,31.5,-25.0,18.167725
1971-11-21,31.5,-25.0,18.249298
1971-11-22,31.5,-25.0,17.030304
1971-11-23,31.5,-25.0,16.89383
1971-11-24,31.5,-25.0,15.502258
1971-11-25,31.5,-25.0,16.975403
1971-11-26,31.5,-25.0,18.417175
1971-11-27,31.5,-25.0,16.4169
1971-11-28,31.5,-25.0,19.711456
1971-11-29,31.5,-25.0,19.400848
1971-11-30,31.5,-25.0,18.200684
1971-12-01,31.5,-25.0,19.478394
1971-12-02,31.5,-25.0,18.904816
1971-12-03,31.5,-25.0,19.292114
1971-12-04,31.5,-25.0,18.95874
1971-12-05,31.5,-25.0,19.011047
1971-12-06,31.5,-25.0,18.945679
1971-12-07,31.5,-25.0,17.715149
1971-12-08,31.5,-25.0,16.902985
1971-12-09,31.5,-25.0,20.163116
1971-12-10,31.5,-25.0,20.836365
1971-12-11,31.5,-25.0,20.03891
1971-12-12,31.5,-25.0,21.305359
1971-12-13,31.5,-25.0,20.128784
1971-12-14,31.5,-25.0,19.270874
1971-12-15,31.5,-25.0,19.071503
1971-12-16,31.5,-25.0,17.251068
1971-12-17,31.5,-25.0,20.056885
1971-12-18,31.5,-25.0,18.875397
1971-12-19,31.5,-25.0,18.509338
1971-12-20,31.5,-25.0,17.540314
1971-12-21,31.5,-25.0,19.176086
1971-12-22,31.5,-25.0,17.636719
1971-12-23,31.5,-25.0,18.3443
1971-12-24,31.5,-25.0,17.197144
1971-12-25,31.5,-25.0,20.115723
1971-12-26,31.5,-25.0,21.1109
1971-12-27,31.5,-25.0,22.378998
1971-12-28,31.5,-25.0,21.271057
1971-12-29,31.5,-25.0,21.936157
1971-12-30,31.5,-25.0,20.834747
1971-12-31,31.5,-25.0,20.194153
1972-01-01,31.5,-25.0,20.509521
1972-01-02,31.5,-25.0,20.50293
1972-01-03,31.5,-25.0,21.142456
1972-01-04,31.5,-25.0,21.576447
1972-01-05,31.5,-25.0,19.93576
1972-01-06,31.5,-25.0,18.992126
1972-01-07,31.5,-25.0,19.651337
1972-01-08,31.5,-25.0,21.934845
1972-01-09,31.5,-25.0,22.294891
1972-01-10,31.5,-25.0,23.1958
1972-01-11,31.5,-25.0,20.2547
1972-01-12,31.5,-25.0,19.406403
1972-01-13,31.5,-25.0,19.131836
1972-01-14,31.5,-25.0,20.775848
1972-01-15,31.5,-25.0,22.04007
1972-01-16,31.5,-25.0,21.816498
1972-01-17,31.5,-25.0,21.707977
1972-01-18,31.5,-25.0,21.405487
1972-01-19,31.5,-25.0,20.96817
1972-01-20,31.5,-25.0,22.079529
1972-01-21,31.5,-25.0,22.099243
1972-01-22,31.5,-25.0,17.331696
1972-01-23,31.5,-25.0,16.988098
1972-01-24,31.5,-25.0,17.12619
1972-01-25,31.5,-25.0,18.230957
1972-01-26,31.5,-25.0,18.45288
1972-01-27,31.5,-25.0,18.377258
1972-01-28,31.5,-25.0,19.842041
1972-01-29,31.5,-25.0,21.370972
1972-01-30,31.5,-25.0,20.476624
1972-01-31,31.5,-25.0,21.416992
1972-02-01,31.5,-25.0,20.348694
1972-02-02,31.5,-25.0,22.349792
1972-02-03,31.5,-25.0,22.383606
1972-02-04,31.5,-25.0,21.821747
1972-02-05,31.5,-25.0,20.557983
1972-02-06,31.5,-25.0,19.226593
1972-02-07,31.5,-25.0,18.17212
1972-02-08,31.5,-25.0,15.865112
1972-02-09,31.5,-25.0,16.66684
1972-02-10,31.5,-25.0,17.623138
1972-02-11,31.5,-25.0,16.628204
1972-02-12,31.5,-25.0,15.533478
1972-02-13,31.5,-25.0,14.992554
1972-02-14,31.5,-25.0,21.531952
1972-02-15,31.5,-25.0,20.955627
1972-02-16,31.5,-25.0,21.406403
1972-02-17,31.5,-25.0,19.84961
1972-02-18,31.5,-25.0,17.302765
1972-02-19,31.5,-25.0,17.128906
1972-02-20,31.5,-25.0,19.846405
1972-02-21,31.5,-25.0,19.426208
1972-02-22,31.5,-25.0,20.268188
1972-02-23,31.5,-25.0,21.261505
1972-02-24,31.5,-25.0,21.660767
1972-02-25,31.5,-25.0,20.551544
1972-02-26,31.5,-25.0,19.65805
1972-02-27,31.5,-25.0,20.13617
1972-02-28,31.5,-25.0,19.624237
1972-02-29,31.5,-25.0,19.489014
1972-03-01,31.5,-25.0,19.62613
1972-03-02,31.5,-25.0,18.440369
1972-03-03,31.5,-25.0,19.772186
1972-03-04,31.5,-25.0,20.98053
1972-03-05,31.5,-25.0,19.65741
1972-03-06,31.5,-25.0,18.179565
1972-03-07,31.5,-25.0,17.169434
1972-03-08,31.5,-25.0,18.803741
1972-03-09,31.5,-25.0,20.220734
1972-03-10,31.5,-25.0,19.396637
1972-03-11,31.5,-25.0,19.34793
1972-03-12,31.5,-25.0,20.281586
1972-03-13,31.5,-25.0,17.918762
1972-03-14,31.5,-25.0,18.73941
1972-03-15,31.5,-25.0,18.643799
1972-03-16,31.5,-25.0,20.283325
1972-03-17,31.5,-25.0,19.841705
1972-03-18,31.5,-25.0,20.060791
1972-03-19,31.5,-25.0,20.721466
1972-03-20,31.5,-25.0,20.217255
1972-03-21,31.5,-25.0,20.330292
1972-03-22,31.5,-25.0,21.023987
1972-03-23,31.5,-25.0,20.658875
1972-03-24,31.5,-25.0,20.090332
1972-03-25,31.5,-25.0,18.045685
1972-03-26,31.5,-25.0,19.579193
1972-03-27,31.5,-25.0,17.322418
1972-03-28,31.5,-25.0,15.389038
1972-03-29,31.5,-25.0,14.370209
1972-03-30,31.5,-25.0,16.693024
1972-03-31,31.5,-25.0,18.290833
1972-04-01,31.5,-25.0,17.965027
1972-04-02,31.5,-25.0,17.855835
1972-04-03,31.5,-25.0,16.407715
1972-04-04,31.5,-25.0,18.308716
1972-04-05,31.5,-25.0,19.985962
1972-04-06,31.5,-25.0,17.988312
1972-04-07,31.5,-25.0,15.43573
1972-04-08,31.5,-25.0,17.539001
1972-04-09,31.5,-25.0,19.388092
1972-04-10,31.5,-25.0,18.170868
1972-04-11,31.5,-25.0,16.753174
1972-04-12,31.5,-25.0,18.3302
1972-04-13,31.5,-25.0,16.919647
1972-04-14,31.5,-25.0,17.807495
1972-04-15,31.5,-25.0,18.740112
1972-04-16,31.5,-25.0,16.622528
1972-04-17,31.5,-25.0,16.305695
1972-04-18,31.5,-25.0,18.120758
1972-04-19,31.5,-25.0,18.1315
1972-04-20,31.5,-25.0,17.277649
1972-04-21,31.5,-25.0,15.050873
1972-04-22,31.5,-25.0,14.818176
1972-04-23,31.5,-25.0,16.758545
1972-04-24,31.5,-25.0,16.568817
1972-04-25,31.5,-25.0,20.188232
1972-04-26,31.5,-25.0,19.563507
1972-04-27,31.5,-25.0,17.288391
1972-04-28,31.5,-25.0,17.73053
1972-04-29,31.5,-25.0,16.717377
1972-04-30,31.5,-25.0,10.778107
1972-05-01,31.5,-25.0,6.956848
1972-05-02,31.5,-25.0,10.234711
1972-05-03,31.5,-25.0,11.132446
1972-05-04,31.5,-25.0,11.776184
1972-05-05,31.5,-25.0,13.705505
1972-05-06,31.5,-25.0,14.270538
1972-05-07,31.5,-25.0,16.394745
1972-05-08,31.5,-25.0,13.04599
1972-05-09,31.5,-25.0,11.431671
1972-05-10,31.5,-25.0,12.028198
1972-05-11,31.5,-25.0,13.008606
1972-05-12,31.5,-25.0,12.140411
1972-05-13,31.5,-25.0,12.587311
1972-05-14,31.5,-25.0,11.880524
1972-05-15,31.5,-25.0,14.294159
1972-05-16,31.5,-25.0,11.447418
1972-05-17,31.5,-25.0,15.396637
1972-05-18,31.5,-25.0,14.601257
1972-05-19,31.5,-25.0,13.05191
1972-05-20,31.5,-25.0,14.022461
1972-05-21,31.5,-25.0,14.406372
1972-05-22,31.5,-25.0,16.099457
1972-05-23,31.5,-25.0,16.123077
1972-05-24,31.5,-25.0,13.242859
1972-05-25,31.5,-25.0,11.284027
1972-05-26,31.5,-25.0,11.573425
1972-05-27,31.5,-25.0,11.27417
1972-05-28,31.5,-25.0,12.939697
1972-05-29,31.5,-25.0,14.33551
1972-05-30,31.5,-25.0,11.923859
1972-05-31,31.5,-25.0,12.004578
1972-06-01,31.5,-25.0,13.771606
1972-06-02,31.5,-25.0,15.17157
1972-06-03,31.5,-25.0,12.672638
1972-06-04,31.5,-25.0,9.1302185
1972-06-05,31.5,-25.0,9.928192
1972-06-06,31.5,-25.0,11.965759
1972-06-07,31.5,-25.0,10.791534
1972-06-08,31.5,-25.0,9.260895
1972-06-09,31.5,-25.0,7.9480896
1972-06-10,31.5,-25.0,7.8510437
1972-06-11,31.5,-25.0,7.95401
1972-06-12,31.5,-25.0,7.5738525
1972-06-13,31.5,-25.0,7.8629456
1972-06-14,31.5,-25.0,8.399536
1972-06-15,31.5,-25.0,7.5560303
1972-06-16,31.5,-25.0,7.5243225
1972-06-17,31.5,-25.0,7.314453
1972-06-18,31.5,-25.0,7.5777893
1972-06-19,31.5,-25.0,8.837158
1972-06-20,31.5,-25.0,10.346008
1972-06-21,31.5,-25.0,9.771759
1972-06-22,31.5,-25.0,9.365845
1972-06-23,31.5,-25.0,8.24707
1972-06-24,31.5,-25.0,11.25885
1972-06-25,31.5,-25.0,10.140076
1972-06-26,31.5,-25.0,9.464844
1972-06-27,31.5,-25.0,9.328217
1972-06-28,31.5,-25.0,6.7877197
1972-06-29,31.5,-25.0,7.352051
1972-06-30,31.5,-25.0,6.136261
1972-07-01,31.5,-25.0,6.790039
1972-07-02,31.5,-25.0,6.253296
1972-07-03,31.5,-25.0,6.042145
1972-07-04,31.5,-25.0,7.3189087
1972-07-05,31.5,-25.0,7.514282
1972-07-06,31.5,-25.0,7.557678
1972-07-07,31.5,-25.0,8.577881
1972-07-08,31.5,-25.0,9.961212
1972-07-09,31.5,-25.0,11.427399
1972-07-10,31.5,-25.0,12.293701
1972-07-11,31.5,-25.0,9.5546875
1972-07-12,31.5,-25.0,13.134338
1972-07-13,31.5,-25.0,10.831451
1972-07-14,31.5,-25.0,7.9405212
1972-07-15,31.5,-25.0,9.138336
1972-07-16,31.5,-25.0,12.246338
1972-07-17,31.5,-25.0,9.221191
1972-07-18,31.5,-25.0,8.12796
1972-07-19,31.5,-25.0,14.257172
1972-07-20,31.5,-25.0,10.667664
1972-07-21,31.5,-25.0,8.27005
1972-07-22,31.5,-25.0,9.079132
1972-07-23,31.5,-25.0,7.7471313
1972-07-24,31.5,-25.0,9.264618
1972-07-25,31.5,-25.0,11.678009
1972-07-26,31.5,-25.0,9.669159
1972-07-27,31.5,-25.0,10.044098
1972-07-28,31.5,-25.0,10.342072
1972-07-29,31.5,-25.0,12.396301
1972-07-30,31.5,-25.0,11.224152
1972-07-31,31.5,-25.0,12.528503
1972-08-01,31.5,-25.0,8.3671875
1972-08-02,31.5,-25.0,5.3234253
1972-08-03,31.5,-25.0,5.1844482
1972-08-04,31.5,-25.0,5.401703
1972-08-05,31.5,-25.0,12.143036
1972-08-06,31.5,-25.0,11.606689
1972-08-07,31.5,-25.0,9.938995
1972-08-08,31.5,-25.0,13.687439
1972-08-09,31.5,-25.0,10.811981
1972-08-10,31.5,-25.0,10.027069
1972-08-11,31.5,-25.0,8.486603
1972-08-12,31.5,-25.0,9.962463
1972-08-13,31.5,-25.0,12.143036
1972-08-14,31.5,-25.0,14.67395
1972-08-15,31.5,-25.0,13.42514
1972-08-16,31.5,-25.0,11.510803
1972-08-17,31.5,-25.0,10.708252
1972-08-18,31.5,-25.0,13.1276245
1972-08-19,31.5,-25.0,15.235748
1972-08-20,31.5,-25.0,12.804626
1972-08-21,31.5,-25.0,15.362976
1972-08-22,31.5,-25.0,13.481903
1972-08-23,31.5,-25.0,14.029968
1972-08-24,31.5,-25.0,14.626984
1972-08-25,31.5,-25.0,16.844727
1972-08-26,31.5,-25.0,14.157196
1972-08-27,31.5,-25.0,12.272217
1972-08-28,31.5,-25.0,13.05127
1972-08-29,31.5,-25.0,12.180237
1972-08-30,31.5,-25.0,13.824463
1972-08-31,31.5,-25.0,15.40213
1972-09-01,31.5,-25.0,16.16687
1972-09-02,31.5,-25.0,15.481354
1972-09-03,31.5,-25.0,14.0824585
1972-09-04,31.5,-25.0,13.584564
1972-09-05,31.5,-25.0,11.648743
1972-09-06,31.5,-25.0,9.69809
1972-09-07,31.5,-25.0,10.0529175
1972-09-08,31.5,-25.0,11.923706
1972-09-09,31.5,-25.0,14.056427
1972-09-10,31.5,-25.0,12.525635
1972-09-11,31.5,-25.0,13.465668
1972-09-12,31.5,-25.0,14.513458
1972-09-13,31.5,-25.0,15.000183
1972-09-14,31.5,-25.0,16.566284
1972-09-15,31.5,-25.0,11.862396
1972-09-16,31.5,-25.0,10.1996765
1972-09-17,31.5,-25.0,9.58847
1972-09-18,31.5,-25.0,10.84433
1972-09-19,31.5,-25.0,13.383911
1972-09-20,31.5,-25.0,15.1432495
1972-09-21,31.5,-25.0,16.872833
1972-09-22,31.5,-25.0,17.887177
1972-09-23,31.5,-25.0,17.227661
1972-09-24,31.5,-25.0,16.174316
1972-09-25,31.5,-25.0,16.295074
1972-09-26,31.5,-25.0,15.418182
1972-09-27,31.5,-25.0,17.524902
1972-09-28,31.5,-25.0,15.799042
1972-09-29,31.5,-25.0,16.995453
1972-09-30,31.5,-25.0,17.530487
1972-10-01,31.5,-25.0,17.922882
1972-10-02,31.5,-25.0,15.420776
1972-10-03,31.5,-25.0,19.059387
1972-10-04,31.5,-25.0,15.272766
1972-10-05,31.5,-25.0,15.064819
1972-10-06,31.5,-25.0,16.712341
1972-10-07,31.5,-25.0,16.375793
1972-10-08,31.5,-25.0,17.8154
1972-10-09,31.5,-25.0,16.648926
1972-10-10,31.5,-25.0,16.023376
1972-10-11,31.5,-25.0,18.479675
1972-10-12,31.5,-25.0,17.709656
1972-10-13,31.5,-25.0,16.310608
1972-10-14,31.5,-25.0,15.454254
1972-10-15,31.5,-25.0,16.604858
1972-10-16,31.5,-25.0,16.467438
1972-10-17,31.5,-25.0,14.918579
1972-10-18,31.5,-25.0,15.561737
1972-10-19,31.5,-25.0,17.396027
1972-10-20,31.5,-25.0,18.944855
1972-10-21,31.5,-25.0,19.693726
1972-10-22,31.5,-25.0,19.223267
1972-10-23,31.5,-25.0,20.421448
1972-10-24,31.5,-25.0,17.65857
1972-10-25,31.5,-25.0,16.74054
1972-10-26,31.5,-25.0,16.227783
1972-10-27,31.5,-25.0,16.28418
1972-10-28,31.5,-25.0,19.351898
1972-10-29,31.5,-25.0,17.156372
1972-10-30,31.5,-25.0,15.956421
1972-10-31,31.5,-25.0,16.257751
1972-11-01,31.5,-25.0,17.371216
1972-11-02,31.5,-25.0,19.101715
1972-11-03,31.5,-25.0,17.421936
1972-11-04,31.5,-25.0,19.694946
1972-11-05,31.5,-25.0,19.456726
1972-11-06,31.5,-25.0,17.527985
1972-11-07,31.5,-25.0,16.62738
1972-11-08,31.5,-25.0,14.956848
1972-11-09,31.5,-25.0,15.703735
1972-11-10,31.5,-25.0,14.149994
1972-11-11,31.5,-25.0,13.527557
1972-11-12,31.5,-25.0,16.086426
1972-11-13,31.5,-25.0,15.337982
1972-11-14,31.5,-25.0,15.087463
1972-11-15,31.5,-25.0,15.474762
1972-11-16,31.5,-25.0,17.4281
1972-11-17,31.5,-25.0,16.458344
1972-11-18,31.5,-25.0,16.011108
1972-11-19,31.5,-25.0,14.766266
1972-11-20,31.5,-25.0,15.167389
1972-11-21,31.5,-25.0,16.02649
1972-11-22,31.5,-25.0,15.855896
1972-11-23,31.5,-25.0,18.205719
1972-11-24,31.5,-25.0,19.186249
1972-11-25,31.5,-25.0,19.639618
1972-11-26,31.5,-25.0,19.3768
1972-11-27,31.5,-25.0,19.438293
1972-11-28,31.5,-25.0,18.620667
1972-11-29,31.5,-25.0,20.8107
1972-11-30,31.5,-25.0,19.292297
1972-12-01,31.5,-25.0,21.975769
1972-12-02,31.5,-25.0,21.25885
1972-12-03,31.5,-25.0,20.888
1972-12-04,31.5,-25.0,21.424438
1972-12-05,31.5,-25.0,21.690979
1972-12-06,31.5,-25.0,21.874756
1972-12-07,31.5,-25.0,18.997223
1972-12-08,31.5,-25.0,21.747284
1972-12-09,31.5,-25.0,22.624786
1972-12-10,31.5,-25.0,22.270477
1972-12-11,31.5,-25.0,22.782074
1972-12-12,31.5,-25.0,21.581726
1972-12-13,31.5,-25.0,20.411163
1972-12-14,31.5,-25.0,23.916199
1972-12-15,31.5,-25.0,22.770477
1972-12-16,31.5,-25.0,21.088318
1972-12-17,31.5,-25.0,20.027039
1972-12-18,31.5,-25.0,19.056824
1972-12-19,31.5,-25.0,19.541931
1972-12-20,31.5,-25.0,18.374695
1972-12-21,31.5,-25.0,19.80188
1972-12-22,31.5,-25.0,20.53534
1972-12-23,31.5,-25.0,17.101501
1972-12-24,31.5,-25.0,16.12796
1972-12-25,31.5,-25.0,17.331635
1972-12-26,31.5,-25.0,21.712524
1972-12-27,31.5,-25.0,19.073395
1972-12-28,31.5,-25.0,23.37149
1972-12-29,31.5,-25.0,24.11322
1972-12-30,31.5,-25.0,21.505554
1972-12-31,31.5,-25.0,19.041931
1973-01-01,31.5,-25.0,17.10553
1973-01-02,31.5,-25.0,22.79013
1973-01-03,31.5,-25.0,23.030334
1973-01-04,31.5,-25.0,22.17865
1973-01-05,31.5,-25.0,22.820374
1973-01-06,31.5,-25.0,22.9581
1973-01-07,31.5,-25.0,21.172424
1973-01-08,31.5,-25.0,23.92569
1973-01-09,31.5,-25.0,22.492798
1973-01-10,31.5,-25.0,20.591217
1973-01-11,31.5,-25.0,19.645447
1973-01-12,31.5,-25.0,20.013336
1973-01-13,31.5,-25.0,19.66394
1973-01-14,31.5,-25.0,19.200287
1973-01-15,31.5,-25.0,18.97519
1973-01-16,31.5,-25.0,19.628662
1973-01-17,31.5,-25.0,17.994171
1973-01-18,31.5,-25.0,19.267487
1973-01-19,31.5,-25.0,20.673523
1973-01-20,31.5,-25.0,21.29004
1973-01-21,31.5,-25.0,20.680237
1973-01-22,31.5,-25.0,21.876282
1973-01-23,31.5,-25.0,22.548218
1973-01-24,31.5,-25.0,23.378082
1973-01-25,31.5,-25.0,24.784088
1973-01-26,31.5,-25.0,22.96988
1973-01-27,31.5,-25.0,22.855652
1973-01-28,31.5,-25.0,21.063232
1973-01-29,31.5,-25.0,19.949524
1973-01-30,31.5,-25.0,20.613037
1973-01-31,31.5,-25.0,17.740509
1973-02-01,31.5,-25.0,16.432861
1973-02-02,31.5,-25.0,16.07611
1973-02-03,31.5,-25.0,14.644348
1973-02-04,31.5,-25.0,16.36087
1973-02-05,31.5,-25.0,17.586273
1973-02-06,31.5,-25.0,19.211609
1973-02-07,31.5,-25.0,22.09433
1973-02-08,31.5,-25.0,21.73117
1973-02-09,31.5,-25.0,21.766388
1973-02-10,31.5,-25.0,22.452667
1973-02-11,31.5,-25.0,21.990326
1973-02-12,31.5,-25.0,22.708618
1973-02-13,31.5,-25.0,20.992096
1973-02-14,31.5,-25.0,21.16809
1973-02-15,31.5,-25.0,20.881714
1973-02-16,31.5,-25.0,21.987152
1973-02-17,31.5,-25.0,21.483215
1973-02-18,31.5,-25.0,21.822357
1973-02-19,31.5,-25.0,21.913544
1973-02-20,31.5,-25.0,21.14569
1973-02-21,31.5,-25.0,20.468994
1973-02-22,31.5,-25.0,20.657745
1973-02-23,31.5,-25.0,20.740936
1973-02-24,31.5,-25.0,21.243256
1973-02-25,31.5,-25.0,19.781097
1973-02-26,31.5,-25.0,19.320374
1973-02-27,31.5,-25.0,19.082031
1973-02-28,31.5,-25.0,18.547699
1973-03-01,31.5,-25.0,20.102264
1973-03-02,31.5,-25.0,21.82962
1973-03-03,31.5,-25.0,22.330109
1973-03-04,31.5,-25.0,21.797089
1973-03-05,31.5,-25.0,20.879211
1973-03-06,31.5,-25.0,20.158264
1973-03-07,31.5,-25.0,19.800507
1973-03-08,31.5,-25.0,17.471497
1973-03-09,31.5,-25.0,21.710358
1973-03-10,31.5,-25.0,21.681458
1973-03-11,31.5,-25.0,20.555786
1973-03-12,31.5,-25.0,18.82663
1973-03-13,31.5,-25.0,19.468048
1973-03-14,31.5,-25.0,21.15384
1973-03-15,31.5,-25.0,22.964325
1973-03-16,31.5,-25.0,21.959717
1973-03-17,31.5,-25.0,21.533295
1973-03-18,31.5,-25.0,21.370667
1973-03-19,31.5,-25.0,20.964142
1973-03-20,31.5,-25.0,21.544128
1973-03-21,31.5,-25.0,20.414856
1973-03-22,31.5,-25.0,22.048248
1973-03-23,31.5,-25.0,21.504364
1973-03-24,31.5,-25.0,20.138397
1973-03-25,31.5,-25.0,23.152222
1973-03-26,31.5,-25.0,21.383331
1973-03-27,31.5,-25.0,21.460999
1973-03-28,31.5,-25.0,20.812347
1973-03-29,31.5,-25.0,21.023743
1973-03-30,31.5,-25.0,19.665009
1973-03-31,31.5,-25.0,18.723633
1973-04-01,31.5,-25.0,17.404205
1973-04-02,31.5,-25.0,16.242035
1973-04-03,31.5,-25.0,17.968811
1973-04-04,31.5,-25.0,20.511322
1973-04-05,31.5,-25.0,19.275787
1973-04-06,31.5,-25.0,19.999878
1973-04-07,31.5,-25.0,20.174011
1973-04-08,31.5,-25.0,20.060364
1973-04-09,31.5,-25.0,18.075134
1973-04-10,31.5,-25.0,16.936768
1973-04-11,31.5,-25.0,15.937714
1973-04-12,31.5,-25.0,16.375824
1973-04-13,31.5,-25.0,15.547272
1973-04-14,31.5,-25.0,16.394165
1973-04-15,31.5,-25.0,18.72586
1973-04-16,31.5,-25.0,17.000916
1973-04-17,31.5,-25.0,16.236511
1973-04-18,31.5,-25.0,16.357513
1973-04-19,31.5,-25.0,13.395203
1973-04-20,31.5,-25.0,16.240173
1973-04-21,31.5,-25.0,16.465668
1973-04-22,31.5,-25.0,16.027557
1973-04-23,31.5,-25.0,15.319977
1973-04-24,31.5,-25.0,14.392426
1973-04-25,31.5,-25.0,16.346497
1973-04-26,31.5,-25.0,14.363098
1973-04-27,31.5,-25.0,16.35202
1973-04-28,31.5,-25.0,14.377747
1973-04-29,31.5,-25.0,12.812286
1973-04-30,31.5,-25.0,13.424561
1973-05-01,31.5,-25.0,15.825745
1973-05-02,31.5,-25.0,15.515045
1973-05-03,31.5,-25.0,10.658936
1973-05-04,31.5,-25.0,9.767059
1973-05-05,31.5,-25.0,11.324219
1973-05-06,31.5,-25.0,10.706482
1973-05-07,31.5,-25.0,9.873047
1973-05-08,31.5,-25.0,11.265747
1973-05-09,31.5,-25.0,14.727325
1973-05-10,31.5,-25.0,12.716888
1973-05-11,31.5,-25.0,16.27533
1973-05-12,31.5,-25.0,13.634369
1973-05-13,31.5,-25.0,15.884216
1973-05-14,31.5,-25.0,14.921051
1973-05-15,31.5,-25.0,15.363342
1973-05-16,31.5,-25.0,16.1474
1973-05-17,31.5,-25.0,14.023682
1973-05-18,31.5,-25.0,15.244537
1973-05-19,31.5,-25.0,14.513489
1973-05-20,31.5,-25.0,11.824982
1973-05-21,31.5,-25.0,14.566467
1973-05-22,31.5,-25.0,14.5043335
1973-05-23,31.5,-25.0,15.103821
1973-05-24,31.5,-25.0,13.753174
1973-05-25,31.5,-25.0,10.973297
1973-05-26,31.5,-25.0,12.020569
1973-05-27,31.5,-25.0,14.400177
1973-05-28,31.5,-25.0,14.86438
1973-05-29,31.5,-25.0,13.151886
1973-05-30,31.5,-25.0,14.564667
1973-05-31,31.5,-25.0,14.915558
1973-06-01,31.5,-25.0,13.034058
1973-06-02,31.5,-25.0,10.9151
1973-06-03,31.5,-25.0,13.099121
1973-06-04,31.5,-25.0,10.37793
1973-06-05,31.5,-25.0,10.970856
1973-06-06,31.5,-25.0,14.545227
1973-06-07,31.5,-25.0,12.279419
1973-06-08,31.5,-25.0,10.467133
1973-06-09,31.5,-25.0,8.6622925
1973-06-10,31.5,-25.0,12.699493
1973-06-11,31.5,-25.0,14.753418
1973-06-12,31.5,-25.0,12.325897
1973-06-13,31.5,-25.0,11.578674
1973-06-14,31.5,-25.0,9.208771
1973-06-15,31.5,-25.0,10.218079
1973-06-16,31.5,-25.0,9.35376
1973-06-17,31.5,-25.0,8.902069
1973-06-18,31.5,-25.0,10.091675
1973-06-19,31.5,-25.0,10.232941
1973-06-20,31.5,-25.0,11.957855
1973-06-21,31.5,-25.0,12.201355
1973-06-22,31.5,-25.0,11.093536
1973-06-23,31.5,-25.0,9.896515
1973-06-24,31.5,-25.0,11.617706
1973-06-25,31.5,-25.0,9.509888
1973-06-26,31.5,-25.0,9.816589
1973-06-27,31.5,-25.0,10.855621
1973-06-28,31.5,-25.0,9.201324
1973-06-29,31.5,-25.0,9.93927
1973-06-30,31.5,-25.0,10.1586
1973-07-01,31.5,-25.0,11.439941
1973-07-02,31.5,-25.0,12.991058
1973-07-03,31.5,-25.0,11.74231
1973-07-04,31.5,-25.0,8.552368
1973-07-05,31.5,-25.0,9.397919
1973-07-06,31.5,-25.0,14.247253
1973-07-07,31.5,-25.0,11.398865
1973-07-08,31.5,-25.0,10.217346
1973-07-09,31.5,-25.0,9.588287
1973-07-10,31.5,-25.0,7.4230957
1973-07-11,31.5,-25.0,11.943909
1973-07-12,31.5,-25.0,8.354492
1973-07-13,31.5,-25.0,10.183746
1973-07-14,31.5,-25.0,9.164581
1973-07-15,31.5,-25.0,8.851013
1973-07-16,31.5,-25.0,10.329346
1973-07-17,31.5,-25.0,8.970459
1973-07-18,31.5,-25.0,8.671814
1973-07-19,31.5,-25.0,7.979309
1973-07-20,31.5,-25.0,8.324646
1973-07-21,31.5,-25.0,8.3750305
1973-07-22,31.5,-25.0,13.524902
1973-07-23,31.5,-25.0,11.710602
1973-07-24,31.5,-25.0,12.093231
1973-07-25,31.5,-25.0,10.473053
1973-07-26,31.5,-25.0,10.023224
1973-07-27,31.5,-25.0,10.465576
1973-07-28,31.5,-25.0,12.940674
1973-07-29,31.5,-25.0,11.996185
1973-07-30,31.5,-25.0,10.441315
1973-07-31,31.5,-25.0,7.643341
1973-08-01,31.5,-25.0,9.417908
1973-08-02,31.5,-25.0,9.732819
1973-08-03,31.5,-25.0,11.8255005
1973-08-04,31.5,-25.0,14.677582
1973-08-05,31.5,-25.0,11.703949
1973-08-06,31.5,-25.0,11.36911
1973-08-07,31.5,-25.0,13.208679
1973-08-08,31.5,-25.0,12.224121
1973-08-09,31.5,-25.0,11.606262
1973-08-10,31.5,-25.0,15.711975
1973-08-11,31.5,-25.0,7.5663757
1973-08-12,31.5,-25.0,5.383972
1973-08-13,31.5,-25.0,5.3102417
1973-08-14,31.5,-25.0,7.8473816
1973-08-15,31.5,-25.0,9.150848
1973-08-16,31.5,-25.0,10.472229
1973-08-17,31.5,-25.0,14.10556
1973-08-18,31.5,-25.0,11.476715
1973-08-19,31.5,-25.0,11.488678
1973-08-20,31.5,-25.0,12.708435
1973-08-21,31.5,-25.0,12.7343445
1973-08-22,31.5,-25.0,12.106537
1973-08-23,31.5,-25.0,12.35965
1973-08-24,31.5,-25.0,9.694946
1973-08-25,31.5,-25.0,9.3680725
1973-08-26,31.5,-25.0,9.800568
1973-08-27,31.5,-25.0,11.129944
1973-08-28,31.5,-25.0,13.043274
1973-08-29,31.5,-25.0,14.350708
1973-08-30,31.5,-25.0,16.080688
1973-08-31,31.5,-25.0,13.330261
1973-09-01,31.5,-25.0,16.200836
1973-09-02,31.5,-25.0,16.688477
1973-09-03,31.5,-25.0,13.578705
1973-09-04,31.5,-25.0,15.811859
1973-09-05,31.5,-25.0,18.327545
1973-09-06,31.5,-25.0,17.011658
1973-09-07,31.5,-25.0,16.585938
1973-09-08,31.5,-25.0,17.166473
1973-09-09,31.5,-25.0,16.514313
1973-09-10,31.5,-25.0,14.153442
1973-09-11,31.5,-25.0,15.442261
1973-09-12,31.5,-25.0,17.654114
1973-09-13,31.5,-25.0,17.824402
1973-09-14,31.5,-25.0,17.385132
1973-09-15,31.5,-25.0,17.04068
1973-09-16,31.5,-25.0,12.9401245
1973-09-17,31.5,-25.0,9.826477
1973-09-18,31.5,-25.0,11.20816
1973-09-19,31.5,-25.0,11.179138
1973-09-20,31.5,-25.0,14.768829
1973-09-21,31.5,-25.0,15.001038
1973-09-22,31.5,-25.0,17.468353
1973-09-23,31.5,-25.0,15.602875
1973-09-24,31.5,-25.0,16.268555
1973-09-25,31.5,-25.0,17.71991
1973-09-26,31.5,-25.0,17.023254
1973-09-27,31.5,-25.0,11.753876
1973-09-28,31.5,-25.0,11.684204
1973-09-29,31.5,-25.0,12.973022
1973-09-30,31.5,-25.0,13.8767395
1973-10-01,31.5,-25.0,13.406189
1973-10-02,31.5,-25.0,14.008331
1973-10-03,31.5,-25.0,13.589691
1973-10-04,31.5,-25.0,11.286255
1973-10-05,31.5,-25.0,15.342621
1973-10-06,31.5,-25.0,17.385956
1973-10-07,31.5,-25.0,14.970306
1973-10-08,31.5,-25.0,14.373505
1973-10-09,31.5,-25.0,13.236938
1973-10-10,31.5,-25.0,16.213745
1973-10-11,31.5,-25.0,14.941803
1973-10-12,31.5,-25.0,14.24881
1973-10-13,31.5,-25.0,13.201324
1973-10-14,31.5,-25.0,18.59198
1973-10-15,31.5,-25.0,14.799286
1973-10-16,31.5,-25.0,13.516632
1973-10-17,31.5,-25.0,12.873535
1973-10-18,31.5,-25.0,12.941223
1973-10-19,31.5,-25.0,12.517242
1973-10-20,31.5,-25.0,14.979218
1973-10-21,31.5,-25.0,14.147278
1973-10-22,31.5,-25.0,16.789154
1973-10-23,31.5,-25.0,15.308777
1973-10-24,31.5,-25.0,18.125244
1973-10-25,31.5,-25.0,19.206573
1973-10-26,31.5,-25.0,19.468445
1973-10-27,31.5,-25.0,19.527252
1973-10-28,31.5,-25.0,18.992798
1973-10-29,31.5,-25.0,17.448303
1973-10-30,31.5,-25.0,18.440552
1973-10-31,31.5,-25.0,17.898987
1973-11-01,31.5,-25.0,17.219452
1973-11-02,31.5,-25.0,18.851227
1973-11-03,31.5,-25.0,18.205536
1973-11-04,31.5,-25.0,17.58545
1973-11-05,31.5,-25.0,18.07129
1973-11-06,31.5,-25.0,17.09961
1973-11-07,31.5,-25.0,19.516052
1973-11-08,31.5,-25.0,18.724945
1973-11-09,31.5,-25.0,18.56195
1973-11-10,31.5,-25.0,16.832703
1973-11-11,31.5,-25.0,15.731537
1973-11-12,31.5,-25.0,15.4263
1973-11-13,31.5,-25.0,15.01236
1973-11-14,31.5,-25.0,15.744324
1973-11-15,31.5,-25.0,16.554626
1973-11-16,31.5,-25.0,16.02243
1973-11-17,31.5,-25.0,14.534515
1973-11-18,31.5,-25.0,16.556213
1973-11-19,31.5,-25.0,19.071777
1973-11-20,31.5,-25.0,18.250305
1973-11-21,31.5,-25.0,18.67221
1973-11-22,31.5,-25.0,19.049377
1973-11-23,31.5,-25.0,19.282715
1973-11-24,31.5,-25.0,19.044586
1973-11-25,31.5,-25.0,19.122894
1973-11-26,31.5,-25.0,20.805786
1973-11-27,31.5,-25.0,19.891632
1973-11-28,31.5,-25.0,17.788422
1973-11-29,31.5,-25.0,17.46399
1973-11-30,31.5,-25.0,16.693665
1973-12-01,31.5,-25.0,17.307861
1973-12-02,31.5,-25.0,15.588287
1973-12-03,31.5,-25.0,16.193787
1973-12-04,31.5,-25.0,15.916077
1973-12-05,31.5,-25.0,20.885864
1973-12-06,31.5,-25.0,20.54358
1973-12-07,31.5,-25.0,20.323975
1973-12-08,31.5,-25.0,20.081787
1973-12-09,31.5,-25.0,16.122742
1973-12-10,31.5,-25.0,15.404236
1973-12-11,31.5,-25.0,15.229858
1973-12-12,31.5,-25.0,14.58725
1973-12-13,31.5,-25.0,14.981201
1973-12-14,31.5,-25.0,17.503235
1973-12-15,31.5,-25.0,19.741089
1973-12-16,31.5,-25.0,18.250793
1973-12-17,31.5,-25.0,18.134552
1973-12-18,31.5,-25.0,20.837433
1973-12-19,31.5,-25.0,20.199646
1973-12-20,31.5,-25.0,20.90686
1973-12-21,31.5,-25.0,19.605469
1973-12-22,31.5,-25.0,19.051666
1973-12-23,31.5,-25.0,19.75241
1973-12-24,31.5,-25.0,20.180267
1973-12-25,31.5,-25.0,20.309448
1973-12-26,31.5,-25.0,18.480072
1973-12-27,31.5,-25.0,18.967712
1973-12-28,31.5,-25.0,17.001099
1973-12-29,31.5,-25.0,14.785828
1973-12-30,31.5,-25.0,16.234161
1973-12-31,31.5,-25.0,19.400421
1974-01-01,31.5,-25.0,18.91455
1974-01-02,31.5,-25.0,21.087708
1974-01-03,31.5,-25.0,21.588226
1974-01-04,31.5,-25.0,21.949615
1974-01-05,31.5,-25.0,21.356354
1974-01-06,31.5,-25.0,21.210815
1974-01-07,31.5,-25.0,20.7471
1974-01-08,31.5,-25.0,19.06485
1974-01-09,31.5,-25.0,20.691132
1974-01-10,31.5,-25.0,19.079254
1974-01-11,31.5,-25.0,20.384094
1974-01-12,31.5,-25.0,21.578613
1974-01-13,31.5,-25.0,22.504486
1974-01-14,31.5,-25.0,21.404327
1974-01-15,31.5,-25.0,21.661774
1974-01-16,31.5,-25.0,21.127686
1974-01-17,31.5,-25.0,21.39151
1974-01-18,31.5,-25.0,20.093079
1974-01-19,31.5,-25.0,18.824982
1974-01-20,31.5,-25.0,19.94754
1974-01-21,31.5,-25.0,22.905853
1974-01-22,31.5,-25.0,22.442108
1974-01-23,31.5,-25.0,21.872833
1974-01-24,31.5,-25.0,23.067352
1974-01-25,31.5,-25.0,20.2034
1974-01-26,31.5,-25.0,19.410248
1974-01-27,31.5,-25.0,18.60913
1974-01-28,31.5,-25.0,21.583405
1974-01-29,31.5,-25.0,20.14264
1974-01-30,31.5,-25.0,19.650116
1974-01-31,31.5,-25.0,19.70929
1974-02-01,31.5,-25.0,19.02826
1974-02-02,31.5,-25.0,20.74887
1974-02-03,31.5,-25.0,21.053833
1974-02-04,31.5,-25.0,18.69281
1974-02-05,31.5,-25.0,20.55307
1974-02-06,31.5,-25.0,21.366821
1974-02-07,31.5,-25.0,21.86438
1974-02-08,31.5,-25.0,22.392456
1974-02-09,31.5,-25.0,20.471191
1974-02-10,31.5,-25.0,18.806763
1974-02-11,31.5,-25.0,19.504974
1974-02-12,31.5,-25.0,16.794037
1974-02-13,31.5,-25.0,20.809875
1974-02-14,31.5,-25.0,21.434235
1974-02-15,31.5,-25.0,19.903015
1974-02-16,31.5,-25.0,17.533966
1974-02-17,31.5,-25.0,20.851593
1974-02-18,31.5,-25.0,20.949493
1974-02-19,31.5,-25.0,19.64621
1974-02-20,31.5,-25.0,19.100494
1974-02-21,31.5,-25.0,18.736145
1974-02-22,31.5,-25.0,18.641449
1974-02-23,31.5,-25.0,20.96878
1974-02-24,31.5,-25.0,20.386139
1974-02-25,31.5,-25.0,20.894928
1974-02-26,31.5,-25.0,21.47116
1974-02-27,31.5,-25.0,21.254456
1974-02-28,31.5,-25.0,19.994507
1974-03-01,31.5,-25.0,17.785309
1974-03-02,31.5,-25.0,19.300934
1974-03-03,31.5,-25.0,20.45932
1974-03-04,31.5,-25.0,20.62732
1974-03-05,31.5,-25.0,20.23117
1974-03-06,31.5,-25.0,18.734985
1974-03-07,31.5,-25.0,18.257507
1974-03-08,31.5,-25.0,21.172028
1974-03-09,31.5,-25.0,20.908508
1974-03-10,31.5,-25.0,20.6503
1974-03-11,31.5,-25.0,19.242554
1974-03-12,31.5,-25.0,20.51944
1974-03-13,31.5,-25.0,20.43631
1974-03-14,31.5,-25.0,18.975525
1974-03-15,31.5,-25.0,19.453033
1974-03-16,31.5,-25.0,21.428467
1974-03-17,31.5,-25.0,20.70868
1974-03-18,31.5,-25.0,16.720642
1974-03-19,31.5,-25.0,14.48877
1974-03-20,31.5,-25.0,13.383423
1974-03-21,31.5,-25.0,18.823425
1974-03-22,31.5,-25.0,18.559906
1974-03-23,31.5,-25.0,19.453033
1974-03-24,31.5,-25.0,21.713196
1974-03-25,31.5,-25.0,19.208954
1974-03-26,31.5,-25.0,18.108948
1974-03-27,31.5,-25.0,18.156677
1974-03-28,31.5,-25.0,19.014435
1974-03-29,31.5,-25.0,19.290314
1974-03-30,31.5,-25.0,17.642029
1974-03-31,31.5,-25.0,15.937195
1974-04-01,31.5,-25.0,15.940277
1974-04-02,31.5,-25.0,17.765198
1974-04-03,31.5,-25.0,15.573761
1974-04-04,31.5,-25.0,15.109039
1974-04-05,31.5,-25.0,14.342041
1974-04-06,31.5,-25.0,15.656891
1974-04-07,31.5,-25.0,16.16507
1974-04-08,31.5,-25.0,14.58197
1974-04-09,31.5,-25.0,15.469879
1974-04-10,31.5,-25.0,15.951599
1974-04-11,31.5,-25.0,17.334473
1974-04-12,31.5,-25.0,15.706024
1974-04-13,31.5,-25.0,16.616577
1974-04-14,31.5,-25.0,16.624146
1974-04-15,31.5,-25.0,16.939636
1974-04-16,31.5,-25.0,18.885468
1974-04-17,31.5,-25.0,16.63736
1974-04-18,31.5,-25.0,17.35147
1974-04-19,31.5,-25.0,17.95224
1974-04-20,31.5,-25.0,17.670746
1974-04-21,31.5,-25.0,19.163177
1974-04-22,31.5,-25.0,16.46167
1974-04-23,31.5,-25.0,14.170105
1974-04-24,31.5,-25.0,13.5278015
1974-04-25,31.5,-25.0,16.760162
1974-04-26,31.5,-25.0,17.170105
1974-04-27,31.5,-25.0,16.429565
1974-04-28,31.5,-25.0,16.172638
1974-04-29,31.5,-25.0,15.205383
1974-04-30,31.5,-25.0,14.94278
1974-05-01,31.5,-25.0,13.354401
1974-05-02,31.5,-25.0,12.192169
1974-05-03,31.5,-25.0,16.585144
1974-05-04,31.5,-25.0,14.746033
1974-05-05,31.5,-25.0,15.606812
1974-05-06,31.5,-25.0,17.91043
1974-05-07,31.5,-25.0,16.782318
1974-05-08,31.5,-25.0,16.879028
1974-05-09,31.5,-25.0,14.945129
1974-05-10,31.5,-25.0,12.719238
1974-05-11,31.5,-25.0,10.119873
1974-05-12,31.5,-25.0,10.239319
1974-05-13,31.5,-25.0,12.021515
1974-05-14,31.5,-25.0,13.432129
1974-05-15,31.5,-25.0,13.047241
1974-05-16,31.5,-25.0,12.402618
1974-05-17,31.5,-25.0,8.644806
1974-05-18,31.5,-25.0,10.093323
1974-05-19,31.5,-25.0,12.927795
1974-05-20,31.5,-25.0,12.046173
1974-05-21,31.5,-25.0,10.718994
1974-05-22,31.5,-25.0,12.683228
1974-05-23,31.5,-25.0,13.966797
1974-05-24,31.5,-25.0,11.422394
1974-05-25,31.5,-25.0,13.633118
1974-05-26,31.5,-25.0,13.049133
1974-05-27,31.5,-25.0,13.322174
1974-05-28,31.5,-25.0,12.171295
1974-05-29,31.5,-25.0,11.316223
1974-05-30,31.5,-25.0,10.717102
1974-05-31,31.5,-25.0,12.417786
1974-06-01,31.5,-25.0,9.918518
1974-06-02,31.5,-25.0,13.400696
1974-06-03,31.5,-25.0,12.701263
1974-06-04,31.5,-25.0,10.18335
1974-06-05,31.5,-25.0,9.112762
1974-06-06,31.5,-25.0,10.7578125
1974-06-07,31.5,-25.0,10.300873
1974-06-08,31.5,-25.0,12.096985
1974-06-09,31.5,-25.0,13.41748
1974-06-10,31.5,-25.0,13.137726
1974-06-11,31.5,-25.0,13.3428955
1974-06-12,31.5,-25.0,11.328552
1974-06-13,31.5,-25.0,8.702454
1974-06-14,31.5,-25.0,11.233429
1974-06-15,31.5,-25.0,10.054657
1974-06-16,31.5,-25.0,7.786682
1974-06-17,31.5,-25.0,8.635315
1974-06-18,31.5,-25.0,9.090393
1974-06-19,31.5,-25.0,9.317932
1974-06-20,31.5,-25.0,9.810333
1974-06-21,31.5,-25.0,8.907623
1974-06-22,31.5,-25.0,9.651794
1974-06-23,31.5,-25.0,8.706177
1974-06-24,31.5,-25.0,11.009613
1974-06-25,31.5,-25.0,9.692841
1974-06-26,31.5,-25.0,11.917938
1974-06-27,31.5,-25.0,9.799133
1974-06-28,31.5,-25.0,11.19986
1974-06-29,31.5,-25.0,10.216919
1974-06-30,31.5,-25.0,11.917938
1974-07-01,31.5,-25.0,12.147034
1974-07-02,31.5,-25.0,12.485901
1974-07-03,31.5,-25.0,12.845947
1974-07-04,31.5,-25.0,10.730011
1974-07-05,31.5,-25.0,9.542084
1974-07-06,31.5,-25.0,12.458954
1974-07-07,31.5,-25.0,10.957214
1974-07-08,31.5,-25.0,10.803162
1974-07-09,31.5,-25.0,10.818573
1974-07-10,31.5,-25.0,10.870575
1974-07-11,31.5,-25.0,11.269104
1974-07-12,31.5,-25.0,11.754272
1974-07-13,31.5,-25.0,9.596008
1974-07-14,31.5,-25.0,8.691101
1974-07-15,31.5,-25.0,8.092316
1974-07-16,31.5,-25.0,7.3010254
1974-07-17,31.5,-25.0,8.604462
1974-07-18,31.5,-25.0,13.3888855
1974-07-19,31.5,-25.0,12.3376465
1974-07-20,31.5,-25.0,10.550964
1974-07-21,31.5,-25.0,11.554047
1974-07-22,31.5,-25.0,10.121613
1974-07-23,31.5,-25.0,9.963745
1974-07-24,31.5,-25.0,8.361877
1974-07-25,31.5,-25.0,9.160889
1974-07-26,31.5,-25.0,6.1246643
1974-07-27,31.5,-25.0,6.681061
1974-07-28,31.5,-25.0,7.025696
1974-07-29,31.5,-25.0,6.6117554
1974-07-30,31.5,-25.0,9.6441345
1974-07-31,31.5,-25.0,10.456604
1974-08-01,31.5,-25.0,10.427826
1974-08-02,31.5,-25.0,9.975464
1974-08-03,31.5,-25.0,6.411499
1974-08-04,31.5,-25.0,6.485901
1974-08-05,31.5,-25.0,8.338379
1974-08-06,31.5,-25.0,11.510712
1974-08-07,31.5,-25.0,12.955872
1974-08-08,31.5,-25.0,9.877563
1974-08-09,31.5,-25.0,13.331848
1974-08-10,31.5,-25.0,13.89975
1974-08-11,31.5,-25.0,12.481995
1974-08-12,31.5,-25.0,11.769196
1974-08-13,31.5,-25.0,10.727417
1974-08-14,31.5,-25.0,7.707855
1974-08-15,31.5,-25.0,11.878845
1974-08-16,31.5,-25.0,11.790741
1974-08-17,31.5,-25.0,11.16803
1974-08-18,31.5,-25.0,11.526367
1974-08-19,31.5,-25.0,12.5466
1974-08-20,31.5,-25.0,15.358612
1974-08-21,31.5,-25.0,15.2196045
1974-08-22,31.5,-25.0,11.348175
1974-08-23,31.5,-25.0,7.163452
1974-08-24,31.5,-25.0,13.206543
1974-08-25,31.5,-25.0,14.575348
1974-08-26,31.5,-25.0,11.213074
1974-08-27,31.5,-25.0,14.348175
1974-08-28,31.5,-25.0,13.821411
1974-08-29,31.5,-25.0,12.993103
1974-08-30,31.5,-25.0,14.980682
1974-08-31,31.5,-25.0,13.547272
1974-09-01,31.5,-25.0,13.5434265
1974-09-02,31.5,-25.0,13.763763
1974-09-03,31.5,-25.0,10.63269
1974-09-04,31.5,-25.0,10.628815
1974-09-05,31.5,-25.0,9.948486
1974-09-06,31.5,-25.0,9.643097
1974-09-07,31.5,-25.0,9.281677
1974-09-08,31.5,-25.0,9.81897
1974-09-09,31.5,-25.0,5.9766235
1974-09-10,31.5,-25.0,6.181488
1974-09-11,31.5,-25.0,12.894043
1974-09-12,31.5,-25.0,11.533356
1974-09-13,31.5,-25.0,12.532593
1974-09-14,31.5,-25.0,13.160736
1974-09-15,31.5,-25.0,16.599152
1974-09-16,31.5,-25.0,16.405884
1974-09-17,31.5,-25.0,17.296875
1974-09-18,31.5,-25.0,17.269836
1974-09-19,31.5,-25.0,14.417053
1974-09-20,31.5,-25.0,12.254272
1974-09-21,31.5,-25.0,16.32663
1974-09-22,31.5,-25.0,18.448822
1974-09-23,31.5,-25.0,17.735626
1974-09-24,31.5,-25.0,17.109406
1974-09-25,31.5,-25.0,15.723602
1974-09-26,31.5,-25.0,14.360992
1974-09-27,31.5,-25.0,13.284454
1974-09-28,31.5,-25.0,15.201752
1974-09-29,31.5,-25.0,18.12799
1974-09-30,31.5,-25.0,17.325867
1974-10-01,31.5,-25.0,15.215607
1974-10-02,31.5,-25.0,16.898376
1974-10-03,31.5,-25.0,18.000427
1974-10-04,31.5,-25.0,17.498383
1974-10-05,31.5,-25.0,19.649963
1974-10-06,31.5,-25.0,18.45523
1974-10-07,31.5,-25.0,16.132233
1974-10-08,31.5,-25.0,15.976532
1974-10-09,31.5,-25.0,15.231354
1974-10-10,31.5,-25.0,18.161346
1974-10-11,31.5,-25.0,18.56192
1974-10-12,31.5,-25.0,16.861664
1974-10-13,31.5,-25.0,19.060455
1974-10-14,31.5,-25.0,19.261627
1974-10-15,31.5,-25.0,16.114716
1974-10-16,31.5,-25.0,15.945038
1974-10-17,31.5,-25.0,20.480865
1974-10-18,31.5,-25.0,14.890259
1974-10-19,31.5,-25.0,14.923492
1974-10-20,31.5,-25.0,14.083832
1974-10-21,31.5,-25.0,15.325806
1974-10-22,31.5,-25.0,13.908905
1974-10-23,31.5,-25.0,14.557892
1974-10-24,31.5,-25.0,18.623138
1974-10-25,31.5,-25.0,21.642365
1974-10-26,31.5,-25.0,22.730408
1974-10-27,31.5,-25.0,16.87915
1974-10-28,31.5,-25.0,17.797516
1974-10-29,31.5,-25.0,18.987
1974-10-30,31.5,-25.0,19.50827
1974-10-31,31.5,-25.0,18.518188
1974-11-01,31.5,-25.0,17.098358
1974-11-02,31.5,-25.0,16.490326
1974-11-03,31.5,-25.0,14.658722
1974-11-04,31.5,-25.0,17.304535
1974-11-05,31.5,-25.0,19.222778
1974-11-06,31.5,-25.0,16.539612
1974-11-07,31.5,-25.0,17.664581
1974-11-08,31.5,-25.0,16.932526
1974-11-09,31.5,-25.0,19.481232
1974-11-10,31.5,-25.0,18.19043
1974-11-11,31.5,-25.0,18.163544
1974-11-12,31.5,-25.0,18.934448
1974-11-13,31.5,-25.0,19.980194
1974-11-14,31.5,-25.0,19.168976
1974-11-15,31.5,-25.0,19.104736
1974-11-16,31.5,-25.0,17.053528
1974-11-17,31.5,-25.0,19.600739
1974-11-18,31.5,-25.0,21.882019
1974-11-19,31.5,-25.0,19.98468
1974-11-20,31.5,-25.0,19.12268
1974-11-21,31.5,-25.0,18.782043
1974-11-22,31.5,-25.0,18.03955
1974-11-23,31.5,-25.0,17.54953
1974-11-24,31.5,-25.0,20.571808
1974-11-25,31.5,-25.0,21.35913
1974-11-26,31.5,-25.0,20.607666
1974-11-27,31.5,-25.0,19.370667
1974-11-28,31.5,-25.0,19.31839
1974-11-29,31.5,-25.0,20.668915
1974-11-30,31.5,-25.0,20.612152
1974-12-01,31.5,-25.0,20.092743
1974-12-02,31.5,-25.0,21.587433
1974-12-03,31.5,-25.0,21.407257
1974-12-04,31.5,-25.0,21.901184
1974-12-05,31.5,-25.0,21.574585
1974-12-06,31.5,-25.0,21.04361
1974-12-07,31.5,-25.0,21.50055
1974-12-08,31.5,-25.0,21.305878
1974-12-09,31.5,-25.0,20.329254
1974-12-10,31.5,-25.0,21.143372
1974-12-11,31.5,-25.0,21.634094
1974-12-12,31.5,-25.0,19.381592
1974-12-13,31.5,-25.0,17.222382
1974-12-14,31.5,-25.0,17.037354
1974-12-15,31.5,-25.0,16.508026
1974-12-16,31.5,-25.0,18.561035
1974-12-17,31.5,-25.0,18.419434
1974-12-18,31.5,-25.0,21.317139
1974-12-19,31.5,-25.0,20.554504
1974-12-20,31.5,-25.0,17.993073
1974-12-21,31.5,-25.0,16.384125
1974-12-22,31.5,-25.0,16.353546
1974-12-23,31.5,-25.0,16.997131
1974-12-24,31.5,-25.0,19.408936
1974-12-25,31.5,-25.0,18.651123
1974-12-26,31.5,-25.0,19.835297
1974-12-27,31.5,-25.0,19.639008
1974-12-28,31.5,-25.0,24.155334
1974-12-29,31.5,-25.0,21.223816
1974-12-30,31.5,-25.0,20.144226
1974-12-31,31.5,-25.0,22.071747
1975-01-01,31.5,-25.0,24.082428
1975-01-02,31.5,-25.0,23.767975
1975-01-03,31.5,-25.0,18.399323
1975-01-04,31.5,-25.0,16.570587
1975-01-05,31.5,-25.0,16.820496
1975-01-06,31.5,-25.0,17.0224
1975-01-07,31.5,-25.0,19.997986
1975-01-08,31.5,-25.0,21.229279
1975-01-09,31.5,-25.0,20.855255
1975-01-10,31.5,-25.0,20.785767
1975-01-11,31.5,-25.0,22.968658
1975-01-12,31.5,-25.0,20.438202
1975-01-13,31.5,-25.0,21.035645
1975-01-14,31.5,-25.0,20.325684
1975-01-15,31.5,-25.0,23.829224
1975-01-16,31.5,-25.0,20.464691
1975-01-17,31.5,-25.0,21.272308
1975-01-18,31.5,-25.0,20.607025
1975-01-19,31.5,-25.0,21.666199
1975-01-20,31.5,-25.0,21.072052
1975-01-21,31.5,-25.0,20.98767
1975-01-22,31.5,-25.0,20.75763
1975-01-23,31.5,-25.0,20.168457
1975-01-24,31.5,-25.0,22.270264
1975-01-25,31.5,-25.0,22.42746
1975-01-26,31.5,-25.0,21.530487
1975-01-27,31.5,-25.0,21.820099
1975-01-28,31.5,-25.0,21.957458
1975-01-29,31.5,-25.0,22.020355
1975-01-30,31.5,-25.0,18.199066
1975-01-31,31.5,-25.0,17.053833
1975-02-01,31.5,-25.0,15.798645
1975-02-02,31.5,-25.0,17.533905
1975-02-03,31.5,-25.0,18.692932
1975-02-04,31.5,-25.0,17.810547
1975-02-05,31.5,-25.0,18.485016
1975-02-06,31.5,-25.0,20.798157
1975-02-07,31.5,-25.0,20.351227
1975-02-08,31.5,-25.0,20.816162
1975-02-09,31.5,-25.0,20.876709
1975-02-10,31.5,-25.0,21.587189
1975-02-11,31.5,-25.0,21.28598
1975-02-12,31.5,-25.0,20.83252
1975-02-13,31.5,-25.0,20.449463
1975-02-14,31.5,-25.0,20.626251
1975-02-15,31.5,-25.0,20.660645
1975-02-16,31.5,-25.0,21.033875
1975-02-17,31.5,-25.0,20.8096
1975-02-18,31.5,-25.0,20.586975
1975-02-19,31.5,-25.0,19.334625
1975-02-20,31.5,-25.0,20.765411
1975-02-21,31.5,-25.0,20.970032
1975-02-22,31.5,-25.0,20.159698
1975-02-23,31.5,-25.0,21.295807
1975-02-24,31.5,-25.0,20.419983
1975-02-25,31.5,-25.0,18.07904
1975-02-26,31.5,-25.0,21.294159
1975-02-27,31.5,-25.0,22.47937
1975-02-28,31.5,-25.0,20.845612
1975-03-01,31.5,-25.0,20.456604
1975-03-02,31.5,-25.0,20.359863
1975-03-03,31.5,-25.0,19.686188
1975-03-04,31.5,-25.0,19.45105
1975-03-05,31.5,-25.0,17.653412
1975-03-06,31.5,-25.0,18.622284
1975-03-07,31.5,-25.0,21.036896
1975-03-08,31.5,-25.0,20.708405
1975-03-09,31.5,-25.0,20.711731
1975-03-10,31.5,-25.0,19.76123
1975-03-11,31.5,-25.0,19.409363
1975-03-12,31.5,-25.0,20.62503
1975-03-13,31.5,-25.0,20.219788
1975-03-14,31.5,-25.0,19.064178
1975-03-15,31.5,-25.0,19.009155
1975-03-16,31.5,-25.0,18.031952
1975-03-17,31.5,-25.0,16.289337
1975-03-18,31.5,-25.0,16.13092
1975-03-19,31.5,-25.0,17.09143
1975-03-20,31.5,-25.0,16.027527
1975-03-21,31.5,-25.0,18.168701
1975-03-22,31.5,-25.0,16.958038
1975-03-23,31.5,-25.0,21.312073
1975-03-24,31.5,-25.0,20.895172
1975-03-25,31.5,-25.0,18.138672
1975-03-26,31.5,-25.0,18.073639
1975-03-27,31.5,-25.0,19.03415
1975-03-28,31.5,-25.0,17.763489
1975-03-29,31.5,-25.0,18.262085
1975-03-30,31.5,-25.0,16.861328
1975-03-31,31.5,-25.0,18.739014
1975-04-01,31.5,-25.0,17.444702
1975-04-02,31.5,-25.0,20.219421
1975-04-03,31.5,-25.0,15.753082
1975-04-04,31.5,-25.0,15.617493
1975-04-05,31.5,-25.0,15.428345
1975-04-06,31.5,-25.0,14.17749
1975-04-07,31.5,-25.0,14.388031
1975-04-08,31.5,-25.0,14.671753
1975-04-09,31.5,-25.0,14.255981
1975-04-10,31.5,-25.0,17.15207
1975-04-11,31.5,-25.0,19.359344
1975-04-12,31.5,-25.0,18.479645
1975-04-13,31.5,-25.0,19.511017
1975-04-14,31.5,-25.0,19.136292
1975-04-15,31.5,-25.0,19.80011
1975-04-16,31.5,-25.0,18.529602
1975-04-17,31.5,-25.0,17.608856
1975-04-18,31.5,-25.0,16.018982
1975-04-19,31.5,-25.0,14.191742
1975-04-20,31.5,-25.0,14.800232
1975-04-21,31.5,-25.0,16.14209
1975-04-22,31.5,-25.0,14.405884
1975-04-23,31.5,-25.0,14.548645
1975-04-24,31.5,-25.0,15.05896
1975-04-25,31.5,-25.0,16.379425
1975-04-26,31.5,-25.0,15.574646
1975-04-27,31.5,-25.0,16.540009
1975-04-28,31.5,-25.0,18.24588
1975-04-29,31.5,-25.0,16.75772
1975-04-30,31.5,-25.0,15.474731
1975-05-01,31.5,-25.0,19.612091
1975-05-02,31.5,-25.0,19.007751
1975-05-03,31.5,-25.0,17.360077
1975-05-04,31.5,-25.0,16.6474
1975-05-05,31.5,-25.0,16.303436
1975-05-06,31.5,-25.0,17.38858
1975-05-07,31.5,-25.0,16.81845
1975-05-08,31.5,-25.0,17.185242
1975-05-09,31.5,-25.0,18.000519
1975-05-10,31.5,-25.0,15.95755
1975-05-11,31.5,-25.0,13.686554
1975-05-12,31.5,-25.0,16.031677
1975-05-13,31.5,-25.0,17.667938
1975-05-14,31.5,-25.0,14.686157
1975-05-15,31.5,-25.0,14.847717
1975-05-16,31.5,-25.0,12.027466
1975-05-17,31.5,-25.0,9.429565
1975-05-18,31.5,-25.0,8.631378
1975-05-19,31.5,-25.0,8.92215
1975-05-20,31.5,-25.0,10.311371
1975-05-21,31.5,-25.0,9.830566
1975-05-22,31.5,-25.0,12.6698
1975-05-23,31.5,-25.0,10.782684
1975-05-24,31.5,-25.0,11.884918
1975-05-25,31.5,-25.0,14.54364
1975-05-26,31.5,-25.0,13.467987
1975-05-27,31.5,-25.0,13.401489
1975-05-28,31.5,-25.0,13.481293
1975-05-29,31.5,-25.0,14.528442
1975-05-30,31.5,-25.0,13.46228
1975-05-31,31.5,-25.0,13.523102
1975-06-01,31.5,-25.0,13.482239
1975-06-02,31.5,-25.0,12.506165
1975-06-03,31.5,-25.0,14.913818
1975-06-04,31.5,-25.0,14.923401
1975-06-05,31.5,-25.0,13.484161
1975-06-06,31.5,-25.0,11.570282
1975-06-07,31.5,-25.0,9.857361
1975-06-08,31.5,-25.0,11.405701
1975-06-09,31.5,-25.0,10.871704
1975-06-10,31.5,-25.0,9.214294
1975-06-11,31.5,-25.0,13.166443
1975-06-12,31.5,-25.0,10.846832
1975-06-13,31.5,-25.0,8.72818
1975-06-14,31.5,-25.0,8.429626
1975-06-15,31.5,-25.0,8.178894
1975-06-16,31.5,-25.0,8.6267395
1975-06-17,31.5,-25.0,7.983673
1975-06-18,31.5,-25.0,8.24588
1975-06-19,31.5,-25.0,8.456421
1975-06-20,31.5,-25.0,7.562622
1975-06-21,31.5,-25.0,9.375061
1975-06-22,31.5,-25.0,7.8650208
1975-06-23,31.5,-25.0,8.540619
1975-06-24,31.5,-25.0,10.372192
1975-06-25,31.5,-25.0,15.135834
1975-06-26,31.5,-25.0,14.295654
1975-06-27,31.5,-25.0,11.805695
1975-06-28,31.5,-25.0,9.317657
1975-06-29,31.5,-25.0,10.054504
1975-06-30,31.5,-25.0,12.47937
1975-07-01,31.5,-25.0,12.368683
1975-07-02,31.5,-25.0,8.980194
1975-07-03,31.5,-25.0,8.645203
1975-07-04,31.5,-25.0,10.240967
1975-07-05,31.5,-25.0,8.249298
1975-07-06,31.5,-25.0,9.672516
1975-07-07,31.5,-25.0,10.214569
1975-07-08,31.5,-25.0,12.707733
1975-07-09,31.5,-25.0,10.137421
1975-07-10,31.5,-25.0,8.188385
1975-07-11,31.5,-25.0,9.215698
1975-07-12,31.5,-25.0,6.663666
1975-07-13,31.5,-25.0,6.5865173
1975-07-14,31.5,-25.0,8.348785
1975-07-15,31.5,-25.0,8.391418
1975-07-16,31.5,-25.0,9.396393
1975-07-17,31.5,-25.0,10.332336
1975-07-18,31.5,-25.0,11.9930725
1975-07-19,31.5,-25.0,8.736572
1975-07-20,31.5,-25.0,10.119171
1975-07-21,31.5,-25.0,9.339539
1975-07-22,31.5,-25.0,11.503784
1975-07-23,31.5,-25.0,9.585205
1975-07-24,31.5,-25.0,6.2373047
1975-07-25,31.5,-25.0,3.5898743
1975-07-26,31.5,-25.0,5.0212097
1975-07-27,31.5,-25.0,9.51413
1975-07-28,31.5,-25.0,13.897461
1975-07-29,31.5,-25.0,11.706818
1975-07-30,31.5,-25.0,8.450287
1975-07-31,31.5,-25.0,8.624908
1975-08-01,31.5,-25.0,9.731171
1975-08-02,31.5,-25.0,11.237213
1975-08-03,31.5,-25.0,9.315155
1975-08-04,31.5,-25.0,6.4770813
1975-08-05,31.5,-25.0,7.9191284
1975-08-06,31.5,-25.0,9.325165
1975-08-07,31.5,-25.0,7.827118
1975-08-08,31.5,-25.0,9.159149
1975-08-09,31.5,-25.0,7.5591125
1975-08-10,31.5,-25.0,11.471222
1975-08-11,31.5,-25.0,7.92511
1975-08-12,31.5,-25.0,8.533142
1975-08-13,31.5,-25.0,9.901184
1975-08-14,31.5,-25.0,13.703278
1975-08-15,31.5,-25.0,13.837311
1975-08-16,31.5,-25.0,12.1692505
1975-08-17,31.5,-25.0,10.417206
1975-08-18,31.5,-25.0,8.709137
1975-08-19,31.5,-25.0,10.003174
1975-08-20,31.5,-25.0,10.933197
1975-08-21,31.5,-25.0,13.955292
1975-08-22,31.5,-25.0,13.955292
1975-08-23,31.5,-25.0,13.229279
1975-08-24,31.5,-25.0,13.229279
1975-08-25,31.5,-25.0,16.235382
1975-08-26,31.5,-25.0,13.84729
1975-08-27,31.5,-25.0,11.405212
1975-08-28,31.5,-25.0,14.289307
1975-08-29,31.5,-25.0,12.3732605
1975-08-30,31.5,-25.0,10.491211
1975-08-31,31.5,-25.0,13.329285
1975-09-01,31.5,-25.0,12.829803
1975-09-02,31.5,-25.0,10.37915
1975-09-03,31.5,-25.0,12.981262
1975-09-04,31.5,-25.0,15.056244
1975-09-05,31.5,-25.0,12.81015
1975-09-06,31.5,-25.0,15.526306
1975-09-07,31.5,-25.0,13.37265
1975-09-08,31.5,-25.0,14.639282
1975-09-09,31.5,-25.0,13.111053
1975-09-10,31.5,-25.0,12.572144
1975-09-11,31.5,-25.0,12.111908
1975-09-12,31.5,-25.0,13.742401
1975-09-13,31.5,-25.0,16.96405
1975-09-14,31.5,-25.0,16.566772
1975-09-15,31.5,-25.0,13.421814
1975-09-16,31.5,-25.0,18.05957
1975-09-17,31.5,-25.0,16.633636
1975-09-18,31.5,-25.0,15.872467
1975-09-19,31.5,-25.0,15.618744
1975-09-20,31.5,-25.0,15.601044
1975-09-21,31.5,-25.0,14.497681
1975-09-22,31.5,-25.0,16.434998
1975-09-23,31.5,-25.0,18.606354
1975-09-24,31.5,-25.0,17.534424
1975-09-25,31.5,-25.0,17.853058
1975-09-26,31.5,-25.0,18.90335
1975-09-27,31.5,-25.0,18.602417
1975-09-28,31.5,-25.0,18.584717
1975-09-29,31.5,-25.0,18.250366
1975-09-30,31.5,-25.0,18.36444
1975-10-01,31.5,-25.0,17.522278
1975-10-02,31.5,-25.0,18.982025
1975-10-03,31.5,-25.0,13.4114685
1975-10-04,31.5,-25.0,11.468079
1975-10-05,31.5,-25.0,12.462006
1975-10-06,31.5,-25.0,12.414001
1975-10-07,31.5,-25.0,11.265411
1975-10-08,31.5,-25.0,11.631683
1975-10-09,31.5,-25.0,17.220001
1975-10-10,31.5,-25.0,15.925598
1975-10-11,31.5,-25.0,16.302551
1975-10-12,31.5,-25.0,15.898926
1975-10-13,31.5,-25.0,17.531158
1975-10-14,31.5,-25.0,17.42627
1975-10-15,31.5,-25.0,19.470978
1975-10-16,31.5,-25.0,19.623901
1975-10-17,31.5,-25.0,18.622864
1975-10-18,31.5,-25.0,17.367584
1975-10-19,31.5,-25.0,19.61145
1975-10-20,31.5,-25.0,20.198212
1975-10-21,31.5,-25.0,15.817139
1975-10-22,31.5,-25.0,14.7734375
1975-10-23,31.5,-25.0,15.808258
1975-10-24,31.5,-25.0,15.100586
1975-10-25,31.5,-25.0,18.155243
1975-10-26,31.5,-25.0,17.536499
1975-10-27,31.5,-25.0,14.519196
1975-10-28,31.5,-25.0,13.8880005
1975-10-29,31.5,-25.0,11.8628235
1975-10-30,31.5,-25.0,13.518158
1975-10-31,31.5,-25.0,15.637573
1975-11-01,31.5,-25.0,15.841217
1975-11-02,31.5,-25.0,19.53302
1975-11-03,31.5,-25.0,19.569092
1975-11-04,31.5,-25.0,20.125854
1975-11-05,31.5,-25.0,19.388733
1975-11-06,31.5,-25.0,17.122528
1975-11-07,31.5,-25.0,15.649872
1975-11-08,31.5,-25.0,18.428925
1975-11-09,31.5,-25.0,17.662018
1975-11-10,31.5,-25.0,19.586334
1975-11-11,31.5,-25.0,18.789642
1975-11-12,31.5,-25.0,17.76709
1975-11-13,31.5,-25.0,16.926483
1975-11-14,31.5,-25.0,17.382874
1975-11-15,31.5,-25.0,15.471069
1975-11-16,31.5,-25.0,12.902191
1975-11-17,31.5,-25.0,11.961182
1975-11-18,31.5,-25.0,13.410309
1975-11-19,31.5,-25.0,17.90512
1975-11-20,31.5,-25.0,18.050964
1975-11-21,31.5,-25.0,19.83258
1975-11-22,31.5,-25.0,20.031738
1975-11-23,31.5,-25.0,18.072906
1975-11-24,31.5,-25.0,16.534393
1975-11-25,31.5,-25.0,18.991943
1975-11-26,31.5,-25.0,19.780823
1975-11-27,31.5,-25.0,19.503235
1975-11-28,31.5,-25.0,16.758667
1975-11-29,31.5,-25.0,17.371887
1975-11-30,31.5,-25.0,18.115265
1975-12-01,31.5,-25.0,18.92633
1975-12-02,31.5,-25.0,15.806244
1975-12-03,31.5,-25.0,15.049377
1975-12-04,31.5,-25.0,16.821777
1975-12-05,31.5,-25.0,16.20224
1975-12-06,31.5,-25.0,20.77539
1975-12-07,31.5,-25.0,21.77658
1975-12-08,31.5,-25.0,20.01056
1975-12-09,31.5,-25.0,20.80893
1975-12-10,31.5,-25.0,21.342255
1975-12-11,31.5,-25.0,21.091553
1975-12-12,31.5,-25.0,20.379395
1975-12-13,31.5,-25.0,20.266022
1975-12-14,31.5,-25.0,19.504364
1975-12-15,31.5,-25.0,20.090393
1975-12-16,31.5,-25.0,16.939941
1975-12-17,31.5,-25.0,18.032135
1975-12-18,31.5,-25.0,19.513947
1975-12-19,31.5,-25.0,20.519928
1975-12-20,31.5,-25.0,21.41571
1975-12-21,31.5,-25.0,21.297546
1975-12-22,31.5,-25.0,21.406128
1975-12-23,31.5,-25.0,20.559845
1975-12-24,31.5,-25.0,20.60614
1975-12-25,31.5,-25.0,19.53949
1975-12-26,31.5,-25.0,18.63092
1975-12-27,31.5,-25.0,17.128357
1975-12-28,31.5,-25.0,16.816986
1975-12-29,31.5,-25.0,18.364258
1975-12-30,31.5,-25.0,21.324677
1975-12-31,31.5,-25.0,20.959015
1976-01-01,31.5,-25.0,19.549103
1976-01-02,31.5,-25.0,17.838776
1976-01-03,31.5,-25.0,17.082703
1976-01-04,31.5,-25.0,17.56897
1976-01-05,31.5,-25.0,19.06781
1976-01-06,31.5,-25.0,19.435852
1976-01-07,31.5,-25.0,20.363464
1976-01-08,31.5,-25.0,20.460052
1976-01-09,31.5,-25.0,20.012085
1976-01-10,31.5,-25.0,21.12619
1976-01-11,31.5,-25.0,21.42096
1976-01-12,31.5,-25.0,21.062927
1976-01-13,31.5,-25.0,20.0737
1976-01-14,31.5,-25.0,21.36435
1976-01-15,31.5,-25.0,20.543335
1976-01-16,31.5,-25.0,20.256866
1976-01-17,31.5,-25.0,19.852203
1976-01-18,31.5,-25.0,20.618256
1976-01-19,31.5,-25.0,20.193604
1976-01-20,31.5,-25.0,19.156067
1976-01-21,31.5,-25.0,19.107788
1976-01-22,31.5,-25.0,18.436646
1976-01-23,31.5,-25.0,21.404327
1976-01-24,31.5,-25.0,21.256104
1976-01-25,31.5,-25.0,21.407654
1976-01-26,31.5,-25.0,19.272644
1976-01-27,31.5,-25.0,19.337585
1976-01-28,31.5,-25.0,17.848755
1976-01-29,31.5,-25.0,18.070251
1976-01-30,31.5,-25.0,18.941254
1976-01-31,31.5,-25.0,20.629913
1976-02-01,31.5,-25.0,20.700867
1976-02-02,31.5,-25.0,21.220703
1976-02-03,31.5,-25.0,21.307587
1976-02-04,31.5,-25.0,21.98648
1976-02-05,31.5,-25.0,22.111084
1976-02-06,31.5,-25.0,23.213043
1976-02-07,31.5,-25.0,22.291473
1976-02-08,31.5,-25.0,21.123932
1976-02-09,31.5,-25.0,20.4664
1976-02-10,31.5,-25.0,22.270142
1976-02-11,31.5,-25.0,18.323181
1976-02-12,31.5,-25.0,16.885101
1976-02-13,31.5,-25.0,16.125885
1976-02-14,31.5,-25.0,13.484161
1976-02-15,31.5,-25.0,15.630646
1976-02-16,31.5,-25.0,18.101807
1976-02-17,31.5,-25.0,18.87088
1976-02-18,31.5,-25.0,18.019836
1976-02-19,31.5,-25.0,18.6987
1976-02-20,31.5,-25.0,20.412262
1976-02-21,31.5,-25.0,20.149902
1976-02-22,31.5,-25.0,20.869781
1976-02-23,31.5,-25.0,21.015717
1976-02-24,31.5,-25.0,21.506012
1976-02-25,31.5,-25.0,19.933472
1976-02-26,31.5,-25.0,19.249664
1976-02-27,31.5,-25.0,19.310333
1976-02-28,31.5,-25.0,19.159485
1976-02-29,31.5,-25.0,19.2677
1976-03-01,31.5,-25.0,19.81195
1976-03-02,31.5,-25.0,19.949799
1976-03-03,31.5,-25.0,21.644165
1976-03-04,31.5,-25.0,20.792633
1976-03-05,31.5,-25.0,21.157318
1976-03-06,31.5,-25.0,21.776794
1976-03-07,31.5,-25.0,21.530762
1976-03-08,31.5,-25.0,21.127655
1976-03-09,31.5,-25.0,21.131165
1976-03-10,31.5,-25.0,19.951538
1976-03-11,31.5,-25.0,21.36148
1976-03-12,31.5,-25.0,21.06311
1976-03-13,31.5,-25.0,20.76297
1976-03-14,31.5,-25.0,18.876648
1976-03-15,31.5,-25.0,16.855957
1976-03-16,31.5,-25.0,20.150482
1976-03-17,31.5,-25.0,19.405365
1976-03-18,31.5,-25.0,18.424683
1976-03-19,31.5,-25.0,16.123047
1976-03-20,31.5,-25.0,15.700775
1976-03-21,31.5,-25.0,18.38977
1976-03-22,31.5,-25.0,19.55368
1976-03-23,31.5,-25.0,18.330444
1976-03-24,31.5,-25.0,16.960632
1976-03-25,31.5,-25.0,18.08966
1976-03-26,31.5,-25.0,18.834747
1976-03-27,31.5,-25.0,17.951782
1976-03-28,31.5,-25.0,17.201447
1976-03-29,31.5,-25.0,16.294067
1976-03-30,31.5,-25.0,20.270874
1976-03-31,31.5,-25.0,18.251923
1976-04-01,31.5,-25.0,18.619476
1976-04-02,31.5,-25.0,17.26828
1976-04-03,31.5,-25.0,16.22461
1976-04-04,31.5,-25.0,17.154602
1976-04-05,31.5,-25.0,15.197693
1976-04-06,31.5,-25.0,13.268768
1976-04-07,31.5,-25.0,17.091248
1976-04-08,31.5,-25.0,16.127686
1976-04-09,31.5,-25.0,17.497528
1976-04-10,31.5,-25.0,17.54599
1976-04-11,31.5,-25.0,16.744598
1976-04-12,31.5,-25.0,17.793854
1976-04-13,31.5,-25.0,17.191864
1976-04-14,31.5,-25.0,15.712097
1976-04-15,31.5,-25.0,17.227295
1976-04-16,31.5,-25.0,16.0047
1976-04-17,31.5,-25.0,17.37265
1976-04-18,31.5,-25.0,16.697998
1976-04-19,31.5,-25.0,16.517212
1976-04-20,31.5,-25.0,15.762421
1976-04-21,31.5,-25.0,14.409363
1976-04-22,31.5,-25.0,15.754944
1976-04-23,31.5,-25.0,17.818085
1976-04-24,31.5,-25.0,16.576843
1976-04-25,31.5,-25.0,18.332458
1976-04-26,31.5,-25.0,16.064331
1976-04-27,31.5,-25.0,15.141785
1976-04-28,31.5,-25.0,14.057098
1976-04-29,31.5,-25.0,14.539825
1976-04-30,31.5,-25.0,16.23767
1976-05-01,31.5,-25.0,16.707184
1976-05-02,31.5,-25.0,16.830963
1976-05-03,31.5,-25.0,17.300964
1976-05-04,31.5,-25.0,16.107605
1976-05-05,31.5,-25.0,12.668762
1976-05-06,31.5,-25.0,12.405731
1976-05-07,31.5,-25.0,10.864258
1976-05-08,31.5,-25.0,9.179626
1976-05-09,31.5,-25.0,9.442688
1976-05-10,31.5,-25.0,10.825562
1976-05-11,31.5,-25.0,11.945404
1976-05-12,31.5,-25.0,10.94162
1976-05-13,31.5,-25.0,11.018982
1976-05-14,31.5,-25.0,10.906799
1976-05-15,31.5,-25.0,11.256866
1976-05-16,31.5,-25.0,13.11554
1976-05-17,31.5,-25.0,11.810028
1976-05-18,31.5,-25.0,10.432953
1976-05-19,31.5,-25.0,10.251129
1976-05-20,31.5,-25.0,11.107941
1976-05-21,31.5,-25.0,15.560242
1976-05-22,31.5,-25.0,14.393982
1976-05-23,31.5,-25.0,12.140747
1976-05-24,31.5,-25.0,10.193115
1976-05-25,31.5,-25.0,11.697845
1976-05-26,31.5,-25.0,9.763733
1976-05-27,31.5,-25.0,8.825684
1976-05-28,31.5,-25.0,11.920258
1976-05-29,31.5,-25.0,15.127014
1976-05-30,31.5,-25.0,11.986023
1976-05-31,31.5,-25.0,9.610931
1976-06-01,31.5,-25.0,10.550049
1976-06-02,31.5,-25.0,11.299622
1976-06-03,31.5,-25.0,13.17746
1976-06-04,31.5,-25.0,15.509705
1976-06-05,31.5,-25.0,14.952362
1976-06-06,31.5,-25.0,14.082367
1976-06-07,31.5,-25.0,12.620117
1976-06-08,31.5,-25.0,10.324768
1976-06-09,31.5,-25.0,12.369598
1976-06-10,31.5,-25.0,9.716949
1976-06-11,31.5,-25.0,10.031555
1976-06-12,31.5,-25.0,10.029602
1976-06-13,31.5,-25.0,10.419922
1976-06-14,31.5,-25.0,12.0763855
1976-06-15,31.5,-25.0,12.107452
1976-06-16,31.5,-25.0,11.169495
1976-06-17,31.5,-25.0,12.431763
1976-06-18,31.5,-25.0,11.647217
1976-06-19,31.5,-25.0,12.837616
1976-06-20,31.5,-25.0,10.163605
1976-06-21,31.5,-25.0,7.912903
1976-06-22,31.5,-25.0,10.777252
1976-06-23,31.5,-25.0,8.874176
1976-06-24,31.5,-25.0,7.5420227
1976-06-25,31.5,-25.0,9.691711
1976-06-26,31.5,-25.0,10.468475
1976-06-27,31.5,-25.0,10.0781555
1976-06-28,31.5,-25.0,10.105347
1976-06-29,31.5,-25.0,9.668396
1976-06-30,31.5,-25.0,10.728699
1976-07-01,31.5,-25.0,9.403473
1976-07-02,31.5,-25.0,10.79892
1976-07-03,31.5,-25.0,8.986359
1976-07-04,31.5,-25.0,7.540924
1976-07-05,31.5,-25.0,7.890747
1976-07-06,31.5,-25.0,7.877289
1976-07-07,31.5,-25.0,10.645142
1976-07-08,31.5,-25.0,9.55722
1976-07-09,31.5,-25.0,12.10788
1976-07-10,31.5,-25.0,10.376068
1976-07-11,31.5,-25.0,13.889709
1976-07-12,31.5,-25.0,10.247284
1976-07-13,31.5,-25.0,8.236725
1976-07-14,31.5,-25.0,7.890747
1976-07-15,31.5,-25.0,9.912811
1976-07-16,31.5,-25.0,8.803741
1976-07-17,31.5,-25.0,5.8167725
1976-07-18,31.5,-25.0,7.171875
1976-07-19,31.5,-25.0,10.439484
1976-07-20,31.5,-25.0,9.632202
1976-07-21,31.5,-25.0,7.771576
1976-07-22,31.5,-25.0,9.547607
1976-07-23,31.5,-25.0,8.600006
1976-07-24,31.5,-25.0,8.006073
1976-07-25,31.5,-25.0,8.584625
1976-07-26,31.5,-25.0,10.600952
1976-07-27,31.5,-25.0,14.9122925
1976-07-28,31.5,-25.0,11.004578
1976-07-29,31.5,-25.0,9.924347
1976-07-30,31.5,-25.0,8.550049
1976-07-31,31.5,-25.0,8.478912
1976-08-01,31.5,-25.0,8.416962
1976-08-02,31.5,-25.0,9.875916
1976-08-03,31.5,-25.0,8.565399
1976-08-04,31.5,-25.0,7.2509766
1976-08-05,31.5,-25.0,7.4052734
1976-08-06,31.5,-25.0,10.39151
1976-08-07,31.5,-25.0,9.944275
1976-08-08,31.5,-25.0,7.838867
1976-08-09,31.5,-25.0,7.061554
1976-08-10,31.5,-25.0,8.069336
1976-08-11,31.5,-25.0,9.61615
1976-08-12,31.5,-25.0,8.420868
1976-08-13,31.5,-25.0,6.1806946
1976-08-14,31.5,-25.0,7.522461
1976-08-15,31.5,-25.0,10.319244
1976-08-16,31.5,-25.0,11.4227295
1976-08-17,31.5,-25.0,9.631775
1976-08-18,31.5,-25.0,11.119995
1976-08-19,31.5,-25.0,14.600372
1976-08-20,31.5,-25.0,11.231323
1976-08-21,31.5,-25.0,15.651123
1976-08-22,31.5,-25.0,12.424652
1976-08-23,31.5,-25.0,11.659058
1976-08-24,31.5,-25.0,13.496887
1976-08-25,31.5,-25.0,11.483276
1976-08-26,31.5,-25.0,12.457855
1976-08-27,31.5,-25.0,11.836792
1976-08-28,31.5,-25.0,11.065308
1976-08-29,31.5,-25.0,12.830902
1976-08-30,31.5,-25.0,14.848419
1976-08-31,31.5,-25.0,15.264404
1976-09-01,31.5,-25.0,12.712463
1976-09-02,31.5,-25.0,14.2127075
1976-09-03,31.5,-25.0,11.746674
1976-09-04,31.5,-25.0,9.849457
1976-09-05,31.5,-25.0,13.6267395
1976-09-06,31.5,-25.0,14.306213
1976-09-07,31.5,-25.0,13.880585
1976-09-08,31.5,-25.0,11.9470825
1976-09-09,31.5,-25.0,11.345856
1976-09-10,31.5,-25.0,11.471832
1976-09-11,31.5,-25.0,12.762085
1976-09-12,31.5,-25.0,13.134277
1976-09-13,31.5,-25.0,14.882629
1976-09-14,31.5,-25.0,13.953125
1976-09-15,31.5,-25.0,15.747284
1976-09-16,31.5,-25.0,14.99527
1976-09-17,31.5,-25.0,16.898193
1976-09-18,31.5,-25.0,17.131073
1976-09-19,31.5,-25.0,16.87149
1976-09-20,31.5,-25.0,19.786041
1976-09-21,31.5,-25.0,19.058838
1976-09-22,31.5,-25.0,17.510895
1976-09-23,31.5,-25.0,15.476227
1976-09-24,31.5,-25.0,16.58136
1976-09-25,31.5,-25.0,14.332947
1976-09-26,31.5,-25.0,13.911133
1976-09-27,31.5,-25.0,16.319885
1976-09-28,31.5,-25.0,17.342926
1976-09-29,31.5,-25.0,15.646118
1976-09-30,31.5,-25.0,16.113739
1976-10-01,31.5,-25.0,20.664001
1976-10-02,31.5,-25.0,17.081146
1976-10-03,31.5,-25.0,15.959961
1976-10-04,31.5,-25.0,15.189911
1976-10-05,31.5,-25.0,17.462616
1976-10-06,31.5,-25.0,17.892181
1976-10-07,31.5,-25.0,17.505371
1976-10-08,31.5,-25.0,15.970642
1976-10-09,31.5,-25.0,14.138214
1976-10-10,31.5,-25.0,17.077576
1976-10-11,31.5,-25.0,16.981323
1976-10-12,31.5,-25.0,18.387726
1976-10-13,31.5,-25.0,16.918945
1976-10-14,31.5,-25.0,17.88684
1976-10-15,31.5,-25.0,22.209442
1976-10-16,31.5,-25.0,17.077576
1976-10-17,31.5,-25.0,15.41806
1976-10-18,31.5,-25.0,13.705078
1976-10-19,31.5,-25.0,13.551788
1976-10-20,31.5,-25.0,11.542877
1976-10-21,31.5,-25.0,13.314697
1976-10-22,31.5,-25.0,17.120361
1976-10-23,31.5,-25.0,15.845856
1976-10-24,31.5,-25.0,17.350311
1976-10-25,31.5,-25.0,17.41983
1976-10-26,31.5,-25.0,19.286102
1976-10-27,31.5,-25.0,17.795929
1976-10-28,31.5,-25.0,17.833374
1976-10-29,31.5,-25.0,17.442993
1976-10-30,31.5,-25.0,17.844055
1976-10-31,31.5,-25.0,17.466156
1976-11-01,31.5,-25.0,17.535797
1976-11-02,31.5,-25.0,16.537384
1976-11-03,31.5,-25.0,18.003387
1976-11-04,31.5,-25.0,16.704834
1976-11-05,31.5,-25.0,16.86441
1976-11-06,31.5,-25.0,18.444153
1976-11-07,31.5,-25.0,17.311462
1976-11-08,31.5,-25.0,19.29721
1976-11-09,31.5,-25.0,16.888092
1976-11-10,31.5,-25.0,15.766449
1976-11-11,31.5,-25.0,14.0555725
1976-11-12,31.5,-25.0,19.497864
1976-11-13,31.5,-25.0,20.295624
1976-11-14,31.5,-25.0,19.418854
1976-11-15,31.5,-25.0,19.109222
1976-11-16,31.5,-25.0,17.984436
1976-11-17,31.5,-25.0,23.624176
1976-11-18,31.5,-25.0,21.935425
1976-11-19,31.5,-25.0,23.576782
1976-11-20,31.5,-25.0,22.189758
1976-11-21,31.5,-25.0,24.736328
1976-11-22,31.5,-25.0,22.835876
1976-11-23,31.5,-25.0,22.270325
1976-11-24,31.5,-25.0,26.219727
1976-11-25,31.5,-25.0,18.055542
1976-11-26,31.5,-25.0,16.545288
1976-11-27,31.5,-25.0,15.180359
1976-11-28,31.5,-25.0,18.49945
1976-11-29,31.5,-25.0,19.350922
1976-11-30,31.5,-25.0,19.535767
1976-12-01,31.5,-25.0,18.357574
1976-12-02,31.5,-25.0,22.00653
1976-12-03,31.5,-25.0,21.258331
1976-12-04,31.5,-25.0,23.797089
1976-12-05,31.5,-25.0,20.691101
1976-12-06,31.5,-25.0,19.677856
1976-12-07,31.5,-25.0,19.816833
1976-12-08,31.5,-25.0,20.597351
1976-12-09,31.5,-25.0,19.267395
1976-12-10,31.5,-25.0,20.637756
1976-12-11,31.5,-25.0,19.83136
1976-12-12,31.5,-25.0,19.740875
1976-12-13,31.5,-25.0,19.721497
1976-12-14,31.5,-25.0,21.098328
1976-12-15,31.5,-25.0,20.502014
1976-12-16,31.5,-25.0,22.090576
1976-12-17,31.5,-25.0,21.996826
1976-12-18,31.5,-25.0,21.88855
1976-12-19,31.5,-25.0,22.134186
1976-12-20,31.5,-25.0,20.582825
1976-12-21,31.5,-25.0,19.448364
1976-12-22,31.5,-25.0,21.017517
1976-12-23,31.5,-25.0,20.43576
1976-12-24,31.5,-25.0,20.590912
1976-12-25,31.5,-25.0,21.571838
1976-12-26,31.5,-25.0,22.30066
1976-12-27,31.5,-25.0,22.045319
1976-12-28,31.5,-25.0,22.092194
1976-12-29,31.5,-25.0,21.515259
1976-12-30,31.5,-25.0,22.880798
1976-12-31,31.5,-25.0,19.795807
1977-01-01,31.5,-25.0,16.829468
1977-01-02,31.5,-25.0,14.742126
1977-01-03,31.5,-25.0,16.934723
1977-01-04,31.5,-25.0,20.978241
1977-01-05,31.5,-25.0,21.833252
1977-01-06,31.5,-25.0,23.408905
1977-01-07,31.5,-25.0,22.576538
1977-01-08,31.5,-25.0,23.62912
1977-01-09,31.5,-25.0,22.278595
1977-01-10,31.5,-25.0,22.322296
1977-01-11,31.5,-25.0,23.140076
1977-01-12,31.5,-25.0,22.150665
1977-01-13,31.5,-25.0,23.478516
1977-01-14,31.5,-25.0,24.39508
1977-01-15,31.5,-25.0,21.65512
1977-01-16,31.5,-25.0,20.860046
1977-01-17,31.5,-25.0,21.91098
1977-01-18,31.5,-25.0,22.555481
1977-01-19,31.5,-25.0,22.380615
1977-01-20,31.5,-25.0,22.306122
1977-01-21,31.5,-25.0,22.027588
1977-01-22,31.5,-25.0,22.265625
1977-01-23,31.5,-25.0,24.265533
1977-01-24,31.5,-25.0,24.534332
1977-01-25,31.5,-25.0,25.256561
1977-01-26,31.5,-25.0,20.983093
1977-01-27,31.5,-25.0,20.019592
1977-01-28,31.5,-25.0,19.972626
1977-01-29,31.5,-25.0,22.161987
1977-01-30,31.5,-25.0,21.532074
1977-01-31,31.5,-25.0,20.9151
1977-02-01,31.5,-25.0,21.014587
1977-02-02,31.5,-25.0,22.37207
1977-02-03,31.5,-25.0,23.299286
1977-02-04,31.5,-25.0,22.548828
1977-02-05,31.5,-25.0,21.950134
1977-02-06,31.5,-25.0,20.927856
1977-02-07,31.5,-25.0,20.644348
1977-02-08,31.5,-25.0,21.544891
1977-02-09,31.5,-25.0,21.261383
1977-02-10,31.5,-25.0,20.634338
1977-02-11,31.5,-25.0,20.172394
1977-02-12,31.5,-25.0,19.275208
1977-02-13,31.5,-25.0,21.865082
1977-02-14,31.5,-25.0,21.414825
1977-02-15,31.5,-25.0,20.032318
1977-02-16,31.5,-25.0,19.925598
1977-02-17,31.5,-25.0,21.6633
1977-02-18,31.5,-25.0,22.467133
1977-02-19,31.5,-25.0,22.141937
1977-02-20,31.5,-25.0,21.75003
1977-02-21,31.5,-25.0,21.009583
1977-02-22,31.5,-25.0,20.615997
1977-02-23,31.5,-25.0,18.970032
1977-02-24,31.5,-25.0,19.77884
1977-02-25,31.5,-25.0,20.45758
1977-02-26,31.5,-25.0,20.17575
1977-02-27,31.5,-25.0,20.372528
1977-02-28,31.5,-25.0,19.980621
1977-03-01,31.5,-25.0,20.342133
1977-03-02,31.5,-25.0,19.141968
1977-03-03,31.5,-25.0,18.05832
1977-03-04,31.5,-25.0,20.277771
1977-03-05,31.5,-25.0,21.201385
1977-03-06,31.5,-25.0,21.556213
1977-03-07,31.5,-25.0,20.743927
1977-03-08,31.5,-25.0,20.41867
1977-03-09,31.5,-25.0,21.794495
1977-03-10,31.5,-25.0,21.641449
1977-03-11,31.5,-25.0,18.7193
1977-03-12,31.5,-25.0,17.268646
1977-03-13,31.5,-25.0,17.110352
1977-03-14,31.5,-25.0,17.447815
1977-03-15,31.5,-25.0,18.68451
1977-03-16,31.5,-25.0,18.442719
1977-03-17,31.5,-25.0,18.430542
1977-03-18,31.5,-25.0,16.97992
1977-03-19,31.5,-25.0,18.216614
1977-03-20,31.5,-25.0,18.242706
1977-03-21,31.5,-25.0,16.880768
1977-03-22,31.5,-25.0,15.468384
1977-03-23,31.5,-25.0,17.461731
1977-03-24,31.5,-25.0,15.1883545
1977-03-25,31.5,-25.0,16.25113
1977-03-26,31.5,-25.0,18.47403
1977-03-27,31.5,-25.0,16.48767
1977-03-28,31.5,-25.0,15.2022705
1977-03-29,31.5,-25.0,17.908752
1977-03-30,31.5,-25.0,15.979767
1977-03-31,31.5,-25.0,19.395905
1977-04-01,31.5,-25.0,19.725739
1977-04-02,31.5,-25.0,18.379364
1977-04-03,31.5,-25.0,17.983704
1977-04-04,31.5,-25.0,19.868591
1977-04-05,31.5,-25.0,20.249603
1977-04-06,31.5,-25.0,20.36319
1977-04-07,31.5,-25.0,18.644989
1977-04-08,31.5,-25.0,17.073303
1977-04-09,31.5,-25.0,15.977905
1977-04-10,31.5,-25.0,18.976532
1977-04-11,31.5,-25.0,18.688934
1977-04-12,31.5,-25.0,14.043549
1977-04-13,31.5,-25.0,11.588989
1977-04-14,31.5,-25.0,14.527161
1977-04-15,31.5,-25.0,13.618591
1977-04-16,31.5,-25.0,15.919312
1977-04-17,31.5,-25.0,13.816437
1977-04-18,31.5,-25.0,16.545776
1977-04-19,31.5,-25.0,17.46347
1977-04-20,31.5,-25.0,18.83731
1977-04-21,31.5,-25.0,18.769531
1977-04-22,31.5,-25.0,18.936218
1977-04-23,31.5,-25.0,17.855469
1977-04-24,31.5,-25.0,18.562561
1977-04-25,31.5,-25.0,18.963715
1977-04-26,31.5,-25.0,18.892273
1977-04-27,31.5,-25.0,18.188873
1977-04-28,31.5,-25.0,17.419525
1977-04-29,31.5,-25.0,17.381042
1977-04-30,31.5,-25.0,16.331451
1977-05-01,31.5,-25.0,15.743164
1977-05-02,31.5,-25.0,14.811127
1977-05-03,31.5,-25.0,16.645508
1977-05-04,31.5,-25.0,14.710846
1977-05-05,31.5,-25.0,14.471344
1977-05-06,31.5,-25.0,16.942596
1977-05-07,31.5,-25.0,15.332855
1977-05-08,31.5,-25.0,17.299072
1977-05-09,31.5,-25.0,15.386688
1977-05-10,31.5,-25.0,15.299408
1977-05-11,31.5,-25.0,15.241852
1977-05-12,31.5,-25.0,14.424927
1977-05-13,31.5,-25.0,17.104126
1977-05-14,31.5,-25.0,13.910614
1977-05-15,31.5,-25.0,12.117065
1977-05-16,31.5,-25.0,10.278961
1977-05-17,31.5,-25.0,13.037994
1977-05-18,31.5,-25.0,12.744629
1977-05-19,31.5,-25.0,14.928101
1977-05-20,31.5,-25.0,13.080688
1977-05-21,31.5,-25.0,13.661835
1977-05-22,31.5,-25.0,14.989349
1977-05-23,31.5,-25.0,15.108185
1977-05-24,31.5,-25.0,10.744995
1977-05-25,31.5,-25.0,9.060974
1977-05-26,31.5,-25.0,9.411896
1977-05-27,31.5,-25.0,8.977417
1977-05-28,31.5,-25.0,12.854187
1977-05-29,31.5,-25.0,10.503632
1977-05-30,31.5,-25.0,10.537048
1977-05-31,31.5,-25.0,10.8638
1977-06-01,31.5,-25.0,12.275452
1977-06-02,31.5,-25.0,8.553986
1977-06-03,31.5,-25.0,9.013428
1977-06-04,31.5,-25.0,13.465088
1977-06-05,31.5,-25.0,13.976013
1977-06-06,31.5,-25.0,11.230682
1977-06-07,31.5,-25.0,12.063812
1977-06-08,31.5,-25.0,13.396454
1977-06-09,31.5,-25.0,11.451843
1977-06-10,31.5,-25.0,11.730194
1977-06-11,31.5,-25.0,10.607269
1977-06-12,31.5,-25.0,12.033325
1977-06-13,31.5,-25.0,9.770325
1977-06-14,31.5,-25.0,12.620514
1977-06-15,31.5,-25.0,12.14389
1977-06-16,31.5,-25.0,13.062805
1977-06-17,31.5,-25.0,13.158142
1977-06-18,31.5,-25.0,10.586304
1977-06-19,31.5,-25.0,9.036316
1977-06-20,31.5,-25.0,9.53009
1977-06-21,31.5,-25.0,9.991455
1977-06-22,31.5,-25.0,10.466187
1977-06-23,31.5,-25.0,12.917938
1977-06-24,31.5,-25.0,13.243927
1977-06-25,31.5,-25.0,9.831329
1977-06-26,31.5,-25.0,10.027679
1977-06-27,31.5,-25.0,11.209717
1977-06-28,31.5,-25.0,8.268005
1977-06-29,31.5,-25.0,11.77594
1977-06-30,31.5,-25.0,11.962769
1977-07-01,31.5,-25.0,14.7656555
1977-07-02,31.5,-25.0,10.019684
1977-07-03,31.5,-25.0,6.9148865
1977-07-04,31.5,-25.0,6.99881
1977-07-05,31.5,-25.0,5.7264404
1977-07-06,31.5,-25.0,7.026123
1977-07-07,31.5,-25.0,10.331909
1977-07-08,31.5,-25.0,7.186157
1977-07-09,31.5,-25.0,7.4983826
1977-07-10,31.5,-25.0,13.928497
1977-07-11,31.5,-25.0,9.986511
1977-07-12,31.5,-25.0,8.111145
1977-07-13,31.5,-25.0,11.930176
1977-07-14,31.5,-25.0,10.294861
1977-07-15,31.5,-25.0,13.594788
1977-07-16,31.5,-25.0,7.584259
1977-07-17,31.5,-25.0,6.782196
1977-07-18,31.5,-25.0,9.654755
1977-07-19,31.5,-25.0,7.6408386
1977-07-20,31.5,-25.0,9.822601
1977-07-21,31.5,-25.0,8.759033
1977-07-22,31.5,-25.0,8.0448
1977-07-23,31.5,-25.0,8.9776
1977-07-24,31.5,-25.0,9.114197
1977-07-25,31.5,-25.0,11.171051
1977-07-26,31.5,-25.0,9.553284
1977-07-27,31.5,-25.0,11.524261
1977-07-28,31.5,-25.0,13.313782
1977-07-29,31.5,-25.0,11.262787
1977-07-30,31.5,-25.0,13.2552185
1977-07-31,31.5,-25.0,12.636597
1977-08-01,31.5,-25.0,9.488007
1977-08-02,31.5,-25.0,10.022888
1977-08-03,31.5,-25.0,11.8246765
1977-08-04,31.5,-25.0,13.163818
1977-08-05,31.5,-25.0,12.531342
1977-08-06,31.5,-25.0,8.85553
1977-08-07,31.5,-25.0,11.941803
1977-08-08,31.5,-25.0,9.162018
1977-08-09,31.5,-25.0,7.658905
1977-08-10,31.5,-25.0,9.162018
1977-08-11,31.5,-25.0,11.691956
1977-08-12,31.5,-25.0,12.234619
1977-08-13,31.5,-25.0,11.90863
1977-08-14,31.5,-25.0,12.31662
1977-08-15,31.5,-25.0,12.060883
1977-08-16,31.5,-25.0,12.137024
1977-08-17,31.5,-25.0,14.625946
1977-08-18,31.5,-25.0,14.130127
1977-08-19,31.5,-25.0,16.314514
1977-08-20,31.5,-25.0,17.899628
1977-08-21,31.5,-25.0,17.763
1977-08-22,31.5,-25.0,15.510254
1977-08-23,31.5,-25.0,12.505981
1977-08-24,31.5,-25.0,10.647583
1977-08-25,31.5,-25.0,9.486084
1977-08-26,31.5,-25.0,11.822723
1977-08-27,31.5,-25.0,11.416687
1977-08-28,31.5,-25.0,11.814941
1977-08-29,31.5,-25.0,16.537079
1977-08-30,31.5,-25.0,15.272095
1977-08-31,31.5,-25.0,16.183746
1977-09-01,31.5,-25.0,14.689148
1977-09-02,31.5,-25.0,15.456543
1977-09-03,31.5,-25.0,15.488007
1977-09-04,31.5,-25.0,17.174347
1977-09-05,31.5,-25.0,15.619843
1977-09-06,31.5,-25.0,15.409302
1977-09-07,31.5,-25.0,12.876892
1977-09-08,31.5,-25.0,16.157043
1977-09-09,31.5,-25.0,18.69339
1977-09-10,31.5,-25.0,17.05429
1977-09-11,31.5,-25.0,13.638397
1977-09-12,31.5,-25.0,10.344452
1977-09-13,31.5,-25.0,12.886719
1977-09-14,31.5,-25.0,17.71939
1977-09-15,31.5,-25.0,17.35733
1977-09-16,31.5,-25.0,18.199493
1977-09-17,31.5,-25.0,17.920105
1977-09-18,31.5,-25.0,15.98584
1977-09-19,31.5,-25.0,18.872467
1977-09-20,31.5,-25.0,18.945251
1977-09-21,31.5,-25.0,19.098755
1977-09-22,31.5,-25.0,19.92517
1977-09-23,31.5,-25.0,19.02002
1977-09-24,31.5,-25.0,17.229431
1977-09-25,31.5,-25.0,15.808746
1977-09-26,31.5,-25.0,15.859924
1977-09-27,31.5,-25.0,14.079163
1977-09-28,31.5,-25.0,12.92804
1977-09-29,31.5,-25.0,13.630524
1977-09-30,31.5,-25.0,12.001251
1977-10-01,31.5,-25.0,15.275787
1977-10-02,31.5,-25.0,13.377228
1977-10-03,31.5,-25.0,15.874542
1977-10-04,31.5,-25.0,15.264404
1977-10-05,31.5,-25.0,18.993347
1977-10-06,31.5,-25.0,18.714813
1977-10-07,31.5,-25.0,19.127869
1977-10-08,31.5,-25.0,19.249146
1977-10-09,31.5,-25.0,18.856934
1977-10-10,31.5,-25.0,18.707245
1977-10-11,31.5,-25.0,16.579407
1977-10-12,31.5,-25.0,19.379883
1977-10-13,31.5,-25.0,16.482758
1977-10-14,31.5,-25.0,16.490356
1977-10-15,31.5,-25.0,15.052216
1977-10-16,31.5,-25.0,12.439301
1977-10-17,31.5,-25.0,17.01709
1977-10-18,31.5,-25.0,18.477966
1977-10-19,31.5,-25.0,18.620087
1977-10-20,31.5,-25.0,17.098572
1977-10-21,31.5,-25.0,16.54718
1977-10-22,31.5,-25.0,17.009521
1977-10-23,31.5,-25.0,15.298523
1977-10-24,31.5,-25.0,14.013855
1977-10-25,31.5,-25.0,16.774567
1977-10-26,31.5,-25.0,16.056427
1977-10-27,31.5,-25.0,20.329163
1977-10-28,31.5,-25.0,20.4599
1977-10-29,31.5,-25.0,18.5083
1977-10-30,31.5,-25.0,19.20935
1977-10-31,31.5,-25.0,17.663208
1977-11-01,31.5,-25.0,16.624329
1977-11-02,31.5,-25.0,19.365173
1977-11-03,31.5,-25.0,19.429047
1977-11-04,31.5,-25.0,19.249847
1977-11-05,31.5,-25.0,17.214874
1977-11-06,31.5,-25.0,16.509003
1977-11-07,31.5,-25.0,16.456024
1977-11-08,31.5,-25.0,17.57013
1977-11-09,31.5,-25.0,18.81668
1977-11-10,31.5,-25.0,18.640594
1977-11-11,31.5,-25.0,17.26007
1977-11-12,31.5,-25.0,18.290009
1977-11-13,31.5,-25.0,18.66864
1977-11-14,31.5,-25.0,17.889557
1977-11-15,31.5,-25.0,17.856842
1977-11-16,31.5,-25.0,16.56668
1977-11-17,31.5,-25.0,17.445496
1977-11-18,31.5,-25.0,18.113953
1977-11-19,31.5,-25.0,18.73877
1977-11-20,31.5,-25.0,15.527374
1977-11-21,31.5,-25.0,15.148712
1977-11-22,31.5,-25.0,19.840393
1977-11-23,31.5,-25.0,19.961945
1977-11-24,31.5,-25.0,19.834167
1977-11-25,31.5,-25.0,19.094025
1977-11-26,31.5,-25.0,19.827942
1977-11-27,31.5,-25.0,20.384216
1977-11-28,31.5,-25.0,22.400482
1977-11-29,31.5,-25.0,19.899628
1977-11-30,31.5,-25.0,18.157562
1977-12-01,31.5,-25.0,18.41446
1977-12-02,31.5,-25.0,19.61145
1977-12-03,31.5,-25.0,21.538116
1977-12-04,31.5,-25.0,20.11319
1977-12-05,31.5,-25.0,20.124664
1977-12-06,31.5,-25.0,17.920898
1977-12-07,31.5,-25.0,20.795319
1977-12-08,31.5,-25.0,20.496887
1977-12-09,31.5,-25.0,20.918304
1977-12-10,31.5,-25.0,20.298492
1977-12-11,31.5,-25.0,23.23523
1977-12-12,31.5,-25.0,22.543274
1977-12-13,31.5,-25.0,20.983887
1977-12-14,31.5,-25.0,21.741455
1977-12-15,31.5,-25.0,19.135925
1977-12-16,31.5,-25.0,18.65384
1977-12-17,31.5,-25.0,17.953674
1977-12-18,31.5,-25.0,21.61847
1977-12-19,31.5,-25.0,23.104065
1977-12-20,31.5,-25.0,22.833496
1977-12-21,31.5,-25.0,22.330109
1977-12-22,31.5,-25.0,22.917114
1977-12-23,31.5,-25.0,19.775421
1977-12-24,31.5,-25.0,18.298035
1977-12-25,31.5,-25.0,17.89795
1977-12-26,31.5,-25.0,17.340424
1977-12-27,31.5,-25.0,16.269684
1977-12-28,31.5,-25.0,19.131012
1977-12-29,31.5,-25.0,21.285614
1977-12-30,31.5,-25.0,21.911987
1977-12-31,31.5,-25.0,19.657349
1978-01-01,31.5,-25.0,18.77768
1978-01-02,31.5,-25.0,18.221466
1978-01-03,31.5,-25.0,19.903381
1978-01-04,31.5,-25.0,20.984253
1978-01-05,31.5,-25.0,20.48117
1978-01-06,31.5,-25.0,21.840973
1978-01-07,31.5,-25.0,19.875153
1978-01-08,31.5,-25.0,19.352142
1978-01-09,31.5,-25.0,18.639862
1978-01-10,31.5,-25.0,18.598358
1978-01-11,31.5,-25.0,19.303986
1978-01-12,31.5,-25.0,18.261322
1978-01-13,31.5,-25.0,17.74826
1978-01-14,31.5,-25.0,16.589355
1978-01-15,31.5,-25.0,15.943512
1978-01-16,31.5,-25.0,14.309753
1978-01-17,31.5,-25.0,15.709381
1978-01-18,31.5,-25.0,19.066559
1978-01-19,31.5,-25.0,22.86206
1978-01-20,31.5,-25.0,22.52835
1978-01-21,31.5,-25.0,21.440826
1978-01-22,31.5,-25.0,21.183472
1978-01-23,31.5,-25.0,20.695343
1978-01-24,31.5,-25.0,20.623962
1978-01-25,31.5,-25.0,20.705322
1978-01-26,31.5,-25.0,21.29306
1978-01-27,31.5,-25.0,21.811096
1978-01-28,31.5,-25.0,21.484009
1978-01-29,31.5,-25.0,20.42804
1978-01-30,31.5,-25.0,20.348328
1978-01-31,31.5,-25.0,20.726898
1978-02-01,31.5,-25.0,20.288025
1978-02-02,31.5,-25.0,17.46933
1978-02-03,31.5,-25.0,18.740936
1978-02-04,31.5,-25.0,19.26944
1978-02-05,31.5,-25.0,22.120178
1978-02-06,31.5,-25.0,22.962585
1978-02-07,31.5,-25.0,21.140045
1978-02-08,31.5,-25.0,22.29956
1978-02-09,31.5,-25.0,22.309174
1978-02-10,31.5,-25.0,21.530823
1978-02-11,31.5,-25.0,21.63971
1978-02-12,31.5,-25.0,22.131378
1978-02-13,31.5,-25.0,22.530182
1978-02-14,31.5,-25.0,21.397888
1978-02-15,31.5,-25.0,23.089111
1978-02-16,31.5,-25.0,19.493652
1978-02-17,31.5,-25.0,18.644836
1978-02-18,31.5,-25.0,19.772339
1978-02-19,31.5,-25.0,19.594574
1978-02-20,31.5,-25.0,19.392761
1978-02-21,31.5,-25.0,20.931854
1978-02-22,31.5,-25.0,18.97638
1978-02-23,31.5,-25.0,18.476685
1978-02-24,31.5,-25.0,17.631073
1978-02-25,31.5,-25.0,17.09616
1978-02-26,31.5,-25.0,19.339905
1978-02-27,31.5,-25.0,19.38797
1978-02-28,31.5,-25.0,18.542358
1978-03-01,31.5,-25.0,19.030396
1978-03-02,31.5,-25.0,20.190002
1978-03-03,31.5,-25.0,20.066559
1978-03-04,31.5,-25.0,20.558594
1978-03-05,31.5,-25.0,21.0141
1978-03-06,31.5,-25.0,21.817322
1978-03-07,31.5,-25.0,21.766907
1978-03-08,31.5,-25.0,22.238037
1978-03-09,31.5,-25.0,20.767212
1978-03-10,31.5,-25.0,20.033539
1978-03-11,31.5,-25.0,20.591614
1978-03-12,31.5,-25.0,21.559998
1978-03-13,31.5,-25.0,21.022797
1978-03-14,31.5,-25.0,20.939331
1978-03-15,31.5,-25.0,20.054413
1978-03-16,31.5,-25.0,18.858276
1978-03-17,31.5,-25.0,21.476562
1978-03-18,31.5,-25.0,20.90979
1978-03-19,31.5,-25.0,20.261292
1978-03-20,31.5,-25.0,20.47165
1978-03-21,31.5,-25.0,19.699738
1978-03-22,31.5,-25.0,20.217834
1978-03-23,31.5,-25.0,20.106567
1978-03-24,31.5,-25.0,21.062775
1978-03-25,31.5,-25.0,19.715393
1978-03-26,31.5,-25.0,19.618011
1978-03-27,31.5,-25.0,20.12741
1978-03-28,31.5,-25.0,19.463287
1978-03-29,31.5,-25.0,18.98172
1978-03-30,31.5,-25.0,17.643005
1978-03-31,31.5,-25.0,19.508484
1978-04-01,31.5,-25.0,21.290222
1978-04-02,31.5,-25.0,20.802399
1978-04-03,31.5,-25.0,18.858246
1978-04-04,31.5,-25.0,17.736633
1978-04-05,31.5,-25.0,17.127747
1978-04-06,31.5,-25.0,17.852356
1978-04-07,31.5,-25.0,17.291565
1978-04-08,31.5,-25.0,17.508759
1978-04-09,31.5,-25.0,17.750885
1978-04-10,31.5,-25.0,17.777588
1978-04-11,31.5,-25.0,16.595428
1978-04-12,31.5,-25.0,15.274414
1978-04-13,31.5,-25.0,14.241821
1978-04-14,31.5,-25.0,12.534454
1978-04-15,31.5,-25.0,13.948059
1978-04-16,31.5,-25.0,15.461365
1978-04-17,31.5,-25.0,18.53067
1978-04-18,31.5,-25.0,16.497528
1978-04-19,31.5,-25.0,15.110626
1978-04-20,31.5,-25.0,14.555145
1978-04-21,31.5,-25.0,17.464233
1978-04-22,31.5,-25.0,15.012695
1978-04-23,31.5,-25.0,17.213226
1978-04-24,31.5,-25.0,15.411499
1978-04-25,31.5,-25.0,14.252502
1978-04-26,31.5,-25.0,15.115967
1978-04-27,31.5,-25.0,13.054321
1978-04-28,31.5,-25.0,11.516113
1978-04-29,31.5,-25.0,10.357117
1978-04-30,31.5,-25.0,11.590881
1978-05-01,31.5,-25.0,12.836792
1978-05-02,31.5,-25.0,10.669769
1978-05-03,31.5,-25.0,9.594696
1978-05-04,31.5,-25.0,11.938416
1978-05-05,31.5,-25.0,12.754089
1978-05-06,31.5,-25.0,12.849945
1978-05-07,31.5,-25.0,16.127777
1978-05-08,31.5,-25.0,14.376099
1978-05-09,31.5,-25.0,16.52246
1978-05-10,31.5,-25.0,14.864746
1978-05-11,31.5,-25.0,15.59964
1978-05-12,31.5,-25.0,12.71463
1978-05-13,31.5,-25.0,13.584839
1978-05-14,31.5,-25.0,16.302551
1978-05-15,31.5,-25.0,15.977417
1978-05-16,31.5,-25.0,15.588348
1978-05-17,31.5,-25.0,12.47406
1978-05-18,31.5,-25.0,13.8272705
1978-05-19,31.5,-25.0,15.060211
1978-05-20,31.5,-25.0,13.254028
1978-05-21,31.5,-25.0,13.457031
1978-05-22,31.5,-25.0,15.4774475
1978-05-23,31.5,-25.0,13.682556
1978-05-24,31.5,-25.0,10.365265
1978-05-25,31.5,-25.0,11.810608
1978-05-26,31.5,-25.0,13.964478
1978-05-27,31.5,-25.0,16.216095
1978-05-28,31.5,-25.0,14.075378
1978-05-29,31.5,-25.0,15.28952
1978-05-30,31.5,-25.0,13.793457
1978-05-31,31.5,-25.0,15.133514
1978-06-01,31.5,-25.0,12.818756
1978-06-02,31.5,-25.0,9.537598
1978-06-03,31.5,-25.0,9.862793
1978-06-04,31.5,-25.0,10.417145
1978-06-05,31.5,-25.0,9.388733
1978-06-06,31.5,-25.0,10.808929
1978-06-07,31.5,-25.0,12.746277
1978-06-08,31.5,-25.0,11.324127
1978-06-09,31.5,-25.0,8.642395
1978-06-10,31.5,-25.0,8.103699
1978-06-11,31.5,-25.0,9.535645
1978-06-12,31.5,-25.0,10.550354
1978-06-13,31.5,-25.0,12.209534
1978-06-14,31.5,-25.0,9.100769
1978-06-15,31.5,-25.0,7.5121155
1978-06-16,31.5,-25.0,6.9851685
1978-06-17,31.5,-25.0,6.7461853
1978-06-18,31.5,-25.0,8.103699
1978-06-19,31.5,-25.0,12.348633
1978-06-20,31.5,-25.0,8.581665
1978-06-21,31.5,-25.0,7.772644
1978-06-22,31.5,-25.0,11.7942505
1978-06-23,31.5,-25.0,11.126282
1978-06-24,31.5,-25.0,9.778564
1978-06-25,31.5,-25.0,7.9881287
1978-06-26,31.5,-25.0,6.507202
1978-06-27,31.5,-25.0,7.07724
1978-06-28,31.5,-25.0,7.263336
1978-06-29,31.5,-25.0,7.0556946
1978-06-30,31.5,-25.0,8.254547
1978-07-01,31.5,-25.0,8.924561
1978-07-02,31.5,-25.0,11.70697
1978-07-03,31.5,-25.0,8.058777
1978-07-04,31.5,-25.0,9.123322
1978-07-05,31.5,-25.0,9.813995
1978-07-06,31.5,-25.0,12.86792
1978-07-07,31.5,-25.0,9.286621
1978-07-08,31.5,-25.0,6.0575867
1978-07-09,31.5,-25.0,7.490082
1978-07-10,31.5,-25.0,11.760071
1978-07-11,31.5,-25.0,12.586548
1978-07-12,31.5,-25.0,13.365753
1978-07-13,31.5,-25.0,10.252808
1978-07-14,31.5,-25.0,10.209503
1978-07-15,31.5,-25.0,8.198486
1978-07-16,31.5,-25.0,7.6947327
1978-07-17,31.5,-25.0,8.7907715
1978-07-18,31.5,-25.0,12.545227
1978-07-19,31.5,-25.0,9.731354
1978-07-20,31.5,-25.0,12.679016
1978-07-21,31.5,-25.0,8.863586
1978-07-22,31.5,-25.0,8.981628
1978-07-23,31.5,-25.0,9.375183
1978-07-24,31.5,-25.0,9.168579
1978-07-25,31.5,-25.0,10.193756
1978-07-26,31.5,-25.0,9.802185
1978-07-27,31.5,-25.0,9.991089
1978-07-28,31.5,-25.0,10.268524
1978-07-29,31.5,-25.0,12.964355
1978-07-30,31.5,-25.0,13.03125
1978-07-31,31.5,-25.0,12.173309
1978-08-01,31.5,-25.0,13.568359
1978-08-02,31.5,-25.0,13.037964
1978-08-03,31.5,-25.0,13.619446
1978-08-04,31.5,-25.0,15.016144
1978-08-05,31.5,-25.0,16.432495
1978-08-06,31.5,-25.0,15.202759
1978-08-07,31.5,-25.0,12.212921
1978-08-08,31.5,-25.0,13.091003
1978-08-09,31.5,-25.0,16.342133
1978-08-10,31.5,-25.0,13.982849
1978-08-11,31.5,-25.0,12.0243225
1978-08-12,31.5,-25.0,14.452362
1978-08-13,31.5,-25.0,15.175262
1978-08-14,31.5,-25.0,13.358185
1978-08-15,31.5,-25.0,15.363831
1978-08-16,31.5,-25.0,14.428772
1978-08-17,31.5,-25.0,14.786316
1978-08-18,31.5,-25.0,14.882568
1978-08-19,31.5,-25.0,11.128571
1978-08-20,31.5,-25.0,16.399078
1978-08-21,31.5,-25.0,15.9904785
1978-08-22,31.5,-25.0,14.446472
1978-08-23,31.5,-25.0,11.275879
1978-08-24,31.5,-25.0,15.155609
1978-08-25,31.5,-25.0,14.63504
1978-08-26,31.5,-25.0,14.118408
1978-08-27,31.5,-25.0,14.086975
1978-08-28,31.5,-25.0,14.509308
1978-08-29,31.5,-25.0,16.884308
1978-08-30,31.5,-25.0,15.426697
1978-08-31,31.5,-25.0,17.123962
1978-09-01,31.5,-25.0,11.996613
1978-09-02,31.5,-25.0,9.973236
1978-09-03,31.5,-25.0,14.248138
1978-09-04,31.5,-25.0,13.563629
1978-09-05,31.5,-25.0,12.745239
1978-09-06,31.5,-25.0,9.897827
1978-09-07,31.5,-25.0,13.156342
1978-09-08,31.5,-25.0,14.591339
1978-09-09,31.5,-25.0,15.3871155
1978-09-10,31.5,-25.0,13.148773
1978-09-11,31.5,-25.0,11.085815
1978-09-12,31.5,-25.0,13.582489
1978-09-13,31.5,-25.0,16.073517
1978-09-14,31.5,-25.0,15.402222
1978-09-15,31.5,-25.0,13.2317505
1978-09-16,31.5,-25.0,9.926117
1978-09-17,31.5,-25.0,13.248718
1978-09-18,31.5,-25.0,16.697693
1978-09-19,31.5,-25.0,15.685059
1978-09-20,31.5,-25.0,18.004486
1978-09-21,31.5,-25.0,18.649414
1978-09-22,31.5,-25.0,17.444427
1978-09-23,31.5,-25.0,15.466309
1978-09-24,31.5,-25.0,19.62619
1978-09-25,31.5,-25.0,18.438202
1978-09-26,31.5,-25.0,18.130829
1978-09-27,31.5,-25.0,16.729736
1978-09-28,31.5,-25.0,19.65448
1978-09-29,31.5,-25.0,17.900787
1978-09-30,31.5,-25.0,16.652435
1978-10-01,31.5,-25.0,17.769043
1978-10-02,31.5,-25.0,16.085236
1978-10-03,31.5,-25.0,19.958862
1978-10-04,31.5,-25.0,18.107605
1978-10-05,31.5,-25.0,17.025269
1978-10-06,31.5,-25.0,16.110443
1978-10-07,31.5,-25.0,18.134613
1978-10-08,31.5,-25.0,17.223358
1978-10-09,31.5,-25.0,17.33142
1978-10-10,31.5,-25.0,16.917236
1978-10-11,31.5,-25.0,16.328339
1978-10-12,31.5,-25.0,16.319336
1978-10-13,31.5,-25.0,16.92804
1978-10-14,31.5,-25.0,15.029938
1978-10-15,31.5,-25.0,17.934723
1978-10-16,31.5,-25.0,17.088318
1978-10-17,31.5,-25.0,18.217438
1978-10-18,31.5,-25.0,19.339386
1978-10-19,31.5,-25.0,18.271484
1978-10-20,31.5,-25.0,15.424316
1978-10-21,31.5,-25.0,13.106628
1978-10-22,31.5,-25.0,13.7621155
1978-10-23,31.5,-25.0,16.636292
1978-10-24,31.5,-25.0,13.153442
1978-10-25,31.5,-25.0,13.268707
1978-10-26,31.5,-25.0,10.313507
1978-10-27,31.5,-25.0,12.195374
1978-10-28,31.5,-25.0,14.088074
1978-10-29,31.5,-25.0,15.154205
1978-10-30,31.5,-25.0,18.835144
1978-10-31,31.5,-25.0,18.395721
1978-11-01,31.5,-25.0,19.244812
1978-11-02,31.5,-25.0,19.775696
1978-11-03,31.5,-25.0,17.299377
1978-11-04,31.5,-25.0,16.875
1978-11-05,31.5,-25.0,16.995789
1978-11-06,31.5,-25.0,17.671295
1978-11-07,31.5,-25.0,15.430206
1978-11-08,31.5,-25.0,17.065735
1978-11-09,31.5,-25.0,19.278198
1978-11-10,31.5,-25.0,18.725067
1978-11-11,31.5,-25.0,17.765076
1978-11-12,31.5,-25.0,18.764801
1978-11-13,31.5,-25.0,17.631561
1978-11-14,31.5,-25.0,16.410889
1978-11-15,31.5,-25.0,16.771698
1978-11-16,31.5,-25.0,16.642944
1978-11-17,31.5,-25.0,15.55896
1978-11-18,31.5,-25.0,17.207184
1978-11-19,31.5,-25.0,17.99237
1978-11-20,31.5,-25.0,17.693542
1978-11-21,31.5,-25.0,18.214874
1978-11-22,31.5,-25.0,17.100708
1978-11-23,31.5,-25.0,16.849579
1978-11-24,31.5,-25.0,19.82019
1978-11-25,31.5,-25.0,19.944153
1978-11-26,31.5,-25.0,17.84137
1978-11-27,31.5,-25.0,16.889313
1978-11-28,31.5,-25.0,16.166107
1978-11-29,31.5,-25.0,20.304962
1978-11-30,31.5,-25.0,19.476868
1978-12-01,31.5,-25.0,19.421783
1978-12-02,31.5,-25.0,18.71164
1978-12-03,31.5,-25.0,20.483704
1978-12-04,31.5,-25.0,21.165771
1978-12-05,31.5,-25.0,20.746277
1978-12-06,31.5,-25.0,20.189728
1978-12-07,31.5,-25.0,19.431702
1978-12-08,31.5,-25.0,19.547302
1978-12-09,31.5,-25.0,19.624908
1978-12-10,31.5,-25.0,19.984955
1978-12-11,31.5,-25.0,19.279755
1978-12-12,31.5,-25.0,16.300476
1978-12-13,31.5,-25.0,14.373169
1978-12-14,31.5,-25.0,15.00238
1978-12-15,31.5,-25.0,17.469727
1978-12-16,31.5,-25.0,18.209595
1978-12-17,31.5,-25.0,17.980042
1978-12-18,31.5,-25.0,18.123718
1978-12-19,31.5,-25.0,16.034576
1978-12-20,31.5,-25.0,15.440033
1978-12-21,31.5,-25.0,20.97586
1978-12-22,31.5,-25.0,21.993164
1978-12-23,31.5,-25.0,21.890778
1978-12-24,31.5,-25.0,17.639832
1978-12-25,31.5,-25.0,16.132019
1978-12-26,31.5,-25.0,14.655579
1978-12-27,31.5,-25.0,16.634064
1978-12-28,31.5,-25.0,20.108826
1978-12-29,31.5,-25.0,20.952728
1978-12-30,31.5,-25.0,21.060059
1978-12-31,31.5,-25.0,23.055084
1979-01-01,31.5,-25.0,20.758179
1979-01-02,31.5,-25.0,20.444122
1979-01-03,31.5,-25.0,15.027008
1979-01-04,31.5,-25.0,13.509308
1979-01-05,31.5,-25.0,14.684082
1979-01-06,31.5,-25.0,17.610779
1979-01-07,31.5,-25.0,18.267761
1979-01-08,31.5,-25.0,17.493652
1979-01-09,31.5,-25.0,17.24408
1979-01-10,31.5,-25.0,17.444427
1979-01-11,31.5,-25.0,21.608704
1979-01-12,31.5,-25.0,22.411682
1979-01-13,31.5,-25.0,21.924438
1979-01-14,31.5,-25.0,22.00595
1979-01-15,31.5,-25.0,21.65622
1979-01-16,31.5,-25.0,21.435547
1979-01-17,31.5,-25.0,21.798828
1979-01-18,31.5,-25.0,21.999146
1979-01-19,31.5,-25.0,22.445618
1979-01-20,31.5,-25.0,24.233215
1979-01-21,31.5,-25.0,19.11319
1979-01-22,31.5,-25.0,17.463074
1979-01-23,31.5,-25.0,16.546356
1979-01-24,31.5,-25.0,16.941925
1979-01-25,31.5,-25.0,16.150818
1979-01-26,31.5,-25.0,19.067352
1979-01-27,31.5,-25.0,20.70047
1979-01-28,31.5,-25.0,20.948303
1979-01-29,31.5,-25.0,21.987274
1979-01-30,31.5,-25.0,20.5307
1979-01-31,31.5,-25.0,19.152222
1979-02-01,31.5,-25.0,19.247253
1979-02-02,31.5,-25.0,18.749695
1979-02-03,31.5,-25.0,17.873444
1979-02-04,31.5,-25.0,16.482635
1979-02-05,31.5,-25.0,20.233917
1979-02-06,31.5,-25.0,21.205261
1979-02-07,31.5,-25.0,21.237518
1979-02-08,31.5,-25.0,21.93039
1979-02-09,31.5,-25.0,20.108246
1979-02-10,31.5,-25.0,21.94397
1979-02-11,31.5,-25.0,21.047333
1979-02-12,31.5,-25.0,19.420471
1979-02-13,31.5,-25.0,20.01825
1979-02-14,31.5,-25.0,21.826813
1979-02-15,31.5,-25.0,23.071564
1979-02-16,31.5,-25.0,22.599487
1979-02-17,31.5,-25.0,23.618378
1979-02-18,31.5,-25.0,23.5997
1979-02-19,31.5,-25.0,21.640015
1979-02-20,31.5,-25.0,20.264465
1979-02-21,31.5,-25.0,21.23413
1979-02-22,31.5,-25.0,21.650177
1979-02-23,31.5,-25.0,21.833588
1979-02-24,31.5,-25.0,21.34961
1979-02-25,31.5,-25.0,20.9794
1979-02-26,31.5,-25.0,21.006592
1979-02-27,31.5,-25.0,19.994476
1979-02-28,31.5,-25.0,21.592438
1979-03-01,31.5,-25.0,21.996979
1979-03-02,31.5,-25.0,19.929413
1979-03-03,31.5,-25.0,18.717316
1979-03-04,31.5,-25.0,16.858765
1979-03-05,31.5,-25.0,14.01651
1979-03-06,31.5,-25.0,17.138092
1979-03-07,31.5,-25.0,18.662872
1979-03-08,31.5,-25.0,17.66861
1979-03-09,31.5,-25.0,17.956696
1979-03-10,31.5,-25.0,18.836761
1979-03-11,31.5,-25.0,17.58075
1979-03-12,31.5,-25.0,18.738403
1979-03-13,31.5,-25.0,18.137634
1979-03-14,31.5,-25.0,19.167023
1979-03-15,31.5,-25.0,17.503479
1979-03-16,31.5,-25.0,17.802094
1979-03-17,31.5,-25.0,19.291748
1979-03-18,31.5,-25.0,18.984344
1979-03-19,31.5,-25.0,20.942993
1979-03-20,31.5,-25.0,23.544617
1979-03-21,31.5,-25.0,22.627625
1979-03-22,31.5,-25.0,20.649628
1979-03-23,31.5,-25.0,20.015472
1979-03-24,31.5,-25.0,19.760773
1979-03-25,31.5,-25.0,19.632538
1979-03-26,31.5,-25.0,20.825317
1979-03-27,31.5,-25.0,22.369415
1979-03-28,31.5,-25.0,21.287292
1979-03-29,31.5,-25.0,18.562744
1979-03-30,31.5,-25.0,18.68219
1979-03-31,31.5,-25.0,17.213623
1979-04-01,31.5,-25.0,15.7873535
1979-04-02,31.5,-25.0,20.366455
1979-04-03,31.5,-25.0,20.656403
1979-04-04,31.5,-25.0,19.943909
1979-04-05,31.5,-25.0,18.131714
1979-04-06,31.5,-25.0,18.193604
1979-04-07,31.5,-25.0,18.67096
1979-04-08,31.5,-25.0,18.179443
1979-04-09,31.5,-25.0,19.533752
1979-04-10,31.5,-25.0,16.904724
1979-04-11,31.5,-25.0,17.944305
1979-04-12,31.5,-25.0,17.535889
1979-04-13,31.5,-25.0,17.990265
1979-04-14,31.5,-25.0,18.768188
1979-04-15,31.5,-25.0,18.872498
1979-04-16,31.5,-25.0,17.242401
1979-04-17,31.5,-25.0,14.788422
1979-04-18,31.5,-25.0,15.536285
1979-04-19,31.5,-25.0,14.862701
1979-04-20,31.5,-25.0,18.071594
1979-04-21,31.5,-25.0,18.52066
1979-04-22,31.5,-25.0,17.177002
1979-04-23,31.5,-25.0,15.507996
1979-04-24,31.5,-25.0,17.191132
1979-04-25,31.5,-25.0,15.972992
1979-04-26,31.5,-25.0,15.889893
1979-04-27,31.5,-25.0,18.68155
1979-04-28,31.5,-25.0,16.429138
1979-04-29,31.5,-25.0,16.650146
1979-04-30,31.5,-25.0,17.680878
1979-05-01,31.5,-25.0,17.862885
1979-05-02,31.5,-25.0,20.00409
1979-05-03,31.5,-25.0,18.406738
1979-05-04,31.5,-25.0,17.597626
1979-05-05,31.5,-25.0,20.07611
1979-05-06,31.5,-25.0,18.351776
1979-05-07,31.5,-25.0,13.633575
1979-05-08,31.5,-25.0,12.663391
1979-05-09,31.5,-25.0,11.494263
1979-05-10,31.5,-25.0,11.037598
1979-05-11,31.5,-25.0,12.526978
1979-05-12,31.5,-25.0,12.301483
1979-05-13,31.5,-25.0,11.056549
1979-05-14,31.5,-25.0,11.97934
1979-05-15,31.5,-25.0,10.9618225
1979-05-16,31.5,-25.0,13.521759
1979-05-17,31.5,-25.0,12.072205
1979-05-18,31.5,-25.0,11.035706
1979-05-19,31.5,-25.0,12.652039
1979-05-20,31.5,-25.0,12.735413
1979-05-21,31.5,-25.0,12.221893
1979-05-22,31.5,-25.0,13.28302
1979-05-23,31.5,-25.0,13.320923
1979-05-24,31.5,-25.0,12.159363
1979-05-25,31.5,-25.0,13.373962
1979-05-26,31.5,-25.0,16.168884
1979-05-27,31.5,-25.0,12.282532
1979-05-28,31.5,-25.0,10.956116
1979-05-29,31.5,-25.0,11.4071045
1979-05-30,31.5,-25.0,12.994995
1979-05-31,31.5,-25.0,14.158447
1979-06-01,31.5,-25.0,16.94931
1979-06-02,31.5,-25.0,15.541046
1979-06-03,31.5,-25.0,13.804504
1979-06-04,31.5,-25.0,11.912567
1979-06-05,31.5,-25.0,9.946808
1979-06-06,31.5,-25.0,11.137543
1979-06-07,31.5,-25.0,15.183624
1979-06-08,31.5,-25.0,12.749756
1979-06-09,31.5,-25.0,13.408234
1979-06-10,31.5,-25.0,13.324707
1979-06-11,31.5,-25.0,11.1666565
1979-06-12,31.5,-25.0,12.458374
1979-06-13,31.5,-25.0,8.319061
1979-06-14,31.5,-25.0,10.523712
1979-06-15,31.5,-25.0,9.195099
1979-06-16,31.5,-25.0,9.647675
1979-06-17,31.5,-25.0,11.918396
1979-06-18,31.5,-25.0,9.927399
1979-06-19,31.5,-25.0,7.9596863
1979-06-20,31.5,-25.0,8.476379
1979-06-21,31.5,-25.0,11.077301
1979-06-22,31.5,-25.0,11.926147
1979-06-23,31.5,-25.0,11.811554
1979-06-24,31.5,-25.0,9.09021
1979-06-25,31.5,-25.0,9.181488
1979-06-26,31.5,-25.0,9.709839
1979-06-27,31.5,-25.0,9.906036
1979-06-28,31.5,-25.0,7.283722
1979-06-29,31.5,-25.0,10.098328
1979-06-30,31.5,-25.0,8.835754
1979-07-01,31.5,-25.0,13.697601
1979-07-02,31.5,-25.0,13.243713
1979-07-03,31.5,-25.0,11.051544
1979-07-04,31.5,-25.0,9.672028
1979-07-05,31.5,-25.0,6.6196594
1979-07-06,31.5,-25.0,8.262787
1979-07-07,31.5,-25.0,8.248901
1979-07-08,31.5,-25.0,12.165466
1979-07-09,31.5,-25.0,11.852295
1979-07-10,31.5,-25.0,10.680908
1979-07-11,31.5,-25.0,8.665131
1979-07-12,31.5,-25.0,10.08429
1979-07-13,31.5,-25.0,7.5690613
1979-07-14,31.5,-25.0,8.770203
1979-07-15,31.5,-25.0,12.004913
1979-07-16,31.5,-25.0,10.998047
1979-07-17,31.5,-25.0,11.342926
1979-07-18,31.5,-25.0,10.1675415
1979-07-19,31.5,-25.0,14.593506
1979-07-20,31.5,-25.0,12.062408
1979-07-21,31.5,-25.0,12.444946
1979-07-22,31.5,-25.0,8.011047
1979-07-23,31.5,-25.0,8.365845
1979-07-24,31.5,-25.0,7.416443
1979-07-25,31.5,-25.0,5.460144
1979-07-26,31.5,-25.0,3.7496033
1979-07-27,31.5,-25.0,5.246063
1979-07-28,31.5,-25.0,9.337067
1979-07-29,31.5,-25.0,11.3013
1979-07-30,31.5,-25.0,8.797943
1979-07-31,31.5,-25.0,7.630493
1979-08-01,31.5,-25.0,6.585663
1979-08-02,31.5,-25.0,7.350952
1979-08-03,31.5,-25.0,7.8821106
1979-08-04,31.5,-25.0,8.899231
1979-08-05,31.5,-25.0,9.593689
1979-08-06,31.5,-25.0,10.233063
1979-08-07,31.5,-25.0,11.976105
1979-08-08,31.5,-25.0,12.436462
1979-08-09,31.5,-25.0,15.824188
1979-08-10,31.5,-25.0,14.982178
1979-08-11,31.5,-25.0,13.270599
1979-08-12,31.5,-25.0,12.959778
1979-08-13,31.5,-25.0,12.281036
1979-08-14,31.5,-25.0,9.396973
1979-08-15,31.5,-25.0,12.477783
1979-08-16,31.5,-25.0,10.189789
1979-08-17,31.5,-25.0,13.730957
1979-08-18,31.5,-25.0,14.27002
1979-08-19,31.5,-25.0,14.193268
1979-08-20,31.5,-25.0,12.816162
1979-08-21,31.5,-25.0,13.256836
1979-08-22,31.5,-25.0,12.210236
1979-08-23,31.5,-25.0,15.285156
1979-08-24,31.5,-25.0,13.911957
1979-08-25,31.5,-25.0,16.55603
1979-08-26,31.5,-25.0,15.645172
1979-08-27,31.5,-25.0,17.09311
1979-08-28,31.5,-25.0,16.432098
1979-08-29,31.5,-25.0,16.674072
1979-08-30,31.5,-25.0,15.955994
1979-08-31,31.5,-25.0,17.197388
1979-09-01,31.5,-25.0,16.726044
1979-09-02,31.5,-25.0,13.958435
1979-09-03,31.5,-25.0,12.976898
1979-09-04,31.5,-25.0,11.960693
1979-09-05,31.5,-25.0,10.159241
1979-09-06,31.5,-25.0,7.909363
1979-09-07,31.5,-25.0,10.386353
1979-09-08,31.5,-25.0,11.213928
1979-09-09,31.5,-25.0,7.6476135
1979-09-10,31.5,-25.0,7.4339905
1979-09-11,31.5,-25.0,10.42099
1979-09-12,31.5,-25.0,11.902954
1979-09-13,31.5,-25.0,13.744812
1979-09-14,31.5,-25.0,14.94577
1979-09-15,31.5,-25.0,14.314484
1979-09-16,31.5,-25.0,17.370789
1979-09-17,31.5,-25.0,15.388428
1979-09-18,31.5,-25.0,15.813782
1979-09-19,31.5,-25.0,16.506622
1979-09-20,31.5,-25.0,16.983948
1979-09-21,31.5,-25.0,18.641022
1979-09-22,31.5,-25.0,17.92508
1979-09-23,31.5,-25.0,17.96164
1979-09-24,31.5,-25.0,17.761475
1979-09-25,31.5,-25.0,17.534393
1979-09-26,31.5,-25.0,17.118652
1979-09-27,31.5,-25.0,16.756836
1979-09-28,31.5,-25.0,16.726044
1979-09-29,31.5,-25.0,18.392761
1979-09-30,31.5,-25.0,17.445862
1979-10-01,31.5,-25.0,21.813416
1979-10-02,31.5,-25.0,19.571503
1979-10-03,31.5,-25.0,18.117126
1979-10-04,31.5,-25.0,18.03061
1979-10-05,31.5,-25.0,18.583893
1979-10-06,31.5,-25.0,17.834167
1979-10-07,31.5,-25.0,16.808716
1979-10-08,31.5,-25.0,14.81369
1979-10-09,31.5,-25.0,18.174805
1979-10-10,31.5,-25.0,18.57309
1979-10-11,31.5,-25.0,18.755096
1979-10-12,31.5,-25.0,18.093689
1979-10-13,31.5,-25.0,16.541992
1979-10-14,31.5,-25.0,18.913696
1979-10-15,31.5,-25.0,15.846344
1979-10-16,31.5,-25.0,15.046173
1979-10-17,31.5,-25.0,16.08966
1979-10-18,31.5,-25.0,17.309753
1979-10-19,31.5,-25.0,20.569916
1979-10-20,31.5,-25.0,22.013458
1979-10-21,31.5,-25.0,20.13739
1979-10-22,31.5,-25.0,19.137177
1979-10-23,31.5,-25.0,15.777863
1979-10-24,31.5,-25.0,14.002716
1979-10-25,31.5,-25.0,17.729645
1979-10-26,31.5,-25.0,20.688843
1979-10-27,31.5,-25.0,18.497375
1979-10-28,31.5,-25.0,16.624908
1979-10-29,31.5,-25.0,16.338348
1979-10-30,31.5,-25.0,16.224823
1979-10-31,31.5,-25.0,15.276855
1979-11-01,31.5,-25.0,13.77832
1979-11-02,31.5,-25.0,16.546326
1979-11-03,31.5,-25.0,19.496338
1979-11-04,31.5,-25.0,20.834442
1979-11-05,31.5,-25.0,20.519592
1979-11-06,31.5,-25.0,19.0372
1979-11-07,31.5,-25.0,17.723694
1979-11-08,31.5,-25.0,17.50232
1979-11-09,31.5,-25.0,15.796936
1979-11-10,31.5,-25.0,15.89859
1979-11-11,31.5,-25.0,15.323029
1979-11-12,31.5,-25.0,14.939301
1979-11-13,31.5,-25.0,16.975952
1979-11-14,31.5,-25.0,19.560303
1979-11-15,31.5,-25.0,19.573425
1979-11-16,31.5,-25.0,18.189423
1979-11-17,31.5,-25.0,17.820465
1979-11-18,31.5,-25.0,18.853546
1979-11-19,31.5,-25.0,18.305847
1979-11-20,31.5,-25.0,19.133942
1979-11-21,31.5,-25.0,20.181793
1979-11-22,31.5,-25.0,20.081757
1979-11-23,31.5,-25.0,20.613068
1979-11-24,31.5,-25.0,18.87323
1979-11-25,31.5,-25.0,18.135315
1979-11-26,31.5,-25.0,18.592804
1979-11-27,31.5,-25.0,17.402313
1979-11-28,31.5,-25.0,16.789001
1979-11-29,31.5,-25.0,17.959839
1979-11-30,31.5,-25.0,21.183716
1979-12-01,31.5,-25.0,21.19928
1979-12-02,31.5,-25.0,21.34552
1979-12-03,31.5,-25.0,19.571564
1979-12-04,31.5,-25.0,18.016144
1979-12-05,31.5,-25.0,17.566223
1979-12-06,31.5,-25.0,18.449982
1979-12-07,31.5,-25.0,16.359497
1979-12-08,31.5,-25.0,17.524445
1979-12-09,31.5,-25.0,19.894531
1979-12-10,31.5,-25.0,19.557098
1979-12-11,31.5,-25.0,18.60263
1979-12-12,31.5,-25.0,18.888641
1979-12-13,31.5,-25.0,18.016144
1979-12-14,31.5,-25.0,17.344482
1979-12-15,31.5,-25.0,16.545898
1979-12-16,31.5,-25.0,16.642303
1979-12-17,31.5,-25.0,18.425873
1979-12-18,31.5,-25.0,17.74942
1979-12-19,31.5,-25.0,19.557098
1979-12-20,31.5,-25.0,17.068115
1979-12-21,31.5,-25.0,20.272125
1979-12-22,31.5,-25.0,19.409271
1979-12-23,31.5,-25.0,20.914886
1979-12-24,31.5,-25.0,19.201996
1979-12-25,31.5,-25.0,22.928253
1979-12-26,31.5,-25.0,19.892914
1979-12-27,31.5,-25.0,18.623535
1979-12-28,31.5,-25.0,17.286621
1979-12-29,31.5,-25.0,16.25827
1979-12-30,31.5,-25.0,20.554932
1979-12-31,31.5,-25.0,19.606903
1980-01-01,31.5,-25.0,18.581085
1980-01-02,31.5,-25.0,23.64093
1980-01-03,31.5,-25.0,22.992584
1980-01-04,31.5,-25.0,24.875
1980-01-05,31.5,-25.0,22.205414
1980-01-06,31.5,-25.0,19.923492
1980-01-07,31.5,-25.0,18.528595
1980-01-08,31.5,-25.0,17.31314
1980-01-09,31.5,-25.0,15.48999
1980-01-10,31.5,-25.0,16.707123
1980-01-11,31.5,-25.0,18.623413
1980-01-12,31.5,-25.0,17.001678
1980-01-13,31.5,-25.0,18.550598
1980-01-14,31.5,-25.0,21.48767
1980-01-15,31.5,-25.0,19.99121
1980-01-16,31.5,-25.0,20.64801
1980-01-17,31.5,-25.0,20.192657
1980-01-18,31.5,-25.0,19.654327
1980-01-19,31.5,-25.0,17.915802
1980-01-20,31.5,-25.0,20.905334
1980-01-21,31.5,-25.0,20.969666
1980-01-22,31.5,-25.0,21.447021
1980-01-23,31.5,-25.0,21.467346
1980-01-24,31.5,-25.0,20.324677
1980-01-25,31.5,-25.0,19.012756
1980-01-26,31.5,-25.0,18.757141
1980-01-27,31.5,-25.0,16.693573
1980-01-28,31.5,-25.0,17.758362
1980-01-29,31.5,-25.0,21.1474
1980-01-30,31.5,-25.0,19.813446
1980-01-31,31.5,-25.0,20.558289
1980-02-01,31.5,-25.0,21.231201
1980-02-02,31.5,-25.0,18.787048
1980-02-03,31.5,-25.0,19.426208
1980-02-04,31.5,-25.0,19.19336
1980-02-05,31.5,-25.0,19.696564
1980-02-06,31.5,-25.0,17.779053
1980-02-07,31.5,-25.0,18.458862
1980-02-08,31.5,-25.0,21.246857
1980-02-09,31.5,-25.0,21.323425
1980-02-10,31.5,-25.0,20.506104
1980-02-11,31.5,-25.0,21.650024
1980-02-12,31.5,-25.0,20.776459
1980-02-13,31.5,-25.0,19.710632
1980-02-14,31.5,-25.0,21.653168
1980-02-15,31.5,-25.0,22.078247
1980-02-16,31.5,-25.0,23.189362
1980-02-17,31.5,-25.0,22.021973
1980-02-18,31.5,-25.0,21.942291
1980-02-19,31.5,-25.0,19.735657
1980-02-20,31.5,-25.0,19.560608
1980-02-21,31.5,-25.0,17.800934
1980-02-22,31.5,-25.0,20.571716
1980-02-23,31.5,-25.0,20.638916
1980-02-24,31.5,-25.0,22.409546
1980-02-25,31.5,-25.0,22.254822
1980-02-26,31.5,-25.0,21.86258
1980-02-27,31.5,-25.0,21.834442
1980-02-28,31.5,-25.0,21.510956
1980-02-29,31.5,-25.0,20.907715
1980-03-01,31.5,-25.0,20.867859
1980-03-02,31.5,-25.0,20.61264
1980-03-03,31.5,-25.0,21.452942
1980-03-04,31.5,-25.0,19.998047
1980-03-05,31.5,-25.0,20.241089
1980-03-06,31.5,-25.0,19.635162
1980-03-07,31.5,-25.0,20.385193
1980-03-08,31.5,-25.0,18.190674
1980-03-09,31.5,-25.0,19.466766
1980-03-10,31.5,-25.0,20.886963
1980-03-11,31.5,-25.0,20.140411
1980-03-12,31.5,-25.0,19.774078
1980-03-13,31.5,-25.0,18.372986
1980-03-14,31.5,-25.0,19.057037
1980-03-15,31.5,-25.0,17.945862
1980-03-16,31.5,-25.0,20.7984
1980-03-17,31.5,-25.0,20.572693
1980-03-18,31.5,-25.0,20.899109
1980-03-19,31.5,-25.0,20.090057
1980-03-20,31.5,-25.0,20.022339
1980-03-21,31.5,-25.0,18.300049
1980-03-22,31.5,-25.0,18.152466
1980-03-23,31.5,-25.0,18.73236
1980-03-24,31.5,-25.0,19.11084
1980-03-25,31.5,-25.0,18.272278
1980-03-26,31.5,-25.0,17.645508
1980-03-27,31.5,-25.0,17.506622
1980-03-28,31.5,-25.0,21.015442
1980-03-29,31.5,-25.0,20.36438
1980-03-30,31.5,-25.0,19.57962
1980-03-31,31.5,-25.0,17.751434
1980-04-01,31.5,-25.0,16.804932
1980-04-02,31.5,-25.0,20.074005
1980-04-03,31.5,-25.0,19.19934
1980-04-04,31.5,-25.0,19.13739
1980-04-05,31.5,-25.0,18.616241
1980-04-06,31.5,-25.0,20.875793
1980-04-07,31.5,-25.0,20.80838
1980-04-08,31.5,-25.0,19.29956
1980-04-09,31.5,-25.0,17.52655
1980-04-10,31.5,-25.0,18.177063
1980-04-11,31.5,-25.0,18.479553
1980-04-12,31.5,-25.0,16.742981
1980-04-13,31.5,-25.0,15.414581
1980-04-14,31.5,-25.0,14.756744
1980-04-15,31.5,-25.0,15.806366
1980-04-16,31.5,-25.0,20.174255
1980-04-17,31.5,-25.0,16.691956
1980-04-18,31.5,-25.0,16.393127
1980-04-19,31.5,-25.0,15.194092
1980-04-20,31.5,-25.0,12.597412
1980-04-21,31.5,-25.0,13.486664
1980-04-22,31.5,-25.0,13.626953
1980-04-23,31.5,-25.0,15.644165
1980-04-24,31.5,-25.0,16.0961
1980-04-25,31.5,-25.0,13.668884
1980-04-26,31.5,-25.0,14.946259
1980-04-27,31.5,-25.0,16.40039
1980-04-28,31.5,-25.0,15.079285
1980-04-29,31.5,-25.0,13.380951
1980-04-30,31.5,-25.0,12.606506
1980-05-01,31.5,-25.0,12.230072
1980-05-02,31.5,-25.0,12.119904
1980-05-03,31.5,-25.0,14.065063
1980-05-04,31.5,-25.0,16.036804
1980-05-05,31.5,-25.0,14.720398
1980-05-06,31.5,-25.0,14.31958
1980-05-07,31.5,-25.0,16.456604
1980-05-08,31.5,-25.0,15.727173
1980-05-09,31.5,-25.0,11.646912
1980-05-10,31.5,-25.0,9.526978
1980-05-11,31.5,-25.0,10.396973
1980-05-12,31.5,-25.0,11.327759
1980-05-13,31.5,-25.0,11.301178
1980-05-14,31.5,-25.0,12.915802
1980-05-15,31.5,-25.0,16.266663
1980-05-16,31.5,-25.0,13.918793
1980-05-17,31.5,-25.0,14.076447
1980-05-18,31.5,-25.0,13.122864
1980-05-19,31.5,-25.0,15.858246
1980-05-20,31.5,-25.0,15.82785
1980-05-21,31.5,-25.0,14.589325
1980-05-22,31.5,-25.0,11.3923645
1980-05-23,31.5,-25.0,9.232544
1980-05-24,31.5,-25.0,9.382599
1980-05-25,31.5,-25.0,13.244446
1980-05-26,31.5,-25.0,12.397217
1980-05-27,31.5,-25.0,12.1427
1980-05-28,31.5,-25.0,9.705536
1980-05-29,31.5,-25.0,8.421417
1980-05-30,31.5,-25.0,8.943817
1980-05-31,31.5,-25.0,11.6848755
1980-06-01,31.5,-25.0,8.806793
1980-06-02,31.5,-25.0,8.557495
1980-06-03,31.5,-25.0,9.080811
1980-06-04,31.5,-25.0,8.968536
1980-06-05,31.5,-25.0,12.694672
1980-06-06,31.5,-25.0,11.903015
1980-06-07,31.5,-25.0,9.335846
1980-06-08,31.5,-25.0,9.638397
1980-06-09,31.5,-25.0,9.246399
1980-06-10,31.5,-25.0,10.241669
1980-06-11,31.5,-25.0,10.751678
1980-06-12,31.5,-25.0,11.474823
1980-06-13,31.5,-25.0,7.98468
1980-06-14,31.5,-25.0,8.473755
1980-06-15,31.5,-25.0,8.707825
1980-06-16,31.5,-25.0,9.231171
1980-06-17,31.5,-25.0,10.673645
1980-06-18,31.5,-25.0,7.3129272
1980-06-19,31.5,-25.0,8.121704
1980-06-20,31.5,-25.0,8.203522
1980-06-21,31.5,-25.0,7.45755
1980-06-22,31.5,-25.0,10.298767
1980-06-23,31.5,-25.0,6.7381897
1980-06-24,31.5,-25.0,6.454651
1980-06-25,31.5,-25.0,8.057007
1980-06-26,31.5,-25.0,8.504211
1980-06-27,31.5,-25.0,8.702118
1980-06-28,31.5,-25.0,11.132294
1980-06-29,31.5,-25.0,7.735382
1980-06-30,31.5,-25.0,4.5440063
1980-07-01,31.5,-25.0,7.8692017
1980-07-02,31.5,-25.0,9.006561
1980-07-03,31.5,-25.0,6.386017
1980-07-04,31.5,-25.0,5.9736023
1980-07-05,31.5,-25.0,7.4198
1980-07-06,31.5,-25.0,6.41745
1980-07-07,31.5,-25.0,8.344482
1980-07-08,31.5,-25.0,11.161072
1980-07-09,31.5,-25.0,8.194702
1980-07-10,31.5,-25.0,5.056305
1980-07-11,31.5,-25.0,5.274536
1980-07-12,31.5,-25.0,6.2528687
1980-07-13,31.5,-25.0,6.7595825
1980-07-14,31.5,-25.0,8.875275
1980-07-15,31.5,-25.0,10.421326
1980-07-16,31.5,-25.0,9.7777405
1980-07-17,31.5,-25.0,10.767181
1980-07-18,31.5,-25.0,8.457306
1980-07-19,31.5,-25.0,7.2163696
1980-07-20,31.5,-25.0,7.5622253
1980-07-21,31.5,-25.0,11.044586
1980-07-22,31.5,-25.0,8.999176
1980-07-23,31.5,-25.0,9.267334
1980-07-24,31.5,-25.0,11.118561
1980-07-25,31.5,-25.0,10.654358
1980-07-26,31.5,-25.0,10.46756
1980-07-27,31.5,-25.0,12.758942
1980-07-28,31.5,-25.0,12.046936
1980-07-29,31.5,-25.0,8.967743
1980-07-30,31.5,-25.0,10.447235
1980-07-31,31.5,-25.0,12.259613
1980-08-01,31.5,-25.0,11.445404
1980-08-02,31.5,-25.0,12.652893
1980-08-03,31.5,-25.0,11.02829
1980-08-04,31.5,-25.0,9.826508
1980-08-05,31.5,-25.0,14.04895
1980-08-06,31.5,-25.0,11.734894
1980-08-07,31.5,-25.0,10.748322
1980-08-08,31.5,-25.0,7.996216
1980-08-09,31.5,-25.0,9.289429
1980-08-10,31.5,-25.0,10.009338
1980-08-11,31.5,-25.0,11.232086
1980-08-12,31.5,-25.0,8.763763
1980-08-13,31.5,-25.0,14.643158
1980-08-14,31.5,-25.0,9.500824
1980-08-15,31.5,-25.0,7.79245
1980-08-16,31.5,-25.0,7.142975
1980-08-17,31.5,-25.0,8.47998
1980-08-18,31.5,-25.0,12.974762
1980-08-19,31.5,-25.0,8.681854
1980-08-20,31.5,-25.0,9.104675
1980-08-21,31.5,-25.0,13.239502
1980-08-22,31.5,-25.0,9.740814
1980-08-23,31.5,-25.0,10.62262
1980-08-24,31.5,-25.0,11.76535
1980-08-25,31.5,-25.0,14.121307
1980-08-26,31.5,-25.0,12.969055
1980-08-27,31.5,-25.0,15.462128
1980-08-28,31.5,-25.0,15.564972
1980-08-29,31.5,-25.0,14.923126
1980-08-30,31.5,-25.0,11.176849
1980-08-31,31.5,-25.0,10.670227
1980-09-01,31.5,-25.0,12.391052
1980-09-02,31.5,-25.0,13.196625
1980-09-03,31.5,-25.0,14.447296
1980-09-04,31.5,-25.0,16.054749
1980-09-05,31.5,-25.0,13.413666
1980-09-06,31.5,-25.0,14.622009
1980-09-07,31.5,-25.0,16.45935
1980-09-08,31.5,-25.0,16.137512
1980-09-09,31.5,-25.0,15.087311
1980-09-10,31.5,-25.0,14.379242
1980-09-11,31.5,-25.0,12.400269
1980-09-12,31.5,-25.0,13.711609
1980-09-13,31.5,-25.0,13.926788
1980-09-14,31.5,-25.0,15.8377075
1980-09-15,31.5,-25.0,15.08548
1980-09-16,31.5,-25.0,13.818268
1980-09-17,31.5,-25.0,15.05423
1980-09-18,31.5,-25.0,14.6073
1980-09-19,31.5,-25.0,14.119904
1980-09-20,31.5,-25.0,11.762054
1980-09-21,31.5,-25.0,13.459625
1980-09-22,31.5,-25.0,14.91629
1980-09-23,31.5,-25.0,13.717133
1980-09-24,31.5,-25.0,13.437561
1980-09-25,31.5,-25.0,12.567627
1980-09-26,31.5,-25.0,12.0269165
1980-09-27,31.5,-25.0,13.391571
1980-09-28,31.5,-25.0,13.270203
1980-09-29,31.5,-25.0,11.975403
1980-09-30,31.5,-25.0,10.728424
1980-10-01,31.5,-25.0,12.930817
1980-10-02,31.5,-25.0,13.843567
1980-10-03,31.5,-25.0,14.58905
1980-10-04,31.5,-25.0,15.546265
1980-10-05,31.5,-25.0,13.761719
1980-10-06,31.5,-25.0,17.42514
1980-10-07,31.5,-25.0,16.898499
1980-10-08,31.5,-25.0,17.241882
1980-10-09,31.5,-25.0,15.549835
1980-10-10,31.5,-25.0,17.305939
1980-10-11,31.5,-25.0,16.142334
1980-10-12,31.5,-25.0,14.5321045
1980-10-13,31.5,-25.0,15.275848
1980-10-14,31.5,-25.0,13.044678
1980-10-15,31.5,-25.0,16.113861
1980-10-16,31.5,-25.0,17.12091
1980-10-17,31.5,-25.0,18.312988
1980-10-18,31.5,-25.0,17.065735
1980-10-19,31.5,-25.0,16.432343
1980-10-20,31.5,-25.0,15.254486
1980-10-21,31.5,-25.0,14.946686
1980-10-22,31.5,-25.0,18.359253
1980-10-23,31.5,-25.0,16.652954
1980-10-24,31.5,-25.0,16.327362
1980-10-25,31.5,-25.0,15.960846
1980-10-26,31.5,-25.0,16.19925
1980-10-27,31.5,-25.0,18.101257
1980-10-28,31.5,-25.0,16.133423
1980-10-29,31.5,-25.0,17.380676
1980-10-30,31.5,-25.0,16.519531
1980-10-31,31.5,-25.0,15.820282
1980-11-01,31.5,-25.0,14.938293
1980-11-02,31.5,-25.0,17.493134
1980-11-03,31.5,-25.0,14.217987
1980-11-04,31.5,-25.0,12.760498
1980-11-05,31.5,-25.0,17.853302
1980-11-06,31.5,-25.0,17.959045
1980-11-07,31.5,-25.0,20.070953
1980-11-08,31.5,-25.0,18.130707
1980-11-09,31.5,-25.0,16.834137
1980-11-10,31.5,-25.0,16.604248
1980-11-11,31.5,-25.0,20.392792
1980-11-12,31.5,-25.0,22.26715
1980-11-13,31.5,-25.0,21.971375
1980-11-14,31.5,-25.0,18.904663
1980-11-15,31.5,-25.0,18.023407
1980-11-16,31.5,-25.0,16.775879
1980-11-17,31.5,-25.0,18.794312
1980-11-18,31.5,-25.0,21.007385
1980-11-19,31.5,-25.0,23.457977
1980-11-20,31.5,-25.0,18.849487
1980-11-21,31.5,-25.0,17.050232
1980-11-22,31.5,-25.0,17.47934
1980-11-23,31.5,-25.0,20.296234
1980-11-24,31.5,-25.0,20.68399
1980-11-25,31.5,-25.0,18.33606
1980-11-26,31.5,-25.0,17.900818
1980-11-27,31.5,-25.0,20.918488
1980-11-28,31.5,-25.0,21.67865
1980-11-29,31.5,-25.0,20.356018
1980-11-30,31.5,-25.0,18.740662
1980-12-01,31.5,-25.0,18.304352
1980-12-02,31.5,-25.0,18.969696
1980-12-03,31.5,-25.0,19.710388
1980-12-04,31.5,-25.0,19.013641
1980-12-05,31.5,-25.0,17.990479
1980-12-06,31.5,-25.0,17.04895
1980-12-07,31.5,-25.0,14.718597
1980-12-08,31.5,-25.0,19.576996
1980-12-09,31.5,-25.0,19.087402
1980-12-10,31.5,-25.0,19.545624
1980-12-11,31.5,-25.0,21.223145
1980-12-12,31.5,-25.0,20.837097
1980-12-13,31.5,-25.0,20.408691
1980-12-14,31.5,-25.0,20.491882
1980-12-15,31.5,-25.0,20.457336
1980-12-16,31.5,-25.0,20.463623
1980-12-17,31.5,-25.0,21.263947
1980-12-18,31.5,-25.0,20.360046
1980-12-19,31.5,-25.0,18.97754
1980-12-20,31.5,-25.0,17.089752
1980-12-21,31.5,-25.0,22.47226
1980-12-22,31.5,-25.0,22.18039
1980-12-23,31.5,-25.0,21.797485
1980-12-24,31.5,-25.0,22.392242
1980-12-25,31.5,-25.0,21.328278
1980-12-26,31.5,-25.0,21.315735
1980-12-27,31.5,-25.0,20.024231
1980-12-28,31.5,-25.0,21.318878
1980-12-29,31.5,-25.0,21.419312
1980-12-30,31.5,-25.0,20.64566
1980-12-31,31.5,-25.0,18.892822
1981-01-01,31.5,-25.0,19.197235
1981-01-02,31.5,-25.0,18.918427
1981-01-03,31.5,-25.0,18.625305
1981-01-04,31.5,-25.0,23.350342
1981-01-05,31.5,-25.0,21.98825
1981-01-06,31.5,-25.0,20.916138
1981-01-07,31.5,-25.0,21.207672
1981-01-08,31.5,-25.0,20.777527
1981-01-09,31.5,-25.0,20.000122
1981-01-10,31.5,-25.0,19.603455
1981-01-11,31.5,-25.0,18.212708
1981-01-12,31.5,-25.0,20.740906
1981-01-13,31.5,-25.0,22.071106
1981-01-14,31.5,-25.0,22.939331
1981-01-15,31.5,-25.0,21.349457
1981-01-16,31.5,-25.0,20.164215
1981-01-17,31.5,-25.0,21.39563
1981-01-18,31.5,-25.0,21.413177
1981-01-19,31.5,-25.0,20.737701
1981-01-20,31.5,-25.0,20.742493
1981-01-21,31.5,-25.0,23.460236
1981-01-22,31.5,-25.0,22.660522
1981-01-23,31.5,-25.0,22.474152
1981-01-24,31.5,-25.0,22.536285
1981-01-25,31.5,-25.0,22.088623
1981-01-26,31.5,-25.0,21.760468
1981-01-27,31.5,-25.0,23.151184
1981-01-28,31.5,-25.0,23.363068
1981-01-29,31.5,-25.0,22.176239
1981-01-30,31.5,-25.0,21.690369
1981-01-31,31.5,-25.0,21.188538
1981-02-01,31.5,-25.0,20.652802
1981-02-02,31.5,-25.0,20.707672
1981-02-03,31.5,-25.0,21.515167
1981-02-04,31.5,-25.0,22.063965
1981-02-05,31.5,-25.0,20.920929
1981-02-06,31.5,-25.0,19.053467
1981-02-07,31.5,-25.0,18.028046
1981-02-08,31.5,-25.0,18.252258
1981-02-09,31.5,-25.0,18.945282
1981-02-10,31.5,-25.0,16.784637
1981-02-11,31.5,-25.0,18.22873
1981-02-12,31.5,-25.0,19.25418
1981-02-13,31.5,-25.0,19.793549
1981-02-14,31.5,-25.0,19.85315
1981-02-15,31.5,-25.0,17.976288
1981-02-16,31.5,-25.0,19.177338
1981-02-17,31.5,-25.0,20.527374
1981-02-18,31.5,-25.0,21.47284
1981-02-19,31.5,-25.0,21.39444
1981-02-20,31.5,-25.0,21.43991
1981-02-21,31.5,-25.0,19.821777
1981-02-22,31.5,-25.0,20.80017
1981-02-23,31.5,-25.0,19.97229
1981-02-24,31.5,-25.0,20.367432
1981-02-25,31.5,-25.0,20.781372
1981-02-26,31.5,-25.0,20.499146
1981-02-27,31.5,-25.0,21.11377
1981-02-28,31.5,-25.0,22.03418
1981-03-01,31.5,-25.0,20.900879
1981-03-02,31.5,-25.0,21.934021
1981-03-03,31.5,-25.0,21.576538
1981-03-04,31.5,-25.0,18.696838
1981-03-05,31.5,-25.0,18.078583
1981-03-06,31.5,-25.0,16.002472
1981-03-07,31.5,-25.0,16.194336
1981-03-08,31.5,-25.0,14.808594
1981-03-09,31.5,-25.0,18.563995
1981-03-10,31.5,-25.0,20.19571
1981-03-11,31.5,-25.0,19.798859
1981-03-12,31.5,-25.0,18.199951
1981-03-13,31.5,-25.0,20.838562
1981-03-14,31.5,-25.0,20.651611
1981-03-15,31.5,-25.0,20.21048
1981-03-16,31.5,-25.0,19.897247
1981-03-17,31.5,-25.0,18.993652
1981-03-18,31.5,-25.0,17.837524
1981-03-19,31.5,-25.0,17.839172
1981-03-20,31.5,-25.0,20.117004
1981-03-21,31.5,-25.0,17.999878
1981-03-22,31.5,-25.0,19.01007
1981-03-23,31.5,-25.0,18.764069
1981-03-24,31.5,-25.0,18.616486
1981-03-25,31.5,-25.0,21.35022
1981-03-26,31.5,-25.0,20.90744
1981-03-27,31.5,-25.0,19.128143
1981-03-28,31.5,-25.0,19.88086
1981-03-29,31.5,-25.0,19.224884
1981-03-30,31.5,-25.0,16.541992
1981-03-31,31.5,-25.0,16.522308
1981-04-01,31.5,-25.0,14.980255
1981-04-02,31.5,-25.0,15.2344055
1981-04-03,31.5,-25.0,14.991394
1981-04-04,31.5,-25.0,16.838959
1981-04-05,31.5,-25.0,18.625305
1981-04-06,31.5,-25.0,16.594086
1981-04-07,31.5,-25.0,17.658844
1981-04-08,31.5,-25.0,18.219055
1981-04-09,31.5,-25.0,17.24704
1981-04-10,31.5,-25.0,16.150757
1981-04-11,31.5,-25.0,14.765076
1981-04-12,31.5,-25.0,15.228821
1981-04-13,31.5,-25.0,16.894592
1981-04-14,31.5,-25.0,14.768799
1981-04-15,31.5,-25.0,14.763214
1981-04-16,31.5,-25.0,14.030518
1981-04-17,31.5,-25.0,15.529327
1981-04-18,31.5,-25.0,16.443848
1981-04-19,31.5,-25.0,14.99881
1981-04-20,31.5,-25.0,14.99881
1981-04-21,31.5,-25.0,17.469635
1981-04-22,31.5,-25.0,15.941132
1981-04-23,31.5,-25.0,14.705719
1981-04-24,31.5,-25.0,14.7595215
1981-04-25,31.5,-25.0,17.751587
1981-04-26,31.5,-25.0,16.922424
1981-04-27,31.5,-25.0,18.671661
1981-04-28,31.5,-25.0,16.646027
1981-04-29,31.5,-25.0,15.41803
1981-04-30,31.5,-25.0,14.99881
1981-05-01,31.5,-25.0,13.952423
1981-05-02,31.5,-25.0,13.4711
1981-05-03,31.5,-25.0,15.597443
1981-05-04,31.5,-25.0,13.273926
1981-05-05,31.5,-25.0,11.282928
1981-05-06,31.5,-25.0,14.835815
1981-05-07,31.5,-25.0,14.509155
1981-05-08,31.5,-25.0,12.970459
1981-05-09,31.5,-25.0,11.045166
1981-05-10,31.5,-25.0,11.984619
1981-05-11,31.5,-25.0,11.920807
1981-05-12,31.5,-25.0,13.600616
1981-05-13,31.5,-25.0,13.270081
1981-05-14,31.5,-25.0,15.205048
1981-05-15,31.5,-25.0,11.369904
1981-05-16,31.5,-25.0,14.967285
1981-05-17,31.5,-25.0,16.701202
1981-05-18,31.5,-25.0,15.993713
1981-05-19,31.5,-25.0,14.789429
1981-05-20,31.5,-25.0,13.689545
1981-05-21,31.5,-25.0,12.069672
1981-05-22,31.5,-25.0,9.989716
1981-05-23,31.5,-25.0,14.087738
1981-05-24,31.5,-25.0,10.677887
1981-05-25,31.5,-25.0,9.0425415
1981-05-26,31.5,-25.0,10.268097
1981-05-27,31.5,-25.0,11.039368
1981-05-28,31.5,-25.0,12.032928
1981-05-29,31.5,-25.0,11.443359
1981-05-30,31.5,-25.0,13.573547
1981-05-31,31.5,-25.0,12.319031
1981-06-01,31.5,-25.0,11.107025
1981-06-02,31.5,-25.0,9.992371
1981-06-03,31.5,-25.0,9.550354
1981-06-04,31.5,-25.0,13.4670105
1981-06-05,31.5,-25.0,14.279938
1981-06-06,31.5,-25.0,10.478577
1981-06-07,31.5,-25.0,8.556763
1981-06-08,31.5,-25.0,9.509979
1981-06-09,31.5,-25.0,8.706665
1981-06-10,31.5,-25.0,6.652252
1981-06-11,31.5,-25.0,7.4882507
1981-06-12,31.5,-25.0,7.8630066
1981-06-13,31.5,-25.0,7.4709473
1981-06-14,31.5,-25.0,7.9206543
1981-06-15,31.5,-25.0,7.5862427
1981-06-16,31.5,-25.0,8.533722
1981-06-17,31.5,-25.0,5.9969177
1981-06-18,31.5,-25.0,5.631775
1981-06-19,31.5,-25.0,6.390869
1981-06-20,31.5,-25.0,7.351776
1981-06-21,31.5,-25.0,7.134613
1981-06-22,31.5,-25.0,10.026947
1981-06-23,31.5,-25.0,10.613129
1981-06-24,31.5,-25.0,7.901428
1981-06-25,31.5,-25.0,9.667572
1981-06-26,31.5,-25.0,9.656036
1981-06-27,31.5,-25.0,7.978302
1981-06-28,31.5,-25.0,10.319061
1981-06-29,31.5,-25.0,13.265228
1981-06-30,31.5,-25.0,10.855255
1981-07-01,31.5,-25.0,14.671295
1981-07-02,31.5,-25.0,12.527191
1981-07-03,31.5,-25.0,10.83728
1981-07-04,31.5,-25.0,8.252258
1981-07-05,31.5,-25.0,8.021393
1981-07-06,31.5,-25.0,9.5069275
1981-07-07,31.5,-25.0,8.5720825
1981-07-08,31.5,-25.0,10.996246
1981-07-09,31.5,-25.0,9.431244
1981-07-10,31.5,-25.0,8.119812
1981-07-11,31.5,-25.0,9.020569
1981-07-12,31.5,-25.0,10.2430725
1981-07-13,31.5,-25.0,12.1562805
1981-07-14,31.5,-25.0,14.080872
1981-07-15,31.5,-25.0,9.149261
1981-07-16,31.5,-25.0,9.669678
1981-07-17,31.5,-25.0,9.582642
1981-07-18,31.5,-25.0,13.021118
1981-07-19,31.5,-25.0,10.038696
1981-07-20,31.5,-25.0,9.985718
1981-07-21,31.5,-25.0,10.924347
1981-07-22,31.5,-25.0,7.8794556
1981-07-23,31.5,-25.0,10.19577
1981-07-24,31.5,-25.0,8.312836
1981-07-25,31.5,-25.0,11.478821
1981-07-26,31.5,-25.0,9.898651
1981-07-27,31.5,-25.0,7.1016846
1981-07-28,31.5,-25.0,7.9513855
1981-07-29,31.5,-25.0,8.837006
1981-07-30,31.5,-25.0,12.956787
1981-07-31,31.5,-25.0,8.377167
1981-08-01,31.5,-25.0,6.318817
1981-08-02,31.5,-25.0,8.845917
1981-08-03,31.5,-25.0,10.837677
1981-08-04,31.5,-25.0,13.396149
1981-08-05,31.5,-25.0,12.022766
1981-08-06,31.5,-25.0,10.82843
1981-08-07,31.5,-25.0,8.502563
1981-08-08,31.5,-25.0,8.589325
1981-08-09,31.5,-25.0,9.407074
1981-08-10,31.5,-25.0,9.8020935
1981-08-11,31.5,-25.0,10.8229065
1981-08-12,31.5,-25.0,12.905121
1981-08-13,31.5,-25.0,11.535431
1981-08-14,31.5,-25.0,13.416443
1981-08-15,31.5,-25.0,11.487457
1981-08-16,31.5,-25.0,9.717194
1981-08-17,31.5,-25.0,11.280701
1981-08-18,31.5,-25.0,10.41864
1981-08-19,31.5,-25.0,9.826111
1981-08-20,31.5,-25.0,7.6017456
1981-08-21,31.5,-25.0,13.086029
1981-08-22,31.5,-25.0,13.302002
1981-08-23,31.5,-25.0,12.83313
1981-08-24,31.5,-25.0,12.447327
1981-08-25,31.5,-25.0,11.78833
1981-08-26,31.5,-25.0,12.857117
1981-08-27,31.5,-25.0,17.36676
1981-08-28,31.5,-25.0,14.064362
1981-08-29,31.5,-25.0,12.973419
1981-08-30,31.5,-25.0,13.994232
1981-08-31,31.5,-25.0,11.832642
1981-09-01,31.5,-25.0,11.565643
1981-09-02,31.5,-25.0,8.778198
1981-09-03,31.5,-25.0,8.662384
1981-09-04,31.5,-25.0,10.485779
1981-09-05,31.5,-25.0,12.361511
1981-09-06,31.5,-25.0,11.143402
1981-09-07,31.5,-25.0,8.682922
1981-09-08,31.5,-25.0,10.596008
1981-09-09,31.5,-25.0,14.160645
1981-09-10,31.5,-25.0,11.41806
1981-09-11,31.5,-25.0,11.291016
1981-09-12,31.5,-25.0,12.38208
1981-09-13,31.5,-25.0,9.228455
1981-09-14,31.5,-25.0,11.098572
1981-09-15,31.5,-25.0,13.187286
1981-09-16,31.5,-25.0,17.028412
1981-09-17,31.5,-25.0,16.966766
1981-09-18,31.5,-25.0,15.038727
1981-09-19,31.5,-25.0,12.785614
1981-09-20,31.5,-25.0,14.231628
1981-09-21,31.5,-25.0,12.0737915
1981-09-22,31.5,-25.0,14.070953
1981-09-23,31.5,-25.0,14.584747
1981-09-24,31.5,-25.0,16.193298
1981-09-25,31.5,-25.0,16.023285
1981-09-26,31.5,-25.0,17.11621
1981-09-27,31.5,-25.0,18.416534
1981-09-28,31.5,-25.0,17.467438
1981-09-29,31.5,-25.0,16.639801
1981-09-30,31.5,-25.0,15.601074
1981-10-01,31.5,-25.0,14.3498535
1981-10-02,31.5,-25.0,15.283081
1981-10-03,31.5,-25.0,14.978149
1981-10-04,31.5,-25.0,12.528656
1981-10-05,31.5,-25.0,9.847992
1981-10-06,31.5,-25.0,14.016449
1981-10-07,31.5,-25.0,12.168457
1981-10-08,31.5,-25.0,16.274933
1981-10-09,31.5,-25.0,16.56308
1981-10-10,31.5,-25.0,15.685181
1981-10-11,31.5,-25.0,13.336212
1981-10-12,31.5,-25.0,12.014313
1981-10-13,31.5,-25.0,12.43988
1981-10-14,31.5,-25.0,11.920502
1981-10-15,31.5,-25.0,14.391754
1981-10-16,31.5,-25.0,15.534393
1981-10-17,31.5,-25.0,16.981934
1981-10-18,31.5,-25.0,14.944641
1981-10-19,31.5,-25.0,12.828583
1981-10-20,31.5,-25.0,12.478394
1981-10-21,31.5,-25.0,13.951111
1981-10-22,31.5,-25.0,12.547089
1981-10-23,31.5,-25.0,15.983398
1981-10-24,31.5,-25.0,14.420227
1981-10-25,31.5,-25.0,14.638031
1981-10-26,31.5,-25.0,14.560974
1981-10-27,31.5,-25.0,14.070068
1981-10-28,31.5,-25.0,16.12915
1981-10-29,31.5,-25.0,15.735443
1981-10-30,31.5,-25.0,16.40561
1981-10-31,31.5,-25.0,15.462341
1981-11-01,31.5,-25.0,16.578033
1981-11-02,31.5,-25.0,17.72467
1981-11-03,31.5,-25.0,16.968323
1981-11-04,31.5,-25.0,17.176361
1981-11-05,31.5,-25.0,17.168274
1981-11-06,31.5,-25.0,18.9487
1981-11-07,31.5,-25.0,18.203644
1981-11-08,31.5,-25.0,19.467987
1981-11-09,31.5,-25.0,17.200531
1981-11-10,31.5,-25.0,15.892639
1981-11-11,31.5,-25.0,15.634613
1981-11-12,31.5,-25.0,16.402252
1981-11-13,31.5,-25.0,18.70517
1981-11-14,31.5,-25.0,18.29718
1981-11-15,31.5,-25.0,19.822784
1981-11-16,31.5,-25.0,20.27594
1981-11-17,31.5,-25.0,21.888641
1981-11-18,31.5,-25.0,20.134033
1981-11-19,31.5,-25.0,18.892242
1981-11-20,31.5,-25.0,20.182404
1981-11-21,31.5,-25.0,19.561523
1981-11-22,31.5,-25.0,21.716064
1981-11-23,31.5,-25.0,18.489075
1981-11-24,31.5,-25.0,18.13266
1981-11-25,31.5,-25.0,18.310059
1981-11-26,31.5,-25.0,19.755035
1981-11-27,31.5,-25.0,21.011322
1981-11-28,31.5,-25.0,20.630737
1981-11-29,31.5,-25.0,21.454803
1981-11-30,31.5,-25.0,17.318268
1981-12-01,31.5,-25.0,16.063934
1981-12-02,31.5,-25.0,17.326904
1981-12-03,31.5,-25.0,18.492706
1981-12-04,31.5,-25.0,17.462585
1981-12-05,31.5,-25.0,17.382172
1981-12-06,31.5,-25.0,16.707153
1981-12-07,31.5,-25.0,16.866272
1981-12-08,31.5,-25.0,17.829407
1981-12-09,31.5,-25.0,16.787537
1981-12-10,31.5,-25.0,16.261597
1981-12-11,31.5,-25.0,16.913177
1981-12-12,31.5,-25.0,15.561432
1981-12-13,31.5,-25.0,18.911469
1981-12-14,31.5,-25.0,17.943298
1981-12-15,31.5,-25.0,18.810974
1981-12-16,31.5,-25.0,21.219635
1981-12-17,31.5,-25.0,20.440765
1981-12-18,31.5,-25.0,21.038757
1981-12-19,31.5,-25.0,21.648438
1981-12-20,31.5,-25.0,23.733856
1981-12-21,31.5,-25.0,23.474213
1981-12-22,31.5,-25.0,21.891327
1981-12-23,31.5,-25.0,21.167725
1981-12-24,31.5,-25.0,20.995209
1981-12-25,31.5,-25.0,21.574738
1981-12-26,31.5,-25.0,17.650177
1981-12-27,31.5,-25.0,16.854553
1981-12-28,31.5,-25.0,17.008667
1981-12-29,31.5,-25.0,19.62503
1981-12-30,31.5,-25.0,21.862854
1981-12-31,31.5,-25.0,20.504425
1982-01-01,31.5,-25.0,20.67749
1982-01-02,31.5,-25.0,20.891052
1982-01-03,31.5,-25.0,19.838623
1982-01-04,31.5,-25.0,20.685974
1982-01-05,31.5,-25.0,19.413239
1982-01-06,31.5,-25.0,21.397766
1982-01-07,31.5,-25.0,20.265686
1982-01-08,31.5,-25.0,22.223083
1982-01-09,31.5,-25.0,22.20105
1982-01-10,31.5,-25.0,21.038483
1982-01-11,31.5,-25.0,20.330078
1982-01-12,31.5,-25.0,20.814789
1982-01-13,31.5,-25.0,21.37912
1982-01-14,31.5,-25.0,21.911255
1982-01-15,31.5,-25.0,22.406128
1982-01-16,31.5,-25.0,23.699188
1982-01-17,31.5,-25.0,21.39267
1982-01-18,31.5,-25.0,22.233246
1982-01-19,31.5,-25.0,22.367157
1982-01-20,31.5,-25.0,22.306122
1982-01-21,31.5,-25.0,22.921326
1982-01-22,31.5,-25.0,19.360687
1982-01-23,31.5,-25.0,18.826874
1982-01-24,31.5,-25.0,18.594696
1982-01-25,31.5,-25.0,20.35382
1982-01-26,31.5,-25.0,21.06897
1982-01-27,31.5,-25.0,20.277557
1982-01-28,31.5,-25.0,19.409851
1982-01-29,31.5,-25.0,18.25235
1982-01-30,31.5,-25.0,20.148743
1982-01-31,31.5,-25.0,20.424988
1982-02-01,31.5,-25.0,19.427063
1982-02-02,31.5,-25.0,19.371185
1982-02-03,31.5,-25.0,19.778198
1982-02-04,31.5,-25.0,22.930542
1982-02-05,31.5,-25.0,21.296112
1982-02-06,31.5,-25.0,23.043854
1982-02-07,31.5,-25.0,21.848358
1982-02-08,31.5,-25.0,22.466064
1982-02-09,31.5,-25.0,21.899445
1982-02-10,31.5,-25.0,22.638458
1982-02-11,31.5,-25.0,20.679993
1982-02-12,31.5,-25.0,20.13095
1982-02-13,31.5,-25.0,19.747864
1982-02-14,31.5,-25.0,19.541962
1982-02-15,31.5,-25.0,20.592224
1982-02-16,31.5,-25.0,21.862732
1982-02-17,31.5,-25.0,23.155579
1982-02-18,31.5,-25.0,22.777313
1982-02-19,31.5,-25.0,18.941833
1982-02-20,31.5,-25.0,17.719208
1982-02-21,31.5,-25.0,16.83017
1982-02-22,31.5,-25.0,19.435028
1982-02-23,31.5,-25.0,20.94815
1982-02-24,31.5,-25.0,18.427887
1982-02-25,31.5,-25.0,20.89389
1982-02-26,31.5,-25.0,21.214691
1982-02-27,31.5,-25.0,19.315338
1982-02-28,31.5,-25.0,18.989716
1982-03-01,31.5,-25.0,21.056244
1982-03-02,31.5,-25.0,19.538574
1982-03-03,31.5,-25.0,20.056
1982-03-04,31.5,-25.0,20.132141
1982-03-05,31.5,-25.0,18.707916
1982-03-06,31.5,-25.0,16.904694
1982-03-07,31.5,-25.0,17.868622
1982-03-08,31.5,-25.0,17.34079
1982-03-09,31.5,-25.0,18.524475
1982-03-10,31.5,-25.0,18.730408
1982-03-11,31.5,-25.0,18.090118
1982-03-12,31.5,-25.0,19.076508
1982-03-13,31.5,-25.0,18.173187
1982-03-14,31.5,-25.0,20.047333
1982-03-15,31.5,-25.0,19.926208
1982-03-16,31.5,-25.0,20.476501
1982-03-17,31.5,-25.0,20.023102
1982-03-18,31.5,-25.0,21.130646
1982-03-19,31.5,-25.0,22.037445
1982-03-20,31.5,-25.0,19.240906
1982-03-21,31.5,-25.0,21.352142
1982-03-22,31.5,-25.0,20.793182
1982-03-23,31.5,-25.0,19.943512
1982-03-24,31.5,-25.0,21.282928
1982-03-25,31.5,-25.0,21.774414
1982-03-26,31.5,-25.0,21.220642
1982-03-27,31.5,-25.0,19.673553
1982-03-28,31.5,-25.0,20.24289
1982-03-29,31.5,-25.0,20.519775
1982-03-30,31.5,-25.0,21.175629
1982-03-31,31.5,-25.0,20.948944
1982-04-01,31.5,-25.0,19.459381
1982-04-02,31.5,-25.0,20.017212
1982-04-03,31.5,-25.0,18.56543
1982-04-04,31.5,-25.0,18.282806
1982-04-05,31.5,-25.0,18.404724
1982-04-06,31.5,-25.0,19.978424
1982-04-07,31.5,-25.0,20.242554
1982-04-08,31.5,-25.0,18.990234
1982-04-09,31.5,-25.0,20.597168
1982-04-10,31.5,-25.0,19.9581
1982-04-11,31.5,-25.0,18.286499
1982-04-12,31.5,-25.0,19.633026
1982-04-13,31.5,-25.0,19.376282
1982-04-14,31.5,-25.0,19.217438
1982-04-15,31.5,-25.0,16.666656
1982-04-16,31.5,-25.0,17.392548
1982-04-17,31.5,-25.0,19.644104
1982-04-18,31.5,-25.0,15.030151
1982-04-19,31.5,-25.0,12.237427
1982-04-20,31.5,-25.0,14.549927
1982-04-21,31.5,-25.0,15.262878
1982-04-22,31.5,-25.0,16.653717
1982-04-23,31.5,-25.0,16.057129
1982-04-24,31.5,-25.0,14.043823
1982-04-25,31.5,-25.0,14.934113
1982-04-26,31.5,-25.0,16.232605
1982-04-27,31.5,-25.0,14.72171
1982-04-28,31.5,-25.0,14.987671
1982-04-29,31.5,-25.0,16.354492
1982-04-30,31.5,-25.0,17.833984
1982-05-01,31.5,-25.0,16.021484
1982-05-02,31.5,-25.0,13.292572
1982-05-03,31.5,-25.0,10.898041
1982-05-04,31.5,-25.0,13.213104
1982-05-05,31.5,-25.0,12.40387
1982-05-06,31.5,-25.0,16.25058
1982-05-07,31.5,-25.0,16.080597
1982-05-08,31.5,-25.0,12.753052
1982-05-09,31.5,-25.0,10.968262
1982-05-10,31.5,-25.0,10.970093
1982-05-11,31.5,-25.0,11.751648
1982-05-12,31.5,-25.0,12.690247
1982-05-13,31.5,-25.0,14.412201
1982-05-14,31.5,-25.0,13.597412
1982-05-15,31.5,-25.0,13.796967
1982-05-16,31.5,-25.0,12.821411
1982-05-17,31.5,-25.0,15.034851
1982-05-18,31.5,-25.0,15.313843
1982-05-19,31.5,-25.0,13.715668
1982-05-20,31.5,-25.0,12.270813
1982-05-21,31.5,-25.0,12.588623
1982-05-22,31.5,-25.0,12.551666
1982-05-23,31.5,-25.0,14.277344
1982-05-24,31.5,-25.0,12.686554
1982-05-25,31.5,-25.0,11.938263
1982-05-26,31.5,-25.0,13.754456
1982-05-27,31.5,-25.0,14.23114
1982-05-28,31.5,-25.0,12.039886
1982-05-29,31.5,-25.0,8.945129
1982-05-30,31.5,-25.0,10.822296
1982-05-31,31.5,-25.0,15.651978
1982-06-01,31.5,-25.0,13.520752
1982-06-02,31.5,-25.0,9.528381
1982-06-03,31.5,-25.0,8.529816
1982-06-04,31.5,-25.0,8.153656
1982-06-05,31.5,-25.0,8.273956
1982-06-06,31.5,-25.0,9.478729
1982-06-07,31.5,-25.0,9.906433
1982-06-08,31.5,-25.0,7.1837463
1982-06-09,31.5,-25.0,6.591858
1982-06-10,31.5,-25.0,7.487335
1982-06-11,31.5,-25.0,9.093048
1982-06-12,31.5,-25.0,10.274933
1982-06-13,31.5,-25.0,10.259644
1982-06-14,31.5,-25.0,9.562744
1982-06-15,31.5,-25.0,12.991882
1982-06-16,31.5,-25.0,9.595215
1982-06-17,31.5,-25.0,7.527405
1982-06-18,31.5,-25.0,10.211914
1982-06-19,31.5,-25.0,7.229553
1982-06-20,31.5,-25.0,7.6114197
1982-06-21,31.5,-25.0,7.2868347
1982-06-22,31.5,-25.0,9.072052
1982-06-23,31.5,-25.0,11.687805
1982-06-24,31.5,-25.0,9.329803
1982-06-25,31.5,-25.0,10.693054
1982-06-26,31.5,-25.0,8.716919
1982-06-27,31.5,-25.0,10.479218
1982-06-28,31.5,-25.0,9.7899475
1982-06-29,31.5,-25.0,8.323608
1982-06-30,31.5,-25.0,7.943634
1982-07-01,31.5,-25.0,10.969666
1982-07-02,31.5,-25.0,14.507629
1982-07-03,31.5,-25.0,9.887451
1982-07-04,31.5,-25.0,8.052887
1982-07-05,31.5,-25.0,7.6882935
1982-07-06,31.5,-25.0,11.58313
1982-07-07,31.5,-25.0,8.552521
1982-07-08,31.5,-25.0,7.389282
1982-07-09,31.5,-25.0,7.094116
1982-07-10,31.5,-25.0,6.972595
1982-07-11,31.5,-25.0,11.3246155
1982-07-12,31.5,-25.0,8.585297
1982-07-13,31.5,-25.0,12.248657
1982-07-14,31.5,-25.0,10.655212
1982-07-15,31.5,-25.0,9.409027
1982-07-16,31.5,-25.0,7.020813
1982-07-17,31.5,-25.0,8.897827
1982-07-18,31.5,-25.0,7.144287
1982-07-19,31.5,-25.0,9.1813965
1982-07-20,31.5,-25.0,12.889099
1982-07-21,31.5,-25.0,9.275909
1982-07-22,31.5,-25.0,11.158722
1982-07-23,31.5,-25.0,12.601685
1982-07-24,31.5,-25.0,13.9617
1982-07-25,31.5,-25.0,15.690155
1982-07-26,31.5,-25.0,13.531494
1982-07-27,31.5,-25.0,10.72467
1982-07-28,31.5,-25.0,12.055756
1982-07-29,31.5,-25.0,15.485657
1982-07-30,31.5,-25.0,13.274933
1982-07-31,31.5,-25.0,9.941467
1982-08-01,31.5,-25.0,12.865143
1982-08-02,31.5,-25.0,14.58136
1982-08-03,31.5,-25.0,13.780579
1982-08-04,31.5,-25.0,9.743683
1982-08-05,31.5,-25.0,10.254852
1982-08-06,31.5,-25.0,15.568726
1982-08-07,31.5,-25.0,15.298553
1982-08-08,31.5,-25.0,12.851532
1982-08-09,31.5,-25.0,10.02356
1982-08-10,31.5,-25.0,10.83017
1982-08-11,31.5,-25.0,11.84668
1982-08-12,31.5,-25.0,13.562897
1982-08-13,31.5,-25.0,15.51236
1982-08-14,31.5,-25.0,12.995361
1982-08-15,31.5,-25.0,10.6319275
1982-08-16,31.5,-25.0,10.894318
1982-08-17,31.5,-25.0,13.590118
1982-08-18,31.5,-25.0,11.671753
1982-08-19,31.5,-25.0,13.061462
1982-08-20,31.5,-25.0,10.542511
1982-08-21,31.5,-25.0,13.691193
1982-08-22,31.5,-25.0,10.200439
1982-08-23,31.5,-25.0,7.625122
1982-08-24,31.5,-25.0,7.4657593
1982-08-25,31.5,-25.0,11.14502
1982-08-26,31.5,-25.0,13.347168
1982-08-27,31.5,-25.0,12.872925
1982-08-28,31.5,-25.0,13.23053
1982-08-29,31.5,-25.0,14.9331665
1982-08-30,31.5,-25.0,16.767944
1982-08-31,31.5,-25.0,13.424896
1982-09-01,31.5,-25.0,12.726501
1982-09-02,31.5,-25.0,15.68811
1982-09-03,31.5,-25.0,13.024231
1982-09-04,31.5,-25.0,12.550201
1982-09-05,31.5,-25.0,10.708984
1982-09-06,31.5,-25.0,9.214447
1982-09-07,31.5,-25.0,11.492493
1982-09-08,31.5,-25.0,12.262268
1982-09-09,31.5,-25.0,10.912689
1982-09-10,31.5,-25.0,13.133911
1982-09-11,31.5,-25.0,11.786285
1982-09-12,31.5,-25.0,12.881226
1982-09-13,31.5,-25.0,14.626465
1982-09-14,31.5,-25.0,16.465729
1982-09-15,31.5,-25.0,15.619568
1982-09-16,31.5,-25.0,14.87915
1982-09-17,31.5,-25.0,13.89978
1982-09-18,31.5,-25.0,17.12387
1982-09-19,31.5,-25.0,15.1710205
1982-09-20,31.5,-25.0,16.05832
1982-09-21,31.5,-25.0,17.519531
1982-09-22,31.5,-25.0,17.71347
1982-09-23,31.5,-25.0,17.100372
1982-09-24,31.5,-25.0,15.623474
1982-09-25,31.5,-25.0,14.350281
1982-09-26,31.5,-25.0,14.450195
1982-09-27,31.5,-25.0,15.660706
1982-09-28,31.5,-25.0,14.495239
1982-09-29,31.5,-25.0,16.50296
1982-09-30,31.5,-25.0,15.460907
1982-10-01,31.5,-25.0,16.157074
1982-10-02,31.5,-25.0,15.559998
1982-10-03,31.5,-25.0,13.475403
1982-10-04,31.5,-25.0,15.126862
1982-10-05,31.5,-25.0,16.80246
1982-10-06,31.5,-25.0,15.670441
1982-10-07,31.5,-25.0,17.751587
1982-10-08,31.5,-25.0,20.557495
1982-10-09,31.5,-25.0,15.597961
1982-10-10,31.5,-25.0,15.123413
1982-10-11,31.5,-25.0,16.077698
1982-10-12,31.5,-25.0,18.157104
1982-10-13,31.5,-25.0,18.312408
1982-10-14,31.5,-25.0,19.147644
1982-10-15,31.5,-25.0,20.419434
1982-10-16,31.5,-25.0,18.944
1982-10-17,31.5,-25.0,18.067383
1982-10-18,31.5,-25.0,16.441803
1982-10-19,31.5,-25.0,17.834412
1982-10-20,31.5,-25.0,16.997467
1982-10-21,31.5,-25.0,15.171722
1982-10-22,31.5,-25.0,13.53064
1982-10-23,31.5,-25.0,14.474548
1982-10-24,31.5,-25.0,13.232086
1982-10-25,31.5,-25.0,13.822266
1982-10-26,31.5,-25.0,17.208008
1982-10-27,31.5,-25.0,16.767944
1982-10-28,31.5,-25.0,15.278717
1982-10-29,31.5,-25.0,14.006897
1982-10-30,31.5,-25.0,12.396881
1982-10-31,31.5,-25.0,15.727386
1982-11-01,31.5,-25.0,15.092743
1982-11-02,31.5,-25.0,15.444519
1982-11-03,31.5,-25.0,15.6805725
1982-11-04,31.5,-25.0,15.316437
1982-11-05,31.5,-25.0,18.200134
1982-11-06,31.5,-25.0,18.158478
1982-11-07,31.5,-25.0,20.711975
1982-11-08,31.5,-25.0,19.081146
1982-11-09,31.5,-25.0,19.363495
1982-11-10,31.5,-25.0,17.761963
1982-11-11,31.5,-25.0,17.339203
1982-11-12,31.5,-25.0,17.607666
1982-11-13,31.5,-25.0,17.067657
1982-11-14,31.5,-25.0,16.847015
1982-11-15,31.5,-25.0,15.808624
1982-11-16,31.5,-25.0,14.444702
1982-11-17,31.5,-25.0,15.12204
1982-11-18,31.5,-25.0,16.461273
1982-11-19,31.5,-25.0,19.906586
1982-11-20,31.5,-25.0,20.03003
1982-11-21,31.5,-25.0,18.541107
1982-11-22,31.5,-25.0,17.933228
1982-11-23,31.5,-25.0,16.890198
1982-11-24,31.5,-25.0,16.208252
1982-11-25,31.5,-25.0,19.108917
1982-11-26,31.5,-25.0,18.899078
1982-11-27,31.5,-25.0,17.393188
1982-11-28,31.5,-25.0,17.052216
1982-11-29,31.5,-25.0,18.457794
1982-11-30,31.5,-25.0,21.319885
1982-12-01,31.5,-25.0,20.546875
1982-12-02,31.5,-25.0,20.213318
1982-12-03,31.5,-25.0,18.278748
1982-12-04,31.5,-25.0,19.940125
1982-12-05,31.5,-25.0,16.901672
1982-12-06,31.5,-25.0,19.427124
1982-12-07,31.5,-25.0,22.07483
1982-12-08,31.5,-25.0,20.30545
1982-12-09,31.5,-25.0,18.275574
1982-12-10,31.5,-25.0,18.648834
1982-12-11,31.5,-25.0,19.430298
1982-12-12,31.5,-25.0,18.831482
1982-12-13,31.5,-25.0,17.525879
1982-12-14,31.5,-25.0,19.158691
1982-12-15,31.5,-25.0,18.6409
1982-12-16,31.5,-25.0,19.644714
1982-12-17,31.5,-25.0,20.810547
1982-12-18,31.5,-25.0,22.819763
1982-12-19,31.5,-25.0,22.003357
1982-12-20,31.5,-25.0,21.774658
1982-12-21,31.5,-25.0,20.842316
1982-12-22,31.5,-25.0,21.02179
1982-12-23,31.5,-25.0,21.922363
1982-12-24,31.5,-25.0,20.650116
1982-12-25,31.5,-25.0,20.12915
1982-12-26,31.5,-25.0,19.582764
1982-12-27,31.5,-25.0,19.430298
1982-12-28,31.5,-25.0,21.425232
1982-12-29,31.5,-25.0,22.244781
1982-12-30,31.5,-25.0,22.570404
1982-12-31,31.5,-25.0,19.997314
1983-01-01,31.5,-25.0,19.406128
1983-01-02,31.5,-25.0,21.865906
1983-01-03,31.5,-25.0,21.657806
1983-01-04,31.5,-25.0,20.940826
1983-01-05,31.5,-25.0,21.62204
1983-01-06,31.5,-25.0,20.63681
1983-01-07,31.5,-25.0,20.358826
1983-01-08,31.5,-25.0,18.711914
1983-01-09,31.5,-25.0,20.191376
1983-01-10,31.5,-25.0,20.484009
1983-01-11,31.5,-25.0,23.264038
1983-01-12,31.5,-25.0,23.86557
1983-01-13,31.5,-25.0,22.558472
1983-01-14,31.5,-25.0,21.578125
1983-01-15,31.5,-25.0,20.786407
1983-01-16,31.5,-25.0,21.309875
1983-01-17,31.5,-25.0,21.904907
1983-01-18,31.5,-25.0,21.238342
1983-01-19,31.5,-25.0,19.871094
1983-01-20,31.5,-25.0,22.04309
1983-01-21,31.5,-25.0,21.118042
1983-01-22,31.5,-25.0,21.270874
1983-01-23,31.5,-25.0,20.596191
1983-01-24,31.5,-25.0,20.679077
1983-01-25,31.5,-25.0,19.609344
1983-01-26,31.5,-25.0,21.017242
1983-01-27,31.5,-25.0,20.340942
1983-01-28,31.5,-25.0,18.830597
1983-01-29,31.5,-25.0,20.075928
1983-01-30,31.5,-25.0,22.836487
1983-01-31,31.5,-25.0,20.675842
1983-02-01,31.5,-25.0,21.867737
1983-02-02,31.5,-25.0,22.341278
1983-02-03,31.5,-25.0,22.02124
1983-02-04,31.5,-25.0,21.470947
1983-02-05,31.5,-25.0,20.411224
1983-02-06,31.5,-25.0,18.797943
1983-02-07,31.5,-25.0,22.225342
1983-02-08,31.5,-25.0,21.474213
1983-02-09,31.5,-25.0,21.786102
1983-02-10,31.5,-25.0,20.736145
1983-02-11,31.5,-25.0,21.283173
1983-02-12,31.5,-25.0,22.818085
1983-02-13,31.5,-25.0,19.12613
1983-02-14,31.5,-25.0,18.33908
1983-02-15,31.5,-25.0,17.534088
1983-02-16,31.5,-25.0,17.124237
1983-02-17,31.5,-25.0,18.954681
1983-02-18,31.5,-25.0,16.928284
1983-02-19,31.5,-25.0,21.255402
1983-02-20,31.5,-25.0,19.457611
1983-02-21,31.5,-25.0,20.44223
1983-02-22,31.5,-25.0,20.171173
1983-02-23,31.5,-25.0,22.097961
1983-02-24,31.5,-25.0,21.578705
1983-02-25,31.5,-25.0,20.360596
1983-02-26,31.5,-25.0,22.386993
1983-02-27,31.5,-25.0,21.583618
1983-02-28,31.5,-25.0,20.762268
1983-03-01,31.5,-25.0,20.202576
1983-03-02,31.5,-25.0,17.759949
1983-03-03,31.5,-25.0,20.350128
1983-03-04,31.5,-25.0,21.630096
1983-03-05,31.5,-25.0,21.654999
1983-03-06,31.5,-25.0,22.910095
1983-03-07,31.5,-25.0,22.099426
1983-03-08,31.5,-25.0,22.26654
1983-03-09,31.5,-25.0,19.630157
1983-03-10,31.5,-25.0,18.767944
1983-03-11,31.5,-25.0,17.88263
1983-03-12,31.5,-25.0,16.988434
1983-03-13,31.5,-25.0,15.567993
1983-03-14,31.5,-25.0,18.385712
1983-03-15,31.5,-25.0,19.020386
1983-03-16,31.5,-25.0,20.974121
1983-03-17,31.5,-25.0,20.510132
1983-03-18,31.5,-25.0,19.54483
1983-03-19,31.5,-25.0,19.854156
1983-03-20,31.5,-25.0,18.988373
1983-03-21,31.5,-25.0,21.534119
1983-03-22,31.5,-25.0,20.803467
1983-03-23,31.5,-25.0,22.421204
1983-03-24,31.5,-25.0,22.540314
1983-03-25,31.5,-25.0,22.531433
1983-03-26,31.5,-25.0,19.751038
1983-03-27,31.5,-25.0,20.96347
1983-03-28,31.5,-25.0,18.924377
1983-03-29,31.5,-25.0,16.82843
1983-03-30,31.5,-25.0,18.95105
1983-03-31,31.5,-25.0,18.895935
1983-04-01,31.5,-25.0,20.182953
1983-04-02,31.5,-25.0,18.324677
1983-04-03,31.5,-25.0,21.026154
1983-04-04,31.5,-25.0,19.011993
1983-04-05,31.5,-25.0,20.264435
1983-04-06,31.5,-25.0,20.218384
1983-04-07,31.5,-25.0,18.825989
1983-04-08,31.5,-25.0,18.03238
1983-04-09,31.5,-25.0,17.771973
1983-04-10,31.5,-25.0,16.939392
1983-04-11,31.5,-25.0,18.43805
1983-04-12,31.5,-25.0,19.989838
1983-04-13,31.5,-25.0,19.192688
1983-04-14,31.5,-25.0,18.794128
1983-04-15,31.5,-25.0,20.744507
1983-04-16,31.5,-25.0,21.229889
1983-04-17,31.5,-25.0,21.120056
1983-04-18,31.5,-25.0,21.715271
1983-04-19,31.5,-25.0,18.324677
1983-04-20,31.5,-25.0,17.033264
1983-04-21,31.5,-25.0,15.26535
1983-04-22,31.5,-25.0,16.928772
1983-04-23,31.5,-25.0,17.382263
1983-04-24,31.5,-25.0,18.48941
1983-04-25,31.5,-25.0,17.756042
1983-04-26,31.5,-25.0,17.956207
1983-04-27,31.5,-25.0,17.568268
1983-04-28,31.5,-25.0,18.03769
1983-04-29,31.5,-25.0,18.376038
1983-04-30,31.5,-25.0,18.005798
1983-05-01,31.5,-25.0,19.692932
1983-05-02,31.5,-25.0,18.923706
1983-05-03,31.5,-25.0,18.178589
1983-05-04,31.5,-25.0,18.756897
1983-05-05,31.5,-25.0,16.304688
1983-05-06,31.5,-25.0,13.737549
1983-05-07,31.5,-25.0,13.329773
1983-05-08,31.5,-25.0,16.021088
1983-05-09,31.5,-25.0,15.285217
1983-05-10,31.5,-25.0,15.781982
1983-05-11,31.5,-25.0,16.769897
1983-05-12,31.5,-25.0,15.40387
1983-05-13,31.5,-25.0,13.099915
1983-05-14,31.5,-25.0,12.497528
1983-05-15,31.5,-25.0,18.054413
1983-05-16,31.5,-25.0,14.304718
1983-05-17,31.5,-25.0,12.658783
1983-05-18,31.5,-25.0,11.943329
1983-05-19,31.5,-25.0,14.473389
1983-05-20,31.5,-25.0,19.787445
1983-05-21,31.5,-25.0,19.76706
1983-05-22,31.5,-25.0,18.061829
1983-05-23,31.5,-25.0,11.062897
1983-05-24,31.5,-25.0,9.372467
1983-05-25,31.5,-25.0,9.650513
1983-05-26,31.5,-25.0,12.288086
1983-05-27,31.5,-25.0,14.358459
1983-05-28,31.5,-25.0,13.079529
1983-05-29,31.5,-25.0,10.979492
1983-05-30,31.5,-25.0,10.927582
1983-05-31,31.5,-25.0,12.036011
1983-06-01,31.5,-25.0,10.908569
1983-06-02,31.5,-25.0,11.2473755
1983-06-03,31.5,-25.0,10.361267
1983-06-04,31.5,-25.0,13.542786
1983-06-05,31.5,-25.0,11.926971
1983-06-06,31.5,-25.0,10.487579
1983-06-07,31.5,-25.0,11.020813
1983-06-08,31.5,-25.0,12.873199
1983-06-09,31.5,-25.0,10.164795
1983-06-10,31.5,-25.0,12.079315
1983-06-11,31.5,-25.0,13.883606
1983-06-12,31.5,-25.0,13.917664
1983-06-13,31.5,-25.0,12.995483
1983-06-14,31.5,-25.0,10.932617
1983-06-15,31.5,-25.0,11.570129
1983-06-16,31.5,-25.0,12.117432
1983-06-17,31.5,-25.0,12.097382
1983-06-18,31.5,-25.0,13.029572
1983-06-19,31.5,-25.0,12.023193
1983-06-20,31.5,-25.0,10.669983
1983-06-21,31.5,-25.0,8.861725
1983-06-22,31.5,-25.0,10.142761
1983-06-23,31.5,-25.0,10.762207
1983-06-24,31.5,-25.0,10.212921
1983-06-25,31.5,-25.0,11.932983
1983-06-26,31.5,-25.0,9.467163
1983-06-27,31.5,-25.0,6.0951843
1983-06-28,31.5,-25.0,7.4022827
1983-06-29,31.5,-25.0,10.696045
1983-06-30,31.5,-25.0,7.8132324
1983-07-01,31.5,-25.0,9.6604
1983-07-02,31.5,-25.0,13.497864
1983-07-03,31.5,-25.0,12.351288
1983-07-04,31.5,-25.0,10.16571
1983-07-05,31.5,-25.0,7.6067505
1983-07-06,31.5,-25.0,10.169769
1983-07-07,31.5,-25.0,8.402252
1983-07-08,31.5,-25.0,8.314972
1983-07-09,31.5,-25.0,11.833801
1983-07-10,31.5,-25.0,10.317902
1983-07-11,31.5,-25.0,10.819153
1983-07-12,31.5,-25.0,9.556915
1983-07-13,31.5,-25.0,10.338196
1983-07-14,31.5,-25.0,11.2899475
1983-07-15,31.5,-25.0,10.973389
1983-07-16,31.5,-25.0,14.303497
1983-07-17,31.5,-25.0,12.615112
1983-07-18,31.5,-25.0,9.591431
1983-07-19,31.5,-25.0,7.3449707
1983-07-20,31.5,-25.0,8.933929
1983-07-21,31.5,-25.0,9.280945
1983-07-22,31.5,-25.0,9.477783
1983-07-23,31.5,-25.0,14.027496
1983-07-24,31.5,-25.0,13.361877
1983-07-25,31.5,-25.0,13.451172
1983-07-26,31.5,-25.0,12.649597
1983-07-27,31.5,-25.0,10.831329
1983-07-28,31.5,-25.0,9.698975
1983-07-29,31.5,-25.0,10.145416
1983-07-30,31.5,-25.0,9.025238
1983-07-31,31.5,-25.0,6.98172
1983-08-01,31.5,-25.0,6.47287
1983-08-02,31.5,-25.0,8.207062
1983-08-03,31.5,-25.0,8.1657715
1983-08-04,31.5,-25.0,10.745422
1983-08-05,31.5,-25.0,13.7144165
1983-08-06,31.5,-25.0,13.071472
1983-08-07,31.5,-25.0,13.043945
1983-08-08,31.5,-25.0,11.702972
1983-08-09,31.5,-25.0,8.726135
1983-08-10,31.5,-25.0,8.380096
1983-08-11,31.5,-25.0,6.638031
1983-08-12,31.5,-25.0,5.8613586
1983-08-13,31.5,-25.0,6.5357666
1983-08-14,31.5,-25.0,7.1295776
1983-08-15,31.5,-25.0,8.366333
1983-08-16,31.5,-25.0,13.386047
1983-08-17,31.5,-25.0,10.527191
1983-08-18,31.5,-25.0,14.803711
1983-08-19,31.5,-25.0,10.651062
1983-08-20,31.5,-25.0,7.6840515
1983-08-21,31.5,-25.0,9.825256
1983-08-22,31.5,-25.0,14.4340515
1983-08-23,31.5,-25.0,13.881531
1983-08-24,31.5,-25.0,13.25824
1983-08-25,31.5,-25.0,11.620392
1983-08-26,31.5,-25.0,8.560974
1983-08-27,31.5,-25.0,12.491425
1983-08-28,31.5,-25.0,11.590912
1983-08-29,31.5,-25.0,13.639709
1983-08-30,31.5,-25.0,15.110413
1983-08-31,31.5,-25.0,14.113556
1983-09-01,31.5,-25.0,11.530365
1983-09-02,31.5,-25.0,12.855743
1983-09-03,31.5,-25.0,12.808075
1983-09-04,31.5,-25.0,13.785156
1983-09-05,31.5,-25.0,13.282867
1983-09-06,31.5,-25.0,11.216888
1983-09-07,31.5,-25.0,14.1371155
1983-09-08,31.5,-25.0,12.22879
1983-09-09,31.5,-25.0,17.72647
1983-09-10,31.5,-25.0,16.489075
1983-09-11,31.5,-25.0,16.349762
1983-09-12,31.5,-25.0,17.383667
1983-09-13,31.5,-25.0,18.303894
1983-09-14,31.5,-25.0,16.668732
1983-09-15,31.5,-25.0,16.006958
1983-09-16,31.5,-25.0,14.067474
1983-09-17,31.5,-25.0,16.96936
1983-09-18,31.5,-25.0,15.852966
1983-09-19,31.5,-25.0,15.669647
1983-09-20,31.5,-25.0,13.1362
1983-09-21,31.5,-25.0,16.786041
1983-09-22,31.5,-25.0,16.426758
1983-09-23,31.5,-25.0,16.137115
1983-09-24,31.5,-25.0,13.213196
1983-09-25,31.5,-25.0,14.88504
1983-09-26,31.5,-25.0,15.062866
1983-09-27,31.5,-25.0,15.742981
1983-09-28,31.5,-25.0,17.504639
1983-09-29,31.5,-25.0,16.485413
1983-09-30,31.5,-25.0,17.007874
1983-10-01,31.5,-25.0,16.793976
1983-10-02,31.5,-25.0,17.87912
1983-10-03,31.5,-25.0,19.152954
1983-10-04,31.5,-25.0,17.446442
1983-10-05,31.5,-25.0,17.167786
1983-10-06,31.5,-25.0,16.62088
1983-10-07,31.5,-25.0,15.3038025
1983-10-08,31.5,-25.0,14.99054
1983-10-09,31.5,-25.0,15.319397
1983-10-10,31.5,-25.0,13.540192
1983-10-11,31.5,-25.0,13.952118
1983-10-12,31.5,-25.0,17.003387
1983-10-13,31.5,-25.0,15.878418
1983-10-14,31.5,-25.0,17.77008
1983-10-15,31.5,-25.0,18.590454
1983-10-16,31.5,-25.0,17.71991
1983-10-17,31.5,-25.0,17.643738
1983-10-18,31.5,-25.0,16.54129
1983-10-19,31.5,-25.0,18.235657
1983-10-20,31.5,-25.0,17.79779
1983-10-21,31.5,-25.0,17.647217
1983-10-22,31.5,-25.0,15.49939
1983-10-23,31.5,-25.0,13.806732
1983-10-24,31.5,-25.0,15.906097
1983-10-25,31.5,-25.0,14.814026
1983-10-26,31.5,-25.0,12.551941
1983-10-27,31.5,-25.0,10.914673
1983-10-28,31.5,-25.0,11.985992
1983-10-29,31.5,-25.0,14.961121
1983-10-30,31.5,-25.0,17.661072
1983-10-31,31.5,-25.0,16.750702
1983-11-01,31.5,-25.0,16.175873
1983-11-02,31.5,-25.0,17.834595
1983-11-03,31.5,-25.0,17.011719
1983-11-04,31.5,-25.0,19.808594
1983-11-05,31.5,-25.0,19.126343
1983-11-06,31.5,-25.0,18.581512
1983-11-07,31.5,-25.0,17.433655
1983-11-08,31.5,-25.0,18.178955
1983-11-09,31.5,-25.0,19.826385
1983-11-10,31.5,-25.0,19.7229
1983-11-11,31.5,-25.0,20.583008
1983-11-12,31.5,-25.0,18.788452
1983-11-13,31.5,-25.0,17.939697
1983-11-14,31.5,-25.0,18.115906
1983-11-15,31.5,-25.0,18.609009
1983-11-16,31.5,-25.0,18.418243
1983-11-17,31.5,-25.0,18.849884
1983-11-18,31.5,-25.0,20.334015
1983-11-19,31.5,-25.0,20.327545
1983-11-20,31.5,-25.0,20.02362
1983-11-21,31.5,-25.0,20.78186
1983-11-22,31.5,-25.0,20.914429
1983-11-23,31.5,-25.0,19.697052
1983-11-24,31.5,-25.0,19.119873
1983-11-25,31.5,-25.0,19.962189
1983-11-26,31.5,-25.0,18.272736
1983-11-27,31.5,-25.0,18.14502
1983-11-28,31.5,-25.0,20.48114
1983-11-29,31.5,-25.0,19.158691
1983-11-30,31.5,-25.0,18.665588
1983-12-01,31.5,-25.0,18.823853
1983-12-02,31.5,-25.0,16.673004
1983-12-03,31.5,-25.0,20.490784
1983-12-04,31.5,-25.0,18.825378
1983-12-05,31.5,-25.0,18.213226
1983-12-06,31.5,-25.0,19.145935
1983-12-07,31.5,-25.0,21.489105
1983-12-08,31.5,-25.0,20.89682
1983-12-09,31.5,-25.0,21.663116
1983-12-10,31.5,-25.0,22.005066
1983-12-11,31.5,-25.0,21.537964
1983-12-12,31.5,-25.0,21.527283
1983-12-13,31.5,-25.0,20.408356
1983-12-14,31.5,-25.0,18.92154
1983-12-15,31.5,-25.0,18.40863
1983-12-16,31.5,-25.0,19.228363
1983-12-17,31.5,-25.0,21.312042
1983-12-18,31.5,-25.0,18.646759
1983-12-19,31.5,-25.0,18.07434
1983-12-20,31.5,-25.0,16.002869
1983-12-21,31.5,-25.0,19.019226
1983-12-22,31.5,-25.0,19.068085
1983-12-23,31.5,-25.0,17.985779
1983-12-24,31.5,-25.0,18.394897
1983-12-25,31.5,-25.0,19.356598
1983-12-26,31.5,-25.0,21.921112
1983-12-27,31.5,-25.0,21.374603
1983-12-28,31.5,-25.0,20.185486
1983-12-29,31.5,-25.0,19.965668
1983-12-30,31.5,-25.0,19.223785
1983-12-31,31.5,-25.0,19.895447
1984-01-01,31.5,-25.0,19.152466
1984-01-02,31.5,-25.0,21.264587
1984-01-03,31.5,-25.0,19.31662
1984-01-04,31.5,-25.0,17.768127
1984-01-05,31.5,-25.0,16.323425
1984-01-06,31.5,-25.0,17.69226
1984-01-07,31.5,-25.0,19.860138
1984-01-08,31.5,-25.0,21.287811
1984-01-09,31.5,-25.0,20.942505
1984-01-10,31.5,-25.0,20.357178
1984-01-11,31.5,-25.0,21.11905
1984-01-12,31.5,-25.0,22.512665
1984-01-13,31.5,-25.0,19.347595
1984-01-14,31.5,-25.0,18.350372
1984-01-15,31.5,-25.0,18.057709
1984-01-16,31.5,-25.0,18.379791
1984-01-17,31.5,-25.0,18.430878
1984-01-18,31.5,-25.0,18.09488
1984-01-19,31.5,-25.0,19.69754
1984-01-20,31.5,-25.0,21.388458
1984-01-21,31.5,-25.0,21.787964
1984-01-22,31.5,-25.0,21.331177
1984-01-23,31.5,-25.0,20.38507
1984-01-24,31.5,-25.0,19.637146
1984-01-25,31.5,-25.0,17.461548
1984-01-26,31.5,-25.0,20.216278
1984-01-27,31.5,-25.0,19.095184
1984-01-28,31.5,-25.0,22.320648
1984-01-29,31.5,-25.0,21.541779
1984-01-30,31.5,-25.0,22.727905
1984-01-31,31.5,-25.0,20.668427
1984-02-01,31.5,-25.0,19.943298
1984-02-02,31.5,-25.0,20.990997
1984-02-03,31.5,-25.0,19.880707
1984-02-04,31.5,-25.0,18.41623
1984-02-05,31.5,-25.0,17.938507
1984-02-06,31.5,-25.0,20.292511
1984-02-07,31.5,-25.0,20.310638
1984-02-08,31.5,-25.0,18.833008
1984-02-09,31.5,-25.0,17.149414
1984-02-10,31.5,-25.0,16.54486
1984-02-11,31.5,-25.0,16.352112
1984-02-12,31.5,-25.0,16.29776
1984-02-13,31.5,-25.0,20.94815
1984-02-14,31.5,-25.0,19.804901
1984-02-15,31.5,-25.0,17.164246
1984-02-16,31.5,-25.0,22.101288
1984-02-17,31.5,-25.0,20.864136
1984-02-18,31.5,-25.0,20.938263
1984-02-19,31.5,-25.0,21.51648
1984-02-20,31.5,-25.0,22.462067
1984-02-21,31.5,-25.0,20.284302
1984-02-22,31.5,-25.0,18.829712
1984-02-23,31.5,-25.0,17.381714
1984-02-24,31.5,-25.0,20.281006
1984-02-25,31.5,-25.0,21.117828
1984-02-26,31.5,-25.0,21.139252
1984-02-27,31.5,-25.0,20.218384
1984-02-28,31.5,-25.0,18.82312
1984-02-29,31.5,-25.0,18.360199
1984-03-01,31.5,-25.0,16.251984
1984-03-02,31.5,-25.0,20.447021
1984-03-03,31.5,-25.0,21.923065
1984-03-04,31.5,-25.0,22.790253
1984-03-05,31.5,-25.0,21.601013
1984-03-06,31.5,-25.0,21.325928
1984-03-07,31.5,-25.0,20.753967
1984-03-08,31.5,-25.0,19.556335
1984-03-09,31.5,-25.0,18.648895
1984-03-10,31.5,-25.0,17.728027
1984-03-11,31.5,-25.0,17.25
1984-03-12,31.5,-25.0,18.031647
1984-03-13,31.5,-25.0,20.515778
1984-03-14,31.5,-25.0,19.776062
1984-03-15,31.5,-25.0,16.248627
1984-03-16,31.5,-25.0,14.138519
1984-03-17,31.5,-25.0,16.132874
1984-03-18,31.5,-25.0,18.442596
1984-03-19,31.5,-25.0,19.51944
1984-03-20,31.5,-25.0,19.93039
1984-03-21,31.5,-25.0,22.010284
1984-03-22,31.5,-25.0,17.828674
1984-03-23,31.5,-25.0,17.667664
1984-03-24,31.5,-25.0,19.16217
1984-03-25,31.5,-25.0,20.3078
1984-03-26,31.5,-25.0,20.212189
1984-03-27,31.5,-25.0,20.292694
1984-03-28,31.5,-25.0,18.033325
1984-03-29,31.5,-25.0,16.745117
1984-03-30,31.5,-25.0,17.038635
1984-03-31,31.5,-25.0,17.380829
1984-04-01,31.5,-25.0,17.160095
1984-04-02,31.5,-25.0,16.223877
1984-04-03,31.5,-25.0,15.417847
1984-04-04,31.5,-25.0,12.865936
1984-04-05,31.5,-25.0,14.64032
1984-04-06,31.5,-25.0,16.141846
1984-04-07,31.5,-25.0,17.736115
1984-04-08,31.5,-25.0,19.269745
1984-04-09,31.5,-25.0,18.786469
1984-04-10,31.5,-25.0,16.496735
1984-04-11,31.5,-25.0,14.1927185
1984-04-12,31.5,-25.0,13.577484
1984-04-13,31.5,-25.0,14.387085
1984-04-14,31.5,-25.0,16.719635
1984-04-15,31.5,-25.0,15.44281
1984-04-16,31.5,-25.0,16.744598
1984-04-17,31.5,-25.0,17.752167
1984-04-18,31.5,-25.0,18.098114
1984-04-19,31.5,-25.0,16.525269
1984-04-20,31.5,-25.0,14.752655
1984-04-21,31.5,-25.0,14.371033
1984-04-22,31.5,-25.0,14.13031
1984-04-23,31.5,-25.0,14.260468
1984-04-24,31.5,-25.0,16.041992
1984-04-25,31.5,-25.0,17.727203
1984-04-26,31.5,-25.0,18.29071
1984-04-27,31.5,-25.0,15.193146
1984-04-28,31.5,-25.0,13.285034
1984-04-29,31.5,-25.0,12.147278
1984-04-30,31.5,-25.0,16.555573
1984-05-01,31.5,-25.0,14.29187
1984-05-02,31.5,-25.0,13.721405
1984-05-03,31.5,-25.0,15.137299
1984-05-04,31.5,-25.0,15.882416
1984-05-05,31.5,-25.0,17.393066
1984-05-06,31.5,-25.0,18.530243
1984-05-07,31.5,-25.0,16.3042
1984-05-08,31.5,-25.0,13.734436
1984-05-09,31.5,-25.0,11.519531
1984-05-10,31.5,-25.0,12.630707
1984-05-11,31.5,-25.0,14.284424
1984-05-12,31.5,-25.0,16.443573
1984-05-13,31.5,-25.0,15.012817
1984-05-14,31.5,-25.0,13.745575
1984-05-15,31.5,-25.0,14.195251
1984-05-16,31.5,-25.0,14.747101
1984-05-17,31.5,-25.0,16.999146
1984-05-18,31.5,-25.0,18.275665
1984-05-19,31.5,-25.0,17.33731
1984-05-20,31.5,-25.0,14.617035
1984-05-21,31.5,-25.0,11.926483
1984-05-22,31.5,-25.0,15.59256
1984-05-23,31.5,-25.0,12.983734
1984-05-24,31.5,-25.0,11.995239
1984-05-25,31.5,-25.0,9.622406
1984-05-26,31.5,-25.0,8.806702
1984-05-27,31.5,-25.0,9.832367
1984-05-28,31.5,-25.0,12.377991
1984-05-29,31.5,-25.0,10.410248
1984-05-30,31.5,-25.0,11.887451
1984-05-31,31.5,-25.0,11.487946
1984-06-01,31.5,-25.0,8.233459
1984-06-02,31.5,-25.0,7.4272156
1984-06-03,31.5,-25.0,9.171112
1984-06-04,31.5,-25.0,9.330017
1984-06-05,31.5,-25.0,9.406525
1984-06-06,31.5,-25.0,11.201416
1984-06-07,31.5,-25.0,10.134277
1984-06-08,31.5,-25.0,8.855286
1984-06-09,31.5,-25.0,9.210358
1984-06-10,31.5,-25.0,10.095062
1984-06-11,31.5,-25.0,9.490875
1984-06-12,31.5,-25.0,8.296234
1984-06-13,31.5,-25.0,10.632538
1984-06-14,31.5,-25.0,10.483459
1984-06-15,31.5,-25.0,11.054291
1984-06-16,31.5,-25.0,10.697296
1984-06-17,31.5,-25.0,8.772888
1984-06-18,31.5,-25.0,5.981476
1984-06-19,31.5,-25.0,6.603302
1984-06-20,31.5,-25.0,7.160431
1984-06-21,31.5,-25.0,11.562378
1984-06-22,31.5,-25.0,10.828705
1984-06-23,31.5,-25.0,11.627106
1984-06-24,31.5,-25.0,12.660889
1984-06-25,31.5,-25.0,10.179413
1984-06-26,31.5,-25.0,10.202942
1984-06-27,31.5,-25.0,9.822388
1984-06-28,31.5,-25.0,10.599213
1984-06-29,31.5,-25.0,10.14212
1984-06-30,31.5,-25.0,9.418274
1984-07-01,31.5,-25.0,10.215668
1984-07-02,31.5,-25.0,10.387024
1984-07-03,31.5,-25.0,13.738037
1984-07-04,31.5,-25.0,12.043488
1984-07-05,31.5,-25.0,9.0199585
1984-07-06,31.5,-25.0,9.844391
1984-07-07,31.5,-25.0,11.262848
1984-07-08,31.5,-25.0,13.271545
1984-07-09,31.5,-25.0,14.234985
1984-07-10,31.5,-25.0,14.461548
1984-07-11,31.5,-25.0,14.1397705
1984-07-12,31.5,-25.0,12.119659
1984-07-13,31.5,-25.0,10.105225
1984-07-14,31.5,-25.0,9.874847
1984-07-15,31.5,-25.0,10.910614
1984-07-16,31.5,-25.0,10.447937
1984-07-17,31.5,-25.0,7.9308777
1984-07-18,31.5,-25.0,8.437347
1984-07-19,31.5,-25.0,8.907623
1984-07-20,31.5,-25.0,9.869141
1984-07-21,31.5,-25.0,11.891174
1984-07-22,31.5,-25.0,12.841248
1984-07-23,31.5,-25.0,11.436127
1984-07-24,31.5,-25.0,11.1371765
1984-07-25,31.5,-25.0,12.216736
1984-07-26,31.5,-25.0,9.591156
1984-07-27,31.5,-25.0,9.941498
1984-07-28,31.5,-25.0,9.379822
1984-07-29,31.5,-25.0,15.562042
1984-07-30,31.5,-25.0,14.23877
1984-07-31,31.5,-25.0,12.353821
1984-08-01,31.5,-25.0,12.042511
1984-08-02,31.5,-25.0,8.562012
1984-08-03,31.5,-25.0,9.124878
1984-08-04,31.5,-25.0,9.913605
1984-08-05,31.5,-25.0,11.621307
1984-08-06,31.5,-25.0,13.6736145
1984-08-07,31.5,-25.0,11.257568
1984-08-08,31.5,-25.0,8.814728
1984-08-09,31.5,-25.0,8.841522
1984-08-10,31.5,-25.0,10.650696
1984-08-11,31.5,-25.0,11.301605
1984-08-12,31.5,-25.0,9.978699
1984-08-13,31.5,-25.0,8.560089
1984-08-14,31.5,-25.0,9.869598
1984-08-15,31.5,-25.0,12.323914
1984-08-16,31.5,-25.0,10.35968
1984-08-17,31.5,-25.0,13.857391
1984-08-18,31.5,-25.0,13.363464
1984-08-19,31.5,-25.0,10.937866
1984-08-20,31.5,-25.0,10.639191
1984-08-21,31.5,-25.0,11.703644
1984-08-22,31.5,-25.0,14.868225
1984-08-23,31.5,-25.0,12.850403
1984-08-24,31.5,-25.0,12.88678
1984-08-25,31.5,-25.0,12.042511
1984-08-26,31.5,-25.0,13.696594
1984-08-27,31.5,-25.0,12.174591
1984-08-28,31.5,-25.0,13.141388
1984-08-29,31.5,-25.0,10.807678
1984-08-30,31.5,-25.0,14.598297
1984-08-31,31.5,-25.0,15.107544
1984-09-01,31.5,-25.0,15.0997925
1984-09-02,31.5,-25.0,14.401184
1984-09-03,31.5,-25.0,15.6180725
1984-09-04,31.5,-25.0,15.177643
1984-09-05,31.5,-25.0,13.320953
1984-09-06,31.5,-25.0,12.11734
1984-09-07,31.5,-25.0,12.136322
1984-09-08,31.5,-25.0,15.394043
1984-09-09,31.5,-25.0,14.004395
1984-09-10,31.5,-25.0,15.722473
1984-09-11,31.5,-25.0,15.627563
1984-09-12,31.5,-25.0,12.179993
1984-09-13,31.5,-25.0,13.13681
1984-09-14,31.5,-25.0,12.223663
1984-09-15,31.5,-25.0,10.313812
1984-09-16,31.5,-25.0,13.357025
1984-09-17,31.5,-25.0,13.544983
1984-09-18,31.5,-25.0,15.836395
1984-09-19,31.5,-25.0,17.641815
1984-09-20,31.5,-25.0,15.361786
1984-09-21,31.5,-25.0,17.165314
1984-09-22,31.5,-25.0,15.001068
1984-09-23,31.5,-25.0,18.386017
1984-09-24,31.5,-25.0,16.227478
1984-09-25,31.5,-25.0,14.758087
1984-09-26,31.5,-25.0,16.096497
1984-09-27,31.5,-25.0,19.16626
1984-09-28,31.5,-25.0,16.544525
1984-09-29,31.5,-25.0,17.423492
1984-09-30,31.5,-25.0,17.305786
1984-10-01,31.5,-25.0,17.166534
1984-10-02,31.5,-25.0,18.275024
1984-10-03,31.5,-25.0,18.632416
1984-10-04,31.5,-25.0,20.296875
1984-10-05,31.5,-25.0,19.625214
1984-10-06,31.5,-25.0,18.437317
1984-10-07,31.5,-25.0,16.208282
1984-10-08,31.5,-25.0,16.871277
1984-10-09,31.5,-25.0,18.64624
1984-10-10,31.5,-25.0,17.834747
1984-10-11,31.5,-25.0,17.168274
1984-10-12,31.5,-25.0,15.792175
1984-10-13,31.5,-25.0,17.019775
1984-10-14,31.5,-25.0,17.487701
1984-10-15,31.5,-25.0,16.843658
1984-10-16,31.5,-25.0,15.545258
1984-10-17,31.5,-25.0,15.253479
1984-10-18,31.5,-25.0,13.090027
1984-10-19,31.5,-25.0,14.302124
1984-10-20,31.5,-25.0,16.18927
1984-10-21,31.5,-25.0,15.450287
1984-10-22,31.5,-25.0,15.954468
1984-10-23,31.5,-25.0,18.663513
1984-10-24,31.5,-25.0,16.753876
1984-10-25,31.5,-25.0,15.2034
1984-10-26,31.5,-25.0,16.216919
1984-10-27,31.5,-25.0,15.118805
1984-10-28,31.5,-25.0,17.800201
1984-10-29,31.5,-25.0,18.468384
1984-10-30,31.5,-25.0,20.638733
1984-10-31,31.5,-25.0,19.281616
1984-11-01,31.5,-25.0,18.756104
1984-11-02,31.5,-25.0,16.27472
1984-11-03,31.5,-25.0,15.637909
1984-11-04,31.5,-25.0,12.358459
1984-11-05,31.5,-25.0,15.506287
1984-11-06,31.5,-25.0,16.980621
1984-11-07,31.5,-25.0,16.33725
1984-11-08,31.5,-25.0,16.307617
1984-11-09,31.5,-25.0,16.621918
1984-11-10,31.5,-25.0,15.91272
1984-11-11,31.5,-25.0,17.564758
1984-11-12,31.5,-25.0,17.464386
1984-11-13,31.5,-25.0,16.307617
1984-11-14,31.5,-25.0,15.284119
1984-11-15,31.5,-25.0,14.573273
1984-11-16,31.5,-25.0,16.426086
1984-11-17,31.5,-25.0,17.50058
1984-11-18,31.5,-25.0,16.77658
1984-11-19,31.5,-25.0,15.822205
1984-11-20,31.5,-25.0,15.774475
1984-11-21,31.5,-25.0,16.640015
1984-11-22,31.5,-25.0,16.480408
1984-11-23,31.5,-25.0,16.13321
1984-11-24,31.5,-25.0,19.04898
1984-11-25,31.5,-25.0,19.564026
1984-11-26,31.5,-25.0,18.886078
1984-11-27,31.5,-25.0,17.592743
1984-11-28,31.5,-25.0,20.518402
1984-11-29,31.5,-25.0,17.23404
1984-11-30,31.5,-25.0,17.08429
1984-12-01,31.5,-25.0,18.776154
1984-12-02,31.5,-25.0,17.289612
1984-12-03,31.5,-25.0,20.130432
1984-12-04,31.5,-25.0,20.591766
1984-12-05,31.5,-25.0,18.200714
1984-12-06,31.5,-25.0,17.645142
1984-12-07,31.5,-25.0,16.198273
1984-12-08,31.5,-25.0,17.937805
1984-12-09,31.5,-25.0,17.91632
1984-12-10,31.5,-25.0,20.48761
1984-12-11,31.5,-25.0,20.145294
1984-12-12,31.5,-25.0,18.867096
1984-12-13,31.5,-25.0,20.02295
1984-12-14,31.5,-25.0,22.162659
1984-12-15,31.5,-25.0,21.235016
1984-12-16,31.5,-25.0,20.165161
1984-12-17,31.5,-25.0,20.378448
1984-12-18,31.5,-25.0,20.426422
1984-12-19,31.5,-25.0,22.599182
1984-12-20,31.5,-25.0,21.836914
1984-12-21,31.5,-25.0,20.709167
1984-12-22,31.5,-25.0,19.769958
1984-12-23,31.5,-25.0,21.406982
1984-12-24,31.5,-25.0,16.277649
1984-12-25,31.5,-25.0,15.776611
1984-12-26,31.5,-25.0,17.25653
1984-12-27,31.5,-25.0,19.953491
1984-12-28,31.5,-25.0,20.48761
1984-12-29,31.5,-25.0,19.717041
1984-12-30,31.5,-25.0,19.571533
1984-12-31,31.5,-25.0,17.83197
1985-01-01,31.5,-25.0,20.17337
1985-01-02,31.5,-25.0,18.83133
1985-01-03,31.5,-25.0,19.261047
1985-01-04,31.5,-25.0,23.21988
1985-01-05,31.5,-25.0,21.712677
1985-01-06,31.5,-25.0,21.969208
1985-01-07,31.5,-25.0,21.834534
1985-01-08,31.5,-25.0,21.13382
1985-01-09,31.5,-25.0,20.867676
1985-01-10,31.5,-25.0,20.633575
1985-01-11,31.5,-25.0,20.35138
1985-01-12,31.5,-25.0,21.157898
1985-01-13,31.5,-25.0,20.56784
1985-01-14,31.5,-25.0,21.137054
1985-01-15,31.5,-25.0,23.109253
1985-01-16,31.5,-25.0,21.73993
1985-01-17,31.5,-25.0,21.454529
1985-01-18,31.5,-25.0,23.195831
1985-01-19,31.5,-25.0,19.325165
1985-01-20,31.5,-25.0,18.943573
1985-01-21,31.5,-25.0,18.98526
1985-01-22,31.5,-25.0,18.015198
1985-01-23,31.5,-25.0,21.263702
1985-01-24,31.5,-25.0,20.737793
1985-01-25,31.5,-25.0,19.421387
1985-01-26,31.5,-25.0,19.610596
1985-01-27,31.5,-25.0,20.354584
1985-01-28,31.5,-25.0,20.37381
1985-01-29,31.5,-25.0,21.509033
1985-01-30,31.5,-25.0,21.446503
1985-01-31,31.5,-25.0,21.972412
1985-02-01,31.5,-25.0,22.146393
1985-02-02,31.5,-25.0,22.919342
1985-02-03,31.5,-25.0,22.225311
1985-02-04,31.5,-25.0,20.66629
1985-02-05,31.5,-25.0,21.505005
1985-02-06,31.5,-25.0,23.180817
1985-02-07,31.5,-25.0,22.36676
1985-02-08,31.5,-25.0,18.498749
1985-02-09,31.5,-25.0,18.12378
1985-02-10,31.5,-25.0,19.723938
1985-02-11,31.5,-25.0,20.506744
1985-02-12,31.5,-25.0,19.638428
1985-02-13,31.5,-25.0,18.827667
1985-02-14,31.5,-25.0,19.695984
1985-02-15,31.5,-25.0,20.475494
1985-02-16,31.5,-25.0,21.299438
1985-02-17,31.5,-25.0,20.47879
1985-02-18,31.5,-25.0,19.521667
1985-02-19,31.5,-25.0,20.227173
1985-02-20,31.5,-25.0,18.992126
1985-02-21,31.5,-25.0,18.258636
1985-02-22,31.5,-25.0,19.209198
1985-02-23,31.5,-25.0,20.730408
1985-02-24,31.5,-25.0,20.815918
1985-02-25,31.5,-25.0,21.705627
1985-02-26,31.5,-25.0,21.215576
1985-02-27,31.5,-25.0,21.16623
1985-02-28,31.5,-25.0,20.65149
1985-03-01,31.5,-25.0,21.587585
1985-03-02,31.5,-25.0,23.819275
1985-03-03,31.5,-25.0,22.937408
1985-03-04,31.5,-25.0,20.443817
1985-03-05,31.5,-25.0,20.274414
1985-03-06,31.5,-25.0,19.032837
1985-03-07,31.5,-25.0,19.079987
1985-03-08,31.5,-25.0,18.531677
1985-03-09,31.5,-25.0,20.506653
1985-03-10,31.5,-25.0,19.216217
1985-03-11,31.5,-25.0,19.048553
1985-03-12,31.5,-25.0,19.570679
1985-03-13,31.5,-25.0,21.690613
1985-03-14,31.5,-25.0,22.099213
1985-03-15,31.5,-25.0,22.935669
1985-03-16,31.5,-25.0,22.92694
1985-03-17,31.5,-25.0,21.287231
1985-03-18,31.5,-25.0,19.965332
1985-03-19,31.5,-25.0,19.960083
1985-03-20,31.5,-25.0,19.055542
1985-03-21,31.5,-25.0,17.670807
1985-03-22,31.5,-25.0,18.97522
1985-03-23,31.5,-25.0,20.085815
1985-03-24,31.5,-25.0,20.506653
1985-03-25,31.5,-25.0,21.138794
1985-03-26,31.5,-25.0,21.15451
1985-03-27,31.5,-25.0,19.642273
1985-03-28,31.5,-25.0,16.177765
1985-03-29,31.5,-25.0,17.820953
1985-03-30,31.5,-25.0,15.021759
1985-03-31,31.5,-25.0,18.526459
1985-04-01,31.5,-25.0,18.428894
1985-04-02,31.5,-25.0,18.967041
1985-04-03,31.5,-25.0,18.521729
1985-04-04,31.5,-25.0,17.084412
1985-04-05,31.5,-25.0,17.615662
1985-04-06,31.5,-25.0,20.700104
1985-04-07,31.5,-25.0,18.083313
1985-04-08,31.5,-25.0,14.374786
1985-04-09,31.5,-25.0,12.8446045
1985-04-10,31.5,-25.0,17.074097
1985-04-11,31.5,-25.0,17.024231
1985-04-12,31.5,-25.0,16.620209
1985-04-13,31.5,-25.0,16.895294
1985-04-14,31.5,-25.0,15.61441
1985-04-15,31.5,-25.0,13.087036
1985-04-16,31.5,-25.0,14.02063
1985-04-17,31.5,-25.0,15.299774
1985-04-18,31.5,-25.0,15.664276
1985-04-19,31.5,-25.0,17.72226
1985-04-20,31.5,-25.0,18.059265
1985-04-21,31.5,-25.0,16.812775
1985-04-22,31.5,-25.0,14.404022
1985-04-23,31.5,-25.0,16.303833
1985-04-24,31.5,-25.0,18.757294
1985-04-25,31.5,-25.0,18.972198
1985-04-26,31.5,-25.0,18.939545
1985-04-27,31.5,-25.0,17.096436
1985-04-28,31.5,-25.0,16.544556
1985-04-29,31.5,-25.0,17.646606
1985-04-30,31.5,-25.0,18.389343
1985-05-01,31.5,-25.0,18.568695
1985-05-02,31.5,-25.0,17.401886
1985-05-03,31.5,-25.0,16.995728
1985-05-04,31.5,-25.0,17.493866
1985-05-05,31.5,-25.0,13.397614
1985-05-06,31.5,-25.0,13.395691
1985-05-07,31.5,-25.0,13.115967
1985-05-08,31.5,-25.0,15.4534
1985-05-09,31.5,-25.0,18.241089
1985-05-10,31.5,-25.0,16.396027
1985-05-11,31.5,-25.0,16.054993
1985-05-12,31.5,-25.0,15.27713
1985-05-13,31.5,-25.0,15.395905
1985-05-14,31.5,-25.0,12.453033
1985-05-15,31.5,-25.0,9.220856
1985-05-16,31.5,-25.0,8.144104
1985-05-17,31.5,-25.0,7.91803
1985-05-18,31.5,-25.0,8.515808
1985-05-19,31.5,-25.0,8.011902
1985-05-20,31.5,-25.0,8.879822
1985-05-21,31.5,-25.0,9.255341
1985-05-22,31.5,-25.0,11.219177
1985-05-23,31.5,-25.0,11.90509
1985-05-24,31.5,-25.0,12.876465
1985-05-25,31.5,-25.0,11.801636
1985-05-26,31.5,-25.0,10.2344055
1985-05-27,31.5,-25.0,9.519745
1985-05-28,31.5,-25.0,9.981476
1985-05-29,31.5,-25.0,9.556152
1985-05-30,31.5,-25.0,12.133087
1985-05-31,31.5,-25.0,10.479645
1985-06-01,31.5,-25.0,12.531952
1985-06-02,31.5,-25.0,8.980225
1985-06-03,31.5,-25.0,7.37973
1985-06-04,31.5,-25.0,8.773224
1985-06-05,31.5,-25.0,10.678467
1985-06-06,31.5,-25.0,10.26062
1985-06-07,31.5,-25.0,9.051147
1985-06-08,31.5,-25.0,8.9878845
1985-06-09,31.5,-25.0,9.306061
1985-06-10,31.5,-25.0,9.279236
1985-06-11,31.5,-25.0,10.132202
1985-06-12,31.5,-25.0,7.839752
1985-06-13,31.5,-25.0,8.539368
1985-06-14,31.5,-25.0,15.69458
1985-06-15,31.5,-25.0,14.002075
1985-06-16,31.5,-25.0,11.385742
1985-06-17,31.5,-25.0,12.8750305
1985-06-18,31.5,-25.0,9.306061
1985-06-19,31.5,-25.0,9.967346
1985-06-20,31.5,-25.0,12.777283
1985-06-21,31.5,-25.0,10.20694
1985-06-22,31.5,-25.0,10.425446
1985-06-23,31.5,-25.0,9.158478
1985-06-24,31.5,-25.0,12.942139
1985-06-25,31.5,-25.0,14.665283
1985-06-26,31.5,-25.0,15.579559
1985-06-27,31.5,-25.0,13.624481
1985-06-28,31.5,-25.0,10.24527
1985-06-29,31.5,-25.0,13.321655
1985-06-30,31.5,-25.0,11.40683
1985-07-01,31.5,-25.0,10.876556
1985-07-02,31.5,-25.0,10.202637
1985-07-03,31.5,-25.0,8.569122
1985-07-04,31.5,-25.0,8.994751
1985-07-05,31.5,-25.0,10.226288
1985-07-06,31.5,-25.0,10.553406
1985-07-07,31.5,-25.0,12.11795
1985-07-08,31.5,-25.0,15.664825
1985-07-09,31.5,-25.0,12.1041565
1985-07-10,31.5,-25.0,14.634247
1985-07-11,31.5,-25.0,11.449951
1985-07-12,31.5,-25.0,7.5740356
1985-07-13,31.5,-25.0,6.9710693
1985-07-14,31.5,-25.0,11.788879
1985-07-15,31.5,-25.0,8.83316
1985-07-16,31.5,-25.0,10.644043
1985-07-17,31.5,-25.0,9.611511
1985-07-18,31.5,-25.0,7.914917
1985-07-19,31.5,-25.0,7.3296814
1985-07-20,31.5,-25.0,6.714905
1985-07-21,31.5,-25.0,8.238098
1985-07-22,31.5,-25.0,9.258789
1985-07-23,31.5,-25.0,10.821381
1985-07-24,31.5,-25.0,7.8282166
1985-07-25,31.5,-25.0,9.243042
1985-07-26,31.5,-25.0,9.27652
1985-07-27,31.5,-25.0,12.63028
1985-07-28,31.5,-25.0,10.090332
1985-07-29,31.5,-25.0,12.858856
1985-07-30,31.5,-25.0,10.577026
1985-07-31,31.5,-25.0,11.514984
1985-08-01,31.5,-25.0,11.712097
1985-08-02,31.5,-25.0,10.718353
1985-08-03,31.5,-25.0,11.773712
1985-08-04,31.5,-25.0,12.029877
1985-08-05,31.5,-25.0,9.381805
1985-08-06,31.5,-25.0,12.559479
1985-08-07,31.5,-25.0,13.514709
1985-08-08,31.5,-25.0,13.899872
1985-08-09,31.5,-25.0,15.875793
1985-08-10,31.5,-25.0,12.857971
1985-08-11,31.5,-25.0,10.392883
1985-08-12,31.5,-25.0,11.534912
1985-08-13,31.5,-25.0,14.344757
1985-08-14,31.5,-25.0,12.135773
1985-08-15,31.5,-25.0,13.077545
1985-08-16,31.5,-25.0,14.481476
1985-08-17,31.5,-25.0,11.810303
1985-08-18,31.5,-25.0,11.731354
1985-08-19,31.5,-25.0,13.447296
1985-08-20,31.5,-25.0,11.290344
1985-08-21,31.5,-25.0,13.99231
1985-08-22,31.5,-25.0,10.165619
1985-08-23,31.5,-25.0,12.746277
1985-08-24,31.5,-25.0,12.992798
1985-08-25,31.5,-25.0,13.433807
1985-08-26,31.5,-25.0,9.630249
1985-08-27,31.5,-25.0,7.220978
1985-08-28,31.5,-25.0,7.548401
1985-08-29,31.5,-25.0,8.732788
1985-08-30,31.5,-25.0,10.94754
1985-08-31,31.5,-25.0,13.279755
1985-09-01,31.5,-25.0,12.915314
1985-09-02,31.5,-25.0,11.547211
1985-09-03,31.5,-25.0,12.443359
1985-09-04,31.5,-25.0,13.440521
1985-09-05,31.5,-25.0,16.268585
1985-09-06,31.5,-25.0,15.00882
1985-09-07,31.5,-25.0,16.582611
1985-09-08,31.5,-25.0,14.314636
1985-09-09,31.5,-25.0,13.501129
1985-09-10,31.5,-25.0,13.330353
1985-09-11,31.5,-25.0,18.033356
1985-09-12,31.5,-25.0,15.770905
1985-09-13,31.5,-25.0,13.442352
1985-09-14,31.5,-25.0,14.2283325
1985-09-15,31.5,-25.0,14.700287
1985-09-16,31.5,-25.0,15.291626
1985-09-17,31.5,-25.0,14.024506
1985-09-18,31.5,-25.0,11.416809
1985-09-19,31.5,-25.0,13.739868
1985-09-20,31.5,-25.0,15.550537
1985-09-21,31.5,-25.0,13.72699
1985-09-22,31.5,-25.0,13.097107
1985-09-23,31.5,-25.0,12.424988
1985-09-24,31.5,-25.0,17.469574
1985-09-25,31.5,-25.0,18.39328
1985-09-26,31.5,-25.0,18.36023
1985-09-27,31.5,-25.0,17.981934
1985-09-28,31.5,-25.0,15.388947
1985-09-29,31.5,-25.0,19.774261
1985-09-30,31.5,-25.0,19.234344
1985-10-01,31.5,-25.0,17.434784
1985-10-02,31.5,-25.0,20.307037
1985-10-03,31.5,-25.0,20.513306
1985-10-04,31.5,-25.0,18.77127
1985-10-05,31.5,-25.0,17.893219
1985-10-06,31.5,-25.0,17.794464
1985-10-07,31.5,-25.0,17.452393
1985-10-08,31.5,-25.0,15.359497
1985-10-09,31.5,-25.0,17.588165
1985-10-10,31.5,-25.0,16.059479
1985-10-11,31.5,-25.0,14.897522
1985-10-12,31.5,-25.0,13.398804
1985-10-13,31.5,-25.0,16.75241
1985-10-14,31.5,-25.0,20.06195
1985-10-15,31.5,-25.0,18.111847
1985-10-16,31.5,-25.0,18.099487
1985-10-17,31.5,-25.0,17.926697
1985-10-18,31.5,-25.0,18.150635
1985-10-19,31.5,-25.0,17.68866
1985-10-20,31.5,-25.0,17.69748
1985-10-21,31.5,-25.0,15.017426
1985-10-22,31.5,-25.0,16.978088
1985-10-23,31.5,-25.0,16.119415
1985-10-24,31.5,-25.0,17.219666
1985-10-25,31.5,-25.0,18.115356
1985-10-26,31.5,-25.0,19.398987
1985-10-27,31.5,-25.0,19.16095
1985-10-28,31.5,-25.0,18.931732
1985-10-29,31.5,-25.0,19.792175
1985-10-30,31.5,-25.0,18.506805
1985-10-31,31.5,-25.0,18.302277
1985-11-01,31.5,-25.0,18.730957
1985-11-02,31.5,-25.0,19.085052
1985-11-03,31.5,-25.0,16.840912
1985-11-04,31.5,-25.0,19.945892
1985-11-05,31.5,-25.0,19.498932
1985-11-06,31.5,-25.0,20.715454
1985-11-07,31.5,-25.0,21.223755
1985-11-08,31.5,-25.0,20.47467
1985-11-09,31.5,-25.0,17.634064
1985-11-10,31.5,-25.0,16.990417
1985-11-11,31.5,-25.0,15.267151
1985-11-12,31.5,-25.0,15.511078
1985-11-13,31.5,-25.0,14.50705
1985-11-14,31.5,-25.0,14.636078
1985-11-15,31.5,-25.0,15.806946
1985-11-16,31.5,-25.0,18.03064
1985-11-17,31.5,-25.0,19.094482
1985-11-18,31.5,-25.0,19.015808
1985-11-19,31.5,-25.0,19.059875
1985-11-20,31.5,-25.0,17.682861
1985-11-21,31.5,-25.0,16.614288
1985-11-22,31.5,-25.0,19.854614
1985-11-23,31.5,-25.0,20.603699
1985-11-24,31.5,-25.0,21.299316
1985-11-25,31.5,-25.0,21.686432
1985-11-26,31.5,-25.0,20.054474
1985-11-27,31.5,-25.0,19.546143
1985-11-28,31.5,-25.0,18.866302
1985-11-29,31.5,-25.0,18.351685
1985-11-30,31.5,-25.0,16.167328
1985-12-01,31.5,-25.0,16.136078
1985-12-02,31.5,-25.0,16.141052
1985-12-03,31.5,-25.0,18.263336
1985-12-04,31.5,-25.0,20.508026
1985-12-05,31.5,-25.0,20.124237
1985-12-06,31.5,-25.0,18.39566
1985-12-07,31.5,-25.0,20.253265
1985-12-08,31.5,-25.0,20.076294
1985-12-09,31.5,-25.0,21.91571
1985-12-10,31.5,-25.0,23.07196
1985-12-11,31.5,-25.0,19.801697
1985-12-12,31.5,-25.0,19.406342
1985-12-13,31.5,-25.0,18.374146
1985-12-14,31.5,-25.0,20.364105
1985-12-15,31.5,-25.0,19.507263
1985-12-16,31.5,-25.0,19.907562
1985-12-17,31.5,-25.0,20.653595
1985-12-18,31.5,-25.0,20.001831
1985-12-19,31.5,-25.0,19.183044
1985-12-20,31.5,-25.0,18.704987
1985-12-21,31.5,-25.0,17.249329
1985-12-22,31.5,-25.0,18.670258
1985-12-23,31.5,-25.0,17.510681
1985-12-24,31.5,-25.0,17.91925
1985-12-25,31.5,-25.0,20.911621
1985-12-26,31.5,-25.0,20.714783
1985-12-27,31.5,-25.0,20.546051
1985-12-28,31.5,-25.0,21.30365
1985-12-29,31.5,-25.0,21.659302
1985-12-30,31.5,-25.0,22.582336
1985-12-31,31.5,-25.0,22.317657
1986-01-01,31.5,-25.0,20.591492
1986-01-02,31.5,-25.0,19.530853
1986-01-03,31.5,-25.0,20.434235
1986-01-04,31.5,-25.0,21.448029
1986-01-05,31.5,-25.0,20.146484
1986-01-06,31.5,-25.0,19.507416
1986-01-07,31.5,-25.0,20.113037
1986-01-08,31.5,-25.0,19.209656
1986-01-09,31.5,-25.0,18.132263
1986-01-10,31.5,-25.0,16.815674
1986-01-11,31.5,-25.0,18.642517
1986-01-12,31.5,-25.0,16.939453
1986-01-13,31.5,-25.0,19.862091
1986-01-14,31.5,-25.0,21.125153
1986-01-15,31.5,-25.0,21.918121
1986-01-16,31.5,-25.0,20.507843
1986-01-17,31.5,-25.0,21.427948
1986-01-18,31.5,-25.0,21.197083
1986-01-19,31.5,-25.0,20.019348
1986-01-20,31.5,-25.0,19.908936
1986-01-21,31.5,-25.0,20.118042
1986-01-22,31.5,-25.0,19.723236
1986-01-23,31.5,-25.0,18.983795
1986-01-24,31.5,-25.0,19.062439
1986-01-25,31.5,-25.0,20.400787
1986-01-26,31.5,-25.0,20.999695
1986-01-27,31.5,-25.0,21.48819
1986-01-28,31.5,-25.0,21.77594
1986-01-29,31.5,-25.0,21.617004
1986-01-30,31.5,-25.0,21.26233
1986-01-31,31.5,-25.0,20.211731
1986-02-01,31.5,-25.0,21.519257
1986-02-02,31.5,-25.0,21.056976
1986-02-03,31.5,-25.0,19.980438
1986-02-04,31.5,-25.0,19.752441
1986-02-05,31.5,-25.0,21.652252
1986-02-06,31.5,-25.0,21.410034
1986-02-07,31.5,-25.0,19.765106
1986-02-08,31.5,-25.0,22.298187
1986-02-09,31.5,-25.0,22.511902
1986-02-10,31.5,-25.0,20.830597
1986-02-11,31.5,-25.0,21.604767
1986-02-12,31.5,-25.0,21.315033
1986-02-13,31.5,-25.0,20.827423
1986-02-14,31.5,-25.0,20.05957
1986-02-15,31.5,-25.0,20.111816
1986-02-16,31.5,-25.0,20.529785
1986-02-17,31.5,-25.0,20.233734
1986-02-18,31.5,-25.0,20.716614
1986-02-19,31.5,-25.0,19.367737
1986-02-20,31.5,-25.0,18.145538
1986-02-21,31.5,-25.0,18.731293
1986-02-22,31.5,-25.0,22.83014
1986-02-23,31.5,-25.0,21.92456
1986-02-24,31.5,-25.0,20.515533
1986-02-25,31.5,-25.0,19.557709
1986-02-26,31.5,-25.0,17.55185
1986-02-27,31.5,-25.0,15.935425
1986-02-28,31.5,-25.0,16.383453
1986-03-01,31.5,-25.0,18.424286
1986-03-02,31.5,-25.0,17.434387
1986-03-03,31.5,-25.0,20.526276
1986-03-04,31.5,-25.0,21.253876
1986-03-05,31.5,-25.0,18.797974
1986-03-06,31.5,-25.0,20.012451
1986-03-07,31.5,-25.0,20.648438
1986-03-08,31.5,-25.0,19.43396
1986-03-09,31.5,-25.0,19.595642
1986-03-10,31.5,-25.0,21.604218
1986-03-11,31.5,-25.0,22.38211
1986-03-12,31.5,-25.0,22.157532
1986-03-13,31.5,-25.0,22.026398
1986-03-14,31.5,-25.0,21.025726
1986-03-15,31.5,-25.0,22.68393
1986-03-16,31.5,-25.0,23.587616
1986-03-17,31.5,-25.0,21.801819
1986-03-18,31.5,-25.0,21.7641
1986-03-19,31.5,-25.0,20.211884
1986-03-20,31.5,-25.0,18.62912
1986-03-21,31.5,-25.0,16.559479
1986-03-22,31.5,-25.0,17.376892
1986-03-23,31.5,-25.0,19.89389
1986-03-24,31.5,-25.0,15.522858
1986-03-25,31.5,-25.0,15.407867
1986-03-26,31.5,-25.0,12.984314
1986-03-27,31.5,-25.0,14.126923
1986-03-28,31.5,-25.0,12.450745
1986-03-29,31.5,-25.0,17.357147
1986-03-30,31.5,-25.0,17.684113
1986-03-31,31.5,-25.0,18.09195
1986-04-01,31.5,-25.0,16.469421
1986-04-02,31.5,-25.0,14.648834
1986-04-03,31.5,-25.0,16.76001
1986-04-04,31.5,-25.0,15.160034
1986-04-05,31.5,-25.0,16.245209
1986-04-06,31.5,-25.0,18.203918
1986-04-07,31.5,-25.0,19.034393
1986-04-08,31.5,-25.0,19.124054
1986-04-09,31.5,-25.0,17.678375
1986-04-10,31.5,-25.0,17.78778
1986-04-11,31.5,-25.0,20.112396
1986-04-12,31.5,-25.0,20.460358
1986-04-13,31.5,-25.0,19.27832
1986-04-14,31.5,-25.0,18.029938
1986-04-15,31.5,-25.0,17.841583
1986-04-16,31.5,-25.0,19.115112
1986-04-17,31.5,-25.0,19.19403
1986-04-18,31.5,-25.0,18.860413
1986-04-19,31.5,-25.0,20.438843
1986-04-20,31.5,-25.0,19.398499
1986-04-21,31.5,-25.0,18.417358
1986-04-22,31.5,-25.0,17.513336
1986-04-23,31.5,-25.0,16.629059
1986-04-24,31.5,-25.0,13.764557
1986-04-25,31.5,-25.0,16.20935
1986-04-26,31.5,-25.0,16.519653
1986-04-27,31.5,-25.0,16.16809
1986-04-28,31.5,-25.0,15.985138
1986-04-29,31.5,-25.0,15.131348
1986-04-30,31.5,-25.0,15.084686
1986-05-01,31.5,-25.0,18.919434
1986-05-02,31.5,-25.0,18.325317
1986-05-03,31.5,-25.0,16.312988
1986-05-04,31.5,-25.0,15.93927
1986-05-05,31.5,-25.0,11.648224
1986-05-06,31.5,-25.0,9.323517
1986-05-07,31.5,-25.0,9.977051
1986-05-08,31.5,-25.0,12.865204
1986-05-09,31.5,-25.0,13.783203
1986-05-10,31.5,-25.0,16.027435
1986-05-11,31.5,-25.0,14.890961
1986-05-12,31.5,-25.0,14.239349
1986-05-13,31.5,-25.0,15.780212
1986-05-14,31.5,-25.0,13.601135
1986-05-15,31.5,-25.0,13.735291
1986-05-16,31.5,-25.0,15.88562
1986-05-17,31.5,-25.0,14.9522705
1986-05-18,31.5,-25.0,14.733795
1986-05-19,31.5,-25.0,14.181854
1986-05-20,31.5,-25.0,11.542816
1986-05-21,31.5,-25.0,11.755554
1986-05-22,31.5,-25.0,12.501068
1986-05-23,31.5,-25.0,11.895447
1986-05-24,31.5,-25.0,14.390747
1986-05-25,31.5,-25.0,13.70462
1986-05-26,31.5,-25.0,12.361176
1986-05-27,31.5,-25.0,9.48642
1986-05-28,31.5,-25.0,11.506409
1986-05-29,31.5,-25.0,11.343506
1986-05-30,31.5,-25.0,11.468079
1986-05-31,31.5,-25.0,12.182922
1986-06-01,31.5,-25.0,11.899353
1986-06-02,31.5,-25.0,12.500336
1986-06-03,31.5,-25.0,12.365906
1986-06-04,31.5,-25.0,14.469452
1986-06-05,31.5,-25.0,10.191223
1986-06-06,31.5,-25.0,9.778015
1986-06-07,31.5,-25.0,10.149689
1986-06-08,31.5,-25.0,11.23111
1986-06-09,31.5,-25.0,9.115723
1986-06-10,31.5,-25.0,8.014526
1986-06-11,31.5,-25.0,8.562164
1986-06-12,31.5,-25.0,8.777649
1986-06-13,31.5,-25.0,9.746399
1986-06-14,31.5,-25.0,10.8020935
1986-06-15,31.5,-25.0,13.200195
1986-06-16,31.5,-25.0,13.372223
1986-06-17,31.5,-25.0,10.734894
1986-06-18,31.5,-25.0,9.9599
1986-06-19,31.5,-25.0,11.181702
1986-06-20,31.5,-25.0,9.975708
1986-06-21,31.5,-25.0,9.635681
1986-06-22,31.5,-25.0,11.009705
1986-06-23,31.5,-25.0,9.026764
1986-06-24,31.5,-25.0,9.028748
1986-06-25,31.5,-25.0,10.891083
1986-06-26,31.5,-25.0,8.807312
1986-06-27,31.5,-25.0,11.527679
1986-06-28,31.5,-25.0,10.746735
1986-06-29,31.5,-25.0,9.72464
1986-06-30,31.5,-25.0,10.183289
1986-07-01,31.5,-25.0,10.233673
1986-07-02,31.5,-25.0,9.572571
1986-07-03,31.5,-25.0,9.883087
1986-07-04,31.5,-25.0,9.368225
1986-07-05,31.5,-25.0,11.417633
1986-07-06,31.5,-25.0,9.590607
1986-07-07,31.5,-25.0,8.68512
1986-07-08,31.5,-25.0,9.420319
1986-07-09,31.5,-25.0,8.869415
1986-07-10,31.5,-25.0,9.680756
1986-07-11,31.5,-25.0,9.600616
1986-07-12,31.5,-25.0,14.0980835
1986-07-13,31.5,-25.0,14.062042
1986-07-14,31.5,-25.0,10.053375
1986-07-15,31.5,-25.0,11.9765625
1986-07-16,31.5,-25.0,14.2323
1986-07-17,31.5,-25.0,11.509796
1986-07-18,31.5,-25.0,11.131165
1986-07-19,31.5,-25.0,8.546875
1986-07-20,31.5,-25.0,7.5772705
1986-07-21,31.5,-25.0,6.759918
1986-07-22,31.5,-25.0,9.081757
1986-07-23,31.5,-25.0,9.13385
1986-07-24,31.5,-25.0,9.392273
1986-07-25,31.5,-25.0,11.409637
1986-07-26,31.5,-25.0,11.916473
1986-07-27,31.5,-25.0,13.432983
1986-07-28,31.5,-25.0,7.9819336
1986-07-29,31.5,-25.0,8.194305
1986-07-30,31.5,-25.0,8.853394
1986-07-31,31.5,-25.0,9.181946
1986-08-01,31.5,-25.0,10.215118
1986-08-02,31.5,-25.0,8.108368
1986-08-03,31.5,-25.0,9.054932
1986-08-04,31.5,-25.0,10.854004
1986-08-05,31.5,-25.0,12.051422
1986-08-06,31.5,-25.0,12.343414
1986-08-07,31.5,-25.0,12.682465
1986-08-08,31.5,-25.0,11.786865
1986-08-09,31.5,-25.0,9.868256
1986-08-10,31.5,-25.0,11.218506
1986-08-11,31.5,-25.0,13.942596
1986-08-12,31.5,-25.0,12.251312
1986-08-13,31.5,-25.0,11.234192
1986-08-14,31.5,-25.0,12.265045
1986-08-15,31.5,-25.0,12.682465
1986-08-16,31.5,-25.0,12.672668
1986-08-17,31.5,-25.0,13.772095
1986-08-18,31.5,-25.0,15.036133
1986-08-19,31.5,-25.0,14.075867
1986-08-20,31.5,-25.0,14.201294
1986-08-21,31.5,-25.0,11.618317
1986-08-22,31.5,-25.0,8.670837
1986-08-23,31.5,-25.0,9.950562
1986-08-24,31.5,-25.0,11.841736
1986-08-25,31.5,-25.0,15.865112
1986-08-26,31.5,-25.0,16.944946
1986-08-27,31.5,-25.0,16.621582
1986-08-28,31.5,-25.0,15.469238
1986-08-29,31.5,-25.0,15.729889
1986-08-30,31.5,-25.0,14.959717
1986-08-31,31.5,-25.0,14.693176
1986-09-01,31.5,-25.0,12.120087
1986-09-02,31.5,-25.0,12.073334
1986-09-03,31.5,-25.0,15.716278
1986-09-04,31.5,-25.0,13.122467
1986-09-05,31.5,-25.0,10.5660095
1986-09-06,31.5,-25.0,12.185547
1986-09-07,31.5,-25.0,13.711548
1986-09-08,31.5,-25.0,14.758789
1986-09-09,31.5,-25.0,15.547974
1986-09-10,31.5,-25.0,14.5269165
1986-09-11,31.5,-25.0,14.010742
1986-09-12,31.5,-25.0,16.705566
1986-09-13,31.5,-25.0,16.09967
1986-09-14,31.5,-25.0,14.663422
1986-09-15,31.5,-25.0,16.178192
1986-09-16,31.5,-25.0,17.431183
1986-09-17,31.5,-25.0,15.583527
1986-09-18,31.5,-25.0,13.62738
1986-09-19,31.5,-25.0,14.446503
1986-09-20,31.5,-25.0,16.653229
1986-09-21,31.5,-25.0,13.35434
1986-09-22,31.5,-25.0,14.154755
1986-09-23,31.5,-25.0,14.49884
1986-09-24,31.5,-25.0,18.455994
1986-09-25,31.5,-25.0,15.067352
1986-09-26,31.5,-25.0,13.575012
1986-09-27,31.5,-25.0,13.922852
1986-09-28,31.5,-25.0,14.152893
1986-09-29,31.5,-25.0,14.833588
1986-09-30,31.5,-25.0,15.003784
1986-10-01,31.5,-25.0,12.668488
1986-10-02,31.5,-25.0,16.39569
1986-10-03,31.5,-25.0,14.523132
1986-10-04,31.5,-25.0,13.033691
1986-10-05,31.5,-25.0,17.095673
1986-10-06,31.5,-25.0,19.11145
1986-10-07,31.5,-25.0,15.878326
1986-10-08,31.5,-25.0,13.567169
1986-10-09,31.5,-25.0,13.876862
1986-10-10,31.5,-25.0,17.598724
1986-10-11,31.5,-25.0,15.586517
1986-10-12,31.5,-25.0,14.417511
1986-10-13,31.5,-25.0,14.338745
1986-10-14,31.5,-25.0,15.785248
1986-10-15,31.5,-25.0,19.070251
1986-10-16,31.5,-25.0,19.342377
1986-10-17,31.5,-25.0,18.594055
1986-10-18,31.5,-25.0,16.63916
1986-10-19,31.5,-25.0,20.663544
1986-10-20,31.5,-25.0,20.113953
1986-10-21,31.5,-25.0,19.90271
1986-10-22,31.5,-25.0,19.770233
1986-10-23,31.5,-25.0,19.60376
1986-10-24,31.5,-25.0,18.475922
1986-10-25,31.5,-25.0,18.733704
1986-10-26,31.5,-25.0,18.51889
1986-10-27,31.5,-25.0,20.855103
1986-10-28,31.5,-25.0,14.950989
1986-10-29,31.5,-25.0,14.11676
1986-10-30,31.5,-25.0,16.24353
1986-10-31,31.5,-25.0,18.080292
1986-11-01,31.5,-25.0,17.054077
1986-11-02,31.5,-25.0,15.138245
1986-11-03,31.5,-25.0,14.122162
1986-11-04,31.5,-25.0,17.802368
1986-11-05,31.5,-25.0,17.894196
1986-11-06,31.5,-25.0,18.556793
1986-11-07,31.5,-25.0,18.35785
1986-11-08,31.5,-25.0,17.381561
1986-11-09,31.5,-25.0,16.120636
1986-11-10,31.5,-25.0,15.15506
1986-11-11,31.5,-25.0,14.250702
1986-11-12,31.5,-25.0,15.458069
1986-11-13,31.5,-25.0,15.164246
1986-11-14,31.5,-25.0,18.891907
1986-11-15,31.5,-25.0,19.468811
1986-11-16,31.5,-25.0,18.233887
1986-11-17,31.5,-25.0,16.934723
1986-11-18,31.5,-25.0,16.726624
1986-11-19,31.5,-25.0,18.402222
1986-11-20,31.5,-25.0,19.465729
1986-11-21,31.5,-25.0,17.937042
1986-11-22,31.5,-25.0,16.982178
1986-11-23,31.5,-25.0,19.874298
1986-11-24,31.5,-25.0,19.461151
1986-11-25,31.5,-25.0,18.819977
1986-11-26,31.5,-25.0,19.490234
1986-11-27,31.5,-25.0,20.47876
1986-11-28,31.5,-25.0,19.658539
1986-11-29,31.5,-25.0,17.679962
1986-11-30,31.5,-25.0,17.62027
1986-12-01,31.5,-25.0,18.609161
1986-12-02,31.5,-25.0,22.233154
1986-12-03,31.5,-25.0,21.86676
1986-12-04,31.5,-25.0,22.905151
1986-12-05,31.5,-25.0,21.676361
1986-12-06,31.5,-25.0,20.434784
1986-12-07,31.5,-25.0,22.197968
1986-12-08,31.5,-25.0,20.258759
1986-12-09,31.5,-25.0,20.047577
1986-12-10,31.5,-25.0,18.077972
1986-12-11,31.5,-25.0,16.722778
1986-12-12,31.5,-25.0,14.757996
1986-12-13,31.5,-25.0,17.345184
1986-12-14,31.5,-25.0,17.59317
1986-12-15,31.5,-25.0,19.109985
1986-12-16,31.5,-25.0,21.332367
1986-12-17,31.5,-25.0,18.317963
1986-12-18,31.5,-25.0,17.389984
1986-12-19,31.5,-25.0,16.410767
1986-12-20,31.5,-25.0,19.253967
1986-12-21,31.5,-25.0,17.924377
1986-12-22,31.5,-25.0,18.249176
1986-12-23,31.5,-25.0,20.82837
1986-12-24,31.5,-25.0,21.813965
1986-12-25,31.5,-25.0,23.895569
1986-12-26,31.5,-25.0,23.177155
1986-12-27,31.5,-25.0,23.633148
1986-12-28,31.5,-25.0,21.876373
1986-12-29,31.5,-25.0,20.79477
1986-12-30,31.5,-25.0,19.991577
1986-12-31,31.5,-25.0,20.205963
1987-01-01,31.5,-25.0,20.989868
1987-01-02,31.5,-25.0,19.754608
1987-01-03,31.5,-25.0,19.160065
1987-01-04,31.5,-25.0,18.88501
1987-01-05,31.5,-25.0,18.131561
1987-01-06,31.5,-25.0,18.555267
1987-01-07,31.5,-25.0,20.613983
1987-01-08,31.5,-25.0,19.231812
1987-01-09,31.5,-25.0,21.33496
1987-01-10,31.5,-25.0,21.239288
1987-01-11,31.5,-25.0,21.608337
1987-01-12,31.5,-25.0,22.264404
1987-01-13,31.5,-25.0,21.413574
1987-01-14,31.5,-25.0,22.852112
1987-01-15,31.5,-25.0,21.861176
1987-01-16,31.5,-25.0,21.389648
1987-01-17,31.5,-25.0,21.598083
1987-01-18,31.5,-25.0,21.673248
1987-01-19,31.5,-25.0,20.048492
1987-01-20,31.5,-25.0,23.204071
1987-01-21,31.5,-25.0,22.194336
1987-01-22,31.5,-25.0,21.434082
1987-01-23,31.5,-25.0,22.066223
1987-01-24,31.5,-25.0,20.791687
1987-01-25,31.5,-25.0,19.337738
1987-01-26,31.5,-25.0,18.93454
1987-01-27,31.5,-25.0,18.257996
1987-01-28,31.5,-25.0,18.779083
1987-01-29,31.5,-25.0,22.201172
1987-01-30,31.5,-25.0,20.291077
1987-01-31,31.5,-25.0,21.317902
1987-02-01,31.5,-25.0,20.955719
1987-02-02,31.5,-25.0,20.610168
1987-02-03,31.5,-25.0,21.930145
1987-02-04,31.5,-25.0,23.284515
1987-02-05,31.5,-25.0,22.984833
1987-02-06,31.5,-25.0,21.296356
1987-02-07,31.5,-25.0,22.41983
1987-02-08,31.5,-25.0,21.5289
1987-02-09,31.5,-25.0,19.977997
1987-02-10,31.5,-25.0,21.917053
1987-02-11,31.5,-25.0,21.18335
1987-02-12,31.5,-25.0,21.363495
1987-02-13,31.5,-25.0,20.759186
1987-02-14,31.5,-25.0,21.759827
1987-02-15,31.5,-25.0,22.83252
1987-02-16,31.5,-25.0,23.271423
1987-02-17,31.5,-25.0,21.840088
1987-02-18,31.5,-25.0,21.099823
1987-02-19,31.5,-25.0,20.428375
1987-02-20,31.5,-25.0,24.917328
1987-02-21,31.5,-25.0,23.743073
1987-02-22,31.5,-25.0,23.017578
1987-02-23,31.5,-25.0,22.598328
1987-02-24,31.5,-25.0,24.484955
1987-02-25,31.5,-25.0,23.492523
1987-02-26,31.5,-25.0,23.44339
1987-02-27,31.5,-25.0,23.135498
1987-02-28,31.5,-25.0,22.12503
1987-03-01,31.5,-25.0,22.428162
1987-03-02,31.5,-25.0,20.997864
1987-03-03,31.5,-25.0,20.038605
1987-03-04,31.5,-25.0,21.5448
1987-03-05,31.5,-25.0,21.179016
1987-03-06,31.5,-25.0,22.093445
1987-03-07,31.5,-25.0,22.019257
1987-03-08,31.5,-25.0,21.323944
1987-03-09,31.5,-25.0,21.960602
1987-03-10,31.5,-25.0,21.365356
1987-03-11,31.5,-25.0,20.861572
1987-03-12,31.5,-25.0,20.057587
1987-03-13,31.5,-25.0,20.012726
1987-03-14,31.5,-25.0,20.884003
1987-03-15,31.5,-25.0,21.656952
1987-03-16,31.5,-25.0,22.9906
1987-03-17,31.5,-25.0,21.68454
1987-03-18,31.5,-25.0,21.860535
1987-03-19,31.5,-25.0,21.26358
1987-03-20,31.5,-25.0,22.699036
1987-03-21,31.5,-25.0,21.156616
1987-03-22,31.5,-25.0,21.418854
1987-03-23,31.5,-25.0,21.12381
1987-03-24,31.5,-25.0,20.637299
1987-03-25,31.5,-25.0,19.967865
1987-03-26,31.5,-25.0,19.244965
1987-03-27,31.5,-25.0,19.339844
1987-03-28,31.5,-25.0,18.754974
1987-03-29,31.5,-25.0,17.73706
1987-03-30,31.5,-25.0,18.568634
1987-03-31,31.5,-25.0,20.752869
1987-04-01,31.5,-25.0,20.21753
1987-04-02,31.5,-25.0,21.683777
1987-04-03,31.5,-25.0,21.404144
1987-04-04,31.5,-25.0,20.879822
1987-04-05,31.5,-25.0,21.001251
1987-04-06,31.5,-25.0,19.967346
1987-04-07,31.5,-25.0,22.092194
1987-04-08,31.5,-25.0,22.519012
1987-04-09,31.5,-25.0,22.511627
1987-04-10,31.5,-25.0,20.837524
1987-04-11,31.5,-25.0,20.226746
1987-04-12,31.5,-25.0,19.349213
1987-04-13,31.5,-25.0,16.913452
1987-04-14,31.5,-25.0,18.164429
1987-04-15,31.5,-25.0,19.507416
1987-04-16,31.5,-25.0,18.447754
1987-04-17,31.5,-25.0,17.23172
1987-04-18,31.5,-25.0,15.778351
1987-04-19,31.5,-25.0,14.223816
1987-04-20,31.5,-25.0,14.35257
1987-04-21,31.5,-25.0,14.670837
1987-04-22,31.5,-25.0,16.551025
1987-04-23,31.5,-25.0,18.19754
1987-04-24,31.5,-25.0,19.902954
1987-04-25,31.5,-25.0,17.27771
1987-04-26,31.5,-25.0,17.034851
1987-04-27,31.5,-25.0,15.016724
1987-04-28,31.5,-25.0,16.626434
1987-04-29,31.5,-25.0,18.05957
1987-04-30,31.5,-25.0,16.998077
1987-05-01,31.5,-25.0,14.391449
1987-05-02,31.5,-25.0,14.859283
1987-05-03,31.5,-25.0,15.9991455
1987-05-04,31.5,-25.0,15.161896
1987-05-05,31.5,-25.0,14.760864
1987-05-06,31.5,-25.0,15.7039795
1987-05-07,31.5,-25.0,15.468201
1987-05-08,31.5,-25.0,18.919434
1987-05-09,31.5,-25.0,17.389679
1987-05-10,31.5,-25.0,15.869202
1987-05-11,31.5,-25.0,16.624786
1987-05-12,31.5,-25.0,17.580902
1987-05-13,31.5,-25.0,17.846375
1987-05-14,31.5,-25.0,16.647064
1987-05-15,31.5,-25.0,17.413818
1987-05-16,31.5,-25.0,15.919342
1987-05-17,31.5,-25.0,13.528168
1987-05-18,31.5,-25.0,14.107391
1987-05-19,31.5,-25.0,15.8914795
1987-05-20,31.5,-25.0,16.110535
1987-05-21,31.5,-25.0,17.01651
1987-05-22,31.5,-25.0,17.200317
1987-05-23,31.5,-25.0,16.422455
1987-05-24,31.5,-25.0,12.750305
1987-05-25,31.5,-25.0,10.364716
1987-05-26,31.5,-25.0,10.609772
1987-05-27,31.5,-25.0,15.897064
1987-05-28,31.5,-25.0,12.911804
1987-05-29,31.5,-25.0,11.248383
1987-05-30,31.5,-25.0,12.861694
1987-05-31,31.5,-25.0,12.45697
1987-06-01,31.5,-25.0,10.556183
1987-06-02,31.5,-25.0,13.984711
1987-06-03,31.5,-25.0,15.631195
1987-06-04,31.5,-25.0,13.310791
1987-06-05,31.5,-25.0,13.686066
1987-06-06,31.5,-25.0,10.550293
1987-06-07,31.5,-25.0,7.353607
1987-06-08,31.5,-25.0,6.585388
1987-06-09,31.5,-25.0,10.6249695
1987-06-10,31.5,-25.0,9.571838
1987-06-11,31.5,-25.0,12.238037
1987-06-12,31.5,-25.0,14.562347
1987-06-13,31.5,-25.0,10.994324
1987-06-14,31.5,-25.0,9.463776
1987-06-15,31.5,-25.0,10.112152
1987-06-16,31.5,-25.0,10.438293
1987-06-17,31.5,-25.0,9.837097
1987-06-18,31.5,-25.0,9.400909
1987-06-19,31.5,-25.0,9.053131
1987-06-20,31.5,-25.0,9.540405
1987-06-21,31.5,-25.0,7.7445984
1987-06-22,31.5,-25.0,9.021698
1987-06-23,31.5,-25.0,6.090271
1987-06-24,31.5,-25.0,7.746582
1987-06-25,31.5,-25.0,7.8035583
1987-06-26,31.5,-25.0,11.597504
1987-06-27,31.5,-25.0,10.762482
1987-06-28,31.5,-25.0,8.033417
1987-06-29,31.5,-25.0,11.481598
1987-06-30,31.5,-25.0,9.143524
1987-07-01,31.5,-25.0,6.646057
1987-07-02,31.5,-25.0,7.2075195
1987-07-03,31.5,-25.0,7.487274
1987-07-04,31.5,-25.0,8.4262085
1987-07-05,31.5,-25.0,6.435272
1987-07-06,31.5,-25.0,6.6499023
1987-07-07,31.5,-25.0,8.660004
1987-07-08,31.5,-25.0,7.7843018
1987-07-09,31.5,-25.0,9.924713
1987-07-10,31.5,-25.0,7.362732
1987-07-11,31.5,-25.0,10.422913
1987-07-12,31.5,-25.0,13.728394
1987-07-13,31.5,-25.0,10.718018
1987-07-14,31.5,-25.0,9.75415
1987-07-15,31.5,-25.0,10.767822
1987-07-16,31.5,-25.0,11.5937195
1987-07-17,31.5,-25.0,8.196289
1987-07-18,31.5,-25.0,8.608246
1987-07-19,31.5,-25.0,9.506958
1987-07-20,31.5,-25.0,13.314484
1987-07-21,31.5,-25.0,11.472992
1987-07-22,31.5,-25.0,9.156311
1987-07-23,31.5,-25.0,11.484497
1987-07-24,31.5,-25.0,12.201172
1987-07-25,31.5,-25.0,9.660248
1987-07-26,31.5,-25.0,9.572113
1987-07-27,31.5,-25.0,10.744843
1987-07-28,31.5,-25.0,14.031128
1987-07-29,31.5,-25.0,13.218658
1987-07-30,31.5,-25.0,14.431641
1987-07-31,31.5,-25.0,12.283569
1987-08-01,31.5,-25.0,10.161255
1987-08-02,31.5,-25.0,8.590027
1987-08-03,31.5,-25.0,8.342285
1987-08-04,31.5,-25.0,11.656067
1987-08-05,31.5,-25.0,11.868744
1987-08-06,31.5,-25.0,8.94516
1987-08-07,31.5,-25.0,9.444824
1987-08-08,31.5,-25.0,11.282379
1987-08-09,31.5,-25.0,12.227997
1987-08-10,31.5,-25.0,10.252106
1987-08-11,31.5,-25.0,12.492249
1987-08-12,31.5,-25.0,15.481903
1987-08-13,31.5,-25.0,15.6883545
1987-08-14,31.5,-25.0,14.338074
1987-08-15,31.5,-25.0,12.333282
1987-08-16,31.5,-25.0,12.70285
1987-08-17,31.5,-25.0,12.60788
1987-08-18,31.5,-25.0,9.925873
1987-08-19,31.5,-25.0,11.059387
1987-08-20,31.5,-25.0,12.017395
1987-08-21,31.5,-25.0,9.5047
1987-08-22,31.5,-25.0,11.703552
1987-08-23,31.5,-25.0,14.053162
1987-08-24,31.5,-25.0,14.629181
1987-08-25,31.5,-25.0,12.696655
1987-08-26,31.5,-25.0,13.031128
1987-08-27,31.5,-25.0,10.656769
1987-08-28,31.5,-25.0,8.881165
1987-08-29,31.5,-25.0,12.157776
1987-08-30,31.5,-25.0,9.892853
1987-08-31,31.5,-25.0,14.166718
1987-09-01,31.5,-25.0,16.391968
1987-09-02,31.5,-25.0,16.209412
1987-09-03,31.5,-25.0,15.857544
1987-09-04,31.5,-25.0,14.562347
1987-09-05,31.5,-25.0,14.590881
1987-09-06,31.5,-25.0,14.520508
1987-09-07,31.5,-25.0,15.6597595
1987-09-08,31.5,-25.0,13.674164
1987-09-09,31.5,-25.0,15.073975
1987-09-10,31.5,-25.0,16.755249
1987-09-11,31.5,-25.0,13.095978
1987-09-12,31.5,-25.0,12.932434
1987-09-13,31.5,-25.0,15.102478
1987-09-14,31.5,-25.0,17.339142
1987-09-15,31.5,-25.0,15.920319
1987-09-16,31.5,-25.0,15.132935
1987-09-17,31.5,-25.0,14.121124
1987-09-18,31.5,-25.0,13.076965
1987-09-19,31.5,-25.0,10.338226
1987-09-20,31.5,-25.0,11.467957
1987-09-21,31.5,-25.0,15.859436
1987-09-22,31.5,-25.0,18.396576
1987-09-23,31.5,-25.0,17.508392
1987-09-24,31.5,-25.0,14.09259
1987-09-25,31.5,-25.0,15.045441
1987-09-26,31.5,-25.0,14.771576
1987-09-27,31.5,-25.0,14.878082
1987-09-28,31.5,-25.0,14.938934
1987-09-29,31.5,-25.0,12.422699
1987-09-30,31.5,-25.0,11.829315
1987-10-01,31.5,-25.0,14.092957
1987-10-02,31.5,-25.0,11.722382
1987-10-03,31.5,-25.0,11.478943
1987-10-04,31.5,-25.0,9.916382
1987-10-05,31.5,-25.0,7.837616
1987-10-06,31.5,-25.0,10.468903
1987-10-07,31.5,-25.0,12.789398
1987-10-08,31.5,-25.0,14.341583
1987-10-09,31.5,-25.0,14.351929
1987-10-10,31.5,-25.0,17.893127
1987-10-11,31.5,-25.0,16.263245
1987-10-12,31.5,-25.0,17.247375
1987-10-13,31.5,-25.0,15.07019
1987-10-14,31.5,-25.0,15.705566
1987-10-15,31.5,-25.0,16.618927
1987-10-16,31.5,-25.0,14.091217
1987-10-17,31.5,-25.0,13.773529
1987-10-18,31.5,-25.0,13.915131
1987-10-19,31.5,-25.0,12.559753
1987-10-20,31.5,-25.0,15.783264
1987-10-21,31.5,-25.0,16.536041
1987-10-22,31.5,-25.0,14.498688
1987-10-23,31.5,-25.0,15.860962
1987-10-24,31.5,-25.0,17.100616
1987-10-25,31.5,-25.0,16.068146
1987-10-26,31.5,-25.0,18.566498
1987-10-27,31.5,-25.0,16.65689
1987-10-28,31.5,-25.0,16.750153
1987-10-29,31.5,-25.0,19.438416
1987-10-30,31.5,-25.0,18.99121
1987-10-31,31.5,-25.0,17.642761
1987-11-01,31.5,-25.0,18.660309
1987-11-02,31.5,-25.0,19.782043
1987-11-03,31.5,-25.0,19.708435
1987-11-04,31.5,-25.0,21.351868
1987-11-05,31.5,-25.0,20.798828
1987-11-06,31.5,-25.0,20.728333
1987-11-07,31.5,-25.0,20.051514
1987-11-08,31.5,-25.0,20.424408
1987-11-09,31.5,-25.0,20.009216
1987-11-10,31.5,-25.0,17.468079
1987-11-11,31.5,-25.0,16.590729
1987-11-12,31.5,-25.0,16.213165
1987-11-13,31.5,-25.0,17.3349
1987-11-14,31.5,-25.0,15.871613
1987-11-15,31.5,-25.0,16.325958
1987-11-16,31.5,-25.0,19.396667
1987-11-17,31.5,-25.0,19.003418
1987-11-18,31.5,-25.0,17.574615
1987-11-19,31.5,-25.0,20.499603
1987-11-20,31.5,-25.0,19.042572
1987-11-21,31.5,-25.0,18.054016
1987-11-22,31.5,-25.0,19.232147
1987-11-23,31.5,-25.0,19.307343
1987-11-24,31.5,-25.0,19.227448
1987-11-25,31.5,-25.0,20.856812
1987-11-26,31.5,-25.0,20.201935
1987-11-27,31.5,-25.0,18.137054
1987-11-28,31.5,-25.0,17.60907
1987-11-29,31.5,-25.0,19.451477
1987-11-30,31.5,-25.0,20.949219
1987-12-01,31.5,-25.0,21.213074
1987-12-02,31.5,-25.0,20.968597
1987-12-03,31.5,-25.0,21.639282
1987-12-04,31.5,-25.0,21.911865
1987-12-05,31.5,-25.0,22.455353
1987-12-06,31.5,-25.0,22.49997
1987-12-07,31.5,-25.0,22.151398
1987-12-08,31.5,-25.0,21.536865
1987-12-09,31.5,-25.0,20.638184
1987-12-10,31.5,-25.0,21.028046
1987-12-11,31.5,-25.0,23.048431
1987-12-12,31.5,-25.0,20.735657
1987-12-13,31.5,-25.0,19.17453
1987-12-14,31.5,-25.0,19.318268
1987-12-15,31.5,-25.0,21.677277
1987-12-16,31.5,-25.0,21.310547
1987-12-17,31.5,-25.0,22.030792
1987-12-18,31.5,-25.0,21.697113
1987-12-19,31.5,-25.0,22.54953
1987-12-20,31.5,-25.0,22.779144
1987-12-21,31.5,-25.0,21.213074
1987-12-22,31.5,-25.0,20.443268
1987-12-23,31.5,-25.0,20.302826
1987-12-24,31.5,-25.0,20.185547
1987-12-25,31.5,-25.0,20.178955
1987-12-26,31.5,-25.0,23.12442
1987-12-27,31.5,-25.0,22.151398
1987-12-28,31.5,-25.0,18.667389
1987-12-29,31.5,-25.0,17.738983
1987-12-30,31.5,-25.0,18.140411
1987-12-31,31.5,-25.0,16.871704
1988-01-01,31.5,-25.0,18.295105
1988-01-02,31.5,-25.0,21.203674
1988-01-03,31.5,-25.0,21.576172
1988-01-04,31.5,-25.0,20.959656
1988-01-05,31.5,-25.0,21.039368
1988-01-06,31.5,-25.0,24.91745
1988-01-07,31.5,-25.0,21.143494
1988-01-08,31.5,-25.0,20.61316
1988-01-09,31.5,-25.0,21.067017
1988-01-10,31.5,-25.0,20.694519
1988-01-11,31.5,-25.0,20.753082
1988-01-12,31.5,-25.0,19.934845
1988-01-13,31.5,-25.0,20.300842
1988-01-14,31.5,-25.0,22.709991
1988-01-15,31.5,-25.0,21.75351
1988-01-16,31.5,-25.0,23.00769
1988-01-17,31.5,-25.0,22.627045
1988-01-18,31.5,-25.0,21.745361
1988-01-19,31.5,-25.0,21.906403
1988-01-20,31.5,-25.0,22.667725
1988-01-21,31.5,-25.0,21.433044
1988-01-22,31.5,-25.0,21.756744
1988-01-23,31.5,-25.0,21.511108
1988-01-24,31.5,-25.0,22.304962
1988-01-25,31.5,-25.0,21.047516
1988-01-26,31.5,-25.0,19.171906
1988-01-27,31.5,-25.0,19.576965
1988-01-28,31.5,-25.0,18.350403
1988-01-29,31.5,-25.0,19.581848
1988-01-30,31.5,-25.0,21.327301
1988-01-31,31.5,-25.0,23.41275
1988-02-01,31.5,-25.0,21.339478
1988-02-02,31.5,-25.0,20.886963
1988-02-03,31.5,-25.0,20.22757
1988-02-04,31.5,-25.0,20.318054
1988-02-05,31.5,-25.0,19.99646
1988-02-06,31.5,-25.0,21.040497
1988-02-07,31.5,-25.0,21.762909
1988-02-08,31.5,-25.0,22.00534
1988-02-09,31.5,-25.0,20.909576
1988-02-10,31.5,-25.0,20.591187
1988-02-11,31.5,-25.0,20.272827
1988-02-12,31.5,-25.0,19.456665
1988-02-13,31.5,-25.0,21.324951
1988-02-14,31.5,-25.0,22.398071
1988-02-15,31.5,-25.0,21.704742
1988-02-16,31.5,-25.0,23.543915
1988-02-17,31.5,-25.0,22.299469
1988-02-18,31.5,-25.0,21.704742
1988-02-19,31.5,-25.0,19.125336
1988-02-20,31.5,-25.0,21.084137
1988-02-21,31.5,-25.0,21.867981
1988-02-22,31.5,-25.0,22.058685
1988-02-23,31.5,-25.0,22.073212
1988-02-24,31.5,-25.0,21.622314
1988-02-25,31.5,-25.0,21.879272
1988-02-26,31.5,-25.0,21.08252
1988-02-27,31.5,-25.0,21.766144
1988-02-28,31.5,-25.0,22.178284
1988-02-29,31.5,-25.0,21.813019
1988-03-01,31.5,-25.0,22.797241
1988-03-02,31.5,-25.0,23.084137
1988-03-03,31.5,-25.0,22.064789
1988-03-04,31.5,-25.0,21.544983
1988-03-05,31.5,-25.0,21.604065
1988-03-06,31.5,-25.0,20.378815
1988-03-07,31.5,-25.0,19.264954
1988-03-08,31.5,-25.0,19.536682
1988-03-09,31.5,-25.0,20.969513
1988-03-10,31.5,-25.0,19.865784
1988-03-11,31.5,-25.0,18.937561
1988-03-12,31.5,-25.0,20.382202
1988-03-13,31.5,-25.0,20.161102
1988-03-14,31.5,-25.0,19.950165
1988-03-15,31.5,-25.0,21.452179
1988-03-16,31.5,-25.0,20.333252
1988-03-17,31.5,-25.0,22.29599
1988-03-18,31.5,-25.0,21.072449
1988-03-19,31.5,-25.0,18.78061
1988-03-20,31.5,-25.0,19.879272
1988-03-21,31.5,-25.0,20.81424
1988-03-22,31.5,-25.0,19.433746
1988-03-23,31.5,-25.0,20.24887
1988-03-24,31.5,-25.0,19.204224
1988-03-25,31.5,-25.0,17.54187
1988-03-26,31.5,-25.0,18.365448
1988-03-27,31.5,-25.0,21.901093
1988-03-28,31.5,-25.0,21.040375
1988-03-29,31.5,-25.0,20.096985
1988-03-30,31.5,-25.0,18.102173
1988-03-31,31.5,-25.0,19.059082
1988-04-01,31.5,-25.0,18.117126
1988-04-02,31.5,-25.0,21.864502
1988-04-03,31.5,-25.0,21.359192
1988-04-04,31.5,-25.0,21.621826
1988-04-05,31.5,-25.0,20.681793
1988-04-06,31.5,-25.0,18.939423
1988-04-07,31.5,-25.0,20.72525
1988-04-08,31.5,-25.0,17.51944
1988-04-09,31.5,-25.0,17.456024
1988-04-10,31.5,-25.0,18.359833
1988-04-11,31.5,-25.0,16.905426
1988-04-12,31.5,-25.0,17.403503
1988-04-13,31.5,-25.0,18.9068
1988-04-14,31.5,-25.0,16.66092
1988-04-15,31.5,-25.0,15.702789
1988-04-16,31.5,-25.0,18.613403
1988-04-17,31.5,-25.0,19.098785
1988-04-18,31.5,-25.0,18.269257
1988-04-19,31.5,-25.0,16.896362
1988-04-20,31.5,-25.0,15.489075
1988-04-21,31.5,-25.0,19.63855
1988-04-22,31.5,-25.0,17.64801
1988-04-23,31.5,-25.0,17.59732
1988-04-24,31.5,-25.0,16.190002
1988-04-25,31.5,-25.0,18.265656
1988-04-26,31.5,-25.0,14.280975
1988-04-27,31.5,-25.0,11.752533
1988-04-28,31.5,-25.0,16.38379
1988-04-29,31.5,-25.0,15.688293
1988-04-30,31.5,-25.0,13.386261
1988-05-01,31.5,-25.0,10.997986
1988-05-02,31.5,-25.0,10.8168335
1988-05-03,31.5,-25.0,9.948029
1988-05-04,31.5,-25.0,11.93515
1988-05-05,31.5,-25.0,16.090546
1988-05-06,31.5,-25.0,15.768921
1988-05-07,31.5,-25.0,14.038727
1988-05-08,31.5,-25.0,11.513702
1988-05-09,31.5,-25.0,12.71521
1988-05-10,31.5,-25.0,15.785553
1988-05-11,31.5,-25.0,15.759674
1988-05-12,31.5,-25.0,13.64502
1988-05-13,31.5,-25.0,11.119995
1988-05-14,31.5,-25.0,10.709625
1988-05-15,31.5,-25.0,11.212402
1988-05-16,31.5,-25.0,12.278992
1988-05-17,31.5,-25.0,13.547028
1988-05-18,31.5,-25.0,15.003632
1988-05-19,31.5,-25.0,12.437958
1988-05-20,31.5,-25.0,15.060944
1988-05-21,31.5,-25.0,15.950073
1988-05-22,31.5,-25.0,13.279022
1988-05-23,31.5,-25.0,13.349243
1988-05-24,31.5,-25.0,13.927826
1988-05-25,31.5,-25.0,14.375153
1988-05-26,31.5,-25.0,14.663513
1988-05-27,31.5,-25.0,15.214386
1988-05-28,31.5,-25.0,16.13861
1988-05-29,31.5,-25.0,13.088623
1988-05-30,31.5,-25.0,9.948029
1988-05-31,31.5,-25.0,9.763184
1988-06-01,31.5,-25.0,8.919769
1988-06-02,31.5,-25.0,9.839905
1988-06-03,31.5,-25.0,9.766144
1988-06-04,31.5,-25.0,10.107819
1988-06-05,31.5,-25.0,12.81778
1988-06-06,31.5,-25.0,11.959747
1988-06-07,31.5,-25.0,15.539429
1988-06-08,31.5,-25.0,10.18158
1988-06-09,31.5,-25.0,7.7608337
1988-06-10,31.5,-25.0,7.06781
1988-06-11,31.5,-25.0,7.27359
1988-06-12,31.5,-25.0,7.324066
1988-06-13,31.5,-25.0,6.9028015
1988-06-14,31.5,-25.0,10.430054
1988-06-15,31.5,-25.0,8.415039
1988-06-16,31.5,-25.0,9.705963
1988-06-17,31.5,-25.0,8.172394
1988-06-18,31.5,-25.0,8.851807
1988-06-19,31.5,-25.0,7.7841187
1988-06-20,31.5,-25.0,8.809113
1988-06-21,31.5,-25.0,10.85907
1988-06-22,31.5,-25.0,13.941772
1988-06-23,31.5,-25.0,12.052948
1988-06-24,31.5,-25.0,7.8268433
1988-06-25,31.5,-25.0,7.2755127
1988-06-26,31.5,-25.0,5.6293335
1988-06-27,31.5,-25.0,7.269684
1988-06-28,31.5,-25.0,8.585876
1988-06-29,31.5,-25.0,14.347504
1988-06-30,31.5,-25.0,13.681641
1988-07-01,31.5,-25.0,11.848724
1988-07-02,31.5,-25.0,11.9461975
1988-07-03,31.5,-25.0,11.655792
1988-07-04,31.5,-25.0,10.8880005
1988-07-05,31.5,-25.0,11.568268
1988-07-06,31.5,-25.0,9.853668
1988-07-07,31.5,-25.0,8.449341
1988-07-08,31.5,-25.0,9.8437195
1988-07-09,31.5,-25.0,9.459808
1988-07-10,31.5,-25.0,10.665222
1988-07-11,31.5,-25.0,11.67569
1988-07-12,31.5,-25.0,8.518982
1988-07-13,31.5,-25.0,6.4940796
1988-07-14,31.5,-25.0,8.799438
1988-07-15,31.5,-25.0,7.27182
1988-07-16,31.5,-25.0,6.076355
1988-07-17,31.5,-25.0,8.264374
1988-07-18,31.5,-25.0,9.390198
1988-07-19,31.5,-25.0,8.837219
1988-07-20,31.5,-25.0,9.266876
1988-07-21,31.5,-25.0,10.114227
1988-07-22,31.5,-25.0,10.836273
1988-07-23,31.5,-25.0,9.173401
1988-07-24,31.5,-25.0,11.152557
1988-07-25,31.5,-25.0,10.58963
1988-07-26,31.5,-25.0,9.957092
1988-07-27,31.5,-25.0,12.403687
1988-07-28,31.5,-25.0,10.0625305
1988-07-29,31.5,-25.0,8.626373
1988-07-30,31.5,-25.0,9.517487
1988-07-31,31.5,-25.0,11.194305
1988-08-01,31.5,-25.0,14.810822
1988-08-02,31.5,-25.0,11.000519
1988-08-03,31.5,-25.0,13.405365
1988-08-04,31.5,-25.0,11.838257
1988-08-05,31.5,-25.0,11.589905
1988-08-06,31.5,-25.0,10.385498
1988-08-07,31.5,-25.0,12.114227
1988-08-08,31.5,-25.0,11.337585
1988-08-09,31.5,-25.0,16.37793
1988-08-10,31.5,-25.0,15.096649
1988-08-11,31.5,-25.0,11.993988
1988-08-12,31.5,-25.0,9.4964905
1988-08-13,31.5,-25.0,7.0699463
1988-08-14,31.5,-25.0,9.023407
1988-08-15,31.5,-25.0,9.035217
1988-08-16,31.5,-25.0,8.859802
1988-08-17,31.5,-25.0,9.587158
1988-08-18,31.5,-25.0,14.49939
1988-08-19,31.5,-25.0,11.083282
1988-08-20,31.5,-25.0,8.995789
1988-08-21,31.5,-25.0,9.666016
1988-08-22,31.5,-25.0,10.9670105
1988-08-23,31.5,-25.0,12.37442
1988-08-24,31.5,-25.0,14.846313
1988-08-25,31.5,-25.0,15.339111
1988-08-26,31.5,-25.0,15.074951
1988-08-27,31.5,-25.0,14.921204
1988-08-28,31.5,-25.0,16.651917
1988-08-29,31.5,-25.0,16.44693
1988-08-30,31.5,-25.0,18.424011
1988-08-31,31.5,-25.0,17.588226
1988-09-01,31.5,-25.0,14.693359
1988-09-02,31.5,-25.0,12.475159
1988-09-03,31.5,-25.0,12.1138
1988-09-04,31.5,-25.0,10.659058
1988-09-05,31.5,-25.0,11.752411
1988-09-06,31.5,-25.0,11.222412
1988-09-07,31.5,-25.0,12.047089
1988-09-08,31.5,-25.0,13.831665
1988-09-09,31.5,-25.0,14.750824
1988-09-10,31.5,-25.0,14.672974
1988-09-11,31.5,-25.0,16.811523
1988-09-12,31.5,-25.0,15.720032
1988-09-13,31.5,-25.0,16.531708
1988-09-14,31.5,-25.0,16.692932
1988-09-15,31.5,-25.0,16.090637
1988-09-16,31.5,-25.0,19.016785
1988-09-17,31.5,-25.0,12.871735
1988-09-18,31.5,-25.0,10.549744
1988-09-19,31.5,-25.0,11.283569
1988-09-20,31.5,-25.0,11.531891
1988-09-21,31.5,-25.0,13.839081
1988-09-22,31.5,-25.0,12.354706
1988-09-23,31.5,-25.0,14.502502
1988-09-24,31.5,-25.0,13.036652
1988-09-25,31.5,-25.0,14.689667
1988-09-26,31.5,-25.0,18.79068
1988-09-27,31.5,-25.0,17.5083
1988-09-28,31.5,-25.0,15.9609375
1988-09-29,31.5,-25.0,13.005157
1988-09-30,31.5,-25.0,16.863403
1988-10-01,31.5,-25.0,16.316345
1988-10-02,31.5,-25.0,18.126007
1988-10-03,31.5,-25.0,17.044067
1988-10-04,31.5,-25.0,16.132202
1988-10-05,31.5,-25.0,17.550842
1988-10-06,31.5,-25.0,16.539032
1988-10-07,31.5,-25.0,16.628479
1988-10-08,31.5,-25.0,18.006775
1988-10-09,31.5,-25.0,19.65689
1988-10-10,31.5,-25.0,20.012848
1988-10-11,31.5,-25.0,14.020905
1988-10-12,31.5,-25.0,13.2300415
1988-10-13,31.5,-25.0,12.928436
1988-10-14,31.5,-25.0,14.371613
1988-10-15,31.5,-25.0,14.517181
1988-10-16,31.5,-25.0,12.582977
1988-10-17,31.5,-25.0,17.806854
1988-10-18,31.5,-25.0,15.770966
1988-10-19,31.5,-25.0,15.204559
1988-10-20,31.5,-25.0,15.818329
1988-10-21,31.5,-25.0,16.470642
1988-10-22,31.5,-25.0,18.076904
1988-10-23,31.5,-25.0,16.128693
1988-10-24,31.5,-25.0,12.691711
1988-10-25,31.5,-25.0,13.009094
1988-10-26,31.5,-25.0,14.804749
1988-10-27,31.5,-25.0,14.2716675
1988-10-28,31.5,-25.0,16.41452
1988-10-29,31.5,-25.0,16.0831
1988-10-30,31.5,-25.0,15.06955
1988-10-31,31.5,-25.0,13.661438
1988-11-01,31.5,-25.0,16.453888
1988-11-02,31.5,-25.0,16.869263
1988-11-03,31.5,-25.0,17.267487
1988-11-04,31.5,-25.0,16.694366
1988-11-05,31.5,-25.0,17.431458
1988-11-06,31.5,-25.0,17.657867
1988-11-07,31.5,-25.0,15.887024
1988-11-08,31.5,-25.0,15.996338
1988-11-09,31.5,-25.0,16.933289
1988-11-10,31.5,-25.0,15.321716
1988-11-11,31.5,-25.0,14.851685
1988-11-12,31.5,-25.0,14.148956
1988-11-13,31.5,-25.0,12.784119
1988-11-14,31.5,-25.0,13.732025
1988-11-15,31.5,-25.0,17.915527
1988-11-16,31.5,-25.0,16.477295
1988-11-17,31.5,-25.0,15.210846
1988-11-18,31.5,-25.0,16.147797
1988-11-19,31.5,-25.0,15.050018
1988-11-20,31.5,-25.0,13.652374
1988-11-21,31.5,-25.0,14.979736
1988-11-22,31.5,-25.0,15.359192
1988-11-23,31.5,-25.0,18.768158
1988-11-24,31.5,-25.0,18.284088
1988-11-25,31.5,-25.0,19.325653
1988-11-26,31.5,-25.0,19.845673
1988-11-27,31.5,-25.0,19.422485
1988-11-28,31.5,-25.0,20.172058
1988-11-29,31.5,-25.0,18.360596
1988-11-30,31.5,-25.0,17.689117
1988-12-01,31.5,-25.0,17.245148
1988-12-02,31.5,-25.0,16.950104
1988-12-03,31.5,-25.0,18.943298
1988-12-04,31.5,-25.0,19.811584
1988-12-05,31.5,-25.0,17.00235
1988-12-06,31.5,-25.0,16.444489
1988-12-07,31.5,-25.0,15.938873
1988-12-08,31.5,-25.0,15.900452
1988-12-09,31.5,-25.0,14.254578
1988-12-10,31.5,-25.0,15.076752
1988-12-11,31.5,-25.0,16.979279
1988-12-12,31.5,-25.0,19.865356
1988-12-13,31.5,-25.0,19.195343
1988-12-14,31.5,-25.0,18.273254
1988-12-15,31.5,-25.0,18.88797
1988-12-16,31.5,-25.0,19.335175
1988-12-17,31.5,-25.0,18.161072
1988-12-18,31.5,-25.0,16.739563
1988-12-19,31.5,-25.0,18.334717
1988-12-20,31.5,-25.0,16.241638
1988-12-21,31.5,-25.0,19.50116
1988-12-22,31.5,-25.0,21.065582
1988-12-23,31.5,-25.0,21.316101
1988-12-24,31.5,-25.0,21.818634
1988-12-25,31.5,-25.0,23.12796
1988-12-26,31.5,-25.0,21.154724
1988-12-27,31.5,-25.0,18.834198
1988-12-28,31.5,-25.0,16.876312
1988-12-29,31.5,-25.0,16.071045
1988-12-30,31.5,-25.0,18.024292
1988-12-31,31.5,-25.0,19.960663
1989-01-01,31.5,-25.0,18.195892
1989-01-02,31.5,-25.0,16.881195
1989-01-03,31.5,-25.0,18.57013
1989-01-04,31.5,-25.0,20.978516
1989-01-05,31.5,-25.0,20.989807
1989-01-06,31.5,-25.0,20.167114
1989-01-07,31.5,-25.0,18.56369
1989-01-08,31.5,-25.0,19.984833
1989-01-09,31.5,-25.0,19.97998
1989-01-10,31.5,-25.0,19.796082
1989-01-11,31.5,-25.0,19.025024
1989-01-12,31.5,-25.0,19.975159
1989-01-13,31.5,-25.0,19.234741
1989-01-14,31.5,-25.0,17.400635
1989-01-15,31.5,-25.0,17.494202
1989-01-16,31.5,-25.0,18.797577
1989-01-17,31.5,-25.0,19.42508
1989-01-18,31.5,-25.0,18.779846
1989-01-19,31.5,-25.0,17.082855
1989-01-20,31.5,-25.0,21.467285
1989-01-21,31.5,-25.0,22.09317
1989-01-22,31.5,-25.0,21.288208
1989-01-23,31.5,-25.0,22.027008
1989-01-24,31.5,-25.0,22.533539
1989-01-25,31.5,-25.0,21.475342
1989-01-26,31.5,-25.0,20.238098
1989-01-27,31.5,-25.0,18.186218
1989-01-28,31.5,-25.0,18.341064
1989-01-29,31.5,-25.0,20.197754
1989-01-30,31.5,-25.0,20.000946
1989-01-31,31.5,-25.0,21.368866
1989-02-01,31.5,-25.0,21.174103
1989-02-02,31.5,-25.0,23.570404
1989-02-03,31.5,-25.0,20.800934
1989-02-04,31.5,-25.0,19.749634
1989-02-05,31.5,-25.0,19.9216
1989-02-06,31.5,-25.0,19.785309
1989-02-07,31.5,-25.0,19.449493
1989-02-08,31.5,-25.0,18.623688
1989-02-09,31.5,-25.0,17.243011
1989-02-10,31.5,-25.0,20.42453
1989-02-11,31.5,-25.0,19.31482
1989-02-12,31.5,-25.0,18.764832
1989-02-13,31.5,-25.0,20.96643
1989-02-14,31.5,-25.0,19.983246
1989-02-15,31.5,-25.0,19.094177
1989-02-16,31.5,-25.0,19.955658
1989-02-17,31.5,-25.0,20.140625
1989-02-18,31.5,-25.0,18.578247
1989-02-19,31.5,-25.0,21.759796
1989-02-20,31.5,-25.0,20.909637
1989-02-21,31.5,-25.0,20.822021
1989-02-22,31.5,-25.0,21.865234
1989-02-23,31.5,-25.0,21.350952
1989-02-24,31.5,-25.0,21.2471
1989-02-25,31.5,-25.0,20.534882
1989-02-26,31.5,-25.0,19.467316
1989-02-27,31.5,-25.0,18.810242
1989-02-28,31.5,-25.0,20.145477
1989-03-01,31.5,-25.0,19.070679
1989-03-02,31.5,-25.0,20.66571
1989-03-03,31.5,-25.0,19.005524
1989-03-04,31.5,-25.0,18.158264
1989-03-05,31.5,-25.0,17.561401
1989-03-06,31.5,-25.0,16.83078
1989-03-07,31.5,-25.0,19.76358
1989-03-08,31.5,-25.0,19.271332
1989-03-09,31.5,-25.0,18.65393
1989-03-10,31.5,-25.0,19.977966
1989-03-11,31.5,-25.0,20.446167
1989-03-12,31.5,-25.0,21.658752
1989-03-13,31.5,-25.0,21.142487
1989-03-14,31.5,-25.0,20.792633
1989-03-15,31.5,-25.0,21.092773
1989-03-16,31.5,-25.0,22.025757
1989-03-17,31.5,-25.0,20.693146
1989-03-18,31.5,-25.0,21.30716
1989-03-19,31.5,-25.0,20.874939
1989-03-20,31.5,-25.0,20.30896
1989-03-21,31.5,-25.0,18.343475
1989-03-22,31.5,-25.0,19.44284
1989-03-23,31.5,-25.0,20.583374
1989-03-24,31.5,-25.0,19.636658
1989-03-25,31.5,-25.0,19.760132
1989-03-26,31.5,-25.0,21.32431
1989-03-27,31.5,-25.0,19.93338
1989-03-28,31.5,-25.0,19.955658
1989-03-29,31.5,-25.0,20.266083
1989-03-30,31.5,-25.0,19.317657
1989-03-31,31.5,-25.0,19.885345
1989-04-01,31.5,-25.0,18.303284
1989-04-02,31.5,-25.0,17.424896
1989-04-03,31.5,-25.0,15.338043
1989-04-04,31.5,-25.0,17.738739
1989-04-05,31.5,-25.0,14.860077
1989-04-06,31.5,-25.0,16.840515
1989-04-07,31.5,-25.0,19.1456
1989-04-08,31.5,-25.0,18.361023
1989-04-09,31.5,-25.0,17.002838
1989-04-10,31.5,-25.0,17.00827
1989-04-11,31.5,-25.0,18.083252
1989-04-12,31.5,-25.0,17.453766
1989-04-13,31.5,-25.0,16.692627
1989-04-14,31.5,-25.0,14.814972
1989-04-15,31.5,-25.0,14.180084
1989-04-16,31.5,-25.0,18.631561
1989-04-17,31.5,-25.0,16.33728
1989-04-18,31.5,-25.0,15.090942
1989-04-19,31.5,-25.0,11.451141
1989-04-20,31.5,-25.0,12.91571
1989-04-21,31.5,-25.0,15.702393
1989-04-22,31.5,-25.0,19.02478
1989-04-23,31.5,-25.0,19.320557
1989-04-24,31.5,-25.0,18.281647
1989-04-25,31.5,-25.0,15.749298
1989-04-26,31.5,-25.0,15.559906
1989-04-27,31.5,-25.0,15.332642
1989-04-28,31.5,-25.0,13.52536
1989-04-29,31.5,-25.0,16.382385
1989-04-30,31.5,-25.0,14.531799
1989-05-01,31.5,-25.0,14.886963
1989-05-02,31.5,-25.0,12.159607
1989-05-03,31.5,-25.0,12.565582
1989-05-04,31.5,-25.0,13.272675
1989-05-05,31.5,-25.0,12.583069
1989-05-06,31.5,-25.0,14.308075
1989-05-07,31.5,-25.0,14.541168
1989-05-08,31.5,-25.0,13.983673
1989-05-09,31.5,-25.0,14.313904
1989-05-10,31.5,-25.0,13.204681
1989-05-11,31.5,-25.0,12.736542
1989-05-12,31.5,-25.0,13.486359
1989-05-13,31.5,-25.0,16.846985
1989-05-14,31.5,-25.0,15.372589
1989-05-15,31.5,-25.0,16.285583
1989-05-16,31.5,-25.0,13.771912
1989-05-17,31.5,-25.0,14.123535
1989-05-18,31.5,-25.0,15.446411
1989-05-19,31.5,-25.0,15.813568
1989-05-20,31.5,-25.0,14.242035
1989-05-21,31.5,-25.0,11.978943
1989-05-22,31.5,-25.0,13.453339
1989-05-23,31.5,-25.0,16.74405
1989-05-24,31.5,-25.0,14.276978
1989-05-25,31.5,-25.0,15.145325
1989-05-26,31.5,-25.0,15.291016
1989-05-27,31.5,-25.0,13.5737915
1989-05-28,31.5,-25.0,12.985199
1989-05-29,31.5,-25.0,11.794403
1989-05-30,31.5,-25.0,10.351074
1989-05-31,31.5,-25.0,10.57251
1989-06-01,31.5,-25.0,13.194458
1989-06-02,31.5,-25.0,17.360718
1989-06-03,31.5,-25.0,13.9678955
1989-06-04,31.5,-25.0,13.37735
1989-06-05,31.5,-25.0,13.028717
1989-06-06,31.5,-25.0,12.2229
1989-06-07,31.5,-25.0,11.864746
1989-06-08,31.5,-25.0,10.634125
1989-06-09,31.5,-25.0,11.963806
1989-06-10,31.5,-25.0,11.436127
1989-06-11,31.5,-25.0,10.235962
1989-06-12,31.5,-25.0,10.245483
1989-06-13,31.5,-25.0,8.209045
1989-06-14,31.5,-25.0,7.1936646
1989-06-15,31.5,-25.0,10.293121
1989-06-16,31.5,-25.0,9.637787
1989-06-17,31.5,-25.0,10.7274475
1989-06-18,31.5,-25.0,9.658752
1989-06-19,31.5,-25.0,9.125336
1989-06-20,31.5,-25.0,9.472046
1989-06-21,31.5,-25.0,9.971161
1989-06-22,31.5,-25.0,10.340729
1989-06-23,31.5,-25.0,12.367676
1989-06-24,31.5,-25.0,10.542664
1989-06-25,31.5,-25.0,13.263031
1989-06-26,31.5,-25.0,14.406036
1989-06-27,31.5,-25.0,15.215668
1989-06-28,31.5,-25.0,13.055389
1989-06-29,31.5,-25.0,14.230774
1989-06-30,31.5,-25.0,12.607697
1989-07-01,31.5,-25.0,12.756287
1989-07-02,31.5,-25.0,15.604584
1989-07-03,31.5,-25.0,12.466095
1989-07-04,31.5,-25.0,13.511627
1989-07-05,31.5,-25.0,12.977325
1989-07-06,31.5,-25.0,14.970367
1989-07-07,31.5,-25.0,14.184296
1989-07-08,31.5,-25.0,9.748474
1989-07-09,31.5,-25.0,9.187286
1989-07-10,31.5,-25.0,9.51593
1989-07-11,31.5,-25.0,10.911255
1989-07-12,31.5,-25.0,13.367462
1989-07-13,31.5,-25.0,12.21817
1989-07-14,31.5,-25.0,8.5434265
1989-07-15,31.5,-25.0,8.562653
1989-07-16,31.5,-25.0,9.462128
1989-07-17,31.5,-25.0,12.002899
1989-07-18,31.5,-25.0,12.204712
1989-07-19,31.5,-25.0,8.877838
1989-07-20,31.5,-25.0,7.895752
1989-07-21,31.5,-25.0,11.3263855
1989-07-22,31.5,-25.0,8.4262085
1989-07-23,31.5,-25.0,8.159058
1989-07-24,31.5,-25.0,6.905945
1989-07-25,31.5,-25.0,5.8681335
1989-07-26,31.5,-25.0,7.1039124
1989-07-27,31.5,-25.0,9.341034
1989-07-28,31.5,-25.0,12.393066
1989-07-29,31.5,-25.0,12.204712
1989-07-30,31.5,-25.0,9.677368
1989-07-31,31.5,-25.0,10.755585
1989-08-01,31.5,-25.0,13.977631
1989-08-02,31.5,-25.0,11.858643
1989-08-03,31.5,-25.0,14.9939575
1989-08-04,31.5,-25.0,11.014893
1989-08-05,31.5,-25.0,9.448212
1989-08-06,31.5,-25.0,7.979309
1989-08-07,31.5,-25.0,8.991821
1989-08-08,31.5,-25.0,10.771362
1989-08-09,31.5,-25.0,15.952789
1989-08-10,31.5,-25.0,12.316956
1989-08-11,31.5,-25.0,13.1779785
1989-08-12,31.5,-25.0,12.758026
1989-08-13,31.5,-25.0,12.604614
1989-08-14,31.5,-25.0,17.64795
1989-08-15,31.5,-25.0,15.316132
1989-08-16,31.5,-25.0,17.030487
1989-08-17,31.5,-25.0,15.216431
1989-08-18,31.5,-25.0,13.899017
1989-08-19,31.5,-25.0,11.442535
1989-08-20,31.5,-25.0,12.878845
1989-08-21,31.5,-25.0,13.68808
1989-08-22,31.5,-25.0,12.970886
1989-08-23,31.5,-25.0,14.692902
1989-08-24,31.5,-25.0,12.320801
1989-08-25,31.5,-25.0,16.119629
1989-08-26,31.5,-25.0,16.752441
1989-08-27,31.5,-25.0,18.202148
1989-08-28,31.5,-25.0,16.36316
1989-08-29,31.5,-25.0,15.099426
1989-08-30,31.5,-25.0,18.033417
1989-08-31,31.5,-25.0,16.892426
1989-09-01,31.5,-25.0,16.30661
1989-09-02,31.5,-25.0,15.44809
1989-09-03,31.5,-25.0,18.17163
1989-09-04,31.5,-25.0,18.361084
1989-09-05,31.5,-25.0,19.49588
1989-09-06,31.5,-25.0,11.199036
1989-09-07,31.5,-25.0,10.267517
1989-09-08,31.5,-25.0,9.215607
1989-09-09,31.5,-25.0,11.820709
1989-09-10,31.5,-25.0,8.475525
1989-09-11,31.5,-25.0,9.412964
1989-09-12,31.5,-25.0,11.4496765
1989-09-13,31.5,-25.0,12.586426
1989-09-14,31.5,-25.0,14.680389
1989-09-15,31.5,-25.0,16.949982
1989-09-16,31.5,-25.0,17.399963
1989-09-17,31.5,-25.0,16.517761
1989-09-18,31.5,-25.0,19.322205
1989-09-19,31.5,-25.0,16.839447
1989-09-20,31.5,-25.0,15.511261
1989-09-21,31.5,-25.0,13.648224
1989-09-22,31.5,-25.0,14.64093
1989-09-23,31.5,-25.0,13.229828
1989-09-24,31.5,-25.0,17.275604
1989-09-25,31.5,-25.0,14.137665
1989-09-26,31.5,-25.0,11.601624
1989-09-27,31.5,-25.0,10.506317
1989-09-28,31.5,-25.0,12.760101
1989-09-29,31.5,-25.0,16.15857
1989-09-30,31.5,-25.0,17.145355
1989-10-01,31.5,-25.0,17.50113
1989-10-02,31.5,-25.0,21.102936
1989-10-03,31.5,-25.0,18.563873
1989-10-04,31.5,-25.0,16.792633
1989-10-05,31.5,-25.0,15.212524
1989-10-06,31.5,-25.0,17.49289
1989-10-07,31.5,-25.0,16.777802
1989-10-08,31.5,-25.0,18.740173
1989-10-09,31.5,-25.0,14.041016
1989-10-10,31.5,-25.0,12.938721
1989-10-11,31.5,-25.0,12.881073
1989-10-12,31.5,-25.0,11.057098
1989-10-13,31.5,-25.0,13.701599
1989-10-14,31.5,-25.0,14.298065
1989-10-15,31.5,-25.0,15.855103
1989-10-16,31.5,-25.0,17.96576
1989-10-17,31.5,-25.0,17.005188
1989-10-18,31.5,-25.0,15.589813
1989-10-19,31.5,-25.0,19.924835
1989-10-20,31.5,-25.0,19.321808
1989-10-21,31.5,-25.0,18.834076
1989-10-22,31.5,-25.0,15.474487
1989-10-23,31.5,-25.0,15.748016
1989-10-24,31.5,-25.0,15.912781
1989-10-25,31.5,-25.0,15.044464
1989-10-26,31.5,-25.0,17.05954
1989-10-27,31.5,-25.0,13.699951
1989-10-28,31.5,-25.0,16.229126
1989-10-29,31.5,-25.0,17.825714
1989-10-30,31.5,-25.0,18.06958
1989-10-31,31.5,-25.0,17.0513
1989-11-01,31.5,-25.0,18.655212
1989-11-02,31.5,-25.0,17.816101
1989-11-03,31.5,-25.0,18.428925
1989-11-04,31.5,-25.0,20.385345
1989-11-05,31.5,-25.0,17.701385
1989-11-06,31.5,-25.0,18.31894
1989-11-07,31.5,-25.0,17.5961
1989-11-08,31.5,-25.0,19.57135
1989-11-09,31.5,-25.0,19.676636
1989-11-10,31.5,-25.0,20.111908
1989-11-11,31.5,-25.0,18.146088
1989-11-12,31.5,-25.0,17.794098
1989-11-13,31.5,-25.0,17.24881
1989-11-14,31.5,-25.0,16.035675
1989-11-15,31.5,-25.0,17.56781
1989-11-16,31.5,-25.0,20.968323
1989-11-17,31.5,-25.0,19.802338
1989-11-18,31.5,-25.0,18.554657
1989-11-19,31.5,-25.0,18.724365
1989-11-20,31.5,-25.0,15.889526
1989-11-21,31.5,-25.0,14.676422
1989-11-22,31.5,-25.0,17.251953
1989-11-23,31.5,-25.0,17.797241
1989-11-24,31.5,-25.0,20.705902
1989-11-25,31.5,-25.0,19.165924
1989-11-26,31.5,-25.0,17.974792
1989-11-27,31.5,-25.0,20.803345
1989-11-28,31.5,-25.0,20.34607
1989-11-29,31.5,-25.0,20.086761
1989-11-30,31.5,-25.0,19.401642
1989-12-01,31.5,-25.0,20.01178
1989-12-02,31.5,-25.0,20.487396
1989-12-03,31.5,-25.0,20.37738
1989-12-04,31.5,-25.0,19.798004
1989-12-05,31.5,-25.0,20.648499
1989-12-06,31.5,-25.0,18.91034
1989-12-07,31.5,-25.0,18.797241
1989-12-08,31.5,-25.0,19.626038
1989-12-09,31.5,-25.0,19.681824
1989-12-10,31.5,-25.0,19.190735
1989-12-11,31.5,-25.0,18.281372
1989-12-12,31.5,-25.0,17.389038
1989-12-13,31.5,-25.0,20.63147
1989-12-14,31.5,-25.0,21.210846
1989-12-15,31.5,-25.0,19.489716
1989-12-16,31.5,-25.0,18.025757
1989-12-17,31.5,-25.0,17.672546
1989-12-18,31.5,-25.0,16.705872
1989-12-19,31.5,-25.0,18.287567
1989-12-20,31.5,-25.0,22.035004
1989-12-21,31.5,-25.0,20.964539
1989-12-22,31.5,-25.0,20.400635
1989-12-23,31.5,-25.0,19.217072
1989-12-24,31.5,-25.0,17.576508
1989-12-25,31.5,-25.0,20.95987
1989-12-26,31.5,-25.0,19.220154
1989-12-27,31.5,-25.0,20.158966
1989-12-28,31.5,-25.0,20.177551
1989-12-29,31.5,-25.0,21.644623
1989-12-30,31.5,-25.0,22.48581
1989-12-31,31.5,-25.0,20.100098
1990-01-01,31.5,-25.0,19.926971
1990-01-02,31.5,-25.0,19.451935
1990-01-03,31.5,-25.0,20.770752
1990-01-04,31.5,-25.0,20.571075
1990-01-05,31.5,-25.0,20.229706
1990-01-06,31.5,-25.0,20.342407
1990-01-07,31.5,-25.0,19.561432
1990-01-08,31.5,-25.0,18.526062
1990-01-09,31.5,-25.0,18.564697
1990-01-10,31.5,-25.0,18.735382
1990-01-11,31.5,-25.0,18.136353
1990-01-12,31.5,-25.0,19.08319
1990-01-13,31.5,-25.0,21.182983
1990-01-14,31.5,-25.0,21.704712
1990-01-15,31.5,-25.0,20.678955
1990-01-16,31.5,-25.0,20.12503
1990-01-17,31.5,-25.0,19.418121
1990-01-18,31.5,-25.0,21.355286
1990-01-19,31.5,-25.0,20.63388
1990-01-20,31.5,-25.0,21.656403
1990-01-21,31.5,-25.0,20.838379
1990-01-22,31.5,-25.0,21.659607
1990-01-23,31.5,-25.0,22.097595
1990-01-24,31.5,-25.0,22.414825
1990-01-25,31.5,-25.0,22.012268
1990-01-26,31.5,-25.0,22.255402
1990-01-27,31.5,-25.0,21.672485
1990-01-28,31.5,-25.0,21.893097
1990-01-29,31.5,-25.0,20.788452
1990-01-30,31.5,-25.0,20.878632
1990-01-31,31.5,-25.0,21.748169
1990-02-01,31.5,-25.0,21.178253
1990-02-02,31.5,-25.0,21.639313
1990-02-03,31.5,-25.0,20.15384
1990-02-04,31.5,-25.0,19.610931
1990-02-05,31.5,-25.0,19.337128
1990-02-06,31.5,-25.0,20.03897
1990-02-07,31.5,-25.0,19.810791
1990-02-08,31.5,-25.0,19.275757
1990-02-09,31.5,-25.0,19.708496
1990-02-10,31.5,-25.0,20.012207
1990-02-11,31.5,-25.0,17.733643
1990-02-12,31.5,-25.0,20.25296
1990-02-13,31.5,-25.0,20.806885
1990-02-14,31.5,-25.0,19.557434
1990-02-15,31.5,-25.0,18.141205
1990-02-16,31.5,-25.0,19.82022
1990-02-17,31.5,-25.0,19.368622
1990-02-18,31.5,-25.0,20.156982
1990-02-19,31.5,-25.0,21.101135
1990-02-20,31.5,-25.0,21.16565
1990-02-21,31.5,-25.0,21.92572
1990-02-22,31.5,-25.0,21.66449
1990-02-23,31.5,-25.0,20.427643
1990-02-24,31.5,-25.0,20.556671
1990-02-25,31.5,-25.0,20.134949
1990-02-26,31.5,-25.0,20.78012
1990-02-27,31.5,-25.0,19.607788
1990-02-28,31.5,-25.0,18.707703
1990-03-01,31.5,-25.0,18.22934
1990-03-02,31.5,-25.0,19.971191
1990-03-03,31.5,-25.0,20.351929
1990-03-04,31.5,-25.0,21.917633
1990-03-05,31.5,-25.0,20.951508
1990-03-06,31.5,-25.0,20.111725
1990-03-07,31.5,-25.0,20.2594
1990-03-08,31.5,-25.0,21.463928
1990-03-09,31.5,-25.0,20.45868
1990-03-10,31.5,-25.0,21.303802
1990-03-11,31.5,-25.0,22.490509
1990-03-12,31.5,-25.0,21.773499
1990-03-13,31.5,-25.0,20.503174
1990-03-14,31.5,-25.0,20.289673
1990-03-15,31.5,-25.0,19.990753
1990-03-16,31.5,-25.0,18.549622
1990-03-17,31.5,-25.0,17.1138
1990-03-18,31.5,-25.0,19.825287
1990-03-19,31.5,-25.0,21.37674
1990-03-20,31.5,-25.0,21.499512
1990-03-21,31.5,-25.0,19.937378
1990-03-22,31.5,-25.0,20.4747
1990-03-23,31.5,-25.0,22.59726
1990-03-24,31.5,-25.0,22.414001
1990-03-25,31.5,-25.0,22.3891
1990-03-26,31.5,-25.0,20.113525
1990-03-27,31.5,-25.0,17.857513
1990-03-28,31.5,-25.0,18.622559
1990-03-29,31.5,-25.0,17.969604
1990-03-30,31.5,-25.0,17.909088
1990-03-31,31.5,-25.0,18.316528
1990-04-01,31.5,-25.0,19.392426
1990-04-02,31.5,-25.0,18.954102
1990-04-03,31.5,-25.0,18.174286
1990-04-04,31.5,-25.0,18.210815
1990-04-05,31.5,-25.0,17.58075
1990-04-06,31.5,-25.0,19.23169
1990-04-07,31.5,-25.0,18.91211
1990-04-08,31.5,-25.0,19.808807
1990-04-09,31.5,-25.0,18.846375
1990-04-10,31.5,-25.0,17.22464
1990-04-11,31.5,-25.0,15.884155
1990-04-12,31.5,-25.0,16.02478
1990-04-13,31.5,-25.0,18.660095
1990-04-14,31.5,-25.0,19.741241
1990-04-15,31.5,-25.0,18.976013
1990-04-16,31.5,-25.0,19.240845
1990-04-17,31.5,-25.0,18.696594
1990-04-18,31.5,-25.0,16.97992
1990-04-19,31.5,-25.0,15.707001
1990-04-20,31.5,-25.0,19.34311
1990-04-21,31.5,-25.0,18.49936
1990-04-22,31.5,-25.0,16.800934
1990-04-23,31.5,-25.0,14.97467
1990-04-24,31.5,-25.0,17.699463
1990-04-25,31.5,-25.0,17.416382
1990-04-26,31.5,-25.0,16.253052
1990-04-27,31.5,-25.0,14.043274
1990-04-28,31.5,-25.0,13.959259
1990-04-29,31.5,-25.0,19.470947
1990-04-30,31.5,-25.0,18.128632
1990-05-01,31.5,-25.0,15.047821
1990-05-02,31.5,-25.0,12.84903
1990-05-03,31.5,-25.0,11.983948
1990-05-04,31.5,-25.0,14.708221
1990-05-05,31.5,-25.0,16.313202
1990-05-06,31.5,-25.0,14.042328
1990-05-07,31.5,-25.0,13.8089905
1990-05-08,31.5,-25.0,14.935883
1990-05-09,31.5,-25.0,17.168823
1990-05-10,31.5,-25.0,15.146454
1990-05-11,31.5,-25.0,15.842712
1990-05-12,31.5,-25.0,13.88678
1990-05-13,31.5,-25.0,12.097778
1990-05-14,31.5,-25.0,14.059418
1990-05-15,31.5,-25.0,15.146454
1990-05-16,31.5,-25.0,14.979523
1990-05-17,31.5,-25.0,13.753967
1990-05-18,31.5,-25.0,12.040863
1990-05-19,31.5,-25.0,14.596313
1990-05-20,31.5,-25.0,12.035156
1990-05-21,31.5,-25.0,12.255249
1990-05-22,31.5,-25.0,15.916718
1990-05-23,31.5,-25.0,12.699158
1990-05-24,31.5,-25.0,12.021881
1990-05-25,31.5,-25.0,10.853241
1990-05-26,31.5,-25.0,12.475311
1990-05-27,31.5,-25.0,10.741333
1990-05-28,31.5,-25.0,10.280304
1990-05-29,31.5,-25.0,10.15509
1990-05-30,31.5,-25.0,10.580078
1990-05-31,31.5,-25.0,13.501648
1990-06-01,31.5,-25.0,13.293396
1990-06-02,31.5,-25.0,11.381226
1990-06-03,31.5,-25.0,10.947876
1990-06-04,31.5,-25.0,12.584106
1990-06-05,31.5,-25.0,14.634247
1990-06-06,31.5,-25.0,14.607056
1990-06-07,31.5,-25.0,13.108795
1990-06-08,31.5,-25.0,11.523071
1990-06-09,31.5,-25.0,11.264618
1990-06-10,31.5,-25.0,11.078064
1990-06-11,31.5,-25.0,10.833221
1990-06-12,31.5,-25.0,12.057495
1990-06-13,31.5,-25.0,9.111481
1990-06-14,31.5,-25.0,9.410736
1990-06-15,31.5,-25.0,7.848358
1990-06-16,31.5,-25.0,9.643951
1990-06-17,31.5,-25.0,10.186127
1990-06-18,31.5,-25.0,12.722076
1990-06-19,31.5,-25.0,10.246368
1990-06-20,31.5,-25.0,7.6443176
1990-06-21,31.5,-25.0,7.8250427
1990-06-22,31.5,-25.0,12.516083
1990-06-23,31.5,-25.0,13.279785
1990-06-24,31.5,-25.0,8.11264
1990-06-25,31.5,-25.0,7.2789917
1990-06-26,31.5,-25.0,10.156952
1990-06-27,31.5,-25.0,12.144928
1990-06-28,31.5,-25.0,11.760162
1990-06-29,31.5,-25.0,9.698364
1990-06-30,31.5,-25.0,12.617157
1990-07-01,31.5,-25.0,8.880066
1990-07-02,31.5,-25.0,6.44635
1990-07-03,31.5,-25.0,8.251648
1990-07-04,31.5,-25.0,9.422638
1990-07-05,31.5,-25.0,12.50235
1990-07-06,31.5,-25.0,14.744812
1990-07-07,31.5,-25.0,14.5164795
1990-07-08,31.5,-25.0,12.656525
1990-07-09,31.5,-25.0,14.459869
1990-07-10,31.5,-25.0,15.025848
1990-07-11,31.5,-25.0,13.185425
1990-07-12,31.5,-25.0,11.454315
1990-07-13,31.5,-25.0,14.994629
1990-07-14,31.5,-25.0,14.897034
1990-07-15,31.5,-25.0,10.531189
1990-07-16,31.5,-25.0,11.477722
1990-07-17,31.5,-25.0,11.870026
1990-07-18,31.5,-25.0,12.184235
1990-07-19,31.5,-25.0,14.608185
1990-07-20,31.5,-25.0,16.058289
1990-07-21,31.5,-25.0,13.962189
1990-07-22,31.5,-25.0,12.644836
1990-07-23,31.5,-25.0,9.590485
1990-07-24,31.5,-25.0,12.320862
1990-07-25,31.5,-25.0,10.741974
1990-07-26,31.5,-25.0,8.942535
1990-07-27,31.5,-25.0,8.710266
1990-07-28,31.5,-25.0,14.266663
1990-07-29,31.5,-25.0,12.713135
1990-07-30,31.5,-25.0,13.327911
1990-07-31,31.5,-25.0,10.529236
1990-08-01,31.5,-25.0,14.971252
1990-08-02,31.5,-25.0,12.064819
1990-08-03,31.5,-25.0,11.466034
1990-08-04,31.5,-25.0,14.790466
1990-08-05,31.5,-25.0,14.545502
1990-08-06,31.5,-25.0,14.306366
1990-08-07,31.5,-25.0,11.942322
1990-08-08,31.5,-25.0,9.269165
1990-08-09,31.5,-25.0,10.186798
1990-08-10,31.5,-25.0,10.569794
1990-08-11,31.5,-25.0,14.17807
1990-08-12,31.5,-25.0,13.888397
1990-08-13,31.5,-25.0,11.712921
1990-08-14,31.5,-25.0,9.6094055
1990-08-15,31.5,-25.0,7.554474
1990-08-16,31.5,-25.0,7.5525208
1990-08-17,31.5,-25.0,8.555695
1990-08-18,31.5,-25.0,9.043671
1990-08-19,31.5,-25.0,15.179291
1990-08-20,31.5,-25.0,12.220337
1990-08-21,31.5,-25.0,10.528961
1990-08-22,31.5,-25.0,8.145477
1990-08-23,31.5,-25.0,8.888123
1990-08-24,31.5,-25.0,10.548401
1990-08-25,31.5,-25.0,10.579498
1990-08-26,31.5,-25.0,13.382935
1990-08-27,31.5,-25.0,12.81134
1990-08-28,31.5,-25.0,15.725586
1990-08-29,31.5,-25.0,17.214783
1990-08-30,31.5,-25.0,13.7309265
1990-08-31,31.5,-25.0,13.363495
1990-09-01,31.5,-25.0,11.243347
1990-09-02,31.5,-25.0,10.028564
1990-09-03,31.5,-25.0,11.787109
1990-09-04,31.5,-25.0,14.295776
1990-09-05,31.5,-25.0,11.835327
1990-09-06,31.5,-25.0,8.852325
1990-09-07,31.5,-25.0,13.065552
1990-09-08,31.5,-25.0,14.207062
1990-09-09,31.5,-25.0,15.848022
1990-09-10,31.5,-25.0,16.382141
1990-09-11,31.5,-25.0,13.588104
1990-09-12,31.5,-25.0,16.031189
1990-09-13,31.5,-25.0,17.704926
1990-09-14,31.5,-25.0,15.259888
1990-09-15,31.5,-25.0,18.555267
1990-09-16,31.5,-25.0,17.787811
1990-09-17,31.5,-25.0,18.724945
1990-09-18,31.5,-25.0,12.69339
1990-09-19,31.5,-25.0,11.252991
1990-09-20,31.5,-25.0,9.853088
1990-09-21,31.5,-25.0,10.138458
1990-09-22,31.5,-25.0,9.89743
1990-09-23,31.5,-25.0,12.951782
1990-09-24,31.5,-25.0,14.259125
1990-09-25,31.5,-25.0,12.647125
1990-09-26,31.5,-25.0,13.472412
1990-09-27,31.5,-25.0,12.517914
1990-09-28,31.5,-25.0,15.381378
1990-09-29,31.5,-25.0,18.102142
1990-09-30,31.5,-25.0,18.17926
1990-10-01,31.5,-25.0,18.14273
1990-10-02,31.5,-25.0,16.48706
1990-10-03,31.5,-25.0,19.941315
1990-10-04,31.5,-25.0,17.853424
1990-10-05,31.5,-25.0,16.668304
1990-10-06,31.5,-25.0,18.757965
1990-10-07,31.5,-25.0,18.479095
1990-10-08,31.5,-25.0,17.602448
1990-10-09,31.5,-25.0,17.855164
1990-10-10,31.5,-25.0,18.4216
1990-10-11,31.5,-25.0,18.684753
1990-10-12,31.5,-25.0,17.923126
1990-10-13,31.5,-25.0,20.255035
1990-10-14,31.5,-25.0,19.584045
1990-10-15,31.5,-25.0,15.019592
1990-10-16,31.5,-25.0,14.331177
1990-10-17,31.5,-25.0,15.253143
1990-10-18,31.5,-25.0,15.272308
1990-10-19,31.5,-25.0,14.404388
1990-10-20,31.5,-25.0,14.129028
1990-10-21,31.5,-25.0,11.554871
1990-10-22,31.5,-25.0,12.595337
1990-10-23,31.5,-25.0,17.243439
1990-10-24,31.5,-25.0,19.334839
1990-10-25,31.5,-25.0,19.266846
1990-10-26,31.5,-25.0,17.220795
1990-10-27,31.5,-25.0,16.340668
1990-10-28,31.5,-25.0,16.45047
1990-10-29,31.5,-25.0,14.761658
1990-10-30,31.5,-25.0,17.506592
1990-10-31,31.5,-25.0,17.11969
1990-11-01,31.5,-25.0,18.994812
1990-11-02,31.5,-25.0,18.361908
1990-11-03,31.5,-25.0,19.373901
1990-11-04,31.5,-25.0,18.829346
1990-11-05,31.5,-25.0,18.398834
1990-11-06,31.5,-25.0,15.068878
1990-11-07,31.5,-25.0,14.082581
1990-11-08,31.5,-25.0,15.216675
1990-11-09,31.5,-25.0,13.125214
1990-11-10,31.5,-25.0,16.691284
1990-11-11,31.5,-25.0,16.879242
1990-11-12,31.5,-25.0,18.438995
1990-11-13,31.5,-25.0,20.694336
1990-11-14,31.5,-25.0,22.011536
1990-11-15,31.5,-25.0,15.852783
1990-11-16,31.5,-25.0,15.632721
1990-11-17,31.5,-25.0,17.97638
1990-11-18,31.5,-25.0,18.103271
1990-11-19,31.5,-25.0,21.307953
1990-11-20,31.5,-25.0,21.147308
1990-11-21,31.5,-25.0,19.99878
1990-11-22,31.5,-25.0,19.381927
1990-11-23,31.5,-25.0,20.922424
1990-11-24,31.5,-25.0,16.135498
1990-11-25,31.5,-25.0,16.09375
1990-11-26,31.5,-25.0,15.454407
1990-11-27,31.5,-25.0,14.421539
1990-11-28,31.5,-25.0,14.138794
1990-11-29,31.5,-25.0,16.65918
1990-11-30,31.5,-25.0,19.529724
1990-12-01,31.5,-25.0,22.108856
1990-12-02,31.5,-25.0,19.695953
1990-12-03,31.5,-25.0,18.93219
1990-12-04,31.5,-25.0,19.991089
1990-12-05,31.5,-25.0,20.417542
1990-12-06,31.5,-25.0,20.764557
1990-12-07,31.5,-25.0,20.85376
1990-12-08,31.5,-25.0,19.80783
1990-12-09,31.5,-25.0,20.56186
1990-12-10,31.5,-25.0,18.700317
1990-12-11,31.5,-25.0,18.78949
1990-12-12,31.5,-25.0,18.46518
1990-12-13,31.5,-25.0,19.69757
1990-12-14,31.5,-25.0,20.921844
1990-12-15,31.5,-25.0,22.694214
1990-12-16,31.5,-25.0,22.011536
1990-12-17,31.5,-25.0,22.232086
1990-12-18,31.5,-25.0,21.08078
1990-12-19,31.5,-25.0,17.861969
1990-12-20,31.5,-25.0,17.555481
1990-12-21,31.5,-25.0,19.253265
1990-12-22,31.5,-25.0,19.5484
1990-12-23,31.5,-25.0,20.56186
1990-12-24,31.5,-25.0,21.685608
1990-12-25,31.5,-25.0,22.274231
1990-12-26,31.5,-25.0,19.871094
1990-12-27,31.5,-25.0,18.314392
1990-12-28,31.5,-25.0,18.528412
1990-12-29,31.5,-25.0,17.117676
1990-12-30,31.5,-25.0,20.089996
1990-12-31,31.5,-25.0,20.317017
1991-01-01,31.5,-25.0,20.852936
1991-01-02,31.5,-25.0,18.94751
1991-01-03,31.5,-25.0,19.78061
1991-01-04,31.5,-25.0,19.743713
1991-01-05,31.5,-25.0,21.690857
1991-01-06,31.5,-25.0,21.783966
1991-01-07,31.5,-25.0,21.059998
1991-01-08,31.5,-25.0,23.143616
1991-01-09,31.5,-25.0,16.059662
1991-01-10,31.5,-25.0,16.894379
1991-01-11,31.5,-25.0,15.693665
1991-01-12,31.5,-25.0,16.144714
1991-01-13,31.5,-25.0,19.573547
1991-01-14,31.5,-25.0,20.880219
1991-01-15,31.5,-25.0,22.42929
1991-01-16,31.5,-25.0,21.27832
1991-01-17,31.5,-25.0,21.803223
1991-01-18,31.5,-25.0,21.740631
1991-01-19,31.5,-25.0,20.291077
1991-01-20,31.5,-25.0,22.18689
1991-01-21,31.5,-25.0,23.467896
1991-01-22,31.5,-25.0,23.33786
1991-01-23,31.5,-25.0,24.060211
1991-01-24,31.5,-25.0,22.689331
1991-01-25,31.5,-25.0,21.490204
1991-01-26,31.5,-25.0,22.148376
1991-01-27,31.5,-25.0,22.787262
1991-01-28,31.5,-25.0,21.79361
1991-01-29,31.5,-25.0,22.124298
1991-01-30,31.5,-25.0,22.159607
1991-01-31,31.5,-25.0,20.690796
1991-02-01,31.5,-25.0,22.650452
1991-02-02,31.5,-25.0,21.782288
1991-02-03,31.5,-25.0,21.358154
1991-02-04,31.5,-25.0,22.771881
1991-02-05,31.5,-25.0,21.72406
1991-02-06,31.5,-25.0,21.89206
1991-02-07,31.5,-25.0,24.320312
1991-02-08,31.5,-25.0,22.153168
1991-02-09,31.5,-25.0,20.548187
1991-02-10,31.5,-25.0,20.711182
1991-02-11,31.5,-25.0,20.789337
1991-02-12,31.5,-25.0,20.139038
1991-02-13,31.5,-25.0,21.587677
1991-02-14,31.5,-25.0,22.683716
1991-02-15,31.5,-25.0,22.291199
1991-02-16,31.5,-25.0,22.592255
1991-02-17,31.5,-25.0,21.753998
1991-02-18,31.5,-25.0,19.39392
1991-02-19,31.5,-25.0,18.951538
1991-02-20,31.5,-25.0,15.872955
1991-02-21,31.5,-25.0,18.444244
1991-02-22,31.5,-25.0,18.886658
1991-02-23,31.5,-25.0,19.834686
1991-02-24,31.5,-25.0,23.743164
1991-02-25,31.5,-25.0,22.331116
1991-02-26,31.5,-25.0,23.132782
1991-02-27,31.5,-25.0,22.231323
1991-02-28,31.5,-25.0,19.595184
1991-03-01,31.5,-25.0,20.228699
1991-03-02,31.5,-25.0,22.54007
1991-03-03,31.5,-25.0,24.981415
1991-03-04,31.5,-25.0,23.547028
1991-03-05,31.5,-25.0,22.712769
1991-03-06,31.5,-25.0,20.898865
1991-03-07,31.5,-25.0,21.902405
1991-03-08,31.5,-25.0,20.917664
1991-03-09,31.5,-25.0,20.950165
1991-03-10,31.5,-25.0,22.153717
1991-03-11,31.5,-25.0,22.507599
1991-03-12,31.5,-25.0,20.662933
1991-03-13,31.5,-25.0,19.91925
1991-03-14,31.5,-25.0,19.149933
1991-03-15,31.5,-25.0,21.46817
1991-03-16,31.5,-25.0,18.753296
1991-03-17,31.5,-25.0,18.036987
1991-03-18,31.5,-25.0,19.114044
1991-03-19,31.5,-25.0,19.951752
1991-03-20,31.5,-25.0,18.666107
1991-03-21,31.5,-25.0,22.069946
1991-03-22,31.5,-25.0,20.474884
1991-03-23,31.5,-25.0,19.61496
1991-03-24,31.5,-25.0,19.452545
1991-03-25,31.5,-25.0,18.1669
1991-03-26,31.5,-25.0,16.973602
1991-03-27,31.5,-25.0,15.445221
1991-03-28,31.5,-25.0,13.863831
1991-03-29,31.5,-25.0,14.077545
1991-03-30,31.5,-25.0,14.304901
1991-03-31,31.5,-25.0,19.271332
1991-04-01,31.5,-25.0,18.285156
1991-04-02,31.5,-25.0,18.543335
1991-04-03,31.5,-25.0,18.39093
1991-04-04,31.5,-25.0,18.118408
1991-04-05,31.5,-25.0,15.470154
1991-04-06,31.5,-25.0,19.362732
1991-04-07,31.5,-25.0,14.279602
1991-04-08,31.5,-25.0,12.900787
1991-04-09,31.5,-25.0,14.274231
1991-04-10,31.5,-25.0,13.279114
1991-04-11,31.5,-25.0,14.738617
1991-04-12,31.5,-25.0,15.432495
1991-04-13,31.5,-25.0,17.454987
1991-04-14,31.5,-25.0,14.331604
1991-04-15,31.5,-25.0,16.81131
1991-04-16,31.5,-25.0,15.774963
1991-04-17,31.5,-25.0,16.129974
1991-04-18,31.5,-25.0,14.440979
1991-04-19,31.5,-25.0,16.730621
1991-04-20,31.5,-25.0,16.260864
1991-04-21,31.5,-25.0,13.888733
1991-04-22,31.5,-25.0,15.730133
1991-04-23,31.5,-25.0,19.057922
1991-04-24,31.5,-25.0,14.584412
1991-04-25,31.5,-25.0,15.670959
1991-04-26,31.5,-25.0,17.546448
1991-04-27,31.5,-25.0,15.009369
1991-04-28,31.5,-25.0,15.457611
1991-04-29,31.5,-25.0,17.47293
1991-04-30,31.5,-25.0,15.520355
1991-05-01,31.5,-25.0,14.211914
1991-05-02,31.5,-25.0,15.116058
1991-05-03,31.5,-25.0,15.165558
1991-05-04,31.5,-25.0,17.177551
1991-05-05,31.5,-25.0,14.347046
1991-05-06,31.5,-25.0,13.515228
1991-05-07,31.5,-25.0,18.15216
1991-05-08,31.5,-25.0,17.128082
1991-05-09,31.5,-25.0,15.321655
1991-05-10,31.5,-25.0,16.128723
1991-05-11,31.5,-25.0,15.6319275
1991-05-12,31.5,-25.0,13.159271
1991-05-13,31.5,-25.0,16.199158
1991-05-14,31.5,-25.0,14.946655
1991-05-15,31.5,-25.0,15.776581
1991-05-16,31.5,-25.0,14.659241
1991-05-17,31.5,-25.0,12.346466
1991-05-18,31.5,-25.0,14.20047
1991-05-19,31.5,-25.0,14.299469
1991-05-20,31.5,-25.0,12.060944
1991-05-21,31.5,-25.0,12.58252
1991-05-22,31.5,-25.0,12.904205
1991-05-23,31.5,-25.0,13.203064
1991-05-24,31.5,-25.0,13.08313
1991-05-25,31.5,-25.0,13.880707
1991-05-26,31.5,-25.0,14.006317
1991-05-27,31.5,-25.0,11.750671
1991-05-28,31.5,-25.0,13.317261
1991-05-29,31.5,-25.0,10.789398
1991-05-30,31.5,-25.0,8.708893
1991-05-31,31.5,-25.0,10.246918
1991-06-01,31.5,-25.0,14.455444
1991-06-02,31.5,-25.0,12.417786
1991-06-03,31.5,-25.0,9.346161
1991-06-04,31.5,-25.0,8.677032
1991-06-05,31.5,-25.0,8.658142
1991-06-06,31.5,-25.0,13.389343
1991-06-07,31.5,-25.0,14.761658
1991-06-08,31.5,-25.0,13.55191
1991-06-09,31.5,-25.0,12.754242
1991-06-10,31.5,-25.0,11.920654
1991-06-11,31.5,-25.0,11.676819
1991-06-12,31.5,-25.0,9.232758
1991-06-13,31.5,-25.0,10.506775
1991-06-14,31.5,-25.0,12.555756
1991-06-15,31.5,-25.0,7.6657715
1991-06-16,31.5,-25.0,8.295197
1991-06-17,31.5,-25.0,9.641052
1991-06-18,31.5,-25.0,9.83197
1991-06-19,31.5,-25.0,10.085236
1991-06-20,31.5,-25.0,13.332642
1991-06-21,31.5,-25.0,11.91687
1991-06-22,31.5,-25.0,8.323547
1991-06-23,31.5,-25.0,8.5503845
1991-06-24,31.5,-25.0,8.200684
1991-06-25,31.5,-25.0,9.121246
1991-06-26,31.5,-25.0,15.795593
1991-06-27,31.5,-25.0,13.381805
1991-06-28,31.5,-25.0,12.217407
1991-06-29,31.5,-25.0,10.909393
1991-06-30,31.5,-25.0,11.553955
1991-07-01,31.5,-25.0,11.421295
1991-07-02,31.5,-25.0,14.447144
1991-07-03,31.5,-25.0,11.063293
1991-07-04,31.5,-25.0,11.358459
1991-07-05,31.5,-25.0,10.362549
1991-07-06,31.5,-25.0,12.558136
1991-07-07,31.5,-25.0,9.756989
1991-07-08,31.5,-25.0,8.210754
1991-07-09,31.5,-25.0,10.535828
1991-07-10,31.5,-25.0,7.473816
1991-07-11,31.5,-25.0,7.0891724
1991-07-12,31.5,-25.0,7.0720215
1991-07-13,31.5,-25.0,12.219177
1991-07-14,31.5,-25.0,10.271149
1991-07-15,31.5,-25.0,8.863922
1991-07-16,31.5,-25.0,11.183289
1991-07-17,31.5,-25.0,8.724915
1991-07-18,31.5,-25.0,5.975189
1991-07-19,31.5,-25.0,6.535034
1991-07-20,31.5,-25.0,6.8796997
1991-07-21,31.5,-25.0,8.307861
1991-07-22,31.5,-25.0,8.180298
1991-07-23,31.5,-25.0,9.13623
1991-07-24,31.5,-25.0,11.017609
1991-07-25,31.5,-25.0,13.439789
1991-07-26,31.5,-25.0,13.064667
1991-07-27,31.5,-25.0,13.500732
1991-07-28,31.5,-25.0,8.839172
1991-07-29,31.5,-25.0,5.9923096
1991-07-30,31.5,-25.0,5.626709
1991-07-31,31.5,-25.0,7.022522
1991-08-01,31.5,-25.0,11.897308
1991-08-02,31.5,-25.0,11.667297
1991-08-03,31.5,-25.0,10.707001
1991-08-04,31.5,-25.0,11.627045
1991-08-05,31.5,-25.0,9.424683
1991-08-06,31.5,-25.0,7.9276733
1991-08-07,31.5,-25.0,10.430969
1991-08-08,31.5,-25.0,12.399506
1991-08-09,31.5,-25.0,8.1922
1991-08-10,31.5,-25.0,10.268066
1991-08-11,31.5,-25.0,12.987976
1991-08-12,31.5,-25.0,11.22644
1991-08-13,31.5,-25.0,10.256561
1991-08-14,31.5,-25.0,7.586487
1991-08-15,31.5,-25.0,7.5807495
1991-08-16,31.5,-25.0,8.905243
1991-08-17,31.5,-25.0,9.622101
1991-08-18,31.5,-25.0,10.321716
1991-08-19,31.5,-25.0,13.423065
1991-08-20,31.5,-25.0,13.883087
1991-08-21,31.5,-25.0,16.56659
1991-08-22,31.5,-25.0,15.479767
1991-08-23,31.5,-25.0,12.478088
1991-08-24,31.5,-25.0,15.00824
1991-08-25,31.5,-25.0,15.579437
1991-08-26,31.5,-25.0,13.678009
1991-08-27,31.5,-25.0,12.73111
1991-08-28,31.5,-25.0,14.101624
1991-08-29,31.5,-25.0,16.583832
1991-08-30,31.5,-25.0,16.88095
1991-08-31,31.5,-25.0,16.225403
1991-09-01,31.5,-25.0,15.490204
1991-09-02,31.5,-25.0,13.788452
1991-09-03,31.5,-25.0,12.89505
1991-09-04,31.5,-25.0,14.511719
1991-09-05,31.5,-25.0,14.494293
1991-09-06,31.5,-25.0,14.515564
1991-09-07,31.5,-25.0,14.262238
1991-09-08,31.5,-25.0,18.410217
1991-09-09,31.5,-25.0,16.468689
1991-09-10,31.5,-25.0,15.414795
1991-09-11,31.5,-25.0,16.716217
1991-09-12,31.5,-25.0,14.608398
1991-09-13,31.5,-25.0,14.881073
1991-09-14,31.5,-25.0,17.044983
1991-09-15,31.5,-25.0,15.681641
1991-09-16,31.5,-25.0,17.98285
1991-09-17,31.5,-25.0,16.781982
1991-09-18,31.5,-25.0,15.304565
1991-09-19,31.5,-25.0,19.176025
1991-09-20,31.5,-25.0,18.168518
1991-09-21,31.5,-25.0,18.50113
1991-09-22,31.5,-25.0,16.55185
1991-09-23,31.5,-25.0,16.733643
1991-09-24,31.5,-25.0,19.058044
1991-09-25,31.5,-25.0,16.838043
1991-09-26,31.5,-25.0,16.029724
1991-09-27,31.5,-25.0,13.395905
1991-09-28,31.5,-25.0,17.18808
1991-09-29,31.5,-25.0,16.435822
1991-09-30,31.5,-25.0,14.765045
1991-10-01,31.5,-25.0,13.336365
1991-10-02,31.5,-25.0,11.357452
1991-10-03,31.5,-25.0,13.186249
1991-10-04,31.5,-25.0,15.363037
1991-10-05,31.5,-25.0,17.0997
1991-10-06,31.5,-25.0,17.297577
1991-10-07,31.5,-25.0,19.138306
1991-10-08,31.5,-25.0,19.365204
1991-10-09,31.5,-25.0,18.358704
1991-10-10,31.5,-25.0,17.910034
1991-10-11,31.5,-25.0,17.234467
1991-10-12,31.5,-25.0,16.536743
1991-10-13,31.5,-25.0,18.015808
1991-10-14,31.5,-25.0,17.527893
1991-10-15,31.5,-25.0,16.016418
1991-10-16,31.5,-25.0,15.714478
1991-10-17,31.5,-25.0,14.023865
1991-10-18,31.5,-25.0,15.250458
1991-10-19,31.5,-25.0,19.375458
1991-10-20,31.5,-25.0,19.72345
1991-10-21,31.5,-25.0,18.950653
1991-10-22,31.5,-25.0,17.976562
1991-10-23,31.5,-25.0,17.858856
1991-10-24,31.5,-25.0,18.97284
1991-10-25,31.5,-25.0,17.669495
1991-10-26,31.5,-25.0,16.676636
1991-10-27,31.5,-25.0,20.301788
1991-10-28,31.5,-25.0,21.460114
1991-10-29,31.5,-25.0,20.573029
1991-10-30,31.5,-25.0,20.204529
1991-10-31,31.5,-25.0,19.975952
1991-11-01,31.5,-25.0,18.41626
1991-11-02,31.5,-25.0,17.252869
1991-11-03,31.5,-25.0,16.579071
1991-11-04,31.5,-25.0,16.313538
1991-11-05,31.5,-25.0,17.309296
1991-11-06,31.5,-25.0,18.55899
1991-11-07,31.5,-25.0,18.064423
1991-11-08,31.5,-25.0,18.412933
1991-11-09,31.5,-25.0,19.093384
1991-11-10,31.5,-25.0,18.137451
1991-11-11,31.5,-25.0,21.098175
1991-11-12,31.5,-25.0,21.474915
1991-11-13,31.5,-25.0,20.91397
1991-11-14,31.5,-25.0,20.495728
1991-11-15,31.5,-25.0,20.372925
1991-11-16,31.5,-25.0,19.629425
1991-11-17,31.5,-25.0,18.927399
1991-11-18,31.5,-25.0,20.630157
1991-11-19,31.5,-25.0,20.444275
1991-11-20,31.5,-25.0,21.320557
1991-11-21,31.5,-25.0,15.724365
1991-11-22,31.5,-25.0,14.663879
1991-11-23,31.5,-25.0,14.53775
1991-11-24,31.5,-25.0,13.553619
1991-11-25,31.5,-25.0,17.468628
1991-11-26,31.5,-25.0,18.778046
1991-11-27,31.5,-25.0,17.67276
1991-11-28,31.5,-25.0,20.90567
1991-11-29,31.5,-25.0,21.733795
1991-11-30,31.5,-25.0,19.86676
1991-12-01,31.5,-25.0,18.024841
1991-12-02,31.5,-25.0,21.003204
1991-12-03,31.5,-25.0,21.675781
1991-12-04,31.5,-25.0,17.543762
1991-12-05,31.5,-25.0,15.991547
1991-12-06,31.5,-25.0,15.529144
1991-12-07,31.5,-25.0,15.840515
1991-12-08,31.5,-25.0,19.413605
1991-12-09,31.5,-25.0,19.55371
1991-12-10,31.5,-25.0,17.249512
1991-12-11,31.5,-25.0,17.15921
1991-12-12,31.5,-25.0,19.964752
1991-12-13,31.5,-25.0,20.68869
1991-12-14,31.5,-25.0,19.910248
1991-12-15,31.5,-25.0,20.651337
1991-12-16,31.5,-25.0,21.815887
1991-12-17,31.5,-25.0,21.110626
1991-12-18,31.5,-25.0,19.667358
1991-12-19,31.5,-25.0,20.430237
1991-12-20,31.5,-25.0,20.989166
1991-12-21,31.5,-25.0,17.6792
1991-12-22,31.5,-25.0,18.00772
1991-12-23,31.5,-25.0,18.516815
1991-12-24,31.5,-25.0,17.9906
1991-12-25,31.5,-25.0,19.373108
1991-12-26,31.5,-25.0,20.048798
1991-12-27,31.5,-25.0,19.379333
1991-12-28,31.5,-25.0,18.67096
1991-12-29,31.5,-25.0,19.206543
1991-12-30,31.5,-25.0,20.81482
1991-12-31,31.5,-25.0,21.699127
1992-01-01,31.5,-25.0,20.961578
1992-01-02,31.5,-25.0,21.29126
1992-01-03,31.5,-25.0,19.776703
1992-01-04,31.5,-25.0,17.472198
1992-01-05,31.5,-25.0,19.721191
1992-01-06,31.5,-25.0,20.702087
1992-01-07,31.5,-25.0,22.345581
1992-01-08,31.5,-25.0,21.872284
1992-01-09,31.5,-25.0,20.928925
1992-01-10,31.5,-25.0,20.65149
1992-01-11,31.5,-25.0,19.548187
1992-01-12,31.5,-25.0,18.70279
1992-01-13,31.5,-25.0,23.173035
1992-01-14,31.5,-25.0,24.036407
1992-01-15,31.5,-25.0,23.390106
1992-01-16,31.5,-25.0,23.03595
1992-01-17,31.5,-25.0,22.877625
1992-01-18,31.5,-25.0,22.004456
1992-01-19,31.5,-25.0,21.570343
1992-01-20,31.5,-25.0,20.894653
1992-01-21,31.5,-25.0,22.425537
1992-01-22,31.5,-25.0,21.229248
1992-01-23,31.5,-25.0,21.780884
1992-01-24,31.5,-25.0,20.230408
1992-01-25,31.5,-25.0,22.51532
1992-01-26,31.5,-25.0,21.25534
1992-01-27,31.5,-25.0,19.500854
1992-01-28,31.5,-25.0,19.355621
1992-01-29,31.5,-25.0,21.81189
1992-01-30,31.5,-25.0,22.463074
1992-01-31,31.5,-25.0,22.335785
1992-02-01,31.5,-25.0,21.98407
1992-02-02,31.5,-25.0,22.62436
1992-02-03,31.5,-25.0,22.500336
1992-02-04,31.5,-25.0,21.91034
1992-02-05,31.5,-25.0,21.286804
1992-02-06,31.5,-25.0,19.994537
1992-02-07,31.5,-25.0,20.958282
1992-02-08,31.5,-25.0,21.814789
1992-02-09,31.5,-25.0,21.114166
1992-02-10,31.5,-25.0,22.242218
1992-02-11,31.5,-25.0,21.925415
1992-02-12,31.5,-25.0,21.715912
1992-02-13,31.5,-25.0,20.440369
1992-02-14,31.5,-25.0,22.95288
1992-02-15,31.5,-25.0,22.972992
1992-02-16,31.5,-25.0,23.162415
1992-02-17,31.5,-25.0,22.983063
1992-02-18,31.5,-25.0,22.237183
1992-02-19,31.5,-25.0,22.227112
1992-02-20,31.5,-25.0,22.124878
1992-02-21,31.5,-25.0,20.720276
1992-02-22,31.5,-25.0,22.119843
1992-02-23,31.5,-25.0,21.075623
1992-02-24,31.5,-25.0,21.692444
1992-02-25,31.5,-25.0,24.449677
1992-02-26,31.5,-25.0,24.60553
1992-02-27,31.5,-25.0,24.69104
1992-02-28,31.5,-25.0,23.844574
1992-02-29,31.5,-25.0,23.30487
1992-03-01,31.5,-25.0,24.274048
1992-03-02,31.5,-25.0,18.199188
1992-03-03,31.5,-25.0,16.612213
1992-03-04,31.5,-25.0,14.323334
1992-03-05,31.5,-25.0,15.725494
1992-03-06,31.5,-25.0,17.758362
1992-03-07,31.5,-25.0,18.219513
1992-03-08,31.5,-25.0,20.576233
1992-03-09,31.5,-25.0,20.733917
1992-03-10,31.5,-25.0,22.476837
1992-03-11,31.5,-25.0,22.18863
1992-03-12,31.5,-25.0,22.18692
1992-03-13,31.5,-25.0,21.018738
1992-03-14,31.5,-25.0,23.319489
1992-03-15,31.5,-25.0,21.212036
1992-03-16,31.5,-25.0,21.174713
1992-03-17,31.5,-25.0,22.090271
1992-03-18,31.5,-25.0,20.915314
1992-03-19,31.5,-25.0,20.89328
1992-03-20,31.5,-25.0,20.037079
1992-03-21,31.5,-25.0,21.300201
1992-03-22,31.5,-25.0,22.70404
1992-03-23,31.5,-25.0,21.839355
1992-03-24,31.5,-25.0,20.686432
1992-03-25,31.5,-25.0,18.751892
1992-03-26,31.5,-25.0,17.6651
1992-03-27,31.5,-25.0,19.131683
1992-03-28,31.5,-25.0,16.932678
1992-03-29,31.5,-25.0,19.555542
1992-03-30,31.5,-25.0,19.024872
1992-03-31,31.5,-25.0,21.059448
1992-04-01,31.5,-25.0,21.64972
1992-04-02,31.5,-25.0,21.334564
1992-04-03,31.5,-25.0,20.978912
1992-04-04,31.5,-25.0,19.073944
1992-04-05,31.5,-25.0,20.184875
1992-04-06,31.5,-25.0,18.667236
1992-04-07,31.5,-25.0,18.552795
1992-04-08,31.5,-25.0,17.883759
1992-04-09,31.5,-25.0,18.899628
1992-04-10,31.5,-25.0,17.35733
1992-04-11,31.5,-25.0,18.147858
1992-04-12,31.5,-25.0,19.547546
1992-04-13,31.5,-25.0,18.561584
1992-04-14,31.5,-25.0,18.415466
1992-04-15,31.5,-25.0,16.556244
1992-04-16,31.5,-25.0,19.63028
1992-04-17,31.5,-25.0,21.037018
1992-04-18,31.5,-25.0,20.607422
1992-04-19,31.5,-25.0,18.25174
1992-04-20,31.5,-25.0,18.941895
1992-04-21,31.5,-25.0,19.024628
1992-04-22,31.5,-25.0,19.903198
1992-04-23,31.5,-25.0,17.501709
1992-04-24,31.5,-25.0,20.397919
1992-04-25,31.5,-25.0,17.695374
1992-04-26,31.5,-25.0,18.853851
1992-04-27,31.5,-25.0,19.50882
1992-04-28,31.5,-25.0,19.88559
1992-04-29,31.5,-25.0,17.170715
1992-04-30,31.5,-25.0,14.425903
1992-05-01,31.5,-25.0,11.759827
1992-05-02,31.5,-25.0,15.374786
1992-05-03,31.5,-25.0,14.997498
1992-05-04,31.5,-25.0,13.373077
1992-05-05,31.5,-25.0,15.13504
1992-05-06,31.5,-25.0,13.003204
1992-05-07,31.5,-25.0,14.84137
1992-05-08,31.5,-25.0,14.019867
1992-05-09,31.5,-25.0,14.5346985
1992-05-10,31.5,-25.0,13.936249
1992-05-11,31.5,-25.0,16.426758
1992-05-12,31.5,-25.0,16.14798
1992-05-13,31.5,-25.0,13.3229065
1992-05-14,31.5,-25.0,11.873199
1992-05-15,31.5,-25.0,12.072052
1992-05-16,31.5,-25.0,12.962341
1992-05-17,31.5,-25.0,15.765106
1992-05-18,31.5,-25.0,13.360077
1992-05-19,31.5,-25.0,14.9826355
1992-05-20,31.5,-25.0,15.062561
1992-05-21,31.5,-25.0,15.666595
1992-05-22,31.5,-25.0,15.170349
1992-05-23,31.5,-25.0,16.421204
1992-05-24,31.5,-25.0,13.413971
1992-05-25,31.5,-25.0,12.891693
1992-05-26,31.5,-25.0,15.395233
1992-05-27,31.5,-25.0,14.2447815
1992-05-28,31.5,-25.0,12.348999
1992-05-29,31.5,-25.0,10.088928
1992-05-30,31.5,-25.0,11.343475
1992-05-31,31.5,-25.0,12.109222
1992-06-01,31.5,-25.0,13.465668
1992-06-02,31.5,-25.0,13.706726
1992-06-03,31.5,-25.0,16.335785
1992-06-04,31.5,-25.0,16.136475
1992-06-05,31.5,-25.0,12.368469
1992-06-06,31.5,-25.0,13.395416
1992-06-07,31.5,-25.0,10.314575
1992-06-08,31.5,-25.0,8.509369
1992-06-09,31.5,-25.0,7.953186
1992-06-10,31.5,-25.0,7.3760986
1992-06-11,31.5,-25.0,8.3461
1992-06-12,31.5,-25.0,8.378387
1992-06-13,31.5,-25.0,14.295197
1992-06-14,31.5,-25.0,13.657379
1992-06-15,31.5,-25.0,11.108032
1992-06-16,31.5,-25.0,9.116791
1992-06-17,31.5,-25.0,9.524902
1992-06-18,31.5,-25.0,9.832428
1992-06-19,31.5,-25.0,16.02069
1992-06-20,31.5,-25.0,13.235962
1992-06-21,31.5,-25.0,9.925446
1992-06-22,31.5,-25.0,9.714752
1992-06-23,31.5,-25.0,11.713593
1992-06-24,31.5,-25.0,8.894684
1992-06-25,31.5,-25.0,8.923157
1992-06-26,31.5,-25.0,9.3958435
1992-06-27,31.5,-25.0,7.848755
1992-06-28,31.5,-25.0,6.3852234
1992-06-29,31.5,-25.0,8.889008
1992-06-30,31.5,-25.0,10.557556
1992-07-01,31.5,-25.0,10.624756
1992-07-02,31.5,-25.0,10.02652
1992-07-03,31.5,-25.0,9.597778
1992-07-04,31.5,-25.0,6.549988
1992-07-05,31.5,-25.0,7.610077
1992-07-06,31.5,-25.0,6.524658
1992-07-07,31.5,-25.0,6.2732544
1992-07-08,31.5,-25.0,9.8862
1992-07-09,31.5,-25.0,6.3473206
1992-07-10,31.5,-25.0,7.450287
1992-07-11,31.5,-25.0,8.237579
1992-07-12,31.5,-25.0,15.946747
1992-07-13,31.5,-25.0,12.267548
1992-07-14,31.5,-25.0,8.939117
1992-07-15,31.5,-25.0,9.971954
1992-07-16,31.5,-25.0,15.270538
1992-07-17,31.5,-25.0,11.26004
1992-07-18,31.5,-25.0,9.404846
1992-07-19,31.5,-25.0,10.143433
1992-07-20,31.5,-25.0,9.180756
1992-07-21,31.5,-25.0,10.07132
1992-07-22,31.5,-25.0,10.574097
1992-07-23,31.5,-25.0,10.650085
1992-07-24,31.5,-25.0,11.706299
1992-07-25,31.5,-25.0,12.698212
1992-07-26,31.5,-25.0,10.599426
1992-07-27,31.5,-25.0,11.58548
1992-07-28,31.5,-25.0,15.3211975
1992-07-29,31.5,-25.0,13.286713
1992-07-30,31.5,-25.0,12.713806
1992-07-31,31.5,-25.0,11.838806
1992-08-01,31.5,-25.0,8.223053
1992-08-02,31.5,-25.0,11.200439
1992-08-03,31.5,-25.0,11.510559
1992-08-04,31.5,-25.0,9.939087
1992-08-05,31.5,-25.0,13.220886
1992-08-06,31.5,-25.0,11.424927
1992-08-07,31.5,-25.0,11.257507
1992-08-08,31.5,-25.0,14.527893
1992-08-09,31.5,-25.0,8.679657
1992-08-10,31.5,-25.0,8.536957
1992-08-11,31.5,-25.0,9.707001
1992-08-12,31.5,-25.0,6.666809
1992-08-13,31.5,-25.0,6.5983276
1992-08-14,31.5,-25.0,7.585724
1992-08-15,31.5,-25.0,9.609955
1992-08-16,31.5,-25.0,12.927887
1992-08-17,31.5,-25.0,11.826355
1992-08-18,31.5,-25.0,14.94455
1992-08-19,31.5,-25.0,12.98877
1992-08-20,31.5,-25.0,11.577118
1992-08-21,31.5,-25.0,10.722931
1992-08-22,31.5,-25.0,12.884155
1992-08-23,31.5,-25.0,14.486023
1992-08-24,31.5,-25.0,13.776398
1992-08-25,31.5,-25.0,15.273651
1992-08-26,31.5,-25.0,14.002808
1992-08-27,31.5,-25.0,12.589264
1992-08-28,31.5,-25.0,12.505554
1992-08-29,31.5,-25.0,11.957642
1992-08-30,31.5,-25.0,13.561432
1992-08-31,31.5,-25.0,13.306488
1992-09-01,31.5,-25.0,12.291046
1992-09-02,31.5,-25.0,14.634125
1992-09-03,31.5,-25.0,17.156494
1992-09-04,31.5,-25.0,17.855194
1992-09-05,31.5,-25.0,17.712524
1992-09-06,31.5,-25.0,18.678314
1992-09-07,31.5,-25.0,17.562561
1992-09-08,31.5,-25.0,15.133484
1992-09-09,31.5,-25.0,16.785187
1992-09-10,31.5,-25.0,16.966248
1992-09-11,31.5,-25.0,18.835602
1992-09-12,31.5,-25.0,17.79303
1992-09-13,31.5,-25.0,16.598602
1992-09-14,31.5,-25.0,16.25473
1992-09-15,31.5,-25.0,14.871918
1992-09-16,31.5,-25.0,17.520477
1992-09-17,31.5,-25.0,18.424072
1992-09-18,31.5,-25.0,18.184448
1992-09-19,31.5,-25.0,18.90512
1992-09-20,31.5,-25.0,19.166687
1992-09-21,31.5,-25.0,16.620544
1992-09-22,31.5,-25.0,14.976196
1992-09-23,31.5,-25.0,14.509766
1992-09-24,31.5,-25.0,14.853638
1992-09-25,31.5,-25.0,16.282166
1992-09-26,31.5,-25.0,16.834564
1992-09-27,31.5,-25.0,17.994232
1992-09-28,31.5,-25.0,18.1698
1992-09-29,31.5,-25.0,16.34436
1992-09-30,31.5,-25.0,15.612701
1992-10-01,31.5,-25.0,18.279327
1992-10-02,31.5,-25.0,18.09311
1992-10-03,31.5,-25.0,15.596497
1992-10-04,31.5,-25.0,18.126465
1992-10-05,31.5,-25.0,15.424316
1992-10-06,31.5,-25.0,15.433105
1992-10-07,31.5,-25.0,15.939087
1992-10-08,31.5,-25.0,18.066742
1992-10-09,31.5,-25.0,16.575104
1992-10-10,31.5,-25.0,15.777466
1992-10-11,31.5,-25.0,14.754913
1992-10-12,31.5,-25.0,17.920929
1992-10-13,31.5,-25.0,16.87378
1992-10-14,31.5,-25.0,16.128845
1992-10-15,31.5,-25.0,17.959564
1992-10-16,31.5,-25.0,18.852081
1992-10-17,31.5,-25.0,20.234802
1992-10-18,31.5,-25.0,19.886932
1992-10-19,31.5,-25.0,19.020752
1992-10-20,31.5,-25.0,23.362122
1992-10-21,31.5,-25.0,19.066437
1992-10-22,31.5,-25.0,17.797943
1992-10-23,31.5,-25.0,21.919708
1992-10-24,31.5,-25.0,23.063446
1992-10-25,31.5,-25.0,20.378876
1992-10-26,31.5,-25.0,18.328522
1992-10-27,31.5,-25.0,18.34259
1992-10-28,31.5,-25.0,19.085754
1992-10-29,31.5,-25.0,20.886627
1992-10-30,31.5,-25.0,17.753998
1992-10-31,31.5,-25.0,17.82605
1992-11-01,31.5,-25.0,19.059296
1992-11-02,31.5,-25.0,20.690277
1992-11-03,31.5,-25.0,20.47995
1992-11-04,31.5,-25.0,19.384247
1992-11-05,31.5,-25.0,18.858368
1992-11-06,31.5,-25.0,19.040466
1992-11-07,31.5,-25.0,18.184937
1992-11-08,31.5,-25.0,20.235046
1992-11-09,31.5,-25.0,19.404633
1992-11-10,31.5,-25.0,19.632263
1992-11-11,31.5,-25.0,22.778076
1992-11-12,31.5,-25.0,22.245941
1992-11-13,31.5,-25.0,22.121918
1992-11-14,31.5,-25.0,21.341736
1992-11-15,31.5,-25.0,21.101562
1992-11-16,31.5,-25.0,19.125214
1992-11-17,31.5,-25.0,16.255676
1992-11-18,31.5,-25.0,17.035858
1992-11-19,31.5,-25.0,17.244629
1992-11-20,31.5,-25.0,18.253998
1992-11-21,31.5,-25.0,19.304169
1992-11-22,31.5,-25.0,19.322998
1992-11-23,31.5,-25.0,18.891327
1992-11-24,31.5,-25.0,22.720001
1992-11-25,31.5,-25.0,17.049988
1992-11-26,31.5,-25.0,16.12381
1992-11-27,31.5,-25.0,14.6953125
1992-11-28,31.5,-25.0,14.200836
1992-11-29,31.5,-25.0,14.302856
1992-11-30,31.5,-25.0,17.431427
1992-12-01,31.5,-25.0,19.3797
1992-12-02,31.5,-25.0,19.550201
1992-12-03,31.5,-25.0,21.24881
1992-12-04,31.5,-25.0,24.241272
1992-12-05,31.5,-25.0,23.686737
1992-12-06,31.5,-25.0,23.591156
1992-12-07,31.5,-25.0,22.687683
1992-12-08,31.5,-25.0,21.873413
1992-12-09,31.5,-25.0,22.816742
1992-12-10,31.5,-25.0,21.653534
1992-12-11,31.5,-25.0,21.573853
1992-12-12,31.5,-25.0,19.996368
1992-12-13,31.5,-25.0,20.32779
1992-12-14,31.5,-25.0,20.856812
1992-12-15,31.5,-25.0,22.23993
1992-12-16,31.5,-25.0,22.173004
1992-12-17,31.5,-25.0,21.032104
1992-12-18,31.5,-25.0,21.212158
1992-12-19,31.5,-25.0,21.733215
1992-12-20,31.5,-25.0,22.472565
1992-12-21,31.5,-25.0,21.69815
1992-12-22,31.5,-25.0,21.28067
1992-12-23,31.5,-25.0,21.106995
1992-12-24,31.5,-25.0,19.394043
1992-12-25,31.5,-25.0,17.567963
1992-12-26,31.5,-25.0,16.223114
1992-12-27,31.5,-25.0,15.00415
1992-12-28,31.5,-25.0,18.339203
1992-12-29,31.5,-25.0,21.14682
1992-12-30,31.5,-25.0,21.900513
1992-12-31,31.5,-25.0,20.939667
1993-01-01,31.5,-25.0,21.445496
1993-01-02,31.5,-25.0,21.257751
1993-01-03,31.5,-25.0,21.254395
1993-01-04,31.5,-25.0,21.106873
1993-01-05,31.5,-25.0,21.24768
1993-01-06,31.5,-25.0,20.238556
1993-01-07,31.5,-25.0,19.67868
1993-01-08,31.5,-25.0,22.117676
1993-01-09,31.5,-25.0,22.184723
1993-01-10,31.5,-25.0,22.620544
1993-01-11,31.5,-25.0,20.243591
1993-01-12,31.5,-25.0,18.585754
1993-01-13,31.5,-25.0,16.026062
1993-01-14,31.5,-25.0,15.704224
1993-01-15,31.5,-25.0,18.143219
1993-01-16,31.5,-25.0,20.248627
1993-01-17,31.5,-25.0,19.571411
1993-01-18,31.5,-25.0,22.367432
1993-01-19,31.5,-25.0,22.22998
1993-01-20,31.5,-25.0,22.317139
1993-01-21,31.5,-25.0,20.402832
1993-01-22,31.5,-25.0,21.185669
1993-01-23,31.5,-25.0,19.80774
1993-01-24,31.5,-25.0,21.556122
1993-01-25,31.5,-25.0,19.50769
1993-01-26,31.5,-25.0,18.250488
1993-01-27,31.5,-25.0,17.59842
1993-01-28,31.5,-25.0,16.609406
1993-01-29,31.5,-25.0,18.404694
1993-01-30,31.5,-25.0,18.072815
1993-01-31,31.5,-25.0,20.526886
1993-02-01,31.5,-25.0,19.699554
1993-02-02,31.5,-25.0,19.9971
1993-02-03,31.5,-25.0,20.818329
1993-02-04,31.5,-25.0,21.031097
1993-02-05,31.5,-25.0,21.408447
1993-02-06,31.5,-25.0,20.896454
1993-02-07,31.5,-25.0,20.33789
1993-02-08,31.5,-25.0,22.16983
1993-02-09,31.5,-25.0,20.788391
1993-02-10,31.5,-25.0,21.46167
1993-02-11,31.5,-25.0,20.829956
1993-02-12,31.5,-25.0,20.728546
1993-02-13,31.5,-25.0,22.070099
1993-02-14,31.5,-25.0,21.463318
1993-02-15,31.5,-25.0,21.579681
1993-02-16,31.5,-25.0,18.577423
1993-02-17,31.5,-25.0,18.226685
1993-02-18,31.5,-25.0,18.8667
1993-02-19,31.5,-25.0,20.096832
1993-02-20,31.5,-25.0,19.995453
1993-02-21,31.5,-25.0,22.33606
1993-02-22,31.5,-25.0,22.16153
1993-02-23,31.5,-25.0,20.760132
1993-02-24,31.5,-25.0,19.293915
1993-02-25,31.5,-25.0,17.149445
1993-02-26,31.5,-25.0,20.302979
1993-02-27,31.5,-25.0,20.233154
1993-02-28,31.5,-25.0,19.87909
1993-03-01,31.5,-25.0,19.32959
1993-03-02,31.5,-25.0,20.330078
1993-03-03,31.5,-25.0,21.268066
1993-03-04,31.5,-25.0,21.346222
1993-03-05,31.5,-25.0,21.012726
1993-03-06,31.5,-25.0,19.440735
1993-03-07,31.5,-25.0,18.700775
1993-03-08,31.5,-25.0,18.065063
1993-03-09,31.5,-25.0,19.65091
1993-03-10,31.5,-25.0,19.51892
1993-03-11,31.5,-25.0,18.947449
1993-03-12,31.5,-25.0,16.418396
1993-03-13,31.5,-25.0,18.872742
1993-03-14,31.5,-25.0,18.987396
1993-03-15,31.5,-25.0,18.674744
1993-03-16,31.5,-25.0,20.858124
1993-03-17,31.5,-25.0,18.13974
1993-03-18,31.5,-25.0,17.358093
1993-03-19,31.5,-25.0,19.280945
1993-03-20,31.5,-25.0,18.883179
1993-03-21,31.5,-25.0,17.571747
1993-03-22,31.5,-25.0,17.894836
1993-03-23,31.5,-25.0,17.649902
1993-03-24,31.5,-25.0,17.14096
1993-03-25,31.5,-25.0,16.109192
1993-03-26,31.5,-25.0,19.782928
1993-03-27,31.5,-25.0,18.963074
1993-03-28,31.5,-25.0,19.48938
1993-03-29,31.5,-25.0,20.436035
1993-03-30,31.5,-25.0,19.998322
1993-03-31,31.5,-25.0,18.436768
1993-04-01,31.5,-25.0,19.98053
1993-04-02,31.5,-25.0,17.804688
1993-04-03,31.5,-25.0,16.433044
1993-04-04,31.5,-25.0,14.886993
1993-04-05,31.5,-25.0,19.005524
1993-04-06,31.5,-25.0,17.351135
1993-04-07,31.5,-25.0,16.405518
1993-04-08,31.5,-25.0,19.745514
1993-04-09,31.5,-25.0,19.231384
1993-04-10,31.5,-25.0,20.454254
1993-04-11,31.5,-25.0,20.138458
1993-04-12,31.5,-25.0,21.752441
1993-04-13,31.5,-25.0,16.403687
1993-04-14,31.5,-25.0,14.290253
1993-04-15,31.5,-25.0,16.890259
1993-04-16,31.5,-25.0,14.453674
1993-04-17,31.5,-25.0,19.211182
1993-04-18,31.5,-25.0,19.857513
1993-04-19,31.5,-25.0,19.029388
1993-04-20,31.5,-25.0,19.255249
1993-04-21,31.5,-25.0,19.61148
1993-04-22,31.5,-25.0,18.204956
1993-04-23,31.5,-25.0,18.26004
1993-04-24,31.5,-25.0,18.021332
1993-04-25,31.5,-25.0,16.179657
1993-04-26,31.5,-25.0,16.772736
1993-04-27,31.5,-25.0,16.326569
1993-04-28,31.5,-25.0,16.625854
1993-04-29,31.5,-25.0,14.292084
1993-04-30,31.5,-25.0,12.356781
1993-05-01,31.5,-25.0,14.558136
1993-05-02,31.5,-25.0,13.664429
1993-05-03,31.5,-25.0,15.327515
1993-05-04,31.5,-25.0,14.396881
1993-05-05,31.5,-25.0,17.14209
1993-05-06,31.5,-25.0,16.879822
1993-05-07,31.5,-25.0,17.485992
1993-05-08,31.5,-25.0,18.02414
1993-05-09,31.5,-25.0,17.996948
1993-05-10,31.5,-25.0,15.964752
1993-05-11,31.5,-25.0,14.94281
1993-05-12,31.5,-25.0,12.496796
1993-05-13,31.5,-25.0,13.726624
1993-05-14,31.5,-25.0,14.602814
1993-05-15,31.5,-25.0,17.03717
1993-05-16,31.5,-25.0,12.5434265
1993-05-17,31.5,-25.0,10.742432
1993-05-18,31.5,-25.0,12.277283
1993-05-19,31.5,-25.0,12.658051
1993-05-20,31.5,-25.0,12.244232
1993-05-21,31.5,-25.0,12.277283
1993-05-22,31.5,-25.0,13.864563
1993-05-23,31.5,-25.0,13.149597
1993-05-24,31.5,-25.0,15.690796
1993-05-25,31.5,-25.0,14.40271
1993-05-26,31.5,-25.0,17.8143
1993-05-27,31.5,-25.0,14.000549
1993-05-28,31.5,-25.0,11.943115
1993-05-29,31.5,-25.0,12.61142
1993-05-30,31.5,-25.0,11.199005
1993-05-31,31.5,-25.0,13.35553
1993-06-01,31.5,-25.0,14.498962
1993-06-02,31.5,-25.0,11.814575
1993-06-03,31.5,-25.0,13.94577
1993-06-04,31.5,-25.0,10.640533
1993-06-05,31.5,-25.0,8.923248
1993-06-06,31.5,-25.0,7.291504
1993-06-07,31.5,-25.0,8.586945
1993-06-08,31.5,-25.0,10.903198
1993-06-09,31.5,-25.0,10.903198
1993-06-10,31.5,-25.0,9.33316
1993-06-11,31.5,-25.0,12.306061
1993-06-12,31.5,-25.0,11.943909
1993-06-13,31.5,-25.0,11.311127
1993-06-14,31.5,-25.0,9.759003
1993-06-15,31.5,-25.0,9.303314
1993-06-16,31.5,-25.0,8.933197
1993-06-17,31.5,-25.0,9.687347
1993-06-18,31.5,-25.0,8.9192505
1993-06-19,31.5,-25.0,9.468475
1993-06-20,31.5,-25.0,10.919098
1993-06-21,31.5,-25.0,8.198914
1993-06-22,31.5,-25.0,7.586029
1993-06-23,31.5,-25.0,6.744293
1993-06-24,31.5,-25.0,6.8656616
1993-06-25,31.5,-25.0,13.498016
1993-06-26,31.5,-25.0,10.783783
1993-06-27,31.5,-25.0,9.17395
1993-06-28,31.5,-25.0,9.267487
1993-06-29,31.5,-25.0,11.4782715
1993-06-30,31.5,-25.0,13.314972
1993-07-01,31.5,-25.0,13.219543
1993-07-02,31.5,-25.0,13.209564
1993-07-03,31.5,-25.0,11.825592
1993-07-04,31.5,-25.0,11.133606
1993-07-05,31.5,-25.0,13.634308
1993-07-06,31.5,-25.0,10.726776
1993-07-07,31.5,-25.0,8.35968
1993-07-08,31.5,-25.0,8.365662
1993-07-09,31.5,-25.0,11.289154
1993-07-10,31.5,-25.0,10.708832
1993-07-11,31.5,-25.0,9.913147
1993-07-12,31.5,-25.0,12.198517
1993-07-13,31.5,-25.0,10.762695
1993-07-14,31.5,-25.0,9.474426
1993-07-15,31.5,-25.0,7.667694
1993-07-16,31.5,-25.0,11.129608
1993-07-17,31.5,-25.0,8.955963
1993-07-18,31.5,-25.0,12.33609
1993-07-19,31.5,-25.0,13.664246
1993-07-20,31.5,-25.0,11.111664
1993-07-21,31.5,-25.0,13.58847
1993-07-22,31.5,-25.0,12.009064
1993-07-23,31.5,-25.0,11.3489685
1993-07-24,31.5,-25.0,12.9722595
1993-07-25,31.5,-25.0,12.665131
1993-07-26,31.5,-25.0,12.284241
1993-07-27,31.5,-25.0,12.663147
1993-07-28,31.5,-25.0,14.340271
1993-07-29,31.5,-25.0,12.148651
1993-07-30,31.5,-25.0,15.1718445
1993-07-31,31.5,-25.0,13.747986
1993-08-01,31.5,-25.0,11.36792
1993-08-02,31.5,-25.0,12.453003
1993-08-03,31.5,-25.0,12.413696
1993-08-04,31.5,-25.0,11.953705
1993-08-05,31.5,-25.0,13.71109
1993-08-06,31.5,-25.0,16.447449
1993-08-07,31.5,-25.0,15.209015
1993-08-08,31.5,-25.0,15.613983
1993-08-09,31.5,-25.0,14.715607
1993-08-10,31.5,-25.0,14.283142
1993-08-11,31.5,-25.0,13.168549
1993-08-12,31.5,-25.0,11.823975
1993-08-13,31.5,-25.0,10.229736
1993-08-14,31.5,-25.0,7.361664
1993-08-15,31.5,-25.0,6.7738953
1993-08-16,31.5,-25.0,8.641388
1993-08-17,31.5,-25.0,9.614441
1993-08-18,31.5,-25.0,12.741974
1993-08-19,31.5,-25.0,10.42041
1993-08-20,31.5,-25.0,12.942474
1993-08-21,31.5,-25.0,12.820618
1993-08-22,31.5,-25.0,12.49823
1993-08-23,31.5,-25.0,10.40271
1993-08-24,31.5,-25.0,9.081726
1993-08-25,31.5,-25.0,10.247406
1993-08-26,31.5,-25.0,9.138733
1993-08-27,31.5,-25.0,10.245453
1993-08-28,31.5,-25.0,11.989105
1993-08-29,31.5,-25.0,15.639526
1993-08-30,31.5,-25.0,14.896454
1993-08-31,31.5,-25.0,14.74118
1993-09-01,31.5,-25.0,13.130127
1993-09-02,31.5,-25.0,11.205872
1993-09-03,31.5,-25.0,11.059601
1993-09-04,31.5,-25.0,10.824066
1993-09-05,31.5,-25.0,13.941223
1993-09-06,31.5,-25.0,14.511108
1993-09-07,31.5,-25.0,11.965698
1993-09-08,31.5,-25.0,11.044403
1993-09-09,31.5,-25.0,12.260132
1993-09-10,31.5,-25.0,13.162415
1993-09-11,31.5,-25.0,15.149353
1993-09-12,31.5,-25.0,15.954773
1993-09-13,31.5,-25.0,13.681
1993-09-14,31.5,-25.0,17.390839
1993-09-15,31.5,-25.0,15.829376
1993-09-16,31.5,-25.0,13.908936
1993-09-17,31.5,-25.0,16.58731
1993-09-18,31.5,-25.0,17.704254
1993-09-19,31.5,-25.0,16.853241
1993-09-20,31.5,-25.0,17.096405
1993-09-21,31.5,-25.0,17.124878
1993-09-22,31.5,-25.0,18.98645
1993-09-23,31.5,-25.0,18.712921
1993-09-24,31.5,-25.0,17.782135
1993-09-25,31.5,-25.0,19.438538
1993-09-26,31.5,-25.0,19.537323
1993-09-27,31.5,-25.0,18.186737
1993-09-28,31.5,-25.0,19.97992
1993-09-29,31.5,-25.0,18.253235
1993-09-30,31.5,-25.0,15.514069
1993-10-01,31.5,-25.0,15.222626
1993-10-02,31.5,-25.0,15.800415
1993-10-03,31.5,-25.0,16.73758
1993-10-04,31.5,-25.0,18.810944
1993-10-05,31.5,-25.0,19.103363
1993-10-06,31.5,-25.0,17.15155
1993-10-07,31.5,-25.0,16.917267
1993-10-08,31.5,-25.0,15.7969055
1993-10-09,31.5,-25.0,14.938995
1993-10-10,31.5,-25.0,18.196167
1993-10-11,31.5,-25.0,18.990631
1993-10-12,31.5,-25.0,17.695862
1993-10-13,31.5,-25.0,19.112183
1993-10-14,31.5,-25.0,18.476257
1993-10-15,31.5,-25.0,18.167969
1993-10-16,31.5,-25.0,16.249603
1993-10-17,31.5,-25.0,19.529663
1993-10-18,31.5,-25.0,19.778046
1993-10-19,31.5,-25.0,18.183807
1993-10-20,31.5,-25.0,16.682953
1993-10-21,31.5,-25.0,18.411072
1993-10-22,31.5,-25.0,18.798615
1993-10-23,31.5,-25.0,19.85202
1993-10-24,31.5,-25.0,19.168549
1993-10-25,31.5,-25.0,17.417542
1993-10-26,31.5,-25.0,16.850311
1993-10-27,31.5,-25.0,15.921967
1993-10-28,31.5,-25.0,18.592499
1993-10-29,31.5,-25.0,19.360565
1993-10-30,31.5,-25.0,18.789795
1993-10-31,31.5,-25.0,20.336456
1993-11-01,31.5,-25.0,19.102478
1993-11-02,31.5,-25.0,19.182404
1993-11-03,31.5,-25.0,18.92981
1993-11-04,31.5,-25.0,17.553192
1993-11-05,31.5,-25.0,16.507538
1993-11-06,31.5,-25.0,16.272522
1993-11-07,31.5,-25.0,16.534729
1993-11-08,31.5,-25.0,15.775269
1993-11-09,31.5,-25.0,15.567413
1993-11-10,31.5,-25.0,17.246216
1993-11-11,31.5,-25.0,19.26236
1993-11-12,31.5,-25.0,16.077454
1993-11-13,31.5,-25.0,15.876007
1993-11-14,31.5,-25.0,15.831238
1993-11-15,31.5,-25.0,16.876862
1993-11-16,31.5,-25.0,17.294159
1993-11-17,31.5,-25.0,18.736328
1993-11-18,31.5,-25.0,17.785034
1993-11-19,31.5,-25.0,20.384735
1993-11-20,31.5,-25.0,20.851624
1993-11-21,31.5,-25.0,20.594208
1993-11-22,31.5,-25.0,21.156982
1993-11-23,31.5,-25.0,16.619446
1993-11-24,31.5,-25.0,16.662628
1993-11-25,31.5,-25.0,17.847382
1993-11-26,31.5,-25.0,18.66919
1993-11-27,31.5,-25.0,17.668304
1993-11-28,31.5,-25.0,15.492279
1993-11-29,31.5,-25.0,16.579498
1993-11-30,31.5,-25.0,19.188812
1993-12-01,31.5,-25.0,19.254333
1993-12-02,31.5,-25.0,22.256866
1993-12-03,31.5,-25.0,21.481018
1993-12-04,31.5,-25.0,21.224579
1993-12-05,31.5,-25.0,20.344513
1993-12-06,31.5,-25.0,20.418945
1993-12-07,31.5,-25.0,22.116241
1993-12-08,31.5,-25.0,21.429718
1993-12-09,31.5,-25.0,23.247803
1993-12-10,31.5,-25.0,19.403229
1993-12-11,31.5,-25.0,18.425537
1993-12-12,31.5,-25.0,16.946594
1993-12-13,31.5,-25.0,17.13684
1993-12-14,31.5,-25.0,14.938293
1993-12-15,31.5,-25.0,17.237762
1993-12-16,31.5,-25.0,19.65799
1993-12-17,31.5,-25.0,21.52237
1993-12-18,31.5,-25.0,23.2081
1993-12-19,31.5,-25.0,19.684448
1993-12-20,31.5,-25.0,18.347778
1993-12-21,31.5,-25.0,19.894531
1993-12-22,31.5,-25.0,19.193115
1993-12-23,31.5,-25.0,20.668762
1993-12-24,31.5,-25.0,18.794434
1993-12-25,31.5,-25.0,16.951569
1993-12-26,31.5,-25.0,22.147675
1993-12-27,31.5,-25.0,23.447968
1993-12-28,31.5,-25.0,23.08731
1993-12-29,31.5,-25.0,22.954987
1993-12-30,31.5,-25.0,21.055847
1993-12-31,31.5,-25.0,19.990479
1994-01-01,31.5,-25.0,20.763794
1994-01-02,31.5,-25.0,21.690094
1994-01-03,31.5,-25.0,21.112183
1994-01-04,31.5,-25.0,18.133453
1994-01-05,31.5,-25.0,16.384827
1994-01-06,31.5,-25.0,14.482666
1994-01-07,31.5,-25.0,15.820129
1994-01-08,31.5,-25.0,17.525818
1994-01-09,31.5,-25.0,19.660797
1994-01-10,31.5,-25.0,18.785675
1994-01-11,31.5,-25.0,20.053772
1994-01-12,31.5,-25.0,20.398865
1994-01-13,31.5,-25.0,21.922913
1994-01-14,31.5,-25.0,17.907227
1994-01-15,31.5,-25.0,17.865936
1994-01-16,31.5,-25.0,18.571014
1994-01-17,31.5,-25.0,17.380493
1994-01-18,31.5,-25.0,18.432312
1994-01-19,31.5,-25.0,18.092163
1994-01-20,31.5,-25.0,20.128082
1994-01-21,31.5,-25.0,20.213928
1994-01-22,31.5,-25.0,21.985657
1994-01-23,31.5,-25.0,20.174316
1994-01-24,31.5,-25.0,17.669464
1994-01-25,31.5,-25.0,16.904968
1994-01-26,31.5,-25.0,18.029419
1994-01-27,31.5,-25.0,17.463074
1994-01-28,31.5,-25.0,18.904541
1994-01-29,31.5,-25.0,20.106628
1994-01-30,31.5,-25.0,20.790222
1994-01-31,31.5,-25.0,20.36914
1994-02-01,31.5,-25.0,21.714691
1994-02-02,31.5,-25.0,21.945648
1994-02-03,31.5,-25.0,21.398132
1994-02-04,31.5,-25.0,20.769867
1994-02-05,31.5,-25.0,21.309296
1994-02-06,31.5,-25.0,21.822906
1994-02-07,31.5,-25.0,20.307953
1994-02-08,31.5,-25.0,19.707123
1994-02-09,31.5,-25.0,17.86914
1994-02-10,31.5,-25.0,18.718689
1994-02-11,31.5,-25.0,19.91388
1994-02-12,31.5,-25.0,19.76529
1994-02-13,31.5,-25.0,19.959076
1994-02-14,31.5,-25.0,19.652222
1994-02-15,31.5,-25.0,20.21103
1994-02-16,31.5,-25.0,20.14804
1994-02-17,31.5,-25.0,20.973358
1994-02-18,31.5,-25.0,20.496918
1994-02-19,31.5,-25.0,19.75882
1994-02-20,31.5,-25.0,19.187073
1994-02-21,31.5,-25.0,19.747498
1994-02-22,31.5,-25.0,20.412933
1994-02-23,31.5,-25.0,20.157745
1994-02-24,31.5,-25.0,19.057861
1994-02-25,31.5,-25.0,18.657318
1994-02-26,31.5,-25.0,19.98169
1994-02-27,31.5,-25.0,19.325958
1994-02-28,31.5,-25.0,18.818817
1994-03-01,31.5,-25.0,19.125427
1994-03-02,31.5,-25.0,19.034973
1994-03-03,31.5,-25.0,20.696259
1994-03-04,31.5,-25.0,21.125916
1994-03-05,31.5,-25.0,19.558594
1994-03-06,31.5,-25.0,19.749939
1994-03-07,31.5,-25.0,19.099335
1994-03-08,31.5,-25.0,20.344849
1994-03-09,31.5,-25.0,22.140076
1994-03-10,31.5,-25.0,20.463165
1994-03-11,31.5,-25.0,21.324219
1994-03-12,31.5,-25.0,20.783234
1994-03-13,31.5,-25.0,21.186798
1994-03-14,31.5,-25.0,21.421661
1994-03-15,31.5,-25.0,19.866486
1994-03-16,31.5,-25.0,19.156738
1994-03-17,31.5,-25.0,18.333923
1994-03-18,31.5,-25.0,18.867981
1994-03-19,31.5,-25.0,19.447266
1994-03-20,31.5,-25.0,17.817291
1994-03-21,31.5,-25.0,17.385864
1994-03-22,31.5,-25.0,16.73529
1994-03-23,31.5,-25.0,18.740997
1994-03-24,31.5,-25.0,21.18332
1994-03-25,31.5,-25.0,21.25116
1994-03-26,31.5,-25.0,20.456207
1994-03-27,31.5,-25.0,22.726318
1994-03-28,31.5,-25.0,21.03894
1994-03-29,31.5,-25.0,20.115234
1994-03-30,31.5,-25.0,20.287445
1994-03-31,31.5,-25.0,21.165924
1994-04-01,31.5,-25.0,19.79358
1994-04-02,31.5,-25.0,20.95581
1994-04-03,31.5,-25.0,20.330566
1994-04-04,31.5,-25.0,18.583557
1994-04-05,31.5,-25.0,16.805267
1994-04-06,31.5,-25.0,18.83731
1994-04-07,31.5,-25.0,19.30075
1994-04-08,31.5,-25.0,18.570679
1994-04-09,31.5,-25.0,16.496307
1994-04-10,31.5,-25.0,18.517334
1994-04-11,31.5,-25.0,20.416992
1994-04-12,31.5,-25.0,19.230865
1994-04-13,31.5,-25.0,19.149933
1994-04-14,31.5,-25.0,16.941345
1994-04-15,31.5,-25.0,14.24176
1994-04-16,31.5,-25.0,16.634247
1994-04-17,31.5,-25.0,18.329773
1994-04-18,31.5,-25.0,19.696106
1994-04-19,31.5,-25.0,18.780304
1994-04-20,31.5,-25.0,18.570679
1994-04-21,31.5,-25.0,18.226776
1994-04-22,31.5,-25.0,18.38861
1994-04-23,31.5,-25.0,15.161224
1994-04-24,31.5,-25.0,16.729858
1994-04-25,31.5,-25.0,13.960388
1994-04-26,31.5,-25.0,11.902588
1994-04-27,31.5,-25.0,12.055206
1994-04-28,31.5,-25.0,14.01004
1994-04-29,31.5,-25.0,17.776245
1994-04-30,31.5,-25.0,16.647125
1994-05-01,31.5,-25.0,15.517395
1994-05-02,31.5,-25.0,14.685913
1994-05-03,31.5,-25.0,17.199738
1994-05-04,31.5,-25.0,17.380402
1994-05-05,31.5,-25.0,16.010834
1994-05-06,31.5,-25.0,16.335236
1994-05-07,31.5,-25.0,16.741272
1994-05-08,31.5,-25.0,15.20462
1994-05-09,31.5,-25.0,12.933655
1994-05-10,31.5,-25.0,15.468811
1994-05-11,31.5,-25.0,13.56308
1994-05-12,31.5,-25.0,15.764099
1994-05-13,31.5,-25.0,16.442078
1994-05-14,31.5,-25.0,14.718964
1994-05-15,31.5,-25.0,15.210449
1994-05-16,31.5,-25.0,14.969543
1994-05-17,31.5,-25.0,13.362976
1994-05-18,31.5,-25.0,12.727722
1994-05-19,31.5,-25.0,13.195923
1994-05-20,31.5,-25.0,12.947235
1994-05-21,31.5,-25.0,13.590271
1994-05-22,31.5,-25.0,12.807373
1994-05-23,31.5,-25.0,9.70105
1994-05-24,31.5,-25.0,8.900696
1994-05-25,31.5,-25.0,8.758881
1994-05-26,31.5,-25.0,8.671448
1994-05-27,31.5,-25.0,9.182373
1994-05-28,31.5,-25.0,10.326599
1994-05-29,31.5,-25.0,11.4591675
1994-05-30,31.5,-25.0,8.840454
1994-05-31,31.5,-25.0,10.746216
1994-06-01,31.5,-25.0,10.5529175
1994-06-02,31.5,-25.0,11.758881
1994-06-03,31.5,-25.0,9.758423
1994-06-04,31.5,-25.0,9.538483
1994-06-05,31.5,-25.0,9.915802
1994-06-06,31.5,-25.0,12.695557
1994-06-07,31.5,-25.0,10.492249
1994-06-08,31.5,-25.0,8.791412
1994-06-09,31.5,-25.0,9.991669
1994-06-10,31.5,-25.0,8.472839
1994-06-11,31.5,-25.0,10.7690735
1994-06-12,31.5,-25.0,11.884033
1994-06-13,31.5,-25.0,9.411438
1994-06-14,31.5,-25.0,10.58136
1994-06-15,31.5,-25.0,10.793732
1994-06-16,31.5,-25.0,11.929535
1994-06-17,31.5,-25.0,9.612427
1994-06-18,31.5,-25.0,9.748962
1994-06-19,31.5,-25.0,9.5252075
1994-06-20,31.5,-25.0,6.5103455
1994-06-21,31.5,-25.0,8.349609
1994-06-22,31.5,-25.0,14.225769
1994-06-23,31.5,-25.0,12.098297
1994-06-24,31.5,-25.0,9.972687
1994-06-25,31.5,-25.0,11.294312
1994-06-26,31.5,-25.0,10.896118
1994-06-27,31.5,-25.0,11.6640625
1994-06-28,31.5,-25.0,11.647003
1994-06-29,31.5,-25.0,6.9483337
1994-06-30,31.5,-25.0,6.06662
1994-07-01,31.5,-25.0,8.936401
1994-07-02,31.5,-25.0,10.797699
1994-07-03,31.5,-25.0,9.856934
1994-07-04,31.5,-25.0,7.2588196
1994-07-05,31.5,-25.0,7.714508
1994-07-06,31.5,-25.0,6.678192
1994-07-07,31.5,-25.0,5.9284973
1994-07-08,31.5,-25.0,6.641449
1994-07-09,31.5,-25.0,6.3492737
1994-07-10,31.5,-25.0,9.970856
1994-07-11,31.5,-25.0,6.439331
1994-07-12,31.5,-25.0,4.0433044
1994-07-13,31.5,-25.0,4.851776
1994-07-14,31.5,-25.0,6.588135
1994-07-15,31.5,-25.0,8.454987
1994-07-16,31.5,-25.0,10.068237
1994-07-17,31.5,-25.0,7.7328796
1994-07-18,31.5,-25.0,7.253296
1994-07-19,31.5,-25.0,7.3929443
1994-07-20,31.5,-25.0,7.218384
1994-07-21,31.5,-25.0,7.297394
1994-07-22,31.5,-25.0,8.519287
1994-07-23,31.5,-25.0,9.985565
1994-07-24,31.5,-25.0,7.659363
1994-07-25,31.5,-25.0,11.47757
1994-07-26,31.5,-25.0,8.638733
1994-07-27,31.5,-25.0,7.916626
1994-07-28,31.5,-25.0,11.135803
1994-07-29,31.5,-25.0,12.172119
1994-07-30,31.5,-25.0,12.714142
1994-07-31,31.5,-25.0,9.509674
1994-08-01,31.5,-25.0,7.5622253
1994-08-02,31.5,-25.0,7.1167297
1994-08-03,31.5,-25.0,7.467743
1994-08-04,31.5,-25.0,11.612427
1994-08-05,31.5,-25.0,12.439819
1994-08-06,31.5,-25.0,8.574799
1994-08-07,31.5,-25.0,10.144714
1994-08-08,31.5,-25.0,12.453308
1994-08-09,31.5,-25.0,12.958618
1994-08-10,31.5,-25.0,10.771515
1994-08-11,31.5,-25.0,14.366547
1994-08-12,31.5,-25.0,11.990448
1994-08-13,31.5,-25.0,12.092651
1994-08-14,31.5,-25.0,11.645203
1994-08-15,31.5,-25.0,10.104218
1994-08-16,31.5,-25.0,7.8997498
1994-08-17,31.5,-25.0,10.686676
1994-08-18,31.5,-25.0,11.512146
1994-08-19,31.5,-25.0,14.713715
1994-08-20,31.5,-25.0,11.89209
1994-08-21,31.5,-25.0,10.522736
1994-08-22,31.5,-25.0,8.441711
1994-08-23,31.5,-25.0,8.914215
1994-08-24,31.5,-25.0,5.7917175
1994-08-25,31.5,-25.0,7.2883606
1994-08-26,31.5,-25.0,7.9884644
1994-08-27,31.5,-25.0,8.941223
1994-08-28,31.5,-25.0,10.536224
1994-08-29,31.5,-25.0,13.300018
1994-08-30,31.5,-25.0,11.45813
1994-08-31,31.5,-25.0,11.722351
1994-09-01,31.5,-25.0,14.194916
1994-09-02,31.5,-25.0,12.841095
1994-09-03,31.5,-25.0,11.138092
1994-09-04,31.5,-25.0,13.1623535
1994-09-05,31.5,-25.0,10.033112
1994-09-06,31.5,-25.0,11.067505
1994-09-07,31.5,-25.0,14.740936
1994-09-08,31.5,-25.0,14.057495
1994-09-09,31.5,-25.0,13.396362
1994-09-10,31.5,-25.0,11.539246
1994-09-11,31.5,-25.0,9.942108
1994-09-12,31.5,-25.0,10.463959
1994-09-13,31.5,-25.0,13.821655
1994-09-14,31.5,-25.0,14.300781
1994-09-15,31.5,-25.0,13.791931
1994-09-16,31.5,-25.0,12.426941
1994-09-17,31.5,-25.0,16.13562
1994-09-18,31.5,-25.0,17.197906
1994-09-19,31.5,-25.0,15.350067
1994-09-20,31.5,-25.0,13.409363
1994-09-21,31.5,-25.0,14.961914
1994-09-22,31.5,-25.0,16.163483
1994-09-23,31.5,-25.0,15.827362
1994-09-24,31.5,-25.0,17.929626
1994-09-25,31.5,-25.0,15.766052
1994-09-26,31.5,-25.0,18.353058
1994-09-27,31.5,-25.0,17.721619
1994-09-28,31.5,-25.0,18.923187
1994-09-29,31.5,-25.0,13.760345
1994-09-30,31.5,-25.0,11.290375
1994-10-01,31.5,-25.0,10.163757
1994-10-02,31.5,-25.0,11.509491
1994-10-03,31.5,-25.0,14.1892395
1994-10-04,31.5,-25.0,14.197632
1994-10-05,31.5,-25.0,13.223175
1994-10-06,31.5,-25.0,10.938263
1994-10-07,31.5,-25.0,11.437256
1994-10-08,31.5,-25.0,11.284363
1994-10-09,31.5,-25.0,12.226898
1994-10-10,31.5,-25.0,15.20401
1994-10-11,31.5,-25.0,13.935547
1994-10-12,31.5,-25.0,15.63913
1994-10-13,31.5,-25.0,16.826965
1994-10-14,31.5,-25.0,14.829346
1994-10-15,31.5,-25.0,14.674774
1994-10-16,31.5,-25.0,13.105591
1994-10-17,31.5,-25.0,13.347504
1994-10-18,31.5,-25.0,11.368378
1994-10-19,31.5,-25.0,14.248047
1994-10-20,31.5,-25.0,17.327637
1994-10-21,31.5,-25.0,17.53595
1994-10-22,31.5,-25.0,17.085693
1994-10-23,31.5,-25.0,17.431793
1994-10-24,31.5,-25.0,16.885773
1994-10-25,31.5,-25.0,15.4644165
1994-10-26,31.5,-25.0,18.54065
1994-10-27,31.5,-25.0,16.685822
1994-10-28,31.5,-25.0,17.816528
1994-10-29,31.5,-25.0,15.331696
1994-10-30,31.5,-25.0,13.5373535
1994-10-31,31.5,-25.0,16.260773
1994-11-01,31.5,-25.0,14.587036
1994-11-02,31.5,-25.0,12.783508
1994-11-03,31.5,-25.0,15.829987
1994-11-04,31.5,-25.0,17.909698
1994-11-05,31.5,-25.0,18.882935
1994-11-06,31.5,-25.0,18.5401
1994-11-07,31.5,-25.0,20.13565
1994-11-08,31.5,-25.0,19.940674
1994-11-09,31.5,-25.0,21.370483
1994-11-10,31.5,-25.0,20.48822
1994-11-11,31.5,-25.0,20.426483
1994-11-12,31.5,-25.0,22.249481
1994-11-13,31.5,-25.0,21.052032
1994-11-14,31.5,-25.0,21.659698
1994-11-15,31.5,-25.0,19.994293
1994-11-16,31.5,-25.0,19.888672
1994-11-17,31.5,-25.0,20.78067
1994-11-18,31.5,-25.0,20.519104
1994-11-19,31.5,-25.0,20.728699
1994-11-20,31.5,-25.0,20.824554
1994-11-21,31.5,-25.0,22.199127
1994-11-22,31.5,-25.0,22.307983
1994-11-23,31.5,-25.0,17.061554
1994-11-24,31.5,-25.0,14.707245
1994-11-25,31.5,-25.0,13.166962
1994-11-26,31.5,-25.0,14.756012
1994-11-27,31.5,-25.0,17.74884
1994-11-28,31.5,-25.0,16.842224
1994-11-29,31.5,-25.0,15.625244
1994-11-30,31.5,-25.0,14.871368
1994-12-01,31.5,-25.0,16.98114
1994-12-02,31.5,-25.0,16.989319
1994-12-03,31.5,-25.0,20.21988
1994-12-04,31.5,-25.0,19.343567
1994-12-05,31.5,-25.0,18.365906
1994-12-06,31.5,-25.0,18.890717
1994-12-07,31.5,-25.0,21.627533
1994-12-08,31.5,-25.0,21.21225
1994-12-09,31.5,-25.0,20.57138
1994-12-10,31.5,-25.0,16.258514
1994-12-11,31.5,-25.0,14.061218
1994-12-12,31.5,-25.0,12.4704895
1994-12-13,31.5,-25.0,13.0672
1994-12-14,31.5,-25.0,16.408936
1994-12-15,31.5,-25.0,18.277618
1994-12-16,31.5,-25.0,18.683075
1994-12-17,31.5,-25.0,17.798615
1994-12-18,31.5,-25.0,20.195343
1994-12-19,31.5,-25.0,21.34143
1994-12-20,31.5,-25.0,18.9888
1994-12-21,31.5,-25.0,19.59372
1994-12-22,31.5,-25.0,24.215576
1994-12-23,31.5,-25.0,23.604126
1994-12-24,31.5,-25.0,24.771423
1994-12-25,31.5,-25.0,21.367584
1994-12-26,31.5,-25.0,19.654205
1994-12-27,31.5,-25.0,20.388275
1994-12-28,31.5,-25.0,21.086365
1994-12-29,31.5,-25.0,20.170837
1994-12-30,31.5,-25.0,19.099976
1994-12-31,31.5,-25.0,20.264008
1995-01-01,31.5,-25.0,21.569794
1995-01-02,31.5,-25.0,21.029022
1995-01-03,31.5,-25.0,22.092682
1995-01-04,31.5,-25.0,20.850403
1995-01-05,31.5,-25.0,20.08554
1995-01-06,31.5,-25.0,22.51004
1995-01-07,31.5,-25.0,21.139465
1995-01-08,31.5,-25.0,20.662018
1995-01-09,31.5,-25.0,19.054352
1995-01-10,31.5,-25.0,18.2294
1995-01-11,31.5,-25.0,18.359314
1995-01-12,31.5,-25.0,19.078705
1995-01-13,31.5,-25.0,21.52594
1995-01-14,31.5,-25.0,22.883545
1995-01-15,31.5,-25.0,21.779297
1995-01-16,31.5,-25.0,22.055359
1995-01-17,31.5,-25.0,21.267761
1995-01-18,31.5,-25.0,20.731873
1995-01-19,31.5,-25.0,20.405457
1995-01-20,31.5,-25.0,17.730865
1995-01-21,31.5,-25.0,18.744202
1995-01-22,31.5,-25.0,17.73413
1995-01-23,31.5,-25.0,16.865326
1995-01-24,31.5,-25.0,20.400574
1995-01-25,31.5,-25.0,20.087158
1995-01-26,31.5,-25.0,22.412598
1995-01-27,31.5,-25.0,24.02353
1995-01-28,31.5,-25.0,22.96637
1995-01-29,31.5,-25.0,23.555847
1995-01-30,31.5,-25.0,23.828644
1995-01-31,31.5,-25.0,22.165771
1995-02-01,31.5,-25.0,21.96939
1995-02-02,31.5,-25.0,23.267456
1995-02-03,31.5,-25.0,21.598083
1995-02-04,31.5,-25.0,20.537628
1995-02-05,31.5,-25.0,21.141785
1995-02-06,31.5,-25.0,21.25351
1995-02-07,31.5,-25.0,22.861511
1995-02-08,31.5,-25.0,22.866241
1995-02-09,31.5,-25.0,21.02066
1995-02-10,31.5,-25.0,18.471771
1995-02-11,31.5,-25.0,17.371979
1995-02-12,31.5,-25.0,20.093933
1995-02-13,31.5,-25.0,20.443207
1995-02-14,31.5,-25.0,19.107422
1995-02-15,31.5,-25.0,19.626617
1995-02-16,31.5,-25.0,21.126068
1995-02-17,31.5,-25.0,21.442322
1995-02-18,31.5,-25.0,20.737427
1995-02-19,31.5,-25.0,22.024475
1995-02-20,31.5,-25.0,22.274628
1995-02-21,31.5,-25.0,22.334412
1995-02-22,31.5,-25.0,21.90332
1995-02-23,31.5,-25.0,20.847565
1995-02-24,31.5,-25.0,20.957703
1995-02-25,31.5,-25.0,19.565277
1995-02-26,31.5,-25.0,20.531311
1995-02-27,31.5,-25.0,20.537628
1995-02-28,31.5,-25.0,19.604614
1995-03-01,31.5,-25.0,21.070374
1995-03-02,31.5,-25.0,20.302277
1995-03-03,31.5,-25.0,21.177704
1995-03-04,31.5,-25.0,21.045197
1995-03-05,31.5,-25.0,20.65445
1995-03-06,31.5,-25.0,19.8461
1995-03-07,31.5,-25.0,20.132904
1995-03-08,31.5,-25.0,20.210022
1995-03-09,31.5,-25.0,20.456573
1995-03-10,31.5,-25.0,18.667145
1995-03-11,31.5,-25.0,16.164978
1995-03-12,31.5,-25.0,17.184631
1995-03-13,31.5,-25.0,18.271362
1995-03-14,31.5,-25.0,20.609161
1995-03-15,31.5,-25.0,18.81305
1995-03-16,31.5,-25.0,16.495361
1995-03-17,31.5,-25.0,19.33963
1995-03-18,31.5,-25.0,20.79364
1995-03-19,31.5,-25.0,20.515259
1995-03-20,31.5,-25.0,21.174347
1995-03-21,31.5,-25.0,21.050232
1995-03-22,31.5,-25.0,19.680084
1995-03-23,31.5,-25.0,19.106537
1995-03-24,31.5,-25.0,18.776154
1995-03-25,31.5,-25.0,18.764404
1995-03-26,31.5,-25.0,19.272552
1995-03-27,31.5,-25.0,21.328644
1995-03-28,31.5,-25.0,20.044006
1995-03-29,31.5,-25.0,19.524109
1995-03-30,31.5,-25.0,19.520752
1995-03-31,31.5,-25.0,18.418945
1995-04-01,31.5,-25.0,16.44757
1995-04-02,31.5,-25.0,17.176178
1995-04-03,31.5,-25.0,17.567078
1995-04-04,31.5,-25.0,14.500336
1995-04-05,31.5,-25.0,19.205963
1995-04-06,31.5,-25.0,17.218384
1995-04-07,31.5,-25.0,15.462006
1995-04-08,31.5,-25.0,15.443665
1995-04-09,31.5,-25.0,17.418427
1995-04-10,31.5,-25.0,17.462463
1995-04-11,31.5,-25.0,14.825165
1995-04-12,31.5,-25.0,11.332642
1995-04-13,31.5,-25.0,13.716675
1995-04-14,31.5,-25.0,14.566406
1995-04-15,31.5,-25.0,17.436768
1995-04-16,31.5,-25.0,16.352112
1995-04-17,31.5,-25.0,17.335846
1995-04-18,31.5,-25.0,13.700165
1995-04-19,31.5,-25.0,15.377594
1995-04-20,31.5,-25.0,17.044037
1995-04-21,31.5,-25.0,19.275726
1995-04-22,31.5,-25.0,19.116058
1995-04-23,31.5,-25.0,19.106873
1995-04-24,31.5,-25.0,21.077942
1995-04-25,31.5,-25.0,19.886871
1995-04-26,31.5,-25.0,19.407867
1995-04-27,31.5,-25.0,19.67398
1995-04-28,31.5,-25.0,17.13211
1995-04-29,31.5,-25.0,16.623749
1995-04-30,31.5,-25.0,15.761169
1995-05-01,31.5,-25.0,17.02179
1995-05-02,31.5,-25.0,16.751251
1995-05-03,31.5,-25.0,17.716156
1995-05-04,31.5,-25.0,17.307495
1995-05-05,31.5,-25.0,16.475006
1995-05-06,31.5,-25.0,14.486572
1995-05-07,31.5,-25.0,15.935822
1995-05-08,31.5,-25.0,16.881775
1995-05-09,31.5,-25.0,16.942322
1995-05-10,31.5,-25.0,13.964386
1995-05-11,31.5,-25.0,12.488647
1995-05-12,31.5,-25.0,13.014618
1995-05-13,31.5,-25.0,12.991913
1995-05-14,31.5,-25.0,12.694885
1995-05-15,31.5,-25.0,11.943756
1995-05-16,31.5,-25.0,11.898346
1995-05-17,31.5,-25.0,11.538879
1995-05-18,31.5,-25.0,14.772247
1995-05-19,31.5,-25.0,12.361877
1995-05-20,31.5,-25.0,12.674072
1995-05-21,31.5,-25.0,16.07013
1995-05-22,31.5,-25.0,14.618988
1995-05-23,31.5,-25.0,13.650299
1995-05-24,31.5,-25.0,12.093231
1995-05-25,31.5,-25.0,11.069672
1995-05-26,31.5,-25.0,10.460449
1995-05-27,31.5,-25.0,10.269379
1995-05-28,31.5,-25.0,12.325928
1995-05-29,31.5,-25.0,10.81427
1995-05-30,31.5,-25.0,8.795532
1995-05-31,31.5,-25.0,11.99295
1995-06-01,31.5,-25.0,12.487915
1995-06-02,31.5,-25.0,10.343201
1995-06-03,31.5,-25.0,7.7836304
1995-06-04,31.5,-25.0,7.6732483
1995-06-05,31.5,-25.0,8.809357
1995-06-06,31.5,-25.0,13.27005
1995-06-07,31.5,-25.0,8.548645
1995-06-08,31.5,-25.0,7.0509644
1995-06-09,31.5,-25.0,5.9852905
1995-06-10,31.5,-25.0,10.327972
1995-06-11,31.5,-25.0,7.996765
1995-06-12,31.5,-25.0,11.544006
1995-06-13,31.5,-25.0,10.413605
1995-06-14,31.5,-25.0,8.86264
1995-06-15,31.5,-25.0,7.8959045
1995-06-16,31.5,-25.0,10.198578
1995-06-17,31.5,-25.0,8.5867
1995-06-18,31.5,-25.0,12.702942
1995-06-19,31.5,-25.0,11.68103
1995-06-20,31.5,-25.0,10.695251
1995-06-21,31.5,-25.0,9.207092
1995-06-22,31.5,-25.0,8.874054
1995-06-23,31.5,-25.0,9.294647
1995-06-24,31.5,-25.0,10.029205
1995-06-25,31.5,-25.0,8.8055725
1995-06-26,31.5,-25.0,8.92926
1995-06-27,31.5,-25.0,8.893097
1995-06-28,31.5,-25.0,10.622955
1995-06-29,31.5,-25.0,7.7132263
1995-06-30,31.5,-25.0,9.27179
1995-07-01,31.5,-25.0,10.019745
1995-07-02,31.5,-25.0,11.660065
1995-07-03,31.5,-25.0,8.212769
1995-07-04,31.5,-25.0,11.650696
1995-07-05,31.5,-25.0,11.455963
1995-07-06,31.5,-25.0,10.800568
1995-07-07,31.5,-25.0,9.480469
1995-07-08,31.5,-25.0,7.405731
1995-07-09,31.5,-25.0,9.096588
1995-07-10,31.5,-25.0,9.201477
1995-07-11,31.5,-25.0,10.251923
1995-07-12,31.5,-25.0,8.622864
1995-07-13,31.5,-25.0,12.452118
1995-07-14,31.5,-25.0,9.99353
1995-07-15,31.5,-25.0,7.8008423
1995-07-16,31.5,-25.0,6.9394836
1995-07-17,31.5,-25.0,7.8120728
1995-07-18,31.5,-25.0,8.062988
1995-07-19,31.5,-25.0,8.519867
1995-07-20,31.5,-25.0,7.016266
1995-07-21,31.5,-25.0,9.617157
1995-07-22,31.5,-25.0,9.17337
1995-07-23,31.5,-25.0,14.023163
1995-07-24,31.5,-25.0,11.055237
1995-07-25,31.5,-25.0,8.899994
1995-07-26,31.5,-25.0,11.759308
1995-07-27,31.5,-25.0,10.454163
1995-07-28,31.5,-25.0,12.109467
1995-07-29,31.5,-25.0,9.313812
1995-07-30,31.5,-25.0,12.929596
1995-07-31,31.5,-25.0,11.995239
1995-08-01,31.5,-25.0,10.376648
1995-08-02,31.5,-25.0,9.486145
1995-08-03,31.5,-25.0,7.701172
1995-08-04,31.5,-25.0,9.688171
1995-08-05,31.5,-25.0,15.588318
1995-08-06,31.5,-25.0,9.996124
1995-08-07,31.5,-25.0,7.2931824
1995-08-08,31.5,-25.0,6.8656006
1995-08-09,31.5,-25.0,7.848297
1995-08-10,31.5,-25.0,9.258606
1995-08-11,31.5,-25.0,14.291779
1995-08-12,31.5,-25.0,10.464905
1995-08-13,31.5,-25.0,11.869324
1995-08-14,31.5,-25.0,15.723663
1995-08-15,31.5,-25.0,15.949219
1995-08-16,31.5,-25.0,15.543182
1995-08-17,31.5,-25.0,13.040344
1995-08-18,31.5,-25.0,11.484894
1995-08-19,31.5,-25.0,12.169434
1995-08-20,31.5,-25.0,14.119171
1995-08-21,31.5,-25.0,14.952789
1995-08-22,31.5,-25.0,17.479187
1995-08-23,31.5,-25.0,15.41571
1995-08-24,31.5,-25.0,15.282318
1995-08-25,31.5,-25.0,13.038391
1995-08-26,31.5,-25.0,12.418549
1995-08-27,31.5,-25.0,13.697449
1995-08-28,31.5,-25.0,13.440491
1995-08-29,31.5,-25.0,10.963135
1995-08-30,31.5,-25.0,13.232574
1995-08-31,31.5,-25.0,15.329376
1995-09-01,31.5,-25.0,12.872284
1995-09-02,31.5,-25.0,11.621429
1995-09-03,31.5,-25.0,15.439697
1995-09-04,31.5,-25.0,13.560516
1995-09-05,31.5,-25.0,9.740326
1995-09-06,31.5,-25.0,9.210571
1995-09-07,31.5,-25.0,10.258453
1995-09-08,31.5,-25.0,12.334808
1995-09-09,31.5,-25.0,13.496735
1995-09-10,31.5,-25.0,15.20578
1995-09-11,31.5,-25.0,13.25119
1995-09-12,31.5,-25.0,15.02597
1995-09-13,31.5,-25.0,18.631592
1995-09-14,31.5,-25.0,17.54895
1995-09-15,31.5,-25.0,16.274902
1995-09-16,31.5,-25.0,13.278259
1995-09-17,31.5,-25.0,13.877594
1995-09-18,31.5,-25.0,16.332886
1995-09-19,31.5,-25.0,14.846191
1995-09-20,31.5,-25.0,14.925446
1995-09-21,31.5,-25.0,14.822968
1995-09-22,31.5,-25.0,18.212067
1995-09-23,31.5,-25.0,16.452759
1995-09-24,31.5,-25.0,15.98877
1995-09-25,31.5,-25.0,18.306793
1995-09-26,31.5,-25.0,16.226562
1995-09-27,31.5,-25.0,17.046295
1995-09-28,31.5,-25.0,17.995544
1995-09-29,31.5,-25.0,17.873749
1995-09-30,31.5,-25.0,15.151642
1995-10-01,31.5,-25.0,18.776886
1995-10-02,31.5,-25.0,16.400482
1995-10-03,31.5,-25.0,19.652374
1995-10-04,31.5,-25.0,17.500092
1995-10-05,31.5,-25.0,18.799469
1995-10-06,31.5,-25.0,20.067566
1995-10-07,31.5,-25.0,19.209412
1995-10-08,31.5,-25.0,18.629211
1995-10-09,31.5,-25.0,20.144012
1995-10-10,31.5,-25.0,18.742126
1995-10-11,31.5,-25.0,18.962738
1995-10-12,31.5,-25.0,23.008545
1995-10-13,31.5,-25.0,18.726501
1995-10-14,31.5,-25.0,16.838226
1995-10-15,31.5,-25.0,16.494263
1995-10-16,31.5,-25.0,17.013672
1995-10-17,31.5,-25.0,18.252258
1995-10-18,31.5,-25.0,21.038635
1995-10-19,31.5,-25.0,21.236664
1995-10-20,31.5,-25.0,18.135864
1995-10-21,31.5,-25.0,17.807556
1995-10-22,31.5,-25.0,16.773956
1995-10-23,31.5,-25.0,20.081451
1995-10-24,31.5,-25.0,17.348938
1995-10-25,31.5,-25.0,15.446777
1995-10-26,31.5,-25.0,15.749054
1995-10-27,31.5,-25.0,16.384827
1995-10-28,31.5,-25.0,17.006744
1995-10-29,31.5,-25.0,16.101685
1995-10-30,31.5,-25.0,15.419006
1995-10-31,31.5,-25.0,15.271332
1995-11-01,31.5,-25.0,12.978485
1995-11-02,31.5,-25.0,14.460327
1995-11-03,31.5,-25.0,19.356995
1995-11-04,31.5,-25.0,17.265656
1995-11-05,31.5,-25.0,18.291534
1995-11-06,31.5,-25.0,16.789124
1995-11-07,31.5,-25.0,15.937378
1995-11-08,31.5,-25.0,19.68628
1995-11-09,31.5,-25.0,20.70108
1995-11-10,31.5,-25.0,20.803986
1995-11-11,31.5,-25.0,20.873627
1995-11-12,31.5,-25.0,20.55069
1995-11-13,31.5,-25.0,21.242523
1995-11-14,31.5,-25.0,21.157013
1995-11-15,31.5,-25.0,20.151733
1995-11-16,31.5,-25.0,20.522186
1995-11-17,31.5,-25.0,18.009735
1995-11-18,31.5,-25.0,15.748993
1995-11-19,31.5,-25.0,15.739502
1995-11-20,31.5,-25.0,17.013916
1995-11-21,31.5,-25.0,18.828217
1995-11-22,31.5,-25.0,18.929535
1995-11-23,31.5,-25.0,19.415558
1995-11-24,31.5,-25.0,18.090454
1995-11-25,31.5,-25.0,16.5849
1995-11-26,31.5,-25.0,15.51944
1995-11-27,31.5,-25.0,17.164337
1995-11-28,31.5,-25.0,16.456665
1995-11-29,31.5,-25.0,18.878876
1995-11-30,31.5,-25.0,21.638306
1995-12-01,31.5,-25.0,16.384644
1995-12-02,31.5,-25.0,14.8567505
1995-12-03,31.5,-25.0,18.129272
1995-12-04,31.5,-25.0,18.350616
1995-12-05,31.5,-25.0,18.510468
1995-12-06,31.5,-25.0,19.598755
1995-12-07,31.5,-25.0,19.199097
1995-12-08,31.5,-25.0,18.25531
1995-12-09,31.5,-25.0,18.948547
1995-12-10,31.5,-25.0,18.604248
1995-12-11,31.5,-25.0,18.871704
1995-12-12,31.5,-25.0,17.526703
1995-12-13,31.5,-25.0,17.631256
1995-12-14,31.5,-25.0,16.810425
1995-12-15,31.5,-25.0,19.8078
1995-12-16,31.5,-25.0,21.613922
1995-12-17,31.5,-25.0,19.812408
1995-12-18,31.5,-25.0,20.076813
1995-12-19,31.5,-25.0,21.452515
1995-12-20,31.5,-25.0,20.723938
1995-12-21,31.5,-25.0,22.33023
1995-12-22,31.5,-25.0,20.69934
1995-12-23,31.5,-25.0,19.457336
1995-12-24,31.5,-25.0,19.302094
1995-12-25,31.5,-25.0,19.540344
1995-12-26,31.5,-25.0,18.416718
1995-12-27,31.5,-25.0,17.717316
1995-12-28,31.5,-25.0,19.323608
1995-12-29,31.5,-25.0,20.205933
1995-12-30,31.5,-25.0,19.325134
1995-12-31,31.5,-25.0,21.062103
1996-01-01,31.5,-25.0,19.640472
1996-01-02,31.5,-25.0,21.455109
1996-01-03,31.5,-25.0,19.74237
1996-01-04,31.5,-25.0,21.463348
1996-01-05,31.5,-25.0,21.466614
1996-01-06,31.5,-25.0,20.018524
1996-01-07,31.5,-25.0,18.04773
1996-01-08,31.5,-25.0,22.03534
1996-01-09,31.5,-25.0,23.442352
1996-01-10,31.5,-25.0,23.379913
1996-01-11,31.5,-25.0,22.765167
1996-01-12,31.5,-25.0,22.485718
1996-01-13,31.5,-25.0,21.88742
1996-01-14,31.5,-25.0,22.393677
1996-01-15,31.5,-25.0,22.633667
1996-01-16,31.5,-25.0,22.109314
1996-01-17,31.5,-25.0,20.135223
1996-01-18,31.5,-25.0,19.655273
1996-01-19,31.5,-25.0,20.828857
1996-01-20,31.5,-25.0,20.281525
1996-01-21,31.5,-25.0,20.12207
1996-01-22,31.5,-25.0,19.388977
1996-01-23,31.5,-25.0,21.402527
1996-01-24,31.5,-25.0,22.038635
1996-01-25,31.5,-25.0,22.183289
1996-01-26,31.5,-25.0,21.867706
1996-01-27,31.5,-25.0,19.306793
1996-01-28,31.5,-25.0,17.689392
1996-01-29,31.5,-25.0,16.295532
1996-01-30,31.5,-25.0,15.452301
1996-01-31,31.5,-25.0,17.600616
1996-02-01,31.5,-25.0,20.483398
1996-02-02,31.5,-25.0,18.564117
1996-02-03,31.5,-25.0,18.145905
1996-02-04,31.5,-25.0,20.389587
1996-02-05,31.5,-25.0,20.850739
1996-02-06,31.5,-25.0,20.082703
1996-02-07,31.5,-25.0,20.93341
1996-02-08,31.5,-25.0,22.075165
1996-02-09,31.5,-25.0,22.526764
1996-02-10,31.5,-25.0,22.146698
1996-02-11,31.5,-25.0,21.908173
1996-02-12,31.5,-25.0,22.552185
1996-02-13,31.5,-25.0,22.679413
1996-02-14,31.5,-25.0,19.204926
1996-02-15,31.5,-25.0,18.454376
1996-02-16,31.5,-25.0,18.281067
1996-02-17,31.5,-25.0,20.103363
1996-02-18,31.5,-25.0,18.535492
1996-02-19,31.5,-25.0,19.930054
1996-02-20,31.5,-25.0,18.080688
1996-02-21,31.5,-25.0,21.203735
1996-02-22,31.5,-25.0,21.72055
1996-02-23,31.5,-25.0,22.242126
1996-02-24,31.5,-25.0,21.035187
1996-02-25,31.5,-25.0,21.666473
1996-02-26,31.5,-25.0,20.931824
1996-02-27,31.5,-25.0,19.099976
1996-02-28,31.5,-25.0,17.881927
1996-02-29,31.5,-25.0,16.132782
1996-03-01,31.5,-25.0,21.884247
1996-03-02,31.5,-25.0,20.64798
1996-03-03,31.5,-25.0,21.035706
1996-03-04,31.5,-25.0,16.400146
1996-03-05,31.5,-25.0,16.054138
1996-03-06,31.5,-25.0,15.294312
1996-03-07,31.5,-25.0,17.013947
1996-03-08,31.5,-25.0,19.243042
1996-03-09,31.5,-25.0,20.95401
1996-03-10,31.5,-25.0,19.143951
1996-03-11,31.5,-25.0,17.34082
1996-03-12,31.5,-25.0,20.241089
1996-03-13,31.5,-25.0,17.316498
1996-03-14,31.5,-25.0,16.612274
1996-03-15,31.5,-25.0,18.930054
1996-03-16,31.5,-25.0,17.432983
1996-03-17,31.5,-25.0,19.469086
1996-03-18,31.5,-25.0,17.71814
1996-03-19,31.5,-25.0,17.14087
1996-03-20,31.5,-25.0,17.577301
1996-03-21,31.5,-25.0,18.667511
1996-03-22,31.5,-25.0,17.44168
1996-03-23,31.5,-25.0,16.79834
1996-03-24,31.5,-25.0,18.109375
1996-03-25,31.5,-25.0,20.208069
1996-03-26,31.5,-25.0,18.511017
1996-03-27,31.5,-25.0,18.455383
1996-03-28,31.5,-25.0,18.133698
1996-03-29,31.5,-25.0,17.709442
1996-03-30,31.5,-25.0,16.25061
1996-03-31,31.5,-25.0,14.551849
1996-04-01,31.5,-25.0,19.137299
1996-04-02,31.5,-25.0,18.083801
1996-04-03,31.5,-25.0,17.789276
1996-04-04,31.5,-25.0,17.964539
1996-04-05,31.5,-25.0,17.18393
1996-04-06,31.5,-25.0,16.585785
1996-04-07,31.5,-25.0,15.456421
1996-04-08,31.5,-25.0,16.103333
1996-04-09,31.5,-25.0,15.960571
1996-04-10,31.5,-25.0,16.01477
1996-04-11,31.5,-25.0,13.746979
1996-04-12,31.5,-25.0,12.99707
1996-04-13,31.5,-25.0,13.306091
1996-04-14,31.5,-25.0,15.187164
1996-04-15,31.5,-25.0,14.708313
1996-04-16,31.5,-25.0,15.235962
1996-04-17,31.5,-25.0,16.278595
1996-04-18,31.5,-25.0,14.61615
1996-04-19,31.5,-25.0,16.788177
1996-04-20,31.5,-25.0,15.474487
1996-04-21,31.5,-25.0,14.458954
1996-04-22,31.5,-25.0,11.596649
1996-04-23,31.5,-25.0,12.050201
1996-04-24,31.5,-25.0,15.441956
1996-04-25,31.5,-25.0,13.618683
1996-04-26,31.5,-25.0,15.752777
1996-04-27,31.5,-25.0,13.718079
1996-04-28,31.5,-25.0,15.095001
1996-04-29,31.5,-25.0,16.493652
1996-04-30,31.5,-25.0,14.55835
1996-05-01,31.5,-25.0,14.5668335
1996-05-02,31.5,-25.0,12.134888
1996-05-03,31.5,-25.0,13.386047
1996-05-04,31.5,-25.0,13.330902
1996-05-05,31.5,-25.0,14.753174
1996-05-06,31.5,-25.0,17.90387
1996-05-07,31.5,-25.0,17.666199
1996-05-08,31.5,-25.0,15.757141
1996-05-09,31.5,-25.0,15.296997
1996-05-10,31.5,-25.0,13.205414
1996-05-11,31.5,-25.0,14.4565735
1996-05-12,31.5,-25.0,14.464172
1996-05-13,31.5,-25.0,15.713409
1996-05-14,31.5,-25.0,16.715485
1996-05-15,31.5,-25.0,17.27069
1996-05-16,31.5,-25.0,17.255493
1996-05-17,31.5,-25.0,15.873138
1996-05-18,31.5,-25.0,14.013519
1996-05-19,31.5,-25.0,13.490631
1996-05-20,31.5,-25.0,11.946655
1996-05-21,31.5,-25.0,11.899109
1996-05-22,31.5,-25.0,14.017334
1996-05-23,31.5,-25.0,11.735596
1996-05-24,31.5,-25.0,11.832581
1996-05-25,31.5,-25.0,15.061218
1996-05-26,31.5,-25.0,12.093079
1996-05-27,31.5,-25.0,11.606293
1996-05-28,31.5,-25.0,11.2127075
1996-05-29,31.5,-25.0,9.649719
1996-05-30,31.5,-25.0,8.877747
1996-05-31,31.5,-25.0,9.067871
1996-06-01,31.5,-25.0,10.2881775
1996-06-02,31.5,-25.0,13.319794
1996-06-03,31.5,-25.0,12.192566
1996-06-04,31.5,-25.0,9.986145
1996-06-05,31.5,-25.0,7.956726
1996-06-06,31.5,-25.0,7.7509155
1996-06-07,31.5,-25.0,9.424469
1996-06-08,31.5,-25.0,8.855072
1996-06-09,31.5,-25.0,14.49707
1996-06-10,31.5,-25.0,12.132935
1996-06-11,31.5,-25.0,9.586029
1996-06-12,31.5,-25.0,8.429932
1996-06-13,31.5,-25.0,10.757538
1996-06-14,31.5,-25.0,10.084259
1996-06-15,31.5,-25.0,10.330475
1996-06-16,31.5,-25.0,10.776764
1996-06-17,31.5,-25.0,10.174683
1996-06-18,31.5,-25.0,9.774567
1996-06-19,31.5,-25.0,14.729828
1996-06-20,31.5,-25.0,10.526703
1996-06-21,31.5,-25.0,10.028473
1996-06-22,31.5,-25.0,12.381073
1996-06-23,31.5,-25.0,9.291718
1996-06-24,31.5,-25.0,7.933655
1996-06-25,31.5,-25.0,7.2680664
1996-06-26,31.5,-25.0,7.916321
1996-06-27,31.5,-25.0,6.7082825
1996-06-28,31.5,-25.0,8.308746
1996-06-29,31.5,-25.0,5.794586
1996-06-30,31.5,-25.0,6.671753
1996-07-01,31.5,-25.0,7.151062
1996-07-02,31.5,-25.0,6.8893127
1996-07-03,31.5,-25.0,8.274994
1996-07-04,31.5,-25.0,7.932434
1996-07-05,31.5,-25.0,7.8900757
1996-07-06,31.5,-25.0,9.516327
1996-07-07,31.5,-25.0,8.758057
1996-07-08,31.5,-25.0,8.521332
1996-07-09,31.5,-25.0,5.555603
1996-07-10,31.5,-25.0,6.8854675
1996-07-11,31.5,-25.0,9.241119
1996-07-12,31.5,-25.0,8.273071
1996-07-13,31.5,-25.0,7.605255
1996-07-14,31.5,-25.0,8.228821
1996-07-15,31.5,-25.0,11.37738
1996-07-16,31.5,-25.0,10.3958435
1996-07-17,31.5,-25.0,9.454742
1996-07-18,31.5,-25.0,8.66568
1996-07-19,31.5,-25.0,6.587158
1996-07-20,31.5,-25.0,5.7076416
1996-07-21,31.5,-25.0,8.444366
1996-07-22,31.5,-25.0,11.845032
1996-07-23,31.5,-25.0,11.533264
1996-07-24,31.5,-25.0,11.739197
1996-07-25,31.5,-25.0,11.754578
1996-07-26,31.5,-25.0,9.0217285
1996-07-27,31.5,-25.0,9.903168
1996-07-28,31.5,-25.0,10.703766
1996-07-29,31.5,-25.0,10.853882
1996-07-30,31.5,-25.0,13.390442
1996-07-31,31.5,-25.0,9.445129
1996-08-01,31.5,-25.0,13.098175
1996-08-02,31.5,-25.0,14.505493
1996-08-03,31.5,-25.0,15.208191
1996-08-04,31.5,-25.0,13.412994
1996-08-05,31.5,-25.0,12.38797
1996-08-06,31.5,-25.0,10.583405
1996-08-07,31.5,-25.0,7.658264
1996-08-08,31.5,-25.0,8.746979
1996-08-09,31.5,-25.0,9.267944
1996-08-10,31.5,-25.0,10.913208
1996-08-11,31.5,-25.0,13.598511
1996-08-12,31.5,-25.0,13.926453
1996-08-13,31.5,-25.0,16.527405
1996-08-14,31.5,-25.0,13.703461
1996-08-15,31.5,-25.0,11.563446
1996-08-16,31.5,-25.0,9.312897
1996-08-17,31.5,-25.0,11.055634
1996-08-18,31.5,-25.0,13.887085
1996-08-19,31.5,-25.0,12.294281
1996-08-20,31.5,-25.0,11.038757
1996-08-21,31.5,-25.0,11.179321
1996-08-22,31.5,-25.0,9.91629
1996-08-23,31.5,-25.0,8.475281
1996-08-24,31.5,-25.0,7.6788635
1996-08-25,31.5,-25.0,9.71579
1996-08-26,31.5,-25.0,11.808929
1996-08-27,31.5,-25.0,15.573608
1996-08-28,31.5,-25.0,12.406708
1996-08-29,31.5,-25.0,10.836395
1996-08-30,31.5,-25.0,11.692749
1996-08-31,31.5,-25.0,9.564026
1996-09-01,31.5,-25.0,12.045746
1996-09-02,31.5,-25.0,15.371674
1996-09-03,31.5,-25.0,13.268341
1996-09-04,31.5,-25.0,14.305145
1996-09-05,31.5,-25.0,12.294708
1996-09-06,31.5,-25.0,17.465729
1996-09-07,31.5,-25.0,15.802734
1996-09-08,31.5,-25.0,14.2846985
1996-09-09,31.5,-25.0,15.877075
1996-09-10,31.5,-25.0,16.454926
1996-09-11,31.5,-25.0,16.63144
1996-09-12,31.5,-25.0,18.563843
1996-09-13,31.5,-25.0,19.693542
1996-09-14,31.5,-25.0,16.493958
1996-09-15,31.5,-25.0,14.7083435
1996-09-16,31.5,-25.0,12.582703
1996-09-17,31.5,-25.0,15.6206665
1996-09-18,31.5,-25.0,15.973694
1996-09-19,31.5,-25.0,14.505829
1996-09-20,31.5,-25.0,14.318146
1996-09-21,31.5,-25.0,13.673401
1996-09-22,31.5,-25.0,15.258331
1996-09-23,31.5,-25.0,15.63739
1996-09-24,31.5,-25.0,13.775604
1996-09-25,31.5,-25.0,17.649658
1996-09-26,31.5,-25.0,17.157288
1996-09-27,31.5,-25.0,15.778595
1996-09-28,31.5,-25.0,14.6024475
1996-09-29,31.5,-25.0,14.412903
1996-09-30,31.5,-25.0,16.033142
1996-10-01,31.5,-25.0,18.364899
1996-10-02,31.5,-25.0,17.403137
1996-10-03,31.5,-25.0,17.46759
1996-10-04,31.5,-25.0,15.226959
1996-10-05,31.5,-25.0,18.01294
1996-10-06,31.5,-25.0,16.110321
1996-10-07,31.5,-25.0,18.410217
1996-10-08,31.5,-25.0,17.265503
1996-10-09,31.5,-25.0,16.725372
1996-10-10,31.5,-25.0,16.028442
1996-10-11,31.5,-25.0,14.881958
1996-10-12,31.5,-25.0,18.971252
1996-10-13,31.5,-25.0,18.490356
1996-10-14,31.5,-25.0,17.54776
1996-10-15,31.5,-25.0,18.532166
1996-10-16,31.5,-25.0,15.023102
1996-10-17,31.5,-25.0,14.479492
1996-10-18,31.5,-25.0,13.4131775
1996-10-19,31.5,-25.0,16.509308
1996-10-20,31.5,-25.0,18.680267
1996-10-21,31.5,-25.0,16.807251
1996-10-22,31.5,-25.0,16.901337
1996-10-23,31.5,-25.0,18.6698
1996-10-24,31.5,-25.0,18.641937
1996-10-25,31.5,-25.0,18.138397
1996-10-26,31.5,-25.0,16.88565
1996-10-27,31.5,-25.0,16.789825
1996-10-28,31.5,-25.0,19.025238
1996-10-29,31.5,-25.0,18.145355
1996-10-30,31.5,-25.0,19.83545
1996-10-31,31.5,-25.0,18.39975
1996-11-01,31.5,-25.0,17.096222
1996-11-02,31.5,-25.0,18.858368
1996-11-03,31.5,-25.0,20.956665
1996-11-04,31.5,-25.0,20.046692
1996-11-05,31.5,-25.0,20.825348
1996-11-06,31.5,-25.0,19.932526
1996-11-07,31.5,-25.0,19.15387
1996-11-08,31.5,-25.0,20.678375
1996-11-09,31.5,-25.0,21.980804
1996-11-10,31.5,-25.0,20.557983
1996-11-11,31.5,-25.0,20.329681
1996-11-12,31.5,-25.0,19.413422
1996-11-13,31.5,-25.0,17.355774
1996-11-14,31.5,-25.0,15.787506
1996-11-15,31.5,-25.0,16.161224
1996-11-16,31.5,-25.0,17.78888
1996-11-17,31.5,-25.0,18.77237
1996-11-18,31.5,-25.0,20.719025
1996-11-19,31.5,-25.0,20.35315
1996-11-20,31.5,-25.0,19.810577
1996-11-21,31.5,-25.0,21.335052
1996-11-22,31.5,-25.0,20.14206
1996-11-23,31.5,-25.0,18.641022
1996-11-24,31.5,-25.0,17.863953
1996-11-25,31.5,-25.0,18.714508
1996-11-26,31.5,-25.0,17.455841
1996-11-27,31.5,-25.0,16.902344
1996-11-28,31.5,-25.0,17.305756
1996-11-29,31.5,-25.0,18.087524
1996-11-30,31.5,-25.0,19.275848
1996-12-01,31.5,-25.0,19.127838
1996-12-02,31.5,-25.0,20.119293
1996-12-03,31.5,-25.0,20.427307
1996-12-04,31.5,-25.0,19.217682
1996-12-05,31.5,-25.0,20.411255
1996-12-06,31.5,-25.0,20.372772
1996-12-07,31.5,-25.0,19.6781
1996-12-08,31.5,-25.0,20.58133
1996-12-09,31.5,-25.0,19.434265
1996-12-10,31.5,-25.0,20.205933
1996-12-11,31.5,-25.0,19.739075
1996-12-12,31.5,-25.0,20.990417
1996-12-13,31.5,-25.0,19.955658
1996-12-14,31.5,-25.0,20.539612
1996-12-15,31.5,-25.0,20.63266
1996-12-16,31.5,-25.0,20.708069
1996-12-17,31.5,-25.0,19.650848
1996-12-18,31.5,-25.0,20.154572
1996-12-19,31.5,-25.0,18.940125
1996-12-20,31.5,-25.0,17.501068
1996-12-21,31.5,-25.0,16.394135
1996-12-22,31.5,-25.0,19.278625
1996-12-23,31.5,-25.0,20.73053
1996-12-24,31.5,-25.0,21.083466
1996-12-25,31.5,-25.0,21.739624
1996-12-26,31.5,-25.0,22.03482
1996-12-27,31.5,-25.0,22.049255
1996-12-28,31.5,-25.0,22.151917
1996-12-29,31.5,-25.0,21.80539
1996-12-30,31.5,-25.0,21.988281
1996-12-31,31.5,-25.0,21.890411
1997-01-01,31.5,-25.0,23.584381
1997-01-02,31.5,-25.0,22.250427
1997-01-03,31.5,-25.0,21.910583
1997-01-04,31.5,-25.0,21.802612
1997-01-05,31.5,-25.0,21.500885
1997-01-06,31.5,-25.0,21.9487
1997-01-07,31.5,-25.0,21.975708
1997-01-08,31.5,-25.0,22.274261
1997-01-09,31.5,-25.0,23.090515
1997-01-10,31.5,-25.0,20.262207
1997-01-11,31.5,-25.0,20.848206
1997-01-12,31.5,-25.0,20.236816
1997-01-13,31.5,-25.0,18.806
1997-01-14,31.5,-25.0,18.682129
1997-01-15,31.5,-25.0,20.994293
1997-01-16,31.5,-25.0,21.491364
1997-01-17,31.5,-25.0,20.360687
1997-01-18,31.5,-25.0,20.27652
1997-01-19,31.5,-25.0,21.33731
1997-01-20,31.5,-25.0,20.690979
1997-01-21,31.5,-25.0,22.236145
1997-01-22,31.5,-25.0,21.889954
1997-01-23,31.5,-25.0,22.717316
1997-01-24,31.5,-25.0,22.506104
1997-01-25,31.5,-25.0,21.754974
1997-01-26,31.5,-25.0,21.621582
1997-01-27,31.5,-25.0,22.444183
1997-01-28,31.5,-25.0,21.283325
1997-01-29,31.5,-25.0,21.47229
1997-01-30,31.5,-25.0,18.483612
1997-01-31,31.5,-25.0,20.759277
1997-02-01,31.5,-25.0,22.333435
1997-02-02,31.5,-25.0,22.330261
1997-02-03,31.5,-25.0,21.605713
1997-02-04,31.5,-25.0,20.812714
1997-02-05,31.5,-25.0,19.991028
1997-02-06,31.5,-25.0,21.736298
1997-02-07,31.5,-25.0,23.040466
1997-02-08,31.5,-25.0,21.771332
1997-02-09,31.5,-25.0,21.228333
1997-02-10,31.5,-25.0,21.919434
1997-02-11,31.5,-25.0,21.49585
1997-02-12,31.5,-25.0,23.030914
1997-02-13,31.5,-25.0,19.256927
1997-02-14,31.5,-25.0,18.237793
1997-02-15,31.5,-25.0,17.569
1997-02-16,31.5,-25.0,16.690002
1997-02-17,31.5,-25.0,20.80951
1997-02-18,31.5,-25.0,20.291992
1997-02-19,31.5,-25.0,20.182129
1997-02-20,31.5,-25.0,22.561157
1997-02-21,31.5,-25.0,20.749023
1997-02-22,31.5,-25.0,19.597717
1997-02-23,31.5,-25.0,21.099335
1997-02-24,31.5,-25.0,20.04358
1997-02-25,31.5,-25.0,20.804749
1997-02-26,31.5,-25.0,19.057892
1997-02-27,31.5,-25.0,18.693237
1997-02-28,31.5,-25.0,19.963959
1997-03-01,31.5,-25.0,20.85263
1997-03-02,31.5,-25.0,20.715393
1997-03-03,31.5,-25.0,21.48706
1997-03-04,31.5,-25.0,22.347809
1997-03-05,31.5,-25.0,22.018127
1997-03-06,31.5,-25.0,22.126831
1997-03-07,31.5,-25.0,20.948853
1997-03-08,31.5,-25.0,22.230194
1997-03-09,31.5,-25.0,22.848572
1997-03-10,31.5,-25.0,21.934357
1997-03-11,31.5,-25.0,19.18634
1997-03-12,31.5,-25.0,17.904999
1997-03-13,31.5,-25.0,18.398651
1997-03-14,31.5,-25.0,18.929718
1997-03-15,31.5,-25.0,18.122437
1997-03-16,31.5,-25.0,16.908813
1997-03-17,31.5,-25.0,17.19574
1997-03-18,31.5,-25.0,18.273895
1997-03-19,31.5,-25.0,17.51294
1997-03-20,31.5,-25.0,21.55478
1997-03-21,31.5,-25.0,20.077393
1997-03-22,31.5,-25.0,18.3844
1997-03-23,31.5,-25.0,16.694946
1997-03-24,31.5,-25.0,16.670013
1997-03-25,31.5,-25.0,20.407104
1997-03-26,31.5,-25.0,18.906555
1997-03-27,31.5,-25.0,19.043793
1997-03-28,31.5,-25.0,17.682251
1997-03-29,31.5,-25.0,17.956696
1997-03-30,31.5,-25.0,20.232452
1997-03-31,31.5,-25.0,18.31134
1997-04-01,31.5,-25.0,19.31253
1997-04-02,31.5,-25.0,18.037964
1997-04-03,31.5,-25.0,17.229828
1997-04-04,31.5,-25.0,19.2836
1997-04-05,31.5,-25.0,17.285858
1997-04-06,31.5,-25.0,18.323608
1997-04-07,31.5,-25.0,14.201569
1997-04-08,31.5,-25.0,13.950256
1997-04-09,31.5,-25.0,13.199982
1997-04-10,31.5,-25.0,15.295349
1997-04-11,31.5,-25.0,13.581451
1997-04-12,31.5,-25.0,15.036835
1997-04-13,31.5,-25.0,15.398407
1997-04-14,31.5,-25.0,13.706207
1997-04-15,31.5,-25.0,12.925171
1997-04-16,31.5,-25.0,15.179657
1997-04-17,31.5,-25.0,14.554108
1997-04-18,31.5,-25.0,17.91864
1997-04-19,31.5,-25.0,18.529694
1997-04-20,31.5,-25.0,19.563843
1997-04-21,31.5,-25.0,18.24405
1997-04-22,31.5,-25.0,16.940552
1997-04-23,31.5,-25.0,15.1814575
1997-04-24,31.5,-25.0,15.617157
1997-04-25,31.5,-25.0,14.508911
1997-04-26,31.5,-25.0,12.75885
1997-04-27,31.5,-25.0,14.548676
1997-04-28,31.5,-25.0,15.962463
1997-04-29,31.5,-25.0,13.961121
1997-04-30,31.5,-25.0,10.419434
1997-05-01,31.5,-25.0,10.444458
1997-05-02,31.5,-25.0,12.495789
1997-05-03,31.5,-25.0,15.745422
1997-05-04,31.5,-25.0,15.917175
1997-05-05,31.5,-25.0,15.810303
1997-05-06,31.5,-25.0,12.106506
1997-05-07,31.5,-25.0,10.045654
1997-05-08,31.5,-25.0,14.138733
1997-05-09,31.5,-25.0,15.123352
1997-05-10,31.5,-25.0,14.215057
1997-05-11,31.5,-25.0,15.024139
1997-05-12,31.5,-25.0,12.436615
1997-05-13,31.5,-25.0,11.478699
1997-05-14,31.5,-25.0,12.984283
1997-05-15,31.5,-25.0,10.63147
1997-05-16,31.5,-25.0,13.915466
1997-05-17,31.5,-25.0,10.610474
1997-05-18,31.5,-25.0,10.225037
1997-05-19,31.5,-25.0,11.881348
1997-05-20,31.5,-25.0,11.327972
1997-05-21,31.5,-25.0,12.835449
1997-05-22,31.5,-25.0,11.787842
1997-05-23,31.5,-25.0,12.268707
1997-05-24,31.5,-25.0,13.058685
1997-05-25,31.5,-25.0,15.858032
1997-05-26,31.5,-25.0,13.842957
1997-05-27,31.5,-25.0,10.028473
1997-05-28,31.5,-25.0,8.881653
1997-05-29,31.5,-25.0,7.3398438
1997-05-30,31.5,-25.0,6.437256
1997-05-31,31.5,-25.0,9.295746
1997-06-01,31.5,-25.0,7.843811
1997-06-02,31.5,-25.0,8.662323
1997-06-03,31.5,-25.0,8.08548
1997-06-04,31.5,-25.0,7.015564
1997-06-05,31.5,-25.0,7.6294556
1997-06-06,31.5,-25.0,7.8477173
1997-06-07,31.5,-25.0,9.9661255
1997-06-08,31.5,-25.0,8.428467
1997-06-09,31.5,-25.0,10.7222595
1997-06-10,31.5,-25.0,13.19342
1997-06-11,31.5,-25.0,15.173462
1997-06-12,31.5,-25.0,14.212677
1997-06-13,31.5,-25.0,10.428009
1997-06-14,31.5,-25.0,9.527618
1997-06-15,31.5,-25.0,9.12616
1997-06-16,31.5,-25.0,8.937134
1997-06-17,31.5,-25.0,8.484985
1997-06-18,31.5,-25.0,7.8106995
1997-06-19,31.5,-25.0,9.964172
1997-06-20,31.5,-25.0,7.834076
1997-06-21,31.5,-25.0,7.9412537
1997-06-22,31.5,-25.0,7.532013
1997-06-23,31.5,-25.0,8.751984
1997-06-24,31.5,-25.0,7.237732
1997-06-25,31.5,-25.0,10.223358
1997-06-26,31.5,-25.0,11.195831
1997-06-27,31.5,-25.0,10.732025
1997-06-28,31.5,-25.0,10.726166
1997-06-29,31.5,-25.0,12.616547
1997-06-30,31.5,-25.0,11.228973
1997-07-01,31.5,-25.0,11.020447
1997-07-02,31.5,-25.0,8.518066
1997-07-03,31.5,-25.0,8.54599
1997-07-04,31.5,-25.0,7.7843018
1997-07-05,31.5,-25.0,9.094299
1997-07-06,31.5,-25.0,10.583771
1997-07-07,31.5,-25.0,9.794189
1997-07-08,31.5,-25.0,8.837097
1997-07-09,31.5,-25.0,7.4393616
1997-07-10,31.5,-25.0,12.0034485
1997-07-11,31.5,-25.0,10.513977
1997-07-12,31.5,-25.0,10.360443
1997-07-13,31.5,-25.0,11.181946
1997-07-14,31.5,-25.0,9.951691
1997-07-15,31.5,-25.0,8.9288025
1997-07-16,31.5,-25.0,7.445343
1997-07-17,31.5,-25.0,8.914856
1997-07-18,31.5,-25.0,13.939575
1997-07-19,31.5,-25.0,11.682434
1997-07-20,31.5,-25.0,9.415344
1997-07-21,31.5,-25.0,10.615692
1997-07-22,31.5,-25.0,10.665527
1997-07-23,31.5,-25.0,11.8220215
1997-07-24,31.5,-25.0,10.715363
1997-07-25,31.5,-25.0,10.671509
1997-07-26,31.5,-25.0,13.251648
1997-07-27,31.5,-25.0,10.404327
1997-07-28,31.5,-25.0,13.185852
1997-07-29,31.5,-25.0,14.316406
1997-07-30,31.5,-25.0,14.126984
1997-07-31,31.5,-25.0,12.962524
1997-08-01,31.5,-25.0,13.282013
1997-08-02,31.5,-25.0,9.1596985
1997-08-03,31.5,-25.0,10.004456
1997-08-04,31.5,-25.0,7.559662
1997-08-05,31.5,-25.0,8.732361
1997-08-06,31.5,-25.0,9.829529
1997-08-07,31.5,-25.0,8.197693
1997-08-08,31.5,-25.0,10.71402
1997-08-09,31.5,-25.0,8.706543
1997-08-10,31.5,-25.0,9.6466675
1997-08-11,31.5,-25.0,9.505554
1997-08-12,31.5,-25.0,9.7977295
1997-08-13,31.5,-25.0,11.1493225
1997-08-14,31.5,-25.0,12.292175
1997-08-15,31.5,-25.0,14.615723
1997-08-16,31.5,-25.0,13.180664
1997-08-17,31.5,-25.0,13.669617
1997-08-18,31.5,-25.0,12.178894
1997-08-19,31.5,-25.0,13.051453
1997-08-20,31.5,-25.0,12.910339
1997-08-21,31.5,-25.0,13.776947
1997-08-22,31.5,-25.0,14.556091
1997-08-23,31.5,-25.0,12.5784
1997-08-24,31.5,-25.0,15.333252
1997-08-25,31.5,-25.0,12.68573
1997-08-26,31.5,-25.0,12.636047
1997-08-27,31.5,-25.0,14.794586
1997-08-28,31.5,-25.0,14.07309
1997-08-29,31.5,-25.0,14.55011
1997-08-30,31.5,-25.0,14.216187
1997-08-31,31.5,-25.0,14.838318
1997-09-01,31.5,-25.0,15.710144
1997-09-02,31.5,-25.0,17.510437
1997-09-03,31.5,-25.0,16.457855
1997-09-04,31.5,-25.0,16.829803
1997-09-05,31.5,-25.0,14.360382
1997-09-06,31.5,-25.0,13.252228
1997-09-07,31.5,-25.0,14.927887
1997-09-08,31.5,-25.0,15.748474
1997-09-09,31.5,-25.0,15.667969
1997-09-10,31.5,-25.0,15.750397
1997-09-11,31.5,-25.0,15.961304
1997-09-12,31.5,-25.0,15.533752
1997-09-13,31.5,-25.0,15.388031
1997-09-14,31.5,-25.0,15.156036
1997-09-15,31.5,-25.0,13.142944
1997-09-16,31.5,-25.0,10.986053
1997-09-17,31.5,-25.0,14.454346
1997-09-18,31.5,-25.0,14.544464
1997-09-19,31.5,-25.0,16.275726
1997-09-20,31.5,-25.0,15.796417
1997-09-21,31.5,-25.0,18.787323
1997-09-22,31.5,-25.0,18.933014
1997-09-23,31.5,-25.0,20.269348
1997-09-24,31.5,-25.0,18.658844
1997-09-25,31.5,-25.0,15.794495
1997-09-26,31.5,-25.0,15.786835
1997-09-27,31.5,-25.0,14.33548
1997-09-28,31.5,-25.0,16.862396
1997-09-29,31.5,-25.0,18.13736
1997-09-30,31.5,-25.0,16.588226
1997-10-01,31.5,-25.0,14.388153
1997-10-02,31.5,-25.0,18.650787
1997-10-03,31.5,-25.0,16.559875
1997-10-04,31.5,-25.0,17.558899
1997-10-05,31.5,-25.0,19.598206
1997-10-06,31.5,-25.0,19.976501
1997-10-07,31.5,-25.0,19.407349
1997-10-08,31.5,-25.0,15.712158
1997-10-09,31.5,-25.0,14.556641
1997-10-10,31.5,-25.0,15.21521
1997-10-11,31.5,-25.0,14.173218
1997-10-12,31.5,-25.0,17.698181
1997-10-13,31.5,-25.0,16.334625
1997-10-14,31.5,-25.0,17.811646
1997-10-15,31.5,-25.0,15.060455
1997-10-16,31.5,-25.0,14.470673
1997-10-17,31.5,-25.0,14.382996
1997-10-18,31.5,-25.0,12.998779
1997-10-19,31.5,-25.0,12.849182
1997-10-20,31.5,-25.0,10.8975525
1997-10-21,31.5,-25.0,13.1449585
1997-10-22,31.5,-25.0,14.728607
1997-10-23,31.5,-25.0,17.80133
1997-10-24,31.5,-25.0,19.522552
1997-10-25,31.5,-25.0,18.956848
1997-10-26,31.5,-25.0,17.911377
1997-10-27,31.5,-25.0,17.668945
1997-10-28,31.5,-25.0,16.731812
1997-10-29,31.5,-25.0,16.162659
1997-10-30,31.5,-25.0,14.10788
1997-10-31,31.5,-25.0,16.124847
1997-11-01,31.5,-25.0,14.558472
1997-11-02,31.5,-25.0,15.662781
1997-11-03,31.5,-25.0,16.56128
1997-11-04,31.5,-25.0,21.073914
1997-11-05,31.5,-25.0,19.58142
1997-11-06,31.5,-25.0,18.952301
1997-11-07,31.5,-25.0,21.641113
1997-11-08,31.5,-25.0,21.316528
1997-11-09,31.5,-25.0,22.019257
1997-11-10,31.5,-25.0,20.478241
1997-11-11,31.5,-25.0,20.503357
1997-11-12,31.5,-25.0,20.899902
1997-11-13,31.5,-25.0,20.864746
1997-11-14,31.5,-25.0,20.625488
1997-11-15,31.5,-25.0,21.90213
1997-11-16,31.5,-25.0,22.911072
1997-11-17,31.5,-25.0,20.379517
1997-11-18,31.5,-25.0,17.275757
1997-11-19,31.5,-25.0,15.538971
1997-11-20,31.5,-25.0,14.868011
1997-11-21,31.5,-25.0,20.781097
1997-11-22,31.5,-25.0,18.242859
1997-11-23,31.5,-25.0,19.183197
1997-11-24,31.5,-25.0,19.377289
1997-11-25,31.5,-25.0,15.557373
1997-11-26,31.5,-25.0,14.762604
1997-11-27,31.5,-25.0,15.88031
1997-11-28,31.5,-25.0,15.958923
1997-11-29,31.5,-25.0,16.295258
1997-11-30,31.5,-25.0,15.388367
1997-12-01,31.5,-25.0,13.080872
1997-12-02,31.5,-25.0,16.61795
1997-12-03,31.5,-25.0,18.561432
1997-12-04,31.5,-25.0,17.350647
1997-12-05,31.5,-25.0,17.2948
1997-12-06,31.5,-25.0,22.481262
1997-12-07,31.5,-25.0,22.489502
1997-12-08,31.5,-25.0,20.986298
1997-12-09,31.5,-25.0,20.989563
1997-12-10,31.5,-25.0,21.171936
1997-12-11,31.5,-25.0,21.980194
1997-12-12,31.5,-25.0,21.139069
1997-12-13,31.5,-25.0,19.58493
1997-12-14,31.5,-25.0,20.120514
1997-12-15,31.5,-25.0,18.321564
1997-12-16,31.5,-25.0,17.927307
1997-12-17,31.5,-25.0,19.04773
1997-12-18,31.5,-25.0,17.367096
1997-12-19,31.5,-25.0,17.577362
1997-12-20,31.5,-25.0,16.811798
1997-12-21,31.5,-25.0,15.507385
1997-12-22,31.5,-25.0,19.68515
1997-12-23,31.5,-25.0,19.90857
1997-12-24,31.5,-25.0,19.82315
1997-12-25,31.5,-25.0,20.424438
1997-12-26,31.5,-25.0,22.757263
1997-12-27,31.5,-25.0,22.325195
1997-12-28,31.5,-25.0,21.781433
1997-12-29,31.5,-25.0,22.395844
1997-12-30,31.5,-25.0,21.288574
1997-12-31,31.5,-25.0,20.654419
1998-01-01,31.5,-25.0,19.399597
1998-01-02,31.5,-25.0,19.323944
1998-01-03,31.5,-25.0,19.21045
1998-01-04,31.5,-25.0,20.701569
1998-01-05,31.5,-25.0,20.57074
1998-01-06,31.5,-25.0,19.48471
1998-01-07,31.5,-25.0,21.964111
1998-01-08,31.5,-25.0,23.628632
1998-01-09,31.5,-25.0,23.474152
1998-01-10,31.5,-25.0,21.746613
1998-01-11,31.5,-25.0,19.483124
1998-01-12,31.5,-25.0,18.149628
1998-01-13,31.5,-25.0,17.809174
1998-01-14,31.5,-25.0,19.981232
1998-01-15,31.5,-25.0,20.071075
1998-01-16,31.5,-25.0,20.673187
1998-01-17,31.5,-25.0,21.894775
1998-01-18,31.5,-25.0,22.441711
1998-01-19,31.5,-25.0,22.965027
1998-01-20,31.5,-25.0,21.98462
1998-01-21,31.5,-25.0,21.205963
1998-01-22,31.5,-25.0,23.075348
1998-01-23,31.5,-25.0,22.775879
1998-01-24,31.5,-25.0,22.180054
1998-01-25,31.5,-25.0,20.148285
1998-01-26,31.5,-25.0,18.543701
1998-01-27,31.5,-25.0,20.747253
1998-01-28,31.5,-25.0,21.502289
1998-01-29,31.5,-25.0,22.23996
1998-01-30,31.5,-25.0,20.854462
1998-01-31,31.5,-25.0,18.696594
1998-02-01,31.5,-25.0,20.953094
1998-02-02,31.5,-25.0,21.537903
1998-02-03,31.5,-25.0,20.785522
1998-02-04,31.5,-25.0,22.756104
1998-02-05,31.5,-25.0,23.025879
1998-02-06,31.5,-25.0,20.230896
1998-02-07,31.5,-25.0,18.590424
1998-02-08,31.5,-25.0,19.275787
1998-02-09,31.5,-25.0,19.242249
1998-02-10,31.5,-25.0,21.482605
1998-02-11,31.5,-25.0,21.765778
1998-02-12,31.5,-25.0,21.609955
1998-02-13,31.5,-25.0,21.946747
1998-02-14,31.5,-25.0,20.718506
1998-02-15,31.5,-25.0,21.13742
1998-02-16,31.5,-25.0,20.604553
1998-02-17,31.5,-25.0,19.48523
1998-02-18,31.5,-25.0,19.766724
1998-02-19,31.5,-25.0,20.5878
1998-02-20,31.5,-25.0,18.840118
1998-02-21,31.5,-25.0,22.702484
1998-02-22,31.5,-25.0,23.304047
1998-02-23,31.5,-25.0,22.709167
1998-02-24,31.5,-25.0,20.939697
1998-02-25,31.5,-25.0,20.927948
1998-02-26,31.5,-25.0,21.108948
1998-02-27,31.5,-25.0,20.457092
1998-02-28,31.5,-25.0,21.588165
1998-03-01,31.5,-25.0,22.061646
1998-03-02,31.5,-25.0,23.127289
1998-03-03,31.5,-25.0,21.884033
1998-03-04,31.5,-25.0,20.811432
1998-03-05,31.5,-25.0,22.355896
1998-03-06,31.5,-25.0,21.272858
1998-03-07,31.5,-25.0,23.082
1998-03-08,31.5,-25.0,23.327515
1998-03-09,31.5,-25.0,21.617615
1998-03-10,31.5,-25.0,22.382019
1998-03-11,31.5,-25.0,21.570618
1998-03-12,31.5,-25.0,18.62442
1998-03-13,31.5,-25.0,18.312744
1998-03-14,31.5,-25.0,18.539124
1998-03-15,31.5,-25.0,17.154816
1998-03-16,31.5,-25.0,19.899017
1998-03-17,31.5,-25.0,20.896759
1998-03-18,31.5,-25.0,21.60022
1998-03-19,31.5,-25.0,19.947784
1998-03-20,31.5,-25.0,19.284363
1998-03-21,31.5,-25.0,18.406769
1998-03-22,31.5,-25.0,18.06897
1998-03-23,31.5,-25.0,18.358032
1998-03-24,31.5,-25.0,19.700531
1998-03-25,31.5,-25.0,21.567139
1998-03-26,31.5,-25.0,22.439484
1998-03-27,31.5,-25.0,21.97284
1998-03-28,31.5,-25.0,20.957703
1998-03-29,31.5,-25.0,23.127289
1998-03-30,31.5,-25.0,21.5654
1998-03-31,31.5,-25.0,20.235077
1998-04-01,31.5,-25.0,19.760956
1998-04-02,31.5,-25.0,22.188812
1998-04-03,31.5,-25.0,21.895386
1998-04-04,31.5,-25.0,21.117859
1998-04-05,31.5,-25.0,20.925354
1998-04-06,31.5,-25.0,21.05246
1998-04-07,31.5,-25.0,19.60022
1998-04-08,31.5,-25.0,19.742249
1998-04-09,31.5,-25.0,18.561035
1998-04-10,31.5,-25.0,17.239624
1998-04-11,31.5,-25.0,17.53305
1998-04-12,31.5,-25.0,18.8526
1998-04-13,31.5,-25.0,17.402222
1998-04-14,31.5,-25.0,17.215332
1998-04-15,31.5,-25.0,19.265656
1998-04-16,31.5,-25.0,18.779694
1998-04-17,31.5,-25.0,16.91629
1998-04-18,31.5,-25.0,16.18924
1998-04-19,31.5,-25.0,15.329468
1998-04-20,31.5,-25.0,14.826691
1998-04-21,31.5,-25.0,15.514496
1998-04-22,31.5,-25.0,15.664032
1998-04-23,31.5,-25.0,16.224731
1998-04-24,31.5,-25.0,17.740509
1998-04-25,31.5,-25.0,16.615356
1998-04-26,31.5,-25.0,15.994843
1998-04-27,31.5,-25.0,18.942322
1998-04-28,31.5,-25.0,19.140442
1998-04-29,31.5,-25.0,18.340485
1998-04-30,31.5,-25.0,15.791107
1998-05-01,31.5,-25.0,13.511841
1998-05-02,31.5,-25.0,15.767517
1998-05-03,31.5,-25.0,16.63208
1998-05-04,31.5,-25.0,16.376251
1998-05-05,31.5,-25.0,16.510712
1998-05-06,31.5,-25.0,20.17804
1998-05-07,31.5,-25.0,18.872803
1998-05-08,31.5,-25.0,20.004364
1998-05-09,31.5,-25.0,17.431274
1998-05-10,31.5,-25.0,13.364349
1998-05-11,31.5,-25.0,9.943481
1998-05-12,31.5,-25.0,12.060974
1998-05-13,31.5,-25.0,12.52594
1998-05-14,31.5,-25.0,10.714661
1998-05-15,31.5,-25.0,13.03009
1998-05-16,31.5,-25.0,12.189819
1998-05-17,31.5,-25.0,13.472626
1998-05-18,31.5,-25.0,11.594147
1998-05-19,31.5,-25.0,10.518616
1998-05-20,31.5,-25.0,13.325134
1998-05-21,31.5,-25.0,11.560547
1998-05-22,31.5,-25.0,13.00769
1998-05-23,31.5,-25.0,10.757629
1998-05-24,31.5,-25.0,11.633362
1998-05-25,31.5,-25.0,14.533264
1998-05-26,31.5,-25.0,12.837769
1998-05-27,31.5,-25.0,10.892059
1998-05-28,31.5,-25.0,12.100189
1998-05-29,31.5,-25.0,14.124329
1998-05-30,31.5,-25.0,10.826721
1998-05-31,31.5,-25.0,10.591431
1998-06-01,31.5,-25.0,10.659546
1998-06-02,31.5,-25.0,11.510468
1998-06-03,31.5,-25.0,12.868134
1998-06-04,31.5,-25.0,11.602264
1998-06-05,31.5,-25.0,13.543152
1998-06-06,31.5,-25.0,10.785736
1998-06-07,31.5,-25.0,14.438049
1998-06-08,31.5,-25.0,14.3367
1998-06-09,31.5,-25.0,12.174011
1998-06-10,31.5,-25.0,10.730286
1998-06-11,31.5,-25.0,12.022949
1998-06-12,31.5,-25.0,10.013214
1998-06-13,31.5,-25.0,9.638428
1998-06-14,31.5,-25.0,9.613556
1998-06-15,31.5,-25.0,9.0781555
1998-06-16,31.5,-25.0,9.502655
1998-06-17,31.5,-25.0,11.472229
1998-06-18,31.5,-25.0,9.16037
1998-06-19,31.5,-25.0,8.5408325
1998-06-20,31.5,-25.0,10.797211
1998-06-21,31.5,-25.0,12.820343
1998-06-22,31.5,-25.0,9.345856
1998-06-23,31.5,-25.0,9.248352
1998-06-24,31.5,-25.0,9.422333
1998-06-25,31.5,-25.0,10.095428
1998-06-26,31.5,-25.0,8.613495
1998-06-27,31.5,-25.0,9.315277
1998-06-28,31.5,-25.0,14.709595
1998-06-29,31.5,-25.0,13.147308
1998-06-30,31.5,-25.0,9.787567
1998-07-01,31.5,-25.0,9.662445
1998-07-02,31.5,-25.0,9.382446
1998-07-03,31.5,-25.0,10.717316
1998-07-04,31.5,-25.0,11.580963
1998-07-05,31.5,-25.0,9.648651
1998-07-06,31.5,-25.0,8.572052
1998-07-07,31.5,-25.0,12.164581
1998-07-08,31.5,-25.0,12.452484
1998-07-09,31.5,-25.0,11.442932
1998-07-10,31.5,-25.0,15.644745
1998-07-11,31.5,-25.0,14.550415
1998-07-12,31.5,-25.0,11.425201
1998-07-13,31.5,-25.0,9.457367
1998-07-14,31.5,-25.0,10.466919
1998-07-15,31.5,-25.0,8.491211
1998-07-16,31.5,-25.0,7.7636414
1998-07-17,31.5,-25.0,9.329224
1998-07-18,31.5,-25.0,11.8116455
1998-07-19,31.5,-25.0,10.644379
1998-07-20,31.5,-25.0,9.9010315
1998-07-21,31.5,-25.0,10.508331
1998-07-22,31.5,-25.0,13.801147
1998-07-23,31.5,-25.0,13.323975
1998-07-24,31.5,-25.0,10.890839
1998-07-25,31.5,-25.0,8.84021
1998-07-26,31.5,-25.0,10.61676
1998-07-27,31.5,-25.0,10.9618225
1998-07-28,31.5,-25.0,11.145203
1998-07-29,31.5,-25.0,11.718994
1998-07-30,31.5,-25.0,14.317749
1998-07-31,31.5,-25.0,12.935547
1998-08-01,31.5,-25.0,12.122925
1998-08-02,31.5,-25.0,11.498169
1998-08-03,31.5,-25.0,9.384277
1998-08-04,31.5,-25.0,9.799469
1998-08-05,31.5,-25.0,10.362366
1998-08-06,31.5,-25.0,15.801788
1998-08-07,31.5,-25.0,12.310577
1998-08-08,31.5,-25.0,16.145111
1998-08-09,31.5,-25.0,13.967346
1998-08-10,31.5,-25.0,11.009094
1998-08-11,31.5,-25.0,10.492126
1998-08-12,31.5,-25.0,9.3703
1998-08-13,31.5,-25.0,11.454254
1998-08-14,31.5,-25.0,11.460236
1998-08-15,31.5,-25.0,12.81958
1998-08-16,31.5,-25.0,14.069153
1998-08-17,31.5,-25.0,11.003113
1998-08-18,31.5,-25.0,13.023193
1998-08-19,31.5,-25.0,16.42456
1998-08-20,31.5,-25.0,16.93158
1998-08-21,31.5,-25.0,14.891541
1998-08-22,31.5,-25.0,16.183044
1998-08-23,31.5,-25.0,14.857605
1998-08-24,31.5,-25.0,14.388519
1998-08-25,31.5,-25.0,10.959198
1998-08-26,31.5,-25.0,9.677704
1998-08-27,31.5,-25.0,11.613922
1998-08-28,31.5,-25.0,10.464172
1998-08-29,31.5,-25.0,10.516083
1998-08-30,31.5,-25.0,10.502106
1998-08-31,31.5,-25.0,15.276794
1998-09-01,31.5,-25.0,13.385254
1998-09-02,31.5,-25.0,14.799774
1998-09-03,31.5,-25.0,14.041718
1998-09-04,31.5,-25.0,18.920288
1998-09-05,31.5,-25.0,17.605408
1998-09-06,31.5,-25.0,16.181091
1998-09-07,31.5,-25.0,16.446808
1998-09-08,31.5,-25.0,16.104889
1998-09-09,31.5,-25.0,15.33902
1998-09-10,31.5,-25.0,14.481323
1998-09-11,31.5,-25.0,13.692017
1998-09-12,31.5,-25.0,13.598236
1998-09-13,31.5,-25.0,14.182404
1998-09-14,31.5,-25.0,14.41684
1998-09-15,31.5,-25.0,14.112061
1998-09-16,31.5,-25.0,14.588776
1998-09-17,31.5,-25.0,12.717072
1998-09-18,31.5,-25.0,14.674744
1998-09-19,31.5,-25.0,13.777954
1998-09-20,31.5,-25.0,11.380707
1998-09-21,31.5,-25.0,13.311005
1998-09-22,31.5,-25.0,13.934265
1998-09-23,31.5,-25.0,15.759094
1998-09-24,31.5,-25.0,18.00592
1998-09-25,31.5,-25.0,19.172333
1998-09-26,31.5,-25.0,17.742157
1998-09-27,31.5,-25.0,17.204865
1998-09-28,31.5,-25.0,17.408081
1998-09-29,31.5,-25.0,15.10849
1998-09-30,31.5,-25.0,16.771149
1998-10-01,31.5,-25.0,18.297577
1998-10-02,31.5,-25.0,19.042664
1998-10-03,31.5,-25.0,16.748291
1998-10-04,31.5,-25.0,16.999054
1998-10-05,31.5,-25.0,16.022919
1998-10-06,31.5,-25.0,18.901184
1998-10-07,31.5,-25.0,18.714905
1998-10-08,31.5,-25.0,16.03186
1998-10-09,31.5,-25.0,15.922607
1998-10-10,31.5,-25.0,13.923767
1998-10-11,31.5,-25.0,14.131531
1998-10-12,31.5,-25.0,17.043823
1998-10-13,31.5,-25.0,16.350677
1998-10-14,31.5,-25.0,15.288574
1998-10-15,31.5,-25.0,16.98114
1998-10-16,31.5,-25.0,14.371521
1998-10-17,31.5,-25.0,14.337494
1998-10-18,31.5,-25.0,12.60733
1998-10-19,31.5,-25.0,11.102814
1998-10-20,31.5,-25.0,13.6927185
1998-10-21,31.5,-25.0,16.93637
1998-10-22,31.5,-25.0,15.802612
1998-10-23,31.5,-25.0,14.070648
1998-10-24,31.5,-25.0,17.819366
1998-10-25,31.5,-25.0,16.565613
1998-10-26,31.5,-25.0,15.818726
1998-10-27,31.5,-25.0,14.926758
1998-10-28,31.5,-25.0,14.498688
1998-10-29,31.5,-25.0,18.274292
1998-10-30,31.5,-25.0,19.913147
1998-10-31,31.5,-25.0,19.07492
1998-11-01,31.5,-25.0,17.974976
1998-11-02,31.5,-25.0,18.289032
1998-11-03,31.5,-25.0,18.781403
1998-11-04,31.5,-25.0,18.876068
1998-11-05,31.5,-25.0,18.871338
1998-11-06,31.5,-25.0,14.144897
1998-11-07,31.5,-25.0,13.789825
1998-11-08,31.5,-25.0,14.342163
1998-11-09,31.5,-25.0,13.86557
1998-11-10,31.5,-25.0,16.239044
1998-11-11,31.5,-25.0,18.487854
1998-11-12,31.5,-25.0,15.083893
1998-11-13,31.5,-25.0,13.737762
1998-11-14,31.5,-25.0,15.849274
1998-11-15,31.5,-25.0,17.75879
1998-11-16,31.5,-25.0,20.125946
1998-11-17,31.5,-25.0,18.505219
1998-11-18,31.5,-25.0,18.322174
1998-11-19,31.5,-25.0,18.478394
1998-11-20,31.5,-25.0,19.983917
1998-11-21,31.5,-25.0,20.510986
1998-11-22,31.5,-25.0,19.542053
1998-11-23,31.5,-25.0,19.240631
1998-11-24,31.5,-25.0,20.61673
1998-11-25,31.5,-25.0,20.485748
1998-11-26,31.5,-25.0,20.921295
1998-11-27,31.5,-25.0,20.804535
1998-11-28,31.5,-25.0,18.85556
1998-11-29,31.5,-25.0,18.569916
1998-11-30,31.5,-25.0,19.11911
1998-12-01,31.5,-25.0,19.457489
1998-12-02,31.5,-25.0,18.09793
1998-12-03,31.5,-25.0,15.246918
1998-12-04,31.5,-25.0,13.835907
1998-12-05,31.5,-25.0,14.471436
1998-12-06,31.5,-25.0,16.622559
1998-12-07,31.5,-25.0,15.388519
1998-12-08,31.5,-25.0,19.114777
1998-12-09,31.5,-25.0,18.577393
1998-12-10,31.5,-25.0,19.003754
1998-12-11,31.5,-25.0,19.57492
1998-12-12,31.5,-25.0,20.982758
1998-12-13,31.5,-25.0,20.71405
1998-12-14,31.5,-25.0,20.813812
1998-12-15,31.5,-25.0,21.240173
1998-12-16,31.5,-25.0,20.469482
1998-12-17,31.5,-25.0,20.961823
1998-12-18,31.5,-25.0,19.835571
1998-12-19,31.5,-25.0,19.790527
1998-12-20,31.5,-25.0,18.875061
1998-12-21,31.5,-25.0,19.063293
1998-12-22,31.5,-25.0,19.796967
1998-12-23,31.5,-25.0,18.773682
1998-12-24,31.5,-25.0,19.470367
1998-12-25,31.5,-25.0,19.48645
1998-12-26,31.5,-25.0,20.831512
1998-12-27,31.5,-25.0,22.176575
1998-12-28,31.5,-25.0,21.47348
1998-12-29,31.5,-25.0,21.516907
1998-12-30,31.5,-25.0,21.510468
1998-12-31,31.5,-25.0,21.504028
1999-01-01,31.5,-25.0,21.740265
1999-01-02,31.5,-25.0,21.526764
1999-01-03,31.5,-25.0,21.912994
1999-01-04,31.5,-25.0,21.41269
1999-01-05,31.5,-25.0,20.235992
1999-01-06,31.5,-25.0,19.766632
1999-01-07,31.5,-25.0,20.574982
1999-01-08,31.5,-25.0,19.931213
1999-01-09,31.5,-25.0,19.124512
1999-01-10,31.5,-25.0,17.99997
1999-01-11,31.5,-25.0,22.155853
1999-01-12,31.5,-25.0,19.611786
1999-01-13,31.5,-25.0,19.870941
1999-01-14,31.5,-25.0,21.324677
1999-01-15,31.5,-25.0,21.026428
1999-01-16,31.5,-25.0,20.368011
1999-01-17,31.5,-25.0,19.248352
1999-01-18,31.5,-25.0,19.47815
1999-01-19,31.5,-25.0,21.670166
1999-01-20,31.5,-25.0,21.989594
1999-01-21,31.5,-25.0,21.678314
1999-01-22,31.5,-25.0,20.680908
1999-01-23,31.5,-25.0,20.221313
1999-01-24,31.5,-25.0,21.096497
1999-01-25,31.5,-25.0,21.032928
1999-01-26,31.5,-25.0,20.455994
1999-01-27,31.5,-25.0,20.048584
1999-01-28,31.5,-25.0,20.91397
1999-01-29,31.5,-25.0,21.12259
1999-01-30,31.5,-25.0,21.662018
1999-01-31,31.5,-25.0,21.637573
1999-02-01,31.5,-25.0,21.521454
1999-02-02,31.5,-25.0,21.853943
1999-02-03,31.5,-25.0,21.842896
1999-02-04,31.5,-25.0,20.872223
1999-02-05,31.5,-25.0,21.404846
1999-02-06,31.5,-25.0,22.080841
1999-02-07,31.5,-25.0,19.327911
1999-02-08,31.5,-25.0,18.815765
1999-02-09,31.5,-25.0,19.178223
1999-02-10,31.5,-25.0,18.445465
1999-02-11,31.5,-25.0,15.311188
1999-02-12,31.5,-25.0,19.149841
1999-02-13,31.5,-25.0,17.725311
1999-02-14,31.5,-25.0,19.794342
1999-02-15,31.5,-25.0,18.959167
1999-02-16,31.5,-25.0,18.532135
1999-02-17,31.5,-25.0,17.52835
1999-02-18,31.5,-25.0,18.347778
1999-02-19,31.5,-25.0,21.163727
1999-02-20,31.5,-25.0,21.277191
1999-02-21,31.5,-25.0,20.73825
1999-02-22,31.5,-25.0,21.41272
1999-02-23,31.5,-25.0,20.635834
1999-02-24,31.5,-25.0,20.063812
1999-02-25,31.5,-25.0,17.86084
1999-02-26,31.5,-25.0,19.942474
1999-02-27,31.5,-25.0,19.868408
1999-02-28,31.5,-25.0,17.39914
1999-03-01,31.5,-25.0,17.788727
1999-03-02,31.5,-25.0,19.429657
1999-03-03,31.5,-25.0,20.86026
1999-03-04,31.5,-25.0,21.149628
1999-03-05,31.5,-25.0,21.129852
1999-03-06,31.5,-25.0,21.185577
1999-03-07,31.5,-25.0,18.6622
1999-03-08,31.5,-25.0,17.9505
1999-03-09,31.5,-25.0,17.218994
1999-03-10,31.5,-25.0,20.998657
1999-03-11,31.5,-25.0,19.862793
1999-03-12,31.5,-25.0,20.41275
1999-03-13,31.5,-25.0,20.375
1999-03-14,31.5,-25.0,21.410248
1999-03-15,31.5,-25.0,20.657196
1999-03-16,31.5,-25.0,20.696716
1999-03-17,31.5,-25.0,19.28946
1999-03-18,31.5,-25.0,20.727264
1999-03-19,31.5,-25.0,19.5878
1999-03-20,31.5,-25.0,20.576294
1999-03-21,31.5,-25.0,21.04538
1999-03-22,31.5,-25.0,20.436127
1999-03-23,31.5,-25.0,21.352722
1999-03-24,31.5,-25.0,20.696716
1999-03-25,31.5,-25.0,19.271484
1999-03-26,31.5,-25.0,18.335114
1999-03-27,31.5,-25.0,17.993622
1999-03-28,31.5,-25.0,19.62735
1999-03-29,31.5,-25.0,18.690979
1999-03-30,31.5,-25.0,18.947968
1999-03-31,31.5,-25.0,19.005493
1999-04-01,31.5,-25.0,16.525452
1999-04-02,31.5,-25.0,15.344208
1999-04-03,31.5,-25.0,17.267212
1999-04-04,31.5,-25.0,18.398407
1999-04-05,31.5,-25.0,17.463806
1999-04-06,31.5,-25.0,17.337708
1999-04-07,31.5,-25.0,16.33075
1999-04-08,31.5,-25.0,17.754944
1999-04-09,31.5,-25.0,16.80362
1999-04-10,31.5,-25.0,18.409546
1999-04-11,31.5,-25.0,18.667297
1999-04-12,31.5,-25.0,16.859253
1999-04-13,31.5,-25.0,15.255188
1999-04-14,31.5,-25.0,11.603851
1999-04-15,31.5,-25.0,12.497681
1999-04-16,31.5,-25.0,14.819397
1999-04-17,31.5,-25.0,17.139282
1999-04-18,31.5,-25.0,18.37616
1999-04-19,31.5,-25.0,18.68399
1999-04-20,31.5,-25.0,18.468872
1999-04-21,31.5,-25.0,19.43689
1999-04-22,31.5,-25.0,18.758179
1999-04-23,31.5,-25.0,16.627441
1999-04-24,31.5,-25.0,18.678436
1999-04-25,31.5,-25.0,18.359467
1999-04-26,31.5,-25.0,18.424377
1999-04-27,31.5,-25.0,17.727112
1999-04-28,31.5,-25.0,16.51062
1999-04-29,31.5,-25.0,14.47818
1999-04-30,31.5,-25.0,14.69516
1999-05-01,31.5,-25.0,12.5243225
1999-05-02,31.5,-25.0,14.023407
1999-05-03,31.5,-25.0,15.50531
1999-05-04,31.5,-25.0,15.760864
1999-05-05,31.5,-25.0,17.01773
1999-05-06,31.5,-25.0,14.778656
1999-05-07,31.5,-25.0,12.42514
1999-05-08,31.5,-25.0,12.781799
1999-05-09,31.5,-25.0,13.8784485
1999-05-10,31.5,-25.0,13.315826
1999-05-11,31.5,-25.0,13.065979
1999-05-12,31.5,-25.0,10.908905
1999-05-13,31.5,-25.0,13.373047
1999-05-14,31.5,-25.0,15.139099
1999-05-15,31.5,-25.0,13.558044
1999-05-16,31.5,-25.0,17.256104
1999-05-17,31.5,-25.0,15.737976
1999-05-18,31.5,-25.0,13.426422
1999-05-19,31.5,-25.0,11.181641
1999-05-20,31.5,-25.0,14.250366
1999-05-21,31.5,-25.0,16.235748
1999-05-22,31.5,-25.0,16.428375
1999-05-23,31.5,-25.0,15.142914
1999-05-24,31.5,-25.0,13.027832
1999-05-25,31.5,-25.0,10.592316
1999-05-26,31.5,-25.0,12.079956
1999-05-27,31.5,-25.0,12.360291
1999-05-28,31.5,-25.0,14.071075
1999-05-29,31.5,-25.0,13.600006
1999-05-30,31.5,-25.0,11.513489
1999-05-31,31.5,-25.0,10.792572
1999-06-01,31.5,-25.0,10.77597
1999-06-02,31.5,-25.0,12.131714
1999-06-03,31.5,-25.0,12.815155
1999-06-04,31.5,-25.0,10.996368
1999-06-05,31.5,-25.0,12.033569
1999-06-06,31.5,-25.0,13.048523
1999-06-07,31.5,-25.0,10.47406
1999-06-08,31.5,-25.0,8.41452
1999-06-09,31.5,-25.0,7.0976562
1999-06-10,31.5,-25.0,6.454956
1999-06-11,31.5,-25.0,7.2087708
1999-06-12,31.5,-25.0,7.034668
1999-06-13,31.5,-25.0,7.712555
1999-06-14,31.5,-25.0,8.2404175
1999-06-15,31.5,-25.0,9.859161
1999-06-16,31.5,-25.0,10.82782
1999-06-17,31.5,-25.0,9.218323
1999-06-18,31.5,-25.0,13.080017
1999-06-19,31.5,-25.0,14.943237
1999-06-20,31.5,-25.0,9.5850525
1999-06-21,31.5,-25.0,7.6106873
1999-06-22,31.5,-25.0,9.892517
1999-06-23,31.5,-25.0,10.488892
1999-06-24,31.5,-25.0,12.350281
1999-06-25,31.5,-25.0,15.28775
1999-06-26,31.5,-25.0,12.2465515
1999-06-27,31.5,-25.0,10.629639
1999-06-28,31.5,-25.0,7.7199707
1999-06-29,31.5,-25.0,7.923706
1999-06-30,31.5,-25.0,8.547852
1999-07-01,31.5,-25.0,8.578461
1999-07-02,31.5,-25.0,8.904602
1999-07-03,31.5,-25.0,10.880859
1999-07-04,31.5,-25.0,9.107697
1999-07-05,31.5,-25.0,12.931335
1999-07-06,31.5,-25.0,13.218414
1999-07-07,31.5,-25.0,12.5095215
1999-07-08,31.5,-25.0,12.661835
1999-07-09,31.5,-25.0,11.845551
1999-07-10,31.5,-25.0,10.255951
1999-07-11,31.5,-25.0,14.585388
1999-07-12,31.5,-25.0,10.17981
1999-07-13,31.5,-25.0,7.523926
1999-07-14,31.5,-25.0,8.310944
1999-07-15,31.5,-25.0,10.996094
1999-07-16,31.5,-25.0,13.34729
1999-07-17,31.5,-25.0,9.904449
1999-07-18,31.5,-25.0,13.8940735
1999-07-19,31.5,-25.0,11.240173
1999-07-20,31.5,-25.0,10.593811
1999-07-21,31.5,-25.0,7.850067
1999-07-22,31.5,-25.0,7.4770813
1999-07-23,31.5,-25.0,8.744476
1999-07-24,31.5,-25.0,10.185669
1999-07-25,31.5,-25.0,11.943207
1999-07-26,31.5,-25.0,9.338135
1999-07-27,31.5,-25.0,9.726746
1999-07-28,31.5,-25.0,11.236267
1999-07-29,31.5,-25.0,11.304626
1999-07-30,31.5,-25.0,12.745819
1999-07-31,31.5,-25.0,12.472412
1999-08-01,31.5,-25.0,14.228943
1999-08-02,31.5,-25.0,16.146332
1999-08-03,31.5,-25.0,15.409302
1999-08-04,31.5,-25.0,14.031891
1999-08-05,31.5,-25.0,15.420685
1999-08-06,31.5,-25.0,13.092133
1999-08-07,31.5,-25.0,10.170563
1999-08-08,31.5,-25.0,11.621887
1999-08-09,31.5,-25.0,14.353973
1999-08-10,31.5,-25.0,15.170593
1999-08-11,31.5,-25.0,15.4869995
1999-08-12,31.5,-25.0,15.682159
1999-08-13,31.5,-25.0,11.311157
1999-08-14,31.5,-25.0,10.973907
1999-08-15,31.5,-25.0,11.608612
1999-08-16,31.5,-25.0,10.86969
1999-08-17,31.5,-25.0,8.531677
1999-08-18,31.5,-25.0,7.419525
1999-08-19,31.5,-25.0,7.8060303
1999-08-20,31.5,-25.0,9.916687
1999-08-21,31.5,-25.0,11.94397
1999-08-22,31.5,-25.0,14.772705
1999-08-23,31.5,-25.0,17.811737
1999-08-24,31.5,-25.0,9.4487
1999-08-25,31.5,-25.0,10.316467
1999-08-26,31.5,-25.0,9.734802
1999-08-27,31.5,-25.0,9.477142
1999-08-28,31.5,-25.0,7.8950806
1999-08-29,31.5,-25.0,9.581329
1999-08-30,31.5,-25.0,13.050446
1999-08-31,31.5,-25.0,13.372559
1999-09-01,31.5,-25.0,14.373627
1999-09-02,31.5,-25.0,15.574738
1999-09-03,31.5,-25.0,14.419556
1999-09-04,31.5,-25.0,11.422546
1999-09-05,31.5,-25.0,15.039215
1999-09-06,31.5,-25.0,13.958618
1999-09-07,31.5,-25.0,13.402069
1999-09-08,31.5,-25.0,12.023102
1999-09-09,31.5,-25.0,15.502045
1999-09-10,31.5,-25.0,18.749573
1999-09-11,31.5,-25.0,10.016815
1999-09-12,31.5,-25.0,8.704803
1999-09-13,31.5,-25.0,11.093597
1999-09-14,31.5,-25.0,10.232941
1999-09-15,31.5,-25.0,11.120361
1999-09-16,31.5,-25.0,13.076935
1999-09-17,31.5,-25.0,16.609436
1999-09-18,31.5,-25.0,13.579926
1999-09-19,31.5,-25.0,12.200958
1999-09-20,31.5,-25.0,10.40506
1999-09-21,31.5,-25.0,13.3905945
1999-09-22,31.5,-25.0,15.175018
1999-09-23,31.5,-25.0,13.386749
1999-09-24,31.5,-25.0,15.284027
1999-09-25,31.5,-25.0,18.709412
1999-09-26,31.5,-25.0,18.303955
1999-09-27,31.5,-25.0,17.231018
1999-09-28,31.5,-25.0,14.633759
1999-09-29,31.5,-25.0,12.998505
1999-09-30,31.5,-25.0,11.914093
1999-10-01,31.5,-25.0,12.935516
1999-10-02,31.5,-25.0,11.274902
1999-10-03,31.5,-25.0,15.099518
1999-10-04,31.5,-25.0,16.405426
1999-10-05,31.5,-25.0,16.400055
1999-10-06,31.5,-25.0,15.778442
1999-10-07,31.5,-25.0,15.697845
1999-10-08,31.5,-25.0,12.238678
1999-10-09,31.5,-25.0,10.696289
1999-10-10,31.5,-25.0,13.164825
1999-10-11,31.5,-25.0,13.412018
1999-10-12,31.5,-25.0,16.521881
1999-10-13,31.5,-25.0,14.365051
1999-10-14,31.5,-25.0,12.444672
1999-10-15,31.5,-25.0,11.787231
1999-10-16,31.5,-25.0,13.582214
1999-10-17,31.5,-25.0,17.044952
1999-10-18,31.5,-25.0,17.098694
1999-10-19,31.5,-25.0,15.507935
1999-10-20,31.5,-25.0,18.11084
1999-10-21,31.5,-25.0,17.36026
1999-10-22,31.5,-25.0,17.868988
1999-10-23,31.5,-25.0,18.639282
1999-10-24,31.5,-25.0,17.903046
1999-10-25,31.5,-25.0,17.27069
1999-10-26,31.5,-25.0,18.340149
1999-10-27,31.5,-25.0,17.743591
1999-10-28,31.5,-25.0,16.56308
1999-10-29,31.5,-25.0,16.489624
1999-10-30,31.5,-25.0,14.846924
1999-10-31,31.5,-25.0,14.628387
1999-11-01,31.5,-25.0,14.256531
1999-11-02,31.5,-25.0,13.551727
1999-11-03,31.5,-25.0,16.681946
1999-11-04,31.5,-25.0,17.872437
1999-11-05,31.5,-25.0,18.81778
1999-11-06,31.5,-25.0,17.710022
1999-11-07,31.5,-25.0,17.483276
1999-11-08,31.5,-25.0,19.47049
1999-11-09,31.5,-25.0,18.082336
1999-11-10,31.5,-25.0,16.862732
1999-11-11,31.5,-25.0,20.556793
1999-11-12,31.5,-25.0,18.503693
1999-11-13,31.5,-25.0,18.036377
1999-11-14,31.5,-25.0,17.656403
1999-11-15,31.5,-25.0,17.63034
1999-11-16,31.5,-25.0,20.667084
1999-11-17,31.5,-25.0,20.006744
1999-11-18,31.5,-25.0,22.159424
1999-11-19,31.5,-25.0,20.068024
1999-11-20,31.5,-25.0,19.323395
1999-11-21,31.5,-25.0,18.63852
1999-11-22,31.5,-25.0,19.547089
1999-11-23,31.5,-25.0,19.009308
1999-11-24,31.5,-25.0,20.572113
1999-11-25,31.5,-25.0,20.106323
1999-11-26,31.5,-25.0,20.887726
1999-11-27,31.5,-25.0,21.132874
1999-11-28,31.5,-25.0,21.016418
1999-11-29,31.5,-25.0,18.701324
1999-11-30,31.5,-25.0,17.877014
1999-12-01,31.5,-25.0,17.37201
1999-12-02,31.5,-25.0,17.67514
1999-12-03,31.5,-25.0,17.396881
1999-12-04,31.5,-25.0,19.308899
1999-12-05,31.5,-25.0,20.250916
1999-12-06,31.5,-25.0,20.499634
1999-12-07,31.5,-25.0,19.694427
1999-12-08,31.5,-25.0,20.212067
1999-12-09,31.5,-25.0,20.794983
1999-12-10,31.5,-25.0,20.179413
1999-12-11,31.5,-25.0,19.276276
1999-12-12,31.5,-25.0,19.753479
1999-12-13,31.5,-25.0,18.89386
1999-12-14,31.5,-25.0,18.199005
1999-12-15,31.5,-25.0,18.4617
1999-12-16,31.5,-25.0,18.469482
1999-12-17,31.5,-25.0,17.347137
1999-12-18,31.5,-25.0,17.465302
1999-12-19,31.5,-25.0,20.341095
1999-12-20,31.5,-25.0,22.871796
1999-12-21,31.5,-25.0,23.44693
1999-12-22,31.5,-25.0,22.509583
1999-12-23,31.5,-25.0,22.932404
1999-12-24,31.5,-25.0,22.167603
1999-12-25,31.5,-25.0,22.302856
1999-12-26,31.5,-25.0,24.401398
1999-12-27,31.5,-25.0,22.759857
1999-12-28,31.5,-25.0,22.977478
1999-12-29,31.5,-25.0,22.927734
1999-12-30,31.5,-25.0,23.016357
1999-12-31,31.5,-25.0,23.120514
2000-01-01,31.5,-25.0,21.989899
2000-01-02,31.5,-25.0,21.747559
2000-01-03,31.5,-25.0,20.151276
2000-01-04,31.5,-25.0,19.91864
2000-01-05,31.5,-25.0,21.065735
2000-01-06,31.5,-25.0,21.991516
2000-01-07,31.5,-25.0,22.00766
2000-01-08,31.5,-25.0,19.845917
2000-01-09,31.5,-25.0,19.629425
2000-01-10,31.5,-25.0,19.729614
2000-01-11,31.5,-25.0,21.157837
2000-01-12,31.5,-25.0,19.928345
2000-01-13,31.5,-25.0,18.992859
2000-01-14,31.5,-25.0,18.244812
2000-01-15,31.5,-25.0,17.722961
2000-01-16,31.5,-25.0,17.55011
2000-01-17,31.5,-25.0,17.734283
2000-01-18,31.5,-25.0,16.32544
2000-01-19,31.5,-25.0,14.59671
2000-01-20,31.5,-25.0,15.608093
2000-01-21,31.5,-25.0,15.070068
2000-01-22,31.5,-25.0,17.501617
2000-01-23,31.5,-25.0,17.924927
2000-01-24,31.5,-25.0,18.508179
2000-01-25,31.5,-25.0,15.755127
2000-01-26,31.5,-25.0,20.36618
2000-01-27,31.5,-25.0,20.223999
2000-01-28,31.5,-25.0,20.227234
2000-01-29,31.5,-25.0,21.34201
2000-01-30,31.5,-25.0,20.8945
2000-01-31,31.5,-25.0,19.424255
2000-02-01,31.5,-25.0,21.396057
2000-02-02,31.5,-25.0,20.850098
2000-02-03,31.5,-25.0,21.46872
2000-02-04,31.5,-25.0,20.829102
2000-02-05,31.5,-25.0,21.04071
2000-02-06,31.5,-25.0,20.974487
2000-02-07,31.5,-25.0,21.83377
2000-02-08,31.5,-25.0,21.42511
2000-02-09,31.5,-25.0,21.523651
2000-02-10,31.5,-25.0,21.26361
2000-02-11,31.5,-25.0,22.058289
2000-02-12,31.5,-25.0,21.740082
2000-02-13,31.5,-25.0,21.386353
2000-02-14,31.5,-25.0,21.649628
2000-02-15,31.5,-25.0,22.074432
2000-02-16,31.5,-25.0,19.383484
2000-02-17,31.5,-25.0,18.453125
2000-02-18,31.5,-25.0,18.50644
2000-02-19,31.5,-25.0,20.266998
2000-02-20,31.5,-25.0,19.108917
2000-02-21,31.5,-25.0,21.88385
2000-02-22,31.5,-25.0,22.03891
2000-02-23,31.5,-25.0,20.845245
2000-02-24,31.5,-25.0,20.707977
2000-02-25,31.5,-25.0,21.032623
2000-02-26,31.5,-25.0,20.068329
2000-02-27,31.5,-25.0,18.876312
2000-02-28,31.5,-25.0,20.17978
2000-02-29,31.5,-25.0,19.939117
2000-03-01,31.5,-25.0,21.154114
2000-03-02,31.5,-25.0,21.584778
2000-03-03,31.5,-25.0,20.451477
2000-03-04,31.5,-25.0,20.130676
2000-03-05,31.5,-25.0,20.3591
2000-03-06,31.5,-25.0,17.942596
2000-03-07,31.5,-25.0,20.882141
2000-03-08,31.5,-25.0,20.050476
2000-03-09,31.5,-25.0,20.934448
2000-03-10,31.5,-25.0,21.403442
2000-03-11,31.5,-25.0,21.269196
2000-03-12,31.5,-25.0,20.3591
2000-03-13,31.5,-25.0,20.20044
2000-03-14,31.5,-25.0,19.581482
2000-03-15,31.5,-25.0,21.307556
2000-03-16,31.5,-25.0,21.426117
2000-03-17,31.5,-25.0,21.645782
2000-03-18,31.5,-25.0,21.188995
2000-03-19,31.5,-25.0,20.9292
2000-03-20,31.5,-25.0,21.077423
2000-03-21,31.5,-25.0,20.8891
2000-03-22,31.5,-25.0,18.946838
2000-03-23,31.5,-25.0,19.698303
2000-03-24,31.5,-25.0,20.554352
2000-03-25,31.5,-25.0,19.332153
2000-03-26,31.5,-25.0,19.438507
2000-03-27,31.5,-25.0,19.189178
2000-03-28,31.5,-25.0,17.956543
2000-03-29,31.5,-25.0,19.71051
2000-03-30,31.5,-25.0,19.593689
2000-03-31,31.5,-25.0,18.852692
2000-04-01,31.5,-25.0,19.008575
2000-04-02,31.5,-25.0,18.312195
2000-04-03,31.5,-25.0,15.70752
2000-04-04,31.5,-25.0,17.319153
2000-04-05,31.5,-25.0,15.287903
2000-04-06,31.5,-25.0,15.135956
2000-04-07,31.5,-25.0,13.860748
2000-04-08,31.5,-25.0,13.204163
2000-04-09,31.5,-25.0,13.605713
2000-04-10,31.5,-25.0,16.689697
2000-04-11,31.5,-25.0,14.915283
2000-04-12,31.5,-25.0,14.175476
2000-04-13,31.5,-25.0,16.121735
2000-04-14,31.5,-25.0,16.861542
2000-04-15,31.5,-25.0,17.841888
2000-04-16,31.5,-25.0,15.495911
2000-04-17,31.5,-25.0,14.274963
2000-04-18,31.5,-25.0,16.065674
2000-04-19,31.5,-25.0,16.114502
2000-04-20,31.5,-25.0,15.937256
2000-04-21,31.5,-25.0,16.53415
2000-04-22,31.5,-25.0,14.284027
2000-04-23,31.5,-25.0,14.696411
2000-04-24,31.5,-25.0,15.882996
2000-04-25,31.5,-25.0,16.192291
2000-04-26,31.5,-25.0,16.678833
2000-04-27,31.5,-25.0,15.524841
2000-04-28,31.5,-25.0,15.343964
2000-04-29,31.5,-25.0,16.094604
2000-04-30,31.5,-25.0,14.770569
2000-05-01,31.5,-25.0,12.476288
2000-05-02,31.5,-25.0,13.795197
2000-05-03,31.5,-25.0,13.981995
2000-05-04,31.5,-25.0,13.655579
2000-05-05,31.5,-25.0,16.010345
2000-05-06,31.5,-25.0,13.178192
2000-05-07,31.5,-25.0,11.027222
2000-05-08,31.5,-25.0,12.787628
2000-05-09,31.5,-25.0,11.78006
2000-05-10,31.5,-25.0,12.37442
2000-05-11,31.5,-25.0,10.521545
2000-05-12,31.5,-25.0,12.423462
2000-05-13,31.5,-25.0,9.834717
2000-05-14,31.5,-25.0,9.647949
2000-05-15,31.5,-25.0,8.636597
2000-05-16,31.5,-25.0,10.414001
2000-05-17,31.5,-25.0,10.470581
2000-05-18,31.5,-25.0,10.766815
2000-05-19,31.5,-25.0,10.266815
2000-05-20,31.5,-25.0,11.972504
2000-05-21,31.5,-25.0,10.580017
2000-05-22,31.5,-25.0,9.800781
2000-05-23,31.5,-25.0,11.15741
2000-05-24,31.5,-25.0,13.698975
2000-05-25,31.5,-25.0,13.649902
2000-05-26,31.5,-25.0,11.947998
2000-05-27,31.5,-25.0,11.42157
2000-05-28,31.5,-25.0,10.032837
2000-05-29,31.5,-25.0,8.3063965
2000-05-30,31.5,-25.0,7.757324
2000-05-31,31.5,-25.0,9.830963
2000-06-01,31.5,-25.0,11.264923
2000-06-02,31.5,-25.0,9.869049
2000-06-03,31.5,-25.0,8.796448
2000-06-04,31.5,-25.0,13.709106
2000-06-05,31.5,-25.0,15.368439
2000-06-06,31.5,-25.0,13.87915
2000-06-07,31.5,-25.0,12.789734
2000-06-08,31.5,-25.0,12.442169
2000-06-09,31.5,-25.0,11.554565
2000-06-10,31.5,-25.0,10.934174
2000-06-11,31.5,-25.0,11.292938
2000-06-12,31.5,-25.0,10.8836975
2000-06-13,31.5,-25.0,12.599121
2000-06-14,31.5,-25.0,10.347412
2000-06-15,31.5,-25.0,10.2595825
2000-06-16,31.5,-25.0,11.388245
2000-06-17,31.5,-25.0,14.211761
2000-06-18,31.5,-25.0,16.50644
2000-06-19,31.5,-25.0,15.190918
2000-06-20,31.5,-25.0,14.929321
2000-06-21,31.5,-25.0,11.192047
2000-06-22,31.5,-25.0,11.434967
2000-06-23,31.5,-25.0,11.309753
2000-06-24,31.5,-25.0,11.853546
2000-06-25,31.5,-25.0,9.682159
2000-06-26,31.5,-25.0,10.2464905
2000-06-27,31.5,-25.0,10.431488
2000-06-28,31.5,-25.0,8.233978
2000-06-29,31.5,-25.0,7.525757
2000-06-30,31.5,-25.0,10.32312
2000-07-01,31.5,-25.0,11.0555725
2000-07-02,31.5,-25.0,10.685516
2000-07-03,31.5,-25.0,12.512878
2000-07-04,31.5,-25.0,9.103577
2000-07-05,31.5,-25.0,7.4046936
2000-07-06,31.5,-25.0,10.509094
2000-07-07,31.5,-25.0,13.251099
2000-07-08,31.5,-25.0,11.638489
2000-07-09,31.5,-25.0,12.008575
2000-07-10,31.5,-25.0,9.427643
2000-07-11,31.5,-25.0,11.483185
2000-07-12,31.5,-25.0,13.015259
2000-07-13,31.5,-25.0,11.115021
2000-07-14,31.5,-25.0,11.324036
2000-07-15,31.5,-25.0,12.572327
2000-07-16,31.5,-25.0,6.0989075
2000-07-17,31.5,-25.0,4.6723022
2000-07-18,31.5,-25.0,4.697235
2000-07-19,31.5,-25.0,6.8697205
2000-07-20,31.5,-25.0,9.059479
2000-07-21,31.5,-25.0,9.707611
2000-07-22,31.5,-25.0,7.0346375
2000-07-23,31.5,-25.0,10.827393
2000-07-24,31.5,-25.0,9.872498
2000-07-25,31.5,-25.0,8.027893
2000-07-26,31.5,-25.0,12.361389
2000-07-27,31.5,-25.0,10.252167
2000-07-28,31.5,-25.0,7.347168
2000-07-29,31.5,-25.0,7.9089966
2000-07-30,31.5,-25.0,7.951172
2000-07-31,31.5,-25.0,8.363434
2000-08-01,31.5,-25.0,10.348602
2000-08-02,31.5,-25.0,10.767975
2000-08-03,31.5,-25.0,9.286499
2000-08-04,31.5,-25.0,11.92218
2000-08-05,31.5,-25.0,13.286072
2000-08-06,31.5,-25.0,13.213593
2000-08-07,31.5,-25.0,10.961975
2000-08-08,31.5,-25.0,9.4001465
2000-08-09,31.5,-25.0,7.9382935
2000-08-10,31.5,-25.0,8.479126
2000-08-11,31.5,-25.0,10.46814
2000-08-12,31.5,-25.0,12.847137
2000-08-13,31.5,-25.0,10.372131
2000-08-14,31.5,-25.0,13.092072
2000-08-15,31.5,-25.0,13.096008
2000-08-16,31.5,-25.0,10.977661
2000-08-17,31.5,-25.0,8.428192
2000-08-18,31.5,-25.0,8.859314
2000-08-19,31.5,-25.0,13.701538
2000-08-20,31.5,-25.0,11.755615
2000-08-21,31.5,-25.0,8.990601
2000-08-22,31.5,-25.0,10.875763
2000-08-23,31.5,-25.0,12.104431
2000-08-24,31.5,-25.0,10.797363
2000-08-25,31.5,-25.0,13.442841
2000-08-26,31.5,-25.0,11.46167
2000-08-27,31.5,-25.0,12.343506
2000-08-28,31.5,-25.0,12.020172
2000-08-29,31.5,-25.0,11.32843
2000-08-30,31.5,-25.0,13.517334
2000-08-31,31.5,-25.0,14.322723
2000-09-01,31.5,-25.0,15.011902
2000-09-02,31.5,-25.0,12.6614685
2000-09-03,31.5,-25.0,17.431213
2000-09-04,31.5,-25.0,16.894836
2000-09-05,31.5,-25.0,17.032654
2000-09-06,31.5,-25.0,14.808868
2000-09-07,31.5,-25.0,17.138824
2000-09-08,31.5,-25.0,13.646698
2000-09-09,31.5,-25.0,12.395142
2000-09-10,31.5,-25.0,15.159027
2000-09-11,31.5,-25.0,15.863037
2000-09-12,31.5,-25.0,14.101135
2000-09-13,31.5,-25.0,14.315338
2000-09-14,31.5,-25.0,17.023346
2000-09-15,31.5,-25.0,15.20932
2000-09-16,31.5,-25.0,15.242828
2000-09-17,31.5,-25.0,15.978516
2000-09-18,31.5,-25.0,14.166321
2000-09-19,31.5,-25.0,13.600159
2000-09-20,31.5,-25.0,14.147705
2000-09-21,31.5,-25.0,14.075073
2000-09-22,31.5,-25.0,15.457001
2000-09-23,31.5,-25.0,14.8628845
2000-09-24,31.5,-25.0,13.220215
2000-09-25,31.5,-25.0,14.9001465
2000-09-26,31.5,-25.0,16.643402
2000-09-27,31.5,-25.0,15.080811
2000-09-28,31.5,-25.0,13.670929
2000-09-29,31.5,-25.0,16.522339
2000-09-30,31.5,-25.0,16.796112
2000-10-01,31.5,-25.0,16.785004
2000-10-02,31.5,-25.0,18.401184
2000-10-03,31.5,-25.0,16.353333
2000-10-04,31.5,-25.0,14.523071
2000-10-05,31.5,-25.0,18.014404
2000-10-06,31.5,-25.0,18.294128
2000-10-07,31.5,-25.0,18.60495
2000-10-08,31.5,-25.0,18.639465
2000-10-09,31.5,-25.0,19.299072
2000-10-10,31.5,-25.0,19.30426
2000-10-11,31.5,-25.0,16.598541
2000-10-12,31.5,-25.0,15.918213
2000-10-13,31.5,-25.0,15.118774
2000-10-14,31.5,-25.0,16.230743
2000-10-15,31.5,-25.0,14.809692
2000-10-16,31.5,-25.0,13.556122
2000-10-17,31.5,-25.0,16.500122
2000-10-18,31.5,-25.0,19.148834
2000-10-19,31.5,-25.0,18.682648
2000-10-20,31.5,-25.0,18.04895
2000-10-21,31.5,-25.0,17.138977
2000-10-22,31.5,-25.0,16.905884
2000-10-23,31.5,-25.0,17.924622
2000-10-24,31.5,-25.0,19.171295
2000-10-25,31.5,-25.0,19.772186
2000-10-26,31.5,-25.0,16.738403
2000-10-27,31.5,-25.0,16.199677
2000-10-28,31.5,-25.0,17.135529
2000-10-29,31.5,-25.0,15.158478
2000-10-30,31.5,-25.0,14.81488
2000-10-31,31.5,-25.0,13.545776
2000-11-01,31.5,-25.0,13.197662
2000-11-02,31.5,-25.0,16.75055
2000-11-03,31.5,-25.0,18.147858
2000-11-04,31.5,-25.0,18.208252
2000-11-05,31.5,-25.0,19.88852
2000-11-06,31.5,-25.0,19.677094
2000-11-07,31.5,-25.0,19.7677
2000-11-08,31.5,-25.0,18.578644
2000-11-09,31.5,-25.0,17.880798
2000-11-10,31.5,-25.0,19.6167
2000-11-11,31.5,-25.0,19.251068
2000-11-12,31.5,-25.0,21.756378
2000-11-13,31.5,-25.0,20.168304
2000-11-14,31.5,-25.0,17.893494
2000-11-15,31.5,-25.0,17.972992
2000-11-16,31.5,-25.0,18.391052
2000-11-17,31.5,-25.0,18.623169
2000-11-18,31.5,-25.0,18.996735
2000-11-19,31.5,-25.0,17.233795
2000-11-20,31.5,-25.0,17.182922
2000-11-21,31.5,-25.0,16.93811
2000-11-22,31.5,-25.0,16.334045
2000-11-23,31.5,-25.0,14.575897
2000-11-24,31.5,-25.0,17.203583
2000-11-25,31.5,-25.0,18.599304
2000-11-26,31.5,-25.0,16.721924
2000-11-27,31.5,-25.0,20.608643
2000-11-28,31.5,-25.0,19.154114
2000-11-29,31.5,-25.0,19.055542
2000-11-30,31.5,-25.0,18.001587
2000-12-01,31.5,-25.0,16.73526
2000-12-02,31.5,-25.0,15.5035095
2000-12-03,31.5,-25.0,16.498016
2000-12-04,31.5,-25.0,19.25534
2000-12-05,31.5,-25.0,18.329956
2000-12-06,31.5,-25.0,19.384155
2000-12-07,31.5,-25.0,20.743164
2000-12-08,31.5,-25.0,21.256927
2000-12-09,31.5,-25.0,20.436798
2000-12-10,31.5,-25.0,19.78952
2000-12-11,31.5,-25.0,19.968597
2000-12-12,31.5,-25.0,18.656738
2000-12-13,31.5,-25.0,16.99292
2000-12-14,31.5,-25.0,15.589935
2000-12-15,31.5,-25.0,19.181488
2000-12-16,31.5,-25.0,16.05185
2000-12-17,31.5,-25.0,19.571136
2000-12-18,31.5,-25.0,21.29776
2000-12-19,31.5,-25.0,20.405396
2000-12-20,31.5,-25.0,19.415588
2000-12-21,31.5,-25.0,21.161072
2000-12-22,31.5,-25.0,20.450958
2000-12-23,31.5,-25.0,19.280457
2000-12-24,31.5,-25.0,19.128082
2000-12-25,31.5,-25.0,19.78952
2000-12-26,31.5,-25.0,17.828766
2000-12-27,31.5,-25.0,18.806
2000-12-28,31.5,-25.0,17.885315
2000-12-29,31.5,-25.0,20.202698
2000-12-30,31.5,-25.0,21.12967
2000-12-31,31.5,-25.0,21.376312
2001-01-01,31.5,-25.0,17.37799
2001-01-02,31.5,-25.0,15.721039
2001-01-03,31.5,-25.0,13.999451
2001-01-04,31.5,-25.0,15.009766
2001-01-05,31.5,-25.0,15.834198
2001-01-06,31.5,-25.0,16.831604
2001-01-07,31.5,-25.0,17.51538
2001-01-08,31.5,-25.0,19.658905
2001-01-09,31.5,-25.0,19.8367
2001-01-10,31.5,-25.0,22.470032
2001-01-11,31.5,-25.0,22.80951
2001-01-12,31.5,-25.0,22.099854
2001-01-13,31.5,-25.0,20.737122
2001-01-14,31.5,-25.0,18.682526
2001-01-15,31.5,-25.0,20.507568
2001-01-16,31.5,-25.0,20.16809
2001-01-17,31.5,-25.0,19.985443
2001-01-18,31.5,-25.0,17.806366
2001-01-19,31.5,-25.0,18.399628
2001-01-20,31.5,-25.0,21.92041
2001-01-21,31.5,-25.0,21.521118
2001-01-22,31.5,-25.0,21.386963
2001-01-23,31.5,-25.0,20.177795
2001-01-24,31.5,-25.0,21.149323
2001-01-25,31.5,-25.0,20.882599
2001-01-26,31.5,-25.0,21.454865
2001-01-27,31.5,-25.0,21.616516
2001-01-28,31.5,-25.0,20.609406
2001-01-29,31.5,-25.0,20.439667
2001-01-30,31.5,-25.0,20.94403
2001-01-31,31.5,-25.0,21.855743
2001-02-01,31.5,-25.0,20.994446
2001-02-02,31.5,-25.0,19.579712
2001-02-03,31.5,-25.0,21.995087
2001-02-04,31.5,-25.0,19.657043
2001-02-05,31.5,-25.0,18.717651
2001-02-06,31.5,-25.0,20.043762
2001-02-07,31.5,-25.0,20.79303
2001-02-08,31.5,-25.0,20.675415
2001-02-09,31.5,-25.0,19.913239
2001-02-10,31.5,-25.0,20.735016
2001-02-11,31.5,-25.0,20.366028
2001-02-12,31.5,-25.0,19.368622
2001-02-13,31.5,-25.0,19.036682
2001-02-14,31.5,-25.0,20.48526
2001-02-15,31.5,-25.0,19.686066
2001-02-16,31.5,-25.0,19.784332
2001-02-17,31.5,-25.0,19.24939
2001-02-18,31.5,-25.0,21.495575
2001-02-19,31.5,-25.0,21.435944
2001-02-20,31.5,-25.0,21.16043
2001-02-21,31.5,-25.0,20.105011
2001-02-22,31.5,-25.0,19.961578
2001-02-23,31.5,-25.0,19.850403
2001-02-24,31.5,-25.0,20.573883
2001-02-25,31.5,-25.0,19.679596
2001-02-26,31.5,-25.0,20.15979
2001-02-27,31.5,-25.0,19.89392
2001-02-28,31.5,-25.0,19.313843
2001-03-01,31.5,-25.0,18.373749
2001-03-02,31.5,-25.0,18.99121
2001-03-03,31.5,-25.0,18.31488
2001-03-04,31.5,-25.0,19.83078
2001-03-05,31.5,-25.0,20.236267
2001-03-06,31.5,-25.0,19.913239
2001-03-07,31.5,-25.0,22.440308
2001-03-08,31.5,-25.0,20.162231
2001-03-09,31.5,-25.0,20.549194
2001-03-10,31.5,-25.0,20.592957
2001-03-11,31.5,-25.0,21.686554
2001-03-12,31.5,-25.0,20.57611
2001-03-13,31.5,-25.0,18.54538
2001-03-14,31.5,-25.0,19.01477
2001-03-15,31.5,-25.0,19.859375
2001-03-16,31.5,-25.0,19.835815
2001-03-17,31.5,-25.0,17.869019
2001-03-18,31.5,-25.0,18.08606
2001-03-19,31.5,-25.0,17.100128
2001-03-20,31.5,-25.0,16.755219
2001-03-21,31.5,-25.0,16.726624
2001-03-22,31.5,-25.0,18.148315
2001-03-23,31.5,-25.0,18.405731
2001-03-24,31.5,-25.0,20.231201
2001-03-25,31.5,-25.0,19.825745
2001-03-26,31.5,-25.0,18.644623
2001-03-27,31.5,-25.0,20.195892
2001-03-28,31.5,-25.0,20.65857
2001-03-29,31.5,-25.0,19.667572
2001-03-30,31.5,-25.0,18.922241
2001-03-31,31.5,-25.0,19.522888
2001-04-01,31.5,-25.0,19.615082
2001-04-02,31.5,-25.0,20.184998
2001-04-03,31.5,-25.0,21.216187
2001-04-04,31.5,-25.0,19.287384
2001-04-05,31.5,-25.0,17.875061
2001-04-06,31.5,-25.0,16.384369
2001-04-07,31.5,-25.0,14.444885
2001-04-08,31.5,-25.0,15.126984
2001-04-09,31.5,-25.0,15.853638
2001-04-10,31.5,-25.0,18.47702
2001-04-11,31.5,-25.0,18.400452
2001-04-12,31.5,-25.0,17.705872
2001-04-13,31.5,-25.0,17.43338
2001-04-14,31.5,-25.0,17.935608
2001-04-15,31.5,-25.0,16.863464
2001-04-16,31.5,-25.0,15.598938
2001-04-17,31.5,-25.0,17.075378
2001-04-18,31.5,-25.0,19.374634
2001-04-19,31.5,-25.0,19.566986
2001-04-20,31.5,-25.0,17.504608
2001-04-21,31.5,-25.0,17.116364
2001-04-22,31.5,-25.0,17.390625
2001-04-23,31.5,-25.0,16.22052
2001-04-24,31.5,-25.0,17.910675
2001-04-25,31.5,-25.0,16.110107
2001-04-26,31.5,-25.0,17.009491
2001-04-27,31.5,-25.0,16.56247
2001-04-28,31.5,-25.0,16.47876
2001-04-29,31.5,-25.0,18.081635
2001-04-30,31.5,-25.0,19.51178
2001-05-01,31.5,-25.0,17.999847
2001-05-02,31.5,-25.0,16.39981
2001-05-03,31.5,-25.0,14.891357
2001-05-04,31.5,-25.0,12.210907
2001-05-05,31.5,-25.0,13.061401
2001-05-06,31.5,-25.0,12.018402
2001-05-07,31.5,-25.0,8.9566345
2001-05-08,31.5,-25.0,10.629578
2001-05-09,31.5,-25.0,11.195953
2001-05-10,31.5,-25.0,12.803467
2001-05-11,31.5,-25.0,15.467072
2001-05-12,31.5,-25.0,15.379211
2001-05-13,31.5,-25.0,15.523132
2001-05-14,31.5,-25.0,13.502533
2001-05-15,31.5,-25.0,10.956696
2001-05-16,31.5,-25.0,11.083801
2001-05-17,31.5,-25.0,10.891266
2001-05-18,31.5,-25.0,10.311798
2001-05-19,31.5,-25.0,10.887512
2001-05-20,31.5,-25.0,11.683807
2001-05-21,31.5,-25.0,12.792236
2001-05-22,31.5,-25.0,14.063293
2001-05-23,31.5,-25.0,16.536255
2001-05-24,31.5,-25.0,15.889496
2001-05-25,31.5,-25.0,13.250183
2001-05-26,31.5,-25.0,14.69696
2001-05-27,31.5,-25.0,16.65213
2001-05-28,31.5,-25.0,15.001648
2001-05-29,31.5,-25.0,15.093231
2001-05-30,31.5,-25.0,12.43335
2001-05-31,31.5,-25.0,14.874542
2001-06-01,31.5,-25.0,13.018951
2001-06-02,31.5,-25.0,14.281555
2001-06-03,31.5,-25.0,12.832947
2001-06-04,31.5,-25.0,11.899139
2001-06-05,31.5,-25.0,11.156982
2001-06-06,31.5,-25.0,14.678009
2001-06-07,31.5,-25.0,13.862579
2001-06-08,31.5,-25.0,10.499359
2001-06-09,31.5,-25.0,11.782654
2001-06-10,31.5,-25.0,9.924438
2001-06-11,31.5,-25.0,9.229248
2001-06-12,31.5,-25.0,8.11319
2001-06-13,31.5,-25.0,10.505005
2001-06-14,31.5,-25.0,9.550537
2001-06-15,31.5,-25.0,10.989746
2001-06-16,31.5,-25.0,9.390839
2001-06-17,31.5,-25.0,9.195435
2001-06-18,31.5,-25.0,9.270569
2001-06-19,31.5,-25.0,11.081818
2001-06-20,31.5,-25.0,10.1311035
2001-06-21,31.5,-25.0,8.641144
2001-06-22,31.5,-25.0,8.340546
2001-06-23,31.5,-25.0,9.717743
2001-06-24,31.5,-25.0,13.809967
2001-06-25,31.5,-25.0,12.8611145
2001-06-26,31.5,-25.0,12.631897
2001-06-27,31.5,-25.0,10.317108
2001-06-28,31.5,-25.0,7.895233
2001-06-29,31.5,-25.0,8.761414
2001-06-30,31.5,-25.0,11.173889
2001-07-01,31.5,-25.0,13.841217
2001-07-02,31.5,-25.0,12.995148
2001-07-03,31.5,-25.0,9.323578
2001-07-04,31.5,-25.0,12.513672
2001-07-05,31.5,-25.0,10.985992
2001-07-06,31.5,-25.0,15.174713
2001-07-07,31.5,-25.0,14.512909
2001-07-08,31.5,-25.0,11.77063
2001-07-09,31.5,-25.0,9.785248
2001-07-10,31.5,-25.0,11.197998
2001-07-11,31.5,-25.0,15.152893
2001-07-12,31.5,-25.0,11.812256
2001-07-13,31.5,-25.0,9.117523
2001-07-14,31.5,-25.0,9.254242
2001-07-15,31.5,-25.0,7.373871
2001-07-16,31.5,-25.0,7.500702
2001-07-17,31.5,-25.0,8.548859
2001-07-18,31.5,-25.0,12.291748
2001-07-19,31.5,-25.0,10.976074
2001-07-20,31.5,-25.0,8.487427
2001-07-21,31.5,-25.0,7.7979126
2001-07-22,31.5,-25.0,9.291901
2001-07-23,31.5,-25.0,7.9346313
2001-07-24,31.5,-25.0,8.124847
2001-07-25,31.5,-25.0,9.135345
2001-07-26,31.5,-25.0,9.056091
2001-07-27,31.5,-25.0,7.5918274
2001-07-28,31.5,-25.0,7.21933
2001-07-29,31.5,-25.0,11.219788
2001-07-30,31.5,-25.0,14.273163
2001-07-31,31.5,-25.0,13.4270935
2001-08-01,31.5,-25.0,10.12265
2001-08-02,31.5,-25.0,8.950165
2001-08-03,31.5,-25.0,7.0578613
2001-08-04,31.5,-25.0,8.377899
2001-08-05,31.5,-25.0,12.72879
2001-08-06,31.5,-25.0,13.492493
2001-08-07,31.5,-25.0,13.861389
2001-08-08,31.5,-25.0,11.576263
2001-08-09,31.5,-25.0,9.21936
2001-08-10,31.5,-25.0,11.667999
2001-08-11,31.5,-25.0,12.742737
2001-08-12,31.5,-25.0,11.372864
2001-08-13,31.5,-25.0,8.762726
2001-08-14,31.5,-25.0,11.526428
2001-08-15,31.5,-25.0,13.865356
2001-08-16,31.5,-25.0,12.978027
2001-08-17,31.5,-25.0,14.902252
2001-08-18,31.5,-25.0,14.617096
2001-08-19,31.5,-25.0,16.058777
2001-08-20,31.5,-25.0,17.889252
2001-08-21,31.5,-25.0,14.88031
2001-08-22,31.5,-25.0,17.807495
2001-08-23,31.5,-25.0,16.339905
2001-08-24,31.5,-25.0,18.37976
2001-08-25,31.5,-25.0,15.414703
2001-08-26,31.5,-25.0,13.755707
2001-08-27,31.5,-25.0,18.030823
2001-08-28,31.5,-25.0,17.52835
2001-08-29,31.5,-25.0,16.258148
2001-08-30,31.5,-25.0,16.49945
2001-08-31,31.5,-25.0,16.856354
2001-09-01,31.5,-25.0,15.902954
2001-09-02,31.5,-25.0,15.393951
2001-09-03,31.5,-25.0,12.747803
2001-09-04,31.5,-25.0,18.32489
2001-09-05,31.5,-25.0,16.340302
2001-09-06,31.5,-25.0,15.765137
2001-09-07,31.5,-25.0,13.79892
2001-09-08,31.5,-25.0,15.090729
2001-09-09,31.5,-25.0,14.818787
2001-09-10,31.5,-25.0,16.77948
2001-09-11,31.5,-25.0,18.642792
2001-09-12,31.5,-25.0,14.103943
2001-09-13,31.5,-25.0,11.547852
2001-09-14,31.5,-25.0,11.461487
2001-09-15,31.5,-25.0,12.172638
2001-09-16,31.5,-25.0,11.207916
2001-09-17,31.5,-25.0,10.96167
2001-09-18,31.5,-25.0,13.86322
2001-09-19,31.5,-25.0,15.235901
2001-09-20,31.5,-25.0,14.388763
2001-09-21,31.5,-25.0,15.5336
2001-09-22,31.5,-25.0,14.46228
2001-09-23,31.5,-25.0,14.127838
2001-09-24,31.5,-25.0,17.038574
2001-09-25,31.5,-25.0,18.911072
2001-09-26,31.5,-25.0,17.907745
2001-09-27,31.5,-25.0,15.449066
2001-09-28,31.5,-25.0,13.473663
2001-09-29,31.5,-25.0,13.561859
2001-09-30,31.5,-25.0,12.949951
2001-10-01,31.5,-25.0,13.657074
2001-10-02,31.5,-25.0,17.264313
2001-10-03,31.5,-25.0,14.981201
2001-10-04,31.5,-25.0,14.862427
2001-10-05,31.5,-25.0,17.152649
2001-10-06,31.5,-25.0,19.522614
2001-10-07,31.5,-25.0,19.045776
2001-10-08,31.5,-25.0,17.102997
2001-10-09,31.5,-25.0,15.342804
2001-10-10,31.5,-25.0,13.143005
2001-10-11,31.5,-25.0,13.889282
2001-10-12,31.5,-25.0,16.799896
2001-10-13,31.5,-25.0,17.321045
2001-10-14,31.5,-25.0,16.583649
2001-10-15,31.5,-25.0,14.795074
2001-10-16,31.5,-25.0,19.790283
2001-10-17,31.5,-25.0,19.506653
2001-10-18,31.5,-25.0,19.639587
2001-10-19,31.5,-25.0,18.657593
2001-10-20,31.5,-25.0,17.597565
2001-10-21,31.5,-25.0,18.710754
2001-10-22,31.5,-25.0,17.608185
2001-10-23,31.5,-25.0,19.12378
2001-10-24,31.5,-25.0,18.157715
2001-10-25,31.5,-25.0,18.88623
2001-10-26,31.5,-25.0,17.803192
2001-10-27,31.5,-25.0,17.902466
2001-10-28,31.5,-25.0,17.849274
2001-10-29,31.5,-25.0,17.604645
2001-10-30,31.5,-25.0,16.759125
2001-10-31,31.5,-25.0,18.00705
2001-11-01,31.5,-25.0,18.07019
2001-11-02,31.5,-25.0,18.233978
2001-11-03,31.5,-25.0,17.418152
2001-11-04,31.5,-25.0,17.760864
2001-11-05,31.5,-25.0,18.139954
2001-11-06,31.5,-25.0,16.893494
2001-11-07,31.5,-25.0,18.60852
2001-11-08,31.5,-25.0,16.64328
2001-11-09,31.5,-25.0,16.042816
2001-11-10,31.5,-25.0,16.561401
2001-11-11,31.5,-25.0,15.745605
2001-11-12,31.5,-25.0,18.643372
2001-11-13,31.5,-25.0,17.58191
2001-11-14,31.5,-25.0,18.634277
2001-11-15,31.5,-25.0,19.48648
2001-11-16,31.5,-25.0,18.415924
2001-11-17,31.5,-25.0,18.414398
2001-11-18,31.5,-25.0,19.331818
2001-11-19,31.5,-25.0,20.596466
2001-11-20,31.5,-25.0,21.284912
2001-11-21,31.5,-25.0,19.862549
2001-11-22,31.5,-25.0,19.31363
2001-11-23,31.5,-25.0,18.25824
2001-11-24,31.5,-25.0,19.970215
2001-11-25,31.5,-25.0,20.964966
2001-11-26,31.5,-25.0,21.045319
2001-11-27,31.5,-25.0,16.952637
2001-11-28,31.5,-25.0,16.9693
2001-11-29,31.5,-25.0,17.315033
2001-11-30,31.5,-25.0,18.681305
2001-12-01,31.5,-25.0,21.027863
2001-12-02,31.5,-25.0,20.73114
2001-12-03,31.5,-25.0,18.762817
2001-12-04,31.5,-25.0,17.358124
2001-12-05,31.5,-25.0,18.224487
2001-12-06,31.5,-25.0,20.282288
2001-12-07,31.5,-25.0,20.330017
2001-12-08,31.5,-25.0,20.738586
2001-12-09,31.5,-25.0,20.848938
2001-12-10,31.5,-25.0,22.156677
2001-12-11,31.5,-25.0,18.75534
2001-12-12,31.5,-25.0,17.67276
2001-12-13,31.5,-25.0,18.373596
2001-12-14,31.5,-25.0,19.599335
2001-12-15,31.5,-25.0,20.941376
2001-12-16,31.5,-25.0,20.08545
2001-12-17,31.5,-25.0,21.65863
2001-12-18,31.5,-25.0,20.799713
2001-12-19,31.5,-25.0,21.233643
2001-12-20,31.5,-25.0,19.605316
2001-12-21,31.5,-25.0,17.56839
2001-12-22,31.5,-25.0,19.29364
2001-12-23,31.5,-25.0,20.570099
2001-12-24,31.5,-25.0,20.686401
2001-12-25,31.5,-25.0,21.715302
2001-12-26,31.5,-25.0,19.484528
2001-12-27,31.5,-25.0,18.817963
2001-12-28,31.5,-25.0,19.769348
2001-12-29,31.5,-25.0,17.323822
2001-12-30,31.5,-25.0,16.019073
2001-12-31,31.5,-25.0,19.324982
2002-01-01,31.5,-25.0,18.529083
2002-01-02,31.5,-25.0,20.783691
2002-01-03,31.5,-25.0,20.720978
2002-01-04,31.5,-25.0,20.376831
2002-01-05,31.5,-25.0,19.035645
2002-01-06,31.5,-25.0,18.049835
2002-01-07,31.5,-25.0,21.293457
2002-01-08,31.5,-25.0,20.605194
2002-01-09,31.5,-25.0,20.16455
2002-01-10,31.5,-25.0,20.516724
2002-01-11,31.5,-25.0,19.310638
2002-01-12,31.5,-25.0,22.202057
2002-01-13,31.5,-25.0,21.425323
2002-01-14,31.5,-25.0,20.56015
2002-01-15,31.5,-25.0,21.230743
2002-01-16,31.5,-25.0,21.015259
2002-01-17,31.5,-25.0,23.892212
2002-01-18,31.5,-25.0,23.909912
2002-01-19,31.5,-25.0,22.108795
2002-01-20,31.5,-25.0,19.186798
2002-01-21,31.5,-25.0,20.122742
2002-01-22,31.5,-25.0,20.794952
2002-01-23,31.5,-25.0,20.095398
2002-01-24,31.5,-25.0,22.419159
2002-01-25,31.5,-25.0,21.658508
2002-01-26,31.5,-25.0,20.833527
2002-01-27,31.5,-25.0,20.455627
2002-01-28,31.5,-25.0,20.870514
2002-01-29,31.5,-25.0,21.894928
2002-01-30,31.5,-25.0,22.438477
2002-01-31,31.5,-25.0,22.42398
2002-02-01,31.5,-25.0,21.479187
2002-02-02,31.5,-25.0,21.01413
2002-02-03,31.5,-25.0,21.315918
2002-02-04,31.5,-25.0,19.768982
2002-02-05,31.5,-25.0,21.180695
2002-02-06,31.5,-25.0,21.060303
2002-02-07,31.5,-25.0,17.656403
2002-02-08,31.5,-25.0,16.58609
2002-02-09,31.5,-25.0,16.587738
2002-02-10,31.5,-25.0,14.889069
2002-02-11,31.5,-25.0,19.87619
2002-02-12,31.5,-25.0,22.617126
2002-02-13,31.5,-25.0,22.658356
2002-02-14,31.5,-25.0,20.20108
2002-02-15,31.5,-25.0,21.865112
2002-02-16,31.5,-25.0,21.235107
2002-02-17,31.5,-25.0,20.42041
2002-02-18,31.5,-25.0,19.793732
2002-02-19,31.5,-25.0,18.426575
2002-02-20,31.5,-25.0,18.2435
2002-02-21,31.5,-25.0,18.26825
2002-02-22,31.5,-25.0,20.85086
2002-02-23,31.5,-25.0,21.393433
2002-02-24,31.5,-25.0,20.897034
2002-02-25,31.5,-25.0,18.484283
2002-02-26,31.5,-25.0,21.507233
2002-02-27,31.5,-25.0,20.768402
2002-02-28,31.5,-25.0,19.985046
2002-03-01,31.5,-25.0,20.990936
2002-03-02,31.5,-25.0,22.664948
2002-03-03,31.5,-25.0,22.14856
2002-03-04,31.5,-25.0,21.603516
2002-03-05,31.5,-25.0,21.090515
2002-03-06,31.5,-25.0,20.916687
2002-03-07,31.5,-25.0,21.04834
2002-03-08,31.5,-25.0,19.207275
2002-03-09,31.5,-25.0,17.842102
2002-03-10,31.5,-25.0,18.007446
2002-03-11,31.5,-25.0,16.95108
2002-03-12,31.5,-25.0,19.34732
2002-03-13,31.5,-25.0,20.74121
2002-03-14,31.5,-25.0,19.740509
2002-03-15,31.5,-25.0,20.51001
2002-03-16,31.5,-25.0,19.070587
2002-03-17,31.5,-25.0,17.848846
2002-03-18,31.5,-25.0,17.970337
2002-03-19,31.5,-25.0,19.089142
2002-03-20,31.5,-25.0,21.893768
2002-03-21,31.5,-25.0,21.57312
2002-03-22,31.5,-25.0,22.0372
2002-03-23,31.5,-25.0,21.161377
2002-03-24,31.5,-25.0,20.6315
2002-03-25,31.5,-25.0,18.734772
2002-03-26,31.5,-25.0,18.047974
2002-03-27,31.5,-25.0,18.233582
2002-03-28,31.5,-25.0,21.345337
2002-03-29,31.5,-25.0,19.143158
2002-03-30,31.5,-25.0,19.087463
2002-03-31,31.5,-25.0,17.180603
2002-04-01,31.5,-25.0,18.207886
2002-04-02,31.5,-25.0,16.751587
2002-04-03,31.5,-25.0,17.071716
2002-04-04,31.5,-25.0,17.95462
2002-04-05,31.5,-25.0,17.560638
2002-04-06,31.5,-25.0,20.066925
2002-04-07,31.5,-25.0,18.661652
2002-04-08,31.5,-25.0,18.87622
2002-04-09,31.5,-25.0,20.52597
2002-04-10,31.5,-25.0,20.401093
2002-04-11,31.5,-25.0,20.673706
2002-04-12,31.5,-25.0,20.573456
2002-04-13,31.5,-25.0,19.628967
2002-04-14,31.5,-25.0,19.329987
2002-04-15,31.5,-25.0,18.003845
2002-04-16,31.5,-25.0,18.346832
2002-04-17,31.5,-25.0,18.547333
2002-04-18,31.5,-25.0,16.427979
2002-04-19,31.5,-25.0,18.251862
2002-04-20,31.5,-25.0,17.595825
2002-04-21,31.5,-25.0,17.412903
2002-04-22,31.5,-25.0,15.4835205
2002-04-23,31.5,-25.0,15.59433
2002-04-24,31.5,-25.0,16.72171
2002-04-25,31.5,-25.0,14.883759
2002-04-26,31.5,-25.0,16.345306
2002-04-27,31.5,-25.0,16.336517
2002-04-28,31.5,-25.0,16.190552
2002-04-29,31.5,-25.0,15.369202
2002-04-30,31.5,-25.0,16.549347
2002-05-01,31.5,-25.0,17.44696
2002-05-02,31.5,-25.0,15.644501
2002-05-03,31.5,-25.0,17.399902
2002-05-04,31.5,-25.0,18.88385
2002-05-05,31.5,-25.0,17.921112
2002-05-06,31.5,-25.0,16.44983
2002-05-07,31.5,-25.0,11.981689
2002-05-08,31.5,-25.0,10.631683
2002-05-09,31.5,-25.0,9.744934
2002-05-10,31.5,-25.0,9.907806
2002-05-11,31.5,-25.0,11.315735
2002-05-12,31.5,-25.0,11.583557
2002-05-13,31.5,-25.0,11.46051
2002-05-14,31.5,-25.0,12.935394
2002-05-15,31.5,-25.0,16.29599
2002-05-16,31.5,-25.0,12.738159
2002-05-17,31.5,-25.0,13.320862
2002-05-18,31.5,-25.0,11.409851
2002-05-19,31.5,-25.0,10.7239685
2002-05-20,31.5,-25.0,14.721558
2002-05-21,31.5,-25.0,11.529266
2002-05-22,31.5,-25.0,14.578613
2002-05-23,31.5,-25.0,17.68222
2002-05-24,31.5,-25.0,13.606812
2002-05-25,31.5,-25.0,12.149994
2002-05-26,31.5,-25.0,14.155151
2002-05-27,31.5,-25.0,13.881866
2002-05-28,31.5,-25.0,12.620514
2002-05-29,31.5,-25.0,12.709198
2002-05-30,31.5,-25.0,15.226471
2002-05-31,31.5,-25.0,15.244568
2002-06-01,31.5,-25.0,14.002258
2002-06-02,31.5,-25.0,14.121796
2002-06-03,31.5,-25.0,10.932831
2002-06-04,31.5,-25.0,8.718567
2002-06-05,31.5,-25.0,10.756287
2002-06-06,31.5,-25.0,12.538361
2002-06-07,31.5,-25.0,10.524567
2002-06-08,31.5,-25.0,14.103424
2002-06-09,31.5,-25.0,10.918121
2002-06-10,31.5,-25.0,13.535126
2002-06-11,31.5,-25.0,11.679504
2002-06-12,31.5,-25.0,9.996735
2002-06-13,31.5,-25.0,11.986633
2002-06-14,31.5,-25.0,11.73468
2002-06-15,31.5,-25.0,9.674896
2002-06-16,31.5,-25.0,8.205475
2002-06-17,31.5,-25.0,12.63031
2002-06-18,31.5,-25.0,10.108917
2002-06-19,31.5,-25.0,11.037659
2002-06-20,31.5,-25.0,15.011902
2002-06-21,31.5,-25.0,12.391235
2002-06-22,31.5,-25.0,9.3880005
2002-06-23,31.5,-25.0,8.233063
2002-06-24,31.5,-25.0,11.013733
2002-06-25,31.5,-25.0,11.304321
2002-06-26,31.5,-25.0,9.24823
2002-06-27,31.5,-25.0,9.66571
2002-06-28,31.5,-25.0,10.599945
2002-06-29,31.5,-25.0,12.277191
2002-06-30,31.5,-25.0,11.469849
2002-07-01,31.5,-25.0,10.843964
2002-07-02,31.5,-25.0,9.155548
2002-07-03,31.5,-25.0,8.423431
2002-07-04,31.5,-25.0,10.285522
2002-07-05,31.5,-25.0,8.173157
2002-07-06,31.5,-25.0,7.6931458
2002-07-07,31.5,-25.0,8.141388
2002-07-08,31.5,-25.0,9.028564
2002-07-09,31.5,-25.0,8.643799
2002-07-10,31.5,-25.0,11.697479
2002-07-11,31.5,-25.0,10.989624
2002-07-12,31.5,-25.0,6.8022766
2002-07-13,31.5,-25.0,8.858582
2002-07-14,31.5,-25.0,10.444275
2002-07-15,31.5,-25.0,9.766296
2002-07-16,31.5,-25.0,12.629486
2002-07-17,31.5,-25.0,14.319733
2002-07-18,31.5,-25.0,12.431488
2002-07-19,31.5,-25.0,10.7057495
2002-07-20,31.5,-25.0,9.411438
2002-07-21,31.5,-25.0,8.281494
2002-07-22,31.5,-25.0,8.316956
2002-07-23,31.5,-25.0,8.684906
2002-07-24,31.5,-25.0,8.830566
2002-07-25,31.5,-25.0,12.48938
2002-07-26,31.5,-25.0,12.141998
2002-07-27,31.5,-25.0,12.173767
2002-07-28,31.5,-25.0,13.895782
2002-07-29,31.5,-25.0,13.925659
2002-07-30,31.5,-25.0,15.666351
2002-07-31,31.5,-25.0,14.196472
2002-08-01,31.5,-25.0,12.096313
2002-08-02,31.5,-25.0,8.823181
2002-08-03,31.5,-25.0,10.810455
2002-08-04,31.5,-25.0,14.689117
2002-08-05,31.5,-25.0,12.757446
2002-08-06,31.5,-25.0,10.0017395
2002-08-07,31.5,-25.0,14.765778
2002-08-08,31.5,-25.0,13.844025
2002-08-09,31.5,-25.0,12.036896
2002-08-10,31.5,-25.0,10.91394
2002-08-11,31.5,-25.0,14.198547
2002-08-12,31.5,-25.0,12.134644
2002-08-13,31.5,-25.0,12.686554
2002-08-14,31.5,-25.0,14.610565
2002-08-15,31.5,-25.0,17.044312
2002-08-16,31.5,-25.0,16.410004
2002-08-17,31.5,-25.0,16.183868
2002-08-18,31.5,-25.0,14.986176
2002-08-19,31.5,-25.0,13.069824
2002-08-20,31.5,-25.0,17.299194
2002-08-21,31.5,-25.0,14.198547
2002-08-22,31.5,-25.0,14.758118
2002-08-23,31.5,-25.0,13.684967
2002-08-24,31.5,-25.0,15.7699585
2002-08-25,31.5,-25.0,16.291199
2002-08-26,31.5,-25.0,17.728455
2002-08-27,31.5,-25.0,16.245209
2002-08-28,31.5,-25.0,16.668732
2002-08-29,31.5,-25.0,15.474823
2002-08-30,31.5,-25.0,16.220306
2002-08-31,31.5,-25.0,16.300781
2002-09-01,31.5,-25.0,15.758331
2002-09-02,31.5,-25.0,15.908051
2002-09-03,31.5,-25.0,15.144501
2002-09-04,31.5,-25.0,15.436432
2002-09-05,31.5,-25.0,16.145721
2002-09-06,31.5,-25.0,15.363464
2002-09-07,31.5,-25.0,14.665405
2002-09-08,31.5,-25.0,11.575592
2002-09-09,31.5,-25.0,16.482574
2002-09-10,31.5,-25.0,14.130157
2002-09-11,31.5,-25.0,10.482666
2002-09-12,31.5,-25.0,11.223755
2002-09-13,31.5,-25.0,13.77832
2002-09-14,31.5,-25.0,13.926178
2002-09-15,31.5,-25.0,12.883759
2002-09-16,31.5,-25.0,12.580566
2002-09-17,31.5,-25.0,11.42215
2002-09-18,31.5,-25.0,12.050964
2002-09-19,31.5,-25.0,14.944244
2002-09-20,31.5,-25.0,14.583038
2002-09-21,31.5,-25.0,13.190674
2002-09-22,31.5,-25.0,13.555603
2002-09-23,31.5,-25.0,18.03778
2002-09-24,31.5,-25.0,17.045898
2002-09-25,31.5,-25.0,17.588623
2002-09-26,31.5,-25.0,17.053375
2002-09-27,31.5,-25.0,18.694672
2002-09-28,31.5,-25.0,18.191254
2002-09-29,31.5,-25.0,17.117004
2002-09-30,31.5,-25.0,17.053375
2002-10-01,31.5,-25.0,16.701935
2002-10-02,31.5,-25.0,16.828156
2002-10-03,31.5,-25.0,15.711304
2002-10-04,31.5,-25.0,16.33374
2002-10-05,31.5,-25.0,16.72998
2002-10-06,31.5,-25.0,18.229065
2002-10-07,31.5,-25.0,17.762695
2002-10-08,31.5,-25.0,15.642914
2002-10-09,31.5,-25.0,13.046234
2002-10-10,31.5,-25.0,11.391113
2002-10-11,31.5,-25.0,13.837006
2002-10-12,31.5,-25.0,13.698486
2002-10-13,31.5,-25.0,13.775635
2002-10-14,31.5,-25.0,15.162506
2002-10-15,31.5,-25.0,17.12973
2002-10-16,31.5,-25.0,17.369934
2002-10-17,31.5,-25.0,19.158325
2002-10-18,31.5,-25.0,19.700104
2002-10-19,31.5,-25.0,18.381592
2002-10-20,31.5,-25.0,17.629425
2002-10-21,31.5,-25.0,15.13797
2002-10-22,31.5,-25.0,18.295685
2002-10-23,31.5,-25.0,18.097565
2002-10-24,31.5,-25.0,18.60254
2002-10-25,31.5,-25.0,18.215027
2002-10-26,31.5,-25.0,19.077667
2002-10-27,31.5,-25.0,21.25705
2002-10-28,31.5,-25.0,20.780151
2002-10-29,31.5,-25.0,17.774963
2002-10-30,31.5,-25.0,13.768616
2002-10-31,31.5,-25.0,13.689728
2002-11-01,31.5,-25.0,17.93573
2002-11-02,31.5,-25.0,18.083405
2002-11-03,31.5,-25.0,19.10495
2002-11-04,31.5,-25.0,19.820496
2002-11-05,31.5,-25.0,14.458527
2002-11-06,31.5,-25.0,13.788666
2002-11-07,31.5,-25.0,12.82193
2002-11-08,31.5,-25.0,11.403046
2002-11-09,31.5,-25.0,15.321747
2002-11-10,31.5,-25.0,16.206268
2002-11-11,31.5,-25.0,14.741699
2002-11-12,31.5,-25.0,15.679535
2002-11-13,31.5,-25.0,15.579041
2002-11-14,31.5,-25.0,18.302643
2002-11-15,31.5,-25.0,17.748474
2002-11-16,31.5,-25.0,17.38919
2002-11-17,31.5,-25.0,18.681732
2002-11-18,31.5,-25.0,16.981201
2002-11-19,31.5,-25.0,18.54776
2002-11-20,31.5,-25.0,18.339172
2002-11-21,31.5,-25.0,20.589325
2002-11-22,31.5,-25.0,19.488617
2002-11-23,31.5,-25.0,17.664764
2002-11-24,31.5,-25.0,14.292603
2002-11-25,31.5,-25.0,12.254089
2002-11-26,31.5,-25.0,13.292358
2002-11-27,31.5,-25.0,15.563812
2002-11-28,31.5,-25.0,15.452667
2002-11-29,31.5,-25.0,19.184143
2002-11-30,31.5,-25.0,18.130615
2002-12-01,31.5,-25.0,16.413696
2002-12-02,31.5,-25.0,18.13501
2002-12-03,31.5,-25.0,19.546997
2002-12-04,31.5,-25.0,19.646362
2002-12-05,31.5,-25.0,20.013367
2002-12-06,31.5,-25.0,19.337036
2002-12-07,31.5,-25.0,18.657501
2002-12-08,31.5,-25.0,18.335358
2002-12-09,31.5,-25.0,19.50531
2002-12-10,31.5,-25.0,19.814636
2002-12-11,31.5,-25.0,19.337036
2002-12-12,31.5,-25.0,19.253693
2002-12-13,31.5,-25.0,21.967072
2002-12-14,31.5,-25.0,21.917389
2002-12-15,31.5,-25.0,22.045624
2002-12-16,31.5,-25.0,21.428558
2002-12-17,31.5,-25.0,23.221985
2002-12-18,31.5,-25.0,19.631927
2002-12-19,31.5,-25.0,19.564636
2002-12-20,31.5,-25.0,20.21051
2002-12-21,31.5,-25.0,19.926819
2002-12-22,31.5,-25.0,19.856323
2002-12-23,31.5,-25.0,19.877136
2002-12-24,31.5,-25.0,21.250671
2002-12-25,31.5,-25.0,21.592041
2002-12-26,31.5,-25.0,20.928528
2002-12-27,31.5,-25.0,19.934845
2002-12-28,31.5,-25.0,20.356354
2002-12-29,31.5,-25.0,21.731476
2002-12-30,31.5,-25.0,21.343628
2002-12-31,31.5,-25.0,20.202484
2003-01-01,31.5,-25.0,19.095703
2003-01-02,31.5,-25.0,17.623413
2003-01-03,31.5,-25.0,17.512756
2003-01-04,31.5,-25.0,20.455719
2003-01-05,31.5,-25.0,21.868683
2003-01-06,31.5,-25.0,19.79657
2003-01-07,31.5,-25.0,20.503845
2003-01-08,31.5,-25.0,23.71466
2003-01-09,31.5,-25.0,17.84314
2003-01-10,31.5,-25.0,16.635468
2003-01-11,31.5,-25.0,16.938568
2003-01-12,31.5,-25.0,17.198395
2003-01-13,31.5,-25.0,17.200012
2003-01-14,31.5,-25.0,21.693878
2003-01-15,31.5,-25.0,22.154175
2003-01-16,31.5,-25.0,22.389923
2003-01-17,31.5,-25.0,22.816528
2003-01-18,31.5,-25.0,20.89035
2003-01-19,31.5,-25.0,21.753204
2003-01-20,31.5,-25.0,24.702606
2003-01-21,31.5,-25.0,23.05069
2003-01-22,31.5,-25.0,21.138947
2003-01-23,31.5,-25.0,23.124481
2003-01-24,31.5,-25.0,22.574371
2003-01-25,31.5,-25.0,22.16217
2003-01-26,31.5,-25.0,23.151733
2003-01-27,31.5,-25.0,21.612091
2003-01-28,31.5,-25.0,21.40036
2003-01-29,31.5,-25.0,19.10852
2003-01-30,31.5,-25.0,21.103668
2003-01-31,31.5,-25.0,24.014587
2003-02-01,31.5,-25.0,23.242523
2003-02-02,31.5,-25.0,22.860199
2003-02-03,31.5,-25.0,23.86435
2003-02-04,31.5,-25.0,22.183075
2003-02-05,31.5,-25.0,25.401306
2003-02-06,31.5,-25.0,23.541931
2003-02-07,31.5,-25.0,22.852509
2003-02-08,31.5,-25.0,22.081757
2003-02-09,31.5,-25.0,21.1651
2003-02-10,31.5,-25.0,19.40091
2003-02-11,31.5,-25.0,17.99295
2003-02-12,31.5,-25.0,16.5466
2003-02-13,31.5,-25.0,22.460999
2003-02-14,31.5,-25.0,21.707092
2003-02-15,31.5,-25.0,24.102356
2003-02-16,31.5,-25.0,23.913483
2003-02-17,31.5,-25.0,23.772247
2003-02-18,31.5,-25.0,22.731232
2003-02-19,31.5,-25.0,22.517792
2003-02-20,31.5,-25.0,23.2164
2003-02-21,31.5,-25.0,21.049957
2003-02-22,31.5,-25.0,21.756226
2003-02-23,31.5,-25.0,21.146698
2003-02-24,31.5,-25.0,20.896423
2003-02-25,31.5,-25.0,21.806915
2003-02-26,31.5,-25.0,21.513641
2003-02-27,31.5,-25.0,19.440857
2003-02-28,31.5,-25.0,18.3768
2003-03-01,31.5,-25.0,20.900665
2003-03-02,31.5,-25.0,20.608643
2003-03-03,31.5,-25.0,22.451935
2003-03-04,31.5,-25.0,22.328247
2003-03-05,31.5,-25.0,21.484772
2003-03-06,31.5,-25.0,21.153198
2003-03-07,31.5,-25.0,21.702942
2003-03-08,31.5,-25.0,19.665527
2003-03-09,31.5,-25.0,18.643372
2003-03-10,31.5,-25.0,19.34256
2003-03-11,31.5,-25.0,18.423492
2003-03-12,31.5,-25.0,16.762299
2003-03-13,31.5,-25.0,20.380157
2003-03-14,31.5,-25.0,18.672577
2003-03-15,31.5,-25.0,19.048798
2003-03-16,31.5,-25.0,21.64795
2003-03-17,31.5,-25.0,23.041168
2003-03-18,31.5,-25.0,22.737091
2003-03-19,31.5,-25.0,22.37976
2003-03-20,31.5,-25.0,21.385132
2003-03-21,31.5,-25.0,21.082764
2003-03-22,31.5,-25.0,20.19635
2003-03-23,31.5,-25.0,24.88446
2003-03-24,31.5,-25.0,22.604828
2003-03-25,31.5,-25.0,20.521027
2003-03-26,31.5,-25.0,19.232605
2003-03-27,31.5,-25.0,17.858307
2003-03-28,31.5,-25.0,17.243317
2003-03-29,31.5,-25.0,17.880646
2003-03-30,31.5,-25.0,15.235107
2003-03-31,31.5,-25.0,17.081818
2003-04-01,31.5,-25.0,20.578613
2003-04-02,31.5,-25.0,20.10675
2003-04-03,31.5,-25.0,19.65329
2003-04-04,31.5,-25.0,20.28302
2003-04-05,31.5,-25.0,20.607971
2003-04-06,31.5,-25.0,19.183258
2003-04-07,31.5,-25.0,18.414001
2003-04-08,31.5,-25.0,15.951965
2003-04-09,31.5,-25.0,17.301392
2003-04-10,31.5,-25.0,21.050446
2003-04-11,31.5,-25.0,20.10492
2003-04-12,31.5,-25.0,19.05841
2003-04-13,31.5,-25.0,21.028412
2003-04-14,31.5,-25.0,19.464172
2003-04-15,31.5,-25.0,17.450104
2003-04-16,31.5,-25.0,19.220001
2003-04-17,31.5,-25.0,16.528473
2003-04-18,31.5,-25.0,18.144104
2003-04-19,31.5,-25.0,18.004578
2003-04-20,31.5,-25.0,15.882202
2003-04-21,31.5,-25.0,16.598236
2003-04-22,31.5,-25.0,14.606201
2003-04-23,31.5,-25.0,16.97461
2003-04-24,31.5,-25.0,18.801392
2003-04-25,31.5,-25.0,19.91214
2003-04-26,31.5,-25.0,20.600647
2003-04-27,31.5,-25.0,19.082275
2003-04-28,31.5,-25.0,16.915863
2003-04-29,31.5,-25.0,15.024811
2003-04-30,31.5,-25.0,16.956238
2003-05-01,31.5,-25.0,17.147644
2003-05-02,31.5,-25.0,17.931
2003-05-03,31.5,-25.0,16.906616
2003-05-04,31.5,-25.0,17.742706
2003-05-05,31.5,-25.0,17.392456
2003-05-06,31.5,-25.0,17.179657
2003-05-07,31.5,-25.0,16.863312
2003-05-08,31.5,-25.0,13.176239
2003-05-09,31.5,-25.0,14.575378
2003-05-10,31.5,-25.0,14.748596
2003-05-11,31.5,-25.0,17.430115
2003-05-12,31.5,-25.0,14.270294
2003-05-13,31.5,-25.0,14.626221
2003-05-14,31.5,-25.0,16.84259
2003-05-15,31.5,-25.0,14.895477
2003-05-16,31.5,-25.0,13.844727
2003-05-17,31.5,-25.0,11.726288
2003-05-18,31.5,-25.0,12.396637
2003-05-19,31.5,-25.0,15.162872
2003-05-20,31.5,-25.0,14.908661
2003-05-21,31.5,-25.0,14.663879
2003-05-22,31.5,-25.0,13.016174
2003-05-23,31.5,-25.0,14.925629
2003-05-24,31.5,-25.0,12.780792
2003-05-25,31.5,-25.0,13.396576
2003-05-26,31.5,-25.0,13.705383
2003-05-27,31.5,-25.0,14.840881
2003-05-28,31.5,-25.0,12.841064
2003-05-29,31.5,-25.0,12.0859375
2003-05-30,31.5,-25.0,12.483276
2003-05-31,31.5,-25.0,13.637604
2003-06-01,31.5,-25.0,13.051331
2003-06-02,31.5,-25.0,12.878845
2003-06-03,31.5,-25.0,12.886505
2003-06-04,31.5,-25.0,17.210052
2003-06-05,31.5,-25.0,16.35147
2003-06-06,31.5,-25.0,15.167114
2003-06-07,31.5,-25.0,13.375214
2003-06-08,31.5,-25.0,15.420074
2003-06-09,31.5,-25.0,13.534271
2003-06-10,31.5,-25.0,11.58139
2003-06-11,31.5,-25.0,7.390106
2003-06-12,31.5,-25.0,8.405823
2003-06-13,31.5,-25.0,11.255615
2003-06-14,31.5,-25.0,11.962769
2003-06-15,31.5,-25.0,11.063965
2003-06-16,31.5,-25.0,13.917572
2003-06-17,31.5,-25.0,11.773041
2003-06-18,31.5,-25.0,15.989258
2003-06-19,31.5,-25.0,13.858154
2003-06-20,31.5,-25.0,13.461456
2003-06-21,31.5,-25.0,12.081604
2003-06-22,31.5,-25.0,12.848175
2003-06-23,31.5,-25.0,14.040222
2003-06-24,31.5,-25.0,14.005737
2003-06-25,31.5,-25.0,13.235321
2003-06-26,31.5,-25.0,14.09964
2003-06-27,31.5,-25.0,12.428467
2003-06-28,31.5,-25.0,14.641998
2003-06-29,31.5,-25.0,14.4522705
2003-06-30,31.5,-25.0,12.965088
2003-07-01,31.5,-25.0,12.11322
2003-07-02,31.5,-25.0,9.788422
2003-07-03,31.5,-25.0,12.071777
2003-07-04,31.5,-25.0,9.541748
2003-07-05,31.5,-25.0,11.949402
2003-07-06,31.5,-25.0,9.113495
2003-07-07,31.5,-25.0,7.303772
2003-07-08,31.5,-25.0,6.2459717
2003-07-09,31.5,-25.0,6.1907043
2003-07-10,31.5,-25.0,8.464203
2003-07-11,31.5,-25.0,8.215546
2003-07-12,31.5,-25.0,14.98468
2003-07-13,31.5,-25.0,11.233032
2003-07-14,31.5,-25.0,7.303772
2003-07-15,31.5,-25.0,6.725525
2003-07-16,31.5,-25.0,8.375397
2003-07-17,31.5,-25.0,8.977325
2003-07-18,31.5,-25.0,10.842285
2003-07-19,31.5,-25.0,11.225128
2003-07-20,31.5,-25.0,15.357666
2003-07-21,31.5,-25.0,11.156067
2003-07-22,31.5,-25.0,8.8411255
2003-07-23,31.5,-25.0,11.388947
2003-07-24,31.5,-25.0,11.475769
2003-07-25,31.5,-25.0,12.154663
2003-07-26,31.5,-25.0,13.439423
2003-07-27,31.5,-25.0,10.42981
2003-07-28,31.5,-25.0,10.605469
2003-07-29,31.5,-25.0,13.115753
2003-07-30,31.5,-25.0,13.1927185
2003-07-31,31.5,-25.0,10.337067
2003-08-01,31.5,-25.0,11.0217285
2003-08-02,31.5,-25.0,10.335785
2003-08-03,31.5,-25.0,12.286774
2003-08-04,31.5,-25.0,10.881836
2003-08-05,31.5,-25.0,14.107574
2003-08-06,31.5,-25.0,11.812622
2003-08-07,31.5,-25.0,11.08197
2003-08-08,31.5,-25.0,12.370331
2003-08-09,31.5,-25.0,13.273926
2003-08-10,31.5,-25.0,13.188416
2003-08-11,31.5,-25.0,15.201599
2003-08-12,31.5,-25.0,15.318176
2003-08-13,31.5,-25.0,16.342255
2003-08-14,31.5,-25.0,12.33728
2003-08-15,31.5,-25.0,9.665375
2003-08-16,31.5,-25.0,9.164032
2003-08-17,31.5,-25.0,11.538635
2003-08-18,31.5,-25.0,13.600372
2003-08-19,31.5,-25.0,17.125366
2003-08-20,31.5,-25.0,12.85614
2003-08-21,31.5,-25.0,9.012451
2003-08-22,31.5,-25.0,7.028412
2003-08-23,31.5,-25.0,8.027222
2003-08-24,31.5,-25.0,12.426666
2003-08-25,31.5,-25.0,16.19458
2003-08-26,31.5,-25.0,11.0625305
2003-08-27,31.5,-25.0,9.713959
2003-08-28,31.5,-25.0,9.169861
2003-08-29,31.5,-25.0,12.980499
2003-08-30,31.5,-25.0,14.647766
2003-08-31,31.5,-25.0,13.343872
2003-09-01,31.5,-25.0,13.831512
2003-09-02,31.5,-25.0,16.300873
2003-09-03,31.5,-25.0,13.066406
2003-09-04,31.5,-25.0,15.751923
2003-09-05,31.5,-25.0,13.781769
2003-09-06,31.5,-25.0,13.762665
2003-09-07,31.5,-25.0,13.502502
2003-09-08,31.5,-25.0,11.35257
2003-09-09,31.5,-25.0,14.747711
2003-09-10,31.5,-25.0,17.241943
2003-09-11,31.5,-25.0,14.64444
2003-09-12,31.5,-25.0,17.109985
2003-09-13,31.5,-25.0,15.530029
2003-09-14,31.5,-25.0,13.443207
2003-09-15,31.5,-25.0,12.706818
2003-09-16,31.5,-25.0,13.881256
2003-09-17,31.5,-25.0,13.5503235
2003-09-18,31.5,-25.0,13.858276
2003-09-19,31.5,-25.0,17.102325
2003-09-20,31.5,-25.0,17.18457
2003-09-21,31.5,-25.0,14.590881
2003-09-22,31.5,-25.0,13.424103
2003-09-23,31.5,-25.0,13.607727
2003-09-24,31.5,-25.0,12.530823
2003-09-25,31.5,-25.0,14.80127
2003-09-26,31.5,-25.0,15.780609
2003-09-27,31.5,-25.0,16.94931
2003-09-28,31.5,-25.0,17.80429
2003-09-29,31.5,-25.0,17.37201
2003-09-30,31.5,-25.0,17.901855
2003-10-01,31.5,-25.0,18.383392
2003-10-02,31.5,-25.0,19.446655
2003-10-03,31.5,-25.0,17.756775
2003-10-04,31.5,-25.0,19.077454
2003-10-05,31.5,-25.0,19.631256
2003-10-06,31.5,-25.0,18.905243
2003-10-07,31.5,-25.0,17.231354
2003-10-08,31.5,-25.0,16.99881
2003-10-09,31.5,-25.0,17.541992
2003-10-10,31.5,-25.0,18.324799
2003-10-11,31.5,-25.0,18.370972
2003-10-12,31.5,-25.0,17.046753
2003-10-13,31.5,-25.0,16.398834
2003-10-14,31.5,-25.0,19.111176
2003-10-15,31.5,-25.0,17.573944
2003-10-16,31.5,-25.0,15.129669
2003-10-17,31.5,-25.0,15.786438
2003-10-18,31.5,-25.0,12.754608
2003-10-19,31.5,-25.0,12.44928
2003-10-20,31.5,-25.0,12.424438
2003-10-21,31.5,-25.0,12.351654
2003-10-22,31.5,-25.0,11.196075
2003-10-23,31.5,-25.0,14.81192
2003-10-24,31.5,-25.0,18.709991
2003-10-25,31.5,-25.0,21.782654
2003-10-26,31.5,-25.0,19.329498
2003-10-27,31.5,-25.0,18.637207
2003-10-28,31.5,-25.0,19.171509
2003-10-29,31.5,-25.0,18.965607
2003-10-30,31.5,-25.0,17.875702
2003-10-31,31.5,-25.0,19.734222
2003-11-01,31.5,-25.0,20.314545
2003-11-02,31.5,-25.0,17.94284
2003-11-03,31.5,-25.0,17.63443
2003-11-04,31.5,-25.0,18.801758
2003-11-05,31.5,-25.0,21.073242
2003-11-06,31.5,-25.0,17.669891
2003-11-07,31.5,-25.0,16.655212
2003-11-08,31.5,-25.0,15.527954
2003-11-09,31.5,-25.0,19.990692
2003-11-10,31.5,-25.0,19.407806
2003-11-11,31.5,-25.0,19.541962
2003-11-12,31.5,-25.0,18.027649
2003-11-13,31.5,-25.0,16.51178
2003-11-14,31.5,-25.0,15.065338
2003-11-15,31.5,-25.0,18.77246
2003-11-16,31.5,-25.0,18.184937
2003-11-17,31.5,-25.0,16.109314
2003-11-18,31.5,-25.0,16.921997
2003-11-19,31.5,-25.0,18.698456
2003-11-20,31.5,-25.0,18.319092
2003-11-21,31.5,-25.0,21.58368
2003-11-22,31.5,-25.0,23.65158
2003-11-23,31.5,-25.0,22.4534
2003-11-24,31.5,-25.0,22.134186
2003-11-25,31.5,-25.0,22.62149
2003-11-26,31.5,-25.0,22.350067
2003-11-27,31.5,-25.0,23.276855
2003-11-28,31.5,-25.0,21.995392
2003-11-29,31.5,-25.0,16.687592
2003-11-30,31.5,-25.0,15.225708
2003-12-01,31.5,-25.0,14.380157
2003-12-02,31.5,-25.0,16.96695
2003-12-03,31.5,-25.0,16.457214
2003-12-04,31.5,-25.0,20.65741
2003-12-05,31.5,-25.0,19.88089
2003-12-06,31.5,-25.0,19.175812
2003-12-07,31.5,-25.0,19.549011
2003-12-08,31.5,-25.0,20.458923
2003-12-09,31.5,-25.0,23.309326
2003-12-10,31.5,-25.0,21.24179
2003-12-11,31.5,-25.0,20.601837
2003-12-12,31.5,-25.0,22.237427
2003-12-13,31.5,-25.0,21.29419
2003-12-14,31.5,-25.0,24.09378
2003-12-15,31.5,-25.0,21.368805
2003-12-16,31.5,-25.0,20.303284
2003-12-17,31.5,-25.0,19.007507
2003-12-18,31.5,-25.0,21.111572
2003-12-19,31.5,-25.0,20.208008
2003-12-20,31.5,-25.0,20.779694
2003-12-21,31.5,-25.0,22.85675
2003-12-22,31.5,-25.0,21.297363
2003-12-23,31.5,-25.0,20.612946
2003-12-24,31.5,-25.0,22.615387
2003-12-25,31.5,-25.0,24.516174
2003-12-26,31.5,-25.0,19.004333
2003-12-27,31.5,-25.0,16.66684
2003-12-28,31.5,-25.0,18.723267
2003-12-29,31.5,-25.0,17.101929
2003-12-30,31.5,-25.0,17.897522
2003-12-31,31.5,-25.0,20.411255
2004-01-01,31.5,-25.0,21.044739
2004-01-02,31.5,-25.0,19.335815
2004-01-03,31.5,-25.0,21.469116
2004-01-04,31.5,-25.0,20.250793
2004-01-05,31.5,-25.0,18.675842
2004-01-06,31.5,-25.0,16.931427
2004-01-07,31.5,-25.0,19.831238
2004-01-08,31.5,-25.0,21.327118
2004-01-09,31.5,-25.0,23.176422
2004-01-10,31.5,-25.0,23.623413
2004-01-11,31.5,-25.0,23.118317
2004-01-12,31.5,-25.0,21.959686
2004-01-13,31.5,-25.0,21.575623
2004-01-14,31.5,-25.0,21.419098
2004-01-15,31.5,-25.0,23.805756
2004-01-16,31.5,-25.0,20.805908
2004-01-17,31.5,-25.0,20.65744
2004-01-18,31.5,-25.0,19.237396
2004-01-19,31.5,-25.0,20.71231
2004-01-20,31.5,-25.0,20.402466
2004-01-21,31.5,-25.0,21.530457
2004-01-22,31.5,-25.0,20.983398
2004-01-23,31.5,-25.0,21.414276
2004-01-24,31.5,-25.0,21.916138
2004-01-25,31.5,-25.0,22.07428
2004-01-26,31.5,-25.0,23.3378
2004-01-27,31.5,-25.0,22.051666
2004-01-28,31.5,-25.0,21.70633
2004-01-29,31.5,-25.0,21.322296
2004-01-30,31.5,-25.0,20.547699
2004-01-31,31.5,-25.0,20.212067
2004-02-01,31.5,-25.0,19.832123
2004-02-02,31.5,-25.0,19.62564
2004-02-03,31.5,-25.0,19.665344
2004-02-04,31.5,-25.0,17.894196
2004-02-05,31.5,-25.0,21.322113
2004-02-06,31.5,-25.0,21.03302
2004-02-07,31.5,-25.0,20.658142
2004-02-08,31.5,-25.0,19.811493
2004-02-09,31.5,-25.0,18.470825
2004-02-10,31.5,-25.0,19.946503
2004-02-11,31.5,-25.0,20.89798
2004-02-12,31.5,-25.0,22.016266
2004-02-13,31.5,-25.0,22.464233
2004-02-14,31.5,-25.0,22.77237
2004-02-15,31.5,-25.0,23.830292
2004-02-16,31.5,-25.0,21.63028
2004-02-17,31.5,-25.0,21.217285
2004-02-18,31.5,-25.0,21.849487
2004-02-19,31.5,-25.0,22.176697
2004-02-20,31.5,-25.0,20.86145
2004-02-21,31.5,-25.0,21.075897
2004-02-22,31.5,-25.0,21.38565
2004-02-23,31.5,-25.0,21.9003
2004-02-24,31.5,-25.0,21.473022
2004-02-25,31.5,-25.0,21.992432
2004-02-26,31.5,-25.0,21.565155
2004-02-27,31.5,-25.0,21.755768
2004-02-28,31.5,-25.0,21.965454
2004-02-29,31.5,-25.0,22.009918
2004-03-01,31.5,-25.0,20.677277
2004-03-02,31.5,-25.0,18.647095
2004-03-03,31.5,-25.0,20.66214
2004-03-04,31.5,-25.0,21.461761
2004-03-05,31.5,-25.0,19.180725
2004-03-06,31.5,-25.0,17.709442
2004-03-07,31.5,-25.0,17.738068
2004-03-08,31.5,-25.0,17.669037
2004-03-09,31.5,-25.0,19.350769
2004-03-10,31.5,-25.0,20.276642
2004-03-11,31.5,-25.0,20.993774
2004-03-12,31.5,-25.0,17.756561
2004-03-13,31.5,-25.0,16.42163
2004-03-14,31.5,-25.0,16.7583
2004-03-15,31.5,-25.0,16.362701
2004-03-16,31.5,-25.0,15.724701
2004-03-17,31.5,-25.0,17.461975
2004-03-18,31.5,-25.0,20.815338
2004-03-19,31.5,-25.0,19.769928
2004-03-20,31.5,-25.0,19.810333
2004-03-21,31.5,-25.0,20.5224
2004-03-22,31.5,-25.0,20.73114
2004-03-23,31.5,-25.0,21.52066
2004-03-24,31.5,-25.0,21.30014
2004-03-25,31.5,-25.0,21.249634
2004-03-26,31.5,-25.0,19.985413
2004-03-27,31.5,-25.0,17.581512
2004-03-28,31.5,-25.0,19.551086
2004-03-29,31.5,-25.0,18.921478
2004-03-30,31.5,-25.0,20.165527
2004-03-31,31.5,-25.0,20.056122
2004-04-01,31.5,-25.0,18.184967
2004-04-02,31.5,-25.0,17.144592
2004-04-03,31.5,-25.0,16.139374
2004-04-04,31.5,-25.0,17.694672
2004-04-05,31.5,-25.0,20.50119
2004-04-06,31.5,-25.0,21.873718
2004-04-07,31.5,-25.0,21.23053
2004-04-08,31.5,-25.0,18.24823
2004-04-09,31.5,-25.0,16.230774
2004-04-10,31.5,-25.0,17.336151
2004-04-11,31.5,-25.0,16.381897
2004-04-12,31.5,-25.0,15.482117
2004-04-13,31.5,-25.0,16.153442
2004-04-14,31.5,-25.0,16.055023
2004-04-15,31.5,-25.0,15.974182
2004-04-16,31.5,-25.0,15.348541
2004-04-17,31.5,-25.0,18.838715
2004-04-18,31.5,-25.0,18.650665
2004-04-19,31.5,-25.0,16.587494
2004-04-20,31.5,-25.0,18.116425
2004-04-21,31.5,-25.0,17.401184
2004-04-22,31.5,-25.0,19.973999
2004-04-23,31.5,-25.0,20.42389
2004-04-24,31.5,-25.0,17.756165
2004-04-25,31.5,-25.0,16.056793
2004-04-26,31.5,-25.0,17.722778
2004-04-27,31.5,-25.0,13.251984
2004-04-28,31.5,-25.0,12.209869
2004-04-29,31.5,-25.0,11.991943
2004-04-30,31.5,-25.0,15.049805
2004-05-01,31.5,-25.0,15.756195
2004-05-02,31.5,-25.0,14.797974
2004-05-03,31.5,-25.0,14.737396
2004-05-04,31.5,-25.0,13.519745
2004-05-05,31.5,-25.0,12.419495
2004-05-06,31.5,-25.0,11.493469
2004-05-07,31.5,-25.0,11.94986
2004-05-08,31.5,-25.0,12.315338
2004-05-09,31.5,-25.0,14.904022
2004-05-10,31.5,-25.0,13.957184
2004-05-11,31.5,-25.0,12.076721
2004-05-12,31.5,-25.0,13.428833
2004-05-13,31.5,-25.0,14.352966
2004-05-14,31.5,-25.0,16.526947
2004-05-15,31.5,-25.0,14.750641
2004-05-16,31.5,-25.0,13.80191
2004-05-17,31.5,-25.0,14.869934
2004-05-18,31.5,-25.0,12.591827
2004-05-19,31.5,-25.0,12.262299
2004-05-20,31.5,-25.0,12.786865
2004-05-21,31.5,-25.0,12.334259
2004-05-22,31.5,-25.0,13.205383
2004-05-23,31.5,-25.0,11.300293
2004-05-24,31.5,-25.0,10.556091
2004-05-25,31.5,-25.0,10.370483
2004-05-26,31.5,-25.0,9.798584
2004-05-27,31.5,-25.0,10.336395
2004-05-28,31.5,-25.0,12.989502
2004-05-29,31.5,-25.0,13.053894
2004-05-30,31.5,-25.0,10.86853
2004-05-31,31.5,-25.0,7.707947
2004-06-01,31.5,-25.0,9.788208
2004-06-02,31.5,-25.0,11.425079
2004-06-03,31.5,-25.0,9.710693
2004-06-04,31.5,-25.0,7.2323303
2004-06-05,31.5,-25.0,8.58316
2004-06-06,31.5,-25.0,9.134949
2004-06-07,31.5,-25.0,12.06543
2004-06-08,31.5,-25.0,12.482483
2004-06-09,31.5,-25.0,10.683228
2004-06-10,31.5,-25.0,9.131256
2004-06-11,31.5,-25.0,7.278473
2004-06-12,31.5,-25.0,6.444336
2004-06-13,31.5,-25.0,7.780426
2004-06-14,31.5,-25.0,9.509552
2004-06-15,31.5,-25.0,11.233154
2004-06-16,31.5,-25.0,9.219818
2004-06-17,31.5,-25.0,11.764618
2004-06-18,31.5,-25.0,9.832489
2004-06-19,31.5,-25.0,8.66806
2004-06-20,31.5,-25.0,10.334442
2004-06-21,31.5,-25.0,13.0121155
2004-06-22,31.5,-25.0,10.395325
2004-06-23,31.5,-25.0,9.330536
2004-06-24,31.5,-25.0,9.013153
2004-06-25,31.5,-25.0,11.659424
2004-06-26,31.5,-25.0,11.604065
2004-06-27,31.5,-25.0,11.997131
2004-06-28,31.5,-25.0,13.532501
2004-06-29,31.5,-25.0,13.093323
2004-06-30,31.5,-25.0,12.373596
2004-07-01,31.5,-25.0,11.745819
2004-07-02,31.5,-25.0,13.526337
2004-07-03,31.5,-25.0,13.759674
2004-07-04,31.5,-25.0,14.316559
2004-07-05,31.5,-25.0,12.777252
2004-07-06,31.5,-25.0,11.098724
2004-07-07,31.5,-25.0,10.443787
2004-07-08,31.5,-25.0,9.802551
2004-07-09,31.5,-25.0,11.585022
2004-07-10,31.5,-25.0,9.559418
2004-07-11,31.5,-25.0,10.798706
2004-07-12,31.5,-25.0,12.651764
2004-07-13,31.5,-25.0,10.281006
2004-07-14,31.5,-25.0,9.524109
2004-07-15,31.5,-25.0,9.224091
2004-07-16,31.5,-25.0,7.1906433
2004-07-17,31.5,-25.0,6.2042847
2004-07-18,31.5,-25.0,7.3867188
2004-07-19,31.5,-25.0,9.531952
2004-07-20,31.5,-25.0,7.9945984
2004-07-21,31.5,-25.0,7.44162
2004-07-22,31.5,-25.0,8.024017
2004-07-23,31.5,-25.0,8.786804
2004-07-24,31.5,-25.0,10.586914
2004-07-25,31.5,-25.0,13.402771
2004-07-26,31.5,-25.0,10.661438
2004-07-27,31.5,-25.0,13.414551
2004-07-28,31.5,-25.0,13.026306
2004-07-29,31.5,-25.0,8.63385
2004-07-30,31.5,-25.0,7.70047
2004-07-31,31.5,-25.0,8.341675
2004-08-01,31.5,-25.0,11.346954
2004-08-02,31.5,-25.0,10.443268
2004-08-03,31.5,-25.0,13.818085
2004-08-04,31.5,-25.0,12.500275
2004-08-05,31.5,-25.0,11.970062
2004-08-06,31.5,-25.0,11.257965
2004-08-07,31.5,-25.0,9.580231
2004-08-08,31.5,-25.0,11.455322
2004-08-09,31.5,-25.0,14.822388
2004-08-10,31.5,-25.0,13.198853
2004-08-11,31.5,-25.0,12.842804
2004-08-12,31.5,-25.0,12.653168
2004-08-13,31.5,-25.0,9.750519
2004-08-14,31.5,-25.0,11.223114
2004-08-15,31.5,-25.0,15.106842
2004-08-16,31.5,-25.0,14.207031
2004-08-17,31.5,-25.0,16.782654
2004-08-18,31.5,-25.0,13.653595
2004-08-19,31.5,-25.0,12.854401
2004-08-20,31.5,-25.0,11.75528
2004-08-21,31.5,-25.0,12.44223
2004-08-22,31.5,-25.0,14.9965515
2004-08-23,31.5,-25.0,14.280579
2004-08-24,31.5,-25.0,12.796356
2004-08-25,31.5,-25.0,16.242737
2004-08-26,31.5,-25.0,14.493439
2004-08-27,31.5,-25.0,16.469147
2004-08-28,31.5,-25.0,15.435822
2004-08-29,31.5,-25.0,15.902161
2004-08-30,31.5,-25.0,11.726257
2004-08-31,31.5,-25.0,13.448486
2004-09-01,31.5,-25.0,13.567047
2004-09-02,31.5,-25.0,15.662903
2004-09-03,31.5,-25.0,14.170746
2004-09-04,31.5,-25.0,11.288971
2004-09-05,31.5,-25.0,10.964325
2004-09-06,31.5,-25.0,12.898804
2004-09-07,31.5,-25.0,10.335968
2004-09-08,31.5,-25.0,8.399567
2004-09-09,31.5,-25.0,14.446014
2004-09-10,31.5,-25.0,13.217743
2004-09-11,31.5,-25.0,11.152283
2004-09-12,31.5,-25.0,13.857513
2004-09-13,31.5,-25.0,16.522858
2004-09-14,31.5,-25.0,15.040222
2004-09-15,31.5,-25.0,14.204926
2004-09-16,31.5,-25.0,13.417084
2004-09-17,31.5,-25.0,18.709839
2004-09-18,31.5,-25.0,16.564636
2004-09-19,31.5,-25.0,15.9913025
2004-09-20,31.5,-25.0,14.419434
2004-09-21,31.5,-25.0,13.185455
2004-09-22,31.5,-25.0,11.296539
2004-09-23,31.5,-25.0,15.13324
2004-09-24,31.5,-25.0,16.462128
2004-09-25,31.5,-25.0,15.343964
2004-09-26,31.5,-25.0,17.187317
2004-09-27,31.5,-25.0,14.875061
2004-09-28,31.5,-25.0,13.185455
2004-09-29,31.5,-25.0,12.587463
2004-09-30,31.5,-25.0,12.557098
2004-10-01,31.5,-25.0,12.676575
2004-10-02,31.5,-25.0,14.144318
2004-10-03,31.5,-25.0,13.357666
2004-10-04,31.5,-25.0,16.629272
2004-10-05,31.5,-25.0,18.702423
2004-10-06,31.5,-25.0,20.393677
2004-10-07,31.5,-25.0,22.831116
2004-10-08,31.5,-25.0,17.620087
2004-10-09,31.5,-25.0,15.904205
2004-10-10,31.5,-25.0,16.618713
2004-10-11,31.5,-25.0,15.812683
2004-10-12,31.5,-25.0,15.673676
2004-10-13,31.5,-25.0,15.957001
2004-10-14,31.5,-25.0,15.582153
2004-10-15,31.5,-25.0,16.018585
2004-10-16,31.5,-25.0,16.916138
2004-10-17,31.5,-25.0,18.709473
2004-10-18,31.5,-25.0,20.413025
2004-10-19,31.5,-25.0,19.65451
2004-10-20,31.5,-25.0,18.906586
2004-10-21,31.5,-25.0,16.375854
2004-10-22,31.5,-25.0,18.478912
2004-10-23,31.5,-25.0,18.778107
2004-10-24,31.5,-25.0,18.529968
2004-10-25,31.5,-25.0,17.222351
2004-10-26,31.5,-25.0,18.40149
2004-10-27,31.5,-25.0,16.521912
2004-10-28,31.5,-25.0,17.1203
2004-10-29,31.5,-25.0,19.383514
2004-10-30,31.5,-25.0,15.441345
2004-10-31,31.5,-25.0,14.5755005
2004-11-01,31.5,-25.0,12.37735
2004-11-02,31.5,-25.0,14.53894
2004-11-03,31.5,-25.0,15.065826
2004-11-04,31.5,-25.0,18.663544
2004-11-05,31.5,-25.0,17.708313
2004-11-06,31.5,-25.0,21.555542
2004-11-07,31.5,-25.0,19.797699
2004-11-08,31.5,-25.0,19.231445
2004-11-09,31.5,-25.0,20.098053
2004-11-10,31.5,-25.0,21.706543
2004-11-11,31.5,-25.0,20.268738
2004-11-12,31.5,-25.0,21.232208
2004-11-13,31.5,-25.0,22.241608
2004-11-14,31.5,-25.0,21.370056
2004-11-15,31.5,-25.0,21.31427
2004-11-16,31.5,-25.0,19.521942
2004-11-17,31.5,-25.0,19.252777
2004-11-18,31.5,-25.0,17.869171
2004-11-19,31.5,-25.0,19.817383
2004-11-20,31.5,-25.0,21.64087
2004-11-21,31.5,-25.0,24.94812
2004-11-22,31.5,-25.0,19.223236
2004-11-23,31.5,-25.0,19.193695
2004-11-24,31.5,-25.0,19.651611
2004-11-25,31.5,-25.0,19.1904
2004-11-26,31.5,-25.0,20.641327
2004-11-27,31.5,-25.0,21.621185
2004-11-28,31.5,-25.0,21.45868
2004-11-29,31.5,-25.0,19.723846
2004-11-30,31.5,-25.0,21.506287
2004-12-01,31.5,-25.0,22.155518
2004-12-02,31.5,-25.0,22.272522
2004-12-03,31.5,-25.0,21.621124
2004-12-04,31.5,-25.0,21.279602
2004-12-05,31.5,-25.0,22.71997
2004-12-06,31.5,-25.0,22.906555
2004-12-07,31.5,-25.0,23.576935
2004-12-08,31.5,-25.0,19.352264
2004-12-09,31.5,-25.0,16.881012
2004-12-10,31.5,-25.0,17.698425
2004-12-11,31.5,-25.0,17.486572
2004-12-12,31.5,-25.0,19.088226
2004-12-13,31.5,-25.0,16.993286
2004-12-14,31.5,-25.0,21.021881
2004-12-15,31.5,-25.0,20.950745
2004-12-16,31.5,-25.0,19.785461
2004-12-17,31.5,-25.0,19.184662
2004-12-18,31.5,-25.0,20.155457
2004-12-19,31.5,-25.0,20.623444
2004-12-20,31.5,-25.0,20.65982
2004-12-21,31.5,-25.0,20.651917
2004-12-22,31.5,-25.0,19.779144
2004-12-23,31.5,-25.0,20.212372
2004-12-24,31.5,-25.0,20.715149
2004-12-25,31.5,-25.0,20.568115
2004-12-26,31.5,-25.0,22.32785
2004-12-27,31.5,-25.0,22.863861
2004-12-28,31.5,-25.0,22.307312
2004-12-29,31.5,-25.0,21.461426
2004-12-30,31.5,-25.0,21.836151
2004-12-31,31.5,-25.0,23.980103
2005-01-01,31.5,-25.0,23.173157
2005-01-02,31.5,-25.0,23.40741
2005-01-03,31.5,-25.0,22.642487
2005-01-04,31.5,-25.0,23.012207
2005-01-05,31.5,-25.0,24.038452
2005-01-06,31.5,-25.0,23.265564
2005-01-07,31.5,-25.0,21.96045
2005-01-08,31.5,-25.0,22.432129
2005-01-09,31.5,-25.0,22.261627
2005-01-10,31.5,-25.0,21.558868
2005-01-11,31.5,-25.0,19.98285
2005-01-12,31.5,-25.0,21.499908
2005-01-13,31.5,-25.0,21.415466
2005-01-14,31.5,-25.0,21.440948
2005-01-15,31.5,-25.0,21.801086
2005-01-16,31.5,-25.0,20.41153
2005-01-17,31.5,-25.0,20.317505
2005-01-18,31.5,-25.0,19.966919
2005-01-19,31.5,-25.0,21.676788
2005-01-20,31.5,-25.0,20.929413
2005-01-21,31.5,-25.0,20.025879
2005-01-22,31.5,-25.0,22.59787
2005-01-23,31.5,-25.0,22.390717
2005-01-24,31.5,-25.0,21.987549
2005-01-25,31.5,-25.0,21.321442
2005-01-26,31.5,-25.0,21.244934
2005-01-27,31.5,-25.0,21.2099
2005-01-28,31.5,-25.0,21.232208
2005-01-29,31.5,-25.0,23.19226
2005-01-30,31.5,-25.0,21.911041
2005-01-31,31.5,-25.0,21.636963
2005-02-01,31.5,-25.0,21.228394
2005-02-02,31.5,-25.0,21.401184
2005-02-03,31.5,-25.0,19.450104
2005-02-04,31.5,-25.0,19.994507
2005-02-05,31.5,-25.0,21.51529
2005-02-06,31.5,-25.0,19.360443
2005-02-07,31.5,-25.0,19.64569
2005-02-08,31.5,-25.0,19.345764
2005-02-09,31.5,-25.0,22.004272
2005-02-10,31.5,-25.0,22.113495
2005-02-11,31.5,-25.0,22.724731
2005-02-12,31.5,-25.0,21.842896
2005-02-13,31.5,-25.0,21.365326
2005-02-14,31.5,-25.0,21.277313
2005-02-15,31.5,-25.0,22.286255
2005-02-16,31.5,-25.0,21.280579
2005-02-17,31.5,-25.0,20.757355
2005-02-18,31.5,-25.0,21.340881
2005-02-19,31.5,-25.0,21.766296
2005-02-20,31.5,-25.0,23.062134
2005-02-21,31.5,-25.0,23.047455
2005-02-22,31.5,-25.0,22.38733
2005-02-23,31.5,-25.0,21.014893
2005-02-24,31.5,-25.0,21.340881
2005-02-25,31.5,-25.0,21.807037
2005-02-26,31.5,-25.0,23.301727
2005-02-27,31.5,-25.0,22.292786
2005-02-28,31.5,-25.0,21.451721
2005-03-01,31.5,-25.0,22.255096
2005-03-02,31.5,-25.0,22.404022
2005-03-03,31.5,-25.0,21.044464
2005-03-04,31.5,-25.0,20.357697
2005-03-05,31.5,-25.0,17.165619
2005-03-06,31.5,-25.0,18.737122
2005-03-07,31.5,-25.0,21.300262
2005-03-08,31.5,-25.0,21.647156
2005-03-09,31.5,-25.0,22.72113
2005-03-10,31.5,-25.0,20.245575
2005-03-11,31.5,-25.0,18.449799
2005-03-12,31.5,-25.0,16.85376
2005-03-13,31.5,-25.0,16.878296
2005-03-14,31.5,-25.0,18.87378
2005-03-15,31.5,-25.0,19.676178
2005-03-16,31.5,-25.0,19.59909
2005-03-17,31.5,-25.0,19.781311
2005-03-18,31.5,-25.0,20.345428
2005-03-19,31.5,-25.0,19.735748
2005-03-20,31.5,-25.0,19.562317
2005-03-21,31.5,-25.0,18.216797
2005-03-22,31.5,-25.0,19.926727
2005-03-23,31.5,-25.0,19.495728
2005-03-24,31.5,-25.0,18.712585
2005-03-25,31.5,-25.0,16.864258
2005-03-26,31.5,-25.0,19.020935
2005-03-27,31.5,-25.0,19.084015
2005-03-28,31.5,-25.0,21.594604
2005-03-29,31.5,-25.0,20.534668
2005-03-30,31.5,-25.0,20.46457
2005-03-31,31.5,-25.0,20.14746
2005-04-01,31.5,-25.0,21.16983
2005-04-02,31.5,-25.0,20.174164
2005-04-03,31.5,-25.0,19.621002
2005-04-04,31.5,-25.0,19.539886
2005-04-05,31.5,-25.0,19.80539
2005-04-06,31.5,-25.0,18.879791
2005-04-07,31.5,-25.0,18.557129
2005-04-08,31.5,-25.0,18.889008
2005-04-09,31.5,-25.0,17.87857
2005-04-10,31.5,-25.0,17.70343
2005-04-11,31.5,-25.0,16.97879
2005-04-12,31.5,-25.0,17.635193
2005-04-13,31.5,-25.0,20.896942
2005-04-14,31.5,-25.0,19.493774
2005-04-15,31.5,-25.0,19.440308
2005-04-16,31.5,-25.0,18.042694
2005-04-17,31.5,-25.0,18.555267
2005-04-18,31.5,-25.0,18.61795
2005-04-19,31.5,-25.0,21.215942
2005-04-20,31.5,-25.0,20.729156
2005-04-21,31.5,-25.0,19.278046
2005-04-22,31.5,-25.0,18.321106
2005-04-23,31.5,-25.0,18.134888
2005-04-24,31.5,-25.0,16.608185
2005-04-25,31.5,-25.0,18.232605
2005-04-26,31.5,-25.0,16.492035
2005-04-27,31.5,-25.0,15.382019
2005-04-28,31.5,-25.0,13.438629
2005-04-29,31.5,-25.0,14.952423
2005-04-30,31.5,-25.0,12.621796
2005-05-01,31.5,-25.0,14.586761
2005-05-02,31.5,-25.0,13.140747
2005-05-03,31.5,-25.0,17.068024
2005-05-04,31.5,-25.0,15.155975
2005-05-05,31.5,-25.0,15.458069
2005-05-06,31.5,-25.0,16.183838
2005-05-07,31.5,-25.0,18.541687
2005-05-08,31.5,-25.0,18.539825
2005-05-09,31.5,-25.0,18.184326
2005-05-10,31.5,-25.0,17.064331
2005-05-11,31.5,-25.0,13.048645
2005-05-12,31.5,-25.0,12.914185
2005-05-13,31.5,-25.0,13.958618
2005-05-14,31.5,-25.0,15.3420105
2005-05-15,31.5,-25.0,16.251984
2005-05-16,31.5,-25.0,15.087799
2005-05-17,31.5,-25.0,15.362274
2005-05-18,31.5,-25.0,16.775146
2005-05-19,31.5,-25.0,14.887024
2005-05-20,31.5,-25.0,17.633545
2005-05-21,31.5,-25.0,17.042236
2005-05-22,31.5,-25.0,13.936523
2005-05-23,31.5,-25.0,11.9157715
2005-05-24,31.5,-25.0,13.037598
2005-05-25,31.5,-25.0,14.535187
2005-05-26,31.5,-25.0,12.56604
2005-05-27,31.5,-25.0,11.072113
2005-05-28,31.5,-25.0,12.00235
2005-05-29,31.5,-25.0,15.566742
2005-05-30,31.5,-25.0,15.038086
2005-05-31,31.5,-25.0,13.997314
2005-06-01,31.5,-25.0,14.778015
2005-06-02,31.5,-25.0,14.577637
2005-06-03,31.5,-25.0,15.321899
2005-06-04,31.5,-25.0,14.045197
2005-06-05,31.5,-25.0,14.873444
2005-06-06,31.5,-25.0,12.982239
2005-06-07,31.5,-25.0,12.715057
2005-06-08,31.5,-25.0,15.533722
2005-06-09,31.5,-25.0,14.00705
2005-06-10,31.5,-25.0,14.367706
2005-06-11,31.5,-25.0,11.669281
2005-06-12,31.5,-25.0,12.846741
2005-06-13,31.5,-25.0,14.289459
2005-06-14,31.5,-25.0,14.226501
2005-06-15,31.5,-25.0,12.888733
2005-06-16,31.5,-25.0,14.03183
2005-06-17,31.5,-25.0,12.63681
2005-06-18,31.5,-25.0,12.363922
2005-06-19,31.5,-25.0,10.779968
2005-06-20,31.5,-25.0,11.577667
2005-06-21,31.5,-25.0,13.096741
2005-06-22,31.5,-25.0,14.917328
2005-06-23,31.5,-25.0,14.619629
2005-06-24,31.5,-25.0,14.472687
2005-06-25,31.5,-25.0,11.6311035
2005-06-26,31.5,-25.0,11.936432
2005-06-27,31.5,-25.0,12.791412
2005-06-28,31.5,-25.0,15.087189
2005-06-29,31.5,-25.0,13.081482
2005-06-30,31.5,-25.0,9.713196
2005-07-01,31.5,-25.0,12.8013
2005-07-02,31.5,-25.0,11.718567
2005-07-03,31.5,-25.0,11.551544
2005-07-04,31.5,-25.0,11.614441
2005-07-05,31.5,-25.0,10.759674
2005-07-06,31.5,-25.0,9.950104
2005-07-07,31.5,-25.0,12.490814
2005-07-08,31.5,-25.0,11.581024
2005-07-09,31.5,-25.0,10.920807
2005-07-10,31.5,-25.0,8.837921
2005-07-11,31.5,-25.0,8.036194
2005-07-12,31.5,-25.0,8.05191
2005-07-13,31.5,-25.0,8.537262
2005-07-14,31.5,-25.0,12.023163
2005-07-15,31.5,-25.0,12.787537
2005-07-16,31.5,-25.0,12.005463
2005-07-17,31.5,-25.0,9.543335
2005-07-18,31.5,-25.0,9.527618
2005-07-19,31.5,-25.0,9.213226
2005-07-20,31.5,-25.0,10.641754
2005-07-21,31.5,-25.0,13.718933
2005-07-22,31.5,-25.0,10.567108
2005-07-23,31.5,-25.0,14.548157
2005-07-24,31.5,-25.0,10.924713
2005-07-25,31.5,-25.0,11.541718
2005-07-26,31.5,-25.0,12.349335
2005-07-27,31.5,-25.0,16.49939
2005-07-28,31.5,-25.0,13.821106
2005-07-29,31.5,-25.0,12.078186
2005-07-30,31.5,-25.0,11.608551
2005-07-31,31.5,-25.0,12.060486
2005-08-01,31.5,-25.0,14.168671
2005-08-02,31.5,-25.0,11.645447
2005-08-03,31.5,-25.0,12.752777
2005-08-04,31.5,-25.0,14.043671
2005-08-05,31.5,-25.0,10.229523
2005-08-06,31.5,-25.0,11.502869
2005-08-07,31.5,-25.0,11.610291
2005-08-08,31.5,-25.0,13.323029
2005-08-09,31.5,-25.0,15.309204
2005-08-10,31.5,-25.0,16.695831
2005-08-11,31.5,-25.0,17.242645
2005-08-12,31.5,-25.0,15.111969
2005-08-13,31.5,-25.0,13.557404
2005-08-14,31.5,-25.0,13.59256
2005-08-15,31.5,-25.0,16.816895
2005-08-16,31.5,-25.0,16.543488
2005-08-17,31.5,-25.0,16.7583
2005-08-18,31.5,-25.0,16.141174
2005-08-19,31.5,-25.0,15.733002
2005-08-20,31.5,-25.0,14.051483
2005-08-21,31.5,-25.0,16.20758
2005-08-22,31.5,-25.0,15.774017
2005-08-23,31.5,-25.0,15.602142
2005-08-24,31.5,-25.0,18.312866
2005-08-25,31.5,-25.0,15.465454
2005-08-26,31.5,-25.0,17.45163
2005-08-27,31.5,-25.0,16.92041
2005-08-28,31.5,-25.0,15.670502
2005-08-29,31.5,-25.0,14.26828
2005-08-30,31.5,-25.0,15.1041565
2005-08-31,31.5,-25.0,17.805115
2005-09-01,31.5,-25.0,17.570831
2005-09-02,31.5,-25.0,17.656067
2005-09-03,31.5,-25.0,16.220154
2005-09-04,31.5,-25.0,19.7872
2005-09-05,31.5,-25.0,19.326874
2005-09-06,31.5,-25.0,18.25467
2005-09-07,31.5,-25.0,15.89624
2005-09-08,31.5,-25.0,14.193237
2005-09-09,31.5,-25.0,13.327515
2005-09-10,31.5,-25.0,14.697113
2005-09-11,31.5,-25.0,13.299103
2005-09-12,31.5,-25.0,12.808472
2005-09-13,31.5,-25.0,13.7499695
2005-09-14,31.5,-25.0,13.738586
2005-09-15,31.5,-25.0,11.495697
2005-09-16,31.5,-25.0,13.10968
2005-09-17,31.5,-25.0,13.164612
2005-09-18,31.5,-25.0,15.110077
2005-09-19,31.5,-25.0,18.817291
2005-09-20,31.5,-25.0,17.591675
2005-09-21,31.5,-25.0,18.64682
2005-09-22,31.5,-25.0,18.857086
2005-09-23,31.5,-25.0,18.972626
2005-09-24,31.5,-25.0,19.105225
2005-09-25,31.5,-25.0,22.569977
2005-09-26,31.5,-25.0,20.323303
2005-09-27,31.5,-25.0,18.54071
2005-09-28,31.5,-25.0,15.405609
2005-09-29,31.5,-25.0,13.626831
2005-09-30,31.5,-25.0,11.571472
2005-10-01,31.5,-25.0,15.048828
2005-10-02,31.5,-25.0,19.461243
2005-10-03,31.5,-25.0,18.008484
2005-10-04,31.5,-25.0,20.221008
2005-10-05,31.5,-25.0,16.736206
2005-10-06,31.5,-25.0,15.91687
2005-10-07,31.5,-25.0,15.646179
2005-10-08,31.5,-25.0,16.348206
2005-10-09,31.5,-25.0,18.717712
2005-10-10,31.5,-25.0,19.7518
2005-10-11,31.5,-25.0,18.216034
2005-10-12,31.5,-25.0,22.152008
2005-10-13,31.5,-25.0,19.071442
2005-10-14,31.5,-25.0,18.564331
2005-10-15,31.5,-25.0,17.837036
2005-10-16,31.5,-25.0,17.337158
2005-10-17,31.5,-25.0,18.898193
2005-10-18,31.5,-25.0,18.407318
2005-10-19,31.5,-25.0,18.049988
2005-10-20,31.5,-25.0,19.369202
2005-10-21,31.5,-25.0,18.598602
2005-10-22,31.5,-25.0,17.34076
2005-10-23,31.5,-25.0,15.427826
2005-10-24,31.5,-25.0,18.271973
2005-10-25,31.5,-25.0,18.957733
2005-10-26,31.5,-25.0,17.542877
2005-10-27,31.5,-25.0,16.530457
2005-10-28,31.5,-25.0,15.081329
2005-10-29,31.5,-25.0,18.658173
2005-10-30,31.5,-25.0,17.90561
2005-10-31,31.5,-25.0,17.34256
2005-11-01,31.5,-25.0,20.37555
2005-11-02,31.5,-25.0,21.022766
2005-11-03,31.5,-25.0,22.69928
2005-11-04,31.5,-25.0,21.468811
2005-11-05,31.5,-25.0,21.593567
2005-11-06,31.5,-25.0,19.310394
2005-11-07,31.5,-25.0,17.725891
2005-11-08,31.5,-25.0,15.575287
2005-11-09,31.5,-25.0,15.540955
2005-11-10,31.5,-25.0,16.81668
2005-11-11,31.5,-25.0,18.631989
2005-11-12,31.5,-25.0,17.725891
2005-11-13,31.5,-25.0,19.045258
2005-11-14,31.5,-25.0,18.404297
2005-11-15,31.5,-25.0,16.322296
2005-11-16,31.5,-25.0,19.457
2005-11-17,31.5,-25.0,18.538422
2005-11-18,31.5,-25.0,18.221832
2005-11-19,31.5,-25.0,20.352173
2005-11-20,31.5,-25.0,19.910828
2005-11-21,31.5,-25.0,19.519379
2005-11-22,31.5,-25.0,19.704956
2005-11-23,31.5,-25.0,18.295135
2005-11-24,31.5,-25.0,18.268616
2005-11-25,31.5,-25.0,22.190887
2005-11-26,31.5,-25.0,21.420471
2005-11-27,31.5,-25.0,19.05307
2005-11-28,31.5,-25.0,20.065216
2005-11-29,31.5,-25.0,18.674103
2005-11-30,31.5,-25.0,17.825714
2005-12-01,31.5,-25.0,19.364685
2005-12-02,31.5,-25.0,19.57013
2005-12-03,31.5,-25.0,19.519165
2005-12-04,31.5,-25.0,18.311157
2005-12-05,31.5,-25.0,19.812653
2005-12-06,31.5,-25.0,20.08609
2005-12-07,31.5,-25.0,19.485168
2005-12-08,31.5,-25.0,17.650024
2005-12-09,31.5,-25.0,16.65213
2005-12-10,31.5,-25.0,17.480103
2005-12-11,31.5,-25.0,17.016693
2005-12-12,31.5,-25.0,17.72107
2005-12-13,31.5,-25.0,17.305542
2005-12-14,31.5,-25.0,16.003326
2005-12-15,31.5,-25.0,19.289001
2005-12-16,31.5,-25.0,20.356415
2005-12-17,31.5,-25.0,19.981049
2005-12-18,31.5,-25.0,17.4971
2005-12-19,31.5,-25.0,17.699463
2005-12-20,31.5,-25.0,19.87445
2005-12-21,31.5,-25.0,17.78595
2005-12-22,31.5,-25.0,16.540894
2005-12-23,31.5,-25.0,19.298248
2005-12-24,31.5,-25.0,21.165863
2005-12-25,31.5,-25.0,18.541351
2005-12-26,31.5,-25.0,17.39978
2005-12-27,31.5,-25.0,16.275208
2005-12-28,31.5,-25.0,19.536163
2005-12-29,31.5,-25.0,18.507355
2005-12-30,31.5,-25.0,18.096466
2005-12-31,31.5,-25.0,18.705078
2006-01-01,31.5,-25.0,18.437012
2006-01-02,31.5,-25.0,19.5932
2006-01-03,31.5,-25.0,22.164642
2006-01-04,31.5,-25.0,22.002289
2006-01-05,31.5,-25.0,21.051117
2006-01-06,31.5,-25.0,22.98465
2006-01-07,31.5,-25.0,22.992828
2006-01-08,31.5,-25.0,20.367249
2006-01-09,31.5,-25.0,18.915894
2006-01-10,31.5,-25.0,18.999512
2006-01-11,31.5,-25.0,19.393097
2006-01-12,31.5,-25.0,20.701813
2006-01-13,31.5,-25.0,20.739532
2006-01-14,31.5,-25.0,21.400421
2006-01-15,31.5,-25.0,21.669373
2006-01-16,31.5,-25.0,22.366364
2006-01-17,31.5,-25.0,21.384033
2006-01-18,31.5,-25.0,21.584106
2006-01-19,31.5,-25.0,21.1987
2006-01-20,31.5,-25.0,19.858856
2006-01-21,31.5,-25.0,19.801453
2006-01-22,31.5,-25.0,19.242218
2006-01-23,31.5,-25.0,20.734589
2006-01-24,31.5,-25.0,19.767029
2006-01-25,31.5,-25.0,20.078613
2006-01-26,31.5,-25.0,22.679596
2006-01-27,31.5,-25.0,20.754272
2006-01-28,31.5,-25.0,21.113434
2006-01-29,31.5,-25.0,22.27945
2006-01-30,31.5,-25.0,20.842834
2006-01-31,31.5,-25.0,21.45456
2006-02-01,31.5,-25.0,20.917328
2006-02-02,31.5,-25.0,19.294556
2006-02-03,31.5,-25.0,18.828827
2006-02-04,31.5,-25.0,17.926392
2006-02-05,31.5,-25.0,19.694214
2006-02-06,31.5,-25.0,21.258972
2006-02-07,31.5,-25.0,20.756195
2006-02-08,31.5,-25.0,21.307312
2006-02-09,31.5,-25.0,22.085663
2006-02-10,31.5,-25.0,22.248444
2006-02-11,31.5,-25.0,20.709442
2006-02-12,31.5,-25.0,19.410583
2006-02-13,31.5,-25.0,21.494263
2006-02-14,31.5,-25.0,21.835876
2006-02-15,31.5,-25.0,21.123596
2006-02-16,31.5,-25.0,21.249298
2006-02-17,31.5,-25.0,20.899597
2006-02-18,31.5,-25.0,21.017242
2006-02-19,31.5,-25.0,19.835999
2006-02-20,31.5,-25.0,19.96817
2006-02-21,31.5,-25.0,22.330627
2006-02-22,31.5,-25.0,22.171082
2006-02-23,31.5,-25.0,21.961578
2006-02-24,31.5,-25.0,21.450745
2006-02-25,31.5,-25.0,22.744781
2006-02-26,31.5,-25.0,22.41925
2006-02-27,31.5,-25.0,21.860077
2006-02-28,31.5,-25.0,21.321808
2006-03-01,31.5,-25.0,20.819275
2006-03-02,31.5,-25.0,19.560883
2006-03-03,31.5,-25.0,17.123596
2006-03-04,31.5,-25.0,17.10498
2006-03-05,31.5,-25.0,16.35907
2006-03-06,31.5,-25.0,15.477875
2006-03-07,31.5,-25.0,16.112122
2006-03-08,31.5,-25.0,13.776337
2006-03-09,31.5,-25.0,17.938843
2006-03-10,31.5,-25.0,17.069458
2006-03-11,31.5,-25.0,17.41449
2006-03-12,31.5,-25.0,19.931274
2006-03-13,31.5,-25.0,17.817047
2006-03-14,31.5,-25.0,17.845795
2006-03-15,31.5,-25.0,18.294037
2006-03-16,31.5,-25.0,20.222198
2006-03-17,31.5,-25.0,21.00531
2006-03-18,31.5,-25.0,19.418793
2006-03-19,31.5,-25.0,18.321075
2006-03-20,31.5,-25.0,19.49997
2006-03-21,31.5,-25.0,20.43869
2006-03-22,31.5,-25.0,20.43869
2006-03-23,31.5,-25.0,18.613708
2006-03-24,31.5,-25.0,17.377289
2006-03-25,31.5,-25.0,18.069061
2006-03-26,31.5,-25.0,15.782318
2006-03-27,31.5,-25.0,18.672882
2006-03-28,31.5,-25.0,15.690979
2006-03-29,31.5,-25.0,16.2948
2006-03-30,31.5,-25.0,16.169647
2006-03-31,31.5,-25.0,13.921783
2006-04-01,31.5,-25.0,15.652405
2006-04-02,31.5,-25.0,15.529877
2006-04-03,31.5,-25.0,18.880829
2006-04-04,31.5,-25.0,18.371185
2006-04-05,31.5,-25.0,16.822662
2006-04-06,31.5,-25.0,19.79007
2006-04-07,31.5,-25.0,15.2724
2006-04-08,31.5,-25.0,16.556305
2006-04-09,31.5,-25.0,17.99472
2006-04-10,31.5,-25.0,17.163635
2006-04-11,31.5,-25.0,18.29306
2006-04-12,31.5,-25.0,17.318115
2006-04-13,31.5,-25.0,17.321686
2006-04-14,31.5,-25.0,17.215118
2006-04-15,31.5,-25.0,18.690826
2006-04-16,31.5,-25.0,17.502808
2006-04-17,31.5,-25.0,15.219116
2006-04-18,31.5,-25.0,17.318115
2006-04-19,31.5,-25.0,15.842438
2006-04-20,31.5,-25.0,14.405792
2006-04-21,31.5,-25.0,18.380066
2006-04-22,31.5,-25.0,17.09793
2006-04-23,31.5,-25.0,18.211365
2006-04-24,31.5,-25.0,15.112579
2006-04-25,31.5,-25.0,13.390015
2006-04-26,31.5,-25.0,12.802246
2006-04-27,31.5,-25.0,13.929871
2006-04-28,31.5,-25.0,11.894806
2006-04-29,31.5,-25.0,11.882355
2006-04-30,31.5,-25.0,14.434204
2006-05-01,31.5,-25.0,15.807495
2006-05-02,31.5,-25.0,13.475555
2006-05-03,31.5,-25.0,11.471344
2006-05-04,31.5,-25.0,13.040436
2006-05-05,31.5,-25.0,14.910889
2006-05-06,31.5,-25.0,16.016602
2006-05-07,31.5,-25.0,15.950653
2006-05-08,31.5,-25.0,11.638977
2006-05-09,31.5,-25.0,9.808075
2006-05-10,31.5,-25.0,9.045197
2006-05-11,31.5,-25.0,8.806
2006-05-12,31.5,-25.0,10.97406
2006-05-13,31.5,-25.0,11.117218
2006-05-14,31.5,-25.0,11.345154
2006-05-15,31.5,-25.0,11.39035
2006-05-16,31.5,-25.0,12.899139
2006-05-17,31.5,-25.0,13.149689
2006-05-18,31.5,-25.0,15.379913
2006-05-19,31.5,-25.0,14.146118
2006-05-20,31.5,-25.0,11.490173
2006-05-21,31.5,-25.0,9.391785
2006-05-22,31.5,-25.0,8.647766
2006-05-23,31.5,-25.0,8.169312
2006-05-24,31.5,-25.0,10.418396
2006-05-25,31.5,-25.0,8.461273
2006-05-26,31.5,-25.0,8.304932
2006-05-27,31.5,-25.0,7.843445
2006-05-28,31.5,-25.0,9.975739
2006-05-29,31.5,-25.0,14.615143
2006-05-30,31.5,-25.0,11.348907
2006-05-31,31.5,-25.0,9.508575
2006-06-01,31.5,-25.0,8.354706
2006-06-02,31.5,-25.0,9.503418
2006-06-03,31.5,-25.0,13.059235
2006-06-04,31.5,-25.0,8.534485
2006-06-05,31.5,-25.0,6.3752747
2006-06-06,31.5,-25.0,6.486908
2006-06-07,31.5,-25.0,5.1868286
2006-06-08,31.5,-25.0,10.951111
2006-06-09,31.5,-25.0,16.109802
2006-06-10,31.5,-25.0,12.773499
2006-06-11,31.5,-25.0,12.44989
2006-06-12,31.5,-25.0,13.681854
2006-06-13,31.5,-25.0,16.253632
2006-06-14,31.5,-25.0,13.201172
2006-06-15,31.5,-25.0,12.552063
2006-06-16,31.5,-25.0,12.222809
2006-06-17,31.5,-25.0,9.077606
2006-06-18,31.5,-25.0,12.387451
2006-06-19,31.5,-25.0,10.1770935
2006-06-20,31.5,-25.0,11.295532
2006-06-21,31.5,-25.0,12.290924
2006-06-22,31.5,-25.0,12.417725
2006-06-23,31.5,-25.0,9.289581
2006-06-24,31.5,-25.0,6.6591187
2006-06-25,31.5,-25.0,7.4387817
2006-06-26,31.5,-25.0,10.795929
2006-06-27,31.5,-25.0,9.051117
2006-06-28,31.5,-25.0,7.2911987
2006-06-29,31.5,-25.0,7.35553
2006-06-30,31.5,-25.0,10.990845
2006-07-01,31.5,-25.0,10.337463
2006-07-02,31.5,-25.0,9.399506
2006-07-03,31.5,-25.0,10.167847
2006-07-04,31.5,-25.0,9.421448
2006-07-05,31.5,-25.0,11.385193
2006-07-06,31.5,-25.0,9.3376465
2006-07-07,31.5,-25.0,11.409119
2006-07-08,31.5,-25.0,9.54718
2006-07-09,31.5,-25.0,7.581482
2006-07-10,31.5,-25.0,6.855072
2006-07-11,31.5,-25.0,7.6493225
2006-07-12,31.5,-25.0,8.936523
2006-07-13,31.5,-25.0,9.124115
2006-07-14,31.5,-25.0,12.29718
2006-07-15,31.5,-25.0,10.928162
2006-07-16,31.5,-25.0,10.666748
2006-07-17,31.5,-25.0,8.9505005
2006-07-18,31.5,-25.0,11.3871765
2006-07-19,31.5,-25.0,14.007446
2006-07-20,31.5,-25.0,12.720276
2006-07-21,31.5,-25.0,11.820221
2006-07-22,31.5,-25.0,13.740051
2006-07-23,31.5,-25.0,11.768341
2006-07-24,31.5,-25.0,11.96991
2006-07-25,31.5,-25.0,12.680359
2006-07-26,31.5,-25.0,11.221527
2006-07-27,31.5,-25.0,10.066071
2006-07-28,31.5,-25.0,8.563324
2006-07-29,31.5,-25.0,8.341827
2006-07-30,31.5,-25.0,7.4517517
2006-07-31,31.5,-25.0,11.203583
2006-08-01,31.5,-25.0,14.916382
2006-08-02,31.5,-25.0,11.6302185
2006-08-03,31.5,-25.0,9.69873
2006-08-04,31.5,-25.0,10.284943
2006-08-05,31.5,-25.0,9.837769
2006-08-06,31.5,-25.0,6.664337
2006-08-07,31.5,-25.0,7.770996
2006-08-08,31.5,-25.0,8.505646
2006-08-09,31.5,-25.0,11.47052
2006-08-10,31.5,-25.0,13.23291
2006-08-11,31.5,-25.0,10.459686
2006-08-12,31.5,-25.0,10.532959
2006-08-13,31.5,-25.0,12.25589
2006-08-14,31.5,-25.0,9.800201
2006-08-15,31.5,-25.0,14.260651
2006-08-16,31.5,-25.0,10.660706
2006-08-17,31.5,-25.0,8.436127
2006-08-18,31.5,-25.0,8.206909
2006-08-19,31.5,-25.0,9.0937195
2006-08-20,31.5,-25.0,12.000366
2006-08-21,31.5,-25.0,14.132874
2006-08-22,31.5,-25.0,12.911621
2006-08-23,31.5,-25.0,13.969421
2006-08-24,31.5,-25.0,15.183197
2006-08-25,31.5,-25.0,13.349396
2006-08-26,31.5,-25.0,11.727905
2006-08-27,31.5,-25.0,12.443787
2006-08-28,31.5,-25.0,9.826477
2006-08-29,31.5,-25.0,12.261536
2006-08-30,31.5,-25.0,10.82605
2006-08-31,31.5,-25.0,8.468048
2006-09-01,31.5,-25.0,7.4964294
2006-09-02,31.5,-25.0,8.433197
2006-09-03,31.5,-25.0,10.151245
2006-09-04,31.5,-25.0,14.077118
2006-09-05,31.5,-25.0,14.716553
2006-09-06,31.5,-25.0,10.986969
2006-09-07,31.5,-25.0,15.2413025
2006-09-08,31.5,-25.0,14.106293
2006-09-09,31.5,-25.0,14.18985
2006-09-10,31.5,-25.0,11.194916
2006-09-11,31.5,-25.0,12.936279
2006-09-12,31.5,-25.0,11.375671
2006-09-13,31.5,-25.0,14.395874
2006-09-14,31.5,-25.0,13.087891
2006-09-15,31.5,-25.0,14.770966
2006-09-16,31.5,-25.0,18.117676
2006-09-17,31.5,-25.0,15.128571
2006-09-18,31.5,-25.0,11.914001
2006-09-19,31.5,-25.0,10.227051
2006-09-20,31.5,-25.0,14.483337
2006-09-21,31.5,-25.0,15.078033
2006-09-22,31.5,-25.0,14.776794
2006-09-23,31.5,-25.0,12.691406
2006-09-24,31.5,-25.0,14.794281
2006-09-25,31.5,-25.0,14.500824
2006-09-26,31.5,-25.0,16.277191
2006-09-27,31.5,-25.0,17.278076
2006-09-28,31.5,-25.0,17.361664
2006-09-29,31.5,-25.0,15.801025
2006-09-30,31.5,-25.0,17.456879
2006-10-01,31.5,-25.0,17.960968
2006-10-02,31.5,-25.0,18.27243
2006-10-03,31.5,-25.0,17.205536
2006-10-04,31.5,-25.0,16.976685
2006-10-05,31.5,-25.0,14.980591
2006-10-06,31.5,-25.0,16.193726
2006-10-07,31.5,-25.0,16.632538
2006-10-08,31.5,-25.0,15.648254
2006-10-09,31.5,-25.0,16.592957
2006-10-10,31.5,-25.0,17.504974
2006-10-11,31.5,-25.0,14.765503
2006-10-12,31.5,-25.0,12.394287
2006-10-13,31.5,-25.0,13.068817
2006-10-14,31.5,-25.0,13.805298
2006-10-15,31.5,-25.0,14.60202
2006-10-16,31.5,-25.0,16.687592
2006-10-17,31.5,-25.0,18.12445
2006-10-18,31.5,-25.0,19.903717
2006-10-19,31.5,-25.0,18.095184
2006-10-20,31.5,-25.0,17.993652
2006-10-21,31.5,-25.0,19.740234
2006-10-22,31.5,-25.0,20.5318
2006-10-23,31.5,-25.0,19.267029
2006-10-24,31.5,-25.0,18.669922
2006-10-25,31.5,-25.0,21.2872
2006-10-26,31.5,-25.0,20.165253
2006-10-27,31.5,-25.0,18.477203
2006-10-28,31.5,-25.0,18.236298
2006-10-29,31.5,-25.0,18.141632
2006-10-30,31.5,-25.0,20.258179
2006-10-31,31.5,-25.0,22.123505
2006-11-01,31.5,-25.0,23.378143
2006-11-02,31.5,-25.0,21.765503
2006-11-03,31.5,-25.0,23.094788
2006-11-04,31.5,-25.0,22.30304
2006-11-05,31.5,-25.0,17.267609
2006-11-06,31.5,-25.0,13.524231
2006-11-07,31.5,-25.0,11.634735
2006-11-08,31.5,-25.0,13.440033
2006-11-09,31.5,-25.0,15.246979
2006-11-10,31.5,-25.0,18.570984
2006-11-11,31.5,-25.0,18.75235
2006-11-12,31.5,-25.0,19.612091
2006-11-13,31.5,-25.0,18.995209
2006-11-14,31.5,-25.0,16.121277
2006-11-15,31.5,-25.0,19.738373
2006-11-16,31.5,-25.0,20.303436
2006-11-17,31.5,-25.0,22.035889
2006-11-18,31.5,-25.0,18.039917
2006-11-19,31.5,-25.0,17.562286
2006-11-20,31.5,-25.0,18.870544
2006-11-21,31.5,-25.0,18.600128
2006-11-22,31.5,-25.0,21.611694
2006-11-23,31.5,-25.0,19.893799
2006-11-24,31.5,-25.0,20.570587
2006-11-25,31.5,-25.0,18.023743
2006-11-26,31.5,-25.0,17.392273
2006-11-27,31.5,-25.0,15.203247
2006-11-28,31.5,-25.0,19.74646
2006-11-29,31.5,-25.0,17.856964
2006-11-30,31.5,-25.0,16.783508
2006-12-01,31.5,-25.0,19.286194
2006-12-02,31.5,-25.0,21.130402
2006-12-03,31.5,-25.0,21.158478
2006-12-04,31.5,-25.0,22.172638
2006-12-05,31.5,-25.0,19.19101
2006-12-06,31.5,-25.0,17.805542
2006-12-07,31.5,-25.0,17.1315
2006-12-08,31.5,-25.0,19.762085
2006-12-09,31.5,-25.0,21.239624
2006-12-10,31.5,-25.0,16.761719
2006-12-11,31.5,-25.0,16.327972
2006-12-12,31.5,-25.0,15.81778
2006-12-13,31.5,-25.0,14.861359
2006-12-14,31.5,-25.0,16.510529
2006-12-15,31.5,-25.0,18.387512
2006-12-16,31.5,-25.0,22.40979
2006-12-17,31.5,-25.0,22.472198
2006-12-18,31.5,-25.0,22.94809
2006-12-19,31.5,-25.0,22.550232
2006-12-20,31.5,-25.0,22.325531
2006-12-21,31.5,-25.0,22.380157
2006-12-22,31.5,-25.0,22.227264
2006-12-23,31.5,-25.0,23.205536
2006-12-24,31.5,-25.0,22.865387
2006-12-25,31.5,-25.0,21.660889
2006-12-26,31.5,-25.0,21.536072
2006-12-27,31.5,-25.0,23.95755
2006-12-28,31.5,-25.0,24.110474
2006-12-29,31.5,-25.0,23.555023
2006-12-30,31.5,-25.0,24.038696
2006-12-31,31.5,-25.0,19.205078
2007-01-01,31.5,-25.0,17.819702
2007-01-02,31.5,-25.0,18.219208
2007-01-03,31.5,-25.0,18.177643
2007-01-04,31.5,-25.0,16.229736
2007-01-05,31.5,-25.0,19.34259
2007-01-06,31.5,-25.0,18.16806
2007-01-07,31.5,-25.0,19.820374
2007-01-08,31.5,-25.0,19.555115
2007-01-09,31.5,-25.0,19.742065
2007-01-10,31.5,-25.0,19.945007
2007-01-11,31.5,-25.0,20.020111
2007-01-12,31.5,-25.0,21.157867
2007-01-13,31.5,-25.0,20.194305
2007-01-14,31.5,-25.0,21.301697
2007-01-15,31.5,-25.0,21.517426
2007-01-16,31.5,-25.0,24.098145
2007-01-17,31.5,-25.0,22.72229
2007-01-18,31.5,-25.0,22.233307
2007-01-19,31.5,-25.0,22.199738
2007-01-20,31.5,-25.0,20.812714
2007-01-21,31.5,-25.0,19.599854
2007-01-22,31.5,-25.0,17.282806
2007-01-23,31.5,-25.0,20.291779
2007-01-24,31.5,-25.0,21.483856
2007-01-25,31.5,-25.0,21.550964
2007-01-26,31.5,-25.0,19.935425
2007-01-27,31.5,-25.0,21.001282
2007-01-28,31.5,-25.0,22.12146
2007-01-29,31.5,-25.0,20.481934
2007-01-30,31.5,-25.0,22.238098
2007-01-31,31.5,-25.0,21.859375
2007-02-01,31.5,-25.0,19.72342
2007-02-02,31.5,-25.0,22.88742
2007-02-03,31.5,-25.0,22.801239
2007-02-04,31.5,-25.0,21.858124
2007-02-05,31.5,-25.0,23.37082
2007-02-06,31.5,-25.0,22.895874
2007-02-07,31.5,-25.0,22.300934
2007-02-08,31.5,-25.0,21.98825
2007-02-09,31.5,-25.0,21.629944
2007-02-10,31.5,-25.0,22.402344
2007-02-11,31.5,-25.0,20.40625
2007-02-12,31.5,-25.0,19.436096
2007-02-13,31.5,-25.0,20.07837
2007-02-14,31.5,-25.0,20.358917
2007-02-15,31.5,-25.0,20.276093
2007-02-16,31.5,-25.0,18.732971
2007-02-17,31.5,-25.0,21.273315
2007-02-18,31.5,-25.0,20.274414
2007-02-19,31.5,-25.0,20.031036
2007-02-20,31.5,-25.0,20.396118
2007-02-21,31.5,-25.0,18.825928
2007-02-22,31.5,-25.0,21.682343
2007-02-23,31.5,-25.0,23.61084
2007-02-24,31.5,-25.0,23.125763
2007-02-25,31.5,-25.0,22.513916
2007-02-26,31.5,-25.0,22.186005
2007-02-27,31.5,-25.0,21.246277
2007-02-28,31.5,-25.0,19.902588
2007-03-01,31.5,-25.0,20.04013
2007-03-02,31.5,-25.0,20.480774
2007-03-03,31.5,-25.0,19.981598
2007-03-04,31.5,-25.0,20.258728
2007-03-05,31.5,-25.0,21.081543
2007-03-06,31.5,-25.0,21.565247
2007-03-07,31.5,-25.0,21.231293
2007-03-08,31.5,-25.0,19.25
2007-03-09,31.5,-25.0,18.408264
2007-03-10,31.5,-25.0,18.895416
2007-03-11,31.5,-25.0,15.394165
2007-03-12,31.5,-25.0,19.084747
2007-03-13,31.5,-25.0,20.677032
2007-03-14,31.5,-25.0,21.437866
2007-03-15,31.5,-25.0,19.89035
2007-03-16,31.5,-25.0,21.523926
2007-03-17,31.5,-25.0,22.30542
2007-03-18,31.5,-25.0,16.564697
2007-03-19,31.5,-25.0,16.55951
2007-03-20,31.5,-25.0,15.986298
2007-03-21,31.5,-25.0,19.16394
2007-03-22,31.5,-25.0,20.479065
2007-03-23,31.5,-25.0,25.266174
2007-03-24,31.5,-25.0,21.699524
2007-03-25,31.5,-25.0,22.765045
2007-03-26,31.5,-25.0,20.31726
2007-03-27,31.5,-25.0,21.360413
2007-03-28,31.5,-25.0,20.792358
2007-03-29,31.5,-25.0,20.463562
2007-03-30,31.5,-25.0,18.318756
2007-03-31,31.5,-25.0,18.20169
2007-04-01,31.5,-25.0,18.57611
2007-04-02,31.5,-25.0,17.666107
2007-04-03,31.5,-25.0,18.787079
2007-04-04,31.5,-25.0,19.01056
2007-04-05,31.5,-25.0,17.360382
2007-04-06,31.5,-25.0,17.192322
2007-04-07,31.5,-25.0,19.614838
2007-04-08,31.5,-25.0,18.027252
2007-04-09,31.5,-25.0,17.51773
2007-04-10,31.5,-25.0,16.471832
2007-04-11,31.5,-25.0,16.051697
2007-04-12,31.5,-25.0,16.613068
2007-04-13,31.5,-25.0,17.197693
2007-04-14,31.5,-25.0,17.68219
2007-04-15,31.5,-25.0,15.606537
2007-04-16,31.5,-25.0,20.211975
2007-04-17,31.5,-25.0,17.625
2007-04-18,31.5,-25.0,20.578491
2007-04-19,31.5,-25.0,20.009949
2007-04-20,31.5,-25.0,17.771606
2007-04-21,31.5,-25.0,16.051697
2007-04-22,31.5,-25.0,16.632751
2007-04-23,31.5,-25.0,17.671478
2007-04-24,31.5,-25.0,16.604126
2007-04-25,31.5,-25.0,14.698303
2007-04-26,31.5,-25.0,15.712006
2007-04-27,31.5,-25.0,20.12439
2007-04-28,31.5,-25.0,14.212006
2007-04-29,31.5,-25.0,10.561279
2007-04-30,31.5,-25.0,9.071991
2007-05-01,31.5,-25.0,11.836029
2007-05-02,31.5,-25.0,13.264893
2007-05-03,31.5,-25.0,12.986237
2007-05-04,31.5,-25.0,15.407349
2007-05-05,31.5,-25.0,13.658966
2007-05-06,31.5,-25.0,12.167938
2007-05-07,31.5,-25.0,10.733734
2007-05-08,31.5,-25.0,11.053223
2007-05-09,31.5,-25.0,11.1633
2007-05-10,31.5,-25.0,12.691589
2007-05-11,31.5,-25.0,14.269562
2007-05-12,31.5,-25.0,11.756134
2007-05-13,31.5,-25.0,12.7838745
2007-05-14,31.5,-25.0,13.419342
2007-05-15,31.5,-25.0,16.175934
2007-05-16,31.5,-25.0,15.646973
2007-05-17,31.5,-25.0,14.090271
2007-05-18,31.5,-25.0,13.486786
2007-05-19,31.5,-25.0,13.967804
2007-05-20,31.5,-25.0,17.558655
2007-05-21,31.5,-25.0,13.106934
2007-05-22,31.5,-25.0,9.757477
2007-05-23,31.5,-25.0,6.6334534
2007-05-24,31.5,-25.0,6.5464783
2007-05-25,31.5,-25.0,6.2784424
2007-05-26,31.5,-25.0,8.594849
2007-05-27,31.5,-25.0,6.6707153
2007-05-28,31.5,-25.0,7.449951
2007-05-29,31.5,-25.0,8.772339
2007-05-30,31.5,-25.0,9.109589
2007-05-31,31.5,-25.0,9.839142
2007-06-01,31.5,-25.0,11.588165
2007-06-02,31.5,-25.0,15.659729
2007-06-03,31.5,-25.0,14.77832
2007-06-04,31.5,-25.0,13.971252
2007-06-05,31.5,-25.0,10.973358
2007-06-06,31.5,-25.0,12.487732
2007-06-07,31.5,-25.0,9.225037
2007-06-08,31.5,-25.0,9.205078
2007-06-09,31.5,-25.0,8.978394
2007-06-10,31.5,-25.0,8.162262
2007-06-11,31.5,-25.0,7.9174194
2007-06-12,31.5,-25.0,11.571838
2007-06-13,31.5,-25.0,11.174683
2007-06-14,31.5,-25.0,16.036957
2007-06-15,31.5,-25.0,13.017303
2007-06-16,31.5,-25.0,11.892853
2007-06-17,31.5,-25.0,9.35199
2007-06-18,31.5,-25.0,8.214844
2007-06-19,31.5,-25.0,14.366638
2007-06-20,31.5,-25.0,9.957733
2007-06-21,31.5,-25.0,9.861603
2007-06-22,31.5,-25.0,11.473907
2007-06-23,31.5,-25.0,8.160431
2007-06-24,31.5,-25.0,8.965698
2007-06-25,31.5,-25.0,8.686401
2007-06-26,31.5,-25.0,11.769531
2007-06-27,31.5,-25.0,10.955231
2007-06-28,31.5,-25.0,11.071289
2007-06-29,31.5,-25.0,10.053864
2007-06-30,31.5,-25.0,9.350189
2007-07-01,31.5,-25.0,9.299805
2007-07-02,31.5,-25.0,11.586029
2007-07-03,31.5,-25.0,10.358765
2007-07-04,31.5,-25.0,12.792511
2007-07-05,31.5,-25.0,10.782349
2007-07-06,31.5,-25.0,8.299469
2007-07-07,31.5,-25.0,8.365631
2007-07-08,31.5,-25.0,8.74762
2007-07-09,31.5,-25.0,9.086121
2007-07-10,31.5,-25.0,6.368744
2007-07-11,31.5,-25.0,8.571777
2007-07-12,31.5,-25.0,6.5181274
2007-07-13,31.5,-25.0,9.836853
2007-07-14,31.5,-25.0,7.5770874
2007-07-15,31.5,-25.0,6.697754
2007-07-16,31.5,-25.0,6.457611
2007-07-17,31.5,-25.0,7.0967712
2007-07-18,31.5,-25.0,11.4366455
2007-07-19,31.5,-25.0,8.494232
2007-07-20,31.5,-25.0,8.388336
2007-07-21,31.5,-25.0,9.165527
2007-07-22,31.5,-25.0,13.584839
2007-07-23,31.5,-25.0,11.0338745
2007-07-24,31.5,-25.0,12.955139
2007-07-25,31.5,-25.0,11.894287
2007-07-26,31.5,-25.0,14.749695
2007-07-27,31.5,-25.0,11.487701
2007-07-28,31.5,-25.0,11.147308
2007-07-29,31.5,-25.0,8.938629
2007-07-30,31.5,-25.0,10.027832
2007-07-31,31.5,-25.0,9.466217
2007-08-01,31.5,-25.0,10.808502
2007-08-02,31.5,-25.0,10.193085
2007-08-03,31.5,-25.0,10.526367
2007-08-04,31.5,-25.0,13.855438
2007-08-05,31.5,-25.0,13.827026
2007-08-06,31.5,-25.0,12.74765
2007-08-07,31.5,-25.0,9.871155
2007-08-08,31.5,-25.0,10.903198
2007-08-09,31.5,-25.0,7.1461487
2007-08-10,31.5,-25.0,6.752289
2007-08-11,31.5,-25.0,10.681641
2007-08-12,31.5,-25.0,11.147491
2007-08-13,31.5,-25.0,14.809845
2007-08-14,31.5,-25.0,14.421631
2007-08-15,31.5,-25.0,15.576782
2007-08-16,31.5,-25.0,11.268677
2007-08-17,31.5,-25.0,10.965698
2007-08-18,31.5,-25.0,9.320099
2007-08-19,31.5,-25.0,10.577484
2007-08-20,31.5,-25.0,10.062408
2007-08-21,31.5,-25.0,10.997894
2007-08-22,31.5,-25.0,13.421783
2007-08-23,31.5,-25.0,13.298706
2007-08-24,31.5,-25.0,14.328857
2007-08-25,31.5,-25.0,15.275696
2007-08-26,31.5,-25.0,13.914124
2007-08-27,31.5,-25.0,15.090118
2007-08-28,31.5,-25.0,13.107422
2007-08-29,31.5,-25.0,13.173706
2007-08-30,31.5,-25.0,13.713409
2007-08-31,31.5,-25.0,17.269714
2007-09-01,31.5,-25.0,17.74472
2007-09-02,31.5,-25.0,15.372955
2007-09-03,31.5,-25.0,18.541718
2007-09-04,31.5,-25.0,16.20279
2007-09-05,31.5,-25.0,17.385773
2007-09-06,31.5,-25.0,18.23294
2007-09-07,31.5,-25.0,16.378387
2007-09-08,31.5,-25.0,15.473297
2007-09-09,31.5,-25.0,17.090485
2007-09-10,31.5,-25.0,17.387695
2007-09-11,31.5,-25.0,20.40979
2007-09-12,31.5,-25.0,18.611206
2007-09-13,31.5,-25.0,19.039612
2007-09-14,31.5,-25.0,17.611542
2007-09-15,31.5,-25.0,16.289612
2007-09-16,31.5,-25.0,17.679077
2007-09-17,31.5,-25.0,16.28769
2007-09-18,31.5,-25.0,14.651184
2007-09-19,31.5,-25.0,13.458557
2007-09-20,31.5,-25.0,12.970306
2007-09-21,31.5,-25.0,13.639954
2007-09-22,31.5,-25.0,18.902588
2007-09-23,31.5,-25.0,16.936096
2007-09-24,31.5,-25.0,17.217865
2007-09-25,31.5,-25.0,15.702942
2007-09-26,31.5,-25.0,15.824524
2007-09-27,31.5,-25.0,14.8654175
2007-09-28,31.5,-25.0,16.57138
2007-09-29,31.5,-25.0,15.5408325
2007-09-30,31.5,-25.0,17.798737
2007-10-01,31.5,-25.0,18.030334
2007-10-02,31.5,-25.0,18.384338
2007-10-03,31.5,-25.0,18.838715
2007-10-04,31.5,-25.0,17.566864
2007-10-05,31.5,-25.0,18.114288
2007-10-06,31.5,-25.0,18.729248
2007-10-07,31.5,-25.0,18.114288
2007-10-08,31.5,-25.0,17.183655
2007-10-09,31.5,-25.0,17.172699
2007-10-10,31.5,-25.0,16.52124
2007-10-11,31.5,-25.0,15.293182
2007-10-12,31.5,-25.0,13.552338
2007-10-13,31.5,-25.0,15.389893
2007-10-14,31.5,-25.0,17.736542
2007-10-15,31.5,-25.0,17.836914
2007-10-16,31.5,-25.0,19.355133
2007-10-17,31.5,-25.0,19.201843
2007-10-18,31.5,-25.0,18.429962
2007-10-19,31.5,-25.0,16.420898
2007-10-20,31.5,-25.0,14.61618
2007-10-21,31.5,-25.0,11.603455
2007-10-22,31.5,-25.0,13.6910095
2007-10-23,31.5,-25.0,15.924561
2007-10-24,31.5,-25.0,18.504791
2007-10-25,31.5,-25.0,15.698273
2007-10-26,31.5,-25.0,15.674561
2007-10-27,31.5,-25.0,14.955597
2007-10-28,31.5,-25.0,14.8333435
2007-10-29,31.5,-25.0,18.38617
2007-10-30,31.5,-25.0,17.643494
2007-10-31,31.5,-25.0,18.700043
2007-11-01,31.5,-25.0,18.787323
2007-11-02,31.5,-25.0,18.1297
2007-11-03,31.5,-25.0,19.277039
2007-11-04,31.5,-25.0,19.536652
2007-11-05,31.5,-25.0,21.392914
2007-11-06,31.5,-25.0,16.49887
2007-11-07,31.5,-25.0,16.36206
2007-11-08,31.5,-25.0,18.648956
2007-11-09,31.5,-25.0,17.302612
2007-11-10,31.5,-25.0,15.533447
2007-11-11,31.5,-25.0,16.955933
2007-11-12,31.5,-25.0,16.31076
2007-11-13,31.5,-25.0,17.812561
2007-11-14,31.5,-25.0,20.147644
2007-11-15,31.5,-25.0,20.841003
2007-11-16,31.5,-25.0,20.38861
2007-11-17,31.5,-25.0,18.838623
2007-11-18,31.5,-25.0,17.585571
2007-11-19,31.5,-25.0,17.422333
2007-11-20,31.5,-25.0,21.305847
2007-11-21,31.5,-25.0,21.389801
2007-11-22,31.5,-25.0,23.93631
2007-11-23,31.5,-25.0,22.33191
2007-11-24,31.5,-25.0,19.780731
2007-11-25,31.5,-25.0,17.820312
2007-11-26,31.5,-25.0,16.955933
2007-11-27,31.5,-25.0,17.018127
2007-11-28,31.5,-25.0,16.17395
2007-11-29,31.5,-25.0,16.840881
2007-11-30,31.5,-25.0,16.756958
2007-12-01,31.5,-25.0,20.129944
2007-12-02,31.5,-25.0,20.174255
2007-12-03,31.5,-25.0,21.019318
2007-12-04,31.5,-25.0,19.168732
2007-12-05,31.5,-25.0,18.699585
2007-12-06,31.5,-25.0,19.404083
2007-12-07,31.5,-25.0,18.766815
2007-12-08,31.5,-25.0,17.906494
2007-12-09,31.5,-25.0,17.759766
2007-12-10,31.5,-25.0,17.250916
2007-12-11,31.5,-25.0,21.187439
2007-12-12,31.5,-25.0,21.425812
2007-12-13,31.5,-25.0,20.65564
2007-12-14,31.5,-25.0,20.55478
2007-12-15,31.5,-25.0,21.38913
2007-12-16,31.5,-25.0,22.168488
2007-12-17,31.5,-25.0,17.930939
2007-12-18,31.5,-25.0,16.86734
2007-12-19,31.5,-25.0,15.738037
2007-12-20,31.5,-25.0,15.389618
2007-12-21,31.5,-25.0,16.168976
2007-12-22,31.5,-25.0,15.878632
2007-12-23,31.5,-25.0,18.154053
2007-12-24,31.5,-25.0,16.969727
2007-12-25,31.5,-25.0,18.49939
2007-12-26,31.5,-25.0,19.475891
2007-12-27,31.5,-25.0,20.460022
2007-12-28,31.5,-25.0,20.226227
2007-12-29,31.5,-25.0,18.354218
2007-12-30,31.5,-25.0,17.91565
2007-12-31,31.5,-25.0,16.78482
2008-01-01,31.5,-25.0,18.282867
2008-01-02,31.5,-25.0,20.19107
2008-01-03,31.5,-25.0,22.009521
2008-01-04,31.5,-25.0,21.79895
2008-01-05,31.5,-25.0,21.046417
2008-01-06,31.5,-25.0,21.480621
2008-01-07,31.5,-25.0,22.48941
2008-01-08,31.5,-25.0,19.265533
2008-01-09,31.5,-25.0,16.86435
2008-01-10,31.5,-25.0,16.748444
2008-01-11,31.5,-25.0,16.640717
2008-01-12,31.5,-25.0,18.269806
2008-01-13,31.5,-25.0,21.007263
2008-01-14,31.5,-25.0,21.194977
2008-01-15,31.5,-25.0,22.001343
2008-01-16,31.5,-25.0,22.797943
2008-01-17,31.5,-25.0,20.839111
2008-01-18,31.5,-25.0,19.967438
2008-01-19,31.5,-25.0,19.696472
2008-01-20,31.5,-25.0,18.336731
2008-01-21,31.5,-25.0,19.784607
2008-01-22,31.5,-25.0,21.09375
2008-01-23,31.5,-25.0,20.881561
2008-01-24,31.5,-25.0,20.285736
2008-01-25,31.5,-25.0,20.742798
2008-01-26,31.5,-25.0,19.796051
2008-01-27,31.5,-25.0,19.07782
2008-01-28,31.5,-25.0,18.769287
2008-01-29,31.5,-25.0,19.893982
2008-01-30,31.5,-25.0,21.010498
2008-01-31,31.5,-25.0,20.770569
2008-02-01,31.5,-25.0,20.79007
2008-02-02,31.5,-25.0,21.21576
2008-02-03,31.5,-25.0,19.085785
2008-02-04,31.5,-25.0,22.813232
2008-02-05,31.5,-25.0,21.158356
2008-02-06,31.5,-25.0,19.573639
2008-02-07,31.5,-25.0,20.888916
2008-02-08,31.5,-25.0,21.27951
2008-02-09,31.5,-25.0,19.951477
2008-02-10,31.5,-25.0,18.613861
2008-02-11,31.5,-25.0,19.415802
2008-02-12,31.5,-25.0,20.042358
2008-02-13,31.5,-25.0,20.217712
2008-02-14,31.5,-25.0,18.907227
2008-02-15,31.5,-25.0,19.431732
2008-02-16,31.5,-25.0,21.040375
2008-02-17,31.5,-25.0,20.710358
2008-02-18,31.5,-25.0,20.281494
2008-02-19,31.5,-25.0,20.809204
2008-02-20,31.5,-25.0,21.639832
2008-02-21,31.5,-25.0,20.928772
2008-02-22,31.5,-25.0,20.911255
2008-02-23,31.5,-25.0,21.163147
2008-02-24,31.5,-25.0,21.053131
2008-02-25,31.5,-25.0,22.26001
2008-02-26,31.5,-25.0,21.67331
2008-02-27,31.5,-25.0,20.845886
2008-02-28,31.5,-25.0,22.999756
2008-02-29,31.5,-25.0,22.634674
2008-03-01,31.5,-25.0,22.50711
2008-03-02,31.5,-25.0,21.775177
2008-03-03,31.5,-25.0,22.53064
2008-03-04,31.5,-25.0,21.778534
2008-03-05,31.5,-25.0,21.25476
2008-03-06,31.5,-25.0,21.35382
2008-03-07,31.5,-25.0,20.803162
2008-03-08,31.5,-25.0,20.912292
2008-03-09,31.5,-25.0,21.2128
2008-03-10,31.5,-25.0,20.04773
2008-03-11,31.5,-25.0,22.43158
2008-03-12,31.5,-25.0,22.747192
2008-03-13,31.5,-25.0,21.854095
2008-03-14,31.5,-25.0,20.858582
2008-03-15,31.5,-25.0,20.202179
2008-03-16,31.5,-25.0,16.210083
2008-03-17,31.5,-25.0,16.08081
2008-03-18,31.5,-25.0,18.137299
2008-03-19,31.5,-25.0,18.567047
2008-03-20,31.5,-25.0,18.3891
2008-03-21,31.5,-25.0,20.24582
2008-03-22,31.5,-25.0,19.440002
2008-03-23,31.5,-25.0,18.770203
2008-03-24,31.5,-25.0,17.297913
2008-03-25,31.5,-25.0,16.032104
2008-03-26,31.5,-25.0,20.33313
2008-03-27,31.5,-25.0,19.408112
2008-03-28,31.5,-25.0,18.513336
2008-03-29,31.5,-25.0,18.202759
2008-03-30,31.5,-25.0,21.049957
2008-03-31,31.5,-25.0,20.198822
2008-04-01,31.5,-25.0,19.547882
2008-04-02,31.5,-25.0,18.296967
2008-04-03,31.5,-25.0,15.015015
2008-04-04,31.5,-25.0,13.294983
2008-04-05,31.5,-25.0,16.745575
2008-04-06,31.5,-25.0,20.489594
2008-04-07,31.5,-25.0,18.17923
2008-04-08,31.5,-25.0,19.424896
2008-04-09,31.5,-25.0,17.903412
2008-04-10,31.5,-25.0,16.86856
2008-04-11,31.5,-25.0,16.415283
2008-04-12,31.5,-25.0,17.281464
2008-04-13,31.5,-25.0,18.09491
2008-04-14,31.5,-25.0,17.256866
2008-04-15,31.5,-25.0,14.164673
2008-04-16,31.5,-25.0,14.519562
2008-04-17,31.5,-25.0,17.581879
2008-04-18,31.5,-25.0,17.430786
2008-04-19,31.5,-25.0,19.029602
2008-04-20,31.5,-25.0,17.762848
2008-04-21,31.5,-25.0,13.14917
2008-04-22,31.5,-25.0,11.7717285
2008-04-23,31.5,-25.0,10.427704
2008-04-24,31.5,-25.0,11.181427
2008-04-25,31.5,-25.0,11.126953
2008-04-26,31.5,-25.0,13.737732
2008-04-27,31.5,-25.0,14.393066
2008-04-28,31.5,-25.0,15.190704
2008-04-29,31.5,-25.0,17.170776
2008-04-30,31.5,-25.0,16.137695
2008-05-01,31.5,-25.0,14.046722
2008-05-02,31.5,-25.0,16.099426
2008-05-03,31.5,-25.0,14.325012
2008-05-04,31.5,-25.0,15.1102295
2008-05-05,31.5,-25.0,14.6032715
2008-05-06,31.5,-25.0,14.588013
2008-05-07,31.5,-25.0,13.951447
2008-05-08,31.5,-25.0,16.760773
2008-05-09,31.5,-25.0,13.770386
2008-05-10,31.5,-25.0,15.213165
2008-05-11,31.5,-25.0,17.380188
2008-05-12,31.5,-25.0,17.11145
2008-05-13,31.5,-25.0,14.649017
2008-05-14,31.5,-25.0,17.294434
2008-05-15,31.5,-25.0,17.233429
2008-05-16,31.5,-25.0,15.123596
2008-05-17,31.5,-25.0,14.70047
2008-05-18,31.5,-25.0,17.641327
2008-05-19,31.5,-25.0,15.924072
2008-05-20,31.5,-25.0,14.649017
2008-05-21,31.5,-25.0,13.021362
2008-05-22,31.5,-25.0,13.635071
2008-05-23,31.5,-25.0,12.045502
2008-05-24,31.5,-25.0,13.859955
2008-05-25,31.5,-25.0,14.685211
2008-05-26,31.5,-25.0,15.150269
2008-05-27,31.5,-25.0,14.050537
2008-05-28,31.5,-25.0,11.788208
2008-05-29,31.5,-25.0,13.412048
2008-05-30,31.5,-25.0,11.065857
2008-05-31,31.5,-25.0,13.01181
2008-06-01,31.5,-25.0,15.833374
2008-06-02,31.5,-25.0,16.028442
2008-06-03,31.5,-25.0,12.472473
2008-06-04,31.5,-25.0,13.633087
2008-06-05,31.5,-25.0,10.463348
2008-06-06,31.5,-25.0,8.524414
2008-06-07,31.5,-25.0,8.916504
2008-06-08,31.5,-25.0,13.627228
2008-06-09,31.5,-25.0,13.291718
2008-06-10,31.5,-25.0,10.250702
2008-06-11,31.5,-25.0,9.170074
2008-06-12,31.5,-25.0,8.850159
2008-06-13,31.5,-25.0,9.782562
2008-06-14,31.5,-25.0,9.909363
2008-06-15,31.5,-25.0,9.737701
2008-06-16,31.5,-25.0,11.3177185
2008-06-17,31.5,-25.0,11.411346
2008-06-18,31.5,-25.0,14.544037
2008-06-19,31.5,-25.0,15.162384
2008-06-20,31.5,-25.0,14.914642
2008-06-21,31.5,-25.0,11.694183
2008-06-22,31.5,-25.0,12.49588
2008-06-23,31.5,-25.0,16.272278
2008-06-24,31.5,-25.0,14.505005
2008-06-25,31.5,-25.0,11.1519165
2008-06-26,31.5,-25.0,8.55954
2008-06-27,31.5,-25.0,7.978241
2008-06-28,31.5,-25.0,8.555634
2008-06-29,31.5,-25.0,11.4328
2008-06-30,31.5,-25.0,12.183777
2008-07-01,31.5,-25.0,8.723999
2008-07-02,31.5,-25.0,10.70929
2008-07-03,31.5,-25.0,11.551147
2008-07-04,31.5,-25.0,10.331329
2008-07-05,31.5,-25.0,16.336853
2008-07-06,31.5,-25.0,10.319855
2008-07-07,31.5,-25.0,7.441162
2008-07-08,31.5,-25.0,11.171265
2008-07-09,31.5,-25.0,16.569763
2008-07-10,31.5,-25.0,15.756531
2008-07-11,31.5,-25.0,12.074188
2008-07-12,31.5,-25.0,9.460846
2008-07-13,31.5,-25.0,9.720459
2008-07-14,31.5,-25.0,6.383606
2008-07-15,31.5,-25.0,6.631775
2008-07-16,31.5,-25.0,7.2292786
2008-07-17,31.5,-25.0,15.082672
2008-07-18,31.5,-25.0,12.007385
2008-07-19,31.5,-25.0,9.210754
2008-07-20,31.5,-25.0,9.960968
2008-07-21,31.5,-25.0,10.323669
2008-07-22,31.5,-25.0,9.659363
2008-07-23,31.5,-25.0,13.553619
2008-07-24,31.5,-25.0,12.259338
2008-07-25,31.5,-25.0,11.00708
2008-07-26,31.5,-25.0,9.525757
2008-07-27,31.5,-25.0,10.636749
2008-07-28,31.5,-25.0,12.557159
2008-07-29,31.5,-25.0,12.770935
2008-07-30,31.5,-25.0,9.506653
2008-07-31,31.5,-25.0,11.064362
2008-08-01,31.5,-25.0,10.935394
2008-08-02,31.5,-25.0,15.371429
2008-08-03,31.5,-25.0,11.79303
2008-08-04,31.5,-25.0,12.437744
2008-08-05,31.5,-25.0,10.464172
2008-08-06,31.5,-25.0,12.173553
2008-08-07,31.5,-25.0,10.937378
2008-08-08,31.5,-25.0,13.135681
2008-08-09,31.5,-25.0,10.706696
2008-08-10,31.5,-25.0,11.662903
2008-08-11,31.5,-25.0,9.135345
2008-08-12,31.5,-25.0,9.5336
2008-08-13,31.5,-25.0,12.228729
2008-08-14,31.5,-25.0,10.961029
2008-08-15,31.5,-25.0,10.162537
2008-08-16,31.5,-25.0,14.880524
2008-08-17,31.5,-25.0,14.803619
2008-08-18,31.5,-25.0,14.176666
2008-08-19,31.5,-25.0,13.707428
2008-08-20,31.5,-25.0,11.337585
2008-08-21,31.5,-25.0,13.667999
2008-08-22,31.5,-25.0,14.018921
2008-08-23,31.5,-25.0,13.61673
2008-08-24,31.5,-25.0,13.299316
2008-08-25,31.5,-25.0,13.06665
2008-08-26,31.5,-25.0,16.670715
2008-08-27,31.5,-25.0,16.81659
2008-08-28,31.5,-25.0,14.588715
2008-08-29,31.5,-25.0,16.546478
2008-08-30,31.5,-25.0,13.896698
2008-08-31,31.5,-25.0,17.449463
2008-09-01,31.5,-25.0,14.08316
2008-09-02,31.5,-25.0,10.741211
2008-09-03,31.5,-25.0,11.520996
2008-09-04,31.5,-25.0,14.853363
2008-09-05,31.5,-25.0,14.037079
2008-09-06,31.5,-25.0,14.00058
2008-09-07,31.5,-25.0,12.039581
2008-09-08,31.5,-25.0,14.524902
2008-09-09,31.5,-25.0,17.78238
2008-09-10,31.5,-25.0,19.134521
2008-09-11,31.5,-25.0,16.595398
2008-09-12,31.5,-25.0,15.331604
2008-09-13,31.5,-25.0,12.615784
2008-09-14,31.5,-25.0,10.695099
2008-09-15,31.5,-25.0,13.710541
2008-09-16,31.5,-25.0,14.78421
2008-09-17,31.5,-25.0,14.757324
2008-09-18,31.5,-25.0,12.732941
2008-09-19,31.5,-25.0,17.29837
2008-09-20,31.5,-25.0,12.106781
2008-09-21,31.5,-25.0,12.316132
2008-09-22,31.5,-25.0,8.401825
2008-09-23,31.5,-25.0,12.081818
2008-09-24,31.5,-25.0,17.532684
2008-09-25,31.5,-25.0,16.553131
2008-09-26,31.5,-25.0,18.241394
2008-09-27,31.5,-25.0,16.030731
2008-09-28,31.5,-25.0,15.36618
2008-09-29,31.5,-25.0,12.892334
2008-09-30,31.5,-25.0,16.871979
2008-10-01,31.5,-25.0,17.17035
2008-10-02,31.5,-25.0,17.499939
2008-10-03,31.5,-25.0,17.076935
2008-10-04,31.5,-25.0,15.890747
2008-10-05,31.5,-25.0,17.462921
2008-10-06,31.5,-25.0,16.569336
2008-10-07,31.5,-25.0,15.885468
2008-10-08,31.5,-25.0,17.133331
2008-10-09,31.5,-25.0,18.416473
2008-10-10,31.5,-25.0,15.035919
2008-10-11,31.5,-25.0,12.448486
2008-10-12,31.5,-25.0,14.077087
2008-10-13,31.5,-25.0,17.195038
2008-10-14,31.5,-25.0,19.2995
2008-10-15,31.5,-25.0,18.30365
2008-10-16,31.5,-25.0,18.96463
2008-10-17,31.5,-25.0,17.868317
2008-10-18,31.5,-25.0,17.81192
2008-10-19,31.5,-25.0,17.736115
2008-10-20,31.5,-25.0,18.241974
2008-10-21,31.5,-25.0,20.59497
2008-10-22,31.5,-25.0,17.81015
2008-10-23,31.5,-25.0,15.915405
2008-10-24,31.5,-25.0,14.901947
2008-10-25,31.5,-25.0,16.84253
2008-10-26,31.5,-25.0,15.83963
2008-10-27,31.5,-25.0,14.152893
2008-10-28,31.5,-25.0,18.765442
2008-10-29,31.5,-25.0,18.122131
2008-10-30,31.5,-25.0,19.882904
2008-10-31,31.5,-25.0,21.060272
2008-11-01,31.5,-25.0,18.968628
2008-11-02,31.5,-25.0,22.297241
2008-11-03,31.5,-25.0,18.395142
2008-11-04,31.5,-25.0,17.677917
2008-11-05,31.5,-25.0,17.911743
2008-11-06,31.5,-25.0,19.516815
2008-11-07,31.5,-25.0,17.330383
2008-11-08,31.5,-25.0,14.87854
2008-11-09,31.5,-25.0,14.437775
2008-11-10,31.5,-25.0,14.692108
2008-11-11,31.5,-25.0,19.469421
2008-11-12,31.5,-25.0,20.557892
2008-11-13,31.5,-25.0,20.49945
2008-11-14,31.5,-25.0,20.960754
2008-11-15,31.5,-25.0,19.523132
2008-11-16,31.5,-25.0,19.467834
2008-11-17,31.5,-25.0,19.268768
2008-11-18,31.5,-25.0,18.181885
2008-11-19,31.5,-25.0,17.779022
2008-11-20,31.5,-25.0,17.008087
2008-11-21,31.5,-25.0,17.448853
2008-11-22,31.5,-25.0,18.45993
2008-11-23,31.5,-25.0,18.848572
2008-11-24,31.5,-25.0,19.755371
2008-11-25,31.5,-25.0,19.532593
2008-11-26,31.5,-25.0,21.232452
2008-11-27,31.5,-25.0,20.730103
2008-11-28,31.5,-25.0,19.791687
2008-11-29,31.5,-25.0,21.023926
2008-11-30,31.5,-25.0,21.237213
2008-12-01,31.5,-25.0,20.117065
2008-12-02,31.5,-25.0,18.997925
2008-12-03,31.5,-25.0,20.856354
2008-12-04,31.5,-25.0,22.40268
2008-12-05,31.5,-25.0,21.969177
2008-12-06,31.5,-25.0,20.583649
2008-12-07,31.5,-25.0,19.741913
2008-12-08,31.5,-25.0,19.21701
2008-12-09,31.5,-25.0,18.167236
2008-12-10,31.5,-25.0,19.035767
2008-12-11,31.5,-25.0,20.645111
2008-12-12,31.5,-25.0,23.089905
2008-12-13,31.5,-25.0,21.737488
2008-12-14,31.5,-25.0,22.218231
2008-12-15,31.5,-25.0,19.045197
2008-12-16,31.5,-25.0,18.900208
2008-12-17,31.5,-25.0,19.391998
2008-12-18,31.5,-25.0,20.536346
2008-12-19,31.5,-25.0,19.724579
2008-12-20,31.5,-25.0,20.115509
2008-12-21,31.5,-25.0,22.924408
2008-12-22,31.5,-25.0,23.173462
2008-12-23,31.5,-25.0,24.270538
2008-12-24,31.5,-25.0,18.859222
2008-12-25,31.5,-25.0,17.442139
2008-12-26,31.5,-25.0,18.700012
2008-12-27,31.5,-25.0,20.31726
2008-12-28,31.5,-25.0,21.195251
2008-12-29,31.5,-25.0,21.674438
2008-12-30,31.5,-25.0,21.149536
2008-12-31,31.5,-25.0,21.300842
2009-01-01,31.5,-25.0,20.79602
2009-01-02,31.5,-25.0,19.997559
2009-01-03,31.5,-25.0,20.720062
2009-01-04,31.5,-25.0,21.025543
2009-01-05,31.5,-25.0,20.918854
2009-01-06,31.5,-25.0,19.045563
2009-01-07,31.5,-25.0,22.231323
2009-01-08,31.5,-25.0,22.392944
2009-01-09,31.5,-25.0,24.946716
2009-01-10,31.5,-25.0,22.667725
2009-01-11,31.5,-25.0,20.645721
2009-01-12,31.5,-25.0,22.199005
2009-01-13,31.5,-25.0,22.42044
2009-01-14,31.5,-25.0,21.963013
2009-01-15,31.5,-25.0,21.867645
2009-01-16,31.5,-25.0,22.23941
2009-01-17,31.5,-25.0,22.853607
2009-01-18,31.5,-25.0,22.61438
2009-01-19,31.5,-25.0,21.355286
2009-01-20,31.5,-25.0,20.054138
2009-01-21,31.5,-25.0,20.412964
2009-01-22,31.5,-25.0,22.161804
2009-01-23,31.5,-25.0,22.292725
2009-01-24,31.5,-25.0,21.507202
2009-01-25,31.5,-25.0,22.481842
2009-01-26,31.5,-25.0,22.63379
2009-01-27,31.5,-25.0,23.010376
2009-01-28,31.5,-25.0,21.591248
2009-01-29,31.5,-25.0,21.213043
2009-01-30,31.5,-25.0,21.83371
2009-01-31,31.5,-25.0,21.916138
2009-02-01,31.5,-25.0,22.124268
2009-02-02,31.5,-25.0,21.342224
2009-02-03,31.5,-25.0,23.120056
2009-02-04,31.5,-25.0,19.727448
2009-02-05,31.5,-25.0,19.311066
2009-02-06,31.5,-25.0,19.502625
2009-02-07,31.5,-25.0,17.775452
2009-02-08,31.5,-25.0,17.438232
2009-02-09,31.5,-25.0,18.511597
2009-02-10,31.5,-25.0,20.938507
2009-02-11,31.5,-25.0,18.994446
2009-02-12,31.5,-25.0,17.946411
2009-02-13,31.5,-25.0,18.896301
2009-02-14,31.5,-25.0,17.44931
2009-02-15,31.5,-25.0,19.385468
2009-02-16,31.5,-25.0,22.217682
2009-02-17,31.5,-25.0,22.060944
2009-02-18,31.5,-25.0,22.401337
2009-02-19,31.5,-25.0,22.634033
2009-02-20,31.5,-25.0,22.994995
2009-02-21,31.5,-25.0,22.252502
2009-02-22,31.5,-25.0,21.51477
2009-02-23,31.5,-25.0,20.810303
2009-02-24,31.5,-25.0,20.348022
2009-02-25,31.5,-25.0,20.523743
2009-02-26,31.5,-25.0,20.230865
2009-02-27,31.5,-25.0,22.36493
2009-02-28,31.5,-25.0,20.933777
2009-03-01,31.5,-25.0,20.081055
2009-03-02,31.5,-25.0,19.779205
2009-03-03,31.5,-25.0,18.846344
2009-03-04,31.5,-25.0,19.398895
2009-03-05,31.5,-25.0,20.144135
2009-03-06,31.5,-25.0,19.492676
2009-03-07,31.5,-25.0,18.7099
2009-03-08,31.5,-25.0,20.092987
2009-03-09,31.5,-25.0,21.409546
2009-03-10,31.5,-25.0,20.742737
2009-03-11,31.5,-25.0,19.325562
2009-03-12,31.5,-25.0,18.554718
2009-03-13,31.5,-25.0,20.035004
2009-03-14,31.5,-25.0,18.295502
2009-03-15,31.5,-25.0,19.543854
2009-03-16,31.5,-25.0,18.40805
2009-03-17,31.5,-25.0,18.261383
2009-03-18,31.5,-25.0,18.01242
2009-03-19,31.5,-25.0,17.0932
2009-03-20,31.5,-25.0,20.408478
2009-03-21,31.5,-25.0,18.066986
2009-03-22,31.5,-25.0,16.2388
2009-03-23,31.5,-25.0,14.634033
2009-03-24,31.5,-25.0,16.30362
2009-03-25,31.5,-25.0,16.450256
2009-03-26,31.5,-25.0,18.196594
2009-03-27,31.5,-25.0,16.30362
2009-03-28,31.5,-25.0,15.456024
2009-03-29,31.5,-25.0,20.449402
2009-03-30,31.5,-25.0,20.775146
2009-03-31,31.5,-25.0,19.891754
2009-04-01,31.5,-25.0,20.857391
2009-04-02,31.5,-25.0,19.047943
2009-04-03,31.5,-25.0,19.576141
2009-04-04,31.5,-25.0,16.914978
2009-04-05,31.5,-25.0,16.010254
2009-04-06,31.5,-25.0,15.697693
2009-04-07,31.5,-25.0,19.905151
2009-04-08,31.5,-25.0,17.525452
2009-04-09,31.5,-25.0,14.953827
2009-04-10,31.5,-25.0,15.928009
2009-04-11,31.5,-25.0,17.406647
2009-04-12,31.5,-25.0,15.92984
2009-04-13,31.5,-25.0,18.417358
2009-04-14,31.5,-25.0,17.938507
2009-04-15,31.5,-25.0,17.561981
2009-04-16,31.5,-25.0,14.760071
2009-04-17,31.5,-25.0,13.473358
2009-04-18,31.5,-25.0,13.074921
2009-04-19,31.5,-25.0,15.319366
2009-04-20,31.5,-25.0,15.98465
2009-04-21,31.5,-25.0,15.615448
2009-04-22,31.5,-25.0,13.930298
2009-04-23,31.5,-25.0,12.9104
2009-04-24,31.5,-25.0,12.1171875
2009-04-25,31.5,-25.0,15.100037
2009-04-26,31.5,-25.0,16.507385
2009-04-27,31.5,-25.0,14.92276
2009-04-28,31.5,-25.0,12.636261
2009-04-29,31.5,-25.0,13.230255
2009-04-30,31.5,-25.0,14.347015
2009-05-01,31.5,-25.0,16.329895
2009-05-02,31.5,-25.0,16.902435
2009-05-03,31.5,-25.0,17.64972
2009-05-04,31.5,-25.0,17.302124
2009-05-05,31.5,-25.0,17.233337
2009-05-06,31.5,-25.0,17.250061
2009-05-07,31.5,-25.0,18.480682
2009-05-08,31.5,-25.0,17.441528
2009-05-09,31.5,-25.0,14.405914
2009-05-10,31.5,-25.0,12.139893
2009-05-11,31.5,-25.0,12.766357
2009-05-12,31.5,-25.0,11.072876
2009-05-13,31.5,-25.0,10.922302
2009-05-14,31.5,-25.0,10.814484
2009-05-15,31.5,-25.0,11.316376
2009-05-16,31.5,-25.0,12.019043
2009-05-17,31.5,-25.0,14.614105
2009-05-18,31.5,-25.0,12.827698
2009-05-19,31.5,-25.0,11.628693
2009-05-20,31.5,-25.0,14.054565
2009-05-21,31.5,-25.0,13.831512
2009-05-22,31.5,-25.0,11.182526
2009-05-23,31.5,-25.0,11.255035
2009-05-24,31.5,-25.0,11.227142
2009-05-25,31.5,-25.0,13.513641
2009-05-26,31.5,-25.0,14.37616
2009-05-27,31.5,-25.0,12.071106
2009-05-28,31.5,-25.0,14.521179
2009-05-29,31.5,-25.0,11.861053
2009-05-30,31.5,-25.0,14.30368
2009-05-31,31.5,-25.0,13.970917
2009-06-01,31.5,-25.0,11.080963
2009-06-02,31.5,-25.0,10.45108
2009-06-03,31.5,-25.0,11.837219
2009-06-04,31.5,-25.0,11.491608
2009-06-05,31.5,-25.0,12.370483
2009-06-06,31.5,-25.0,11.380127
2009-06-07,31.5,-25.0,16.352417
2009-06-08,31.5,-25.0,15.95105
2009-06-09,31.5,-25.0,15.462372
2009-06-10,31.5,-25.0,15.401062
2009-06-11,31.5,-25.0,13.476074
2009-06-12,31.5,-25.0,11.573364
2009-06-13,31.5,-25.0,11.7146
2009-06-14,31.5,-25.0,11.283508
2009-06-15,31.5,-25.0,13.057983
2009-06-16,31.5,-25.0,15.432648
2009-06-17,31.5,-25.0,14.007477
2009-06-18,31.5,-25.0,16.419312
2009-06-19,31.5,-25.0,15.694641
2009-06-20,31.5,-25.0,13.381317
2009-06-21,31.5,-25.0,12.613922
2009-06-22,31.5,-25.0,12.448547
2009-06-23,31.5,-25.0,13.009674
2009-06-24,31.5,-25.0,9.046356
2009-06-25,31.5,-25.0,10.993652
2009-06-26,31.5,-25.0,8.332825
2009-06-27,31.5,-25.0,5.759369
2009-06-28,31.5,-25.0,6.9968567
2009-06-29,31.5,-25.0,8.542816
2009-06-30,31.5,-25.0,6.827759
2009-07-01,31.5,-25.0,8.643005
2009-07-02,31.5,-25.0,7.0548096
2009-07-03,31.5,-25.0,6.882416
2009-07-04,31.5,-25.0,10.190857
2009-07-05,31.5,-25.0,13.178345
2009-07-06,31.5,-25.0,10.803375
2009-07-07,31.5,-25.0,10.520966
2009-07-08,31.5,-25.0,11.351746
2009-07-09,31.5,-25.0,9.143677
2009-07-10,31.5,-25.0,7.256531
2009-07-11,31.5,-25.0,8.94928
2009-07-12,31.5,-25.0,11.571808
2009-07-13,31.5,-25.0,11.856079
2009-07-14,31.5,-25.0,13.037109
2009-07-15,31.5,-25.0,14.878387
2009-07-16,31.5,-25.0,10.337555
2009-07-17,31.5,-25.0,7.8158875
2009-07-18,31.5,-25.0,8.853912
2009-07-19,31.5,-25.0,5.347412
2009-07-20,31.5,-25.0,8.439423
2009-07-21,31.5,-25.0,6.0773315
2009-07-22,31.5,-25.0,6.4862976
2009-07-23,31.5,-25.0,10.067963
2009-07-24,31.5,-25.0,8.608154
2009-07-25,31.5,-25.0,6.9979553
2009-07-26,31.5,-25.0,5.468445
2009-07-27,31.5,-25.0,7.2785645
2009-07-28,31.5,-25.0,9.923096
2009-07-29,31.5,-25.0,8.05246
2009-07-30,31.5,-25.0,8.507294
2009-07-31,31.5,-25.0,9.987274
2009-08-01,31.5,-25.0,9.698486
2009-08-02,31.5,-25.0,12.871338
2009-08-03,31.5,-25.0,11.954071
2009-08-04,31.5,-25.0,9.23114
2009-08-05,31.5,-25.0,11.119812
2009-08-06,31.5,-25.0,11.874878
2009-08-07,31.5,-25.0,14.993683
2009-08-08,31.5,-25.0,13.877472
2009-08-09,31.5,-25.0,11.994598
2009-08-10,31.5,-25.0,11.728119
2009-08-11,31.5,-25.0,10.951782
2009-08-12,31.5,-25.0,10.9131775
2009-08-13,31.5,-25.0,14.238586
2009-08-14,31.5,-25.0,13.763519
2009-08-15,31.5,-25.0,12.857819
2009-08-16,31.5,-25.0,12.241791
2009-08-17,31.5,-25.0,13.330963
2009-08-18,31.5,-25.0,12.618378
2009-08-19,31.5,-25.0,10.217957
2009-08-20,31.5,-25.0,10.579102
2009-08-21,31.5,-25.0,8.035767
2009-08-22,31.5,-25.0,9.851044
2009-08-23,31.5,-25.0,9.453247
2009-08-24,31.5,-25.0,14.736816
2009-08-25,31.5,-25.0,13.201569
2009-08-26,31.5,-25.0,10.573303
2009-08-27,31.5,-25.0,11.747437
2009-08-28,31.5,-25.0,12.579742
2009-08-29,31.5,-25.0,9.393372
2009-08-30,31.5,-25.0,11.664398
2009-08-31,31.5,-25.0,14.406616
2009-09-01,31.5,-25.0,14.732086
2009-09-02,31.5,-25.0,16.795532
2009-09-03,31.5,-25.0,16.962006
2009-09-04,31.5,-25.0,15.209534
2009-09-05,31.5,-25.0,13.793671
2009-09-06,31.5,-25.0,15.7821045
2009-09-07,31.5,-25.0,14.968079
2009-09-08,31.5,-25.0,18.002869
2009-09-09,31.5,-25.0,16.963837
2009-09-10,31.5,-25.0,15.80954
2009-09-11,31.5,-25.0,15.811371
2009-09-12,31.5,-25.0,13.914398
2009-09-13,31.5,-25.0,13.224762
2009-09-14,31.5,-25.0,17.763214
2009-09-15,31.5,-25.0,17.883972
2009-09-16,31.5,-25.0,15.66687
2009-09-17,31.5,-25.0,17.197968
2009-09-18,31.5,-25.0,16.47174
2009-09-19,31.5,-25.0,15.315643
2009-09-20,31.5,-25.0,15.218689
2009-09-21,31.5,-25.0,14.8107605
2009-09-22,31.5,-25.0,17.053467
2009-09-23,31.5,-25.0,16.733337
2009-09-24,31.5,-25.0,15.663208
2009-09-25,31.5,-25.0,19.071167
2009-09-26,31.5,-25.0,17.940674
2009-09-27,31.5,-25.0,19.222992
2009-09-28,31.5,-25.0,16.030884
2009-09-29,31.5,-25.0,15.397949
2009-09-30,31.5,-25.0,15.633942
2009-10-01,31.5,-25.0,14.60202
2009-10-02,31.5,-25.0,17.853546
2009-10-03,31.5,-25.0,17.761932
2009-10-04,31.5,-25.0,16.270905
2009-10-05,31.5,-25.0,15.329559
2009-10-06,31.5,-25.0,17.60205
2009-10-07,31.5,-25.0,17.814026
2009-10-08,31.5,-25.0,19.3302
2009-10-09,31.5,-25.0,18.029602
2009-10-10,31.5,-25.0,19.685883
2009-10-11,31.5,-25.0,19.218811
2009-10-12,31.5,-25.0,17.149353
2009-10-13,31.5,-25.0,19.283478
2009-10-14,31.5,-25.0,17.810425
2009-10-15,31.5,-25.0,16.770294
2009-10-16,31.5,-25.0,21.516449
2009-10-17,31.5,-25.0,20.681091
2009-10-18,31.5,-25.0,18.376312
2009-10-19,31.5,-25.0,17.327179
2009-10-20,31.5,-25.0,14.916382
2009-10-21,31.5,-25.0,14.727753
2009-10-22,31.5,-25.0,18.453552
2009-10-23,31.5,-25.0,18.236176
2009-10-24,31.5,-25.0,18.498444
2009-10-25,31.5,-25.0,21.33142
2009-10-26,31.5,-25.0,19.75055
2009-10-27,31.5,-25.0,19.130798
2009-10-28,31.5,-25.0,18.90982
2009-10-29,31.5,-25.0,16.698425
2009-10-30,31.5,-25.0,16.02658
2009-10-31,31.5,-25.0,16.40921
2009-11-01,31.5,-25.0,14.634857
2009-11-02,31.5,-25.0,15.7247925
2009-11-03,31.5,-25.0,16.735992
2009-11-04,31.5,-25.0,16.720245
2009-11-05,31.5,-25.0,16.020905
2009-11-06,31.5,-25.0,17.87793
2009-11-07,31.5,-25.0,19.733337
2009-11-08,31.5,-25.0,20.74768
2009-11-09,31.5,-25.0,20.881561
2009-11-10,31.5,-25.0,20.18695
2009-11-11,31.5,-25.0,19.744385
2009-11-12,31.5,-25.0,21.297394
2009-11-13,31.5,-25.0,23.672577
2009-11-14,31.5,-25.0,21.665955
2009-11-15,31.5,-25.0,17.865326
2009-11-16,31.5,-25.0,14.792358
2009-11-17,31.5,-25.0,14.49939
2009-11-18,31.5,-25.0,13.989075
2009-11-19,31.5,-25.0,15.387726
2009-11-20,31.5,-25.0,15.115265
2009-11-21,31.5,-25.0,15.041229
2009-11-22,31.5,-25.0,13.149567
2009-11-23,31.5,-25.0,17.614868
2009-11-24,31.5,-25.0,18.22757
2009-11-25,31.5,-25.0,16.534393
2009-11-26,31.5,-25.0,18.11734
2009-11-27,31.5,-25.0,19.761688
2009-11-28,31.5,-25.0,18.541016
2009-11-29,31.5,-25.0,19.656158
2009-11-30,31.5,-25.0,20.536621
2009-12-01,31.5,-25.0,18.953033
2009-12-02,31.5,-25.0,18.920197
2009-12-03,31.5,-25.0,19.471863
2009-12-04,31.5,-25.0,21.737915
2009-12-05,31.5,-25.0,20.089172
2009-12-06,31.5,-25.0,20.021973
2009-12-07,31.5,-25.0,18.324768
2009-12-08,31.5,-25.0,22.288025
2009-12-09,31.5,-25.0,21.74887
2009-12-10,31.5,-25.0,21.050293
2009-12-11,31.5,-25.0,19.850067
2009-12-12,31.5,-25.0,18.674835
2009-12-13,31.5,-25.0,17.67154
2009-12-14,31.5,-25.0,17.207367
2009-12-15,31.5,-25.0,15.649261
2009-12-16,31.5,-25.0,19.176514
2009-12-17,31.5,-25.0,17.124542
2009-12-18,31.5,-25.0,19.66098
2009-12-19,31.5,-25.0,22.180206
2009-12-20,31.5,-25.0,22.985046
2009-12-21,31.5,-25.0,22.422424
2009-12-22,31.5,-25.0,21.72229
2009-12-23,31.5,-25.0,20.464233
2009-12-24,31.5,-25.0,19.15149
2009-12-25,31.5,-25.0,23.052246
2009-12-26,31.5,-25.0,21.730103
2009-12-27,31.5,-25.0,21.712921
2009-12-28,31.5,-25.0,20.91745
2009-12-29,31.5,-25.0,21.898895
2009-12-30,31.5,-25.0,20.56427
2009-12-31,31.5,-25.0,18.465424
2010-01-01,31.5,-25.0,21.852814
2010-01-02,31.5,-25.0,23.236603
2010-01-03,31.5,-25.0,22.411499
2010-01-04,31.5,-25.0,20.139618
2010-01-05,31.5,-25.0,18.691254
2010-01-06,31.5,-25.0,17.706299
2010-01-07,31.5,-25.0,18.13095
2010-01-08,31.5,-25.0,19.973328
2010-01-09,31.5,-25.0,19.648773
2010-01-10,31.5,-25.0,18.197174
2010-01-11,31.5,-25.0,19.128845
2010-01-12,31.5,-25.0,20.38507
2010-01-13,31.5,-25.0,20.95343
2010-01-14,31.5,-25.0,21.486267
2010-01-15,31.5,-25.0,20.194519
2010-01-16,31.5,-25.0,22.900726
2010-01-17,31.5,-25.0,21.45398
2010-01-18,31.5,-25.0,20.758057
2010-01-19,31.5,-25.0,22.119232
2010-01-20,31.5,-25.0,23.595062
2010-01-21,31.5,-25.0,22.388885
2010-01-22,31.5,-25.0,21.82373
2010-01-23,31.5,-25.0,22.907196
2010-01-24,31.5,-25.0,23.990631
2010-01-25,31.5,-25.0,23.632172
2010-01-26,31.5,-25.0,23.712921
2010-01-27,31.5,-25.0,23.007294
2010-01-28,31.5,-25.0,21.68811
2010-01-29,31.5,-25.0,20.234894
2010-01-30,31.5,-25.0,19.351654
2010-01-31,31.5,-25.0,19.438843
2010-02-01,31.5,-25.0,20.64743
2010-02-02,31.5,-25.0,21.28772
2010-02-03,31.5,-25.0,20.583588
2010-02-04,31.5,-25.0,21.567749
2010-02-05,31.5,-25.0,21.880524
2010-02-06,31.5,-25.0,21.359772
2010-02-07,31.5,-25.0,20.870148
2010-02-08,31.5,-25.0,21.027344
2010-02-09,31.5,-25.0,19.284973
2010-02-10,31.5,-25.0,19.114685
2010-02-11,31.5,-25.0,19.41925
2010-02-12,31.5,-25.0,21.19931
2010-02-13,31.5,-25.0,25.24408
2010-02-14,31.5,-25.0,23.188934
2010-02-15,31.5,-25.0,21.462952
2010-02-16,31.5,-25.0,20.121765
2010-02-17,31.5,-25.0,20.452576
2010-02-18,31.5,-25.0,19.83847
2010-02-19,31.5,-25.0,21.6185
2010-02-20,31.5,-25.0,21.0159
2010-02-21,31.5,-25.0,20.134888
2010-02-22,31.5,-25.0,18.562805
2010-02-23,31.5,-25.0,21.607056
2010-02-24,31.5,-25.0,21.092865
2010-02-25,31.5,-25.0,20.246246
2010-02-26,31.5,-25.0,22.587952
2010-02-27,31.5,-25.0,21.785553
2010-02-28,31.5,-25.0,19.723846
2010-03-01,31.5,-25.0,17.913605
2010-03-02,31.5,-25.0,17.51239
2010-03-03,31.5,-25.0,21.244904
2010-03-04,31.5,-25.0,20.895142
2010-03-05,31.5,-25.0,21.06488
2010-03-06,31.5,-25.0,20.663696
2010-03-07,31.5,-25.0,19.660706
2010-03-08,31.5,-25.0,18.4794
2010-03-09,31.5,-25.0,20.226501
2010-03-10,31.5,-25.0,21.359802
2010-03-11,31.5,-25.0,21.688965
2010-03-12,31.5,-25.0,23.460083
2010-03-13,31.5,-25.0,23.844147
2010-03-14,31.5,-25.0,22.585663
2010-03-15,31.5,-25.0,21.356354
2010-03-16,31.5,-25.0,20.960297
2010-03-17,31.5,-25.0,21.30664
2010-03-18,31.5,-25.0,20.965454
2010-03-19,31.5,-25.0,19.993317
2010-03-20,31.5,-25.0,20.45282
2010-03-21,31.5,-25.0,21.23462
2010-03-22,31.5,-25.0,20.343079
2010-03-23,31.5,-25.0,19.468689
2010-03-24,31.5,-25.0,20.95517
2010-03-25,31.5,-25.0,22.184479
2010-03-26,31.5,-25.0,22.79657
2010-03-27,31.5,-25.0,24.204193
2010-03-28,31.5,-25.0,22.539368
2010-03-29,31.5,-25.0,22.29422
2010-03-30,31.5,-25.0,19.93332
2010-03-31,31.5,-25.0,21.632385
2010-04-01,31.5,-25.0,22.794708
2010-04-02,31.5,-25.0,20.525574
2010-04-03,31.5,-25.0,20.416199
2010-04-04,31.5,-25.0,20.657196
2010-04-05,31.5,-25.0,21.070618
2010-04-06,31.5,-25.0,20.599731
2010-04-07,31.5,-25.0,20.857422
2010-04-08,31.5,-25.0,21.637878
2010-04-09,31.5,-25.0,21.81958
2010-04-10,31.5,-25.0,18.957214
2010-04-11,31.5,-25.0,18.074768
2010-04-12,31.5,-25.0,18.569733
2010-04-13,31.5,-25.0,16.519379
2010-04-14,31.5,-25.0,13.458649
2010-04-15,31.5,-25.0,14.385559
2010-04-16,31.5,-25.0,17.268341
2010-04-17,31.5,-25.0,20.041718
2010-04-18,31.5,-25.0,19.010956
2010-04-19,31.5,-25.0,18.88675
2010-04-20,31.5,-25.0,18.109985
2010-04-21,31.5,-25.0,16.88272
2010-04-22,31.5,-25.0,15.0659485
2010-04-23,31.5,-25.0,16.204224
2010-04-24,31.5,-25.0,15.640625
2010-04-25,31.5,-25.0,15.062225
2010-04-26,31.5,-25.0,16.68991
2010-04-27,31.5,-25.0,15.902039
2010-04-28,31.5,-25.0,15.5442505
2010-04-29,31.5,-25.0,17.381409
2010-04-30,31.5,-25.0,17.184906
2010-05-01,31.5,-25.0,15.065735
2010-05-02,31.5,-25.0,17.530365
2010-05-03,31.5,-25.0,16.6781
2010-05-04,31.5,-25.0,16.837433
2010-05-05,31.5,-25.0,15.228882
2010-05-06,31.5,-25.0,15.392029
2010-05-07,31.5,-25.0,18.31546
2010-05-08,31.5,-25.0,18.51892
2010-05-09,31.5,-25.0,15.875763
2010-05-10,31.5,-25.0,17.898926
2010-05-11,31.5,-25.0,17.873962
2010-05-12,31.5,-25.0,18.392212
2010-05-13,31.5,-25.0,16.7453
2010-05-14,31.5,-25.0,14.163574
2010-05-15,31.5,-25.0,15.142517
2010-05-16,31.5,-25.0,18.584167
2010-05-17,31.5,-25.0,16.6474
2010-05-18,31.5,-25.0,14.553223
2010-05-19,31.5,-25.0,12.055939
2010-05-20,31.5,-25.0,16.837433
2010-05-21,31.5,-25.0,15.269196
2010-05-22,31.5,-25.0,13.74704
2010-05-23,31.5,-25.0,11.723877
2010-05-24,31.5,-25.0,10.963745
2010-05-25,31.5,-25.0,10.783325
2010-05-26,31.5,-25.0,10.917694
2010-05-27,31.5,-25.0,11.174896
2010-05-28,31.5,-25.0,11.812164
2010-05-29,31.5,-25.0,15.3862915
2010-05-30,31.5,-25.0,13.898682
2010-05-31,31.5,-25.0,14.223053
2010-06-01,31.5,-25.0,11.249634
2010-06-02,31.5,-25.0,8.982544
2010-06-03,31.5,-25.0,8.756622
2010-06-04,31.5,-25.0,9.329224
2010-06-05,31.5,-25.0,11.263275
2010-06-06,31.5,-25.0,9.69928
2010-06-07,31.5,-25.0,10.100494
2010-06-08,31.5,-25.0,13.175873
2010-06-09,31.5,-25.0,12.044281
2010-06-10,31.5,-25.0,16.190887
2010-06-11,31.5,-25.0,13.080444
2010-06-12,31.5,-25.0,10.988647
2010-06-13,31.5,-25.0,10.655609
2010-06-14,31.5,-25.0,14.106873
2010-06-15,31.5,-25.0,12.311127
2010-06-16,31.5,-25.0,7.5860596
2010-06-17,31.5,-25.0,7.562683
2010-06-18,31.5,-25.0,8.834534
2010-06-19,31.5,-25.0,7.3348083
2010-06-20,31.5,-25.0,6.318115
2010-06-21,31.5,-25.0,6.4622498
2010-06-22,31.5,-25.0,7.2218323
2010-06-23,31.5,-25.0,7.1517334
2010-06-24,31.5,-25.0,11.666443
2010-06-25,31.5,-25.0,8.404083
2010-06-26,31.5,-25.0,8.38266
2010-06-27,31.5,-25.0,10.959442
2010-06-28,31.5,-25.0,12.893463
2010-06-29,31.5,-25.0,10.990601
2010-06-30,31.5,-25.0,10.597168
2010-07-01,31.5,-25.0,15.297852
2010-07-02,31.5,-25.0,12.8377075
2010-07-03,31.5,-25.0,10.626923
2010-07-04,31.5,-25.0,10.351837
2010-07-05,31.5,-25.0,12.835724
2010-07-06,31.5,-25.0,10.405273
2010-07-07,31.5,-25.0,10.284546
2010-07-08,31.5,-25.0,13.957947
2010-07-09,31.5,-25.0,12.455719
2010-07-10,31.5,-25.0,9.178162
2010-07-11,31.5,-25.0,9.136597
2010-07-12,31.5,-25.0,12.485413
2010-07-13,31.5,-25.0,10.981201
2010-07-14,31.5,-25.0,9.433472
2010-07-15,31.5,-25.0,9.148468
2010-07-16,31.5,-25.0,9.124725
2010-07-17,31.5,-25.0,6.678406
2010-07-18,31.5,-25.0,7.5136414
2010-07-19,31.5,-25.0,10.258789
2010-07-20,31.5,-25.0,8.823883
2010-07-21,31.5,-25.0,10.498291
2010-07-22,31.5,-25.0,15.272125
2010-07-23,31.5,-25.0,12.594269
2010-07-24,31.5,-25.0,11.371124
2010-07-25,31.5,-25.0,12.251862
2010-07-26,31.5,-25.0,14.656586
2010-07-27,31.5,-25.0,11.612579
2010-07-28,31.5,-25.0,10.71402
2010-07-29,31.5,-25.0,9.864929
2010-07-30,31.5,-25.0,13.003967
2010-07-31,31.5,-25.0,12.034149
2010-08-01,31.5,-25.0,8.678284
2010-08-02,31.5,-25.0,7.9012146
2010-08-03,31.5,-25.0,7.9324646
2010-08-04,31.5,-25.0,8.602142
2010-08-05,31.5,-25.0,8.561127
2010-08-06,31.5,-25.0,9.656433
2010-08-07,31.5,-25.0,13.43042
2010-08-08,31.5,-25.0,10.382721
2010-08-09,31.5,-25.0,11.319885
2010-08-10,31.5,-25.0,12.27655
2010-08-11,31.5,-25.0,10.718536
2010-08-12,31.5,-25.0,10.013702
2010-08-13,31.5,-25.0,7.8465576
2010-08-14,31.5,-25.0,7.9988403
2010-08-15,31.5,-25.0,9.500244
2010-08-16,31.5,-25.0,13.803314
2010-08-17,31.5,-25.0,13.740845
2010-08-18,31.5,-25.0,10.494019
2010-08-19,31.5,-25.0,12.881805
2010-08-20,31.5,-25.0,11.614685
2010-08-21,31.5,-25.0,8.527924
2010-08-22,31.5,-25.0,10.26947
2010-08-23,31.5,-25.0,13.147308
2010-08-24,31.5,-25.0,15.392578
2010-08-25,31.5,-25.0,12.657257
2010-08-26,31.5,-25.0,10.527191
2010-08-27,31.5,-25.0,13.774048
2010-08-28,31.5,-25.0,11.694733
2010-08-29,31.5,-25.0,14.435913
2010-08-30,31.5,-25.0,16.970123
2010-08-31,31.5,-25.0,13.004791
2010-09-01,31.5,-25.0,13.950378
2010-09-02,31.5,-25.0,15.5755005
2010-09-03,31.5,-25.0,16.49884
2010-09-04,31.5,-25.0,13.941071
2010-09-05,31.5,-25.0,13.55014
2010-09-06,31.5,-25.0,17.66043
2010-09-07,31.5,-25.0,17.012604
2010-09-08,31.5,-25.0,15.934784
2010-09-09,31.5,-25.0,13.349091
2010-09-10,31.5,-25.0,16.23822
2010-09-11,31.5,-25.0,15.9627075
2010-09-12,31.5,-25.0,13.308136
2010-09-13,31.5,-25.0,12.872559
2010-09-14,31.5,-25.0,13.868469
2010-09-15,31.5,-25.0,15.38562
2010-09-16,31.5,-25.0,15.904999
2010-09-17,31.5,-25.0,16.3797
2010-09-18,31.5,-25.0,13.795868
2010-09-19,31.5,-25.0,15.932922
2010-09-20,31.5,-25.0,16.588196
2010-09-21,31.5,-25.0,18.946747
2010-09-22,31.5,-25.0,18.957916
2010-09-23,31.5,-25.0,17.36444
2010-09-24,31.5,-25.0,16.212158
2010-09-25,31.5,-25.0,17.319763
2010-09-26,31.5,-25.0,15.218079
2010-09-27,31.5,-25.0,16.980957
2010-09-28,31.5,-25.0,16.470917
2010-09-29,31.5,-25.0,14.287323
2010-09-30,31.5,-25.0,14.300354
2010-10-01,31.5,-25.0,17.343384
2010-10-02,31.5,-25.0,20.775482
2010-10-03,31.5,-25.0,18.488556
2010-10-04,31.5,-25.0,18.704224
2010-10-05,31.5,-25.0,17.714813
2010-10-06,31.5,-25.0,17.603577
2010-10-07,31.5,-25.0,18.182129
2010-10-08,31.5,-25.0,18.266022
2010-10-09,31.5,-25.0,19.397491
2010-10-10,31.5,-25.0,17.77475
2010-10-11,31.5,-25.0,22.40509
2010-10-12,31.5,-25.0,19.174957
2010-10-13,31.5,-25.0,18.159882
2010-10-14,31.5,-25.0,19.798065
2010-10-15,31.5,-25.0,14.532654
2010-10-16,31.5,-25.0,14.481293
2010-10-17,31.5,-25.0,14.286163
2010-10-18,31.5,-25.0,14.431641
2010-10-19,31.5,-25.0,14.726074
2010-10-20,31.5,-25.0,17.574463
2010-10-21,31.5,-25.0,19.231445
2010-10-22,31.5,-25.0,21.122955
2010-10-23,31.5,-25.0,19.78949
2010-10-24,31.5,-25.0,21.028809
2010-10-25,31.5,-25.0,20.344116
2010-10-26,31.5,-25.0,17.988708
2010-10-27,31.5,-25.0,17.13797
2010-10-28,31.5,-25.0,16.314606
2010-10-29,31.5,-25.0,16.793884
2010-10-30,31.5,-25.0,15.195099
2010-10-31,31.5,-25.0,19.286224
2010-11-01,31.5,-25.0,18.834503
2010-11-02,31.5,-25.0,17.929352
2010-11-03,31.5,-25.0,22.600708
2010-11-04,31.5,-25.0,24.918945
2010-11-05,31.5,-25.0,22.31903
2010-11-06,31.5,-25.0,20.133667
2010-11-07,31.5,-25.0,18.99115
2010-11-08,31.5,-25.0,19.8172
2010-11-09,31.5,-25.0,20.515045
2010-11-10,31.5,-25.0,16.657074
2010-11-11,31.5,-25.0,16.500397
2010-11-12,31.5,-25.0,17.921448
2010-11-13,31.5,-25.0,19.424744
2010-11-14,31.5,-25.0,18.804443
2010-11-15,31.5,-25.0,16.981476
2010-11-16,31.5,-25.0,16.082642
2010-11-17,31.5,-25.0,16.573212
2010-11-18,31.5,-25.0,16.131714
2010-11-19,31.5,-25.0,16.712463
2010-11-20,31.5,-25.0,16.106384
2010-11-21,31.5,-25.0,18.404083
2010-11-22,31.5,-25.0,18.975342
2010-11-23,31.5,-25.0,20.939148
2010-11-24,31.5,-25.0,18.286987
2010-11-25,31.5,-25.0,18.242676
2010-11-26,31.5,-25.0,18.790192
2010-11-27,31.5,-25.0,21.719269
2010-11-28,31.5,-25.0,21.953491
2010-11-29,31.5,-25.0,18.9516
2010-11-30,31.5,-25.0,18.3107
2010-12-01,31.5,-25.0,18.213348
2010-12-02,31.5,-25.0,21.886963
2010-12-03,31.5,-25.0,22.557617
2010-12-04,31.5,-25.0,21.69693
2010-12-05,31.5,-25.0,20.751434
2010-12-06,31.5,-25.0,18.24002
2010-12-07,31.5,-25.0,17.59137
2010-12-08,31.5,-25.0,18.29187
2010-12-09,31.5,-25.0,18.552582
2010-12-10,31.5,-25.0,19.191803
2010-12-11,31.5,-25.0,18.84787
2010-12-12,31.5,-25.0,19.804352
2010-12-13,31.5,-25.0,19.227936
2010-12-14,31.5,-25.0,20.759277
2010-12-15,31.5,-25.0,19.248352
2010-12-16,31.5,-25.0,19.472961
2010-12-17,31.5,-25.0,20.75769
2010-12-18,31.5,-25.0,22.513641
2010-12-19,31.5,-25.0,20.58493
2010-12-20,31.5,-25.0,20.06665
2010-12-21,31.5,-25.0,18.448914
2010-12-22,31.5,-25.0,19.023773
2010-12-23,31.5,-25.0,22.072296
2010-12-24,31.5,-25.0,23.250244
2010-12-25,31.5,-25.0,21.849274
2010-12-26,31.5,-25.0,19.7164
2010-12-27,31.5,-25.0,19.320618
2010-12-28,31.5,-25.0,20.338348
2010-12-29,31.5,-25.0,22.127258
2010-12-30,31.5,-25.0,23.507812
2010-12-31,31.5,-25.0,22.01419
2011-01-01,31.5,-25.0,22.001556
2011-01-02,31.5,-25.0,23.07135
2011-01-03,31.5,-25.0,23.434937
2011-01-04,31.5,-25.0,22.21872
2011-01-05,31.5,-25.0,20.44751
2011-01-06,31.5,-25.0,19.45816
2011-01-07,31.5,-25.0,19.554688
2011-01-08,31.5,-25.0,18.571747
2011-01-09,31.5,-25.0,20.421783
2011-01-10,31.5,-25.0,21.375763
2011-01-11,31.5,-25.0,21.488373
2011-01-12,31.5,-25.0,20.201385
2011-01-13,31.5,-25.0,19.76059
2011-01-14,31.5,-25.0,22.180115
2011-01-15,31.5,-25.0,21.370941
2011-01-16,31.5,-25.0,20.894745
2011-01-17,31.5,-25.0,22.0643
2011-01-18,31.5,-25.0,21.962952
2011-01-19,31.5,-25.0,22.098083
2011-01-20,31.5,-25.0,22.279877
2011-01-21,31.5,-25.0,21.1055
2011-01-22,31.5,-25.0,22.160828
2011-01-23,31.5,-25.0,21.02185
2011-01-24,31.5,-25.0,21.153748
2011-01-25,31.5,-25.0,21.678192
2011-01-26,31.5,-25.0,20.29953
2011-01-27,31.5,-25.0,20.32846
2011-01-28,31.5,-25.0,19.567535
2011-01-29,31.5,-25.0,18.039246
2011-01-30,31.5,-25.0,17.960419
2011-01-31,31.5,-25.0,16.853607
2011-02-01,31.5,-25.0,19.400177
2011-02-02,31.5,-25.0,18.50708
2011-02-03,31.5,-25.0,20.177307
2011-02-04,31.5,-25.0,19.67279
2011-02-05,31.5,-25.0,19.425232
2011-02-06,31.5,-25.0,18.9599
2011-02-07,31.5,-25.0,19.531769
2011-02-08,31.5,-25.0,19.122833
2011-02-09,31.5,-25.0,20.746033
2011-02-10,31.5,-25.0,20.572144
2011-02-11,31.5,-25.0,20.592499
2011-02-12,31.5,-25.0,22.234497
2011-02-13,31.5,-25.0,22.414673
2011-02-14,31.5,-25.0,21.314789
2011-02-15,31.5,-25.0,20.631683
2011-02-16,31.5,-25.0,19.984589
2011-02-17,31.5,-25.0,19.936005
2011-02-18,31.5,-25.0,19.32965
2011-02-19,31.5,-25.0,19.538055
2011-02-20,31.5,-25.0,22.135803
2011-02-21,31.5,-25.0,20.727234
2011-02-22,31.5,-25.0,20.321442
2011-02-23,31.5,-25.0,21.297546
2011-02-24,31.5,-25.0,20.576843
2011-02-25,31.5,-25.0,19.89215
2011-02-26,31.5,-25.0,20.321442
2011-02-27,31.5,-25.0,19.649292
2011-02-28,31.5,-25.0,20.034729
2011-03-01,31.5,-25.0,19.063965
2011-03-02,31.5,-25.0,19.49289
2011-03-03,31.5,-25.0,18.646881
2011-03-04,31.5,-25.0,21.244293
2011-03-05,31.5,-25.0,19.930328
2011-03-06,31.5,-25.0,18.733337
2011-03-07,31.5,-25.0,18.775726
2011-03-08,31.5,-25.0,20.33722
2011-03-09,31.5,-25.0,19.023254
2011-03-10,31.5,-25.0,20.545776
2011-03-11,31.5,-25.0,19.993073
2011-03-12,31.5,-25.0,21.312103
2011-03-13,31.5,-25.0,22.899048
2011-03-14,31.5,-25.0,22.178467
2011-03-15,31.5,-25.0,21.649506
2011-03-16,31.5,-25.0,21.858032
2011-03-17,31.5,-25.0,20.379608
2011-03-18,31.5,-25.0,20.259247
2011-03-19,31.5,-25.0,22.40567
2011-03-20,31.5,-25.0,21.089996
2011-03-21,31.5,-25.0,21.53592
2011-03-22,31.5,-25.0,21.212067
2011-03-23,31.5,-25.0,22.739655
2011-03-24,31.5,-25.0,22.924469
2011-03-25,31.5,-25.0,24.01294
2011-03-26,31.5,-25.0,22.856659
2011-03-27,31.5,-25.0,21.905518
2011-03-28,31.5,-25.0,21.813965
2011-03-29,31.5,-25.0,21.056091
2011-03-30,31.5,-25.0,22.420929
2011-03-31,31.5,-25.0,20.905212
2011-04-01,31.5,-25.0,19.6156
2011-04-02,31.5,-25.0,19.56897
2011-04-03,31.5,-25.0,22.291351
2011-04-04,31.5,-25.0,20.277344
2011-04-05,31.5,-25.0,18.593353
2011-04-06,31.5,-25.0,18.867737
2011-04-07,31.5,-25.0,17.58725
2011-04-08,31.5,-25.0,18.084015
2011-04-09,31.5,-25.0,16.749725
2011-04-10,31.5,-25.0,12.488617
2011-04-11,31.5,-25.0,13.779846
2011-04-12,31.5,-25.0,16.143555
2011-04-13,31.5,-25.0,17.834747
2011-04-14,31.5,-25.0,18.679443
2011-04-15,31.5,-25.0,18.283081
2011-04-16,31.5,-25.0,18.607697
2011-04-17,31.5,-25.0,17.32901
2011-04-18,31.5,-25.0,15.804596
2011-04-19,31.5,-25.0,14.247925
2011-04-20,31.5,-25.0,15.349091
2011-04-21,31.5,-25.0,18.225708
2011-04-22,31.5,-25.0,18.338684
2011-04-23,31.5,-25.0,16.894989
2011-04-24,31.5,-25.0,15.286316
2011-04-25,31.5,-25.0,17.185516
2011-04-26,31.5,-25.0,16.235016
2011-04-27,31.5,-25.0,19.927643
2011-04-28,31.5,-25.0,17.985382
2011-04-29,31.5,-25.0,17.664368
2011-04-30,31.5,-25.0,14.547424
2011-05-01,31.5,-25.0,17.245453
2011-05-02,31.5,-25.0,16.197937
2011-05-03,31.5,-25.0,12.561005
2011-05-04,31.5,-25.0,13.822571
2011-05-05,31.5,-25.0,14.699585
2011-05-06,31.5,-25.0,15.176941
2011-05-07,31.5,-25.0,17.152649
2011-05-08,31.5,-25.0,16.775696
2011-05-09,31.5,-25.0,14.682556
2011-05-10,31.5,-25.0,12.415131
2011-05-11,31.5,-25.0,13.449402
2011-05-12,31.5,-25.0,14.849243
2011-05-13,31.5,-25.0,17.48413
2011-05-14,31.5,-25.0,16.667725
2011-05-15,31.5,-25.0,15.910004
2011-05-16,31.5,-25.0,17.844025
2011-05-17,31.5,-25.0,15.677032
2011-05-18,31.5,-25.0,17.364807
2011-05-19,31.5,-25.0,17.906555
2011-05-20,31.5,-25.0,15.116333
2011-05-21,31.5,-25.0,12.237091
2011-05-22,31.5,-25.0,11.250183
2011-05-23,31.5,-25.0,14.106689
2011-05-24,31.5,-25.0,14.108582
2011-05-25,31.5,-25.0,14.487427
2011-05-26,31.5,-25.0,13.318695
2011-05-27,31.5,-25.0,10.130676
2011-05-28,31.5,-25.0,8.666443
2011-05-29,31.5,-25.0,8.990356
2011-05-30,31.5,-25.0,11.108124
2011-05-31,31.5,-25.0,15.063293
2011-06-01,31.5,-25.0,9.939331
2011-06-02,31.5,-25.0,7.097229
2011-06-03,31.5,-25.0,7.4305725
2011-06-04,31.5,-25.0,8.389252
2011-06-05,31.5,-25.0,8.044586
2011-06-06,31.5,-25.0,11.928223
2011-06-07,31.5,-25.0,11.16922
2011-06-08,31.5,-25.0,12.8078
2011-06-09,31.5,-25.0,9.1614685
2011-06-10,31.5,-25.0,7.460724
2011-06-11,31.5,-25.0,12.553528
2011-06-12,31.5,-25.0,10.62677
2011-06-13,31.5,-25.0,13.256073
2011-06-14,31.5,-25.0,10.346161
2011-06-15,31.5,-25.0,9.523071
2011-06-16,31.5,-25.0,9.762268
2011-06-17,31.5,-25.0,11.447968
2011-06-18,31.5,-25.0,10.135193
2011-06-19,31.5,-25.0,8.472137
2011-06-20,31.5,-25.0,11.099518
2011-06-21,31.5,-25.0,14.194
2011-06-22,31.5,-25.0,9.466583
2011-06-23,31.5,-25.0,8.64917
2011-06-24,31.5,-25.0,10.485535
2011-06-25,31.5,-25.0,7.925934
2011-06-26,31.5,-25.0,7.558655
2011-06-27,31.5,-25.0,6.140442
2011-06-28,31.5,-25.0,7.462616
2011-06-29,31.5,-25.0,8.304504
2011-06-30,31.5,-25.0,10.178528
2011-07-01,31.5,-25.0,12.190674
2011-07-02,31.5,-25.0,9.667114
2011-07-03,31.5,-25.0,8.953766
2011-07-04,31.5,-25.0,13.2430725
2011-07-05,31.5,-25.0,11.595917
2011-07-06,31.5,-25.0,9.203918
2011-07-07,31.5,-25.0,7.017578
2011-07-08,31.5,-25.0,8.005127
2011-07-09,31.5,-25.0,10.865906
2011-07-10,31.5,-25.0,12.21106
2011-07-11,31.5,-25.0,9.741241
2011-07-12,31.5,-25.0,8.538757
2011-07-13,31.5,-25.0,11.577393
2011-07-14,31.5,-25.0,10.07843
2011-07-15,31.5,-25.0,8.536896
2011-07-16,31.5,-25.0,10.367493
2011-07-17,31.5,-25.0,10.839966
2011-07-18,31.5,-25.0,7.8476257
2011-07-19,31.5,-25.0,7.3084717
2011-07-20,31.5,-25.0,7.6308594
2011-07-21,31.5,-25.0,9.62265
2011-07-22,31.5,-25.0,12.820618
2011-07-23,31.5,-25.0,13.092987
2011-07-24,31.5,-25.0,9.967285
2011-07-25,31.5,-25.0,9.9357605
2011-07-26,31.5,-25.0,9.357697
2011-07-27,31.5,-25.0,6.882324
2011-07-28,31.5,-25.0,7.738312
2011-07-29,31.5,-25.0,9.767181
2011-07-30,31.5,-25.0,8.968597
2011-07-31,31.5,-25.0,9.79126
2011-08-01,31.5,-25.0,7.1384277
2011-08-02,31.5,-25.0,7.2481384
2011-08-03,31.5,-25.0,6.0225525
2011-08-04,31.5,-25.0,8.282684
2011-08-05,31.5,-25.0,10.122925
2011-08-06,31.5,-25.0,12.608093
2011-08-07,31.5,-25.0,10.121033
2011-08-08,31.5,-25.0,7.093048
2011-08-09,31.5,-25.0,8.808472
2011-08-10,31.5,-25.0,9.432587
2011-08-11,31.5,-25.0,9.735199
2011-08-12,31.5,-25.0,8.799011
2011-08-13,31.5,-25.0,9.659546
2011-08-14,31.5,-25.0,14.839844
2011-08-15,31.5,-25.0,11.252045
2011-08-16,31.5,-25.0,10.365021
2011-08-17,31.5,-25.0,8.874664
2011-08-18,31.5,-25.0,9.595245
2011-08-19,31.5,-25.0,7.8968506
2011-08-20,31.5,-25.0,8.887909
2011-08-21,31.5,-25.0,10.786774
2011-08-22,31.5,-25.0,11.3220215
2011-08-23,31.5,-25.0,11.751343
2011-08-24,31.5,-25.0,12.944763
2011-08-25,31.5,-25.0,14.898468
2011-08-26,31.5,-25.0,11.931
2011-08-27,31.5,-25.0,15.970856
2011-08-28,31.5,-25.0,15.93869
2011-08-29,31.5,-25.0,14.370819
2011-08-30,31.5,-25.0,11.826996
2011-08-31,31.5,-25.0,11.626526
2011-09-01,31.5,-25.0,14.61496
2011-09-02,31.5,-25.0,14.805359
2011-09-03,31.5,-25.0,15.156311
2011-09-04,31.5,-25.0,14.400299
2011-09-05,31.5,-25.0,15.990692
2011-09-06,31.5,-25.0,14.781097
2011-09-07,31.5,-25.0,16.07843
2011-09-08,31.5,-25.0,15.466156
2011-09-09,31.5,-25.0,18.682434
2011-09-10,31.5,-25.0,17.500854
2011-09-11,31.5,-25.0,15.593109
2011-09-12,31.5,-25.0,14.876312
2011-09-13,31.5,-25.0,17.917114
2011-09-14,31.5,-25.0,17.780853
2011-09-15,31.5,-25.0,18.08139
2011-09-16,31.5,-25.0,16.806427
2011-09-17,31.5,-25.0,16.126984
2011-09-18,31.5,-25.0,14.713898
2011-09-19,31.5,-25.0,16.097107
2011-09-20,31.5,-25.0,14.782959
2011-09-21,31.5,-25.0,13.407227
2011-09-22,31.5,-25.0,15.9253845
2011-09-23,31.5,-25.0,14.644836
2011-09-24,31.5,-25.0,14.980835
2011-09-25,31.5,-25.0,13.79364
2011-09-26,31.5,-25.0,10.334686
2011-09-27,31.5,-25.0,14.792297
2011-09-28,31.5,-25.0,16.425629
2011-09-29,31.5,-25.0,14.876312
2011-09-30,31.5,-25.0,17.037903
2011-10-01,31.5,-25.0,16.56961
2011-10-02,31.5,-25.0,16.435516
2011-10-03,31.5,-25.0,15.414276
2011-10-04,31.5,-25.0,15.221741
2011-10-05,31.5,-25.0,12.501923
2011-10-06,31.5,-25.0,10.070923
2011-10-07,31.5,-25.0,10.34256
2011-10-08,31.5,-25.0,11.826263
2011-10-09,31.5,-25.0,13.750061
2011-10-10,31.5,-25.0,13.648651
2011-10-11,31.5,-25.0,15.2630005
2011-10-12,31.5,-25.0,15.230316
2011-10-13,31.5,-25.0,14.432617
2011-10-14,31.5,-25.0,18.254456
2011-10-15,31.5,-25.0,19.49228
2011-10-16,31.5,-25.0,18.213196
2011-10-17,31.5,-25.0,17.903717
2011-10-18,31.5,-25.0,17.128357
2011-10-19,31.5,-25.0,21.386871
2011-10-20,31.5,-25.0,18.517487
2011-10-21,31.5,-25.0,16.908295
2011-10-22,31.5,-25.0,16.318604
2011-10-23,31.5,-25.0,20.649323
2011-10-24,31.5,-25.0,19.561066
2011-10-25,31.5,-25.0,21.808075
2011-10-26,31.5,-25.0,20.016663
2011-10-27,31.5,-25.0,20.076843
2011-10-28,31.5,-25.0,22.39264
2011-10-29,31.5,-25.0,20.764526
2011-10-30,31.5,-25.0,21.178864
2011-10-31,31.5,-25.0,18.730682
2011-11-01,31.5,-25.0,16.400635
2011-11-02,31.5,-25.0,16.055054
2011-11-03,31.5,-25.0,17.224792
2011-11-04,31.5,-25.0,19.043488
2011-11-05,31.5,-25.0,19.099792
2011-11-06,31.5,-25.0,18.374176
2011-11-07,31.5,-25.0,18.644714
2011-11-08,31.5,-25.0,18.17871
2011-11-09,31.5,-25.0,22.155487
2011-11-10,31.5,-25.0,21.684784
2011-11-11,31.5,-25.0,21.364197
2011-11-12,31.5,-25.0,20.633911
2011-11-13,31.5,-25.0,22.358795
2011-11-14,31.5,-25.0,19.257751
2011-11-15,31.5,-25.0,18.380432
2011-11-16,31.5,-25.0,17.539093
2011-11-17,31.5,-25.0,22.727844
2011-11-18,31.5,-25.0,23.142273
2011-11-19,31.5,-25.0,22.157043
2011-11-20,31.5,-25.0,21.307892
2011-11-21,31.5,-25.0,18.522736
2011-11-22,31.5,-25.0,16.372498
2011-11-23,31.5,-25.0,17.764282
2011-11-24,31.5,-25.0,17.983246
2011-11-25,31.5,-25.0,18.463318
2011-11-26,31.5,-25.0,16.134796
2011-11-27,31.5,-25.0,18.421112
2011-11-28,31.5,-25.0,15.919006
2011-11-29,31.5,-25.0,19.281189
2011-11-30,31.5,-25.0,18.145874
2011-12-01,31.5,-25.0,21.475128
2011-12-02,31.5,-25.0,22.010406
2011-12-03,31.5,-25.0,18.366608
2011-12-04,31.5,-25.0,18.266876
2011-12-05,31.5,-25.0,17.445679
2011-12-06,31.5,-25.0,17.128174
2011-12-07,31.5,-25.0,18.798798
2011-12-08,31.5,-25.0,18.986664
2011-12-09,31.5,-25.0,19.354034
2011-12-10,31.5,-25.0,19.02655
2011-12-11,31.5,-25.0,19.829437
2011-12-12,31.5,-25.0,20.539246
2011-12-13,31.5,-25.0,22.776733
2011-12-14,31.5,-25.0,22.824951
2011-12-15,31.5,-25.0,20.456146
2011-12-16,31.5,-25.0,18.1073
2011-12-17,31.5,-25.0,16.428345
2011-12-18,31.5,-25.0,18.193726
2011-12-19,31.5,-25.0,17.781464
2011-12-20,31.5,-25.0,18.305115
2011-12-21,31.5,-25.0,17.56372
2011-12-22,31.5,-25.0,19.756317
2011-12-23,31.5,-25.0,21.84085
2011-12-24,31.5,-25.0,19.932526
2011-12-25,31.5,-25.0,19.962433
2011-12-26,31.5,-25.0,21.313904
2011-12-27,31.5,-25.0,21.383728
2011-12-28,31.5,-25.0,20.045563
2011-12-29,31.5,-25.0,20.200134
2011-12-30,31.5,-25.0,18.69574
2011-12-31,31.5,-25.0,18.880249
2012-01-01,31.5,-25.0,19.795135
2012-01-02,31.5,-25.0,20.569672
2012-01-03,31.5,-25.0,20.756897
2012-01-04,31.5,-25.0,21.430634
2012-01-05,31.5,-25.0,21.963531
2012-01-06,31.5,-25.0,22.68686
2012-01-07,31.5,-25.0,21.182587
2012-01-08,31.5,-25.0,21.20819
2012-01-09,31.5,-25.0,21.90271
2012-01-10,31.5,-25.0,22.432404
2012-01-11,31.5,-25.0,22.072357
2012-01-12,31.5,-25.0,20.798523
2012-01-13,31.5,-25.0,21.086548
2012-01-14,31.5,-25.0,21.641876
2012-01-15,31.5,-25.0,21.345825
2012-01-16,31.5,-25.0,20.787292
2012-01-17,31.5,-25.0,19.88153
2012-01-18,31.5,-25.0,20.436829
2012-01-19,31.5,-25.0,19.934357
2012-01-20,31.5,-25.0,19.13739
2012-01-21,31.5,-25.0,19.839935
2012-01-22,31.5,-25.0,19.502258
2012-01-23,31.5,-25.0,20.747314
2012-01-24,31.5,-25.0,20.764893
2012-01-25,31.5,-25.0,19.49588
2012-01-26,31.5,-25.0,20.039978
2012-01-27,31.5,-25.0,17.847565
2012-01-28,31.5,-25.0,15.96402
2012-01-29,31.5,-25.0,19.953552
2012-01-30,31.5,-25.0,18.532501
2012-01-31,31.5,-25.0,17.813965
2012-02-01,31.5,-25.0,17.719757
2012-02-02,31.5,-25.0,18.728699
2012-02-03,31.5,-25.0,20.30655
2012-02-04,31.5,-25.0,23.364838
2012-02-05,31.5,-25.0,23.213959
2012-02-06,31.5,-25.0,22.20346
2012-02-07,31.5,-25.0,21.274658
2012-02-08,31.5,-25.0,19.407623
2012-02-09,31.5,-25.0,20.818909
2012-02-10,31.5,-25.0,23.61316
2012-02-11,31.5,-25.0,24.171051
2012-02-12,31.5,-25.0,22.868225
2012-02-13,31.5,-25.0,22.047852
2012-02-14,31.5,-25.0,21.321808
2012-02-15,31.5,-25.0,23.078827
2012-02-16,31.5,-25.0,22.805359
2012-02-17,31.5,-25.0,21.576385
2012-02-18,31.5,-25.0,22.9971
2012-02-19,31.5,-25.0,22.472198
2012-02-20,31.5,-25.0,21.101776
2012-02-21,31.5,-25.0,21.996002
2012-02-22,31.5,-25.0,22.860352
2012-02-23,31.5,-25.0,22.877655
2012-02-24,31.5,-25.0,21.213348
2012-02-25,31.5,-25.0,19.79895
2012-02-26,31.5,-25.0,22.17517
2012-02-27,31.5,-25.0,20.54544
2012-02-28,31.5,-25.0,20.858185
2012-02-29,31.5,-25.0,21.375244
2012-03-01,31.5,-25.0,21.82492
2012-03-02,31.5,-25.0,21.546387
2012-03-03,31.5,-25.0,22.17566
2012-03-04,31.5,-25.0,24.226807
2012-03-05,31.5,-25.0,21.496521
2012-03-06,31.5,-25.0,19.944
2012-03-07,31.5,-25.0,19.517609
2012-03-08,31.5,-25.0,18.16623
2012-03-09,31.5,-25.0,20.368652
2012-03-10,31.5,-25.0,19.605286
2012-03-11,31.5,-25.0,21.463867
2012-03-12,31.5,-25.0,21.283325
2012-03-13,31.5,-25.0,20.669556
2012-03-14,31.5,-25.0,21.11142
2012-03-15,31.5,-25.0,19.766907
2012-03-16,31.5,-25.0,19.407562
2012-03-17,31.5,-25.0,20.999664
2012-03-18,31.5,-25.0,20.193298
2012-03-19,31.5,-25.0,18.750793
2012-03-20,31.5,-25.0,18.807526
2012-03-21,31.5,-25.0,20.277527
2012-03-22,31.5,-25.0,18.773132
2012-03-23,31.5,-25.0,20.182983
2012-03-24,31.5,-25.0,21.33319
2012-03-25,31.5,-25.0,20.611084
2012-03-26,31.5,-25.0,19.839111
2012-03-27,31.5,-25.0,19.27002
2012-03-28,31.5,-25.0,20.838043
2012-03-29,31.5,-25.0,21.491364
2012-03-30,31.5,-25.0,22.535004
2012-03-31,31.5,-25.0,19.747986
2012-04-01,31.5,-25.0,17.56308
2012-04-02,31.5,-25.0,15.940247
2012-04-03,31.5,-25.0,15.255463
2012-04-04,31.5,-25.0,16.685669
2012-04-05,31.5,-25.0,15.81543
2012-04-06,31.5,-25.0,16.921082
2012-04-07,31.5,-25.0,14.431549
2012-04-08,31.5,-25.0,17.249207
2012-04-09,31.5,-25.0,17.545258
2012-04-10,31.5,-25.0,16.008026
2012-04-11,31.5,-25.0,14.415497
2012-04-12,31.5,-25.0,18.06955
2012-04-13,31.5,-25.0,15.979492
2012-04-14,31.5,-25.0,14.94516
2012-04-15,31.5,-25.0,13.395447
2012-04-16,31.5,-25.0,15.446259
2012-04-17,31.5,-25.0,16.76236
2012-04-18,31.5,-25.0,14.501099
2012-04-19,31.5,-25.0,16.263031
2012-04-20,31.5,-25.0,16.61792
2012-04-21,31.5,-25.0,15.974121
2012-04-22,31.5,-25.0,14.925537
2012-04-23,31.5,-25.0,15.799377
2012-04-24,31.5,-25.0,15.394562
2012-04-25,31.5,-25.0,16.673187
2012-04-26,31.5,-25.0,13.142212
2012-04-27,31.5,-25.0,14.005341
2012-04-28,31.5,-25.0,15.81897
2012-04-29,31.5,-25.0,16.47702
2012-04-30,31.5,-25.0,16.83905
2012-05-01,31.5,-25.0,20.22052
2012-05-02,31.5,-25.0,17.407532
2012-05-03,31.5,-25.0,17.111725
2012-05-04,31.5,-25.0,17.113617
2012-05-05,31.5,-25.0,17.448975
2012-05-06,31.5,-25.0,19.442383
2012-05-07,31.5,-25.0,19.534698
2012-05-08,31.5,-25.0,17.70523
2012-05-09,31.5,-25.0,15.416016
2012-05-10,31.5,-25.0,14.340179
2012-05-11,31.5,-25.0,12.885651
2012-05-12,31.5,-25.0,14.577606
2012-05-13,31.5,-25.0,12.216797
2012-05-14,31.5,-25.0,13.806976
2012-05-15,31.5,-25.0,15.408478
2012-05-16,31.5,-25.0,14.406128
2012-05-17,31.5,-25.0,12.213013
2012-05-18,31.5,-25.0,12.486237
2012-05-19,31.5,-25.0,13.432037
2012-05-20,31.5,-25.0,16.506927
2012-05-21,31.5,-25.0,13.837128
2012-05-22,31.5,-25.0,10.381653
2012-05-23,31.5,-25.0,11.595032
2012-05-24,31.5,-25.0,11.706207
2012-05-25,31.5,-25.0,12.099976
2012-05-26,31.5,-25.0,10.142395
2012-05-27,31.5,-25.0,13.156982
2012-05-28,31.5,-25.0,13.426392
2012-05-29,31.5,-25.0,11.263428
2012-05-30,31.5,-25.0,12.510712
2012-05-31,31.5,-25.0,13.869171
2012-06-01,31.5,-25.0,12.322662
2012-06-02,31.5,-25.0,12.980743
2012-06-03,31.5,-25.0,11.811035
2012-06-04,31.5,-25.0,10.12381
2012-06-05,31.5,-25.0,8.920898
2012-06-06,31.5,-25.0,10.805359
2012-06-07,31.5,-25.0,13.195557
2012-06-08,31.5,-25.0,11.438049
2012-06-09,31.5,-25.0,12.543335
2012-06-10,31.5,-25.0,9.096649
2012-06-11,31.5,-25.0,8.122223
2012-06-12,31.5,-25.0,7.8292847
2012-06-13,31.5,-25.0,8.5401
2012-06-14,31.5,-25.0,14.177826
2012-06-15,31.5,-25.0,9.901215
2012-06-16,31.5,-25.0,9.336853
2012-06-17,31.5,-25.0,10.225372
2012-06-18,31.5,-25.0,12.04538
2012-06-19,31.5,-25.0,13.324463
2012-06-20,31.5,-25.0,11.106079
2012-06-21,31.5,-25.0,15.749817
2012-06-22,31.5,-25.0,14.949158
2012-06-23,31.5,-25.0,14.523468
2012-06-24,31.5,-25.0,13.371307
2012-06-25,31.5,-25.0,9.905121
2012-06-26,31.5,-25.0,9.250916
2012-06-27,31.5,-25.0,9.284119
2012-06-28,31.5,-25.0,13.304932
2012-06-29,31.5,-25.0,8.678772
2012-06-30,31.5,-25.0,10.371826
2012-07-01,31.5,-25.0,11.428955
2012-07-02,31.5,-25.0,10.405334
2012-07-03,31.5,-25.0,13.2473755
2012-07-04,31.5,-25.0,10.535797
2012-07-05,31.5,-25.0,13.287506
2012-07-06,31.5,-25.0,9.638611
2012-07-07,31.5,-25.0,11.930725
2012-07-08,31.5,-25.0,12.570984
2012-07-09,31.5,-25.0,15.045715
2012-07-10,31.5,-25.0,11.031525
2012-07-11,31.5,-25.0,13.955872
2012-07-12,31.5,-25.0,13.307587
2012-07-13,31.5,-25.0,10.409332
2012-07-14,31.5,-25.0,11.928711
2012-07-15,31.5,-25.0,11.473114
2012-07-16,31.5,-25.0,8.332001
2012-07-17,31.5,-25.0,7.061493
2012-07-18,31.5,-25.0,10.453491
2012-07-19,31.5,-25.0,7.9325867
2012-07-20,31.5,-25.0,6.495514
2012-07-21,31.5,-25.0,8.673187
2012-07-22,31.5,-25.0,10.401306
2012-07-23,31.5,-25.0,14.728607
2012-07-24,31.5,-25.0,14.3532715
2012-07-25,31.5,-25.0,11.537323
2012-07-26,31.5,-25.0,12.928253
2012-07-27,31.5,-25.0,9.949707
2012-07-28,31.5,-25.0,13.813385
2012-07-29,31.5,-25.0,12.287994
2012-07-30,31.5,-25.0,11.069672
2012-07-31,31.5,-25.0,10.830841
2012-08-01,31.5,-25.0,13.034119
2012-08-02,31.5,-25.0,10.696869
2012-08-03,31.5,-25.0,7.7468567
2012-08-04,31.5,-25.0,8.721008
2012-08-05,31.5,-25.0,10.447449
2012-08-06,31.5,-25.0,13.817749
2012-08-07,31.5,-25.0,9.1315
2012-08-08,31.5,-25.0,7.617218
2012-08-09,31.5,-25.0,10.508331
2012-08-10,31.5,-25.0,8.939026
2012-08-11,31.5,-25.0,9.873932
2012-08-12,31.5,-25.0,11.284119
2012-08-13,31.5,-25.0,8.803528
2012-08-14,31.5,-25.0,9.382904
2012-08-15,31.5,-25.0,10.91095
2012-08-16,31.5,-25.0,15.100311
2012-08-17,31.5,-25.0,14.697662
2012-08-18,31.5,-25.0,13.849182
2012-08-19,31.5,-25.0,10.378693
2012-08-20,31.5,-25.0,12.62558
2012-08-21,31.5,-25.0,14.793915
2012-08-22,31.5,-25.0,15.756287
2012-08-23,31.5,-25.0,18.661133
2012-08-24,31.5,-25.0,17.062408
2012-08-25,31.5,-25.0,18.274231
2012-08-26,31.5,-25.0,16.176605
2012-08-27,31.5,-25.0,14.269501
2012-08-28,31.5,-25.0,15.084595
2012-08-29,31.5,-25.0,12.85733
2012-08-30,31.5,-25.0,15.288849
2012-08-31,31.5,-25.0,15.326172
2012-09-01,31.5,-25.0,17.533112
2012-09-02,31.5,-25.0,14.503967
2012-09-03,31.5,-25.0,12.596985
2012-09-04,31.5,-25.0,14.547546
2012-09-05,31.5,-25.0,14.604431
2012-09-06,31.5,-25.0,15.116241
2012-09-07,31.5,-25.0,15.593933
2012-09-08,31.5,-25.0,14.016785
2012-09-09,31.5,-25.0,12.873749
2012-09-10,31.5,-25.0,15.030945
2012-09-11,31.5,-25.0,15.6640625
2012-09-12,31.5,-25.0,14.200653
2012-09-13,31.5,-25.0,14.883087
2012-09-14,31.5,-25.0,15.768311
2012-09-15,31.5,-25.0,14.28595
2012-09-16,31.5,-25.0,14.090729
2012-09-17,31.5,-25.0,12.684204
2012-09-18,31.5,-25.0,11.300415
2012-09-19,31.5,-25.0,14.424347
2012-09-20,31.5,-25.0,15.75885
2012-09-21,31.5,-25.0,17.423157
2012-09-22,31.5,-25.0,18.769043
2012-09-23,31.5,-25.0,16.604279
2012-09-24,31.5,-25.0,13.759003
2012-09-25,31.5,-25.0,16.460205
2012-09-26,31.5,-25.0,14.371277
2012-09-27,31.5,-25.0,17.906555
2012-09-28,31.5,-25.0,20.334778
2012-09-29,31.5,-25.0,16.655457
2012-09-30,31.5,-25.0,14.05661
2012-10-01,31.5,-25.0,14.25238
2012-10-02,31.5,-25.0,15.664368
2012-10-03,31.5,-25.0,16.851318
2012-10-04,31.5,-25.0,19.019135
2012-10-05,31.5,-25.0,19.160004
2012-10-06,31.5,-25.0,17.911194
2012-10-07,31.5,-25.0,21.205841
2012-10-08,31.5,-25.0,20.261078
2012-10-09,31.5,-25.0,19.778381
2012-10-10,31.5,-25.0,18.402466
2012-10-11,31.5,-25.0,17.236115
2012-10-12,31.5,-25.0,17.172546
2012-10-13,31.5,-25.0,16.763733
2012-10-14,31.5,-25.0,18.357819
2012-10-15,31.5,-25.0,17.378693
2012-10-16,31.5,-25.0,18.565643
2012-10-17,31.5,-25.0,19.678772
2012-10-18,31.5,-25.0,19.570526
2012-10-19,31.5,-25.0,19.972504
2012-10-20,31.5,-25.0,19.72342
2012-10-21,31.5,-25.0,19.453735
2012-10-22,31.5,-25.0,18.654968
2012-10-23,31.5,-25.0,17.194885
2012-10-24,31.5,-25.0,16.092072
2012-10-25,31.5,-25.0,15.159332
2012-10-26,31.5,-25.0,16.63147
2012-10-27,31.5,-25.0,17.866516
2012-10-28,31.5,-25.0,17.765167
2012-10-29,31.5,-25.0,18.29425
2012-10-30,31.5,-25.0,15.581909
2012-10-31,31.5,-25.0,15.657501
2012-11-01,31.5,-25.0,13.706055
2012-11-02,31.5,-25.0,11.869354
2012-11-03,31.5,-25.0,12.297577
2012-11-04,31.5,-25.0,16.49707
2012-11-05,31.5,-25.0,19.023499
2012-11-06,31.5,-25.0,19.691833
2012-11-07,31.5,-25.0,19.453247
2012-11-08,31.5,-25.0,16.932922
2012-11-09,31.5,-25.0,16.87024
2012-11-10,31.5,-25.0,16.858002
2012-11-11,31.5,-25.0,18.069214
2012-11-12,31.5,-25.0,16.961975
2012-11-13,31.5,-25.0,16.92987
2012-11-14,31.5,-25.0,20.513062
2012-11-15,31.5,-25.0,19.463959
2012-11-16,31.5,-25.0,19.002106
2012-11-17,31.5,-25.0,21.724304
2012-11-18,31.5,-25.0,20.598724
2012-11-19,31.5,-25.0,19.808044
2012-11-20,31.5,-25.0,20.971863
2012-11-21,31.5,-25.0,20.733276
2012-11-22,31.5,-25.0,19.382904
2012-11-23,31.5,-25.0,20.601776
2012-11-24,31.5,-25.0,20.428955
2012-11-25,31.5,-25.0,17.838287
2012-11-26,31.5,-25.0,16.772339
2012-11-27,31.5,-25.0,15.567261
2012-11-28,31.5,-25.0,17.89029
2012-11-29,31.5,-25.0,16.682129
2012-11-30,31.5,-25.0,19.248322
2012-12-01,31.5,-25.0,19.757385
2012-12-02,31.5,-25.0,18.741821
2012-12-03,31.5,-25.0,17.964447
2012-12-04,31.5,-25.0,19.964142
2012-12-05,31.5,-25.0,19.909546
2012-12-06,31.5,-25.0,19.993896
2012-12-07,31.5,-25.0,20.253601
2012-12-08,31.5,-25.0,20.718353
2012-12-09,31.5,-25.0,20.430573
2012-12-10,31.5,-25.0,20.270111
2012-12-11,31.5,-25.0,19.049469
2012-12-12,31.5,-25.0,18.035583
2012-12-13,31.5,-25.0,17.251587
2012-12-14,31.5,-25.0,15.73819
2012-12-15,31.5,-25.0,17.534424
2012-12-16,31.5,-25.0,19.545685
2012-12-17,31.5,-25.0,17.926422
2012-12-18,31.5,-25.0,17.80899
2012-12-19,31.5,-25.0,16.14505
2012-12-20,31.5,-25.0,17.29956
2012-12-21,31.5,-25.0,19.120605
2012-12-22,31.5,-25.0,17.790802
2012-12-23,31.5,-25.0,18.058746
2012-12-24,31.5,-25.0,18.265472
2012-12-25,31.5,-25.0,20.733246
2012-12-26,31.5,-25.0,21.862915
2012-12-27,31.5,-25.0,21.199677
2012-12-28,31.5,-25.0,20.997894
2012-12-29,31.5,-25.0,22.372345
2012-12-30,31.5,-25.0,20.460327
2012-12-31,31.5,-25.0,23.753448
2013-01-01,31.5,-25.0,21.57669
2013-01-02,31.5,-25.0,20.502808
2013-01-03,31.5,-25.0,21.702942
2013-01-04,31.5,-25.0,20.83609
2013-01-05,31.5,-25.0,20.044983
2013-01-06,31.5,-25.0,20.21164
2013-01-07,31.5,-25.0,19.514801
2013-01-08,31.5,-25.0,21.169373
2013-01-09,31.5,-25.0,20.218353
2013-01-10,31.5,-25.0,24.434723
2013-01-11,31.5,-25.0,19.918762
2013-01-12,31.5,-25.0,19.696564
2013-01-13,31.5,-25.0,21.03302
2013-01-14,31.5,-25.0,20.911835
2013-01-15,31.5,-25.0,21.667572
2013-01-16,31.5,-25.0,21.388184
2013-01-17,31.5,-25.0,21.006104
2013-01-18,31.5,-25.0,21.28717
2013-01-19,31.5,-25.0,20.652618
2013-01-20,31.5,-25.0,19.944
2013-01-21,31.5,-25.0,20.007965
2013-01-22,31.5,-25.0,18.92398
2013-01-23,31.5,-25.0,17.976349
2013-01-24,31.5,-25.0,16.720703
2013-01-25,31.5,-25.0,16.567535
2013-01-26,31.5,-25.0,20.99936
2013-01-27,31.5,-25.0,21.240051
2013-01-28,31.5,-25.0,20.977478
2013-01-29,31.5,-25.0,21.347778
2013-01-30,31.5,-25.0,20.88153
2013-01-31,31.5,-25.0,21.423523
2013-02-01,31.5,-25.0,20.456024
2013-02-02,31.5,-25.0,19.006256
2013-02-03,31.5,-25.0,19.136017
2013-02-04,31.5,-25.0,20.596893
2013-02-05,31.5,-25.0,19.202515
2013-02-06,31.5,-25.0,19.367096
2013-02-07,31.5,-25.0,18.67862
2013-02-08,31.5,-25.0,21.76654
2013-02-09,31.5,-25.0,21.603516
2013-02-10,31.5,-25.0,21.32019
2013-02-11,31.5,-25.0,20.095154
2013-02-12,31.5,-25.0,21.940643
2013-02-13,31.5,-25.0,19.64093
2013-02-14,31.5,-25.0,19.230988
2013-02-15,31.5,-25.0,20.937195
2013-02-16,31.5,-25.0,21.62091
2013-02-17,31.5,-25.0,21.185669
2013-02-18,31.5,-25.0,18.938202
2013-02-19,31.5,-25.0,20.674438
2013-02-20,31.5,-25.0,21.15561
2013-02-21,31.5,-25.0,19.697906
2013-02-22,31.5,-25.0,18.884369
2013-02-23,31.5,-25.0,17.33963
2013-02-24,31.5,-25.0,21.635162
2013-02-25,31.5,-25.0,19.58554
2013-02-26,31.5,-25.0,19.093292
2013-02-27,31.5,-25.0,18.178467
2013-02-28,31.5,-25.0,19.526978
2013-03-01,31.5,-25.0,21.321411
2013-03-02,31.5,-25.0,20.343475
2013-03-03,31.5,-25.0,19.88675
2013-03-04,31.5,-25.0,20.635437
2013-03-05,31.5,-25.0,19.338654
2013-03-06,31.5,-25.0,19.005524
2013-03-07,31.5,-25.0,22.227722
2013-03-08,31.5,-25.0,21.156647
2013-03-09,31.5,-25.0,20.927368
2013-03-10,31.5,-25.0,19.594788
2013-03-11,31.5,-25.0,19.112976
2013-03-12,31.5,-25.0,17.379211
2013-03-13,31.5,-25.0,17.938019
2013-03-14,31.5,-25.0,18.264008
2013-03-15,31.5,-25.0,18.199524
2013-03-16,31.5,-25.0,17.479492
2013-03-17,31.5,-25.0,19.56076
2013-03-18,31.5,-25.0,21.258728
2013-03-19,31.5,-25.0,19.838379
2013-03-20,31.5,-25.0,20.454529
2013-03-21,31.5,-25.0,19.834808
2013-03-22,31.5,-25.0,17.200104
2013-03-23,31.5,-25.0,16.875916
2013-03-24,31.5,-25.0,18.770874
2013-03-25,31.5,-25.0,19.096863
2013-03-26,31.5,-25.0,19.732697
2013-03-27,31.5,-25.0,19.408508
2013-03-28,31.5,-25.0,19.048523
2013-03-29,31.5,-25.0,20.101685
2013-03-30,31.5,-25.0,19.661072
2013-03-31,31.5,-25.0,19.023438
2013-04-01,31.5,-25.0,17.532013
2013-04-02,31.5,-25.0,18.151825
2013-04-03,31.5,-25.0,15.832062
2013-04-04,31.5,-25.0,14.724731
2013-04-05,31.5,-25.0,13.12262
2013-04-06,31.5,-25.0,10.969574
2013-04-07,31.5,-25.0,11.790558
2013-04-08,31.5,-25.0,14.041473
2013-04-09,31.5,-25.0,15.420654
2013-04-10,31.5,-25.0,16.069458
2013-04-11,31.5,-25.0,16.388428
2013-04-12,31.5,-25.0,14.982086
2013-04-13,31.5,-25.0,15.230377
2013-04-14,31.5,-25.0,14.800842
2013-04-15,31.5,-25.0,15.003815
2013-04-16,31.5,-25.0,14.023346
2013-04-17,31.5,-25.0,16.863281
2013-04-18,31.5,-25.0,17.637115
2013-04-19,31.5,-25.0,18.372925
2013-04-20,31.5,-25.0,15.085388
2013-04-21,31.5,-25.0,14.177399
2013-04-22,31.5,-25.0,14.224518
2013-04-23,31.5,-25.0,12.796417
2013-04-24,31.5,-25.0,15.253937
2013-04-25,31.5,-25.0,14.838898
2013-04-26,31.5,-25.0,12.051544
2013-04-27,31.5,-25.0,13.720703
2013-04-28,31.5,-25.0,13.807678
2013-04-29,31.5,-25.0,13.881989
2013-04-30,31.5,-25.0,16.357635
2013-05-01,31.5,-25.0,16.202545
2013-05-02,31.5,-25.0,12.421173
2013-05-03,31.5,-25.0,11.944763
2013-05-04,31.5,-25.0,13.291199
2013-05-05,31.5,-25.0,12.118011
2013-05-06,31.5,-25.0,10.398682
2013-05-07,31.5,-25.0,11.688629
2013-05-08,31.5,-25.0,10.344086
2013-05-09,31.5,-25.0,10.434479
2013-05-10,31.5,-25.0,16.748657
2013-05-11,31.5,-25.0,16.219482
2013-05-12,31.5,-25.0,15.016174
2013-05-13,31.5,-25.0,14.383423
2013-05-14,31.5,-25.0,11.86377
2013-05-15,31.5,-25.0,11.296936
2013-05-16,31.5,-25.0,12.080322
2013-05-17,31.5,-25.0,12.310089
2013-05-18,31.5,-25.0,16.618713
2013-05-19,31.5,-25.0,13.323212
2013-05-20,31.5,-25.0,10.295105
2013-05-21,31.5,-25.0,10.189667
2013-05-22,31.5,-25.0,10.283813
2013-05-23,31.5,-25.0,10.564392
2013-05-24,31.5,-25.0,10.308289
2013-05-25,31.5,-25.0,10.32901
2013-05-26,31.5,-25.0,12.355286
2013-05-27,31.5,-25.0,12.912689
2013-05-28,31.5,-25.0,14.839142
2013-05-29,31.5,-25.0,17.341858
2013-05-30,31.5,-25.0,13.803406
2013-05-31,31.5,-25.0,14.984131
2013-06-01,31.5,-25.0,17.50943
2013-06-02,31.5,-25.0,15.892456
2013-06-03,31.5,-25.0,15.98877
2013-06-04,31.5,-25.0,14.944153
2013-06-05,31.5,-25.0,11.48053
2013-06-06,31.5,-25.0,13.408661
2013-06-07,31.5,-25.0,11.708374
2013-06-08,31.5,-25.0,11.754669
2013-06-09,31.5,-25.0,11.575012
2013-06-10,31.5,-25.0,9.971008
2013-06-11,31.5,-25.0,8.070648
2013-06-12,31.5,-25.0,6.3740234
2013-06-13,31.5,-25.0,6.4184875
2013-06-14,31.5,-25.0,9.1041565
2013-06-15,31.5,-25.0,10.643341
2013-06-16,31.5,-25.0,10.409973
2013-06-17,31.5,-25.0,7.935425
2013-06-18,31.5,-25.0,9.78949
2013-06-19,31.5,-25.0,7.0408325
2013-06-20,31.5,-25.0,7.9150696
2013-06-21,31.5,-25.0,7.2593994
2013-06-22,31.5,-25.0,8.533691
2013-06-23,31.5,-25.0,10.32663
2013-06-24,31.5,-25.0,9.024536
2013-06-25,31.5,-25.0,8.022491
2013-06-26,31.5,-25.0,10.359955
2013-06-27,31.5,-25.0,13.18457
2013-06-28,31.5,-25.0,14.923767
2013-06-29,31.5,-25.0,12.023224
2013-06-30,31.5,-25.0,10.9045105
2013-07-01,31.5,-25.0,11.705109
2013-07-02,31.5,-25.0,13.859619
2013-07-03,31.5,-25.0,14.082764
2013-07-04,31.5,-25.0,15.579681
2013-07-05,31.5,-25.0,14.793701
2013-07-06,31.5,-25.0,13.338257
2013-07-07,31.5,-25.0,10.692017
2013-07-08,31.5,-25.0,11.0277405
2013-07-09,31.5,-25.0,10.419495
2013-07-10,31.5,-25.0,9.989014
2013-07-11,31.5,-25.0,13.577209
2013-07-12,31.5,-25.0,12.465393
2013-07-13,31.5,-25.0,8.146515
2013-07-14,31.5,-25.0,8.594788
2013-07-15,31.5,-25.0,12.068481
2013-07-16,31.5,-25.0,9.753998
2013-07-17,31.5,-25.0,10.308929
2013-07-18,31.5,-25.0,15.07016
2013-07-19,31.5,-25.0,13.630524
2013-07-20,31.5,-25.0,9.65921
2013-07-21,31.5,-25.0,12.595734
2013-07-22,31.5,-25.0,10.079834
2013-07-23,31.5,-25.0,9.850769
2013-07-24,31.5,-25.0,10.322754
2013-07-25,31.5,-25.0,12.354828
2013-07-26,31.5,-25.0,9.617737
2013-07-27,31.5,-25.0,11.5234375
2013-07-28,31.5,-25.0,12.860352
2013-07-29,31.5,-25.0,15.012909
2013-07-30,31.5,-25.0,12.216583
2013-07-31,31.5,-25.0,10.6189575
2013-08-01,31.5,-25.0,11.035339
2013-08-02,31.5,-25.0,12.216339
2013-08-03,31.5,-25.0,12.45993
2013-08-04,31.5,-25.0,12.360535
2013-08-05,31.5,-25.0,13.239471
2013-08-06,31.5,-25.0,11.442627
2013-08-07,31.5,-25.0,11.505005
2013-08-08,31.5,-25.0,14.223633
2013-08-09,31.5,-25.0,14.200256
2013-08-10,31.5,-25.0,13.76178
2013-08-11,31.5,-25.0,13.485046
2013-08-12,31.5,-25.0,13.919617
2013-08-13,31.5,-25.0,12.610016
2013-08-14,31.5,-25.0,11.123016
2013-08-15,31.5,-25.0,13.175171
2013-08-16,31.5,-25.0,10.12912
2013-08-17,31.5,-25.0,9.986847
2013-08-18,31.5,-25.0,12.789307
2013-08-19,31.5,-25.0,15.68335
2013-08-20,31.5,-25.0,13.847534
2013-08-21,31.5,-25.0,11.475769
2013-08-22,31.5,-25.0,14.743988
2013-08-23,31.5,-25.0,14.077484
2013-08-24,31.5,-25.0,9.9322815
2013-08-25,31.5,-25.0,15.732056
2013-08-26,31.5,-25.0,15.813904
2013-08-27,31.5,-25.0,13.609772
2013-08-28,31.5,-25.0,14.993439
2013-08-29,31.5,-25.0,15.437775
2013-08-30,31.5,-25.0,17.791992
2013-08-31,31.5,-25.0,12.902313
2013-09-01,31.5,-25.0,11.018829
2013-09-02,31.5,-25.0,11.966797
2013-09-03,31.5,-25.0,11.123138
2013-09-04,31.5,-25.0,14.091797
2013-09-05,31.5,-25.0,16.730804
2013-09-06,31.5,-25.0,12.480804
2013-09-07,31.5,-25.0,14.063873
2013-09-08,31.5,-25.0,16.015656
2013-09-09,31.5,-25.0,16.086426
2013-09-10,31.5,-25.0,17.397552
2013-09-11,31.5,-25.0,15.957916
2013-09-12,31.5,-25.0,15.082581
2013-09-13,31.5,-25.0,14.181183
2013-09-14,31.5,-25.0,18.960114
2013-09-15,31.5,-25.0,18.583893
2013-09-16,31.5,-25.0,19.559814
2013-09-17,31.5,-25.0,18.464722
2013-09-18,31.5,-25.0,20.429535
2013-09-19,31.5,-25.0,20.520813
2013-09-20,31.5,-25.0,21.250854
2013-09-21,31.5,-25.0,14.732452
2013-09-22,31.5,-25.0,14.333893
2013-09-23,31.5,-25.0,14.939178
2013-09-24,31.5,-25.0,14.231476
2013-09-25,31.5,-25.0,17.313751
2013-09-26,31.5,-25.0,16.358337
2013-09-27,31.5,-25.0,19.76654
2013-09-28,31.5,-25.0,17.704865
2013-09-29,31.5,-25.0,12.81604
2013-09-30,31.5,-25.0,12.348602
2013-10-01,31.5,-25.0,11.041321
2013-10-02,31.5,-25.0,9.686737
2013-10-03,31.5,-25.0,11.224152
2013-10-04,31.5,-25.0,12.327789
2013-10-05,31.5,-25.0,15.703461
2013-10-06,31.5,-25.0,17.862518
2013-10-07,31.5,-25.0,16.283539
2013-10-08,31.5,-25.0,15.836426
2013-10-09,31.5,-25.0,14.751099
2013-10-10,31.5,-25.0,16.931763
2013-10-11,31.5,-25.0,18.527344
2013-10-12,31.5,-25.0,21.20996
2013-10-13,31.5,-25.0,16.747253
2013-10-14,31.5,-25.0,15.055267
2013-10-15,31.5,-25.0,13.546082
2013-10-16,31.5,-25.0,14.147766
2013-10-17,31.5,-25.0,18.886353
2013-10-18,31.5,-25.0,16.680786
2013-10-19,31.5,-25.0,14.827545
2013-10-20,31.5,-25.0,14.528381
2013-10-21,31.5,-25.0,14.784332
2013-10-22,31.5,-25.0,14.397064
2013-10-23,31.5,-25.0,13.863556
2013-10-24,31.5,-25.0,13.778778
2013-10-25,31.5,-25.0,12.490662
2013-10-26,31.5,-25.0,15.402649
2013-10-27,31.5,-25.0,17.99881
2013-10-28,31.5,-25.0,18.141754
2013-10-29,31.5,-25.0,18.076935
2013-10-30,31.5,-25.0,18.766693
2013-10-31,31.5,-25.0,19.444824
2013-11-01,31.5,-25.0,18.75531
2013-11-02,31.5,-25.0,18.380493
2013-11-03,31.5,-25.0,17.089172
2013-11-04,31.5,-25.0,14.538055
2013-11-05,31.5,-25.0,17.101776
2013-11-06,31.5,-25.0,17.991516
2013-11-07,31.5,-25.0,20.986755
2013-11-08,31.5,-25.0,19.048218
2013-11-09,31.5,-25.0,17.063995
2013-11-10,31.5,-25.0,19.767883
2013-11-11,31.5,-25.0,18.48285
2013-11-12,31.5,-25.0,18.08603
2013-11-13,31.5,-25.0,20.205658
2013-11-14,31.5,-25.0,22.986725
2013-11-15,31.5,-25.0,22.364685
2013-11-16,31.5,-25.0,21.528473
2013-11-17,31.5,-25.0,19.747406
2013-11-18,31.5,-25.0,20.923767
2013-11-19,31.5,-25.0,19.900146
2013-11-20,31.5,-25.0,19.145844
2013-11-21,31.5,-25.0,18.360016
2013-11-22,31.5,-25.0,15.964783
2013-11-23,31.5,-25.0,14.475067
2013-11-24,31.5,-25.0,17.514374
2013-11-25,31.5,-25.0,19.03717
2013-11-26,31.5,-25.0,18.328522
2013-11-27,31.5,-25.0,19.944244
2013-11-28,31.5,-25.0,16.45456
2013-11-29,31.5,-25.0,16.416748
2013-11-30,31.5,-25.0,15.98526
2013-12-01,31.5,-25.0,20.515503
2013-12-02,31.5,-25.0,19.526855
2013-12-03,31.5,-25.0,21.139374
2013-12-04,31.5,-25.0,21.464325
2013-12-05,31.5,-25.0,18.843231
2013-12-06,31.5,-25.0,18.81717
2013-12-07,31.5,-25.0,17.745728
2013-12-08,31.5,-25.0,16.89505
2013-12-09,31.5,-25.0,17.926605
2013-12-10,31.5,-25.0,18.427826
2013-12-11,31.5,-25.0,17.71048
2013-12-12,31.5,-25.0,16.815338
2013-12-13,31.5,-25.0,19.933044
2013-12-14,31.5,-25.0,20.566101
2013-12-15,31.5,-25.0,21.870514
2013-12-16,31.5,-25.0,20.731628
2013-12-17,31.5,-25.0,19.775177
2013-12-18,31.5,-25.0,19.076202
2013-12-19,31.5,-25.0,18.639374
2013-12-20,31.5,-25.0,16.901154
2013-12-21,31.5,-25.0,15.894104
2013-12-22,31.5,-25.0,17.374817
2013-12-23,31.5,-25.0,19.20343
2013-12-24,31.5,-25.0,18.294495
2013-12-25,31.5,-25.0,20.730103
2013-12-26,31.5,-25.0,22.400848
2013-12-27,31.5,-25.0,20.961548
2013-12-28,31.5,-25.0,20.2258
2013-12-29,31.5,-25.0,18.584167
2013-12-30,31.5,-25.0,18.452362
2013-12-31,31.5,-25.0,19.28006
2014-01-01,31.5,-25.0,18.14273
2014-01-02,31.5,-25.0,18.13446
2014-01-03,31.5,-25.0,21.1586
2014-01-04,31.5,-25.0,20.207855
2014-01-05,31.5,-25.0,18.529633
2014-01-06,31.5,-25.0,19.21582
2014-01-07,31.5,-25.0,21.481018
2014-01-08,31.5,-25.0,21.276001
2014-01-09,31.5,-25.0,21.626526
2014-01-10,31.5,-25.0,21.029633
2014-01-11,31.5,-25.0,21.957214
2014-01-12,31.5,-25.0,22.18869
2014-01-13,31.5,-25.0,20.657593
2014-01-14,31.5,-25.0,20.399658
2014-01-15,31.5,-25.0,19.890411
2014-01-16,31.5,-25.0,20.355011
2014-01-17,31.5,-25.0,19.2406
2014-01-18,31.5,-25.0,18.423798
2014-01-19,31.5,-25.0,18.890076
2014-01-20,31.5,-25.0,20.512085
2014-01-21,31.5,-25.0,20.105347
2014-01-22,31.5,-25.0,19.531616
2014-01-23,31.5,-25.0,22.481354
2014-01-24,31.5,-25.0,22.234985
2014-01-25,31.5,-25.0,22.793854
2014-01-26,31.5,-25.0,20.90561
2014-01-27,31.5,-25.0,20.94696
2014-01-28,31.5,-25.0,21.725708
2014-01-29,31.5,-25.0,22.153961
2014-01-30,31.5,-25.0,23.096436
2014-01-31,31.5,-25.0,22.177124
2014-02-01,31.5,-25.0,21.827545
2014-02-02,31.5,-25.0,21.235138
2014-02-03,31.5,-25.0,21.937012
2014-02-04,31.5,-25.0,21.053223
2014-02-05,31.5,-25.0,20.235443
2014-02-06,31.5,-25.0,22.902924
2014-02-07,31.5,-25.0,21.772827
2014-02-08,31.5,-25.0,21.43637
2014-02-09,31.5,-25.0,20.5896
2014-02-10,31.5,-25.0,19.420868
2014-02-11,31.5,-25.0,18.417938
2014-02-12,31.5,-25.0,18.442078
2014-02-13,31.5,-25.0,22.17044
2014-02-14,31.5,-25.0,22.056152
2014-02-15,31.5,-25.0,20.794037
2014-02-16,31.5,-25.0,19.794342
2014-02-17,31.5,-25.0,18.79303
2014-02-18,31.5,-25.0,16.85318
2014-02-19,31.5,-25.0,19.931183
2014-02-20,31.5,-25.0,17.579224
2014-02-21,31.5,-25.0,21.684265
2014-02-22,31.5,-25.0,21.201324
2014-02-23,31.5,-25.0,21.209381
2014-02-24,31.5,-25.0,20.322357
2014-02-25,31.5,-25.0,21.357483
2014-02-26,31.5,-25.0,19.939209
2014-02-27,31.5,-25.0,18.316528
2014-02-28,31.5,-25.0,18.818787
2014-03-01,31.5,-25.0,23.378906
2014-03-02,31.5,-25.0,22.816132
2014-03-03,31.5,-25.0,21.98175
2014-03-04,31.5,-25.0,21.520782
2014-03-05,31.5,-25.0,21.62619
2014-03-06,31.5,-25.0,21.109863
2014-03-07,31.5,-25.0,21.118805
2014-03-08,31.5,-25.0,21.549377
2014-03-09,31.5,-25.0,22.140747
2014-03-10,31.5,-25.0,20.636383
2014-03-11,31.5,-25.0,20.482758
2014-03-12,31.5,-25.0,19.837769
2014-03-13,31.5,-25.0,18.158295
2014-03-14,31.5,-25.0,17.272125
2014-03-15,31.5,-25.0,16.791504
2014-03-16,31.5,-25.0,19.580475
2014-03-17,31.5,-25.0,21.606537
2014-03-18,31.5,-25.0,21.102722
2014-03-19,31.5,-25.0,20.895447
2014-03-20,31.5,-25.0,20.786469
2014-03-21,31.5,-25.0,19.289246
2014-03-22,31.5,-25.0,17.913544
2014-03-23,31.5,-25.0,16.23407
2014-03-24,31.5,-25.0,21.129517
2014-03-25,31.5,-25.0,20.659637
2014-03-26,31.5,-25.0,18.285156
2014-03-27,31.5,-25.0,18.063599
2014-03-28,31.5,-25.0,19.48935
2014-03-29,31.5,-25.0,18.158295
2014-03-30,31.5,-25.0,18.640686
2014-03-31,31.5,-25.0,19.90207
2014-04-01,31.5,-25.0,19.01004
2014-04-02,31.5,-25.0,18.510223
2014-04-03,31.5,-25.0,20.287537
2014-04-04,31.5,-25.0,19.499023
2014-04-05,31.5,-25.0,18.073578
2014-04-06,31.5,-25.0,15.498749
2014-04-07,31.5,-25.0,16.895325
2014-04-08,31.5,-25.0,16.844818
2014-04-09,31.5,-25.0,16.891724
2014-04-10,31.5,-25.0,17.577362
2014-04-11,31.5,-25.0,16.678802
2014-04-12,31.5,-25.0,16.837585
2014-04-13,31.5,-25.0,16.99997
2014-04-14,31.5,-25.0,15.834351
2014-04-15,31.5,-25.0,15.915558
2014-04-16,31.5,-25.0,16.868256
2014-04-17,31.5,-25.0,14.0173645
2014-04-18,31.5,-25.0,13.528381
2014-04-19,31.5,-25.0,14.816711
2014-04-20,31.5,-25.0,14.381866
2014-04-21,31.5,-25.0,15.199219
2014-04-22,31.5,-25.0,18.925232
2014-04-23,31.5,-25.0,18.567963
2014-04-24,31.5,-25.0,17.297699
2014-04-25,31.5,-25.0,15.522217
2014-04-26,31.5,-25.0,13.353363
2014-04-27,31.5,-25.0,13.871216
2014-04-28,31.5,-25.0,13.19458
2014-04-29,31.5,-25.0,10.807404
2014-04-30,31.5,-25.0,13.717834
2014-05-01,31.5,-25.0,14.5000305
2014-05-02,31.5,-25.0,16.856903
2014-05-03,31.5,-25.0,16.917786
2014-05-04,31.5,-25.0,16.120483
2014-05-05,31.5,-25.0,16.358582
2014-05-06,31.5,-25.0,16.543121
2014-05-07,31.5,-25.0,14.2361145
2014-05-08,31.5,-25.0,12.630402
2014-05-09,31.5,-25.0,13.433258
2014-05-10,31.5,-25.0,16.109406
2014-05-11,31.5,-25.0,16.666779
2014-05-12,31.5,-25.0,16.963928
2014-05-13,31.5,-25.0,16.033752
2014-05-14,31.5,-25.0,15.496674
2014-05-15,31.5,-25.0,13.940796
2014-05-16,31.5,-25.0,12.65625
2014-05-17,31.5,-25.0,16.179535
2014-05-18,31.5,-25.0,15.140472
2014-05-19,31.5,-25.0,12.918335
2014-05-20,31.5,-25.0,11.462128
2014-05-21,31.5,-25.0,12.877716
2014-05-22,31.5,-25.0,14.477875
2014-05-23,31.5,-25.0,13.597504
2014-05-24,31.5,-25.0,12.028717
2014-05-25,31.5,-25.0,12.922028
2014-05-26,31.5,-25.0,13.551361
2014-05-27,31.5,-25.0,14.313629
2014-05-28,31.5,-25.0,13.049377
2014-05-29,31.5,-25.0,12.04718
2014-05-30,31.5,-25.0,12.218842
2014-05-31,31.5,-25.0,15.622162
2014-06-01,31.5,-25.0,12.556702
2014-06-02,31.5,-25.0,14.708313
2014-06-03,31.5,-25.0,11.77124
2014-06-04,31.5,-25.0,14.766022
2014-06-05,31.5,-25.0,17.36621
2014-06-06,31.5,-25.0,9.279022
2014-06-07,31.5,-25.0,7.2967834
2014-06-08,31.5,-25.0,7.384247
2014-06-09,31.5,-25.0,8.409821
2014-06-10,31.5,-25.0,8.63501
2014-06-11,31.5,-25.0,10.996979
2014-06-12,31.5,-25.0,8.4339905
2014-06-13,31.5,-25.0,7.5052185
2014-06-14,31.5,-25.0,8.179016
2014-06-15,31.5,-25.0,9.528442
2014-06-16,31.5,-25.0,13.357056
2014-06-17,31.5,-25.0,13.022034
2014-06-18,31.5,-25.0,10.365997
2014-06-19,31.5,-25.0,12.873108
2014-06-20,31.5,-25.0,12.834045
2014-06-21,31.5,-25.0,10.563293
2014-06-22,31.5,-25.0,7.8291016
2014-06-23,31.5,-25.0,9.251099
2014-06-24,31.5,-25.0,7.929596
2014-06-25,31.5,-25.0,8.651764
2014-06-26,31.5,-25.0,8.726227
2014-06-27,31.5,-25.0,12.99411
2014-06-28,31.5,-25.0,16.24945
2014-06-29,31.5,-25.0,13.773987
2014-06-30,31.5,-25.0,11.110504
2014-07-01,31.5,-25.0,10.557343
2014-07-02,31.5,-25.0,7.6312866
2014-07-03,31.5,-25.0,9.309509
2014-07-04,31.5,-25.0,9.922607
2014-07-05,31.5,-25.0,13.402832
2014-07-06,31.5,-25.0,13.497162
2014-07-07,31.5,-25.0,13.5737915
2014-07-08,31.5,-25.0,9.071716
2014-07-09,31.5,-25.0,6.902252
2014-07-10,31.5,-25.0,6.39917
2014-07-11,31.5,-25.0,5.2770996
2014-07-12,31.5,-25.0,8.971497
2014-07-13,31.5,-25.0,7.8435364
2014-07-14,31.5,-25.0,13.442139
2014-07-15,31.5,-25.0,12.149078
2014-07-16,31.5,-25.0,9.604279
2014-07-17,31.5,-25.0,9.645538
2014-07-18,31.5,-25.0,8.894867
2014-07-19,31.5,-25.0,12.777924
2014-07-20,31.5,-25.0,13.202393
2014-07-21,31.5,-25.0,11.930969
2014-07-22,31.5,-25.0,9.140503
2014-07-23,31.5,-25.0,10.20166
2014-07-24,31.5,-25.0,10.054291
2014-07-25,31.5,-25.0,11.080078
2014-07-26,31.5,-25.0,12.243408
2014-07-27,31.5,-25.0,14.025757
2014-07-28,31.5,-25.0,15.405273
2014-07-29,31.5,-25.0,11.496674
2014-07-30,31.5,-25.0,8.275848
2014-07-31,31.5,-25.0,8.670837
2014-08-01,31.5,-25.0,11.736633
2014-08-02,31.5,-25.0,9.735107
2014-08-03,31.5,-25.0,11.350098
2014-08-04,31.5,-25.0,11.422821
2014-08-05,31.5,-25.0,13.822327
2014-08-06,31.5,-25.0,13.688385
2014-08-07,31.5,-25.0,12.281982
2014-08-08,31.5,-25.0,14.501617
2014-08-09,31.5,-25.0,14.084473
2014-08-10,31.5,-25.0,11.617981
2014-08-11,31.5,-25.0,13.722839
2014-08-12,31.5,-25.0,14.065338
2014-08-13,31.5,-25.0,12.151855
2014-08-14,31.5,-25.0,11.740448
2014-08-15,31.5,-25.0,15.098633
2014-08-16,31.5,-25.0,15.908051
2014-08-17,31.5,-25.0,15.079498
2014-08-18,31.5,-25.0,11.617981
2014-08-19,31.5,-25.0,13.056946
2014-08-20,31.5,-25.0,14.245209
2014-08-21,31.5,-25.0,15.404816
2014-08-22,31.5,-25.0,14.587738
2014-08-23,31.5,-25.0,11.535706
2014-08-24,31.5,-25.0,11.529968
2014-08-25,31.5,-25.0,11.908844
2014-08-26,31.5,-25.0,9.495911
2014-08-27,31.5,-25.0,12.153778
2014-08-28,31.5,-25.0,14.522675
2014-08-29,31.5,-25.0,11.0401
2014-08-30,31.5,-25.0,7.515442
2014-08-31,31.5,-25.0,8.319092
2014-09-01,31.5,-25.0,11.031891
2014-09-02,31.5,-25.0,11.832581
2014-09-03,31.5,-25.0,12.526367
2014-09-04,31.5,-25.0,11.106171
2014-09-05,31.5,-25.0,12.741943
2014-09-06,31.5,-25.0,9.948639
2014-09-07,31.5,-25.0,12.030029
2014-09-08,31.5,-25.0,13.997314
2014-09-09,31.5,-25.0,15.638519
2014-09-10,31.5,-25.0,17.047852
2014-09-11,31.5,-25.0,18.536896
2014-09-12,31.5,-25.0,17.087708
2014-09-13,31.5,-25.0,19.094849
2014-09-14,31.5,-25.0,17.689117
2014-09-15,31.5,-25.0,18.169159
2014-09-16,31.5,-25.0,15.377655
2014-09-17,31.5,-25.0,16.151154
2014-09-18,31.5,-25.0,17.462677
2014-09-19,31.5,-25.0,17.526093
2014-09-20,31.5,-25.0,16.457306
2014-09-21,31.5,-25.0,14.571564
2014-09-22,31.5,-25.0,15.8396
2014-09-23,31.5,-25.0,13.077057
2014-09-24,31.5,-25.0,13.575226
2014-09-25,31.5,-25.0,14.419373
2014-09-26,31.5,-25.0,16.406586
2014-09-27,31.5,-25.0,16.971771
2014-09-28,31.5,-25.0,17.464508
2014-09-29,31.5,-25.0,17.214508
2014-09-30,31.5,-25.0,18.285095
2014-10-01,31.5,-25.0,14.684326
2014-10-02,31.5,-25.0,14.964722
2014-10-03,31.5,-25.0,13.760925
2014-10-04,31.5,-25.0,12.68396
2014-10-05,31.5,-25.0,12.2821045
2014-10-06,31.5,-25.0,14.864716
2014-10-07,31.5,-25.0,14.745056
2014-10-08,31.5,-25.0,17.977753
2014-10-09,31.5,-25.0,17.277618
2014-10-10,31.5,-25.0,16.92221
2014-10-11,31.5,-25.0,16.79898
2014-10-12,31.5,-25.0,18.08847
2014-10-13,31.5,-25.0,19.197601
2014-10-14,31.5,-25.0,17.138306
2014-10-15,31.5,-25.0,15.143311
2014-10-16,31.5,-25.0,18.590363
2014-10-17,31.5,-25.0,14.641449
2014-10-18,31.5,-25.0,11.565918
2014-10-19,31.5,-25.0,12.021362
2014-10-20,31.5,-25.0,14.319977
2014-10-21,31.5,-25.0,16.54535
2014-10-22,31.5,-25.0,16.718597
2014-10-23,31.5,-25.0,15.748779
2014-10-24,31.5,-25.0,15.086182
2014-10-25,31.5,-25.0,17.307983
2014-10-26,31.5,-25.0,17.34372
2014-10-27,31.5,-25.0,16.745392
2014-10-28,31.5,-25.0,15.3880005
2014-10-29,31.5,-25.0,13.47876
2014-10-30,31.5,-25.0,16.181
2014-10-31,31.5,-25.0,18.968994
2014-11-01,31.5,-25.0,18.300781
2014-11-02,31.5,-25.0,17.744537
2014-11-03,31.5,-25.0,18.258331
2014-11-04,31.5,-25.0,18.829224
2014-11-05,31.5,-25.0,19.048798
2014-11-06,31.5,-25.0,17.314148
2014-11-07,31.5,-25.0,17.404907
2014-11-08,31.5,-25.0,17.784058
2014-11-09,31.5,-25.0,17.161926
2014-11-10,31.5,-25.0,19.627014
2014-11-11,31.5,-25.0,19.28009
2014-11-12,31.5,-25.0,18.77069
2014-11-13,31.5,-25.0,21.300201
2014-11-14,31.5,-25.0,19.802704
2014-11-15,31.5,-25.0,19.445526
2014-11-16,31.5,-25.0,15.870819
2014-11-17,31.5,-25.0,15.254517
2014-11-18,31.5,-25.0,15.1901245
2014-11-19,31.5,-25.0,13.576965
2014-11-20,31.5,-25.0,17.028717
2014-11-21,31.5,-25.0,19.643127
2014-11-22,31.5,-25.0,20.16864
2014-11-23,31.5,-25.0,19.2435
2014-11-24,31.5,-25.0,19.486511
2014-11-25,31.5,-25.0,19.862701
2014-11-26,31.5,-25.0,19.184937
2014-11-27,31.5,-25.0,18.23639
2014-11-28,31.5,-25.0,20.536072
2014-11-29,31.5,-25.0,19.053192
2014-11-30,31.5,-25.0,18.878998
2014-12-01,31.5,-25.0,17.853302
2014-12-02,31.5,-25.0,15.7491455
2014-12-03,31.5,-25.0,13.624695
2014-12-04,31.5,-25.0,17.030334
2014-12-05,31.5,-25.0,19.199982
2014-12-06,31.5,-25.0,20.93631
2014-12-07,31.5,-25.0,19.825012
2014-12-08,31.5,-25.0,19.419739
2014-12-09,31.5,-25.0,19.281036
2014-12-10,31.5,-25.0,18.75888
2014-12-11,31.5,-25.0,21.47406
2014-12-12,31.5,-25.0,22.335968
2014-12-13,31.5,-25.0,19.807861
2014-12-14,31.5,-25.0,18.599915
2014-12-15,31.5,-25.0,20.336243
2014-12-16,31.5,-25.0,19.609894
2014-12-17,31.5,-25.0,19.553802
2014-12-18,31.5,-25.0,18.883575
2014-12-19,31.5,-25.0,19.999573
2014-12-20,31.5,-25.0,21.174774
2014-12-21,31.5,-25.0,21.977478
2014-12-22,31.5,-25.0,21.1857
2014-12-23,31.5,-25.0,21.64862
2014-12-24,31.5,-25.0,20.736816
2014-12-25,31.5,-25.0,23.059204
2014-12-26,31.5,-25.0,21.634583
2014-12-27,31.5,-25.0,20.956573
2014-12-28,31.5,-25.0,21.56601
2014-12-29,31.5,-25.0,20.308167
2014-12-30,31.5,-25.0,19.675354
2014-12-31,31.5,-25.0,19.446259
2015-01-01,31.5,-25.0,18.931335
2015-01-02,31.5,-25.0,18.438904
2015-01-03,31.5,-25.0,19.681946
2015-01-04,31.5,-25.0,20.953674
2015-01-05,31.5,-25.0,20.797485
2015-01-06,31.5,-25.0,20.929749
2015-01-07,31.5,-25.0,22.606262
2015-01-08,31.5,-25.0,21.699493
2015-01-09,31.5,-25.0,20.59668
2015-01-10,31.5,-25.0,21.444489
2015-01-11,31.5,-25.0,21.752075
2015-01-12,31.5,-25.0,20.991913
2015-01-13,31.5,-25.0,21.917816
2015-01-14,31.5,-25.0,22.330566
2015-01-15,31.5,-25.0,22.364044
2015-01-16,31.5,-25.0,21.187927
2015-01-17,31.5,-25.0,18.295471
2015-01-18,31.5,-25.0,18.34967
2015-01-19,31.5,-25.0,20.131348
2015-01-20,31.5,-25.0,19.605438
2015-01-21,31.5,-25.0,20.791107
2015-01-22,31.5,-25.0,20.803864
2015-01-23,31.5,-25.0,19.205444
2015-01-24,31.5,-25.0,18.622162
2015-01-25,31.5,-25.0,18.649261
2015-01-26,31.5,-25.0,21.557648
2015-01-27,31.5,-25.0,22.768799
2015-01-28,31.5,-25.0,23.769623
2015-01-29,31.5,-25.0,22.732147
2015-01-30,31.5,-25.0,22.423004
2015-01-31,31.5,-25.0,21.377563
2015-02-01,31.5,-25.0,22.068512
2015-02-02,31.5,-25.0,20.409729
2015-02-03,31.5,-25.0,20.577606
2015-02-04,31.5,-25.0,22.668549
2015-02-05,31.5,-25.0,22.442505
2015-02-06,31.5,-25.0,22.287903
2015-02-07,31.5,-25.0,23.301788
2015-02-08,31.5,-25.0,22.394287
2015-02-09,31.5,-25.0,22.289581
2015-02-10,31.5,-25.0,21.357147
2015-02-11,31.5,-25.0,20.474548
2015-02-12,31.5,-25.0,23.321747
2015-02-13,31.5,-25.0,23.780487
2015-02-14,31.5,-25.0,22.756622
2015-02-15,31.5,-25.0,20.700623
2015-02-16,31.5,-25.0,19.39087
2015-02-17,31.5,-25.0,17.610748
2015-02-18,31.5,-25.0,17.74704
2015-02-19,31.5,-25.0,18.001343
2015-02-20,31.5,-25.0,20.231903
2015-02-21,31.5,-25.0,18.82077
2015-02-22,31.5,-25.0,21.114471
2015-02-23,31.5,-25.0,19.761536
2015-02-24,31.5,-25.0,20.291718
2015-02-25,31.5,-25.0,20.898407
2015-02-26,31.5,-25.0,22.650269
2015-02-27,31.5,-25.0,22.356049
2015-02-28,31.5,-25.0,21.66629
2015-03-01,31.5,-25.0,21.05188
2015-03-02,31.5,-25.0,19.487762
2015-03-03,31.5,-25.0,16.543213
2015-03-04,31.5,-25.0,15.64743
2015-03-05,31.5,-25.0,16.258057
2015-03-06,31.5,-25.0,20.992401
2015-03-07,31.5,-25.0,21.219818
2015-03-08,31.5,-25.0,20.915405
2015-03-09,31.5,-25.0,21.365051
2015-03-10,31.5,-25.0,20.932892
2015-03-11,31.5,-25.0,19.07837
2015-03-12,31.5,-25.0,20.329315
2015-03-13,31.5,-25.0,19.629486
2015-03-14,31.5,-25.0,21.85492
2015-03-15,31.5,-25.0,20.381775
2015-03-16,31.5,-25.0,21.310822
2015-03-17,31.5,-25.0,22.81543
2015-03-18,31.5,-25.0,22.01413
2015-03-19,31.5,-25.0,21.777954
2015-03-20,31.5,-25.0,23.08139
2015-03-21,31.5,-25.0,22.752472
2015-03-22,31.5,-25.0,22.483032
2015-03-23,31.5,-25.0,22.39029
2015-03-24,31.5,-25.0,20.292572
2015-03-25,31.5,-25.0,19.431763
2015-03-26,31.5,-25.0,22.645721
2015-03-27,31.5,-25.0,23.049896
2015-03-28,31.5,-25.0,21.48227
2015-03-29,31.5,-25.0,20.040619
2015-03-30,31.5,-25.0,20.178833
2015-03-31,31.5,-25.0,20.065125
2015-04-01,31.5,-25.0,18.287018
2015-04-02,31.5,-25.0,16.340973
2015-04-03,31.5,-25.0,17.796448
2015-04-04,31.5,-25.0,19.618042
2015-04-05,31.5,-25.0,19.94629
2015-04-06,31.5,-25.0,19.623444
2015-04-07,31.5,-25.0,18.276184
2015-04-08,31.5,-25.0,18.669373
2015-04-09,31.5,-25.0,18.492615
2015-04-10,31.5,-25.0,17.978607
2015-04-11,31.5,-25.0,15.211945
2015-04-12,31.5,-25.0,19.004822
2015-04-13,31.5,-25.0,16.840546
2015-04-14,31.5,-25.0,16.651184
2015-04-15,31.5,-25.0,17.419495
2015-04-16,31.5,-25.0,19.758698
2015-04-17,31.5,-25.0,18.151733
2015-04-18,31.5,-25.0,17.183228
2015-04-19,31.5,-25.0,17.695435
2015-04-20,31.5,-25.0,15.541992
2015-04-21,31.5,-25.0,18.858734
2015-04-22,31.5,-25.0,17.931702
2015-04-23,31.5,-25.0,16.037964
2015-04-24,31.5,-25.0,17.722504
2015-04-25,31.5,-25.0,17.6792
2015-04-26,31.5,-25.0,16.344574
2015-04-27,31.5,-25.0,17.489838
2015-04-28,31.5,-25.0,17.304077
2015-04-29,31.5,-25.0,16.257996
2015-04-30,31.5,-25.0,17.010101
2015-05-01,31.5,-25.0,16.4646
2015-05-02,31.5,-25.0,14.812347
2015-05-03,31.5,-25.0,16.312653
2015-05-04,31.5,-25.0,14.829468
2015-05-05,31.5,-25.0,16.747559
2015-05-06,31.5,-25.0,16.901398
2015-05-07,31.5,-25.0,18.25357
2015-05-08,31.5,-25.0,16.47409
2015-05-09,31.5,-25.0,14.345184
2015-05-10,31.5,-25.0,15.068756
2015-05-11,31.5,-25.0,16.614624
2015-05-12,31.5,-25.0,16.578552
2015-05-13,31.5,-25.0,14.662323
2015-05-14,31.5,-25.0,14.039429
2015-05-15,31.5,-25.0,15.01178
2015-05-16,31.5,-25.0,14.694611
2015-05-17,31.5,-25.0,18.154816
2015-05-18,31.5,-25.0,16.882385
2015-05-19,31.5,-25.0,13.574127
2015-05-20,31.5,-25.0,13.762146
2015-05-21,31.5,-25.0,14.768677
2015-05-22,31.5,-25.0,13.735565
2015-05-23,31.5,-25.0,16.221497
2015-05-24,31.5,-25.0,13.7013855
2015-05-25,31.5,-25.0,13.144928
2015-05-26,31.5,-25.0,12.844879
2015-05-27,31.5,-25.0,13.139252
2015-05-28,31.5,-25.0,13.581726
2015-05-29,31.5,-25.0,13.496277
2015-05-30,31.5,-25.0,13.765961
2015-05-31,31.5,-25.0,13.281677
2015-06-01,31.5,-25.0,12.59491
2015-06-02,31.5,-25.0,16.358948
2015-06-03,31.5,-25.0,13.777344
2015-06-04,31.5,-25.0,16.056702
2015-06-05,31.5,-25.0,10.298462
2015-06-06,31.5,-25.0,8.471558
2015-06-07,31.5,-25.0,10.836426
2015-06-08,31.5,-25.0,8.650238
2015-06-09,31.5,-25.0,9.35553
2015-06-10,31.5,-25.0,11.961853
2015-06-11,31.5,-25.0,10.659637
2015-06-12,31.5,-25.0,11.380127
2015-06-13,31.5,-25.0,9.98288
2015-06-14,31.5,-25.0,9.663513
2015-06-15,31.5,-25.0,9.68631
2015-06-16,31.5,-25.0,9.423981
2015-06-17,31.5,-25.0,10.060822
2015-06-18,31.5,-25.0,8.340393
2015-06-19,31.5,-25.0,7.9373474
2015-06-20,31.5,-25.0,12.623413
2015-06-21,31.5,-25.0,9.95816
2015-06-22,31.5,-25.0,9.838409
2015-06-23,31.5,-25.0,9.467682
2015-06-24,31.5,-25.0,9.701508
2015-06-25,31.5,-25.0,10.579803
2015-06-26,31.5,-25.0,14.543457
2015-06-27,31.5,-25.0,13.199432
2015-06-28,31.5,-25.0,11.169128
2015-06-29,31.5,-25.0,12.81543
2015-06-30,31.5,-25.0,16.172638
2015-07-01,31.5,-25.0,13.780182
2015-07-02,31.5,-25.0,13.003662
2015-07-03,31.5,-25.0,11.470367
2015-07-04,31.5,-25.0,11.083099
2015-07-05,31.5,-25.0,12.244904
2015-07-06,31.5,-25.0,10.298676
2015-07-07,31.5,-25.0,15.651306
2015-07-08,31.5,-25.0,14.303772
2015-07-09,31.5,-25.0,12.231079
2015-07-10,31.5,-25.0,15.511047
2015-07-11,31.5,-25.0,15.325287
2015-07-12,31.5,-25.0,13.3810425
2015-07-13,31.5,-25.0,11.312317
2015-07-14,31.5,-25.0,14.805634
2015-07-15,31.5,-25.0,11.988068
2015-07-16,31.5,-25.0,12.039429
2015-07-17,31.5,-25.0,13.003662
2015-07-18,31.5,-25.0,9.923279
2015-07-19,31.5,-25.0,10.156433
2015-07-20,31.5,-25.0,12.634155
2015-07-21,31.5,-25.0,11.565216
2015-07-22,31.5,-25.0,14.552734
2015-07-23,31.5,-25.0,12.987854
2015-07-24,31.5,-25.0,12.440521
2015-07-25,31.5,-25.0,14.248444
2015-07-26,31.5,-25.0,10.7274475
2015-07-27,31.5,-25.0,9.441162
2015-07-28,31.5,-25.0,10.626678
2015-07-29,31.5,-25.0,10.747192
2015-07-30,31.5,-25.0,12.025604
2015-07-31,31.5,-25.0,12.274567
2015-08-01,31.5,-25.0,9.704193
2015-08-02,31.5,-25.0,8.381653
2015-08-03,31.5,-25.0,9.323456
2015-08-04,31.5,-25.0,11.108887
2015-08-05,31.5,-25.0,10.802307
2015-08-06,31.5,-25.0,11.665955
2015-08-07,31.5,-25.0,8.744324
2015-08-08,31.5,-25.0,9.972717
2015-08-09,31.5,-25.0,11.1128845
2015-08-10,31.5,-25.0,15.491333
2015-08-11,31.5,-25.0,14.8480835
2015-08-12,31.5,-25.0,15.519379
2015-08-13,31.5,-25.0,15.505341
2015-08-14,31.5,-25.0,13.830139
2015-08-15,31.5,-25.0,14.723846
2015-08-16,31.5,-25.0,13.377258
2015-08-17,31.5,-25.0,16.43515
2015-08-18,31.5,-25.0,12.453461
2015-08-19,31.5,-25.0,12.720001
2015-08-20,31.5,-25.0,16.006317
2015-08-21,31.5,-25.0,15.453247
2015-08-22,31.5,-25.0,15.465271
2015-08-23,31.5,-25.0,16.912048
2015-08-24,31.5,-25.0,15.098572
2015-08-25,31.5,-25.0,14.258942
2015-08-26,31.5,-25.0,14.5815735
2015-08-27,31.5,-25.0,15.850006
2015-08-28,31.5,-25.0,14.799988
2015-08-29,31.5,-25.0,16.35498
2015-08-30,31.5,-25.0,17.38095
2015-08-31,31.5,-25.0,17.701569
2015-09-01,31.5,-25.0,18.442749
2015-09-02,31.5,-25.0,17.058228
2015-09-03,31.5,-25.0,15.65625
2015-09-04,31.5,-25.0,15.081146
2015-09-05,31.5,-25.0,14.2213745
2015-09-06,31.5,-25.0,13.562988
2015-09-07,31.5,-25.0,12.242371
2015-09-08,31.5,-25.0,12.997559
2015-09-09,31.5,-25.0,18.09613
2015-09-10,31.5,-25.0,17.892792
2015-09-11,31.5,-25.0,17.12793
2015-09-12,31.5,-25.0,15.567169
2015-09-13,31.5,-25.0,15.72403
2015-09-14,31.5,-25.0,11.79892
2015-09-15,31.5,-25.0,8.871094
2015-09-16,31.5,-25.0,13.361603
2015-09-17,31.5,-25.0,14.811981
2015-09-18,31.5,-25.0,15.541992
2015-09-19,31.5,-25.0,14.902985
2015-09-20,31.5,-25.0,15.228302
2015-09-21,31.5,-25.0,15.489716
2015-09-22,31.5,-25.0,15.385162
2015-09-23,31.5,-25.0,18.16391
2015-09-24,31.5,-25.0,18.185211
2015-09-25,31.5,-25.0,15.609772
2015-09-26,31.5,-25.0,17.29834
2015-09-27,31.5,-25.0,15.0520935
2015-09-28,31.5,-25.0,18.40207
2015-09-29,31.5,-25.0,19.469055
2015-09-30,31.5,-25.0,20.063507
2015-10-01,31.5,-25.0,19.721832
2015-10-02,31.5,-25.0,18.925568
2015-10-03,31.5,-25.0,17.5979
2015-10-04,31.5,-25.0,22.001678
2015-10-05,31.5,-25.0,21.49878
2015-10-06,31.5,-25.0,19.394958
2015-10-07,31.5,-25.0,17.706879
2015-10-08,31.5,-25.0,21.44513
2015-10-09,31.5,-25.0,19.847565
2015-10-10,31.5,-25.0,21.912842
2015-10-11,31.5,-25.0,19.316162
2015-10-12,31.5,-25.0,18.03711
2015-10-13,31.5,-25.0,20.362213
2015-10-14,31.5,-25.0,21.649658
2015-10-15,31.5,-25.0,19.832489
2015-10-16,31.5,-25.0,17.326324
2015-10-17,31.5,-25.0,16.92569
2015-10-18,31.5,-25.0,16.414398
2015-10-19,31.5,-25.0,14.94928
2015-10-20,31.5,-25.0,17.048065
2015-10-21,31.5,-25.0,17.294495
2015-10-22,31.5,-25.0,19.237366
2015-10-23,31.5,-25.0,17.326324
2015-10-24,31.5,-25.0,18.28186
2015-10-25,31.5,-25.0,18.456207
2015-10-26,31.5,-25.0,19.145172
2015-10-27,31.5,-25.0,16.865326
2015-10-28,31.5,-25.0,14.950958
2015-10-29,31.5,-25.0,17.547607
2015-10-30,31.5,-25.0,18.130981
2015-10-31,31.5,-25.0,17.379974
2015-11-01,31.5,-25.0,21.017578
2015-11-02,31.5,-25.0,17.907593
2015-11-03,31.5,-25.0,15.553253
2015-11-04,31.5,-25.0,14.741943
2015-11-05,31.5,-25.0,15.413239
2015-11-06,31.5,-25.0,13.48999
2015-11-07,31.5,-25.0,18.763428
2015-11-08,31.5,-25.0,20.491028
2015-11-09,31.5,-25.0,19.302704
2015-11-10,31.5,-25.0,20.786926
2015-11-11,31.5,-25.0,21.73819
2015-11-12,31.5,-25.0,22.234528
2015-11-13,31.5,-25.0,21.952972
2015-11-14,31.5,-25.0,21.21164
2015-11-15,31.5,-25.0,18.621857
2015-11-16,31.5,-25.0,17.253784
2015-11-17,31.5,-25.0,16.459991
2015-11-18,31.5,-25.0,19.762451
2015-11-19,31.5,-25.0,18.206665
2015-11-20,31.5,-25.0,19.872223
2015-11-21,31.5,-25.0,21.83841
2015-11-22,31.5,-25.0,17.598999
2015-11-23,31.5,-25.0,17.247437
2015-11-24,31.5,-25.0,16.837006
2015-11-25,31.5,-25.0,17.880554
2015-11-26,31.5,-25.0,22.609955
2015-11-27,31.5,-25.0,18.812744
2015-11-28,31.5,-25.0,17.828064
2015-11-29,31.5,-25.0,16.682709
2015-11-30,31.5,-25.0,17.126526
2015-12-01,31.5,-25.0,21.484528
2015-12-02,31.5,-25.0,24.611511
2015-12-03,31.5,-25.0,23.134125
2015-12-04,31.5,-25.0,23.194183
2015-12-05,31.5,-25.0,22.701172
2015-12-06,31.5,-25.0,21.896942
2015-12-07,31.5,-25.0,22.824432
2015-12-08,31.5,-25.0,23.693481
2015-12-09,31.5,-25.0,24.069519
2015-12-10,31.5,-25.0,23.95102
2015-12-11,31.5,-25.0,23.053558
2015-12-12,31.5,-25.0,25.459991
2015-12-13,31.5,-25.0,20.049805
2015-12-14,31.5,-25.0,19.111267
2015-12-15,31.5,-25.0,18.501343
2015-12-16,31.5,-25.0,17.599121
2015-12-17,31.5,-25.0,20.914124
2015-12-18,31.5,-25.0,21.604614
2015-12-19,31.5,-25.0,22.342499
2015-12-20,31.5,-25.0,23.631836
2015-12-21,31.5,-25.0,23.465942
2015-12-22,31.5,-25.0,22.039124
2015-12-23,31.5,-25.0,21.449768
2015-12-24,31.5,-25.0,23.04248
2015-12-25,31.5,-25.0,22.601654
2015-12-26,31.5,-25.0,21.299652
2015-12-27,31.5,-25.0,20.139893
2015-12-28,31.5,-25.0,21.301239
2015-12-29,31.5,-25.0,19.75592
2015-12-30,31.5,-25.0,21.173248
2015-12-31,31.5,-25.0,21.35022
2016-01-01,31.5,-25.0,22.440857
2016-01-02,31.5,-25.0,22.649292
2016-01-03,31.5,-25.0,21.206757
2016-01-04,31.5,-25.0,18.400574
2016-01-05,31.5,-25.0,22.388763
2016-01-06,31.5,-25.0,20.993866
2016-01-07,31.5,-25.0,24.769165
2016-01-08,31.5,-25.0,22.437897
2016-01-09,31.5,-25.0,21.404755
2016-01-10,31.5,-25.0,22.003204
2016-01-11,31.5,-25.0,21.55362
2016-01-12,31.5,-25.0,21.441956
2016-01-13,31.5,-25.0,21.751617
2016-01-14,31.5,-25.0,22.314331
2016-01-15,31.5,-25.0,21.907928
2016-01-16,31.5,-25.0,20.152771
2016-01-17,31.5,-25.0,19.323578
2016-01-18,31.5,-25.0,18.94693
2016-01-19,31.5,-25.0,18.872498
2016-01-20,31.5,-25.0,20.828613
2016-01-21,31.5,-25.0,20.154266
2016-01-22,31.5,-25.0,19.978577
2016-01-23,31.5,-25.0,20.20935
2016-01-24,31.5,-25.0,22.12973
2016-01-25,31.5,-25.0,22.685028
2016-01-26,31.5,-25.0,21.25885
2016-01-27,31.5,-25.0,21.76352
2016-01-28,31.5,-25.0,21.564026
2016-01-29,31.5,-25.0,22.554016
2016-01-30,31.5,-25.0,22.083588
2016-01-31,31.5,-25.0,21.97641
2016-02-01,31.5,-25.0,21.541962
2016-02-02,31.5,-25.0,19.887115
2016-02-03,31.5,-25.0,23.78897
2016-02-04,31.5,-25.0,23.266296
2016-02-05,31.5,-25.0,21.546692
2016-02-06,31.5,-25.0,19.010712
2016-02-07,31.5,-25.0,21.20877
2016-02-08,31.5,-25.0,21.014557
2016-02-09,31.5,-25.0,18.639648
2016-02-10,31.5,-25.0,21.25299
2016-02-11,31.5,-25.0,22.849426
2016-02-12,31.5,-25.0,22.554138
2016-02-13,31.5,-25.0,22.171997
2016-02-14,31.5,-25.0,20.45398
2016-02-15,31.5,-25.0,22.369385
2016-02-16,31.5,-25.0,23.468414
2016-02-17,31.5,-25.0,23.585266
2016-02-18,31.5,-25.0,22.863617
2016-02-19,31.5,-25.0,25.071167
2016-02-20,31.5,-25.0,24.441101
2016-02-21,31.5,-25.0,22.127777
2016-02-22,31.5,-25.0,23.117859
2016-02-23,31.5,-25.0,22.522552
2016-02-24,31.5,-25.0,21.909882
2016-02-25,31.5,-25.0,23.806335
2016-02-26,31.5,-25.0,22.367798
2016-02-27,31.5,-25.0,20.499786
2016-02-28,31.5,-25.0,20.198181
2016-02-29,31.5,-25.0,19.96762
2016-03-01,31.5,-25.0,18.0
2016-03-02,31.5,-25.0,19.549774
2016-03-03,31.5,-25.0,21.026825
2016-03-04,31.5,-25.0,18.547913
2016-03-05,31.5,-25.0,22.789398
2016-03-06,31.5,-25.0,20.601257
2016-03-07,31.5,-25.0,21.975494
2016-03-08,31.5,-25.0,23.08197
2016-03-09,31.5,-25.0,20.464722
2016-03-10,31.5,-25.0,20.833557
2016-03-11,31.5,-25.0,21.62796
2016-03-12,31.5,-25.0,20.782135
2016-03-13,31.5,-25.0,19.000092
2016-03-14,31.5,-25.0,22.225525
2016-03-15,31.5,-25.0,21.521576
2016-03-16,31.5,-25.0,20.533905
2016-03-17,31.5,-25.0,22.234375
2016-03-18,31.5,-25.0,22.551788
2016-03-19,31.5,-25.0,21.523346
2016-03-20,31.5,-25.0,21.691772
2016-03-21,31.5,-25.0,20.783905
2016-03-22,31.5,-25.0,18.553223
2016-03-23,31.5,-25.0,18.402496
2016-03-24,31.5,-25.0,16.57788
2016-03-25,31.5,-25.0,18.320953
2016-03-26,31.5,-25.0,17.960999
2016-03-27,31.5,-25.0,17.797852
2016-03-28,31.5,-25.0,18.9664
2016-03-29,31.5,-25.0,20.351257
2016-03-30,31.5,-25.0,18.26419
2016-03-31,31.5,-25.0,21.39743
2016-04-01,31.5,-25.0,19.49762
2016-04-02,31.5,-25.0,23.071747
2016-04-03,31.5,-25.0,22.027802
2016-04-04,31.5,-25.0,21.05011
2016-04-05,31.5,-25.0,19.757263
2016-04-06,31.5,-25.0,17.379303
2016-04-07,31.5,-25.0,15.8984375
2016-04-08,31.5,-25.0,16.799133
2016-04-09,31.5,-25.0,15.921722
2016-04-10,31.5,-25.0,16.337158
2016-04-11,31.5,-25.0,15.912781
2016-04-12,31.5,-25.0,17.581635
2016-04-13,31.5,-25.0,17.454498
2016-04-14,31.5,-25.0,18.172546
2016-04-15,31.5,-25.0,17.972015
2016-04-16,31.5,-25.0,18.242401
2016-04-17,31.5,-25.0,18.693634
2016-04-18,31.5,-25.0,20.61319
2016-04-19,31.5,-25.0,21.089508
2016-04-20,31.5,-25.0,21.021454
2016-04-21,31.5,-25.0,20.867462
2016-04-22,31.5,-25.0,21.508514
2016-04-23,31.5,-25.0,21.313324
2016-04-24,31.5,-25.0,19.067871
2016-04-25,31.5,-25.0,17.433014
2016-04-26,31.5,-25.0,18.279999
2016-04-27,31.5,-25.0,18.811829
2016-04-28,31.5,-25.0,16.553833
2016-04-29,31.5,-25.0,19.121582
2016-04-30,31.5,-25.0,16.630829
2016-05-01,31.5,-25.0,14.226257
2016-05-02,31.5,-25.0,12.777039
2016-05-03,31.5,-25.0,14.203918
2016-05-04,31.5,-25.0,15.883789
2016-05-05,31.5,-25.0,15.829834
2016-05-06,31.5,-25.0,13.441193
2016-05-07,31.5,-25.0,15.829834
2016-05-08,31.5,-25.0,16.659546
2016-05-09,31.5,-25.0,16.847443
2016-05-10,31.5,-25.0,16.802795
2016-05-11,31.5,-25.0,14.401123
2016-05-12,31.5,-25.0,15.478241
2016-05-13,31.5,-25.0,15.932159
2016-05-14,31.5,-25.0,14.583435
2016-05-15,31.5,-25.0,17.651093
2016-05-16,31.5,-25.0,16.50885
2016-05-17,31.5,-25.0,14.226257
2016-05-18,31.5,-25.0,16.458649
2016-05-19,31.5,-25.0,15.708923
2016-05-20,31.5,-25.0,14.107178
2016-05-21,31.5,-25.0,13.787201
2016-05-22,31.5,-25.0,10.682312
2016-05-23,31.5,-25.0,9.819122
2016-05-24,31.5,-25.0,11.917572
2016-05-25,31.5,-25.0,11.923157
2016-05-26,31.5,-25.0,16.181458
2016-05-27,31.5,-25.0,13.612335
2016-05-28,31.5,-25.0,11.463654
2016-05-29,31.5,-25.0,9.932617
2016-05-30,31.5,-25.0,9.361481
2016-05-31,31.5,-25.0,10.297241
2016-06-01,31.5,-25.0,11.621368
2016-06-02,31.5,-25.0,11.60556
2016-06-03,31.5,-25.0,13.607361
2016-06-04,31.5,-25.0,11.747955
2016-06-05,31.5,-25.0,15.041473
2016-06-06,31.5,-25.0,14.252228
2016-06-07,31.5,-25.0,10.725311
2016-06-08,31.5,-25.0,9.692749
2016-06-09,31.5,-25.0,10.266388
2016-06-10,31.5,-25.0,10.758911
2016-06-11,31.5,-25.0,13.710236
2016-06-12,31.5,-25.0,13.6449585
2016-06-13,31.5,-25.0,12.412598
2016-06-14,31.5,-25.0,9.2812805
2016-06-15,31.5,-25.0,10.964661
2016-06-16,31.5,-25.0,11.556091
2016-06-17,31.5,-25.0,13.106903
2016-06-18,31.5,-25.0,10.438477
2016-06-19,31.5,-25.0,12.555023
2016-06-20,31.5,-25.0,14.51532
2016-06-21,31.5,-25.0,16.214478
2016-06-22,31.5,-25.0,15.577545
2016-06-23,31.5,-25.0,14.177063
2016-06-24,31.5,-25.0,13.939697
2016-06-25,31.5,-25.0,9.285248
2016-06-26,31.5,-25.0,7.80365
2016-06-27,31.5,-25.0,10.040894
2016-06-28,31.5,-25.0,12.210846
2016-06-29,31.5,-25.0,13.247345
2016-06-30,31.5,-25.0,10.094299
2016-07-01,31.5,-25.0,12.80365
2016-07-02,31.5,-25.0,13.699799
2016-07-03,31.5,-25.0,11.408325
2016-07-04,31.5,-25.0,10.081177
2016-07-05,31.5,-25.0,8.451294
2016-07-06,31.5,-25.0,8.856262
2016-07-07,31.5,-25.0,13.427155
2016-07-08,31.5,-25.0,12.354584
2016-07-09,31.5,-25.0,10.851013
2016-07-10,31.5,-25.0,13.826111
2016-07-11,31.5,-25.0,10.474121
2016-07-12,31.5,-25.0,8.2447815
2016-07-13,31.5,-25.0,9.569946
2016-07-14,31.5,-25.0,10.413971
2016-07-15,31.5,-25.0,8.274872
2016-07-16,31.5,-25.0,8.834198
2016-07-17,31.5,-25.0,15.071075
2016-07-18,31.5,-25.0,11.408325
2016-07-19,31.5,-25.0,8.335022
2016-07-20,31.5,-25.0,8.575592
2016-07-21,31.5,-25.0,9.950867
2016-07-22,31.5,-25.0,10.295685
2016-07-23,31.5,-25.0,11.779205
2016-07-24,31.5,-25.0,14.295227
2016-07-25,31.5,-25.0,15.018951
2016-07-26,31.5,-25.0,16.20578
2016-07-27,31.5,-25.0,11.105621
2016-07-28,31.5,-25.0,6.592865
2016-07-29,31.5,-25.0,7.715515
2016-07-30,31.5,-25.0,9.636108
2016-07-31,31.5,-25.0,12.569092
2016-08-01,31.5,-25.0,9.718445
2016-08-02,31.5,-25.0,10.776764
2016-08-03,31.5,-25.0,10.814819
2016-08-04,31.5,-25.0,9.617554
2016-08-05,31.5,-25.0,8.03772
2016-08-06,31.5,-25.0,7.9786987
2016-08-07,31.5,-25.0,9.826935
2016-08-08,31.5,-25.0,11.199341
2016-08-09,31.5,-25.0,12.611694
2016-08-10,31.5,-25.0,8.612549
2016-08-11,31.5,-25.0,7.1792603
2016-08-12,31.5,-25.0,7.065033
2016-08-13,31.5,-25.0,11.04895
2016-08-14,31.5,-25.0,14.018341
2016-08-15,31.5,-25.0,15.480194
2016-08-16,31.5,-25.0,15.348846
2016-08-17,31.5,-25.0,14.612213
2016-08-18,31.5,-25.0,13.36734
2016-08-19,31.5,-25.0,12.158661
2016-08-20,31.5,-25.0,14.404724
2016-08-21,31.5,-25.0,16.854462
2016-08-22,31.5,-25.0,14.206787
2016-08-23,31.5,-25.0,13.5824585
2016-08-24,31.5,-25.0,9.935455
2016-08-25,31.5,-25.0,10.7901
2016-08-26,31.5,-25.0,11.225983
2016-08-27,31.5,-25.0,14.863464
2016-08-28,31.5,-25.0,12.678314
2016-08-29,31.5,-25.0,13.312164
2016-08-30,31.5,-25.0,11.7855835
2016-08-31,31.5,-25.0,14.103973
2016-09-01,31.5,-25.0,13.1033325
2016-09-02,31.5,-25.0,13.436493
2016-09-03,31.5,-25.0,13.614807
2016-09-04,31.5,-25.0,14.743591
2016-09-05,31.5,-25.0,15.247223
2016-09-06,31.5,-25.0,18.453308
2016-09-07,31.5,-25.0,16.493591
2016-09-08,31.5,-25.0,18.402344
2016-09-09,31.5,-25.0,19.491943
2016-09-10,31.5,-25.0,17.80072
2016-09-11,31.5,-25.0,17.61847
2016-09-12,31.5,-25.0,17.577301
2016-09-13,31.5,-25.0,16.885529
2016-09-14,31.5,-25.0,16.432861
2016-09-15,31.5,-25.0,15.437317
2016-09-16,31.5,-25.0,20.38556
2016-09-17,31.5,-25.0,16.309387
2016-09-18,31.5,-25.0,14.179199
2016-09-19,31.5,-25.0,14.688721
2016-09-20,31.5,-25.0,15.131622
2016-09-21,31.5,-25.0,16.133026
2016-09-22,31.5,-25.0,19.13919
2016-09-23,31.5,-25.0,17.865387
2016-09-24,31.5,-25.0,17.9281
2016-09-25,31.5,-25.0,18.717865
2016-09-26,31.5,-25.0,18.051544
2016-09-27,31.5,-25.0,18.320038
2016-09-28,31.5,-25.0,18.790375
2016-09-29,31.5,-25.0,17.710571
2016-09-30,31.5,-25.0,17.05603
2016-10-01,31.5,-25.0,18.151031
2016-10-02,31.5,-25.0,15.119598
2016-10-03,31.5,-25.0,13.156647
2016-10-04,31.5,-25.0,11.124084
2016-10-05,31.5,-25.0,9.900726
2016-10-06,31.5,-25.0,11.42688
2016-10-07,31.5,-25.0,17.129547
2016-10-08,31.5,-25.0,17.065155
2016-10-09,31.5,-25.0,16.36383
2016-10-10,31.5,-25.0,16.417786
2016-10-11,31.5,-25.0,16.027985
2016-10-12,31.5,-25.0,18.147552
2016-10-13,31.5,-25.0,16.889374
2016-10-14,31.5,-25.0,16.743195
2016-10-15,31.5,-25.0,15.246643
2016-10-16,31.5,-25.0,19.198639
2016-10-17,31.5,-25.0,17.493225
2016-10-18,31.5,-25.0,16.445648
2016-10-19,31.5,-25.0,18.330292
2016-10-20,31.5,-25.0,17.961365
2016-10-21,31.5,-25.0,18.323303
2016-10-22,31.5,-25.0,19.762451
2016-10-23,31.5,-25.0,19.929535
2016-10-24,31.5,-25.0,20.900574
2016-10-25,31.5,-25.0,21.80722
2016-10-26,31.5,-25.0,21.373901
2016-10-27,31.5,-25.0,20.641266
2016-10-28,31.5,-25.0,20.935364
2016-10-29,31.5,-25.0,20.900574
2016-10-30,31.5,-25.0,20.968414
2016-10-31,31.5,-25.0,20.62387
2016-11-01,31.5,-25.0,20.500946
2016-11-02,31.5,-25.0,19.516022
2016-11-03,31.5,-25.0,19.296326
2016-11-04,31.5,-25.0,20.219116
2016-11-05,31.5,-25.0,21.554047
2016-11-06,31.5,-25.0,22.56018
2016-11-07,31.5,-25.0,19.940308
2016-11-08,31.5,-25.0,19.737244
2016-11-09,31.5,-25.0,22.511719
2016-11-10,31.5,-25.0,20.611572
2016-11-11,31.5,-25.0,19.953949
2016-11-12,31.5,-25.0,20.87674
2016-11-13,31.5,-25.0,20.463074
2016-11-14,31.5,-25.0,16.762787
2016-11-15,31.5,-25.0,16.26883
2016-11-16,31.5,-25.0,18.006836
2016-11-17,31.5,-25.0,18.852356
2016-11-18,31.5,-25.0,18.832642
2016-11-19,31.5,-25.0,17.221924
2016-11-20,31.5,-25.0,15.105103
2016-11-21,31.5,-25.0,18.891754
2016-11-22,31.5,-25.0,22.0253
2016-11-23,31.5,-25.0,22.055603
2016-11-24,31.5,-25.0,20.835815
2016-11-25,31.5,-25.0,19.28418
2016-11-26,31.5,-25.0,18.676575
2016-11-27,31.5,-25.0,17.840149
2016-11-28,31.5,-25.0,16.446106
2016-11-29,31.5,-25.0,20.825226
2016-11-30,31.5,-25.0,22.54657
2016-12-01,31.5,-25.0,19.701447
2016-12-02,31.5,-25.0,18.462494
2016-12-03,31.5,-25.0,18.59784
2016-12-04,31.5,-25.0,18.965729
2016-12-05,31.5,-25.0,21.473907
2016-12-06,31.5,-25.0,20.43399
2016-12-07,31.5,-25.0,19.31607
2016-12-08,31.5,-25.0,22.236694
2016-12-09,31.5,-25.0,24.525116
2016-12-10,31.5,-25.0,21.633148
2016-12-11,31.5,-25.0,20.015167
2016-12-12,31.5,-25.0,19.68872
2016-12-13,31.5,-25.0,18.620148
2016-12-14,31.5,-25.0,21.145844
2016-12-15,31.5,-25.0,20.40216
2016-12-16,31.5,-25.0,22.271729
2016-12-17,31.5,-25.0,20.206268
2016-12-18,31.5,-25.0,19.433899
2016-12-19,31.5,-25.0,20.760468
2016-12-20,31.5,-25.0,21.322601
2016-12-21,31.5,-25.0,22.563171
2016-12-22,31.5,-25.0,25.577759
2016-12-23,31.5,-25.0,25.192383
2016-12-24,31.5,-25.0,20.918121
2016-12-25,31.5,-25.0,18.589874
2016-12-26,31.5,-25.0,18.607391
2016-12-27,31.5,-25.0,20.586884
2016-12-28,31.5,-25.0,22.85141
2016-12-29,31.5,-25.0,19.828857
2016-12-30,31.5,-25.0,19.016663
2016-12-31,31.5,-25.0,19.376587
2017-01-01,31.5,-25.0,21.63919
2017-01-02,31.5,-25.0,21.246643
2017-01-03,31.5,-25.0,19.646606
2017-01-04,31.5,-25.0,21.091187
2017-01-05,31.5,-25.0,20.869781
2017-01-06,31.5,-25.0,19.745514
2017-01-07,31.5,-25.0,19.450317
2017-01-08,31.5,-25.0,18.483063
2017-01-09,31.5,-25.0,17.776459
2017-01-10,31.5,-25.0,16.754242
2017-01-11,31.5,-25.0,18.856781
2017-01-12,31.5,-25.0,18.530182
2017-01-13,31.5,-25.0,22.323822
2017-01-14,31.5,-25.0,22.15738
2017-01-15,31.5,-25.0,21.70044
2017-01-16,31.5,-25.0,19.070312
2017-01-17,31.5,-25.0,17.349365
2017-01-18,31.5,-25.0,16.798218
2017-01-19,31.5,-25.0,14.620331
2017-01-20,31.5,-25.0,18.12976
2017-01-21,31.5,-25.0,20.681366
2017-01-22,31.5,-25.0,20.02658
2017-01-23,31.5,-25.0,21.501038
2017-01-24,31.5,-25.0,22.648865
2017-01-25,31.5,-25.0,21.763245
2017-01-26,31.5,-25.0,19.29486
2017-01-27,31.5,-25.0,21.083344
2017-01-28,31.5,-25.0,22.289276
2017-01-29,31.5,-25.0,19.665436
2017-01-30,31.5,-25.0,20.901184
2017-01-31,31.5,-25.0,19.257172
2017-02-01,31.5,-25.0,17.509644
2017-02-02,31.5,-25.0,17.198608
2017-02-03,31.5,-25.0,21.130127
2017-02-04,31.5,-25.0,20.388031
2017-02-05,31.5,-25.0,18.944885
2017-02-06,31.5,-25.0,21.96222
2017-02-07,31.5,-25.0,21.690643
2017-02-08,31.5,-25.0,22.121674
2017-02-09,31.5,-25.0,22.773773
2017-02-10,31.5,-25.0,22.470612
2017-02-11,31.5,-25.0,22.401154
2017-02-12,31.5,-25.0,20.913818
2017-02-13,31.5,-25.0,22.988525
2017-02-14,31.5,-25.0,22.59851
2017-02-15,31.5,-25.0,22.7659
2017-02-16,31.5,-25.0,22.135895
2017-02-17,31.5,-25.0,22.169037
2017-02-18,31.5,-25.0,21.357483
2017-02-19,31.5,-25.0,21.987488
2017-02-20,31.5,-25.0,20.607483
2017-02-21,31.5,-25.0,19.391724
2017-02-22,31.5,-25.0,19.409088
2017-02-23,31.5,-25.0,19.401184
2017-02-24,31.5,-25.0,19.855927
2017-02-25,31.5,-25.0,19.170685
2017-02-26,31.5,-25.0,19.871704
2017-02-27,31.5,-25.0,19.317505
2017-02-28,31.5,-25.0,18.2612
2017-03-01,31.5,-25.0,16.427612
2017-03-02,31.5,-25.0,20.05539
2017-03-03,31.5,-25.0,21.928528
2017-03-04,31.5,-25.0,22.261597
2017-03-05,31.5,-25.0,22.544891
2017-03-06,31.5,-25.0,21.930237
2017-03-07,31.5,-25.0,21.80664
2017-03-08,31.5,-25.0,20.402222
2017-03-09,31.5,-25.0,18.285278
2017-03-10,31.5,-25.0,17.337555
2017-03-11,31.5,-25.0,15.376862
2017-03-12,31.5,-25.0,15.320221
2017-03-13,31.5,-25.0,19.796143
2017-03-14,31.5,-25.0,18.922241
2017-03-15,31.5,-25.0,18.1445
2017-03-16,31.5,-25.0,20.786804
2017-03-17,31.5,-25.0,19.559204
2017-03-18,31.5,-25.0,20.767914
2017-03-19,31.5,-25.0,21.030579
2017-03-20,31.5,-25.0,20.299194
2017-03-21,31.5,-25.0,20.117218
2017-03-22,31.5,-25.0,19.87857
2017-03-23,31.5,-25.0,18.628662
2017-03-24,31.5,-25.0,19.6279
2017-03-25,31.5,-25.0,19.044159
2017-03-26,31.5,-25.0,17.363312
2017-03-27,31.5,-25.0,16.667969
2017-03-28,31.5,-25.0,17.392487
2017-03-29,31.5,-25.0,19.835632
2017-03-30,31.5,-25.0,17.71872
2017-03-31,31.5,-25.0,18.55655
2017-04-01,31.5,-25.0,18.383026
2017-04-02,31.5,-25.0,17.757385
2017-04-03,31.5,-25.0,17.172333
2017-04-04,31.5,-25.0,19.121216
2017-04-05,31.5,-25.0,18.290741
2017-04-06,31.5,-25.0,18.944061
2017-04-07,31.5,-25.0,20.721313
2017-04-08,31.5,-25.0,19.8779
2017-04-09,31.5,-25.0,18.47528
2017-04-10,31.5,-25.0,20.7453
2017-04-11,31.5,-25.0,20.2341
2017-04-12,31.5,-25.0,20.125214
2017-04-13,31.5,-25.0,21.664398
2017-04-14,31.5,-25.0,20.26361
2017-04-15,31.5,-25.0,17.43808
2017-04-16,31.5,-25.0,14.459381
2017-04-17,31.5,-25.0,13.082611
2017-04-18,31.5,-25.0,17.720459
2017-04-19,31.5,-25.0,17.569122
2017-04-20,31.5,-25.0,18.722595
2017-04-21,31.5,-25.0,17.403015
2017-04-22,31.5,-25.0,14.894928
2017-04-23,31.5,-25.0,13.470184
2017-04-24,31.5,-25.0,17.301514
2017-04-25,31.5,-25.0,17.436249
2017-04-26,31.5,-25.0,16.271698
2017-04-27,31.5,-25.0,14.703003
2017-04-28,31.5,-25.0,16.888123
2017-04-29,31.5,-25.0,16.613129
2017-04-30,31.5,-25.0,18.037903
2017-05-01,31.5,-25.0,17.962128
2017-05-02,31.5,-25.0,16.22525
2017-05-03,31.5,-25.0,14.864685
2017-05-04,31.5,-25.0,13.797455
2017-05-05,31.5,-25.0,15.167664
2017-05-06,31.5,-25.0,15.308533
2017-05-07,31.5,-25.0,16.887177
2017-05-08,31.5,-25.0,17.062805
2017-05-09,31.5,-25.0,15.549774
2017-05-10,31.5,-25.0,13.799377
2017-05-11,31.5,-25.0,16.078552
2017-05-12,31.5,-25.0,15.188904
2017-05-13,31.5,-25.0,15.109772
2017-05-14,31.5,-25.0,12.091431
2017-05-15,31.5,-25.0,14.050262
2017-05-16,31.5,-25.0,15.036438
2017-05-17,31.5,-25.0,12.321106
2017-05-18,31.5,-25.0,13.534973
2017-05-19,31.5,-25.0,11.392822
2017-05-20,31.5,-25.0,11.558777
2017-05-21,31.5,-25.0,10.831238
2017-05-22,31.5,-25.0,10.736664
2017-05-23,31.5,-25.0,11.255798
2017-05-24,31.5,-25.0,13.02356
2017-05-25,31.5,-25.0,15.711884
2017-05-26,31.5,-25.0,16.47998
2017-05-27,31.5,-25.0,14.729584
2017-05-28,31.5,-25.0,16.211731
2017-05-29,31.5,-25.0,13.521484
2017-05-30,31.5,-25.0,10.64209
2017-05-31,31.5,-25.0,10.011017
2017-06-01,31.5,-25.0,11.081482
2017-06-02,31.5,-25.0,9.518372
2017-06-03,31.5,-25.0,8.526489
2017-06-04,31.5,-25.0,10.322418
2017-06-05,31.5,-25.0,12.93219
2017-06-06,31.5,-25.0,12.37854
2017-06-07,31.5,-25.0,11.337769
2017-06-08,31.5,-25.0,12.834381
2017-06-09,31.5,-25.0,14.949188
2017-06-10,31.5,-25.0,13.100433
2017-06-11,31.5,-25.0,10.799774
2017-06-12,31.5,-25.0,12.357025
2017-06-13,31.5,-25.0,11.864044
2017-06-14,31.5,-25.0,11.772095
2017-06-15,31.5,-25.0,14.385773
2017-06-16,31.5,-25.0,14.102081
2017-06-17,31.5,-25.0,11.032593
2017-06-18,31.5,-25.0,15.035278
2017-06-19,31.5,-25.0,13.924072
2017-06-20,31.5,-25.0,10.588501
2017-06-21,31.5,-25.0,13.961243
2017-06-22,31.5,-25.0,11.912933
2017-06-23,31.5,-25.0,13.121948
2017-06-24,31.5,-25.0,12.697449
2017-06-25,31.5,-25.0,9.590759
2017-06-26,31.5,-25.0,10.907379
2017-06-27,31.5,-25.0,12.302246
2017-06-28,31.5,-25.0,11.1753845
2017-06-29,31.5,-25.0,12.947845
2017-06-30,31.5,-25.0,10.336121
2017-07-01,31.5,-25.0,10.463715
2017-07-02,31.5,-25.0,12.340057
2017-07-03,31.5,-25.0,10.485474
2017-07-04,31.5,-25.0,12.890289
2017-07-05,31.5,-25.0,10.424133
2017-07-06,31.5,-25.0,9.792725
2017-07-07,31.5,-25.0,13.48407
2017-07-08,31.5,-25.0,10.901123
2017-07-09,31.5,-25.0,12.3063965
2017-07-10,31.5,-25.0,13.149567
2017-07-11,31.5,-25.0,15.774078
2017-07-12,31.5,-25.0,15.251556
2017-07-13,31.5,-25.0,13.982849
2017-07-14,31.5,-25.0,15.970032
2017-07-15,31.5,-25.0,13.34552
2017-07-16,31.5,-25.0,14.1788025
2017-07-17,31.5,-25.0,13.6701355
2017-07-18,31.5,-25.0,10.707153
2017-07-19,31.5,-25.0,10.889252
2017-07-20,31.5,-25.0,10.507263
2017-07-21,31.5,-25.0,14.295563
2017-07-22,31.5,-25.0,10.31723
2017-07-23,31.5,-25.0,11.388031
2017-07-24,31.5,-25.0,13.798767
2017-07-25,31.5,-25.0,13.796783
2017-07-26,31.5,-25.0,10.713104
2017-07-27,31.5,-25.0,12.981354
2017-07-28,31.5,-25.0,12.933838
2017-07-29,31.5,-25.0,11.170319
2017-07-30,31.5,-25.0,11.0416565
2017-07-31,31.5,-25.0,15.134796
2017-08-01,31.5,-25.0,14.583313
2017-08-02,31.5,-25.0,11.479736
2017-08-03,31.5,-25.0,11.852417
2017-08-04,31.5,-25.0,11.458405
2017-08-05,31.5,-25.0,10.827606
2017-08-06,31.5,-25.0,14.7890625
2017-08-07,31.5,-25.0,15.390747
2017-08-08,31.5,-25.0,14.016571
2017-08-09,31.5,-25.0,11.796112
2017-08-10,31.5,-25.0,11.209961
2017-08-11,31.5,-25.0,12.013519
2017-08-12,31.5,-25.0,12.929626
2017-08-13,31.5,-25.0,12.826782
2017-08-14,31.5,-25.0,14.468811
2017-08-15,31.5,-25.0,13.558502
2017-08-16,31.5,-25.0,14.769653
2017-08-17,31.5,-25.0,13.38382
2017-08-18,31.5,-25.0,13.286774
2017-08-19,31.5,-25.0,11.204132
2017-08-20,31.5,-25.0,9.577606
2017-08-21,31.5,-25.0,8.211182
2017-08-22,31.5,-25.0,12.071747
2017-08-23,31.5,-25.0,12.754944
2017-08-24,31.5,-25.0,12.766602
2017-08-25,31.5,-25.0,14.2883
2017-08-26,31.5,-25.0,14.674561
2017-08-27,31.5,-25.0,12.248352
2017-08-28,31.5,-25.0,15.664429
2017-08-29,31.5,-25.0,13.352753
2017-08-30,31.5,-25.0,14.678436
2017-08-31,31.5,-25.0,15.712952
2017-09-01,31.5,-25.0,15.154266
2017-09-02,31.5,-25.0,12.952606
2017-09-03,31.5,-25.0,12.129791
2017-09-04,31.5,-25.0,13.285492
2017-09-05,31.5,-25.0,11.206757
2017-09-06,31.5,-25.0,14.889465
2017-09-07,31.5,-25.0,13.196594
2017-09-08,31.5,-25.0,16.07544
2017-09-09,31.5,-25.0,16.287292
2017-09-10,31.5,-25.0,15.379364
2017-09-11,31.5,-25.0,15.84845
2017-09-12,31.5,-25.0,15.797394
2017-09-13,31.5,-25.0,16.429138
2017-09-14,31.5,-25.0,17.002258
2017-09-15,31.5,-25.0,18.628937
2017-09-16,31.5,-25.0,16.449951
2017-09-17,31.5,-25.0,16.625854
2017-09-18,31.5,-25.0,16.533173
2017-09-19,31.5,-25.0,13.966431
2017-09-20,31.5,-25.0,18.526794
2017-09-21,31.5,-25.0,18.799164
2017-09-22,31.5,-25.0,16.396973
2017-09-23,31.5,-25.0,16.415894
2017-09-24,31.5,-25.0,15.647949
2017-09-25,31.5,-25.0,16.33078
2017-09-26,31.5,-25.0,14.56604
2017-09-27,31.5,-25.0,14.42038
2017-09-28,31.5,-25.0,15.763336
2017-09-29,31.5,-25.0,14.702209
2017-09-30,31.5,-25.0,15.288574
2017-10-01,31.5,-25.0,18.234406
2017-10-02,31.5,-25.0,16.232758
2017-10-03,31.5,-25.0,17.267181
2017-10-04,31.5,-25.0,15.975403
2017-10-05,31.5,-25.0,17.18686
2017-10-06,31.5,-25.0,16.988495
2017-10-07,31.5,-25.0,17.188507
2017-10-08,31.5,-25.0,16.970459
2017-10-09,31.5,-25.0,19.062256
2017-10-10,31.5,-25.0,16.152435
2017-10-11,31.5,-25.0,12.998352
2017-10-12,31.5,-25.0,11.493439
2017-10-13,31.5,-25.0,16.009827
2017-10-14,31.5,-25.0,15.078674
2017-10-15,31.5,-25.0,14.022949
2017-10-16,31.5,-25.0,18.055725
2017-10-17,31.5,-25.0,17.309814
2017-10-18,31.5,-25.0,15.937683
2017-10-19,31.5,-25.0,14.939331
2017-10-20,31.5,-25.0,17.368835
2017-10-21,31.5,-25.0,17.780304
2017-10-22,31.5,-25.0,18.729492
2017-10-23,31.5,-25.0,18.524567
2017-10-24,31.5,-25.0,19.204895
2017-10-25,31.5,-25.0,19.545868
2017-10-26,31.5,-25.0,21.247498
2017-10-27,31.5,-25.0,14.436066
2017-10-28,31.5,-25.0,14.247528
2017-10-29,31.5,-25.0,14.090149
2017-10-30,31.5,-25.0,13.531158
2017-10-31,31.5,-25.0,14.326233
2017-11-01,31.5,-25.0,14.931244
2017-11-02,31.5,-25.0,14.832214
2017-11-03,31.5,-25.0,16.846527
2017-11-04,31.5,-25.0,18.430756
2017-11-05,31.5,-25.0,17.483948
2017-11-06,31.5,-25.0,16.402527
2017-11-07,31.5,-25.0,18.990814
2017-11-08,31.5,-25.0,15.704773
2017-11-09,31.5,-25.0,15.731079
2017-11-10,31.5,-25.0,16.108582
2017-11-11,31.5,-25.0,19.077454
2017-11-12,31.5,-25.0,18.902618
2017-11-13,31.5,-25.0,20.763763
2017-11-14,31.5,-25.0,20.69571
2017-11-15,31.5,-25.0,16.56961
2017-11-16,31.5,-25.0,16.467499
2017-11-17,31.5,-25.0,14.018463
2017-11-18,31.5,-25.0,12.85968
2017-11-19,31.5,-25.0,17.264252
2017-11-20,31.5,-25.0,18.693756
2017-11-21,31.5,-25.0,18.427673
2017-11-22,31.5,-25.0,19.900482
2017-11-23,31.5,-25.0,18.792786
2017-11-24,31.5,-25.0,17.210114
2017-11-25,31.5,-25.0,16.947113
2017-11-26,31.5,-25.0,17.016724
2017-11-27,31.5,-25.0,16.814056
2017-11-28,31.5,-25.0,15.717163
2017-11-29,31.5,-25.0,15.059662
2017-11-30,31.5,-25.0,18.621063
2017-12-01,31.5,-25.0,17.393646
2017-12-02,31.5,-25.0,21.710968
2017-12-03,31.5,-25.0,19.450836
2017-12-04,31.5,-25.0,21.371185
2017-12-05,31.5,-25.0,21.477295
2017-12-06,31.5,-25.0,17.439789
2017-12-07,31.5,-25.0,17.06308
2017-12-08,31.5,-25.0,16.438843
2017-12-09,31.5,-25.0,17.375214
2017-12-10,31.5,-25.0,18.62674
2017-12-11,31.5,-25.0,17.854889
2017-12-12,31.5,-25.0,16.554169
2017-12-13,31.5,-25.0,21.414246
2017-12-14,31.5,-25.0,18.76358
2017-12-15,31.5,-25.0,17.230682
2017-12-16,31.5,-25.0,16.088287
2017-12-17,31.5,-25.0,18.353058
2017-12-18,31.5,-25.0,19.229431
2017-12-19,31.5,-25.0,21.032928
2017-12-20,31.5,-25.0,19.679932
2017-12-21,31.5,-25.0,20.614746
2017-12-22,31.5,-25.0,20.788483
2017-12-23,31.5,-25.0,21.70636
2017-12-24,31.5,-25.0,20.703918
2017-12-25,31.5,-25.0,20.179626
2017-12-26,31.5,-25.0,18.188538
2017-12-27,31.5,-25.0,17.532013
2017-12-28,31.5,-25.0,17.685791
2017-12-29,31.5,-25.0,20.84076
2017-12-30,31.5,-25.0,20.596283
2017-12-31,31.5,-25.0,19.227905
2018-01-01,31.5,-25.0,19.842926
2018-01-02,31.5,-25.0,19.72345
2018-01-03,31.5,-25.0,17.976898
2018-01-04,31.5,-25.0,18.291656
2018-01-05,31.5,-25.0,19.605621
2018-01-06,31.5,-25.0,17.552338
2018-01-07,31.5,-25.0,20.193207
2018-01-08,31.5,-25.0,21.155273
2018-01-09,31.5,-25.0,18.796906
2018-01-10,31.5,-25.0,18.415955
2018-01-11,31.5,-25.0,18.842102
2018-01-12,31.5,-25.0,17.570099
2018-01-13,31.5,-25.0,16.214172
2018-01-14,31.5,-25.0,20.054382
2018-01-15,31.5,-25.0,19.968811
2018-01-16,31.5,-25.0,21.645996
2018-01-17,31.5,-25.0,20.990631
2018-01-18,31.5,-25.0,19.715393
2018-01-19,31.5,-25.0,18.346527
2018-01-20,31.5,-25.0,18.87439
2018-01-21,31.5,-25.0,20.40628
2018-01-22,31.5,-25.0,20.858246
2018-01-23,31.5,-25.0,19.576569
2018-01-24,31.5,-25.0,21.431305
2018-01-25,31.5,-25.0,22.002716
2018-01-26,31.5,-25.0,21.671814
2018-01-27,31.5,-25.0,20.688751
2018-01-28,31.5,-25.0,22.462769
2018-01-29,31.5,-25.0,20.916351
2018-01-30,31.5,-25.0,20.068909
2018-01-31,31.5,-25.0,22.63388
2018-02-01,31.5,-25.0,22.267242
2018-02-02,31.5,-25.0,22.059296
2018-02-03,31.5,-25.0,21.311829
2018-02-04,31.5,-25.0,20.817688
2018-02-05,31.5,-25.0,21.110107
2018-02-06,31.5,-25.0,21.854431
2018-02-07,31.5,-25.0,21.169525
2018-02-08,31.5,-25.0,20.39392
2018-02-09,31.5,-25.0,20.215668
2018-02-10,31.5,-25.0,19.906036
2018-02-11,31.5,-25.0,21.125732
2018-02-12,31.5,-25.0,21.060059
2018-02-13,31.5,-25.0,21.056946
2018-02-14,31.5,-25.0,19.749664
2018-02-15,31.5,-25.0,18.58783
2018-02-16,31.5,-25.0,22.440826
2018-02-17,31.5,-25.0,21.890411
2018-02-18,31.5,-25.0,21.71997
2018-02-19,31.5,-25.0,22.43457
2018-02-20,31.5,-25.0,21.891968
2018-02-21,31.5,-25.0,21.58548
2018-02-22,31.5,-25.0,20.601898
2018-02-23,31.5,-25.0,20.54718
2018-02-24,31.5,-25.0,21.111664
2018-02-25,31.5,-25.0,18.287598
2018-02-26,31.5,-25.0,18.08432
2018-02-27,31.5,-25.0,18.348572
2018-02-28,31.5,-25.0,18.65506
2018-03-01,31.5,-25.0,19.582245
2018-03-02,31.5,-25.0,19.413696
2018-03-03,31.5,-25.0,19.142365
2018-03-04,31.5,-25.0,19.75586
2018-03-05,31.5,-25.0,20.996338
2018-03-06,31.5,-25.0,19.649658
2018-03-07,31.5,-25.0,20.460358
2018-03-08,31.5,-25.0,22.69693
2018-03-09,31.5,-25.0,20.495758
2018-03-10,31.5,-25.0,19.772705
2018-03-11,31.5,-25.0,18.931671
2018-03-12,31.5,-25.0,20.549683
2018-03-13,31.5,-25.0,21.117676
2018-03-14,31.5,-25.0,19.167633
2018-03-15,31.5,-25.0,22.07669
2018-03-16,31.5,-25.0,19.23169
2018-03-17,31.5,-25.0,18.442902
2018-03-18,31.5,-25.0,17.768738
2018-03-19,31.5,-25.0,16.425446
2018-03-20,31.5,-25.0,21.57611
2018-03-21,31.5,-25.0,20.745209
2018-03-22,31.5,-25.0,18.532227
2018-03-23,31.5,-25.0,17.121521
2018-03-24,31.5,-25.0,17.03894
2018-03-25,31.5,-25.0,19.467651
2018-03-26,31.5,-25.0,21.245758
2018-03-27,31.5,-25.0,19.553589
2018-03-28,31.5,-25.0,19.85022
2018-03-29,31.5,-25.0,17.10971
2018-03-30,31.5,-25.0,20.153625
2018-03-31,31.5,-25.0,21.557587
2018-04-01,31.5,-25.0,21.268158
2018-04-02,31.5,-25.0,19.497528
2018-04-03,31.5,-25.0,18.126251
2018-04-04,31.5,-25.0,19.47931
2018-04-05,31.5,-25.0,19.61972
2018-04-06,31.5,-25.0,21.184296
2018-04-07,31.5,-25.0,19.621552
2018-04-08,31.5,-25.0,21.432281
2018-04-09,31.5,-25.0,20.573425
2018-04-10,31.5,-25.0,19.927887
2018-04-11,31.5,-25.0,18.521973
2018-04-12,31.5,-25.0,18.000427
2018-04-13,31.5,-25.0,15.622589
2018-04-14,31.5,-25.0,17.110565
2018-04-15,31.5,-25.0,18.804596
2018-04-16,31.5,-25.0,17.648499
2018-04-17,31.5,-25.0,16.435852
2018-04-18,31.5,-25.0,15.088287
2018-04-19,31.5,-25.0,17.812622
2018-04-20,31.5,-25.0,18.002258
2018-04-21,31.5,-25.0,17.84909
2018-04-22,31.5,-25.0,16.6875
2018-04-23,31.5,-25.0,15.8359375
2018-04-24,31.5,-25.0,16.147736
2018-04-25,31.5,-25.0,15.412872
2018-04-26,31.5,-25.0,14.625122
2018-04-27,31.5,-25.0,15.752045
2018-04-28,31.5,-25.0,15.473053
2018-04-29,31.5,-25.0,16.063873
2018-04-30,31.5,-25.0,14.161926
2018-05-01,31.5,-25.0,18.361816
2018-05-02,31.5,-25.0,17.478119
2018-05-03,31.5,-25.0,14.985077
2018-05-04,31.5,-25.0,16.177399
2018-05-05,31.5,-25.0,13.232422
2018-05-06,31.5,-25.0,12.910889
2018-05-07,31.5,-25.0,13.122162
2018-05-08,31.5,-25.0,11.709381
2018-05-09,31.5,-25.0,13.316925
2018-05-10,31.5,-25.0,15.321289
2018-05-11,31.5,-25.0,16.16455
2018-05-12,31.5,-25.0,16.324371
2018-05-13,31.5,-25.0,17.119873
2018-05-14,31.5,-25.0,14.687439
2018-05-15,31.5,-25.0,13.987488
2018-05-16,31.5,-25.0,13.019287
2018-05-17,31.5,-25.0,12.172363
2018-05-18,31.5,-25.0,12.773102
2018-05-19,31.5,-25.0,17.154785
2018-05-20,31.5,-25.0,14.584564
2018-05-21,31.5,-25.0,12.174194
2018-05-22,31.5,-25.0,14.239197
2018-05-23,31.5,-25.0,18.246063
2018-05-24,31.5,-25.0,15.729126
2018-05-25,31.5,-25.0,14.290619
2018-05-26,31.5,-25.0,16.994965
2018-05-27,31.5,-25.0,17.107025
2018-05-28,31.5,-25.0,16.833282
2018-05-29,31.5,-25.0,17.244812
2018-05-30,31.5,-25.0,15.44989
2018-05-31,31.5,-25.0,13.897461
2018-06-01,31.5,-25.0,15.183502
2018-06-02,31.5,-25.0,13.5928955
2018-06-03,31.5,-25.0,10.842133
2018-06-04,31.5,-25.0,13.408112
2018-06-05,31.5,-25.0,10.590668
2018-06-06,31.5,-25.0,10.287781
2018-06-07,31.5,-25.0,8.601898
2018-06-08,31.5,-25.0,8.878143
2018-06-09,31.5,-25.0,8.742889
2018-06-10,31.5,-25.0,10.259216
2018-06-11,31.5,-25.0,14.360565
2018-06-12,31.5,-25.0,14.863495
2018-06-13,31.5,-25.0,14.432953
2018-06-14,31.5,-25.0,12.219421
2018-06-15,31.5,-25.0,9.92395
2018-06-16,31.5,-25.0,11.360291
2018-06-17,31.5,-25.0,14.015778
2018-06-18,31.5,-25.0,11.005951
2018-06-19,31.5,-25.0,11.348846
2018-06-20,31.5,-25.0,14.375824
2018-06-21,31.5,-25.0,11.722229
2018-06-22,31.5,-25.0,11.638397
2018-06-23,31.5,-25.0,12.743286
2018-06-24,31.5,-25.0,12.682312
2018-06-25,31.5,-25.0,11.411713
2018-06-26,31.5,-25.0,12.592773
2018-06-27,31.5,-25.0,9.992523
2018-06-28,31.5,-25.0,11.135498
2018-06-29,31.5,-25.0,12.989014
2018-06-30,31.5,-25.0,11.299316
2018-07-01,31.5,-25.0,12.45517
2018-07-02,31.5,-25.0,15.145691
2018-07-03,31.5,-25.0,13.507294
2018-07-04,31.5,-25.0,11.9340515
2018-07-05,31.5,-25.0,11.861023
2018-07-06,31.5,-25.0,13.981049
2018-07-07,31.5,-25.0,12.390045
2018-07-08,31.5,-25.0,12.441345
2018-07-09,31.5,-25.0,14.721283
2018-07-10,31.5,-25.0,11.805725
2018-07-11,31.5,-25.0,10.970734
2018-07-12,31.5,-25.0,13.333588
2018-07-13,31.5,-25.0,10.864166
2018-07-14,31.5,-25.0,12.794708
2018-07-15,31.5,-25.0,12.490692
2018-07-16,31.5,-25.0,11.13855
2018-07-17,31.5,-25.0,11.906403
2018-07-18,31.5,-25.0,11.722839
2018-07-19,31.5,-25.0,12.226196
2018-07-20,31.5,-25.0,10.9904785
2018-07-21,31.5,-25.0,10.260132
2018-07-22,31.5,-25.0,11.300415
2018-07-23,31.5,-25.0,13.560608
2018-07-24,31.5,-25.0,10.566071
2018-07-25,31.5,-25.0,8.844788
2018-07-26,31.5,-25.0,9.804138
2018-07-27,31.5,-25.0,8.757935
2018-07-28,31.5,-25.0,10.10022
2018-07-29,31.5,-25.0,14.671936
2018-07-30,31.5,-25.0,12.804565
2018-07-31,31.5,-25.0,14.13501
2018-08-01,31.5,-25.0,14.610596
2018-08-02,31.5,-25.0,15.055603
2018-08-03,31.5,-25.0,16.465424
2018-08-04,31.5,-25.0,15.699493
2018-08-05,31.5,-25.0,16.065735
2018-08-06,31.5,-25.0,14.590912
2018-08-07,31.5,-25.0,13.929321
2018-08-08,31.5,-25.0,15.110748
2018-08-09,31.5,-25.0,14.659821
2018-08-10,31.5,-25.0,15.4513855
2018-08-11,31.5,-25.0,11.895294
2018-08-12,31.5,-25.0,11.729919
2018-08-13,31.5,-25.0,15.303711
2018-08-14,31.5,-25.0,16.739136
2018-08-15,31.5,-25.0,15.238739
2018-08-16,31.5,-25.0,16.512695
2018-08-17,31.5,-25.0,16.187805
2018-08-18,31.5,-25.0,12.615967
2018-08-19,31.5,-25.0,13.171234
2018-08-20,31.5,-25.0,11.627502
2018-08-21,31.5,-25.0,15.417908
2018-08-22,31.5,-25.0,17.6055
2018-08-23,31.5,-25.0,15.797943
2018-08-24,31.5,-25.0,15.719177
2018-08-25,31.5,-25.0,14.815399
2018-08-26,31.5,-25.0,17.753174
2018-08-27,31.5,-25.0,16.193726
2018-08-28,31.5,-25.0,15.205261
2018-08-29,31.5,-25.0,13.003876
2018-08-30,31.5,-25.0,11.233704
2018-08-31,31.5,-25.0,11.275055
2018-09-01,31.5,-25.0,13.3172
2018-09-02,31.5,-25.0,15.968048
2018-09-03,31.5,-25.0,17.901459
2018-09-04,31.5,-25.0,15.789154
2018-09-05,31.5,-25.0,15.336243
2018-09-06,31.5,-25.0,20.097473
2018-09-07,31.5,-25.0,20.932892
2018-09-08,31.5,-25.0,19.100311
2018-09-09,31.5,-25.0,11.695862
2018-09-10,31.5,-25.0,9.273376
2018-09-11,31.5,-25.0,10.306702
2018-09-12,31.5,-25.0,12.706329
2018-09-13,31.5,-25.0,16.904297
2018-09-14,31.5,-25.0,15.102173
2018-09-15,31.5,-25.0,16.868134
2018-09-16,31.5,-25.0,17.907166
2018-09-17,31.5,-25.0,18.10318
2018-09-18,31.5,-25.0,22.358215
2018-09-19,31.5,-25.0,22.232605
2018-09-20,31.5,-25.0,16.894775
2018-09-21,31.5,-25.0,16.118378
2018-09-22,31.5,-25.0,18.181183
2018-09-23,31.5,-25.0,19.479004
2018-09-24,31.5,-25.0,16.510376
2018-09-25,31.5,-25.0,18.293457
2018-09-26,31.5,-25.0,18.740662
2018-09-27,31.5,-25.0,18.525635
2018-09-28,31.5,-25.0,21.598938
2018-09-29,31.5,-25.0,17.80249
2018-09-30,31.5,-25.0,16.084106
2018-10-01,31.5,-25.0,12.644836
2018-10-02,31.5,-25.0,16.161133
2018-10-03,31.5,-25.0,15.610657
2018-10-04,31.5,-25.0,12.292328
2018-10-05,31.5,-25.0,10.158234
2018-10-06,31.5,-25.0,11.281708
2018-10-07,31.5,-25.0,12.818481
2018-10-08,31.5,-25.0,15.093201
2018-10-09,31.5,-25.0,14.277069
2018-10-10,31.5,-25.0,15.770416
2018-10-11,31.5,-25.0,18.491425
2018-10-12,31.5,-25.0,19.109589
2018-10-13,31.5,-25.0,15.69574
2018-10-14,31.5,-25.0,14.865723
2018-10-15,31.5,-25.0,15.546417
2018-10-16,31.5,-25.0,18.668549
2018-10-17,31.5,-25.0,14.850098
2018-10-18,31.5,-25.0,14.398621
2018-10-19,31.5,-25.0,14.443787
2018-10-20,31.5,-25.0,14.912628
2018-10-21,31.5,-25.0,12.754211
2018-10-22,31.5,-25.0,11.861694
2018-10-23,31.5,-25.0,13.3984375
2018-10-24,31.5,-25.0,12.130829
2018-10-25,31.5,-25.0,13.3550415
2018-10-26,31.5,-25.0,15.134888
2018-10-27,31.5,-25.0,15.402283
2018-10-28,31.5,-25.0,15.987488
2018-10-29,31.5,-25.0,16.235779
2018-10-30,31.5,-25.0,18.529633
2018-10-31,31.5,-25.0,18.861298
2018-11-01,31.5,-25.0,16.848053
2018-11-02,31.5,-25.0,16.350128
2018-11-03,31.5,-25.0,15.438019
2018-11-04,31.5,-25.0,13.514587
2018-11-05,31.5,-25.0,19.619995
2018-11-06,31.5,-25.0,13.553345
2018-11-07,31.5,-25.0,13.291199
2018-11-08,31.5,-25.0,11.963409
2018-11-09,31.5,-25.0,11.291748
2018-11-10,31.5,-25.0,15.248779
2018-11-11,31.5,-25.0,14.470093
2018-11-12,31.5,-25.0,16.604523
2018-11-13,31.5,-25.0,16.494385
2018-11-14,31.5,-25.0,15.813416
2018-11-15,31.5,-25.0,15.583832
2018-11-16,31.5,-25.0,18.17276
2018-11-17,31.5,-25.0,18.816498
2018-11-18,31.5,-25.0,20.158264
2018-11-19,31.5,-25.0,19.42456
2018-11-20,31.5,-25.0,19.947296
2018-11-21,31.5,-25.0,18.382172
2018-11-22,31.5,-25.0,18.216187
2018-11-23,31.5,-25.0,18.393005
2018-11-24,31.5,-25.0,17.75238
2018-11-25,31.5,-25.0,19.249268
2018-11-26,31.5,-25.0,23.400208
2018-11-27,31.5,-25.0,23.304047
2018-11-28,31.5,-25.0,17.536774
2018-11-29,31.5,-25.0,17.36148
2018-11-30,31.5,-25.0,16.92871
2018-12-01,31.5,-25.0,15.758881
2018-12-02,31.5,-25.0,20.665253
2018-12-03,31.5,-25.0,20.111969
2018-12-04,31.5,-25.0,21.566772
2018-12-05,31.5,-25.0,21.674194
2018-12-06,31.5,-25.0,23.184326
2018-12-07,31.5,-25.0,24.962982
2018-12-08,31.5,-25.0,21.90689
2018-12-09,31.5,-25.0,20.97931
2018-12-10,31.5,-25.0,18.969574
2018-12-11,31.5,-25.0,17.086761
2018-12-12,31.5,-25.0,16.360992
2018-12-13,31.5,-25.0,19.877625
2018-12-14,31.5,-25.0,20.912598
2018-12-15,31.5,-25.0,19.958984
2018-12-16,31.5,-25.0,22.077759
2018-12-17,31.5,-25.0,20.631073
2018-12-18,31.5,-25.0,22.424377
2018-12-19,31.5,-25.0,24.914185
2018-12-20,31.5,-25.0,22.076141
2018-12-21,31.5,-25.0,21.234802
2018-12-22,31.5,-25.0,20.886566
2018-12-23,31.5,-25.0,22.058228
2018-12-24,31.5,-25.0,21.836914
2018-12-25,31.5,-25.0,22.925598
2018-12-26,31.5,-25.0,25.597656
2018-12-27,31.5,-25.0,24.88977
2018-12-28,31.5,-25.0,20.826355
2018-12-29,31.5,-25.0,20.17218
2018-12-30,31.5,-25.0,19.52124
2018-12-31,31.5,-25.0,22.183533
2019-01-01,31.5,-25.0,22.875275
2019-01-02,31.5,-25.0,21.220428
2019-01-03,31.5,-25.0,18.762787
2019-01-04,31.5,-25.0,20.242798
2019-01-05,31.5,-25.0,20.148987
2019-01-06,31.5,-25.0,20.705383
2019-01-07,31.5,-25.0,20.541656
2019-01-08,31.5,-25.0,20.614777
2019-01-09,31.5,-25.0,21.509766
2019-01-10,31.5,-25.0,22.016846
2019-01-11,31.5,-25.0,25.792328
2019-01-12,31.5,-25.0,24.352081
2019-01-13,31.5,-25.0,22.938873
2019-01-14,31.5,-25.0,24.787659
2019-01-15,31.5,-25.0,23.423737
2019-01-16,31.5,-25.0,23.288605
2019-01-17,31.5,-25.0,23.727356
2019-01-18,31.5,-25.0,22.827606
2019-01-19,31.5,-25.0,20.395386
2019-01-20,31.5,-25.0,18.762787
2019-01-21,31.5,-25.0,17.279633
2019-01-22,31.5,-25.0,15.920471
2019-01-23,31.5,-25.0,21.415955
2019-01-24,31.5,-25.0,20.991516
2019-01-25,31.5,-25.0,22.390442
2019-01-26,31.5,-25.0,19.443176
2019-01-27,31.5,-25.0,18.878845
2019-01-28,31.5,-25.0,20.082214
2019-01-29,31.5,-25.0,19.102997
2019-01-30,31.5,-25.0,19.422516
2019-01-31,31.5,-25.0,19.568756
2019-02-01,31.5,-25.0,21.785767
2019-02-02,31.5,-25.0,21.007751
2019-02-03,31.5,-25.0,21.888062
2019-02-04,31.5,-25.0,21.781128
2019-02-05,31.5,-25.0,19.496643
2019-02-06,31.5,-25.0,20.57071
2019-02-07,31.5,-25.0,21.317719
2019-02-08,31.5,-25.0,19.898071
2019-02-09,31.5,-25.0,19.405212
2019-02-10,31.5,-25.0,21.36731
2019-02-11,31.5,-25.0,20.47461
2019-02-12,31.5,-25.0,21.415375
2019-02-13,31.5,-25.0,22.562256
2019-02-14,31.5,-25.0,21.080597
2019-02-15,31.5,-25.0,20.910126
2019-02-16,31.5,-25.0,22.01361
2019-02-17,31.5,-25.0,21.196838
2019-02-18,31.5,-25.0,19.417603
2019-02-19,31.5,-25.0,18.602386
2019-02-20,31.5,-25.0,18.503204
2019-02-21,31.5,-25.0,19.433105
2019-02-22,31.5,-25.0,21.810577
2019-02-23,31.5,-25.0,21.1922
2019-02-24,31.5,-25.0,21.920624
2019-02-25,31.5,-25.0,22.486328
2019-02-26,31.5,-25.0,21.954712
2019-02-27,31.5,-25.0,21.716034
2019-02-28,31.5,-25.0,22.769928
2019-03-01,31.5,-25.0,23.628235
2019-03-02,31.5,-25.0,23.388245
2019-03-03,31.5,-25.0,23.431244
2019-03-04,31.5,-25.0,23.019318
2019-03-05,31.5,-25.0,22.811554
2019-03-06,31.5,-25.0,22.086243
2019-03-07,31.5,-25.0,20.798553
2019-03-08,31.5,-25.0,20.562134
2019-03-09,31.5,-25.0,19.39804
2019-03-10,31.5,-25.0,22.754272
2019-03-11,31.5,-25.0,21.737
2019-03-12,31.5,-25.0,21.224792
2019-03-13,31.5,-25.0,20.768097
2019-03-14,31.5,-25.0,21.000916
2019-03-15,31.5,-25.0,21.50061
2019-03-16,31.5,-25.0,19.519806
2019-03-17,31.5,-25.0,19.355042
2019-03-18,31.5,-25.0,21.199707
2019-03-19,31.5,-25.0,22.879608
2019-03-20,31.5,-25.0,21.54538
2019-03-21,31.5,-25.0,21.83551
2019-03-22,31.5,-25.0,21.83371
2019-03-23,31.5,-25.0,20.701843
2019-03-24,31.5,-25.0,19.765167
2019-03-25,31.5,-25.0,19.313873
2019-03-26,31.5,-25.0,21.131653
2019-03-27,31.5,-25.0,19.20102
2019-03-28,31.5,-25.0,17.589172
2019-03-29,31.5,-25.0,19.654144
2019-03-30,31.5,-25.0,20.263062
2019-03-31,31.5,-25.0,18.307343
2019-04-01,31.5,-25.0,17.757599
2019-04-02,31.5,-25.0,18.505493
2019-04-03,31.5,-25.0,18.879456
2019-04-04,31.5,-25.0,18.009277
2019-04-05,31.5,-25.0,19.792786
2019-04-06,31.5,-25.0,20.13617
2019-04-07,31.5,-25.0,19.47815
2019-04-08,31.5,-25.0,17.710846
2019-04-09,31.5,-25.0,16.757965
2019-04-10,31.5,-25.0,20.510132
2019-04-11,31.5,-25.0,19.397247
2019-04-12,31.5,-25.0,19.5159
2019-04-13,31.5,-25.0,16.48468
2019-04-14,31.5,-25.0,16.55841
2019-04-15,31.5,-25.0,18.60617
2019-04-16,31.5,-25.0,20.986572
2019-04-17,31.5,-25.0,19.679504
2019-04-18,31.5,-25.0,19.240845
2019-04-19,31.5,-25.0,17.843872
2019-04-20,31.5,-25.0,18.226837
2019-04-21,31.5,-25.0,19.237244
2019-04-22,31.5,-25.0,19.87909
2019-04-23,31.5,-25.0,19.675934
2019-04-24,31.5,-25.0,19.140167
2019-04-25,31.5,-25.0,20.567657
2019-04-26,31.5,-25.0,18.217834
2019-04-27,31.5,-25.0,20.215271
2019-04-28,31.5,-25.0,19.950989
2019-04-29,31.5,-25.0,17.266754
2019-04-30,31.5,-25.0,15.343018
2019-05-01,31.5,-25.0,15.104279
2019-05-02,31.5,-25.0,15.104279
2019-05-03,31.5,-25.0,15.871857
2019-05-04,31.5,-25.0,16.046814
2019-05-05,31.5,-25.0,18.535767
2019-05-06,31.5,-25.0,15.969666
2019-05-07,31.5,-25.0,19.20929
2019-05-08,31.5,-25.0,18.501923
2019-05-09,31.5,-25.0,17.94693
2019-05-10,31.5,-25.0,16.571686
2019-05-11,31.5,-25.0,14.797638
2019-05-12,31.5,-25.0,14.09967
2019-05-13,31.5,-25.0,12.274811
2019-05-14,31.5,-25.0,12.581451
2019-05-15,31.5,-25.0,12.144989
2019-05-16,31.5,-25.0,12.466705
2019-05-17,31.5,-25.0,13.956696
2019-05-18,31.5,-25.0,13.883331
2019-05-19,31.5,-25.0,13.930359
2019-05-20,31.5,-25.0,12.440369
2019-05-21,31.5,-25.0,14.775055
2019-05-22,31.5,-25.0,16.048706
2019-05-23,31.5,-25.0,13.443085
2019-05-24,31.5,-25.0,16.451294
2019-05-25,31.5,-25.0,14.66217
2019-05-26,31.5,-25.0,12.427185
2019-05-27,31.5,-25.0,10.79422
2019-05-28,31.5,-25.0,10.956024
2019-05-29,31.5,-25.0,13.847565
2019-05-30,31.5,-25.0,11.842102
2019-05-31,31.5,-25.0,9.923187
2019-06-01,31.5,-25.0,10.917389
2019-06-02,31.5,-25.0,12.094757
2019-06-03,31.5,-25.0,12.312042
2019-06-04,31.5,-25.0,10.745544
2019-06-05,31.5,-25.0,12.468109
2019-06-06,31.5,-25.0,13.44397
2019-06-07,31.5,-25.0,13.704742
2019-06-08,31.5,-25.0,11.211731
2019-06-09,31.5,-25.0,13.035065
2019-06-10,31.5,-25.0,10.433411
2019-06-11,31.5,-25.0,10.368225
2019-06-12,31.5,-25.0,12.408844
2019-06-13,31.5,-25.0,13.453857
2019-06-14,31.5,-25.0,11.456696
2019-06-15,31.5,-25.0,11.211731
2019-06-16,31.5,-25.0,9.192841
2019-06-17,31.5,-25.0,8.465881
2019-06-18,31.5,-25.0,8.997284
2019-06-19,31.5,-25.0,11.016174
2019-06-20,31.5,-25.0,11.873505
2019-06-21,31.5,-25.0,12.944183
2019-06-22,31.5,-25.0,11.446808
2019-06-23,31.5,-25.0,12.39502
2019-06-24,31.5,-25.0,15.373962
2019-06-25,31.5,-25.0,11.290741
2019-06-26,31.5,-25.0,13.801514
2019-06-27,31.5,-25.0,11.207794
2019-06-28,31.5,-25.0,11.154449
2019-06-29,31.5,-25.0,11.830048
2019-06-30,31.5,-25.0,11.624603
2019-07-01,31.5,-25.0,14.710632
2019-07-02,31.5,-25.0,11.570465
2019-07-03,31.5,-25.0,10.073944
2019-07-04,31.5,-25.0,8.160797
2019-07-05,31.5,-25.0,9.139343
2019-07-06,31.5,-25.0,11.730988
2019-07-07,31.5,-25.0,9.701263
2019-07-08,31.5,-25.0,14.622711
2019-07-09,31.5,-25.0,10.630127
2019-07-10,31.5,-25.0,10.695099
2019-07-11,31.5,-25.0,11.188202
2019-07-12,31.5,-25.0,11.702332
2019-07-13,31.5,-25.0,12.539459
2019-07-14,31.5,-25.0,10.217285
2019-07-15,31.5,-25.0,10.471497
2019-07-16,31.5,-25.0,11.683228
2019-07-17,31.5,-25.0,12.210724
2019-07-18,31.5,-25.0,12.208801
2019-07-19,31.5,-25.0,11.646912
2019-07-20,31.5,-25.0,13.267639
2019-07-21,31.5,-25.0,9.705078
2019-07-22,31.5,-25.0,8.380585
2019-07-23,31.5,-25.0,8.122559
2019-07-24,31.5,-25.0,11.960358
2019-07-25,31.5,-25.0,13.5772705
2019-07-26,31.5,-25.0,10.049103
2019-07-27,31.5,-25.0,15.312683
2019-07-28,31.5,-25.0,10.94165
2019-07-29,31.5,-25.0,10.108337
2019-07-30,31.5,-25.0,10.779205
2019-07-31,31.5,-25.0,11.482544
2019-08-01,31.5,-25.0,16.39029
2019-08-02,31.5,-25.0,15.476349
2019-08-03,31.5,-25.0,14.379181
2019-08-04,31.5,-25.0,16.515015
2019-08-05,31.5,-25.0,17.506927
2019-08-06,31.5,-25.0,16.932068
2019-08-07,31.5,-25.0,18.22992
2019-08-08,31.5,-25.0,17.846008
2019-08-09,31.5,-25.0,17.047028
2019-08-10,31.5,-25.0,14.944336
2019-08-11,31.5,-25.0,12.151764
2019-08-12,31.5,-25.0,15.914795
2019-08-13,31.5,-25.0,15.924561
2019-08-14,31.5,-25.0,15.195709
2019-08-15,31.5,-25.0,14.57016
2019-08-16,31.5,-25.0,12.486938
2019-08-17,31.5,-25.0,13.379486
2019-08-18,31.5,-25.0,16.131134
2019-08-19,31.5,-25.0,12.399261
2019-08-20,31.5,-25.0,14.082977
2019-08-21,31.5,-25.0,14.055695
2019-08-22,31.5,-25.0,12.5590515
2019-08-23,31.5,-25.0,12.631165
2019-08-24,31.5,-25.0,11.130615
2019-08-25,31.5,-25.0,13.4418335
2019-08-26,31.5,-25.0,14.813751
2019-08-27,31.5,-25.0,14.7864685
2019-08-28,31.5,-25.0,17.058716
2019-08-29,31.5,-25.0,17.633606
2019-08-30,31.5,-25.0,15.41983
2019-08-31,31.5,-25.0,15.491913
2019-09-01,31.5,-25.0,15.012665
2019-09-02,31.5,-25.0,12.039337
2019-09-03,31.5,-25.0,14.953491
2019-09-04,31.5,-25.0,15.97641
2019-09-05,31.5,-25.0,17.117645
2019-09-06,31.5,-25.0,13.898132
2019-09-07,31.5,-25.0,11.879028
2019-09-08,31.5,-25.0,11.027893
2019-09-09,31.5,-25.0,8.718689
2019-09-10,31.5,-25.0,11.092773
2019-09-11,31.5,-25.0,11.858032
2019-09-12,31.5,-25.0,14.027924
2019-09-13,31.5,-25.0,18.127197
2019-09-14,31.5,-25.0,18.218811
2019-09-15,31.5,-25.0,17.87912
2019-09-16,31.5,-25.0,16.930634
2019-09-17,31.5,-25.0,17.394379
2019-09-18,31.5,-25.0,16.632904
2019-09-19,31.5,-25.0,19.424927
2019-09-20,31.5,-25.0,18.575684
2019-09-21,31.5,-25.0,18.297058
2019-09-22,31.5,-25.0,17.79132
2019-09-23,31.5,-25.0,17.190155
2019-09-24,31.5,-25.0,16.138641
2019-09-25,31.5,-25.0,13.505005
2019-09-26,31.5,-25.0,12.447754
2019-09-27,31.5,-25.0,11.524078
2019-09-28,31.5,-25.0,10.46109
2019-09-29,31.5,-25.0,15.169159
2019-09-30,31.5,-25.0,15.491669
2019-10-01,31.5,-25.0,14.015442
2019-10-02,31.5,-25.0,13.5448
2019-10-03,31.5,-25.0,11.772034
2019-10-04,31.5,-25.0,17.299469
2019-10-05,31.5,-25.0,20.186066
2019-10-06,31.5,-25.0,18.883972
2019-10-07,31.5,-25.0,17.635895
2019-10-08,31.5,-25.0,20.515533
2019-10-09,31.5,-25.0,20.532959
2019-10-10,31.5,-25.0,16.189117
2019-10-11,31.5,-25.0,15.293152
2019-10-12,31.5,-25.0,14.412872
2019-10-13,31.5,-25.0,16.867188
2019-10-14,31.5,-25.0,19.183777
2019-10-15,31.5,-25.0,17.991486
2019-10-16,31.5,-25.0,16.560394
2019-10-17,31.5,-25.0,15.007263
2019-10-18,31.5,-25.0,15.634796
2019-10-19,31.5,-25.0,16.621399
2019-10-20,31.5,-25.0,21.190125
2019-10-21,31.5,-25.0,20.829285
2019-10-22,31.5,-25.0,17.65506
2019-10-23,31.5,-25.0,17.6969
2019-10-24,31.5,-25.0,19.239563
2019-10-25,31.5,-25.0,18.2948
2019-10-26,31.5,-25.0,23.459656
2019-10-27,31.5,-25.0,21.503876
2019-10-28,31.5,-25.0,21.829834
2019-10-29,31.5,-25.0,19.206451
2019-10-30,31.5,-25.0,18.699188
2019-10-31,31.5,-25.0,19.385986
2019-11-01,31.5,-25.0,18.54364
2019-11-02,31.5,-25.0,18.70456
2019-11-03,31.5,-25.0,21.188812
2019-11-04,31.5,-25.0,20.708954
2019-11-05,31.5,-25.0,19.84909
2019-11-06,31.5,-25.0,17.905792
2019-11-07,31.5,-25.0,21.977142
2019-11-08,31.5,-25.0,18.427399
2019-11-09,31.5,-25.0,18.22174
2019-11-10,31.5,-25.0,18.32605
2019-11-11,31.5,-25.0,19.358795
2019-11-12,31.5,-25.0,20.79242
2019-11-13,31.5,-25.0,20.917603
2019-11-14,31.5,-25.0,19.290253
2019-11-15,31.5,-25.0,17.32312
2019-11-16,31.5,-25.0,17.233704
2019-11-17,31.5,-25.0,18.251526
2019-11-18,31.5,-25.0,19.747742
2019-11-19,31.5,-25.0,19.175476
2019-11-20,31.5,-25.0,19.57785
2019-11-21,31.5,-25.0,19.19336
2019-11-22,31.5,-25.0,20.318512
2019-11-23,31.5,-25.0,22.443604
2019-11-24,31.5,-25.0,22.573242
2019-11-25,31.5,-25.0,20.778992
2019-11-26,31.5,-25.0,21.392975
2019-11-27,31.5,-25.0,21.384033
2019-11-28,31.5,-25.0,19.30365
2019-11-29,31.5,-25.0,19.986176
2019-11-30,31.5,-25.0,21.689545
2019-12-01,31.5,-25.0,21.334442
2019-12-02,31.5,-25.0,20.394562
2019-12-03,31.5,-25.0,20.979431
2019-12-04,31.5,-25.0,15.083618
2019-12-05,31.5,-25.0,14.816193
2019-12-06,31.5,-25.0,14.730164
2019-12-07,31.5,-25.0,20.3367
2019-12-08,31.5,-25.0,19.080902
2019-12-09,31.5,-25.0,16.735077
2019-12-10,31.5,-25.0,16.22055
2019-12-11,31.5,-25.0,17.840729
2019-12-12,31.5,-25.0,18.849426
2019-12-13,31.5,-25.0,19.084015
2019-12-14,31.5,-25.0,18.705566
2019-12-15,31.5,-25.0,17.432556
2019-12-16,31.5,-25.0,16.911774
2019-12-17,31.5,-25.0,18.88852
2019-12-18,31.5,-25.0,18.422485
2019-12-19,31.5,-25.0,21.231232
2019-12-20,31.5,-25.0,21.900574
2019-12-21,31.5,-25.0,21.884918
2019-12-22,31.5,-25.0,22.934296
2019-12-23,31.5,-25.0,21.407959
2019-12-24,31.5,-25.0,20.851196
2019-12-25,31.5,-25.0,23.633362
2019-12-26,31.5,-25.0,23.921112
2019-12-27,31.5,-25.0,21.550262
2019-12-28,31.5,-25.0,20.455536
2019-12-29,31.5,-25.0,20.536865
2019-12-30,31.5,-25.0,21.770752
2019-12-31,31.5,-25.0,22.056946
2020-01-01,31.5,-25.0,22.617828
2020-01-02,31.5,-25.0,21.835052
2020-01-03,31.5,-25.0,23.410248
2020-01-04,31.5,-25.0,23.490631
2020-01-05,31.5,-25.0,25.34549
2020-01-06,31.5,-25.0,24.149628
2020-01-07,31.5,-25.0,22.397644
2020-01-08,31.5,-25.0,22.444244
2020-01-09,31.5,-25.0,25.165466
2020-01-10,31.5,-25.0,21.499146
2020-01-11,31.5,-25.0,21.094086
2020-01-12,31.5,-25.0,21.40268
2020-01-13,31.5,-25.0,21.849518
2020-01-14,31.5,-25.0,21.206604
2020-01-15,31.5,-25.0,21.15033
2020-01-16,31.5,-25.0,21.119812
2020-01-17,31.5,-25.0,21.728973
2020-01-18,31.5,-25.0,22.666046
2020-01-19,31.5,-25.0,20.49936
2020-01-20,31.5,-25.0,19.40155
2020-01-21,31.5,-25.0,18.208923
2020-01-22,31.5,-25.0,19.927155
2020-01-23,31.5,-25.0,19.943237
2020-01-24,31.5,-25.0,20.822449
2020-01-25,31.5,-25.0,21.140686
2020-01-26,31.5,-25.0,20.319336
2020-01-27,31.5,-25.0,20.16986
2020-01-28,31.5,-25.0,18.689514
2020-01-29,31.5,-25.0,19.277802
2020-01-30,31.5,-25.0,19.20224
2020-01-31,31.5,-25.0,17.419708
2020-02-01,31.5,-25.0,19.72528
2020-02-02,31.5,-25.0,19.888702
2020-02-03,31.5,-25.0,20.885162
2020-02-04,31.5,-25.0,22.322693
2020-02-05,31.5,-25.0,22.4068
2020-02-06,31.5,-25.0,24.461548
2020-02-07,31.5,-25.0,22.467072
2020-02-08,31.5,-25.0,22.070404
2020-02-09,31.5,-25.0,22.505157
2020-02-10,31.5,-25.0,20.70111
2020-02-11,31.5,-25.0,19.209625
2020-02-12,31.5,-25.0,19.72528
2020-02-13,31.5,-25.0,18.365509
2020-02-14,31.5,-25.0,19.404785
2020-02-15,31.5,-25.0,21.554749
2020-02-16,31.5,-25.0,21.14856
2020-02-17,31.5,-25.0,19.074738
2020-02-18,31.5,-25.0,22.289368
2020-02-19,31.5,-25.0,21.7753
2020-02-20,31.5,-25.0,22.140228
2020-02-21,31.5,-25.0,23.23822
2020-02-22,31.5,-25.0,22.865356
2020-02-23,31.5,-25.0,19.02713
2020-02-24,31.5,-25.0,18.15921
2020-02-25,31.5,-25.0,16.63443
2020-02-26,31.5,-25.0,15.417419
2020-02-27,31.5,-25.0,16.9581
2020-02-28,31.5,-25.0,19.108063
2020-02-29,31.5,-25.0,18.103699
2020-03-01,31.5,-25.0,17.520416
2020-03-02,31.5,-25.0,17.413147
2020-03-03,31.5,-25.0,17.515137
2020-03-04,31.5,-25.0,16.734253
2020-03-05,31.5,-25.0,15.707153
2020-03-06,31.5,-25.0,17.499298
2020-03-07,31.5,-25.0,18.431458
2020-03-08,31.5,-25.0,18.134216
2020-03-09,31.5,-25.0,17.842255
2020-03-10,31.5,-25.0,19.919342
2020-03-11,31.5,-25.0,18.232697
2020-03-12,31.5,-25.0,21.16101
2020-03-13,31.5,-25.0,19.907013
2020-03-14,31.5,-25.0,20.85498
2020-03-15,31.5,-25.0,21.764252
2020-03-16,31.5,-25.0,20.293945
2020-03-17,31.5,-25.0,18.621399
2020-03-18,31.5,-25.0,17.369171
2020-03-19,31.5,-25.0,18.081451
2020-03-20,31.5,-25.0,19.713562
2020-03-21,31.5,-25.0,19.53946
2020-03-22,31.5,-25.0,20.330872
2020-03-23,31.5,-25.0,18.419128
2020-03-24,31.5,-25.0,20.195465
2020-03-25,31.5,-25.0,21.335114
2020-03-26,31.5,-25.0,19.917572
2020-03-27,31.5,-25.0,17.924927
2020-03-28,31.5,-25.0,17.67694
2020-03-29,31.5,-25.0,15.708923
2020-03-30,31.5,-25.0,17.851074
2020-03-31,31.5,-25.0,16.672699
2020-04-01,31.5,-25.0,19.11496
2020-04-02,31.5,-25.0,17.906708
2020-04-03,31.5,-25.0,18.380524
2020-04-04,31.5,-25.0,19.448456
2020-04-05,31.5,-25.0,18.31128
2020-04-06,31.5,-25.0,16.415955
2020-04-07,31.5,-25.0,19.390137
2020-04-08,31.5,-25.0,17.456573
2020-04-09,31.5,-25.0,17.338104
2020-04-10,31.5,-25.0,15.889282
2020-04-11,31.5,-25.0,16.332123
2020-04-12,31.5,-25.0,17.441986
2020-04-13,31.5,-25.0,20.82254
2020-04-14,31.5,-25.0,19.969666
2020-04-15,31.5,-25.0,19.142303
2020-04-16,31.5,-25.0,18.783264
2020-04-17,31.5,-25.0,19.007446
2020-04-18,31.5,-25.0,18.79422
2020-04-19,31.5,-25.0,17.097534
2020-04-20,31.5,-25.0,15.44278
2020-04-21,31.5,-25.0,16.12439
2020-04-22,31.5,-25.0,17.693481
2020-04-23,31.5,-25.0,18.13086
2020-04-24,31.5,-25.0,17.968658
2020-04-25,31.5,-25.0,16.782257
2020-04-26,31.5,-25.0,18.890808
2020-04-27,31.5,-25.0,17.786407
2020-04-28,31.5,-25.0,15.940308
2020-04-29,31.5,-25.0,17.42923
2020-04-30,31.5,-25.0,14.983551
2020-05-01,31.5,-25.0,13.944672
2020-05-02,31.5,-25.0,15.09021
2020-05-03,31.5,-25.0,14.763153
2020-05-04,31.5,-25.0,15.731628
2020-05-05,31.5,-25.0,15.357605
2020-05-06,31.5,-25.0,15.129944
2020-05-07,31.5,-25.0,15.012512
2020-05-08,31.5,-25.0,13.948303
2020-05-09,31.5,-25.0,14.486725
2020-05-10,31.5,-25.0,14.521057
2020-05-11,31.5,-25.0,12.038483
2020-05-12,31.5,-25.0,12.623901
2020-05-13,31.5,-25.0,12.602203
2020-05-14,31.5,-25.0,14.186798
2020-05-15,31.5,-25.0,12.193878
2020-05-16,31.5,-25.0,14.27713
2020-05-17,31.5,-25.0,13.308685
2020-05-18,31.5,-25.0,12.081848
2020-05-19,31.5,-25.0,13.5616455
2020-05-20,31.5,-25.0,14.539124
2020-05-21,31.5,-25.0,14.707153
2020-05-22,31.5,-25.0,12.446838
2020-05-23,31.5,-25.0,12.11438
2020-05-24,31.5,-25.0,11.059204
2020-05-25,31.5,-25.0,13.451416
2020-05-26,31.5,-25.0,16.020721
2020-05-27,31.5,-25.0,11.454895
2020-05-28,31.5,-25.0,9.539673
2020-05-29,31.5,-25.0,9.254181
2020-05-30,31.5,-25.0,13.774841
2020-05-31,31.5,-25.0,14.795685
2020-06-01,31.5,-25.0,12.395203
2020-06-02,31.5,-25.0,12.209595
2020-06-03,31.5,-25.0,10.972961
2020-06-04,31.5,-25.0,11.230499
2020-06-05,31.5,-25.0,12.241791
2020-06-06,31.5,-25.0,13.237915
2020-06-07,31.5,-25.0,12.131958
2020-06-08,31.5,-25.0,10.105621
2020-06-09,31.5,-25.0,9.798828
2020-06-10,31.5,-25.0,11.974762
2020-06-11,31.5,-25.0,15.464996
2020-06-12,31.5,-25.0,10.126434
2020-06-13,31.5,-25.0,7.931549
2020-06-14,31.5,-25.0,6.5964355
2020-06-15,31.5,-25.0,6.9789734
2020-06-16,31.5,-25.0,12.016418
2020-06-17,31.5,-25.0,12.64328
2020-06-18,31.5,-25.0,10.823364
2020-06-19,31.5,-25.0,8.749664
2020-06-20,31.5,-25.0,7.721344
2020-06-21,31.5,-25.0,7.4884033
2020-06-22,31.5,-25.0,9.6188965
2020-06-23,31.5,-25.0,8.253479
2020-06-24,31.5,-25.0,7.2213745
2020-06-25,31.5,-25.0,9.537476
2020-06-26,31.5,-25.0,8.215607
2020-06-27,31.5,-25.0,11.325195
2020-06-28,31.5,-25.0,9.734436
2020-06-29,31.5,-25.0,11.855469
2020-06-30,31.5,-25.0,10.579041
2020-07-01,31.5,-25.0,11.146271
2020-07-02,31.5,-25.0,8.646149
2020-07-03,31.5,-25.0,10.400085
2020-07-04,31.5,-25.0,12.490601
2020-07-05,31.5,-25.0,8.976654
2020-07-06,31.5,-25.0,7.997284
2020-07-07,31.5,-25.0,10.862396
2020-07-08,31.5,-25.0,15.20163
2020-07-09,31.5,-25.0,15.0252075
2020-07-10,31.5,-25.0,13.711273
2020-07-11,31.5,-25.0,14.635895
2020-07-12,31.5,-25.0,8.942169
2020-07-13,31.5,-25.0,7.94458
2020-07-14,31.5,-25.0,8.00946
2020-07-15,31.5,-25.0,8.861084
2020-07-16,31.5,-25.0,8.202087
2020-07-17,31.5,-25.0,5.8236084
2020-07-18,31.5,-25.0,6.1581726
2020-07-19,31.5,-25.0,6.314331
2020-07-20,31.5,-25.0,8.301453
2020-07-21,31.5,-25.0,8.268982
2020-07-22,31.5,-25.0,8.003357
2020-07-23,31.5,-25.0,11.292267
2020-07-24,31.5,-25.0,12.551453
2020-07-25,31.5,-25.0,11.401764
2020-07-26,31.5,-25.0,8.548828
2020-07-27,31.5,-25.0,10.890778
2020-07-28,31.5,-25.0,12.21283
2020-07-29,31.5,-25.0,8.994904
2020-07-30,31.5,-25.0,9.203766
2020-07-31,31.5,-25.0,12.883972
2020-08-01,31.5,-25.0,10.728821
2020-08-02,31.5,-25.0,11.222961
2020-08-03,31.5,-25.0,8.801544
2020-08-04,31.5,-25.0,8.374359
2020-08-05,31.5,-25.0,12.929779
2020-08-06,31.5,-25.0,13.022308
2020-08-07,31.5,-25.0,12.282074
2020-08-08,31.5,-25.0,9.132263
2020-08-09,31.5,-25.0,9.821289
2020-08-10,31.5,-25.0,13.264435
2020-08-11,31.5,-25.0,12.667938
2020-08-12,31.5,-25.0,12.083252
2020-08-13,31.5,-25.0,12.764404
2020-08-14,31.5,-25.0,14.099152
2020-08-15,31.5,-25.0,13.971191
2020-08-16,31.5,-25.0,16.268585
2020-08-17,31.5,-25.0,14.536163
2020-08-18,31.5,-25.0,14.494843
2020-08-19,31.5,-25.0,11.008392
2020-08-20,31.5,-25.0,10.417786
2020-08-21,31.5,-25.0,9.449219
2020-08-22,31.5,-25.0,12.293884
2020-08-23,31.5,-25.0,9.088959
2020-08-24,31.5,-25.0,12.520294
2020-08-25,31.5,-25.0,14.083374
2020-08-26,31.5,-25.0,15.626801
2020-08-27,31.5,-25.0,14.2901
2020-08-28,31.5,-25.0,17.083588
2020-08-29,31.5,-25.0,20.869263
2020-08-30,31.5,-25.0,13.965271
2020-08-31,31.5,-25.0,12.463196
2020-09-01,31.5,-25.0,13.027313
2020-09-02,31.5,-25.0,13.694641
2020-09-03,31.5,-25.0,11.248413
2020-09-04,31.5,-25.0,12.418091
2020-09-05,31.5,-25.0,13.064819
2020-09-06,31.5,-25.0,12.974823
2020-09-07,31.5,-25.0,12.832367
2020-09-08,31.5,-25.0,12.358124
2020-09-09,31.5,-25.0,11.462097
2020-09-10,31.5,-25.0,14.223267
2020-09-11,31.5,-25.0,15.104279
2020-09-12,31.5,-25.0,15.820374
2020-09-13,31.5,-25.0,14.191406
2020-09-14,31.5,-25.0,16.510193
2020-09-15,31.5,-25.0,17.524292
2020-09-16,31.5,-25.0,19.228241
2020-09-17,31.5,-25.0,17.872955
2020-09-18,31.5,-25.0,17.09317
2020-09-19,31.5,-25.0,19.389465
2020-09-20,31.5,-25.0,18.392212
2020-09-21,31.5,-25.0,16.487701
2020-09-22,31.5,-25.0,14.766876
2020-09-23,31.5,-25.0,12.862366
2020-09-24,31.5,-25.0,14.556946
2020-09-25,31.5,-25.0,18.204742
2020-09-26,31.5,-25.0,18.352844
2020-09-27,31.5,-25.0,17.771729
2020-09-28,31.5,-25.0,16.512054
2020-09-29,31.5,-25.0,16.677002
2020-09-30,31.5,-25.0,15.213013
2020-10-01,31.5,-25.0,17.21518
2020-10-02,31.5,-25.0,15.40329
2020-10-03,31.5,-25.0,15.416809
2020-10-04,31.5,-25.0,15.84314
2020-10-05,31.5,-25.0,18.480652
2020-10-06,31.5,-25.0,17.702423
2020-10-07,31.5,-25.0,15.53186
2020-10-08,31.5,-25.0,16.215332
2020-10-09,31.5,-25.0,14.672424
2020-10-10,31.5,-25.0,16.55371
2020-10-11,31.5,-25.0,13.5271
2020-10-12,31.5,-25.0,13.193817
2020-10-13,31.5,-25.0,12.696442
2020-10-14,31.5,-25.0,15.064941
2020-10-15,31.5,-25.0,13.471252
2020-10-16,31.5,-25.0,15.931122
2020-10-17,31.5,-25.0,17.401276
2020-10-18,31.5,-25.0,17.737946
2020-10-19,31.5,-25.0,20.025238
2020-10-20,31.5,-25.0,20.06076
2020-10-21,31.5,-25.0,18.377441
2020-10-22,31.5,-25.0,16.26947
2020-10-23,31.5,-25.0,18.201508
2020-10-24,31.5,-25.0,17.494324
2020-10-25,31.5,-25.0,16.266083
2020-10-26,31.5,-25.0,20.24347
2020-10-27,31.5,-25.0,20.840668
2020-10-28,31.5,-25.0,20.388977
2020-10-29,31.5,-25.0,19.697021
2020-10-30,31.5,-25.0,17.289612
2020-10-31,31.5,-25.0,19.60736
2020-11-01,31.5,-25.0,18.955597
2020-11-02,31.5,-25.0,18.712494
2020-11-03,31.5,-25.0,17.468079
2020-11-04,31.5,-25.0,21.134094
2020-11-05,31.5,-25.0,20.96457
2020-11-06,31.5,-25.0,22.615234
2020-11-07,31.5,-25.0,22.572021
2020-11-08,31.5,-25.0,25.191986
2020-11-09,31.5,-25.0,22.596039
2020-11-10,31.5,-25.0,18.080688
2020-11-11,31.5,-25.0,17.764008
2020-11-12,31.5,-25.0,16.717926
2020-11-13,31.5,-25.0,16.647552
2020-11-14,31.5,-25.0,16.188507
2020-11-15,31.5,-25.0,18.650116
2020-11-16,31.5,-25.0,19.534607
2020-11-17,31.5,-25.0,19.17154
2020-11-18,31.5,-25.0,21.290863
2020-11-19,31.5,-25.0,20.809418
2020-11-20,31.5,-25.0,19.87851
2020-11-21,31.5,-25.0,19.07077
2020-11-22,31.5,-25.0,20.878174
2020-11-23,31.5,-25.0,21.825073
2020-11-24,31.5,-25.0,24.42743
2020-11-25,31.5,-25.0,21.060516
2020-11-26,31.5,-25.0,20.372742
2020-11-27,31.5,-25.0,19.374664
2020-11-28,31.5,-25.0,19.237122
2020-11-29,31.5,-25.0,19.921692
2020-11-30,31.5,-25.0,19.109161
2020-12-01,31.5,-25.0,21.608063
2020-12-02,31.5,-25.0,18.830902
2020-12-03,31.5,-25.0,18.417328
2020-12-04,31.5,-25.0,16.75824
2020-12-05,31.5,-25.0,17.60431
2020-12-06,31.5,-25.0,18.826172
2020-12-07,31.5,-25.0,18.604462
2020-12-08,31.5,-25.0,19.840485
2020-12-09,31.5,-25.0,19.44107
2020-12-10,31.5,-25.0,20.173859
2020-12-11,31.5,-25.0,23.01709
2020-12-12,31.5,-25.0,24.64154
2020-12-13,31.5,-25.0,22.848816
2020-12-14,31.5,-25.0,22.355011
2020-12-15,31.5,-25.0,22.80951
2020-12-16,31.5,-25.0,21.318695
2020-12-17,31.5,-25.0,21.411499
2020-12-18,31.5,-25.0,20.384583
2020-12-19,31.5,-25.0,20.467957
2020-12-20,31.5,-25.0,21.321838
2020-12-21,31.5,-25.0,22.406921
2020-12-22,31.5,-25.0,22.817352
2020-12-23,31.5,-25.0,23.065826
2020-12-24,31.5,-25.0,21.056091
2020-12-25,31.5,-25.0,20.059082
2020-12-26,31.5,-25.0,20.101532
2020-12-27,31.5,-25.0,22.01535
2020-12-28,31.5,-25.0,22.792206
2020-12-29,31.5,-25.0,22.25595
2020-12-30,31.5,-25.0,21.486969
2020-12-31,31.5,-25.0,23.480988
2021-01-01,31.5,-25.0,20.24289
2021-01-02,31.5,-25.0,17.63324
2021-01-03,31.5,-25.0,18.869995
2021-01-04,31.5,-25.0,18.582825
2021-01-05,31.5,-25.0,23.162964
2021-01-06,31.5,-25.0,21.833252
2021-01-07,31.5,-25.0,20.30597
2021-01-08,31.5,-25.0,20.012146
2021-01-09,31.5,-25.0,19.885986
2021-01-10,31.5,-25.0,19.014435
2021-01-11,31.5,-25.0,21.52945
2021-01-12,31.5,-25.0,20.667877
2021-01-13,31.5,-25.0,21.873077
2021-01-14,31.5,-25.0,22.04242
2021-01-15,31.5,-25.0,23.307404
2021-01-16,31.5,-25.0,23.602875
2021-01-17,31.5,-25.0,21.612457
2021-01-18,31.5,-25.0,21.34021
2021-01-19,31.5,-25.0,20.71933
2021-01-20,31.5,-25.0,21.01648
2021-01-21,31.5,-25.0,21.688812
2021-01-22,31.5,-25.0,20.320923
2021-01-23,31.5,-25.0,20.17981
2021-01-24,31.5,-25.0,22.405975
2021-01-25,31.5,-25.0,20.126678
2021-01-26,31.5,-25.0,20.375702
2021-01-27,31.5,-25.0,21.58258
2021-01-28,31.5,-25.0,21.316956
2021-01-29,31.5,-25.0,20.857117
2021-01-30,31.5,-25.0,21.73529
2021-01-31,31.5,-25.0,22.444153
2021-02-01,31.5,-25.0,19.980194
2021-02-02,31.5,-25.0,17.991943
2021-02-03,31.5,-25.0,19.2453
2021-02-04,31.5,-25.0,19.861877
2021-02-05,31.5,-25.0,22.507172
2021-02-06,31.5,-25.0,22.205109
2021-02-07,31.5,-25.0,21.629028
2021-02-08,31.5,-25.0,21.224213
2021-02-09,31.5,-25.0,21.907715
2021-02-10,31.5,-25.0,21.543396
2021-02-11,31.5,-25.0,21.773834
2021-02-12,31.5,-25.0,21.92331
2021-02-13,31.5,-25.0,21.730225
2021-02-14,31.5,-25.0,21.499786
2021-02-15,31.5,-25.0,20.971985
2021-02-16,31.5,-25.0,18.59137
2021-02-17,31.5,-25.0,18.891876
2021-02-18,31.5,-25.0,17.968597
2021-02-19,31.5,-25.0,19.525574
2021-02-20,31.5,-25.0,19.972412
2021-02-21,31.5,-25.0,22.17398
2021-02-22,31.5,-25.0,21.767609
2021-02-23,31.5,-25.0,20.420807
2021-02-24,31.5,-25.0,18.94638
2021-02-25,31.5,-25.0,21.308289
2021-02-26,31.5,-25.0,20.291595
2021-02-27,31.5,-25.0,19.547363
2021-02-28,31.5,-25.0,18.610077
2021-03-01,31.5,-25.0,18.92038
2021-03-02,31.5,-25.0,17.970123
2021-03-03,31.5,-25.0,16.677338
2021-03-04,31.5,-25.0,16.07965
2021-03-05,31.5,-25.0,18.141357
2021-03-06,31.5,-25.0,21.279236
2021-03-07,31.5,-25.0,21.055939
2021-03-08,31.5,-25.0,21.809784
2021-03-09,31.5,-25.0,21.569702
2021-03-10,31.5,-25.0,23.230133
2021-03-11,31.5,-25.0,22.410828
2021-03-12,31.5,-25.0,21.401794
2021-03-13,31.5,-25.0,19.81186
2021-03-14,31.5,-25.0,19.868958
2021-03-15,31.5,-25.0,19.719543
2021-03-16,31.5,-25.0,18.279022
2021-03-17,31.5,-25.0,19.905884
2021-03-18,31.5,-25.0,20.486786
2021-03-19,31.5,-25.0,20.990479
2021-03-20,31.5,-25.0,21.551208
2021-03-21,31.5,-25.0,20.668121
2021-03-22,31.5,-25.0,20.166138
2021-03-23,31.5,-25.0,19.363617
2021-03-24,31.5,-25.0,19.704437
2021-03-25,31.5,-25.0,19.654053
2021-03-26,31.5,-25.0,17.442932
2021-03-27,31.5,-25.0,19.680908
2021-03-28,31.5,-25.0,18.40326
2021-03-29,31.5,-25.0,16.101501
2021-03-30,31.5,-25.0,16.395294
2021-03-31,31.5,-25.0,16.781433
2021-04-01,31.5,-25.0,18.36438
2021-04-02,31.5,-25.0,17.382446
2021-04-03,31.5,-25.0,18.44757
2021-04-04,31.5,-25.0,17.917725
2021-04-05,31.5,-25.0,15.832642
2021-04-06,31.5,-25.0,16.69165
2021-04-07,31.5,-25.0,17.843567
2021-04-08,31.5,-25.0,16.026154
2021-04-09,31.5,-25.0,17.550629
2021-04-10,31.5,-25.0,19.624847
2021-04-11,31.5,-25.0,16.469208
2021-04-12,31.5,-25.0,16.07135
2021-04-13,31.5,-25.0,17.17627
2021-04-14,31.5,-25.0,17.165436
2021-04-15,31.5,-25.0,17.5018
2021-04-16,31.5,-25.0,16.28836
2021-04-17,31.5,-25.0,13.704193
2021-04-18,31.5,-25.0,12.290009
2021-04-19,31.5,-25.0,12.215881
2021-04-20,31.5,-25.0,17.011719
2021-04-21,31.5,-25.0,15.832642
2021-04-22,31.5,-25.0,13.979065
2021-04-23,31.5,-25.0,15.7404175
2021-04-24,31.5,-25.0,13.888641
2021-04-25,31.5,-25.0,16.111145
2021-04-26,31.5,-25.0,14.432953
2021-04-27,31.5,-25.0,15.805511
2021-04-28,31.5,-25.0,15.36969
2021-04-29,31.5,-25.0,17.348083
2021-04-30,31.5,-25.0,17.41861
2021-05-01,31.5,-25.0,14.427704
2021-05-02,31.5,-25.0,12.769043
2021-05-03,31.5,-25.0,13.040466
2021-05-04,31.5,-25.0,11.864349
2021-05-05,31.5,-25.0,12.145172
2021-05-06,31.5,-25.0,13.850952
2021-05-07,31.5,-25.0,16.930756
2021-05-08,31.5,-25.0,14.082794
2021-05-09,31.5,-25.0,14.229797
2021-05-10,31.5,-25.0,12.893463
2021-05-11,31.5,-25.0,12.090515
2021-05-12,31.5,-25.0,13.095123
2021-05-13,31.5,-25.0,12.416595
2021-05-14,31.5,-25.0,12.233765
2021-05-15,31.5,-25.0,13.108337
2021-05-16,31.5,-25.0,14.246765
2021-05-17,31.5,-25.0,17.060822
2021-05-18,31.5,-25.0,16.099548
2021-05-19,31.5,-25.0,12.525909
2021-05-20,31.5,-25.0,14.497437
2021-05-21,31.5,-25.0,14.107269
2021-05-22,31.5,-25.0,16.73285
2021-05-23,31.5,-25.0,13.304352
2021-05-24,31.5,-25.0,12.9895935
2021-05-25,31.5,-25.0,10.769257
2021-05-26,31.5,-25.0,11.675842
2021-05-27,31.5,-25.0,11.572205
2021-05-28,31.5,-25.0,12.260162
2021-05-29,31.5,-25.0,13.368439
2021-05-30,31.5,-25.0,12.005707
2021-05-31,31.5,-25.0,14.440887
2021-06-01,31.5,-25.0,12.607788
2021-06-02,31.5,-25.0,11.467804
2021-06-03,31.5,-25.0,10.033417
2021-06-04,31.5,-25.0,10.875092
2021-06-05,31.5,-25.0,9.035706
2021-06-06,31.5,-25.0,12.011108
2021-06-07,31.5,-25.0,10.260651
2021-06-08,31.5,-25.0,8.859863
2021-06-09,31.5,-25.0,10.960022
2021-06-10,31.5,-25.0,11.900482
2021-06-11,31.5,-25.0,10.707153
2021-06-12,31.5,-25.0,9.944519
2021-06-13,31.5,-25.0,8.934937
2021-06-14,31.5,-25.0,8.648468
2021-06-15,31.5,-25.0,8.358032
2021-06-16,31.5,-25.0,10.1875305
2021-06-17,31.5,-25.0,10.238892
2021-06-18,31.5,-25.0,14.395782
2021-06-19,31.5,-25.0,13.854462
2021-06-20,31.5,-25.0,11.926147
2021-06-21,31.5,-25.0,12.619629
2021-06-22,31.5,-25.0,8.595123
2021-06-23,31.5,-25.0,10.074921
2021-06-24,31.5,-25.0,10.250763
2021-06-25,31.5,-25.0,10.209259
2021-06-26,31.5,-25.0,13.164917
2021-06-27,31.5,-25.0,11.868866
2021-06-28,31.5,-25.0,11.408508
2021-06-29,31.5,-25.0,12.414154
2021-06-30,31.5,-25.0,14.729675
2021-07-01,31.5,-25.0,13.18988
2021-07-02,31.5,-25.0,13.993256
2021-07-03,31.5,-25.0,13.54245
2021-07-04,31.5,-25.0,11.6813965
2021-07-05,31.5,-25.0,15.222382
2021-07-06,31.5,-25.0,14.451752
2021-07-07,31.5,-25.0,10.856842
2021-07-08,31.5,-25.0,11.0841675
2021-07-09,31.5,-25.0,11.155457
2021-07-10,31.5,-25.0,11.296082
2021-07-11,31.5,-25.0,10.906921
2021-07-12,31.5,-25.0,12.037811
2021-07-13,31.5,-25.0,12.715942
2021-07-14,31.5,-25.0,12.373016
2021-07-15,31.5,-25.0,11.371216
2021-07-16,31.5,-25.0,9.9783325
2021-07-17,31.5,-25.0,9.837677
2021-07-18,31.5,-25.0,8.21167
2021-07-19,31.5,-25.0,7.662628
2021-07-20,31.5,-25.0,7.993988
2021-07-21,31.5,-25.0,9.662384
2021-07-22,31.5,-25.0,8.920654
2021-07-23,31.5,-25.0,8.548828
2021-07-24,31.5,-25.0,6.2601013
2021-07-25,31.5,-25.0,8.907166
2021-07-26,31.5,-25.0,8.573883
2021-07-27,31.5,-25.0,6.190735
2021-07-28,31.5,-25.0,8.523773
2021-07-29,31.5,-25.0,8.785797
2021-07-30,31.5,-25.0,12.631165
2021-07-31,31.5,-25.0,10.36557
2021-08-01,31.5,-25.0,9.318726
2021-08-02,31.5,-25.0,11.964478
2021-08-03,31.5,-25.0,13.301575
2021-08-04,31.5,-25.0,9.606995
2021-08-05,31.5,-25.0,10.11908
2021-08-06,31.5,-25.0,12.192078
2021-08-07,31.5,-25.0,13.512085
2021-08-08,31.5,-25.0,10.521149
2021-08-09,31.5,-25.0,12.286896
2021-08-10,31.5,-25.0,14.555206
2021-08-11,31.5,-25.0,13.688477
2021-08-12,31.5,-25.0,12.890015
2021-08-13,31.5,-25.0,12.996216
2021-08-14,31.5,-25.0,12.453796
2021-08-15,31.5,-25.0,11.8715515
2021-08-16,31.5,-25.0,9.754944
2021-08-17,31.5,-25.0,10.870148
2021-08-18,31.5,-25.0,13.464691
2021-08-19,31.5,-25.0,16.013702
2021-08-20,31.5,-25.0,16.768555
2021-08-21,31.5,-25.0,15.41626
2021-08-22,31.5,-25.0,13.364166
2021-08-23,31.5,-25.0,13.001923
2021-08-24,31.5,-25.0,15.444733
2021-08-25,31.5,-25.0,16.503021
2021-08-26,31.5,-25.0,15.717834
2021-08-27,31.5,-25.0,18.431854
2021-08-28,31.5,-25.0,11.8506775
2021-08-29,31.5,-25.0,10.837891
2021-08-30,31.5,-25.0,9.022858
2021-08-31,31.5,-25.0,10.98584
2021-09-01,31.5,-25.0,15.317139
2021-09-02,31.5,-25.0,14.792816
2021-09-03,31.5,-25.0,14.274017
2021-09-04,31.5,-25.0,16.027252
2021-09-05,31.5,-25.0,16.187317
2021-09-06,31.5,-25.0,19.059082
2021-09-07,31.5,-25.0,15.440399
2021-09-08,31.5,-25.0,13.620911
2021-09-09,31.5,-25.0,12.025909
2021-09-10,31.5,-25.0,13.622772
2021-09-11,31.5,-25.0,11.600922
2021-09-12,31.5,-25.0,11.453735
2021-09-13,31.5,-25.0,13.254822
2021-09-14,31.5,-25.0,13.690826
2021-09-15,31.5,-25.0,19.217316
2021-09-16,31.5,-25.0,17.813599
2021-09-17,31.5,-25.0,15.79361
2021-09-18,31.5,-25.0,13.05246
2021-09-19,31.5,-25.0,12.084778
2021-09-20,31.5,-25.0,15.144196
2021-09-21,31.5,-25.0,15.848816
2021-09-22,31.5,-25.0,13.1683655
2021-09-23,31.5,-25.0,12.230103
2021-09-24,31.5,-25.0,12.934723
2021-09-25,31.5,-25.0,14.176514
2021-09-26,31.5,-25.0,15.708984
2021-09-27,31.5,-25.0,15.370483
2021-09-28,31.5,-25.0,20.08197
2021-09-29,31.5,-25.0,18.900879
2021-09-30,31.5,-25.0,17.767609
2021-10-01,31.5,-25.0,18.510895
2021-10-02,31.5,-25.0,19.699463
2021-10-03,31.5,-25.0,15.06073
2021-10-04,31.5,-25.0,14.723175
2021-10-05,31.5,-25.0,15.9756775
2021-10-06,31.5,-25.0,16.092926
2021-10-07,31.5,-25.0,18.054321
2021-10-08,31.5,-25.0,17.782501
2021-10-09,31.5,-25.0,18.599731
2021-10-10,31.5,-25.0,15.087372
2021-10-11,31.5,-25.0,12.649841
2021-10-12,31.5,-25.0,11.050903
2021-10-13,31.5,-25.0,13.275238
2021-10-14,31.5,-25.0,18.44873
2021-10-15,31.5,-25.0,20.388794
2021-10-16,31.5,-25.0,20.044128
2021-10-17,31.5,-25.0,16.668549
2021-10-18,31.5,-25.0,14.584595
2021-10-19,31.5,-25.0,12.35849
2021-10-20,31.5,-25.0,11.940979
2021-10-21,31.5,-25.0,13.056702
2021-10-22,31.5,-25.0,19.241089
2021-10-23,31.5,-25.0,22.23291
2021-10-24,31.5,-25.0,17.22641
2021-10-25,31.5,-25.0,15.854858
2021-10-26,31.5,-25.0,16.574402
2021-10-27,31.5,-25.0,17.830475
2021-10-28,31.5,-25.0,17.258392
2021-10-29,31.5,-25.0,17.061188
2021-10-30,31.5,-25.0,17.89441
2021-10-31,31.5,-25.0,17.530212
2021-11-01,31.5,-25.0,16.074524
2021-11-02,31.5,-25.0,18.868774
2021-11-03,31.5,-25.0,17.29483
2021-11-04,31.5,-25.0,17.343384
2021-11-05,31.5,-25.0,19.201172
2021-11-06,31.5,-25.0,21.2016
2021-11-07,31.5,-25.0,21.975677
2021-11-08,31.5,-25.0,21.713104
2021-11-09,31.5,-25.0,18.950745
2021-11-10,31.5,-25.0,17.196167
2021-11-11,31.5,-25.0,17.232605
2021-11-12,31.5,-25.0,19.003845
2021-11-13,31.5,-25.0,20.797882
2021-11-14,31.5,-25.0,20.665833
2021-11-15,31.5,-25.0,20.010132
2021-11-16,31.5,-25.0,20.101227
2021-11-17,31.5,-25.0,20.561096
2021-11-18,31.5,-25.0,17.489105
2021-11-19,31.5,-25.0,17.167328
2021-11-20,31.5,-25.0,18.068909
2021-11-21,31.5,-25.0,17.425354
2021-11-22,31.5,-25.0,18.2146
2021-11-23,31.5,-25.0,18.525757
2021-11-24,31.5,-25.0,16.860748
2021-11-25,31.5,-25.0,17.147614
2021-11-26,31.5,-25.0,16.698334
2021-11-27,31.5,-25.0,15.924255
2021-11-28,31.5,-25.0,14.966553
2021-11-29,31.5,-25.0,19.011444
2021-11-30,31.5,-25.0,19.463745
2021-12-01,31.5,-25.0,19.980072
2021-12-02,31.5,-25.0,19.80127
2021-12-03,31.5,-25.0,21.482819
2021-12-04,31.5,-25.0,21.975708
2021-12-05,31.5,-25.0,21.345917
2021-12-06,31.5,-25.0,20.902985
2021-12-07,31.5,-25.0,20.627563
2021-12-08,31.5,-25.0,20.223267
2021-12-09,31.5,-25.0,19.379272
2021-12-10,31.5,-25.0,19.427582
2021-12-11,31.5,-25.0,21.273438
2021-12-12,31.5,-25.0,22.007904
2021-12-13,31.5,-25.0,22.900238
2021-12-14,31.5,-25.0,22.450867
2021-12-15,31.5,-25.0,21.772766
2021-12-16,31.5,-25.0,18.031128
2021-12-17,31.5,-25.0,16.57669
2021-12-18,31.5,-25.0,15.843811
2021-12-19,31.5,-25.0,16.417206
2021-12-20,31.5,-25.0,17.704163
2021-12-21,31.5,-25.0,19.741669
2021-12-22,31.5,-25.0,20.21521
2021-12-23,31.5,-25.0,21.347534
2021-12-24,31.5,-25.0,20.733856
2021-12-25,31.5,-25.0,19.595093
2021-12-26,31.5,-25.0,20.848206
2021-12-27,31.5,-25.0,21.506989
2021-12-28,31.5,-25.0,22.05783
2021-12-29,31.5,-25.0,21.286316
2021-12-30,31.5,-25.0,20.906189
2021-12-31,31.5,-25.0,21.281494
2022-01-01,31.5,-25.0,19.004547
2022-01-02,31.5,-25.0,22.345123
2022-01-03,31.5,-25.0,22.324188
2022-01-04,31.5,-25.0,21.876617
2022-01-05,31.5,-25.0,22.216309
2022-01-06,31.5,-25.0,22.023132
2022-01-07,31.5,-25.0,21.084564
2022-01-08,31.5,-25.0,20.725525
2022-01-09,31.5,-25.0,20.263489
2022-01-10,31.5,-25.0,19.873901
2022-01-11,31.5,-25.0,19.828827
2022-01-12,31.5,-25.0,21.668945
2022-01-13,31.5,-25.0,21.433899
2022-01-14,31.5,-25.0,21.751038
2022-01-15,31.5,-25.0,20.999237
2022-01-16,31.5,-25.0,20.785095
2022-01-17,31.5,-25.0,21.662506
2022-01-18,31.5,-25.0,19.638855
2022-01-19,31.5,-25.0,18.970734
2022-01-20,31.5,-25.0,20.458282
2022-01-21,31.5,-25.0,20.78833
2022-01-22,31.5,-25.0,18.595642
2022-01-23,31.5,-25.0,18.988434
2022-01-24,31.5,-25.0,19.548706
2022-01-25,31.5,-25.0,20.648254
2022-01-26,31.5,-25.0,22.2453
2022-01-27,31.5,-25.0,22.089142
2022-01-28,31.5,-25.0,22.337067
2022-01-29,31.5,-25.0,21.034637
2022-01-30,31.5,-25.0,20.731964
2022-01-31,31.5,-25.0,20.675629
2022-02-01,31.5,-25.0,19.601776
2022-02-02,31.5,-25.0,19.624939
2022-02-03,31.5,-25.0,20.539276
2022-02-04,31.5,-25.0,20.85437
2022-02-05,31.5,-25.0,20.775604
2022-02-06,31.5,-25.0,20.707642
2022-02-07,31.5,-25.0,19.417969
2022-02-08,31.5,-25.0,18.522156
2022-02-09,31.5,-25.0,19.569336
2022-02-10,31.5,-25.0,20.3107
2022-02-11,31.5,-25.0,18.031006
2022-02-12,31.5,-25.0,18.27658
2022-02-13,31.5,-25.0,19.512177
2022-02-14,31.5,-25.0,20.386383
2022-02-15,31.5,-25.0,21.751709
2022-02-16,31.5,-25.0,20.973297
2022-02-17,31.5,-25.0,20.811127
2022-02-18,31.5,-25.0,21.11847
2022-02-19,31.5,-25.0,20.01416
2022-02-20,31.5,-25.0,21.01654
2022-02-21,31.5,-25.0,22.523956
2022-02-22,31.5,-25.0,22.435913
2022-02-23,31.5,-25.0,20.877533
2022-02-24,31.5,-25.0,20.761688
2022-02-25,31.5,-25.0,20.491394
2022-02-26,31.5,-25.0,20.508392
2022-02-27,31.5,-25.0,21.685303
2022-02-28,31.5,-25.0,21.841278
2022-03-01,31.5,-25.0,21.39627
2022-03-02,31.5,-25.0,22.213837
2022-03-03,31.5,-25.0,20.633423
2022-03-04,31.5,-25.0,19.920319
2022-03-05,31.5,-25.0,21.401245
2022-03-06,31.5,-25.0,21.50241
2022-03-07,31.5,-25.0,21.542206
2022-03-08,31.5,-25.0,19.994965
2022-03-09,31.5,-25.0,21.563751
2022-03-10,31.5,-25.0,21.324951
2022-03-11,31.5,-25.0,22.174042
2022-03-12,31.5,-25.0,20.648346
2022-03-13,31.5,-25.0,20.036407
2022-03-14,31.5,-25.0,22.02478
2022-03-15,31.5,-25.0,19.8573
2022-03-16,31.5,-25.0,19.985016
2022-03-17,31.5,-25.0,19.454315
2022-03-18,31.5,-25.0,17.656647
2022-03-19,31.5,-25.0,16.635101
2022-03-20,31.5,-25.0,16.469269
2022-03-21,31.5,-25.0,17.709717
2022-03-22,31.5,-25.0,17.840729
2022-03-23,31.5,-25.0,17.986664
2022-03-24,31.5,-25.0,17.96344
2022-03-25,31.5,-25.0,20.948517
2022-03-26,31.5,-25.0,18.84903
2022-03-27,31.5,-25.0,18.533936
2022-03-28,31.5,-25.0,19.650024
2022-03-29,31.5,-25.0,18.890472
2022-03-30,31.5,-25.0,17.623505
2022-03-31,31.5,-25.0,17.081207
2022-04-01,31.5,-25.0,16.84079
2022-04-02,31.5,-25.0,18.61972
2022-04-03,31.5,-25.0,20.59906
2022-04-04,31.5,-25.0,21.638824
2022-04-05,31.5,-25.0,19.625488
2022-04-06,31.5,-25.0,19.922577
2022-04-07,31.5,-25.0,19.568207
2022-04-08,31.5,-25.0,18.625092
2022-04-09,31.5,-25.0,17.408112
2022-04-10,31.5,-25.0,17.204102
2022-04-11,31.5,-25.0,18.052399
2022-04-12,31.5,-25.0,15.987152
2022-04-13,31.5,-25.0,18.05954
2022-04-14,31.5,-25.0,17.606781
2022-04-15,31.5,-25.0,19.099335
2022-04-16,31.5,-25.0,16.051575
2022-04-17,31.5,-25.0,15.97998
2022-04-18,31.5,-25.0,16.43457
2022-04-19,31.5,-25.0,16.039032
2022-04-20,31.5,-25.0,16.527618
2022-04-21,31.5,-25.0,16.951752
2022-04-22,31.5,-25.0,15.199707
2022-04-23,31.5,-25.0,16.056946
2022-04-24,31.5,-25.0,16.37909
2022-04-25,31.5,-25.0,17.324005
2022-04-26,31.5,-25.0,16.969666
2022-04-27,31.5,-25.0,13.411835
2022-04-28,31.5,-25.0,12.135834
2022-04-29,31.5,-25.0,11.215942
2022-04-30,31.5,-25.0,14.476685
2022-05-01,31.5,-25.0,13.654572
2022-05-02,31.5,-25.0,12.058533
2022-05-03,31.5,-25.0,10.996338
2022-05-04,31.5,-25.0,14.393066
2022-05-05,31.5,-25.0,14.420959
2022-05-06,31.5,-25.0,12.739349
2022-05-07,31.5,-25.0,13.273224
2022-05-08,31.5,-25.0,14.776276
2022-05-09,31.5,-25.0,14.811615
2022-05-10,31.5,-25.0,13.035126
2022-05-11,31.5,-25.0,12.958862
2022-05-12,31.5,-25.0,16.022583
2022-05-13,31.5,-25.0,14.527008
2022-05-14,31.5,-25.0,15.125977
2022-05-15,31.5,-25.0,17.365662
2022-05-16,31.5,-25.0,16.480194
2022-05-17,31.5,-25.0,15.15387
2022-05-18,31.5,-25.0,15.014374
2022-05-19,31.5,-25.0,13.2378845
2022-05-20,31.5,-25.0,13.440643
2022-05-21,31.5,-25.0,15.724976
2022-05-22,31.5,-25.0,13.963348
2022-05-23,31.5,-25.0,12.637054
2022-05-24,31.5,-25.0,11.007507
2022-05-25,31.5,-25.0,11.245605
2022-05-26,31.5,-25.0,11.885529
2022-05-27,31.5,-25.0,16.63272
2022-05-28,31.5,-25.0,15.330597
2022-05-29,31.5,-25.0,14.7464905
2022-05-30,31.5,-25.0,13.22113
2022-05-31,31.5,-25.0,10.505249
2022-06-01,31.5,-25.0,8.019745
2022-06-02,31.5,-25.0,7.595703
2022-06-03,31.5,-25.0,6.887726
2022-06-04,31.5,-25.0,7.215912
2022-06-05,31.5,-25.0,9.430176
2022-06-06,31.5,-25.0,12.083221
2022-06-07,31.5,-25.0,8.097168
2022-06-08,31.5,-25.0,8.019745
2022-06-09,31.5,-25.0,6.784485
2022-06-10,31.5,-25.0,8.76828
2022-06-11,31.5,-25.0,11.096863
2022-06-12,31.5,-25.0,8.414307
2022-06-13,31.5,-25.0,7.571747
2022-06-14,31.5,-25.0,9.909515
2022-06-15,31.5,-25.0,12.857574
2022-06-16,31.5,-25.0,7.8722534
2022-06-17,31.5,-25.0,5.654297
2022-06-18,31.5,-25.0,7.094208
2022-06-19,31.5,-25.0,9.114899
2022-06-20,31.5,-25.0,16.244446
2022-06-21,31.5,-25.0,13.738861
2022-06-22,31.5,-25.0,13.38858
2022-06-23,31.5,-25.0,13.665131
2022-06-24,31.5,-25.0,11.128204
2022-06-25,31.5,-25.0,13.095428
2022-06-26,31.5,-25.0,11.305206
2022-06-27,31.5,-25.0,10.095734
2022-06-28,31.5,-25.0,12.842834
2022-06-29,31.5,-25.0,8.6336975
2022-06-30,31.5,-25.0,7.4776917
2022-07-01,31.5,-25.0,6.7453003
2022-07-02,31.5,-25.0,7.6657104
2022-07-03,31.5,-25.0,8.930817
2022-07-04,31.5,-25.0,10.245178
2022-07-05,31.5,-25.0,10.383423
2022-07-06,31.5,-25.0,9.661865
2022-07-07,31.5,-25.0,13.932556
2022-07-08,31.5,-25.0,10.521698
2022-07-09,31.5,-25.0,12.508362
2022-07-10,31.5,-25.0,12.372009
2022-07-11,31.5,-25.0,12.373901
2022-07-12,31.5,-25.0,13.538635
2022-07-13,31.5,-25.0,13.830292
2022-07-14,31.5,-25.0,11.332275
2022-07-15,31.5,-25.0,13.282959
2022-07-16,31.5,-25.0,12.851166
2022-07-17,31.5,-25.0,12.4913025
2022-07-18,31.5,-25.0,10.326599
2022-07-19,31.5,-25.0,11.654236
2022-07-20,31.5,-25.0,14.229889
2022-07-21,31.5,-25.0,13.875732
2022-07-22,31.5,-25.0,12.423126
2022-07-23,31.5,-25.0,11.319
2022-07-24,31.5,-25.0,12.440186
2022-07-25,31.5,-25.0,10.775452
2022-07-26,31.5,-25.0,7.4233093
2022-07-27,31.5,-25.0,8.209259
2022-07-28,31.5,-25.0,12.70343
2022-07-29,31.5,-25.0,9.677002
2022-07-30,31.5,-25.0,9.851257
2022-07-31,31.5,-25.0,11.002716
2022-08-01,31.5,-25.0,14.563446
2022-08-02,31.5,-25.0,14.247589
2022-08-03,31.5,-25.0,12.628876
2022-08-04,31.5,-25.0,12.192596
2022-08-05,31.5,-25.0,13.509308
2022-08-06,31.5,-25.0,14.514099
2022-08-07,31.5,-25.0,14.3107605
2022-08-08,31.5,-25.0,14.697693
2022-08-09,31.5,-25.0,15.805145
2022-08-10,31.5,-25.0,14.263397
2022-08-11,31.5,-25.0,11.5312805
2022-08-12,31.5,-25.0,15.449799
2022-08-13,31.5,-25.0,13.892273
2022-08-14,31.5,-25.0,15.87619
2022-08-15,31.5,-25.0,11.776062
2022-08-16,31.5,-25.0,11.586548
2022-08-17,31.5,-25.0,10.996307
2022-08-18,31.5,-25.0,13.564575
2022-08-19,31.5,-25.0,11.912262
2022-08-20,31.5,-25.0,8.984741
2022-08-21,31.5,-25.0,12.1649475
2022-08-22,31.5,-25.0,9.373627
2022-08-23,31.5,-25.0,10.244202
2022-08-24,31.5,-25.0,11.663544
2022-08-25,31.5,-25.0,10.68045
2022-08-26,31.5,-25.0,11.989258
2022-08-27,31.5,-25.0,12.451202
2022-08-28,31.5,-25.0,15.536652
2022-08-29,31.5,-25.0,16.328247
2022-08-30,31.5,-25.0,14.269318
2022-08-31,31.5,-25.0,11.073303
2022-09-01,31.5,-25.0,9.15683
2022-09-02,31.5,-25.0,9.907227
2022-09-03,31.5,-25.0,11.860596
2022-09-04,31.5,-25.0,12.038513
2022-09-05,31.5,-25.0,14.535339
2022-09-06,31.5,-25.0,16.244995
2022-09-07,31.5,-25.0,15.512024
2022-09-08,31.5,-25.0,12.935913
2022-09-09,31.5,-25.0,15.239319
2022-09-10,31.5,-25.0,16.82135
2022-09-11,31.5,-25.0,19.27948
2022-09-12,31.5,-25.0,18.068787
2022-09-13,31.5,-25.0,17.277771
2022-09-14,31.5,-25.0,14.380615
2022-09-15,31.5,-25.0,12.746368
2022-09-16,31.5,-25.0,14.485046
2022-09-17,31.5,-25.0,16.078674
2022-09-18,31.5,-25.0,15.5642395
2022-09-19,31.5,-25.0,19.84613
2022-09-20,31.5,-25.0,15.477203
2022-09-21,31.5,-25.0,15.0555725
2022-09-22,31.5,-25.0,15.326355
2022-09-23,31.5,-25.0,14.432831
2022-09-24,31.5,-25.0,18.20996
2022-09-25,31.5,-25.0,16.62793
2022-09-26,31.5,-25.0,18.316345
2022-09-27,31.5,-25.0,16.755585
2022-09-28,31.5,-25.0,18.380157
2022-09-29,31.5,-25.0,17.364807
2022-09-30,31.5,-25.0,14.850586
2022-10-01,31.5,-25.0,16.09259
2022-10-02,31.5,-25.0,19.601562
2022-10-03,31.5,-25.0,18.45279
2022-10-04,31.5,-25.0,19.827026
2022-10-05,31.5,-25.0,18.692566
2022-10-06,31.5,-25.0,20.50879
2022-10-07,31.5,-25.0,19.393982
2022-10-08,31.5,-25.0,18.15036
2022-10-09,31.5,-25.0,17.441772
2022-10-10,31.5,-25.0,21.070648
2022-10-11,31.5,-25.0,21.188751
2022-10-12,31.5,-25.0,19.113068
2022-10-13,31.5,-25.0,20.623291
2022-10-14,31.5,-25.0,20.988342
2022-10-15,31.5,-25.0,20.551727
2022-10-16,31.5,-25.0,19.395782
2022-10-17,31.5,-25.0,19.059387
2022-10-18,31.5,-25.0,18.286377
2022-10-19,31.5,-25.0,19.154205
2022-10-20,31.5,-25.0,18.474243
2022-10-21,31.5,-25.0,19.515686
2022-10-22,31.5,-25.0,19.59082
2022-10-23,31.5,-25.0,18.984222
2022-10-24,31.5,-25.0,19.499573
2022-10-25,31.5,-25.0,20.227844
2022-10-26,31.5,-25.0,20.76825
2022-10-27,31.5,-25.0,19.37967
2022-10-28,31.5,-25.0,17.63324
2022-10-29,31.5,-25.0,16.996216
2022-10-30,31.5,-25.0,18.266693
2022-10-31,31.5,-25.0,16.577515
2022-11-01,31.5,-25.0,16.059174
2022-11-02,31.5,-25.0,17.152405
2022-11-03,31.5,-25.0,16.502472
2022-11-04,31.5,-25.0,17.960632
2022-11-05,31.5,-25.0,19.441406
2022-11-06,31.5,-25.0,19.76712
2022-11-07,31.5,-25.0,19.578644
2022-11-08,31.5,-25.0,21.443909
2022-11-09,31.5,-25.0,19.525848
2022-11-10,31.5,-25.0,20.39441
2022-11-11,31.5,-25.0,19.721893
2022-11-12,31.5,-25.0,19.940521
2022-11-13,31.5,-25.0,19.251404
2022-11-14,31.5,-25.0,18.081268
2022-11-15,31.5,-25.0,17.349945
2022-11-16,31.5,-25.0,17.615326
2022-11-17,31.5,-25.0,19.746002
2022-11-18,31.5,-25.0,20.613068
2022-11-19,31.5,-25.0,21.072968
2022-11-20,31.5,-25.0,18.84729
2022-11-21,31.5,-25.0,18.5065
2022-11-22,31.5,-25.0,17.265503
2022-11-23,31.5,-25.0,20.919159
2022-11-24,31.5,-25.0,20.593445
2022-11-25,31.5,-25.0,21.602264
2022-11-26,31.5,-25.0,20.331085
2022-11-27,31.5,-25.0,19.967682
2022-11-28,31.5,-25.0,18.079773
2022-11-29,31.5,-25.0,16.838745
2022-11-30,31.5,-25.0,17.025726
2022-12-01,31.5,-25.0,15.743408
2022-12-02,31.5,-25.0,18.580048
2022-12-03,31.5,-25.0,21.676178
2022-12-04,31.5,-25.0,20.884949
2022-12-05,31.5,-25.0,22.563538
2022-12-06,31.5,-25.0,20.023193
2022-12-07,31.5,-25.0,20.524536
2022-12-08,31.5,-25.0,21.04831
2022-12-09,31.5,-25.0,21.00827
2022-12-10,31.5,-25.0,21.165222
2022-12-11,31.5,-25.0,21.269348
2022-12-12,31.5,-25.0,21.527222
2022-12-13,31.5,-25.0,21.407104
2022-12-14,31.5,-25.0,21.27414
2022-12-15,31.5,-25.0,22.393768
2022-12-16,31.5,-25.0,22.526703
2022-12-17,31.5,-25.0,22.023773
2022-12-18,31.5,-25.0,21.323822
2022-12-19,31.5,-25.0,20.415619
2022-12-20,31.5,-25.0,20.063263
2022-12-21,31.5,-25.0,18.842743
2022-12-22,31.5,-25.0,16.907867
2022-12-23,31.5,-25.0,14.617401
2022-12-24,31.5,-25.0,17.9794
2022-12-25,31.5,-25.0,19.63559
2022-12-26,31.5,-25.0,19.717285
2022-12-27,31.5,-25.0,19.366486
2022-12-28,31.5,-25.0,20.851288
2022-12-29,31.5,-25.0,21.612122
2022-12-30,31.5,-25.0,17.271454
2022-12-31,31.5,-25.0,17.063232
2023-01-01,31.5,-25.0,17.402802
2023-01-02,31.5,-25.0,17.037659
2023-01-03,31.5,-25.0,18.445618
2023-01-04,31.5,-25.0,20.425903
2023-01-05,31.5,-25.0,21.878021
2023-01-06,31.5,-25.0,17.932709
2023-01-07,31.5,-25.0,17.579437
2023-01-08,31.5,-25.0,15.9184265
2023-01-09,31.5,-25.0,15.799561
2023-01-10,31.5,-25.0,19.573334
2023-01-11,31.5,-25.0,18.634125
2023-01-12,31.5,-25.0,17.813812
2023-01-13,31.5,-25.0,19.63617
2023-01-14,31.5,-25.0,21.53833
2023-01-15,31.5,-25.0,21.742157
2023-01-16,31.5,-25.0,22.081818
2023-01-17,31.5,-25.0,21.619873
2023-01-18,31.5,-25.0,22.795135
2023-01-19,31.5,-25.0,21.973114
2023-01-20,31.5,-25.0,21.806671
2023-01-21,31.5,-25.0,21.32605
2023-01-22,31.5,-25.0,21.998596
2023-01-23,31.5,-25.0,22.68982
2023-01-24,31.5,-25.0,21.988403
2023-01-25,31.5,-25.0,21.650421
2023-01-26,31.5,-25.0,21.611359
2023-01-27,31.5,-25.0,19.809387
2023-01-28,31.5,-25.0,20.553284
2023-01-29,31.5,-25.0,21.134125
2023-01-30,31.5,-25.0,19.462921
2023-01-31,31.5,-25.0,21.686096
2023-02-01,31.5,-25.0,21.433899
2023-02-02,31.5,-25.0,21.171692
2023-02-03,31.5,-25.0,21.994415
2023-02-04,31.5,-25.0,21.524963
2023-02-05,31.5,-25.0,21.005249
2023-02-06,31.5,-25.0,20.22647
2023-02-07,31.5,-25.0,21.845245
2023-02-08,31.5,-25.0,21.55008
2023-02-09,31.5,-25.0,21.744751
2023-02-10,31.5,-25.0,20.717926
2023-02-11,31.5,-25.0,20.272003
2023-02-12,31.5,-25.0,21.853088
2023-02-13,31.5,-25.0,21.443298
2023-02-14,31.5,-25.0,22.021118
2023-02-15,31.5,-25.0,21.620728
2023-02-16,31.5,-25.0,21.565765
2023-02-17,31.5,-25.0,21.196808
2023-02-18,31.5,-25.0,21.597168
2023-02-19,31.5,-25.0,21.991272
2023-02-20,31.5,-25.0,22.537659
2023-02-21,31.5,-25.0,21.057068
2023-02-22,31.5,-25.0,19.946991
2023-02-23,31.5,-25.0,18.343933
2023-02-24,31.5,-25.0,17.962372
2023-02-25,31.5,-25.0,21.451141
2023-02-26,31.5,-25.0,20.309692
2023-02-27,31.5,-25.0,19.940704
2023-02-28,31.5,-25.0,20.066315
2023-03-01,31.5,-25.0,21.102661
2023-03-02,31.5,-25.0,21.3638
2023-03-03,31.5,-25.0,18.69043
2023-03-04,31.5,-25.0,17.496887
2023-03-05,31.5,-25.0,21.886078
2023-03-06,31.5,-25.0,21.1445
2023-03-07,31.5,-25.0,21.621582
2023-03-08,31.5,-25.0,20.727692
2023-03-09,31.5,-25.0,18.561554
2023-03-10,31.5,-25.0,21.710297
2023-03-11,31.5,-25.0,21.847565
2023-03-12,31.5,-25.0,21.444153
2023-03-13,31.5,-25.0,20.654022
2023-03-14,31.5,-25.0,20.525116
2023-03-15,31.5,-25.0,20.190338
2023-03-16,31.5,-25.0,19.673065
2023-03-17,31.5,-25.0,19.731659
2023-03-18,31.5,-25.0,20.059753
2023-03-19,31.5,-25.0,20.515076
2023-03-20,31.5,-25.0,19.776855
2023-03-21,31.5,-25.0,20.362762
2023-03-22,31.5,-25.0,19.411926
2023-03-23,31.5,-25.0,20.571991
2023-03-24,31.5,-25.0,19.66806
2023-03-25,31.5,-25.0,19.239502
2023-03-26,31.5,-25.0,20.088226
2023-03-27,31.5,-25.0,18.749023
2023-03-28,31.5,-25.0,16.325104
2023-03-29,31.5,-25.0,16.253113
2023-03-30,31.5,-25.0,20.814728
2023-03-31,31.5,-25.0,19.738342
2023-04-01,31.5,-25.0,18.662903
2023-04-02,31.5,-25.0,20.170288
2023-04-03,31.5,-25.0,19.62387
2023-04-04,31.5,-25.0,17.070496
2023-04-05,31.5,-25.0,15.311554
2023-04-06,31.5,-25.0,15.044434
2023-04-07,31.5,-25.0,15.058319
2023-04-08,31.5,-25.0,16.615997
2023-04-09,31.5,-25.0,18.923096
2023-04-10,31.5,-25.0,21.349854
2023-04-11,31.5,-25.0,19.093079
2023-04-12,31.5,-25.0,18.496368
2023-04-13,31.5,-25.0,18.206665
2023-04-14,31.5,-25.0,19.6846
2023-04-15,31.5,-25.0,16.93518
2023-04-16,31.5,-25.0,16.187561
2023-04-17,31.5,-25.0,14.428619
2023-04-18,31.5,-25.0,14.662811
2023-04-19,31.5,-25.0,13.982819
2023-04-20,31.5,-25.0,15.2630005
2023-04-21,31.5,-25.0,16.51715
2023-04-22,31.5,-25.0,19.158997
2023-04-23,31.5,-25.0,17.518036
2023-04-24,31.5,-25.0,18.145966
2023-04-25,31.5,-25.0,17.242218
2023-04-26,31.5,-25.0,19.736633
2023-04-27,31.5,-25.0,18.13382
2023-04-28,31.5,-25.0,19.74704
2023-04-29,31.5,-25.0,20.114777
2023-04-30,31.5,-25.0,19.911835
2023-05-01,31.5,-25.0,18.699951
2023-05-02,31.5,-25.0,17.234955
2023-05-03,31.5,-25.0,17.65561
2023-05-04,31.5,-25.0,19.701813
2023-05-05,31.5,-25.0,16.53012
2023-05-06,31.5,-25.0,17.522766
2023-05-07,31.5,-25.0,17.897339
2023-05-08,31.5,-25.0,18.480377
2023-05-09,31.5,-25.0,17.297668
2023-05-10,31.5,-25.0,14.476532
2023-05-11,31.5,-25.0,15.1297
2023-05-12,31.5,-25.0,13.954376
2023-05-13,31.5,-25.0,18.600311
2023-05-14,31.5,-25.0,17.41391
2023-05-15,31.5,-25.0,15.0651245
2023-05-16,31.5,-25.0,12.983856
2023-05-17,31.5,-25.0,13.321503
2023-05-18,31.5,-25.0,15.428589
2023-05-19,31.5,-25.0,16.404663
2023-05-20,31.5,-25.0,13.768036
2023-05-21,31.5,-25.0,11.762421
2023-05-22,31.5,-25.0,14.718231
2023-05-23,31.5,-25.0,14.052155
2023-05-24,31.5,-25.0,12.552124
2023-05-25,31.5,-25.0,14.0448
2023-05-26,31.5,-25.0,16.965546
2023-05-27,31.5,-25.0,14.998688
2023-05-28,31.5,-25.0,13.4340515
2023-05-29,31.5,-25.0,12.812286
2023-05-30,31.5,-25.0,14.389832
2023-05-31,31.5,-25.0,14.685028
2023-06-01,31.5,-25.0,15.695343
2023-06-02,31.5,-25.0,13.144989
2023-06-03,31.5,-25.0,10.768768
2023-06-04,31.5,-25.0,15.69339
2023-06-05,31.5,-25.0,15.430237
2023-06-06,31.5,-25.0,14.631073
2023-06-07,31.5,-25.0,12.639923
2023-06-08,31.5,-25.0,15.840454
2023-06-09,31.5,-25.0,15.81723
2023-06-10,31.5,-25.0,15.091614
2023-06-11,31.5,-25.0,14.799408
2023-06-12,31.5,-25.0,11.531158
2023-06-13,31.5,-25.0,13.117889
2023-06-14,31.5,-25.0,10.801666
2023-06-15,31.5,-25.0,9.9947815
2023-06-16,31.5,-25.0,12.717346
2023-06-17,31.5,-25.0,11.745972
2023-06-18,31.5,-25.0,10.497864
2023-06-19,31.5,-25.0,10.33728
2023-06-20,31.5,-25.0,12.757965
2023-06-21,31.5,-25.0,14.220856
2023-06-22,31.5,-25.0,13.630676
2023-06-23,31.5,-25.0,13.115936
2023-06-24,31.5,-25.0,10.283081
2023-06-25,31.5,-25.0,9.985107
2023-06-26,31.5,-25.0,11.198334
2023-06-27,31.5,-25.0,10.741699
2023-06-28,31.5,-25.0,11.554382
2023-06-29,31.5,-25.0,12.641876
2023-06-30,31.5,-25.0,12.336151
2023-07-01,31.5,-25.0,10.996887
2023-07-02,31.5,-25.0,8.573639
2023-07-03,31.5,-25.0,10.064728
2023-07-04,31.5,-25.0,10.617767
2023-07-05,31.5,-25.0,12.050232
2023-07-06,31.5,-25.0,13.543243
2023-07-07,31.5,-25.0,11.5069275
2023-07-08,31.5,-25.0,12.716614
2023-07-09,31.5,-25.0,10.975403
2023-07-10,31.5,-25.0,8.788605
2023-07-11,31.5,-25.0,9.832153
2023-07-12,31.5,-25.0,9.734467
2023-07-13,31.5,-25.0,8.163239
2023-07-14,31.5,-25.0,10.369568
2023-07-15,31.5,-25.0,9.726624
2023-07-16,31.5,-25.0,9.578125
2023-07-17,31.5,-25.0,8.853088
2023-07-18,31.5,-25.0,9.212677
2023-07-19,31.5,-25.0,10.111633
2023-07-20,31.5,-25.0,12.339447
2023-07-21,31.5,-25.0,11.229431
2023-07-22,31.5,-25.0,11.24118
2023-07-23,31.5,-25.0,8.622498
2023-07-24,31.5,-25.0,11.606598
2023-07-25,31.5,-25.0,13.633148
2023-07-26,31.5,-25.0,11.860657
2023-07-27,31.5,-25.0,9.851715
2023-07-28,31.5,-25.0,10.635345
2023-07-29,31.5,-25.0,11.870422
2023-07-30,31.5,-25.0,12.955017
2023-07-31,31.5,-25.0,9.955292
2023-08-01,31.5,-25.0,10.013153
2023-08-02,31.5,-25.0,11.999603
2023-08-03,31.5,-25.0,11.2760315
2023-08-04,31.5,-25.0,9.7066345
2023-08-05,31.5,-25.0,9.374939
2023-08-06,31.5,-25.0,12.084961
2023-08-07,31.5,-25.0,8.701782
2023-08-08,31.5,-25.0,9.070374
2023-08-09,31.5,-25.0,9.7435
2023-08-10,31.5,-25.0,15.429321
2023-08-11,31.5,-25.0,13.828918
2023-08-12,31.5,-25.0,9.665894
2023-08-13,31.5,-25.0,9.791992
2023-08-14,31.5,-25.0,12.275055
2023-08-15,31.5,-25.0,13.66983
2023-08-16,31.5,-25.0,13.735809
2023-08-17,31.5,-25.0,11.458374
2023-08-18,31.5,-25.0,14.063629
2023-08-19,31.5,-25.0,16.180054
2023-08-20,31.5,-25.0,14.141235
2023-08-21,31.5,-25.0,14.899719
2023-08-22,31.5,-25.0,17.1539
2023-08-23,31.5,-25.0,18.521515
2023-08-24,31.5,-25.0,17.235352
2023-08-25,31.5,-25.0,14.742615
2023-08-26,31.5,-25.0,16.420593
2023-08-27,31.5,-25.0,14.348816
2023-08-28,31.5,-25.0,12.860901
2023-08-29,31.5,-25.0,13.501068
2023-08-30,31.5,-25.0,12.952087
2023-08-31,31.5,-25.0,11.043243
2023-09-01,31.5,-25.0,13.378113
2023-09-02,31.5,-25.0,14.8914795
2023-09-03,31.5,-25.0,15.62973
2023-09-04,31.5,-25.0,16.087036
2023-09-05,31.5,-25.0,16.486206
2023-09-06,31.5,-25.0,16.065735
2023-09-07,31.5,-25.0,14.122192
2023-09-08,31.5,-25.0,14.288849
2023-09-09,31.5,-25.0,16.199432
2023-09-10,31.5,-25.0,17.662384
2023-09-11,31.5,-25.0,17.445374
2023-09-12,31.5,-25.0,14.252045
2023-09-13,31.5,-25.0,13.835419
2023-09-14,31.5,-25.0,13.228912
2023-09-15,31.5,-25.0,14.662811
2023-09-16,31.5,-25.0,17.830963
2023-09-17,31.5,-25.0,16.920258
2023-09-18,31.5,-25.0,15.963013
2023-09-19,31.5,-25.0,15.279022
2023-09-20,31.5,-25.0,19.6156
2023-09-21,31.5,-25.0,17.786407
2023-09-22,31.5,-25.0,18.941284
2023-09-23,31.5,-25.0,18.873474
2023-09-24,31.5,-25.0,18.801758
2023-09-25,31.5,-25.0,18.34253
2023-09-26,31.5,-25.0,17.127594
2023-09-27,31.5,-25.0,15.096863
2023-09-28,31.5,-25.0,15.151123
2023-09-29,31.5,-25.0,13.461456
2023-09-30,31.5,-25.0,18.929657
2023-10-01,31.5,-25.0,15.442749
2023-10-02,31.5,-25.0,14.473999
2023-10-03,31.5,-25.0,12.175446
2023-10-04,31.5,-25.0,13.817017
2023-10-05,31.5,-25.0,14.931946
2023-10-06,31.5,-25.0,16.474884
2023-10-07,31.5,-25.0,17.894531
2023-10-08,31.5,-25.0,18.107666
2023-10-09,31.5,-25.0,16.867676
2023-10-10,31.5,-25.0,16.457275
2023-10-11,31.5,-25.0,18.273224
2023-10-12,31.5,-25.0,19.248993
2023-10-13,31.5,-25.0,19.659393
2023-10-14,31.5,-25.0,18.208038
2023-10-15,31.5,-25.0,17.251648
2023-10-16,31.5,-25.0,16.133179
2023-10-17,31.5,-25.0,16.175476
2023-10-18,31.5,-25.0,16.66513
2023-10-19,31.5,-25.0,15.687561
2023-10-20,31.5,-25.0,18.216858
2023-10-21,31.5,-25.0,18.167542
2023-10-22,31.5,-25.0,18.149933
2023-10-23,31.5,-25.0,16.80603
2023-10-24,31.5,-25.0,16.53302
2023-10-25,31.5,-25.0,18.445831
2023-10-26,31.5,-25.0,17.625061
2023-10-27,31.5,-25.0,17.387268
2023-10-28,31.5,-25.0,19.14862
2023-10-29,31.5,-25.0,12.659821
2023-10-30,31.5,-25.0,12.193085
2023-10-31,31.5,-25.0,12.418518
2023-11-01,31.5,-25.0,13.82254
2023-11-02,31.5,-25.0,12.377777
2023-11-03,31.5,-25.0,15.84613
2023-11-04,31.5,-25.0,14.092346
2023-11-05,31.5,-25.0,15.712769
2023-11-06,31.5,-25.0,17.363007
2023-11-07,31.5,-25.0,19.923096
2023-11-08,31.5,-25.0,18.131653
2023-11-09,31.5,-25.0,16.326141
2023-11-10,31.5,-25.0,17.999908
2023-11-11,31.5,-25.0,17.758331
2023-11-12,31.5,-25.0,19.64856
2023-11-13,31.5,-25.0,17.843018
2023-11-14,31.5,-25.0,16.35907
2023-11-15,31.5,-25.0,15.671997
2023-11-16,31.5,-25.0,14.454712
2023-11-17,31.5,-25.0,18.366974
2023-11-18,31.5,-25.0,20.340363
2023-11-19,31.5,-25.0,21.57019
2023-11-20,31.5,-25.0,21.41333
2023-11-21,31.5,-25.0,22.531769
2023-11-22,31.5,-25.0,23.400818
2023-11-23,31.5,-25.0,24.906738
2023-11-24,31.5,-25.0,22.414124
2023-11-25,31.5,-25.0,23.204742
2023-11-26,31.5,-25.0,21.443115
2023-11-27,31.5,-25.0,23.141998
2023-11-28,31.5,-25.0,22.338837
2023-11-29,31.5,-25.0,16.77005
2023-11-30,31.5,-25.0,16.835938
2023-12-01,31.5,-25.0,17.718628
2023-12-02,31.5,-25.0,16.047455
2023-12-03,31.5,-25.0,17.266754
2023-12-04,31.5,-25.0,17.745209
2023-12-05,31.5,-25.0,19.421356
2023-12-06,31.5,-25.0,20.423065
2023-12-07,31.5,-25.0,20.25528
2023-12-08,31.5,-25.0,20.969604
2023-12-09,31.5,-25.0,20.539337
2023-12-10,31.5,-25.0,19.821716
2023-12-11,31.5,-25.0,19.421356
2023-12-12,31.5,-25.0,20.185516
2023-12-13,31.5,-25.0,18.388092
2023-12-14,31.5,-25.0,16.658752
2023-12-15,31.5,-25.0,20.135681
2023-12-16,31.5,-25.0,20.044312
2023-12-17,31.5,-25.0,20.502808
2023-12-18,31.5,-25.0,19.61737
2023-12-19,31.5,-25.0,21.64737
2023-12-20,31.5,-25.0,20.639008
2023-12-21,31.5,-25.0,19.929688
2023-12-22,31.5,-25.0,21.843384
2023-12-23,31.5,-25.0,19.933014
2023-12-24,31.5,-25.0,23.42154
2023-12-25,31.5,-25.0,22.285278
2023-12-26,31.5,-25.0,17.004303
2023-12-27,31.5,-25.0,16.627197
2023-12-28,31.5,-25.0,17.645508
2023-12-29,31.5,-25.0,18.833282
2023-12-30,31.5,-25.0,17.673767
2023-12-31,31.5,-25.0,20.1008
2024-01-01,31.5,-25.0,20.28183
2024-01-02,31.5,-25.0,20.486969
2024-01-03,31.5,-25.0,19.499817
2024-01-04,31.5,-25.0,20.425018
2024-01-05,31.5,-25.0,19.487793
2024-01-06,31.5,-25.0,18.228424
2024-01-07,31.5,-25.0,19.682281
2024-01-08,31.5,-25.0,21.425507
2024-01-09,31.5,-25.0,20.220398
2024-01-10,31.5,-25.0,20.592865
2024-01-11,31.5,-25.0,21.81009
2024-01-12,31.5,-25.0,22.707092
2024-01-13,31.5,-25.0,23.747223
2024-01-14,31.5,-25.0,23.267853
2024-01-15,31.5,-25.0,21.928314
2024-01-16,31.5,-25.0,23.722626
2024-01-17,31.5,-25.0,21.782013
2024-01-18,31.5,-25.0,18.77713
2024-01-19,31.5,-25.0,17.93686
2024-01-20,31.5,-25.0,17.450043
2024-01-21,31.5,-25.0,18.318817
2024-01-22,31.5,-25.0,17.960266
2024-01-23,31.5,-25.0,21.61905
2024-01-24,31.5,-25.0,20.1633
2024-01-25,31.5,-25.0,19.24643
2024-01-26,31.5,-25.0,19.57965
2024-01-27,31.5,-25.0,21.26352
2024-01-28,31.5,-25.0,22.141144
2024-01-29,31.5,-25.0,20.126495
2024-01-30,31.5,-25.0,21.412384
2024-01-31,31.5,-25.0,20.505402
2024-02-01,31.5,-25.0,20.101898
2024-02-02,31.5,-25.0,20.19629
2024-02-03,31.5,-25.0,20.58371
2024-02-04,31.5,-25.0,21.003784
2024-02-05,31.5,-25.0,22.795624
2024-02-06,31.5,-25.0,23.337189
2024-02-07,31.5,-25.0,22.461151
2024-02-08,31.5,-25.0,24.388214
2024-02-09,31.5,-25.0,23.77475
2024-02-10,31.5,-25.0,22.465424
2024-02-11,31.5,-25.0,21.385223
2024-02-12,31.5,-25.0,20.547241
2024-02-13,31.5,-25.0,18.378235
2024-02-14,31.5,-25.0,17.639862
2024-02-15,31.5,-25.0,20.688507
2024-02-16,31.5,-25.0,25.078156
2024-02-17,31.5,-25.0,24.55487
2024-02-18,31.5,-25.0,24.135406
2024-02-19,31.5,-25.0,23.138885
2024-02-20,31.5,-25.0,22.68747
2024-02-21,31.5,-25.0,20.504852
2024-02-22,31.5,-25.0,21.623047
2024-02-23,31.5,-25.0,21.899353
2024-02-24,31.5,-25.0,22.523254
2024-02-25,31.5,-25.0,23.459442
2024-02-26,31.5,-25.0,20.754974
2024-02-27,31.5,-25.0,19.553131
2024-02-28,31.5,-25.0,19.517365
2024-02-29,31.5,-25.0,18.51358
2024-03-01,31.5,-25.0,19.144257
2024-03-02,31.5,-25.0,18.560455
2024-03-03,31.5,-25.0,19.913666
2024-03-04,31.5,-25.0,21.280853
2024-03-05,31.5,-25.0,24.494476
2024-03-06,31.5,-25.0,24.069763
2024-03-07,31.5,-25.0,23.645538
2024-03-08,31.5,-25.0,25.040619
2024-03-09,31.5,-25.0,23.638306
2024-03-10,31.5,-25.0,23.206238
2024-03-11,31.5,-25.0,22.760193
2024-03-12,31.5,-25.0,21.801117
2024-03-13,31.5,-25.0,21.48294
2024-03-14,31.5,-25.0,19.698883
2024-03-15,31.5,-25.0,19.098297
2024-03-16,31.5,-25.0,19.066162
2024-03-17,31.5,-25.0,21.791351
2024-03-18,31.5,-25.0,20.200836
2024-03-19,31.5,-25.0,20.015228
2024-03-20,31.5,-25.0,21.086273
2024-03-21,31.5,-25.0,20.714233
2024-03-22,31.5,-25.0,19.742706
2024-03-23,31.5,-25.0,20.074188
2024-03-24,31.5,-25.0,19.814941
2024-03-25,31.5,-25.0,20.073212
2024-03-26,31.5,-25.0,20.059723
2024-03-27,31.5,-25.0,18.465912
2024-03-28,31.5,-25.0,20.167786
2024-03-29,31.5,-25.0,20.482819
2024-03-30,31.5,-25.0,19.884552
2024-03-31,31.5,-25.0,18.281036
2024-04-01,31.5,-25.0,18.516632
2024-04-02,31.5,-25.0,17.43689
2024-04-03,31.5,-25.0,19.543732
2024-04-04,31.5,-25.0,20.444061
2024-04-05,31.5,-25.0,20.453918
2024-04-06,31.5,-25.0,19.44638
2024-04-07,31.5,-25.0,18.53067
2024-04-08,31.5,-25.0,18.518799
2024-04-09,31.5,-25.0,18.845184
2024-04-10,31.5,-25.0,18.245392
2024-04-11,31.5,-25.0,16.013977
2024-04-12,31.5,-25.0,13.82132
2024-04-13,31.5,-25.0,15.218475
2024-04-14,31.5,-25.0,14.0624695
2024-04-15,31.5,-25.0,16.422699
2024-04-16,31.5,-25.0,17.315857
2024-04-17,31.5,-25.0,16.836365
2024-04-18,31.5,-25.0,14.904999
2024-04-19,31.5,-25.0,16.27887
2024-04-20,31.5,-25.0,16.170807
2024-04-21,31.5,-25.0,16.425568
2024-04-22,31.5,-25.0,16.500275
2024-04-23,31.5,-25.0,17.363312
2024-04-24,31.5,-25.0,20.426758
2024-04-25,31.5,-25.0,19.50241
2024-04-26,31.5,-25.0,19.571198
2024-04-27,31.5,-25.0,16.668732
2024-04-28,31.5,-25.0,14.743561
2024-04-29,31.5,-25.0,14.518707
2024-04-30,31.5,-25.0,13.298737
2024-05-01,31.5,-25.0,15.963074
2024-05-02,31.5,-25.0,15.896698
2024-05-03,31.5,-25.0,16.849274
2024-05-04,31.5,-25.0,16.30954
2024-05-05,31.5,-25.0,14.183502
2024-05-06,31.5,-25.0,13.891083
2024-05-07,31.5,-25.0,13.772369
2024-05-08,31.5,-25.0,12.925873
2024-05-09,31.5,-25.0,16.25943
2024-05-10,31.5,-25.0,14.39505
2024-05-11,31.5,-25.0,15.535431
2024-05-12,31.5,-25.0,19.970306
2024-05-13,31.5,-25.0,19.156555
2024-05-14,31.5,-25.0,17.074982
2024-05-15,31.5,-25.0,15.511536
2024-05-16,31.5,-25.0,13.12558
2024-05-17,31.5,-25.0,13.145203
2024-05-18,31.5,-25.0,17.596832
2024-05-19,31.5,-25.0,17.900726
2024-05-20,31.5,-25.0,15.563934
2024-05-21,31.5,-25.0,16.392334
2024-05-22,31.5,-25.0,15.185577
2024-05-23,31.5,-25.0,14.556366
2024-05-24,31.5,-25.0,11.991455
2024-05-25,31.5,-25.0,15.462372
2024-05-26,31.5,-25.0,13.219208
2024-05-27,31.5,-25.0,13.092133
2024-05-28,31.5,-25.0,11.675537
2024-05-29,31.5,-25.0,11.510834
2024-05-30,31.5,-25.0,11.669769
2024-05-31,31.5,-25.0,12.837769
2024-06-01,31.5,-25.0,12.1684265
2024-06-02,31.5,-25.0,13.964081
2024-06-03,31.5,-25.0,15.25058
2024-06-04,31.5,-25.0,9.635834
2024-06-05,31.5,-25.0,8.979797
2024-06-06,31.5,-25.0,9.627472
2024-06-07,31.5,-25.0,14.43985
2024-06-08,31.5,-25.0,13.010498
2024-06-09,31.5,-25.0,9.76709
2024-06-10,31.5,-25.0,8.6362
2024-06-11,31.5,-25.0,9.433502
2024-06-12,31.5,-25.0,7.3646545
2024-06-13,31.5,-25.0,9.275757
2024-06-14,31.5,-25.0,11.745026
2024-06-15,31.5,-25.0,9.512848
2024-06-16,31.5,-25.0,10.1701355
2024-06-17,31.5,-25.0,11.136047
2024-06-18,31.5,-25.0,9.950928
2024-06-19,31.5,-25.0,12.005035
2024-06-20,31.5,-25.0,14.423248
2024-06-21,31.5,-25.0,13.66037
2024-06-22,31.5,-25.0,11.246826
2024-06-23,31.5,-25.0,15.301361
2024-06-24,31.5,-25.0,11.934784
2024-06-25,31.5,-25.0,11.465515
2024-06-26,31.5,-25.0,15.680969
2024-06-27,31.5,-25.0,14.652618
2024-06-28,31.5,-25.0,12.211914
2024-06-29,31.5,-25.0,9.956085
2024-06-30,31.5,-25.0,10.925446
2024-07-01,31.5,-25.0,10.929779
2024-07-02,31.5,-25.0,9.570221
2024-07-03,31.5,-25.0,10.194794
2024-07-04,31.5,-25.0,14.5503845
2024-07-05,31.5,-25.0,11.416595
2024-07-06,31.5,-25.0,9.559845
2024-07-07,31.5,-25.0,8.422333
2024-07-08,31.5,-25.0,11.068024
2024-07-09,31.5,-25.0,7.350769
2024-07-10,31.5,-25.0,7.5951233
2024-07-11,31.5,-25.0,10.536407
2024-07-12,31.5,-25.0,9.544464
2024-07-13,31.5,-25.0,10.115509
2024-07-14,31.5,-25.0,11.755341
2024-07-15,31.5,-25.0,14.637238
2024-07-16,31.5,-25.0,14.234833
2024-07-17,31.5,-25.0,10.887543
2024-07-18,31.5,-25.0,12.664764
2024-07-19,31.5,-25.0,13.136932
2024-07-20,31.5,-25.0,13.383606
2024-07-21,31.5,-25.0,14.821289
2024-07-22,31.5,-25.0,15.835785
2024-07-23,31.5,-25.0,15.497955
2024-07-24,31.5,-25.0,16.163055
2024-07-25,31.5,-25.0,14.170227
2024-07-26,31.5,-25.0,14.078461
2024-07-27,31.5,-25.0,12.912933
2024-07-28,31.5,-25.0,14.206055
2024-07-29,31.5,-25.0,14.020386
2024-07-30,31.5,-25.0,12.314484
2024-07-31,31.5,-25.0,13.951233
2024-08-01,31.5,-25.0,10.4722595
2024-08-02,31.5,-25.0,12.778015
2024-08-03,31.5,-25.0,13.544647
2024-08-04,31.5,-25.0,14.867279
2024-08-05,31.5,-25.0,15.876129
2024-08-06,31.5,-25.0,14.846558
2024-08-07,31.5,-25.0,12.526947
2024-08-08,31.5,-25.0,11.042877
2024-08-09,31.5,-25.0,15.669189
2024-08-10,31.5,-25.0,13.627319
2024-08-11,31.5,-25.0,16.415375
2024-08-12,31.5,-25.0,14.257538
2024-08-13,31.5,-25.0,15.876343
2024-08-14,31.5,-25.0,15.126129
2024-08-15,31.5,-25.0,15.416534
2024-08-16,31.5,-25.0,12.519989
2024-08-17,31.5,-25.0,12.426636
2024-08-18,31.5,-25.0,13.864105
2024-08-19,31.5,-25.0,14.446289
2024-08-20,31.5,-25.0,14.745148
2024-08-21,31.5,-25.0,11.721893
2024-08-22,31.5,-25.0,13.083984
2024-08-23,31.5,-25.0,13.527435
2024-08-24,31.5,-25.0,12.005463
2024-08-25,31.5,-25.0,11.2500305
2024-08-26,31.5,-25.0,13.330383
2024-08-27,31.5,-25.0,16.821991
2024-08-28,31.5,-25.0,18.572784
2024-08-29,31.5,-25.0,13.474457
2024-08-30,31.5,-25.0,12.710846
2024-08-31,31.5,-25.0,12.825043
2024-09-01,31.5,-25.0,10.685883
2024-09-02,31.5,-25.0,10.26767
2024-09-03,31.5,-25.0,12.095062
2024-09-04,31.5,-25.0,11.682465
2024-09-05,31.5,-25.0,12.401215
2024-09-06,31.5,-25.0,13.723145
2024-09-07,31.5,-25.0,17.331757
2024-09-08,31.5,-25.0,18.25241
2024-09-09,31.5,-25.0,15.103088
2024-09-10,31.5,-25.0,13.848755
2024-09-11,31.5,-25.0,15.976898
2024-09-12,31.5,-25.0,16.305023
2024-09-13,31.5,-25.0,18.671722
2024-09-14,31.5,-25.0,19.534698
2024-09-15,31.5,-25.0,18.677765
2024-09-16,31.5,-25.0,19.325531
2024-09-17,31.5,-25.0,20.326813
2024-09-18,31.5,-25.0,19.236603
2024-09-19,31.5,-25.0,16.397644
2024-09-20,31.5,-25.0,13.10553
2024-09-21,31.5,-25.0,12.2659
2024-09-22,31.5,-25.0,13.0086975
2024-09-23,31.5,-25.0,12.531616
2024-09-24,31.5,-25.0,10.120361
2024-09-25,31.5,-25.0,16.361298
2024-09-26,31.5,-25.0,18.366302
2024-09-27,31.5,-25.0,16.645477
2024-09-28,31.5,-25.0,16.796997
2024-09-29,31.5,-25.0,22.373138
2024-09-30,31.5,-25.0,17.532257
2024-10-01,31.5,-25.0,13.832184
2024-10-02,31.5,-25.0,12.619324
2024-10-03,31.5,-25.0,14.3350525
2024-10-04,31.5,-25.0,13.710846
2024-10-05,31.5,-25.0,13.240112
2024-10-06,31.5,-25.0,12.338654
2024-10-07,31.5,-25.0,16.521027
2024-10-08,31.5,-25.0,18.230957
2024-10-09,31.5,-25.0,18.586243
2024-10-10,31.5,-25.0,18.171814
2024-10-11,31.5,-25.0,17.550262
2024-10-12,31.5,-25.0,19.351532
2024-10-13,31.5,-25.0,19.129242
2024-10-14,31.5,-25.0,19.543976
2024-10-15,31.5,-25.0,17.124481
2024-10-16,31.5,-25.0,15.199066
2024-10-17,31.5,-25.0,13.918457
2024-10-18,31.5,-25.0,16.77887
2024-10-19,31.5,-25.0,17.507172
2024-10-20,31.5,-25.0,18.624908
2024-10-21,31.5,-25.0,19.109283
2024-10-22,31.5,-25.0,19.483612
2024-10-23,31.5,-25.0,18.459259
2024-10-24,31.5,-25.0,18.558563
2024-10-25,31.5,-25.0,17.4021
2024-10-26,31.5,-25.0,19.342316
2024-10-27,31.5,-25.0,19.247833
2024-10-28,31.5,-25.0,22.097992
2024-10-29,31.5,-25.0,19.72995
2024-10-30,31.5,-25.0,18.784088
2024-10-31,31.5,-25.0,18.231049
2024-11-01,31.5,-25.0,16.582123
2024-11-02,31.5,-25.0,17.43985
2024-11-03,31.5,-25.0,22.368073
2024-11-04,31.5,-25.0,19.790863
2024-11-05,31.5,-25.0,20.087921
2024-11-06,31.5,-25.0,17.189178
2024-11-07,31.5,-25.0,18.032562
2024-11-08,31.5,-25.0,17.808563
2024-11-09,31.5,-25.0,17.344818
2024-11-10,31.5,-25.0,21.641327
2024-11-11,31.5,-25.0,19.29538
2024-11-12,31.5,-25.0,18.472443
2024-11-13,31.5,-25.0,16.821136
2024-11-14,31.5,-25.0,17.257233
2024-11-15,31.5,-25.0,17.460663
2024-11-16,31.5,-25.0,17.451721
2024-11-17,31.5,-25.0,19.398102
2024-11-18,31.5,-25.0,18.5372
2024-11-19,31.5,-25.0,20.404327
2024-11-20,31.5,-25.0,20.798279
2024-11-21,31.5,-25.0,19.873749
2024-11-22,31.5,-25.0,20.139679
2024-11-23,31.5,-25.0,21.701141
2024-11-24,31.5,-25.0,22.086609
2024-11-25,31.5,-25.0,20.869232
2024-11-26,31.5,-25.0,21.176422
2024-11-27,31.5,-25.0,19.403107
2024-11-28,31.5,-25.0,18.693573
2024-11-29,31.5,-25.0,17.292328
2024-11-30,31.5,-25.0,17.947723
2024-12-01,31.5,-25.0,16.665009
2024-12-02,31.5,-25.0,17.544983
2024-12-03,31.5,-25.0,20.795624
2024-12-04,31.5,-25.0,22.927368
2024-12-05,31.5,-25.0,21.75711
2024-12-06,31.5,-25.0,24.058014
2024-12-07,31.5,-25.0,22.036835
2024-12-08,31.5,-25.0,21.660004
2024-12-09,31.5,-25.0,22.798248
2024-12-10,31.5,-25.0,23.005402
2024-12-11,31.5,-25.0,24.444122
2024-12-12,31.5,-25.0,24.4068
2024-12-13,31.5,-25.0,25.00476
2024-12-14,31.5,-25.0,22.251862
2024-12-15,31.5,-25.0,21.70816
2024-12-16,31.5,-25.0,24.762543
2024-12-17,31.5,-25.0,24.062286
2024-12-18,31.5,-25.0,24.999908
2024-12-19,31.5,-25.0,22.051971
2024-12-20,31.5,-25.0,21.351593
2024-12-21,31.5,-25.0,21.673065
2024-12-22,31.5,-25.0,23.17392
2024-12-23,31.5,-25.0,22.74295
2024-12-24,31.5,-25.0,21.035065
2024-12-25,31.5,-25.0,20.46231
2024-12-26,31.5,-25.0,19.554321
2024-12-27,31.5,-25.0,17.850677
2024-12-28,31.5,-25.0,22.708801
2024-12-29,31.5,-25.0,22.079132
2024-12-30,31.5,-25.0,22.71466
2024-12-31,31.5,-25.0,22.992828
